LOCATION Latitude : ,LOCATION Longitude : ,LOCATION Altitude ( m),LOCATION Speed ( Kmh),LOCATION Accuracy ( m),LOCATION ORIENTATION (°),Satellites in range,Time since start in ms ,YYYY-MO-DD HH-MI-SS_SSS,ACCELEROMETER X (m/s²),ACCELEROMETER Y (m/s²),ACCELEROMETER Z (m/s²),GRAVITY X (m/s²),GRAVITY Y (m/s²),GRAVITY Z (m/s²),GYROSCOPE X (rad/s),GYROSCOPE Y (rad/s),GYROSCOPE Z (rad/s),MAGNETIC FIELD X (μT),MAGNETIC FIELD Y (μT),MAGNETIC FIELD Z (μT),ORIENTATION Z (azimuth °),ORIENTATION X (pitch °),ORIENTATION Y (roll °)
52.40680018405555,-1.5197,80.0,0.7376029328805757,4.0,0.0,9,0.0,2026-01-01 00-00-00_000,1.060863358682828,0.3126782265334163,10.08717573294412,0.0,0.0,9.80665,-0.010294585957593656,-0.0102577647427995,-0.00711646797819411,20.0,-3.0,42.0,0.0,-2.0,1.0
52.40680018405555,-1.5197,80.0,0.7376029328805757,4.0,0.0,9,100.0,2026-01-01 00-00-00_000,1.3298708818909715,0.3104627345808877,9.925355461735458,0.0,0.0,9.80665,0.002963962096752257,-0.008737882765891929,-0.0008896778385647725,20.0,-3.0,42.0,0.0,-2.0,1.0
52.40680018405555,-1.5197,80.0,0.7376029328805757,4.0,0.0,9,200.0,2026-01-01 00-00-00_000,1.0051710515444066,0.29693372827931686,9.436160154341707,0.0,0.0,9.80665,-0.016820968252576764,-0.0075031757430313395,0.021940615721827605,20.0,-3.0,42.0,0.0,-2.0,1.0
52.40680018405555,-1.5197,80.0,0.7376029328805757,4.0,0.0,9,300.0,2026-01-01 00-00-00_000,1.8619066755811322,0.05186002211704386,9.922332539903799,0.0,0.0,9.80665,-0.009521037387295794,-0.005647579258115082,-0.0009195725388794788,20.0,-3.0,42.0,0.0,-2.0,1.0
52.40680018405555,-1.5197,80.0,0.7376029328805757,4.0,0.0,9,400.0,2026-01-01 00-00-00_000,1.5211827643287534,-0.24362312444773412,10.142960281876405,0.0,0.0,9.80665,-0.006901719803111795,-0.005982521379617268,0.02764096791276589,20.0,-3.0,42.0,0.0,-2.0,1.0
52.40680018405555,-1.5197,80.0,0.7376029328805757,4.0,0.0,9,500.0,2026-01-01 00-00-00_000,1.9533781747854349,-0.42495167702224473,9.529536586235755,0.0,0.0,9.80665,0.00029731705034592476,0.0014619014610961737,0.003931408478281696,20.0,-3.0,42.0,0.0,-2.0,1.0
52.40680018405555,-1.5197,80.0,0.7376029328805757,4.0,0.0,9,600.0,2026-01-01 00-00-00_000,2.120210197241003,-0.4365878342593696,9.586275458625135,0.0,0.0,9.80665,-0.014060729930653722,0.011813200682485465,-0.01700013675314388,20.0,-3.0,42.0,0.1098775503338158,-2.0,1.0
52.40680018405555,-1.5197,80.0,0.7376029328805757,4.0,0.0,9,700.0,2026-01-01 00-00-00_000,1.6133839779240327,-0.324368116320207,10.20609273767181,0.0,0.0,9.80665,0.010203123784204562,-0.012086266897164083,-0.007563438095107957,20.0,-3.0,42.0,0.2380317695937378,-2.0,1.0
52.40680018405555,-1.5197,80.0,0.7376029328805757,4.0,0.0,9,800.0,2026-01-01 00-00-00_000,2.3085531906625634,-0.058774953653904366,9.622973824963182,0.0,0.0,9.80665,-0.003578494419213957,-0.014460987577110854,-0.023612851328031453,20.0,-3.0,42.0,0.38444593291774043,-2.0,1.0
52.40680018405555,-1.5197,80.0,0.7376029328805757,4.0,0.0,9,900.0,2026-01-01 00-00-00_000,1.6842463017877647,0.18277249090368358,9.514542576300592,0.0,0.0,9.80665,-0.0031134039417156072,-0.01749875119610836,-0.021675219238610585,20.0,-3.0,42.0,0.5491009324161706,-2.0,1.0
52.40680947219756,-1.519699915699596,80.0,6.697232574055946,4.0,0.7319752796654372,9,1000.0,2026-01-01 00-00-00_000,1.8274987205689888,0.33323094012707555,10.0519566718094,0.0,0.0,9.80665,-0.004131798436670114,0.01197764800789861,-0.036491784982888374,20.0,-3.0,42.0,0.7319752796654372,-2.0,1.0
52.40680947219756,-1.519699915699596,80.0,6.697232574055946,4.0,0.7319752796654372,9,1100.0,2026-01-01 00-00-00_000,2.0566780575219417,0.45799590994567874,9.93456105571869,0.0,0.0,9.80665,-0.0072099953312399195,0.014196672055272141,-0.04134618257842821,20.0,-3.0,42.0,0.9330451085123739,-2.0,1.0
52.40680947219756,-1.519699915699596,80.0,6.697232574055946,4.0,0.7319752796654372,9,1200.0,2026-01-01 00-00-00_000,1.5068287349384706,0.35934721223667304,9.431590458632108,0.0,0.0,9.80665,-0.010252519466626909,-0.014417456322423484,-0.040359496641514205,20.0,-3.0,42.0,1.1522841781889093,-2.0,1.0
52.40680947219756,-1.519699915699596,80.0,6.697232574055946,4.0,0.7319752796654372,9,1300.0,2026-01-01 00-00-00_000,2.1798962929381784,0.1325948211733287,9.907677278208546,0.0,0.0,9.80665,0.010753226316564526,-0.015382745663176734,-0.035643485343924974,20.0,-3.0,42.0,1.3896638767366374,-2.0,1.0
52.40680947219756,-1.519699915699596,80.0,6.697232574055946,4.0,0.7319752796654372,9,1400.0,2026-01-01 00-00-00_000,1.5361253721379242,-0.07806517009499624,10.212364044086643,0.0,0.0,9.80665,0.001417798795890511,0.0022333442155888033,-0.046082536429761504,20.0,-3.0,42.0,1.645153224740844,-2.0,1.0
52.40680947219756,-1.519699915699596,80.0,6.697232574055946,4.0,0.7319752796654372,9,1500.0,2026-01-01 00-00-00_000,1.7142591726928258,-0.18301939487324986,9.558385075572595,0.0,0.0,9.80665,-0.0016796709188433854,0.011860129865721379,-0.05989522760632571,20.0,-3.0,42.0,1.9187188793734966,-2.0,1.0
52.40680947219756,-1.519699915699596,80.0,6.697232574055946,4.0,0.7319752796654372,9,1600.0,2026-01-01 00-00-00_000,1.9540534173932576,-0.1439208628618991,9.716475196118951,0.0,0.0,9.80665,0.009219284607220251,0.011081147655475703,-0.043023670890024054,20.0,-3.0,42.0,2.2103251387446763,-2.0,1.0
52.40680947219756,-1.519699915699596,80.0,6.697232574055946,4.0,0.7319752796654372,9,1700.0,2026-01-01 00-00-00_000,1.3388761696569635,-0.11848675025970812,10.221363998914235,0.0,0.0,9.80665,-0.0076323593914135535,0.0028697829581641066,-0.05142378279310502,20.0,-3.0,42.0,2.5199339465618786,-2.0,1.0
52.40680947219756,-1.519699915699596,80.0,6.697232574055946,4.0,0.7319752796654372,9,1800.0,2026-01-01 00-00-00_000,2.0677897282548052,0.13387397682876787,9.745485944496743,0.0,0.0,9.80665,0.005593024117966462,0.007755849379021032,-0.05549947777201755,20.0,-3.0,42.0,2.8475048970965795,-2.0,1.0
52.40680947219756,-1.519699915699596,80.0,6.697232574055946,4.0,0.7319752796654372,9,1900.0,2026-01-01 00-00-00_000,1.5238327204518674,0.41641500226438133,9.475094014450152,0.0,0.0,9.80665,-0.0004080054339206172,0.004208760499333766,-0.061363452295281146,20.0,-3.0,42.0,3.192995240457414,-2.0,1.0
52.406834937668656,-1.5196982513385908,80.0,12.974573219107151,4.0,3.556359888169283,9,2000.0,2026-01-01 00-00-00_000,1.6961935463518996,0.5031410402754781,10.107246046273525,0.0,0.0,9.80665,-0.009411214718810066,-0.004606388163410703,-0.07793285880968841,20.0,-3.0,42.0,3.556359888169283,-2.0,1.0
52.406834937668656,-1.5196982513385908,80.0,12.974573219107151,4.0,3.556359888169283,9,2100.0,2026-01-01 00-00-00_000,1.8224989531639957,0.5548334321260969,9.965127990845055,0.0,0.0,9.80665,0.006852058562155704,0.020024902829582598,-0.04951765661230657,20.0,-3.0,42.0,3.93755141905766,-2.0,1.0
52.406834937668656,-1.5196982513385908,80.0,12.974573219107151,4.0,3.556359888169283,9,2200.0,2026-01-01 00-00-00_000,1.3408057919224785,0.5606605586918367,9.394594090645061,0.0,0.0,9.80665,-0.015394812060668872,0.0009270361248396511,-0.06960430434201641,20.0,-3.0,42.0,4.336520085437324,-2.0,1.0
52.406834937668656,-1.5196982513385908,80.0,12.974573219107151,4.0,3.556359888169283,9,2300.0,2026-01-01 00-00-00_000,1.935802851132236,0.3568784988938038,9.804867200287083,0.0,0.0,9.80665,0.0057637085228093915,-0.010182289527769527,-0.06442837589798747,20.0,-3.0,42.0,4.753213819604718,-2.0,1.0
52.406834937668656,-1.5196982513385908,80.0,12.974573219107151,4.0,3.556359888169283,9,2400.0,2026-01-01 00-00-00_000,1.3668812455524828,0.1196822359156987,10.207273621863905,0.0,0.0,9.80665,-0.009386642080095254,-0.0037393857774937647,-0.06040636094937178,20.0,-3.0,42.0,5.187578240633091,-2.0,1.0
52.406834937668656,-1.5196982513385908,80.0,12.974573219107151,4.0,3.556359888169283,9,2500.0,2026-01-01 00-00-00_000,1.6213237762454678,-0.02720497576385812,9.533988579582765,0.0,0.0,9.80665,0.003360056844644671,-0.014480067274178204,-0.06564213098995332,20.0,-3.0,42.0,5.639556661469508,-2.0,1.0
52.406834937668656,-1.5196982513385908,80.0,12.974573219107151,4.0,3.556359888169283,9,2600.0,2026-01-01 00-00-00_000,1.7713979463587513,0.05587423697705267,9.656960963386078,0.0,0.0,9.80665,0.012934014992017105,0.0011092433745000284,-0.07631160248327212,20.0,-3.0,42.0,6.10909009633285,-2.0,1.0
52.406834937668656,-1.5196982513385908,80.0,12.974573219107151,4.0,3.556359888169283,9,2700.0,2026-01-01 00-00-00_000,1.1839493821336957,0.1273227401370983,10.186490997476403,0.0,0.0,9.80665,0.004911367995781299,0.011908277743959401,-0.08094946697250721,20.0,-3.0,42.0,6.596117268411788,-2.0,1.0
52.406834937668656,-1.5196982513385908,80.0,12.974573219107151,4.0,3.556359888169283,9,2800.0,2026-01-01 00-00-00_000,1.8701382127590591,0.28396991646199243,9.748235737102261,0.0,0.0,9.80665,-0.006630096347408039,-0.011710460990601745,-0.08155162880224903,20.0,-3.0,42.0,7.1005746178617635,-2.0,1.0
52.406834937668656,-1.5196982513385908,80.0,12.974573219107151,4.0,3.556359888169283,9,2900.0,2026-01-01 00-00-00_000,1.2735148567138692,0.6505530393063329,9.541531552135496,0.0,0.0,9.80665,-0.0009851610163949963,0.012217649203466388,-0.07964982345157795,20.0,-3.0,42.0,7.62239631009991,-2.0,1.0
52.40687482228831,-1.5196912910213691,80.0,18.51430689483323,4.0,8.161514244396848,9,3000.0,2026-01-01 00-00-00_000,1.4924725622391755,0.8150716806512487,10.08388914812658,0.0,0.0,9.80665,-0.004332633146849322,0.0218820635797707,-0.08535994793854519,20.0,-3.0,42.0,8.161514244396848,-2.0,1.0
52.40687482228831,-1.5196912910213691,80.0,18.51430689483323,4.0,8.161514244396848,9,3100.0,2026-01-01 00-00-00_000,1.7444976199871733,0.8462401232370995,10.004106907194277,0.0,0.0,9.80665,-0.012274710524720536,0.00473022927070518,-0.096788680265135,20.0,-3.0,42.0,8.717858062764224,-2.0,1.0
52.40687482228831,-1.5196912910213691,80.0,18.51430689483323,4.0,8.161514244396848,9,3200.0,2026-01-01 00-00-00_000,1.0437153712234535,0.7905888786499626,9.376360274400945,0.0,0.0,9.80665,-0.01162990064737016,-0.010636052683575708,-0.0924171118097506,20.0,-3.0,42.0,9.291355159136819,-2.0,1.0
52.40687482228831,-1.5196912910213691,80.0,18.51430689483323,4.0,8.161514244396848,9,3300.0,2026-01-01 00-00-00_000,1.6884914559559094,0.5860887043348337,9.859491809115925,0.0,0.0,9.80665,-0.00030434155805126695,-0.007588218955508351,-0.09599102006474095,20.0,-3.0,42.0,9.881930688848072,-2.0,1.0
52.40687482228831,-1.5196912910213691,80.0,18.51430689483323,4.0,8.161514244396848,9,3400.0,2026-01-01 00-00-00_000,1.2152668610376502,0.520268955311415,10.102836713928935,0.0,0.0,9.80665,0.0045505417890668014,-0.0024013092151710415,-0.09635454899227439,20.0,-3.0,42.0,10.489507578397738,-2.0,1.0
52.40687482228831,-1.5196912910213691,80.0,18.51430689483323,4.0,8.161514244396848,9,3500.0,2026-01-01 00-00-00_000,1.3749538427303905,0.2893988389050727,9.57706803885835,0.0,0.0,9.80665,-0.01812872605929676,-0.011876301109420912,-0.10332862355575355,20.0,-3.0,42.0,11.114006535510407,-2.0,1.0
52.40687482228831,-1.5196912910213691,80.0,18.51430689483323,4.0,8.161514244396848,9,3600.0,2026-01-01 00-00-00_000,1.5966295771662034,0.265647268095436,9.713485358270752,0.0,0.0,9.80665,-0.0014703090863461086,-0.011557838117638927,-0.09670273795725613,20.0,-3.0,42.0,11.755346059483625,-2.0,1.0
52.40687482228831,-1.5196912910213691,80.0,18.51430689483323,4.0,8.161514244396848,9,3700.0,2026-01-01 00-00-00_000,1.048887786321731,0.3603148527164358,10.188570453799933,0.0,0.0,9.80665,0.004220889425706441,-0.0016509928216901005,-0.10922098291457677,20.0,-3.0,42.0,12.413442451824183,-2.0,1.0
52.40687482228831,-1.5196912910213691,80.0,18.51430689483323,4.0,8.161514244396848,9,3800.0,2026-01-01 00-00-00_000,1.7077150703354387,0.5951016281224506,9.76180376553788,0.0,0.0,9.80665,0.0003013692349220207,-0.0008574054449902236,-0.1064878932344538,20.0,-3.0,42.0,13.088209827171262,-2.0,1.0
52.40687482228831,-1.5196912910213691,80.0,18.51430689483323,4.0,8.161514244396848,9,3900.0,2026-01-01 00-00-00_000,1.080906502644028,0.9546393243576742,9.518514422630703,0.0,0.0,9.80665,-0.010658002410872579,0.007005681720769505,-0.1163185420932911,20.0,-3.0,42.0,13.77956012450497,-2.0,1.0
52.40692674243882,-1.5196737857832894,80.0,23.40310470480507,4.0,14.487403118638795,9,4000.0,2026-01-01 00-00-00_000,1.3283907226152887,1.0713184810435235,10.09495213451837,0.0,0.0,9.80665,0.009394896960185355,-0.011054385216287117,-0.12427057308760127,20.0,-3.0,42.0,14.487403118638795,-2.0,1.0
52.40692674243882,-1.5196737857832894,80.0,23.40310470480507,4.0,14.487403118638795,9,4100.0,2026-01-01 00-00-00_000,1.4243583651928506,1.1143777744380465,9.99307977944465,0.0,0.0,9.80665,-0.012771067176621045,0.01967794166603592,-0.13018450799685077,20.0,-3.0,42.0,15.211646431994536,-2.0,1.0
52.40692674243882,-1.5196737857832894,80.0,23.40310470480507,4.0,14.487403118638795,9,4200.0,2026-01-01 00-00-00_000,0.8362685865365284,1.1450386573249338,9.373465656500576,0.0,0.0,9.80665,0.005566520161010619,0.011566963523139646,-0.12656817146431115,20.0,-3.0,42.0,15.952195546658071,-2.0,1.0
52.40692674243882,-1.5196737857832894,80.0,23.40310470480507,4.0,14.487403118638795,9,4300.0,2026-01-01 00-00-00_000,1.6645883912693513,0.8933025895327731,9.943437743712982,0.0,0.0,9.80665,0.014937060534754153,0.009858515208478053,-0.12369185188081724,20.0,-3.0,42.0,16.708953816714526,-2.0,1.0
52.40692674243882,-1.5196737857832894,80.0,23.40310470480507,4.0,14.487403118638795,9,4400.0,2026-01-01 00-00-00_000,1.052136454146267,0.6700637501269088,10.206880310477482,0.0,0.0,9.80665,-0.020904512868249858,-0.005564571284925767,-0.12049560444371453,20.0,-3.0,42.0,17.481822480861105,-2.0,1.0
52.40692674243882,-1.5196737857832894,80.0,23.40310470480507,4.0,14.487403118638795,9,4500.0,2026-01-01 00-00-00_000,1.318766931077032,0.6191219181137586,9.53872156067914,0.0,0.0,9.80665,0.0016989114059833158,0.01835142838625761,-0.13443254120210835,20.0,-3.0,42.0,18.270700675295995,-2.0,1.0
52.40692674243882,-1.5196737857832894,80.0,23.40310470480507,4.0,14.487403118638795,9,4600.0,2026-01-01 00-00-00_000,1.4399680447188408,0.5746802464519998,9.733291548502613,0.0,0.0,9.80665,0.002244344722497152,-0.002482338072865063,-0.14073988277648963,20.0,-3.0,42.0,19.075485446881704,-2.0,1.0
52.40692674243882,-1.5196737857832894,80.0,23.40310470480507,4.0,14.487403118638795,9,4700.0,2026-01-01 00-00-00_000,0.8402156738503452,0.7609469167327747,10.152864699570573,0.0,0.0,9.80665,0.0013788351318304122,0.019114937665732207,-0.1434021882192781,20.0,-3.0,42.0,19.896071766581002,-2.0,1.0
52.40692674243882,-1.5196737857832894,80.0,23.40310470480507,4.0,14.487403118638795,9,4800.0,2026-01-01 00-00-00_000,1.5210469900817434,0.9392660318090793,9.811665276189878,0.0,0.0,9.80665,-0.00840162572458355,0.01166775311608727,-0.13137453656604142,20.0,-3.0,42.0,20.732352543163834,-2.0,1.0
52.40692674243882,-1.5196737857832894,80.0,23.40310470480507,4.0,14.487403118638795,9,4900.0,2026-01-01 00-00-00_000,0.9644079158810539,1.313283833648411,9.509543356846095,0.0,0.0,9.80665,-0.003926679025935328,-0.008022938245273446,-0.14381819912618404,20.0,-3.0,42.0,21.584218637183344,-2.0,1.0
52.40698766889779,-1.519639696161195,80.0,27.71745362946757,4.0,22.451558875219185,9,5000.0,2026-01-01 00-00-00_000,1.139397538664707,1.4469212146152184,10.072871073187114,0.0,0.0,9.80665,-0.014601942862395035,-0.0035945184081354084,-0.15149762350482043,20.0,-3.0,42.0,22.451558875219185,-2.0,1.0
52.40698766889779,-1.519639696161195,80.0,27.71745362946757,4.0,22.451558875219185,9,5100.0,2026-01-01 00-00-00_000,1.376696892449719,1.5178144770238,9.95994170368812,0.0,0.0,9.80665,0.00042718485480725655,0.01967055375854906,-0.14399423106139342,20.0,-3.0,42.0,23.334260064386292,-2.0,1.0
52.40698766889779,-1.519639696161195,80.0,27.71745362946757,4.0,22.451558875219185,9,5200.0,2026-01-01 00-00-00_000,0.7276592860227971,1.4310517800072327,9.543473357709292,0.0,0.0,9.80665,0.004402876397323771,0.010971635114644917,-0.16357269647805747,20.0,-3.0,42.0,24.232207007107224,-2.0,1.0
52.40698766889779,-1.519639696161195,80.0,27.71745362946757,4.0,22.451558875219185,9,5300.0,2026-01-01 00-00-00_000,1.4488958810594688,1.2544286672594307,9.921354506124615,0.0,0.0,9.80665,-0.007423587559247352,-0.0006029580794003154,-0.154413640736974,20.0,-3.0,42.0,25.145282516146082,-2.0,1.0
52.40698766889779,-1.519639696161195,80.0,27.71745362946757,4.0,22.451558875219185,9,5400.0,2026-01-01 00-00-00_000,0.973451027395497,1.0484459870165415,10.133996780586992,0.0,0.0,9.80665,-0.009985387258034904,0.002993714136204053,-0.15834177020839243,20.0,-3.0,42.0,26.073367429902135,-2.0,1.0
52.40698766889779,-1.519639696161195,80.0,27.71745362946757,4.0,22.451558875219185,9,5500.0,2026-01-01 00-00-00_000,1.0743476510239607,0.9111062346647344,9.589163709750645,0.0,0.0,9.80665,-0.005540892712812246,0.002938957274187393,-0.16169011809300712,20.0,-3.0,42.0,27.016340627961082,-2.0,1.0
52.40698766889779,-1.519639696161195,80.0,27.71745362946757,4.0,22.451558875219185,9,5600.0,2026-01-01 00-00-00_000,1.3078060947274326,1.0060777291791365,9.640746636892494,0.0,0.0,9.80665,-0.000982192456147032,-0.0067813014059322765,-0.1726361610600717,20.0,-3.0,42.0,27.97407904690198,-2.0,1.0
52.40698766889779,-1.519639696161195,80.0,27.71745362946757,4.0,22.451558875219185,9,5700.0,2026-01-01 00-00-00_000,0.7528428520500319,1.1177533094392593,10.185384359305889,0.0,0.0,9.80665,-0.00030750891871368115,-0.0010506856558084989,-0.15766309843713827,20.0,-3.0,42.0,28.946457696357694,-2.0,1.0
52.40698766889779,-1.519639696161195,80.0,27.71745362946757,4.0,22.451558875219185,9,5800.0,2026-01-01 00-00-00_000,1.3613860081203757,1.3255259450699683,9.815588403269155,0.0,0.0,9.80665,-0.0019312006011965865,-0.005651625229352793,-0.154445271693255,20.0,-3.0,42.0,29.933349675326916,-2.0,1.0
52.40698766889779,-1.519639696161195,80.0,27.71745362946757,4.0,22.451558875219185,9,5900.0,2026-01-01 00-00-00_000,0.8128893109616666,1.6645425669692815,9.507187605262065,0.0,0.0,9.80665,-0.00024091660120607126,-0.0033371087164695396,-0.18162892896002375,20.0,-3.0,42.0,30.934626188735386,-2.0,1.0
52.40705357121186,-1.519583090867319,80.0,31.524853192151404,4.0,31.9501565642445,9,6000.0,2026-01-01 00-00-00_000,1.0198556384364583,1.8244470425399493,10.132386755284541,0.0,0.0,9.80665,-0.013790912585309343,0.005623136947347829,-0.17226530047487032,20.0,-3.0,42.0,31.9501565642445,-2.0,1.0
52.40705357121186,-1.519583090867319,80.0,31.524853192151404,4.0,31.9501565642445,9,6100.0,2026-01-01 00-00-00_000,1.2306430153943835,1.9170427525186604,9.976048867344966,0.0,0.0,9.80665,-0.02772999949888975,-0.008629927611638995,-0.1704208866167844,20.0,-3.0,42.0,32.9798082693047,-2.0,1.0
52.40705357121186,-1.519583090867319,80.0,31.524853192151404,4.0,31.9501565642445,9,6200.0,2026-01-01 00-00-00_000,0.7264727683159447,1.894734805387078,9.47990049365567,0.0,0.0,9.80665,0.005130388941859135,0.008223853206504893,-0.15962938480233352,20.0,-3.0,42.0,34.0234469284518,-2.0,1.0
52.40705357121186,-1.519583090867319,80.0,31.524853192151404,4.0,31.9501565642445,9,6300.0,2026-01-01 00-00-00_000,1.32694003097959,1.6284606082806639,9.951964686082594,0.0,0.0,9.80665,0.01302941491129484,0.002052593918702346,-0.18398896238150217,20.0,-3.0,42.0,35.0809363408437,-2.0,1.0
52.40705357121186,-1.519583090867319,80.0,31.524853192151404,4.0,31.9501565642445,9,6400.0,2026-01-01 00-00-00_000,0.8256526626367154,1.5054823057461513,10.17151706507973,0.0,0.0,9.80665,-0.014843793937045385,0.008587679146066049,-0.1907474606679316,20.0,-3.0,42.0,36.15213849803546,-2.0,1.0
52.40705357121186,-1.519583090867319,80.0,31.524853192151404,4.0,31.9501565642445,9,6500.0,2026-01-01 00-00-00_000,1.0208274998511964,1.4328680085445697,9.598486547950072,0.0,0.0,9.80665,-0.00747404521816146,0.009856503419580291,-0.1853705949453468,20.0,-3.0,42.0,37.236913601990125,-2.0,1.0
52.40705357121186,-1.519583090867319,80.0,31.524853192151404,4.0,31.9501565642445,9,6600.0,2026-01-01 00-00-00_000,1.1635452507759045,1.471025028738701,9.61603255760053,0.0,0.0,9.80665,0.002004634376738746,0.013432839023066117,-0.17115634733492444,20.0,-3.0,42.0,38.33512008332317,-2.0,1.0
52.40705357121186,-1.519583090867319,80.0,31.524853192151404,4.0,31.9501565642445,9,6700.0,2026-01-01 00-00-00_000,0.652061249972063,1.5626446960770377,10.236210475406953,0.0,0.0,9.80665,0.00841215220940207,0.0072442270180149105,-0.18942650868333727,20.0,-3.0,42.0,39.446614619778174,-2.0,1.0
52.40705357121186,-1.519583090867319,80.0,31.524853192151404,4.0,31.9501565642445,9,6800.0,2026-01-01 00-00-00_000,1.3911255982928652,1.854084351167729,9.691552965144641,0.0,0.0,9.80665,0.0054154111881744085,0.008034808820908389,-0.19011854024889618,20.0,-3.0,42.0,40.57125215493114,-2.0,1.0
52.40705357121186,-1.519583090867319,80.0,31.524853192151404,4.0,31.9501565642445,9,6900.0,2026-01-01 00-00-00_000,0.6356730938979144,2.0844788840400628,9.45812650620664,0.0,0.0,9.80665,0.011590681661735085,-0.0008494205972287247,-0.1799959387795096,20.0,-3.0,42.0,41.70888591712123,-2.0,1.0
52.40711922490131,-1.519499220700208,80.0,34.88487151312184,4.0,42.859367438605304,9,7000.0,2026-01-01 00-00-00_000,0.9246222880959785,2.2854979464962963,10.018692758153014,0.0,0.0,9.80665,-0.0014833362829556262,0.006653041854834472,-0.21432047683872246,20.0,-3.0,42.0,42.859367438605304,-2.0,1.0
52.40711922490131,-1.519499220700208,80.0,34.88487151312184,4.0,42.859367438605304,9,7100.0,2026-01-01 00-00-00_000,1.025016334112321,2.3310845849544126,9.977157083965865,0.0,0.0,9.80665,0.0031068541216682476,-0.008066918569815,-0.21679116647008223,20.0,-3.0,42.0,44.02254657493379,-2.0,1.0
52.40711922490131,-1.519499220700208,80.0,34.88487151312184,4.0,42.859367438605304,9,7200.0,2026-01-01 00-00-00_000,0.5415674586721457,2.2558284361464085,9.41774469990091,0.0,0.0,9.80665,0.0030789537227467246,-0.0015134459292573893,-0.19376213156725766,20.0,-3.0,42.0,45.19827152454545,-2.0,1.0
52.40711922490131,-1.519499220700208,80.0,34.88487151312184,4.0,42.859367438605304,9,7300.0,2026-01-01 00-00-00_000,1.16706765907435,2.0819579184490538,9.855902754943404,0.0,0.0,9.80665,-0.005196581886259074,0.008454392376656482,-0.19701327013449704,20.0,-3.0,42.0,46.386388848578264,-2.0,1.0
52.40711922490131,-1.519499220700208,80.0,34.88487151312184,4.0,42.859367438605304,9,7400.0,2026-01-01 00-00-00_000,0.5841759784354308,1.9299259135793738,10.141352941578463,0.0,0.0,9.80665,0.010826566251012975,0.00043113500278903937,-0.21687710311348093,20.0,-3.0,42.0,47.586743490894186,-2.0,1.0
52.40711922490131,-1.519499220700208,80.0,34.88487151312184,4.0,42.859367438605304,9,7500.0,2026-01-01 00-00-00_000,0.8924801315668593,1.7332159425041842,9.519514434695886,0.0,0.0,9.80665,0.005150357814395437,0.005418736841732989,-0.20336566120398825,20.0,-3.0,42.0,48.79917879831479,-2.0,1.0
52.40711922490131,-1.519499220700208,80.0,34.88487151312184,4.0,42.859367438605304,9,7600.0,2026-01-01 00-00-00_000,1.0281338329946204,1.7414211208107082,9.688132606402252,0.0,0.0,9.80665,0.00862942205749595,-0.009630793216772068,-0.20935535282989928,20.0,-3.0,42.0,50.02353654106546,-2.0,1.0
52.40711922490131,-1.519499220700208,80.0,34.88487151312184,4.0,42.859367438605304,9,7700.0,2026-01-01 00-00-00_000,0.4629307970771329,1.9451922432308062,10.209517316001643,0.0,0.0,9.80665,-0.004791571660124023,0.01465400698152959,-0.20996381225405822,20.0,-3.0,42.0,51.259656933425234,-2.0,1.0
52.40711922490131,-1.519499220700208,80.0,34.88487151312184,4.0,42.859367438605304,9,7800.0,2026-01-01 00-00-00_000,1.2928655421284072,2.098488444467985,9.793206929395895,0.0,0.0,9.80665,0.00913416113638797,-0.004827727369231951,-0.2203691305120824,20.0,-3.0,42.0,52.50737865457979,-2.0,1.0
52.40711922490131,-1.519499220700208,80.0,34.88487151312184,4.0,42.859367438605304,9,7900.0,2026-01-01 00-00-00_000,0.6113759675717053,2.4298866355308615,9.436383935905129,0.0,0.0,9.80665,-0.011301661425640123,0.004914419186709985,-0.2194844904824575,20.0,-3.0,42.0,53.76653886967473,-2.0,1.0
52.4071782912909,-1.5193856959016552,80.0,37.850077274005734,4.0,55.036973251066506,9,8000.0,2026-01-01 00-00-00_000,0.7992716522953344,2.66617779517813,10.096758707111404,0.0,0.0,9.80665,0.002884745232951227,0.0007227406829265872,-0.22492849836274467,20.0,-3.0,42.0,55.036973251066506,-2.0,1.0
52.4071782912909,-1.5193856959016552,80.0,37.850077274005734,4.0,55.036973251066506,9,8100.0,2026-01-01 00-00-00_000,1.0328858655007191,2.6875095307935006,10.032666276834547,0.0,0.0,9.80665,-0.02659131864492341,0.010296328455315838,-0.2192545782220822,20.0,-3.0,42.0,56.318515999768024,-2.0,1.0
52.4071782912909,-1.5193856959016552,80.0,37.850077274005734,4.0,55.036973251066506,9,8200.0,2026-01-01 00-00-00_000,0.4523648907383279,2.5260946247478797,9.426166852745537,0.0,0.0,9.80665,-0.010869487732891129,-0.00288203107202059,-0.22347894906454555,20.0,-3.0,42.0,57.610999867086456,-2.0,1.0
52.4071782912909,-1.5193856959016552,80.0,37.850077274005734,4.0,55.036973251066506,9,8300.0,2026-01-01 00-00-00_000,1.0451308819425629,2.308090941276916,9.877982422007221,0.0,0.0,9.80665,0.006238279558375855,-0.009070272384175375,-0.2096605292924238,20.0,-3.0,42.0,58.91425617645014,-2.0,1.0
52.4071782912909,-1.5193856959016552,80.0,37.850077274005734,4.0,55.036973251066506,9,8400.0,2026-01-01 00-00-00_000,0.6350883001542975,2.285400959223141,10.085795587629299,0.0,0.0,9.80665,-0.005396450965048303,-0.018067109229177508,-0.22016131142151585,20.0,-3.0,42.0,60.22811484542178,-2.0,1.0
52.4071782912909,-1.5193856959016552,80.0,37.850077274005734,4.0,55.036973251066506,9,8500.0,2026-01-01 00-00-00_000,0.7283956013697134,2.215519668854091,9.560298705457665,0.0,0.0,9.80665,0.000715949171833287,-0.0021211319483572383,-0.24004392734597085,20.0,-3.0,42.0,61.55240440789529,-2.0,1.0
52.4071782912909,-1.5193856959016552,80.0,37.850077274005734,4.0,55.036973251066506,9,8600.0,2026-01-01 00-00-00_000,0.9849643502470394,2.157169863641261,9.680282223592592,0.0,0.0,9.80665,-0.016873916960622265,-0.011016357792620094,-0.22551336191989813,20.0,-3.0,42.0,62.88695203647296,-2.0,1.0
52.4071782912909,-1.5193856959016552,80.0,37.850077274005734,4.0,55.036973251066506,9,8700.0,2026-01-01 00-00-00_000,0.44801480237939517,2.3267665545437244,10.203314754731961,0.0,0.0,9.80665,0.014171677433289405,0.00630827184737963,-0.21893534875075113,20.0,-3.0,42.0,64.23158356502059,-2.0,1.0
52.4071782912909,-1.5193856959016552,80.0,37.850077274005734,4.0,55.036973251066506,9,8800.0,2026-01-01 00-00-00_000,1.0463009153313036,2.5629721091934194,9.714599456604555,0.0,0.0,9.80665,0.004849483894961569,0.015397660038478736,-0.23010341852228644,20.0,-3.0,42.0,65.58612351139703,-2.0,1.0
52.4071782912909,-1.5193856959016552,80.0,37.850077274005734,4.0,55.036973251066506,9,8900.0,2026-01-01 00-00-00_000,0.5785367812424058,2.733745747065043,9.501996078186663,0.0,0.0,9.80665,-0.0012445125127948694,-0.02135391452205083,-0.2252016606934991,20.0,-3.0,42.0,66.9503951003557,-2.0,1.0
52.40722374341009,-1.5192435844415453,80.0,40.466862173511764,4.0,68.32422028661473,9,9000.0,2026-01-01 00-00-00_000,0.7310504756489689,2.9268009749844266,10.186981207905069,0.0,0.0,9.80665,0.003079409950377264,-0.011976756757109207,-0.23605907456824424,20.0,-3.0,42.0,68.32422028661473,-2.0,1.0
52.40722374341009,-1.5192435844415453,80.0,40.466862173511764,4.0,68.32422028661473,9,9100.0,2026-01-01 00-00-00_000,1.012119250104568,3.040072294293819,10.013523847763416,0.0,0.0,9.80665,0.002218308495805308,0.004046624912909257,-0.23163463168959691,20.0,-3.0,42.0,69.70741977809293,-2.0,1.0
52.40722374341009,-1.5192435844415453,80.0,40.466862173511764,4.0,68.32422028661473,9,9200.0,2026-01-01 00-00-00_000,0.3837527839081533,2.8637218687302717,9.473290381083144,0.0,0.0,9.80665,0.012864222702365513,0.013323820726919532,-0.24668984199271207,20.0,-3.0,42.0,71.09981305930833,-2.0,1.0
52.40722374341009,-1.5192435844415453,80.0,40.466862173511764,4.0,68.32422028661473,9,9300.0,2026-01-01 00-00-00_000,1.0529848192285112,2.8300758703620574,9.850644443504443,0.0,0.0,9.80665,0.0011046403017830407,0.004012787543357641,-0.23414082477371403,20.0,-3.0,42.0,72.50121841493666,-2.0,1.0
52.40722374341009,-1.5192435844415453,80.0,40.466862173511764,4.0,68.32422028661473,9,9400.0,2026-01-01 00-00-00_000,0.46851144087795626,2.6262431325395696,10.203827583860182,0.0,0.0,9.80665,-0.015401215844679189,0.00419791350994624,-0.2534422311727631,20.0,-3.0,42.0,73.91145295352614,-2.0,1.0
52.40722374341009,-1.5192435844415453,80.0,40.466862173511764,4.0,68.32422028661473,9,9500.0,2026-01-01 00-00-00_000,0.7067941028554214,2.5075744512401523,9.628865874183258,0.0,0.0,9.80665,-0.003497978485276708,0.006020811190693127,-0.23304161579887672,20.0,-3.0,42.0,75.33033263136582,-2.0,1.0
52.40722374341009,-1.5192435844415453,80.0,40.466862173511764,4.0,68.32422028661473,9,9600.0,2026-01-01 00-00-00_000,0.8705044789161357,2.485881703057482,9.587524459947838,0.0,0.0,9.80665,0.011568107015497963,0.006715984150502274,-0.25753310216073416,20.0,-3.0,42.0,76.75767227650444,-2.0,1.0
52.40722374341009,-1.5192435844415453,80.0,40.466862173511764,4.0,68.32422028661473,9,9700.0,2026-01-01 00-00-00_000,0.4029494601031828,2.689408978163598,10.238371921956318,0.0,0.0,9.80665,0.0045761825428713,0.017431533575071025,-0.2639149057440157,20.0,-3.0,42.0,78.19328561291641,-2.0,1.0
52.40722374341009,-1.5192435844415453,80.0,40.466862173511764,4.0,68.32422028661473,9,9800.0,2026-01-01 00-00-00_000,1.0496730557744833,2.8814208591189083,9.759586257463331,0.0,0.0,9.80665,-0.0051135346925432305,0.007090885179919555,-0.2436225205699926,20.0,-3.0,42.0,79.63698528481187,-2.0,1.0
52.40722374341009,-1.5192435844415453,80.0,40.466862173511764,4.0,68.32422028661473,9,9900.0,2026-01-01 00-00-00_000,0.4300492742113838,3.1219581417741558,9.511592307586149,0.0,0.0,9.80665,0.004974015241333633,-0.011497405353958807,-0.2507679961727097,20.0,-3.0,42.0,81.0885828810877,-2.0,1.0
52.407248638563736,-1.5190781642129538,80.0,42.77616674205599,4.0,82.54788895991626,9,10000.0,2026-01-01 00-00-00_000,0.7268235909877477,3.351903004196788,10.097959619424332,0.0,0.0,9.80665,0.0001430301085483249,-0.0037921221573796603,-0.24976286443565257,20.0,-3.0,42.0,82.54788895991626,-2.0,1.0
52.407248638563736,-1.5190781642129538,80.0,42.77616674205599,4.0,82.54788895991626,9,10100.0,2026-01-01 00-00-00_000,0.8309391245656423,3.3587365943970244,10.05507304004385,0.0,0.0,9.80665,0.004966756688769509,0.0030521248327116703,-0.2485017234831181,20.0,-3.0,42.0,84.0147130734687,-2.0,1.0
52.407248638563736,-1.5190781642129538,80.0,42.77616674205599,4.0,82.54788895991626,9,10200.0,2026-01-01 00-00-00_000,0.31194687725490067,3.3210681109448688,9.443461388161623,0.0,0.0,9.80665,-0.01651971338242592,-0.0071945130474641615,-0.25351196114757096,20.0,-3.0,42.0,85.48886379276934,-2.0,1.0
52.407248638563736,-1.5190781642129538,80.0,42.77616674205599,4.0,82.54788895991626,9,10300.0,2026-01-01 00-00-00_000,0.9233643806069427,3.141826216517781,9.948171091219358,0.0,0.0,9.80665,-0.009781060183600712,-0.0016713872642811368,-0.2617934952125594,20.0,-3.0,42.0,86.97014873267845,-2.0,1.0
52.407248638563736,-1.5190781642129538,80.0,42.77616674205599,4.0,82.54788895991626,9,10400.0,2026-01-01 00-00-00_000,0.3860763870503097,2.9389214444902967,10.133371155427595,0.0,0.0,9.80665,0.005521004277058318,-0.004328849686066535,-0.2540127398971848,20.0,-3.0,42.0,88.45837457699943,-2.0,1.0
52.407248638563736,-1.5190781642129538,80.0,42.77616674205599,4.0,82.54788895991626,9,10500.0,2026-01-01 00-00-00_000,0.6202244344615063,2.7391138422281287,9.54064745668948,0.0,0.0,9.80665,-0.0031767115601857303,-0.006088336283841365,-0.2540720205655185,20.0,-3.0,42.0,89.95334710370786,-2.0,1.0
52.407248638563736,-1.5190781642129538,80.0,42.77616674205599,4.0,82.54788895991626,9,10600.0,2026-01-01 00-00-00_000,0.7811548055862495,2.8561926053015,9.639832276686592,0.0,0.0,9.80665,0.0024426964783997706,0.007910889597955743,-0.254024079941849,20.0,-3.0,42.0,91.45487121029839,-2.0,1.0
52.407248638563736,-1.5190781642129538,80.0,42.77616674205599,4.0,82.54788895991626,9,10700.0,2026-01-01 00-00-00_000,0.27987832716031574,3.0196373868860915,10.176849706666657,0.0,0.0,9.80665,0.01816222645134222,-0.002962111272536811,-0.24287881443054848,20.0,-3.0,42.0,92.96275093924693,-2.0,1.0
52.407248638563736,-1.5190781642129538,80.0,42.77616674205599,4.0,82.54788895991626,9,10800.0,2026-01-01 00-00-00_000,0.9135937792166425,3.183238072502674,9.748710359123718,0.0,0.0,9.80665,-0.004045386376175429,-0.010021489293114727,-0.2662798405834836,20.0,-3.0,42.0,94.47678950358416,-2.0,1.0
52.407248638563736,-1.5190781642129538,80.0,42.77616674205599,4.0,82.54788895991626,9,10900.0,2026-01-01 00-00-00_000,0.321314544141865,3.448385677378523,9.609652929674217,0.0,0.0,9.80665,0.0013653629970432298,-0.0062380550406607605,-0.26073974878462874,20.0,-3.0,42.0,95.99678931257728,-2.0,1.0
52.407247137547216,-1.5188990491475254,80.0,44.81412087092073,4.0,97.52255199751684,9,11000.0,2026-01-01 00-00-00_000,0.567562376722653,3.6025452702357454,10.048636024533852,0.0,0.0,9.80665,-0.006445480216240754,0.001322196349769108,-0.25770361188592816,20.0,-3.0,42.0,97.52255199751684,-2.0,1.0
52.407247137547216,-1.5188990491475254,80.0,44.81412087092073,4.0,97.52255199751684,9,11100.0,2026-01-01 00-00-00_000,0.8059780570000808,3.611999287737301,9.919591238267607,0.0,0.0,9.80665,-0.007108090011659582,0.022157498111167868,-0.26693477885904715,20.0,-3.0,42.0,99.053878437605,-2.0,1.0
52.407247137547216,-1.5188990491475254,80.0,44.81412087092073,4.0,97.52255199751684,9,11200.0,2026-01-01 00-00-00_000,0.28157890952736087,3.5514945623973064,9.51483835873583,0.0,0.0,9.80665,-0.0017278765019910817,0.0035417959037632443,-0.2740362678487448,20.0,-3.0,42.0,100.59056878594184,-2.0,1.0
52.407247137547216,-1.5188990491475254,80.0,44.81412087092073,4.0,97.52255199751684,9,11300.0,2026-01-01 00-00-00_000,0.9868753277950185,3.4323529982510435,9.932157759638352,0.0,0.0,9.80665,-0.015201858809914438,0.015853431148043433,-0.2697601813312615,20.0,-3.0,42.0,102.13242249560665,-2.0,1.0
52.407247137547216,-1.5188990491475254,80.0,44.81412087092073,4.0,97.52255199751684,9,11400.0,2026-01-01 00-00-00_000,0.43600286543290023,3.209732725887949,10.114772583152481,0.0,0.0,9.80665,-0.021571541517733325,0.005913408475556762,-0.25723796454350445,20.0,-3.0,42.0,103.67923834583034,-2.0,1.0
52.407247137547216,-1.5188990491475254,80.0,44.81412087092073,4.0,97.52255199751684,9,11500.0,2026-01-01 00-00-00_000,0.48060640633878776,3.0851326852419327,9.62637458483362,0.0,0.0,9.80665,0.012350969695559573,-0.020648596826719406,-0.26901214447243665,20.0,-3.0,42.0,105.23081446825603,-2.0,1.0
52.407247137547216,-1.5188990491475254,80.0,44.81412087092073,4.0,97.52255199751684,9,11600.0,2026-01-01 00-00-00_000,0.8062033816119305,3.0240700216501284,9.63559344132317,0.0,0.0,9.80665,-0.002009086444086884,0.004750223797267876,-0.26257640042150526,20.0,-3.0,42.0,106.7869483732839,-2.0,1.0
52.407247137547216,-1.5188990491475254,80.0,44.81412087092073,4.0,97.52255199751684,9,11700.0,2026-01-01 00-00-00_000,0.1609819888102486,3.2121010688239355,10.18226394837555,0.0,0.0,9.80665,0.009988301217428703,-0.007619020446708714,-0.2743818800345704,20.0,-3.0,42.0,108.34743697649735,-2.0,1.0
52.407247137547216,-1.5188990491475254,80.0,44.81412087092073,4.0,97.52255199751684,9,11800.0,2026-01-01 00-00-00_000,0.8903652483417248,3.43737084993284,9.733873131170283,0.0,0.0,9.80665,0.0001985938512727019,-0.012667092142606013,-0.2654215704276105,20.0,-3.0,42.0,109.9120766251666,-2.0,1.0
52.407247137547216,-1.5188990491475254,80.0,44.81412087092073,4.0,97.52255199751684,9,11900.0,2026-01-01 00-00-00_000,0.30575201761604787,3.6792680758046545,9.50467864182381,0.0,0.0,9.80665,0.0004602660221324473,-0.009888402786841558,-0.2753138842052054,20.0,-3.0,42.0,111.48066312482668,-2.0,1.0
52.40721557008077,-1.5187194990439685,80.0,46.61260907725333,4.0,113.05299176592573,9,12000.0,2026-01-01 00-00-00_000,0.5431948863214279,3.9445007048291183,10.130481239950823,0.0,0.0,9.80665,0.005558156677981726,0.018920569429005447,-0.2773353639280389,20.0,-3.0,42.0,113.05299176592573,-2.0,1.0
52.40721557008077,-1.5187194990439685,80.0,46.61260907725333,4.0,113.05299176592573,9,12100.0,2026-01-01 00-00-00_000,0.7311407839162513,3.8229185374543224,9.994335643785975,0.0,0.0,9.80665,0.006023562151770772,-0.01493021994281795,-0.27011898236966025,20.0,-3.0,42.0,114.6288573505411,-2.0,1.0
52.40721557008077,-1.5187194990439685,80.0,46.61260907725333,4.0,113.05299176592573,9,12200.0,2026-01-01 00-00-00_000,0.059354366530363356,3.753741544510117,9.503502442892714,0.0,0.0,9.80665,-0.012755683581088462,-0.0052924363121810356,-0.27119487634185263,20.0,-3.0,42.0,116.20805421915856,-2.0,1.0
52.40721557008077,-1.5187194990439685,80.0,46.61260907725333,4.0,113.05299176592573,9,12300.0,2026-01-01 00-00-00_000,0.8858185239166412,3.6338082270872976,9.818987634188083,0.0,0.0,9.80665,0.010810842606426578,0.012588664319982708,-0.2600767642990874,20.0,-3.0,42.0,117.79037627751224,-2.0,1.0
52.40721557008077,-1.5187194990439685,80.0,46.61260907725333,4.0,113.05299176592573,9,12400.0,2026-01-01 00-00-00_000,0.2604194391658049,3.4019876698453895,10.176264910306092,0.0,0.0,9.80665,-0.01048045922481697,0.007625083843016039,-0.2860063996785086,20.0,-3.0,42.0,119.37561702348101,-2.0,1.0
52.40721557008077,-1.5187194990439685,80.0,46.61260907725333,4.0,113.05299176592573,9,12500.0,2026-01-01 00-00-00_000,0.6024889545086168,3.304632360464728,9.513451817886123,0.0,0.0,9.80665,0.000993031509773,-0.016268335158253905,-0.2689743804554095,20.0,-3.0,42.0,120.96356957403829,-2.0,1.0
52.40721557008077,-1.5187194990439685,80.0,46.61260907725333,4.0,113.05299176592573,9,12600.0,2026-01-01 00-00-00_000,0.6417592592748003,3.273439214827123,9.66952255083901,0.0,0.0,9.80665,0.023981296225490313,-0.0001809839432616288,-0.2603631665347431,20.0,-3.0,42.0,122.55402669225134,-2.0,1.0
52.40721557008077,-1.5187194990439685,80.0,46.61260907725333,4.0,113.05299176592573,9,12700.0,2026-01-01 00-00-00_000,0.07139751774861788,3.402655026659266,10.134983843665188,0.0,0.0,9.80665,-0.00020836986894785787,-0.004256439995389721,-0.26281443574079194,20.0,-3.0,42.0,124.14678081432703,-2.0,1.0
52.40721557008077,-1.5187194990439685,80.0,46.61260907725333,4.0,113.05299176592573,9,12800.0,2026-01-01 00-00-00_000,0.8787416020189562,3.669247311895191,9.803049373769062,0.0,0.0,9.80665,0.015297294296266454,-0.0010311633877606028,-0.2775027267049778,20.0,-3.0,42.0,125.74162407669999,-2.0,1.0
52.40721557008077,-1.5187194990439685,80.0,46.61260907725333,4.0,113.05299176592573,9,12900.0,2026-01-01 00-00-00_000,0.22825381121762173,3.882429353147766,9.502273651739484,0.0,0.0,9.80665,-0.004386477545480056,0.008498225542052193,-0.28027327076004754,20.0,-3.0,42.0,127.33834834316005,-2.0,1.0
52.40715328590544,-1.5185549108188878,80.0,48.19976934867679,4.0,128.93674523201514,9,13000.0,2026-01-01 00-00-00_000,0.4434670731944623,4.015902748539134,10.035896862060495,0.0,0.0,9.80665,0.00500944144490883,-0.004867312255957885,-0.27903431709951665,20.0,-3.0,42.0,128.93674523201514,-2.0,1.0
52.40715328590544,-1.5185549108188878,80.0,48.19976934867679,4.0,128.93674523201514,9,13100.0,2026-01-01 00-00-00_000,0.6017305069029939,4.122937453896073,9.965376019289273,0.0,0.0,9.80665,-0.0004893695850061375,-0.0022894970687756867,-0.2727604782472291,20.0,-3.0,42.0,130.53660614328643,-2.0,1.0
52.40715328590544,-1.5185549108188878,80.0,48.19976934867679,4.0,128.93674523201514,9,13200.0,2026-01-01 00-00-00_000,0.1137590624246647,4.044327622159476,9.374113855518459,0.0,0.0,9.80665,0.003091888781055981,0.01561945609187211,-0.27389410542282855,20.0,-3.0,42.0,132.13772228593174,-2.0,1.0
52.40715328590544,-1.5185549108188878,80.0,48.19976934867679,4.0,128.93674523201514,9,13300.0,2026-01-01 00-00-00_000,0.758217498996329,3.814131444121463,9.9240929288291,0.0,0.0,9.80665,-0.009341419117052477,-0.017622629541824024,-0.2727623531891994,20.0,-3.0,42.0,133.73988470509394,-2.0,1.0
52.40715328590544,-1.5185549108188878,80.0,48.19976934867679,4.0,128.93674523201514,9,13400.0,2026-01-01 00-00-00_000,0.20770977900479473,3.645414382018325,10.15494261994108,0.0,0.0,9.80665,-0.00995774818075641,-0.0028222152051451226,-0.2708650281520294,20.0,-3.0,42.0,135.34288430937085,-2.0,1.0
52.40715328590544,-1.5185549108188878,80.0,48.19976934867679,4.0,128.93674523201514,9,13500.0,2026-01-01 00-00-00_000,0.3771611709403107,3.3992119966731655,9.592690927312484,0.0,0.0,9.80665,0.0022901776031411447,0.005654429955210343,-0.28466583117691135,20.0,-3.0,42.0,136.94651189810276,-2.0,1.0
52.40715328590544,-1.5185549108188878,80.0,48.19976934867679,4.0,128.93674523201514,9,13600.0,2026-01-01 00-00-00_000,0.672349382583571,3.3271524931749874,9.74574782570793,0.0,0.0,9.80665,-0.01625393704924033,-0.011620529501306692,-0.28521489728245547,20.0,-3.0,42.0,138.55055818867442,-2.0,1.0
52.40715328590544,-1.5185549108188878,80.0,48.19976934867679,4.0,128.93674523201514,9,13700.0,2026-01-01 00-00-00_000,0.10838093621230205,3.603728626910595,10.173344475676972,0.0,0.0,9.80665,-0.009231576599425953,-0.005425190912271387,-0.28606061839488706,20.0,-3.0,42.0,140.15481384382764,-2.0,1.0
52.40715328590544,-1.5185549108188878,80.0,48.19976934867679,4.0,128.93674523201514,9,13800.0,2026-01-01 00-00-00_000,0.7584842814871433,3.6933455738274144,9.875658289010872,0.0,0.0,9.80665,0.005282248261146781,-0.012309851728921328,-0.28700933334363976,20.0,-3.0,42.0,141.75906949898084,-2.0,1.0
52.40715328590544,-1.5185549108188878,80.0,48.19976934867679,4.0,128.93674523201514,9,13900.0,2026-01-01 00-00-00_000,0.19393643102275296,4.063431440506325,9.476512504431069,0.0,0.0,9.80665,-0.006995729515894481,0.0024873136419223045,-0.276773544307849,20.0,-3.0,42.0,143.36311578955252,-2.0,1.0
52.40706304594026,-1.5184207241691243,80.0,49.6004333721133,4.0,144.9667433782844,9,14000.0,2026-01-01 00-00-00_000,0.4224643018762044,4.07041156663626,10.081739268273951,0.0,0.0,9.80665,-0.009664014004818465,-0.00535561033066158,-0.27333111291953327,20.0,-3.0,42.0,144.9667433782844,-2.0,1.0
52.40706304594026,-1.5184207241691243,80.0,49.6004333721133,4.0,144.9667433782844,9,14100.0,2026-01-01 00-00-00_000,0.6750801621769514,4.1354927897511535,10.028549166732013,0.0,0.0,9.80665,-0.01180602825324964,0.008842844853605557,-0.2549985632110785,20.0,-3.0,42.0,146.56974298256128,-2.0,1.0
52.40706304594026,-1.5184207241691243,80.0,49.6004333721133,4.0,144.9667433782844,9,14200.0,2026-01-01 00-00-00_000,0.07236508979972185,4.050614831193275,9.435690616697983,0.0,0.0,9.80665,0.00045215347999028803,0.011200398890571504,-0.2712535224356444,20.0,-3.0,42.0,148.17190540172348,-2.0,1.0
52.40706304594026,-1.5184207241691243,80.0,49.6004333721133,4.0,144.9667433782844,9,14300.0,2026-01-01 00-00-00_000,0.7276253403146999,3.905145409291978,9.87768099119863,0.0,0.0,9.80665,-0.004538661401064637,0.0013831792392384687,-0.27530774903735217,20.0,-3.0,42.0,149.7730215443688,-2.0,1.0
52.40706304594026,-1.5184207241691243,80.0,49.6004333721133,4.0,144.9667433782844,9,14400.0,2026-01-01 00-00-00_000,0.13893565058564317,3.6746449792061746,10.093078386069164,0.0,0.0,9.80665,0.0004791338427375946,-0.00290849177121455,-0.26358426514988437,20.0,-3.0,42.0,151.37288245564008,-2.0,1.0
52.40706304594026,-1.5184207241691243,80.0,49.6004333721133,4.0,144.9667433782844,9,14500.0,2026-01-01 00-00-00_000,0.3276651872295382,3.5328999143673823,9.596561085565506,0.0,0.0,9.80665,-0.002820260773576628,0.0035375246999074105,-0.28099900327986393,20.0,-3.0,42.0,152.97127934449517,-2.0,1.0
52.40706304594026,-1.5184207241691243,80.0,49.6004333721133,4.0,144.9667433782844,9,14600.0,2026-01-01 00-00-00_000,0.527568017401796,3.505457923322342,9.64586440077471,0.0,0.0,9.80665,0.017089686116755372,0.0014940019389352464,-0.2718954219351662,20.0,-3.0,42.0,154.56800361095523,-2.0,1.0
52.40706304594026,-1.5184207241691243,80.0,49.6004333721133,4.0,144.9667433782844,9,14700.0,2026-01-01 00-00-00_000,-0.014938389665550215,3.656008976018091,10.16662103527619,0.0,0.0,9.80665,-0.005244521766610653,-0.01134712418183895,-0.26636276142366033,20.0,-3.0,42.0,156.1628468733282,-2.0,1.0
52.40706304594026,-1.5184207241691243,80.0,49.6004333721133,4.0,144.9667433782844,9,14800.0,2026-01-01 00-00-00_000,0.8041775161767526,3.7810324175546928,9.768136910185605,0.0,0.0,9.80665,-0.020096620467000267,0.011705590230927237,-0.26753461072728446,20.0,-3.0,42.0,157.75560099540388,-2.0,1.0
52.40706304594026,-1.5184207241691243,80.0,49.6004333721133,4.0,144.9667433782844,9,14900.0,2026-01-01 00-00-00_000,0.14788449716283025,4.010273105406398,9.538260879129302,0.0,0.0,9.80665,0.0001533221039584144,0.0031849927776074136,-0.2702733758459255,20.0,-3.0,42.0,159.34605811361695,-2.0,1.0
52.40695080770155,-1.5183301730196048,80.0,50.83651503435772,4.0,160.93401066417422,9,15000.0,2026-01-01 00-00-00_000,0.363602493740405,4.241607126255482,10.098518050351414,0.0,0.0,9.80665,-0.0009591979355671578,0.008854982779404273,-0.27601190526218367,20.0,-3.0,42.0,160.93401066417422,-2.0,1.0
52.40695080770155,-1.5183301730196048,80.0,50.83651503435772,4.0,160.93401066417422,9,15100.0,2026-01-01 00-00-00_000,0.5292141526294278,4.2439778583093695,9.977535547961123,0.0,0.0,9.80665,0.0005439960696201409,-0.012810998774514491,-0.2828654510860401,20.0,-3.0,42.0,162.519251410143,-2.0,1.0
52.40695080770155,-1.5183301730196048,80.0,50.83651503435772,4.0,160.93401066417422,9,15200.0,2026-01-01 00-00-00_000,0.06156544071625314,4.10202154115507,9.458803987605904,0.0,0.0,9.80665,-0.01664827472914602,0.009740058664078297,-0.2734254030535954,20.0,-3.0,42.0,164.10157346849667,-2.0,1.0
52.40695080770155,-1.5183301730196048,80.0,50.83651503435772,4.0,160.93401066417422,9,15300.0,2026-01-01 00-00-00_000,0.6231437861790247,3.9782286456187177,9.850414040763717,0.0,0.0,9.80665,0.010065624414757524,0.022132383329812374,-0.2765080637193094,20.0,-3.0,42.0,165.68077033711413,-2.0,1.0
52.40695080770155,-1.5183301730196048,80.0,50.83651503435772,4.0,160.93401066417422,9,15400.0,2026-01-01 00-00-00_000,0.049154713037975875,3.7184462469220563,10.199707120932693,0.0,0.0,9.80665,-0.0012866153575194755,0.007111651267326176,-0.26538837980617946,20.0,-3.0,42.0,167.2566359217295,-2.0,1.0
52.40695080770155,-1.5183301730196048,80.0,50.83651503435772,4.0,160.93401066417422,9,15500.0,2026-01-01 00-00-00_000,0.2755989774854981,3.5059312639360405,9.515253629735138,0.0,0.0,9.80665,-0.001398706822188403,-0.013709186852571813,-0.2715421119703965,20.0,-3.0,42.0,168.82896456282856,-2.0,1.0
52.40695080770155,-1.5183301730196048,80.0,50.83651503435772,4.0,160.93401066417422,9,15600.0,2026-01-01 00-00-00_000,0.5077424448312889,3.5427626243192862,9.637993838262519,0.0,0.0,9.80665,-0.01641897475499437,0.0012738255651813047,-0.2651619780199034,20.0,-3.0,42.0,170.39755106248865,-2.0,1.0
52.40695080770155,-1.5183301730196048,80.0,50.83651503435772,4.0,160.93401066417422,9,15700.0,2026-01-01 00-00-00_000,-0.04148153653543377,3.654489661977814,10.154753788182301,0.0,0.0,9.80665,0.003635980736553337,0.00030590095871242776,-0.28228311403195117,20.0,-3.0,42.0,171.9621907111579,-2.0,1.0
52.40695080770155,-1.5183301730196048,80.0,50.83651503435772,4.0,160.93401066417422,9,15800.0,2026-01-01 00-00-00_000,0.7120652540531107,3.776916520926275,9.688204884793421,0.0,0.0,9.80665,-0.0016181866584224988,0.003097414177312262,-0.26037394172000117,20.0,-3.0,42.0,173.52267931437132,-2.0,1.0
52.40695080770155,-1.5183301730196048,80.0,50.83651503435772,4.0,160.93401066417422,9,15900.0,2026-01-01 00-00-00_000,0.029122430983214723,4.139966659627898,9.492864175393846,0.0,0.0,9.80665,0.012193221657747647,-0.0014576770113980558,-0.27459046026342687,20.0,-3.0,42.0,175.0788132193992,-2.0,1.0
52.40682491780603,-1.5182923927872012,80.0,51.92735327263002,4.0,176.6303893418249,9,16000.0,2026-01-01 00-00-00_000,0.3456709767033555,4.202295526812794,10.108880713562604,0.0,0.0,9.80665,-0.005031542220953029,0.005894019144693114,-0.27961704099858536,20.0,-3.0,42.0,176.6303893418249,-2.0,1.0
52.40682491780603,-1.5182923927872012,80.0,51.92735327263002,4.0,176.6303893418249,9,16100.000000000002,2026-01-01 00-00-00_000,0.5485824948272738,4.330362111840941,9.922991459937492,0.0,0.0,9.80665,-0.01302303145892318,-0.0037908953703038747,-0.2772604498460232,20.0,-3.0,42.0,178.17720519204858,-2.0,1.0
52.40682491780603,-1.5182923927872012,80.0,51.92735327263002,4.0,176.6303893418249,9,16200.0,2026-01-01 00-00-00_000,-0.10117293215393773,4.076076228774119,9.394035029781346,0.0,0.0,9.80665,0.000272921005653665,0.003209995857273001,-0.2702569722737816,20.0,-3.0,42.0,179.7190589017134,-2.0,1.0
52.40682491780603,-1.5182923927872012,80.0,51.92735327263002,4.0,176.6303893418249,9,16300.0,2026-01-01 00-00-00_000,0.7101026078266153,3.959483434391918,9.856422412238198,0.0,0.0,9.80665,-0.009880286712809619,-0.006051592000364044,-0.2549868938163796,20.0,-3.0,42.0,181.25574925005026,-2.0,1.0
52.40682491780603,-1.5182923927872012,80.0,51.92735327263002,4.0,176.6303893418249,9,16400.0,2026-01-01 00-00-00_000,0.03392088458726687,3.669952399082505,10.213979066893305,0.0,0.0,9.80665,0.003067908584352806,0.0018873690031575223,-0.25741600084791666,20.0,-3.0,42.0,182.7870756901384,-2.0,1.0
52.40682491780603,-1.5182923927872012,80.0,51.92735327263002,4.0,176.6303893418249,9,16500.0,2026-01-01 00-00-00_000,0.17526041036756276,3.5464286987595153,9.498629612915286,0.0,0.0,9.80665,-0.01152823339168983,0.01092594344079886,-0.27192208977134724,20.0,-3.0,42.0,184.31283837507797,-2.0,1.0
52.40682491780603,-1.5182923927872012,80.0,51.92735327263002,4.0,176.6303893418249,9,16600.0,2026-01-01 00-00-00_000,0.5810952030505222,3.4231443364763554,9.664091419153916,0.0,0.0,9.80665,-0.0022363033036958066,-0.004061507608997614,-0.26058048898703096,20.0,-3.0,42.0,185.83283818407108,-2.0,1.0
52.40682491780603,-1.5182923927872012,80.0,51.92735327263002,4.0,176.6303893418249,9,16700.0,2026-01-01 00-00-00_000,-0.1154236647194558,3.5232028416947743,10.261821477883037,0.0,0.0,9.80665,-0.003186947041770957,0.007612086139554611,-0.261111143052345,20.0,-3.0,42.0,187.3468767484083,-2.0,1.0
52.40682491780603,-1.5182923927872012,80.0,51.92735327263002,4.0,176.6303893418249,9,16800.0,2026-01-01 00-00-00_000,0.6971823723768711,3.7456440334192096,9.705303191994009,0.0,0.0,9.80665,-0.0013119618697398667,-0.008062660155605066,-0.27203494639037795,20.0,-3.0,42.0,188.85475647735683,-2.0,1.0
52.40682491780603,-1.5182923927872012,80.0,51.92735327263002,4.0,176.6303893418249,9,16900.0,2026-01-01 00-00-00_000,-0.007642528767482726,3.960975164199242,9.507331964371147,0.0,0.0,9.80665,-0.0059861577892352915,-0.002869704706673659,-0.26619255901469985,20.0,-3.0,42.0,190.35628058394735,-2.0,1.0
52.40669488717164,-1.5183113119025866,80.0,52.89001463912617,4.0,191.85125311065576,9,17000.0,2026-01-01 00-00-00_000,0.29584497805313736,4.126430409111152,10.044792144350868,0.0,0.0,9.80665,-0.008872957040883882,-0.0015037033639808642,-0.27363329038376266,20.0,-3.0,42.0,191.85125311065576,-2.0,1.0
52.40669488717164,-1.5183113119025866,80.0,52.89001463912617,4.0,191.85125311065576,9,17100.0,2026-01-01 00-00-00_000,0.5097730962767895,4.153822019804002,10.039465891375542,0.0,0.0,9.80665,-0.0015576906371184112,0.013453510375344034,-0.2628792480756907,20.0,-3.0,42.0,193.33947895497673,-2.0,1.0
52.40669488717164,-1.5183113119025866,80.0,52.89001463912617,4.0,191.85125311065576,9,17200.0,2026-01-01 00-00-00_000,0.037435539507356536,4.034174702613375,9.422455182710467,0.0,0.0,9.80665,-0.006619902026900337,-0.00685126231994282,-0.27627000234301485,20.0,-3.0,42.0,194.82076389488583,-2.0,1.0
52.40669488717164,-1.5183113119025866,80.0,52.89001463912617,4.0,191.85125311065576,9,17300.0,2026-01-01 00-00-00_000,0.6373090722849206,3.795993176364409,9.86736649870853,0.0,0.0,9.80665,0.000506190198776093,0.013166311980981834,-0.259811444657362,20.0,-3.0,42.0,196.29491461418647,-2.0,1.0
52.40669488717164,-1.5183113119025866,80.0,52.89001463912617,4.0,191.85125311065576,9,17400.0,2026-01-01 00-00-00_000,0.06871378857511752,3.5370119258839994,10.174728210557255,0.0,0.0,9.80665,-0.0036251600325114203,-0.013908352634460606,-0.2596864977568833,20.0,-3.0,42.0,197.7617387277389,-2.0,1.0
52.40669488717164,-1.5183113119025866,80.0,52.89001463912617,4.0,191.85125311065576,9,17500.0,2026-01-01 00-00-00_000,0.27964170750070155,3.4276744683793066,9.543270372489207,0.0,0.0,9.80665,-0.02282319968565052,-0.0007223500315580562,-0.25723314285176174,20.0,-3.0,42.0,199.22104480656745,-2.0,1.0
52.40669488717164,-1.5183113119025866,80.0,52.89001463912617,4.0,191.85125311065576,9,17600.0,2026-01-01 00-00-00_000,0.46170280147287057,3.3183287443478093,9.666498410298448,0.0,0.0,9.80665,-0.0015810381157068988,0.010080613907418426,-0.2561034952582346,20.0,-3.0,42.0,200.67264240284328,-2.0,1.0
52.40669488717164,-1.5183113119025866,80.0,52.89001463912617,4.0,191.85125311065576,9,17700.0,2026-01-01 00-00-00_000,-0.098173819619446,3.4660753353824747,10.192307934570847,0.0,0.0,9.80665,0.012522201849349785,0.007885848570702325,-0.23849213769626626,20.0,-3.0,42.0,202.11634207473875,-2.0,1.0
52.40669488717164,-1.5183113119025866,80.0,52.89001463912617,4.0,191.85125311065576,9,17800.0,2026-01-01 00-00-00_000,0.5577924510637577,3.645046355320134,9.681668789647219,0.0,0.0,9.80665,0.001967639799772459,-0.009322704852666609,-0.24941787671502555,20.0,-3.0,42.0,203.55195541115071,-2.0,1.0
52.40669488717164,-1.5183113119025866,80.0,52.89001463912617,4.0,191.85125311065576,9,17900.0,2026-01-01 00-00-00_000,0.026354014653497154,3.8355725611169604,9.405113463104962,0.0,0.0,9.80665,0.0048389071248611795,-0.01148117372509203,-0.2431405271232867,20.0,-3.0,42.0,204.97929505628935,-2.0,1.0
52.4065700318056,-1.5183855392092123,80.0,53.739560313296884,4.0,206.39817473412904,9,18000.0,2026-01-01 00-00-00_000,0.27512418646531034,4.001992982354336,10.092981416040956,0.0,0.0,9.80665,0.003445933638455366,0.00972155821841972,-0.23745357320643526,20.0,-3.0,42.0,206.39817473412904,-2.0,1.0
52.4065700318056,-1.5183855392092123,80.0,53.739560313296884,4.0,206.39817473412904,9,18100.0,2026-01-01 00-00-00_000,0.4627384860447958,3.9941141442402337,9.926110816054864,0.0,0.0,9.80665,-0.0055348836142315415,-0.011873557844802693,-0.23475027951489053,20.0,-3.0,42.0,207.8084092727185,-2.0,1.0
52.4065700318056,-1.5183855392092123,80.0,53.739560313296884,4.0,206.39817473412904,9,18200.0,2026-01-01 00-00-00_000,-0.09815670358074799,3.8641713682346803,9.465354749903634,0.0,0.0,9.80665,-0.01392524422497232,0.00671402367938478,-0.23501594551627616,20.0,-3.0,42.0,209.20981462834683,-2.0,1.0
52.4065700318056,-1.5183855392092123,80.0,53.739560313296884,4.0,206.39817473412904,9,18300.0,2026-01-01 00-00-00_000,0.5519382159471631,3.6826961071611763,9.91164913416969,0.0,0.0,9.80665,0.0068773855700096954,-0.004401330631368876,-0.24355715085212587,20.0,-3.0,42.0,210.60220790956222,-2.0,1.0
52.4065700318056,-1.5183855392092123,80.0,53.739560313296884,4.0,206.39817473412904,9,18400.0,2026-01-01 00-00-00_000,0.03650795013527541,3.405550299318552,10.17203986762303,0.0,0.0,9.80665,0.009252201479366139,0.0007451138240038013,-0.2464079218331285,20.0,-3.0,42.0,211.98540740104042,-2.0,1.0
52.4065700318056,-1.5183855392092123,80.0,53.739560313296884,4.0,206.39817473412904,9,18500.0,2026-01-01 00-00-00_000,0.17389576465072182,3.2703486307976726,9.564569247597284,0.0,0.0,9.80665,0.004516464572997912,0.02423588658988721,-0.2421562946798358,20.0,-3.0,42.0,213.35923258729946,-2.0,1.0
52.4065700318056,-1.5183855392092123,80.0,53.739560313296884,4.0,206.39817473412904,9,18600.0,2026-01-01 00-00-00_000,0.48486694295090116,3.2108913079463153,9.645679990184998,0.0,0.0,9.80665,0.003136601081330001,0.016511220687323573,-0.23798347013754964,20.0,-3.0,42.0,214.7235041762581,-2.0,1.0
52.4065700318056,-1.5183855392092123,80.0,53.739560313296884,4.0,206.39817473412904,9,18700.0,2026-01-01 00-00-00_000,-0.11073623792733597,3.306108733523077,10.21406148193488,0.0,0.0,9.80665,0.0028492959806802093,0.009336726896671355,-0.23237197624926206,20.0,-3.0,42.0,216.07804412263454,-2.0,1.0
52.4065700318056,-1.5183855392092123,80.0,53.739560313296884,4.0,206.39817473412904,9,18800.0,2026-01-01 00-00-00_000,0.6095517346235215,3.3797569743565683,9.775706166248455,0.0,0.0,9.80665,-0.0012477926263120308,-0.013058249418365421,-0.23138636559192086,20.0,-3.0,42.0,217.4226756511822,-2.0,1.0
52.4065700318056,-1.5183855392092123,80.0,53.739560313296884,4.0,206.39817473412904,9,18900.0,2026-01-01 00-00-00_000,0.08929132294504935,3.708495213790548,9.520571029438964,0.0,0.0,9.80665,0.0016779522860276524,0.004081266925852812,-0.2199438082858321,20.0,-3.0,42.0,218.75722327975987,-2.0,1.0
52.40645827684367,-1.5185091875460563,80.0,54.48928173935668,4.0,220.08151284223337,9,19000.0,2026-01-01 00-00-00_000,0.1666322120098728,3.843263694043576,10.09351989387629,0.0,0.0,9.80665,-0.0008608238327667403,0.0013854606769358009,-0.22797755061285746,20.0,-3.0,42.0,220.08151284223337,-2.0,1.0
52.40645827684367,-1.5185091875460563,80.0,54.48928173935668,4.0,220.08151284223337,9,19100.0,2026-01-01 00-00-00_000,0.33161907842664107,3.827352091529702,9.90032920033132,0.0,0.0,9.80665,0.0021813862002065037,-0.00016859704980845376,-0.21062745100866612,20.0,-3.0,42.0,221.395371511205,-2.0,1.0
52.40645827684367,-1.5185091875460563,80.0,54.48928173935668,4.0,220.08151284223337,9,19200.0,2026-01-01 00-00-00_000,-0.1748836370273722,3.6497906423168374,9.524400039163412,0.0,0.0,9.80665,-0.010123789351019452,0.014351574527392146,-0.21502495265675642,20.0,-3.0,42.0,222.69862782056867,-2.0,1.0
52.40645827684367,-1.5185091875460563,80.0,54.48928173935668,4.0,220.08151284223337,9,19300.0,2026-01-01 00-00-00_000,0.5685282284802018,3.468277485523561,9.99188658768338,0.0,0.0,9.80665,-0.007067284497583489,-0.016525163688055847,-0.22552997638968467,20.0,-3.0,42.0,223.99111168788716,-2.0,1.0
52.40645827684367,-1.5185091875460563,80.0,54.48928173935668,4.0,220.08151284223337,9,19400.0,2026-01-01 00-00-00_000,0.09852453638428502,3.2002652030822545,10.132346821896515,0.0,0.0,9.80665,0.004525133486047397,0.0040549723736777125,-0.2126239307465062,20.0,-3.0,42.0,225.27265443658868,-2.0,1.0
52.40645827684367,-1.5185091875460563,80.0,54.48928173935668,4.0,220.08151284223337,9,19500.0,2026-01-01 00-00-00_000,0.16962688625983413,2.9846737359870685,9.573685291668427,0.0,0.0,9.80665,-0.004250273287179417,0.0021159745023956933,-0.24127861645142926,20.0,-3.0,42.0,226.54308881798042,-2.0,1.0
52.40645827684367,-1.5185091875460563,80.0,54.48928173935668,4.0,220.08151284223337,9,19600.0,2026-01-01 00-00-00_000,0.46633302464420023,2.9634948306611113,9.728102293392805,0.0,0.0,9.80665,-0.02435495629501711,-0.006751718163153778,-0.20448436018820287,20.0,-3.0,42.0,227.80224903307536,-2.0,1.0
52.40645827684367,-1.5185091875460563,80.0,54.48928173935668,4.0,220.08151284223337,9,19700.0,2026-01-01 00-00-00_000,-0.160233260921906,3.031934927179414,10.229091669155478,0.0,0.0,9.80665,0.00023399875642408978,0.018288712048930473,-0.2103988985932961,20.0,-3.0,42.0,229.04997075422992,-2.0,1.0
52.40645827684367,-1.5185091875460563,80.0,54.48928173935668,4.0,220.08151284223337,9,19800.0,2026-01-01 00-00-00_000,0.60486805605233,3.2637689342264204,9.76866283084242,0.0,0.0,9.80665,-0.023055075747060564,-0.011977826633442643,-0.20849266192742857,20.0,-3.0,42.0,230.28609114658968,-2.0,1.0
52.40645827684367,-1.5185091875460563,80.0,54.48928173935668,4.0,220.08151284223337,9,19900.0,2026-01-01 00-00-00_000,-0.007915080966540602,3.4251765461674983,9.458747367181285,0.0,0.0,9.80665,0.017489642051424788,0.001112666467448117,-0.22347908924790943,20.0,-3.0,42.0,231.51044888934032,-2.0,1.0
52.40636534566984,-1.5186733462286257,80.0,55.150908575655734,4.0,232.72288419676096,9,20000.0,2026-01-01 00-00-00_000,0.13956942331082972,3.5685737583596624,10.098125609071204,0.0,0.0,9.80665,0.0059785069527162425,0.001638203901327093,-0.18697322946162434,20.0,-3.0,42.0,232.72288419676096,-2.0,1.0
52.40636534566984,-1.5186733462286257,80.0,55.150908575655734,4.0,232.72288419676096,9,20100.0,2026-01-01 00-00-00_000,0.4509771743833136,3.461402290847397,9.95668208824906,0.0,0.0,9.80665,0.005521851755141476,-0.02133467045722989,-0.2075863470072814,20.0,-3.0,42.0,233.92323883907687,-2.0,1.0
52.40636534566984,-1.5186733462286257,80.0,55.150908575655734,4.0,232.72288419676096,9,20200.0,2026-01-01 00-00-00_000,-0.1624609920408785,3.370557341944342,9.348019729946149,0.0,0.0,9.80665,-0.007367457698043081,-0.013637835229477487,-0.20454012310888772,20.0,-3.0,42.0,235.1113561631097,-2.0,1.0
52.40636534566984,-1.5186733462286257,80.0,55.150908575655734,4.0,232.72288419676096,9,20300.0,2026-01-01 00-00-00_000,0.548198632110822,3.226301396190407,9.92353807558892,0.0,0.0,9.80665,-0.011834016603804978,-0.008981539569773914,-0.19198905989752058,20.0,-3.0,42.0,236.28708111272135,-2.0,1.0
52.40636534566984,-1.5186733462286257,80.0,55.150908575655734,4.0,232.72288419676096,9,20400.0,2026-01-01 00-00-00_000,-0.03307759141265993,2.925921436811598,10.182262877011377,0.0,0.0,9.80665,-0.0030017537911193972,0.008789390605904671,-0.20060183015902114,20.0,-3.0,42.0,237.45026024904985,-2.0,1.0
52.40636534566984,-1.5186733462286257,80.0,55.150908575655734,4.0,232.72288419676096,9,20500.0,2026-01-01 00-00-00_000,0.07306768181718343,2.7289722486142973,9.579577381646773,0.0,0.0,9.80665,-0.000761898055081354,0.01038406395784048,-0.20376288086646793,20.0,-3.0,42.0,238.60074177053392,-2.0,1.0
52.40636534566984,-1.5186733462286257,80.0,55.150908575655734,4.0,232.72288419676096,9,20600.0,2026-01-01 00-00-00_000,0.45933916876069536,2.753438735927724,9.735114494469551,0.0,0.0,9.80665,-0.00837365348595336,0.006831101043661513,-0.18916605449360835,20.0,-3.0,42.0,239.73837553272398,-2.0,1.0
52.40636534566984,-1.5186733462286257,80.0,55.150908575655734,4.0,232.72288419676096,9,20700.0,2026-01-01 00-00-00_000,-0.12703570394471742,2.754921321004401,10.231876787130464,0.0,0.0,9.80665,0.0005767263185126923,0.003246699003364652,-0.200586803137268,20.0,-3.0,42.0,240.86301306787698,-2.0,1.0
52.40636534566984,-1.5186733462286257,80.0,55.150908575655734,4.0,232.72288419676096,9,20800.0,2026-01-01 00-00-00_000,0.5279069002881959,2.9080088461199893,9.79412376065813,0.0,0.0,9.80665,0.005670288920195966,-0.021426467844489754,-0.18391512705951177,20.0,-3.0,42.0,241.97450760433196,-2.0,1.0
52.40636534566984,-1.5186733462286257,80.0,55.150908575655734,4.0,232.72288419676096,9,20900.0,2026-01-01 00-00-00_000,0.08489802344784751,3.0936621548782264,9.506457092533978,0.0,0.0,9.80665,0.004830046998659294,0.0029981982675158533,-0.186548633985525,20.0,-3.0,42.0,243.07271408566498,-2.0,1.0
52.40629442628162,-1.518867802189955,80.0,55.73479220935653,4.0,244.15748918961964,9,21000.0,2026-01-01 00-00-00_000,0.21119213433020323,3.296070833777063,10.099366960532771,0.0,0.0,9.80665,-0.010937392026451404,-0.004385468737763723,-0.17610685706054968,20.0,-3.0,42.0,244.15748918961964,-2.0,1.0
52.40629442628162,-1.518867802189955,80.0,55.73479220935653,4.0,244.15748918961964,9,21100.0,2026-01-01 00-00-00_000,0.48900223060644443,3.1821866800697696,9.965635974698515,0.0,0.0,9.80665,-0.021750178791341973,0.012659318562826743,-0.1928730739471459,20.0,-3.0,42.0,245.2286913468114,-2.0,1.0
52.40629442628162,-1.518867802189955,80.0,55.73479220935653,4.0,244.15748918961964,9,21200.0,2026-01-01 00-00-00_000,-0.16215008604337305,3.1322402162529093,9.513033499118173,0.0,0.0,9.80665,-0.0009009829527156628,0.01442773734534003,-0.17037616540967682,20.0,-3.0,42.0,246.2861807592033,-2.0,1.0
52.40629442628162,-1.518867802189955,80.0,55.73479220935653,4.0,244.15748918961964,9,21300.0,2026-01-01 00-00-00_000,0.4699420292021521,2.809793359301832,9.921330813434684,0.0,0.0,9.80665,-0.0072659417127738666,0.023447274636154047,-0.1757470467645775,20.0,-3.0,42.0,247.32981941835038,-2.0,1.0
52.40629442628162,-1.518867802189955,80.0,55.73479220935653,4.0,244.15748918961964,9,21400.0,2026-01-01 00-00-00_000,-0.05525042088704387,2.519675824213144,10.196346871600667,0.0,0.0,9.80665,0.0033666886561290257,0.007981604921467452,-0.15955515933883554,20.0,-3.0,42.0,248.3594711234106,-2.0,1.0
52.40629442628162,-1.518867802189955,80.0,55.73479220935653,4.0,244.15748918961964,9,21500.0,2026-01-01 00-00-00_000,0.2167411695452983,2.42406239462342,9.528645088465423,0.0,0.0,9.80665,0.014849963289236767,0.009055683370212706,-0.17857586499541173,20.0,-3.0,42.0,249.37500149891974,-2.0,1.0
52.40629442628162,-1.518867802189955,80.0,55.73479220935653,4.0,244.15748918961964,9,21600.0,2026-01-01 00-00-00_000,0.45787034258407733,2.315735377042239,9.733183974405842,0.0,0.0,9.80665,0.014841127190552722,-0.009635801997706769,-0.15556248633944783,20.0,-3.0,42.0,250.3762780123282,-2.0,1.0
52.40629442628162,-1.518867802189955,80.0,55.73479220935653,4.0,244.15748918961964,9,21700.0,2026-01-01 00-00-00_000,-0.20682276765755597,2.3516285308187035,10.202762680260616,0.0,0.0,9.80665,0.0018377306510011138,0.0016027568542591186,-0.16248907715807326,20.0,-3.0,42.0,251.36316999129738,-2.0,1.0
52.40629442628162,-1.518867802189955,80.0,55.73479220935653,4.0,244.15748918961964,9,21800.0,2026-01-01 00-00-00_000,0.5014117289165133,2.593540810856016,9.76181619771069,0.0,0.0,9.80665,0.009735264454235011,-0.011708041186953939,-0.15925729067221608,20.0,-3.0,42.0,252.33554864075316,-2.0,1.0
52.40629442628162,-1.518867802189955,80.0,55.73479220935653,4.0,244.15748918961964,9,21900.0,2026-01-01 00-00-00_000,-0.07723982782961604,2.7503122901098638,9.491313242591168,0.0,0.0,9.80665,0.014872759065549442,0.009876150793090684,-0.16911041820111758,20.0,-3.0,42.0,253.29328705969405,-2.0,1.0
52.40624627495429,-1.5190826281583507,80.0,56.2500677075673,4.0,254.236260257753,9,22000.0,2026-01-01 00-00-00_000,0.22916778981672864,2.8376768746404664,10.078923970938671,0.0,0.0,9.80665,-0.00045770817262370806,-0.011296731246258527,-0.1560139935987642,20.0,-3.0,42.0,254.236260257753,-2.0,1.0
52.40624627495429,-1.5190826281583507,80.0,56.2500677075673,4.0,254.236260257753,9,22100.0,2026-01-01 00-00-00_000,0.458426405467606,2.978251011012886,10.074888222696796,0.0,0.0,9.80665,0.0017155693781016432,-0.0013789190218262898,-0.15250135369901252,20.0,-3.0,42.0,255.16434517150907,-2.0,1.0
52.40624627495429,-1.5190826281583507,80.0,56.2500677075673,4.0,254.236260257753,9,22200.0,2026-01-01 00-00-00_000,-0.1665308994406013,2.7351255591030728,9.537443413383395,0.0,0.0,9.80665,0.007283440085964439,-0.007520595343522303,-0.16216166290883616,20.0,-3.0,42.0,256.0774206805479,-2.0,1.0
52.40624627495429,-1.5190826281583507,80.0,56.2500677075673,4.0,254.236260257753,9,22300.0,2026-01-01 00-00-00_000,0.5219590551181155,2.433524552611428,9.91033196936764,0.0,0.0,9.80665,-0.0012285131474170396,-0.003963170101091398,-0.16218970332520433,20.0,-3.0,42.0,256.9753676232688,-2.0,1.0
52.40624627495429,-1.5190826281583507,80.0,56.2500677075673,4.0,254.236260257753,9,22400.0,2026-01-01 00-00-00_000,-0.016759273869043374,2.1767167618519374,10.062111315924556,0.0,0.0,9.80665,-0.005666091376602181,0.005413908200965449,-0.15638678820259339,20.0,-3.0,42.0,257.85806881243593,-2.0,1.0
52.40624627495429,-1.5190826281583507,80.0,56.2500677075673,4.0,254.236260257753,9,22500.0,2026-01-01 00-00-00_000,0.10339823337014613,2.0506962526602606,9.514498548472158,0.0,0.0,9.80665,-0.008064320166684761,-0.004931359480000344,-0.1354158119336741,20.0,-3.0,42.0,258.72540905047174,-2.0,1.0
52.40624627495429,-1.5190826281583507,80.0,56.2500677075673,4.0,254.236260257753,9,22600.0,2026-01-01 00-00-00_000,0.3827569009031512,1.9520873778312817,9.709319254469396,0.0,0.0,9.80665,-0.0008070126237256098,0.0030091614916488373,-0.1433986213998486,20.0,-3.0,42.0,259.5772751444913,-2.0,1.0
52.40624627495429,-1.5190826281583507,80.0,56.2500677075673,4.0,254.236260257753,9,22700.0,2026-01-01 00-00-00_000,-0.19437761636765802,2.0287630820673135,10.148026505124685,0.0,0.0,9.80665,-0.006815578873288939,-0.009387218593358455,-0.13429537251365542,20.0,-3.0,42.0,260.41355592107413,-2.0,1.0
52.40624627495429,-1.5190826281583507,80.0,56.2500677075673,4.0,254.236260257753,9,22800.0,2026-01-01 00-00-00_000,0.5022533052990501,2.1138670867492912,9.80540017132237,0.0,0.0,9.80665,0.006781636094977247,0.014924699405888555,-0.13685608822459036,20.0,-3.0,42.0,261.2341422407734,-2.0,1.0
52.40624627495429,-1.5190826281583507,80.0,56.2500677075673,4.0,254.236260257753,9,22900.0,2026-01-01 00-00-00_000,-0.048433650880737804,2.310913093939573,9.491258537097261,0.0,0.0,9.80665,-0.0040441189751703795,-0.0057560654993216555,-0.13551107034009677,20.0,-3.0,42.0,262.0389270123592,-2.0,1.0
52.40621962491238,-1.5193093720611723,80.0,56.70479673871604,4.0,262.82780520679404,9,23000.0,2026-01-01 00-00-00_000,0.15650011067088657,2.5014925924725415,10.02110081680303,0.0,0.0,9.80665,0.013164865768995367,0.01102897576211466,-0.1318693396948592,20.0,-3.0,42.0,262.82780520679404,-2.0,1.0
52.40621962491238,-1.5193093720611723,80.0,56.70479673871604,4.0,262.82780520679404,9,23100.0,2026-01-01 00-00-00_000,0.3304107961976267,2.44059397498986,10.101553081123669,0.0,0.0,9.80665,0.010748309276127473,0.022435396010564178,-0.13425295717905644,20.0,-3.0,42.0,263.6006738709406,-2.0,1.0
52.40621962491238,-1.5193093720611723,80.0,56.70479673871604,4.0,262.82780520679404,9,23200.0,2026-01-01 00-00-00_000,-0.13730787209776013,2.307867962487009,9.496370459389807,0.0,0.0,9.80665,-0.01269395055315404,-0.023933404057538934,-0.11809133117226671,20.0,-3.0,42.0,264.35743214099705,-2.0,1.0
52.40621962491238,-1.5193093720611723,80.0,56.70479673871604,4.0,262.82780520679404,9,23300.0,2026-01-01 00-00-00_000,0.6158441361854325,2.0560565747633452,9.886167522290911,0.0,0.0,9.80665,0.009508305306786433,-0.009290551123072312,-0.1238351729479568,20.0,-3.0,42.0,265.0979812556606,-2.0,1.0
52.40621962491238,-1.5193093720611723,80.0,56.70479673871604,4.0,262.82780520679404,9,23400.0,2026-01-01 00-00-00_000,0.0062425191593160415,1.8244936217818815,10.17798953076566,0.0,0.0,9.80665,-0.004676106712233501,-0.0013260966862583161,-0.12056591021830501,20.0,-3.0,42.0,265.8222245690163,-2.0,1.0
52.40621962491238,-1.5193093720611723,80.0,56.70479673871604,4.0,262.82780520679404,9,23500.0,2026-01-01 00-00-00_000,0.13499061981346824,1.6915196753632764,9.637896914367458,0.0,0.0,9.80665,0.012289416773439196,0.012625777575296454,-0.1308670704745446,20.0,-3.0,42.0,266.53006756315017,-2.0,1.0
52.40621962491238,-1.5193093720611723,80.0,56.70479673871604,4.0,262.82780520679404,9,23600.0,2026-01-01 00-00-00_000,0.40347293374918436,1.5498985445628697,9.576999166902475,0.0,0.0,9.80665,0.004095877589921118,-0.004155505037789066,-0.11413739696574716,20.0,-3.0,42.0,267.2214178604838,-2.0,1.0
52.40621962491238,-1.5193093720611723,80.0,56.70479673871604,4.0,262.82780520679404,9,23700.0,2026-01-01 00-00-00_000,-0.1602137287600742,1.5647525658021944,10.214224805022152,0.0,0.0,9.80665,-0.0012391958544893645,0.004602493750667195,-0.11929374156838568,20.0,-3.0,42.0,267.89618523583096,-2.0,1.0
52.40621962491238,-1.5193093720611723,80.0,56.70479673871604,4.0,262.82780520679404,9,23800.0,2026-01-01 00-00-00_000,0.540174943927727,1.7151267218500856,9.664287720494793,0.0,0.0,9.80665,0.005627902200135112,-0.006649710352728024,-0.11495964073748946,20.0,-3.0,42.0,268.5542816281715,-2.0,1.0
52.40621962491238,-1.5193093720611723,80.0,56.70479673871604,4.0,262.82780520679404,9,23900.0,2026-01-01 00-00-00_000,-0.04279531809389436,1.874452568160983,9.492367422364284,0.0,0.0,9.80665,-0.006113132944960374,0.0064618547285713755,-0.09945627315005827,20.0,-3.0,42.0,269.1956211521447,-2.0,1.0
52.40621173351711,-1.5195417343853836,80.0,57.10609370022009,4.0,269.82012010925735,9,24000.0,2026-01-01 00-00-00_000,0.12342675736246368,2.0096385275884114,9.98540657784897,0.0,0.0,9.80665,0.002359561209926405,-0.011564175430534049,-0.11393124070276317,20.0,-3.0,42.0,269.82012010925735,-2.0,1.0
52.40621173351711,-1.5195417343853836,80.0,57.10609370022009,4.0,269.82012010925735,9,24100.0,2026-01-01 00-00-00_000,0.4293572539706402,2.029092564908577,10.030507752631255,0.0,0.0,9.80665,0.002900216884018218,0.009239062902378414,-0.1036795738330527,20.0,-3.0,42.0,270.42769699880705,-2.0,1.0
52.40621173351711,-1.5195417343853836,80.0,57.10609370022009,4.0,269.82012010925735,9,24200.0,2026-01-01 00-00-00_000,-0.09968997164778055,1.8682397414111915,9.370648667477223,0.0,0.0,9.80665,-0.0021745862108637974,-0.029618982623537064,-0.09393395498379878,20.0,-3.0,42.0,271.01827252851837,-2.0,1.0
52.40621173351711,-1.5195417343853836,80.0,57.10609370022009,4.0,269.82012010925735,9,24300.0,2026-01-01 00-00-00_000,0.4548565595233211,1.5578804252796565,9.879394457338503,0.0,0.0,9.80665,0.0029311749031736925,-0.018451845502120204,-0.08667408047025062,20.0,-3.0,42.0,271.5917696248909,-2.0,1.0
52.40621173351711,-1.5195417343853836,80.0,57.10609370022009,4.0,269.82012010925735,9,24400.0,2026-01-01 00-00-00_000,-0.06362696113285435,1.2470388037342373,10.161546647666627,0.0,0.0,9.80665,-0.010294124770248284,0.019217451758237396,-0.09734235048694623,20.0,-3.0,42.0,272.1481134432583,-2.0,1.0
52.40621173351711,-1.5195417343853836,80.0,57.10609370022009,4.0,269.82012010925735,9,24500.0,2026-01-01 00-00-00_000,0.07179385763199514,1.1544920154457154,9.546942817028839,0.0,0.0,9.80665,0.0045698214608003935,0.0024911710126892654,-0.0874828690217724,20.0,-3.0,42.0,272.68723137755524,-2.0,1.0
52.40621173351711,-1.5195417343853836,80.0,57.10609370022009,4.0,269.82012010925735,9,24600.0,2026-01-01 00-00-00_000,0.3465665400707998,1.0533668758180272,9.651373309728008,0.0,0.0,9.80665,-0.012297967974146892,-0.008360135621974393,-0.08473958129053223,20.0,-3.0,42.0,273.20905306979336,-2.0,1.0
52.40621173351711,-1.5195417343853836,80.0,57.10609370022009,4.0,269.82012010925735,9,24700.0,2026-01-01 00-00-00_000,-0.2354896456132388,1.028746069665785,10.191048153988254,0.0,0.0,9.80665,0.005203757292141873,0.023126938242207032,-0.09328007990991799,20.0,-3.0,42.0,273.7135104192434,-2.0,1.0
52.40621173351711,-1.5195417343853836,80.0,57.10609370022009,4.0,269.82012010925735,9,24800.0,2026-01-01 00-00-00_000,0.5857203962784535,1.366803386813954,9.81490269033143,0.0,0.0,9.80665,0.0037710368144727915,0.01141353269892662,-0.0985074509354108,20.0,-3.0,42.0,274.2005375913223,-2.0,1.0
52.40621173351711,-1.5195417343853836,80.0,57.10609370022009,4.0,269.82012010925735,9,24900.0,2026-01-01 00-00-00_000,-0.03835060653982803,1.4105173332175187,9.581014666411296,0.0,0.0,9.80665,0.006034749593525457,0.012207600639629402,-0.0937176431511687,20.0,-3.0,42.0,274.67007102618567,-2.0,1.0
52.406218919372094,-1.5197757531911567,80.0,57.46023702576403,4.0,275.12204944702205,9,25000.0,2026-01-01 00-00-00_000,0.13854890836947986,1.5533964681463432,10.08632126912039,0.0,0.0,9.80665,-0.006028141872376356,-0.0035627927419729054,-0.06998236284469131,20.0,-3.0,42.0,275.12204944702205,-2.0,1.0
52.406218919372094,-1.5197757531911567,80.0,57.46023702576403,4.0,275.12204944702205,9,25100.0,2026-01-01 00-00-00_000,0.3609637844179757,1.522162384633794,9.97074868101669,0.0,0.0,9.80665,0.028221762233671913,0.00705075322037881,-0.07097633496520334,20.0,-3.0,42.0,275.5564138680504,-2.0,1.0
52.406218919372094,-1.5197757531911567,80.0,57.46023702576403,4.0,275.12204944702205,9,25200.0,2026-01-01 00-00-00_000,-0.2649053689402492,1.373371380195203,9.574798303766764,0.0,0.0,9.80665,-0.002853914848364087,0.005885618457052648,-0.07969007884999786,20.0,-3.0,42.0,275.9731076022178,-2.0,1.0
52.406218919372094,-1.5197757531911567,80.0,57.46023702576403,4.0,275.12204944702205,9,25300.0,2026-01-01 00-00-00_000,0.48422683406953554,1.1287557356925477,9.931106903451132,0.0,0.0,9.80665,0.0007614268813828182,-0.01613976742329863,-0.07087054175087816,20.0,-3.0,42.0,276.3720762685975,-2.0,1.0
52.406218919372094,-1.5197757531911567,80.0,57.46023702576403,4.0,275.12204944702205,9,25400.0,2026-01-01 00-00-00_000,-0.04390050244099929,0.811513767119391,10.134064933859323,0.0,0.0,9.80665,-0.007860034983995347,0.006762657774768975,-0.06580453184329435,20.0,-3.0,42.0,276.75326779948585,-2.0,1.0
52.406218919372094,-1.5197757531911567,80.0,57.46023702576403,4.0,275.12204944702205,9,25500.0,2026-01-01 00-00-00_000,0.18167355422104198,0.6708331578424104,9.558515076462912,0.0,0.0,9.80665,0.012956978461087516,-0.0011562484663039448,-0.06235066036003011,20.0,-3.0,42.0,277.11663244719773,-2.0,1.0
52.406218919372094,-1.5197757531911567,80.0,57.46023702576403,4.0,275.12204944702205,9,25600.0,2026-01-01 00-00-00_000,0.4285405576947421,0.5385841963831665,9.682499505270094,0.0,0.0,9.80665,-0.0051375148331768185,0.013816408789768964,-0.05655133471837657,20.0,-3.0,42.0,277.46212279055857,-2.0,1.0
52.406218919372094,-1.5197757531911567,80.0,57.46023702576403,4.0,275.12204944702205,9,25700.0,2026-01-01 00-00-00_000,-0.24213571670617015,0.700662425644873,10.094936499766906,0.0,0.0,9.80665,0.008810654680433407,0.014018232009055432,-0.03512939120392043,20.0,-3.0,42.0,277.7896937410933,-2.0,1.0
52.406218919372094,-1.5197757531911567,80.0,57.46023702576403,4.0,275.12204944702205,9,25800.0,2026-01-01 00-00-00_000,0.44880987329210925,0.7524664932704568,9.781988791662634,0.0,0.0,9.80665,-0.009628388629671709,-0.005829569667833553,-0.056435171454586874,20.0,-3.0,42.0,278.0993025489105,-2.0,1.0
52.406218919372094,-1.5197757531911567,80.0,57.46023702576403,4.0,275.12204944702205,9,25900.0,2026-01-01 00-00-00_000,-0.054315446716233215,1.0232028222227192,9.430175484883682,0.0,0.0,9.80665,0.002324150755340918,-0.005434873588482909,-0.04572901300965963,20.0,-3.0,42.0,278.3909088082817,-2.0,1.0
52.40623699008447,-1.520009597585974,80.0,57.77276741362756,4.0,278.6644744629143,9,26000.0,2026-01-01 00-00-00_000,0.16802700436458812,1.0493077655189293,10.06760136384931,0.0,0.0,9.80665,-0.0041483730981657155,0.0026655989876387593,-0.05004756145294294,20.0,-3.0,42.0,278.6644744629143,-2.0,1.0
52.40623699008447,-1.520009597585974,80.0,57.77276741362756,4.0,278.6644744629143,9,26100.0,2026-01-01 00-00-00_000,0.37262689006601146,1.0031512880612652,9.87109212471951,0.0,0.0,9.80665,0.008244122790838155,0.007386980136189891,-0.0457366731381626,20.0,-3.0,42.0,278.91996381091855,-2.0,1.0
52.40623699008447,-1.520009597585974,80.0,57.77276741362756,4.0,278.6644744629143,9,26200.0,2026-01-01 00-00-00_000,-0.23977043249932464,0.8205788426704087,9.428324689215726,0.0,0.0,9.80665,-0.003369180495104284,-0.0034784762980566253,-0.04463464640939461,20.0,-3.0,42.0,279.1573435094662,-2.0,1.0
52.40623699008447,-1.520009597585974,80.0,57.77276741362756,4.0,278.6644744629143,9,26300.0,2026-01-01 00-00-00_000,0.4958316568400033,0.6579534854333914,9.98383316194461,0.0,0.0,9.80665,-0.00880050434573208,-0.0004557284754701018,-0.03615490250659445,20.0,-3.0,42.0,279.3765825791428,-2.0,1.0
52.40623699008447,-1.520009597585974,80.0,57.77276741362756,4.0,278.6644744629143,9,26400.0,2026-01-01 00-00-00_000,-0.09961210319708896,0.2905266726200894,10.106618030167635,0.0,0.0,9.80665,0.0037089710497071665,0.006934880908883545,-0.03561910137614692,20.0,-3.0,42.0,279.5776524079897,-2.0,1.0
52.40623699008447,-1.520009597585974,80.0,57.77276741362756,4.0,278.6644744629143,9,26500.0,2026-01-01 00-00-00_000,0.07959601015647033,0.09484191250087519,9.57418573403851,0.0,0.0,9.80665,-0.011916459308176032,0.0050188193102460015,-0.02506805609986243,20.0,-3.0,42.0,279.760526755239,-2.0,1.0
52.40623699008447,-1.520009597585974,80.0,57.77276741362756,4.0,278.6644744629143,9,26600.0,2026-01-01 00-00-00_000,0.30851015519894986,-0.029528376366293033,9.713208350670792,0.0,0.0,9.80665,-0.0096647303412573,0.012562832342730233,-0.023004034306261016,20.0,-3.0,42.0,279.9251817547374,-2.0,1.0
52.40623699008447,-1.520009597585974,80.0,57.77276741362756,4.0,278.6644744629143,9,26700.0,2026-01-01 00-00-00_000,-0.23164694855641127,0.13940665770411098,10.197815596965745,0.0,0.0,9.80665,0.006730437694449762,0.003136836430697092,-0.02886151646320614,20.0,-3.0,42.0,280.0715959180614,-2.0,1.0
52.40623699008447,-1.520009597585974,80.0,57.77276741362756,4.0,278.6644744629143,9,26800.0,2026-01-01 00-00-00_000,0.5040803699969235,0.2748683401220474,9.810621934678165,0.0,0.0,9.80665,-0.018329130094784776,-0.008345818136869085,-0.002696883953182242,20.0,-3.0,42.0,280.19975013732136,-2.0,1.0
52.40623699008447,-1.520009597585974,80.0,57.77276741362756,4.0,278.6644744629143,9,26900.0,2026-01-01 00-00-00_000,-0.07307742818837876,0.4657898733714657,9.529370472884573,0.0,0.0,9.80665,0.00666224604248048,-0.01729761123405548,-0.024743653381571508,20.0,-3.0,42.0,280.30962768765517,-2.0,1.0
52.40626151941803,-1.520243095385099,80.0,58.04857451288069,4.0,280.40121422941115,9,27000.0,2026-01-01 00-00-00_000,0.04809448200034584,0.5472588136071219,10.08791680123483,0.0,0.0,9.80665,-0.004344776598673127,0.00897685248902399,-0.009084643924821972,20.0,-3.0,42.0,280.40121422941115,-2.0,1.0
52.40626151941803,-1.520243095385099,80.0,58.04857451288069,4.0,280.40121422941115,9,27100.0,2026-01-01 00-00-00_000,0.34656788064465033,0.47159308553679435,10.05664352833006,0.0,0.0,9.80665,-0.009220647506212052,-0.002708467808414663,0.00893109698542836,20.0,-3.0,42.0,280.47449781001933,-2.0,1.0
52.40626151941803,-1.520243095385099,80.0,58.04857451288069,4.0,280.40121422941115,9,27200.0,2026-01-01 00-00-00_000,-0.22538050550179806,0.324197019888479,9.375326132090304,0.0,0.0,9.80665,0.001792227827105521,-0.0028574688199747185,-0.01143101538100164,20.0,-3.0,42.0,280.5294688655514,-2.0,1.0
52.40626151941803,-1.520243095385099,80.0,58.04857451288069,4.0,280.40121422941115,9,27300.0,2026-01-01 00-00-00_000,0.4539651520030707,0.12616659122260235,9.868573585197089,0.0,0.0,9.80665,0.005477895831278507,-0.0022661952316259293,0.008434528369418234,20.0,-3.0,42.0,280.5661202219687,-2.0,1.0
52.40626151941803,-1.520243095385099,80.0,58.04857451288069,4.0,280.40121422941115,9,27400.0,2026-01-01 00-00-00_000,-0.09413348905565268,-0.17749189808014207,10.172005785584837,0.0,0.0,9.80665,-0.0060513073845438956,-0.015367878971881126,0.012398559251105109,20.0,-3.0,42.0,280.5844470960584,-2.0,1.0
52.40626151941803,-1.520243095385099,80.0,58.04857451288069,4.0,280.40121422941115,9,27500.0,2026-01-01 00-00-00_000,0.08034147980078613,-0.3596659609131725,9.601359332955758,0.0,0.0,9.80665,-0.002170544382982137,-0.0033035340740369496,0.006761298637685432,20.0,-3.0,42.0,280.5844470960584,-2.0,1.0
52.40626151941803,-1.520243095385099,80.0,58.04857451288069,4.0,280.40121422941115,9,27600.0,2026-01-01 00-00-00_000,0.46047032376497543,-0.49528827151153165,9.65513682201029,0.0,0.0,9.80665,0.007095927269000352,-0.02590181066009755,-0.007917603259873507,20.0,-3.0,42.0,280.5661202219687,-2.0,1.0
52.40626151941803,-1.520243095385099,80.0,58.04857451288069,4.0,280.40121422941115,9,27700.0,2026-01-01 00-00-00_000,-0.2768419275819771,-0.35416189658491193,10.135124554444847,0.0,0.0,9.80665,0.006654338936693667,-0.003427925281826298,0.021999885449096403,20.0,-3.0,42.0,280.5294688655514,-2.0,1.0
52.40626151941803,-1.520243095385099,80.0,58.04857451288069,4.0,280.40121422941115,9,27800.0,2026-01-01 00-00-00_000,0.4396142573089114,-0.2440769579524832,9.699877883530139,0.0,0.0,9.80665,-0.0009592892133392499,-0.008468826707503768,0.014343213890244958,20.0,-3.0,42.0,280.47449781001933,-2.0,1.0
52.40626151941803,-1.520243095385099,80.0,58.04857451288069,4.0,280.40121422941115,9,27900.0,2026-01-01 00-00-00_000,-0.15075069863942397,-0.09370459531934117,9.403855114983642,0.0,0.0,9.80665,-0.007762908431919437,0.01947081747224122,0.012312700410764568,20.0,-3.0,42.0,280.40121422941115,-2.0,1.0
52.406287982989014,-1.5204771049872967,80.0,58.29197342368243,4.0,280.30962768765517,9,28000.0,2026-01-01 00-00-00_000,0.04020088711678503,0.018258843943700115,10.108294157529492,0.0,0.0,9.80665,-0.00941989014827321,0.005252218315943651,0.030409542871472933,20.0,-3.0,42.0,280.30962768765517,-2.0,1.0
52.406287982989014,-1.5204771049872967,80.0,58.29197342368243,4.0,280.30962768765517,9,28100.0,2026-01-01 00-00-00_000,0.3185559612334201,-0.06614528379345688,9.951748474897295,0.0,0.0,9.80665,-0.00609427788602555,-0.0015066432926327047,0.017246454700657665,20.0,-3.0,42.0,280.19975013732136,-2.0,1.0
52.406287982989014,-1.5204771049872967,80.0,58.29197342368243,4.0,280.30962768765517,9,28200.0,2026-01-01 00-00-00_000,-0.19892095780737878,-0.10473756762327364,9.456833087192875,0.0,0.0,9.80665,0.005989473971601583,0.002338510156981317,0.035063042402567766,20.0,-3.0,42.0,280.0715959180614,-2.0,1.0
52.406287982989014,-1.5204771049872967,80.0,58.29197342368243,4.0,280.30962768765517,9,28300.0,2026-01-01 00-00-00_000,0.41552051677339985,-0.35532620186156627,9.87554174043544,0.0,0.0,9.80665,0.005031186314849973,0.008137540889485402,0.025065486680318064,20.0,-3.0,42.0,279.9251817547374,-2.0,1.0
52.406287982989014,-1.5204771049872967,80.0,58.29197342368243,4.0,280.30962768765517,9,28400.0,2026-01-01 00-00-00_000,-0.16524098374460072,-0.7032480382212084,10.216840137588163,0.0,0.0,9.80665,0.0024514589641108733,-0.007067898194835165,0.03711149215035495,20.0,-3.0,42.0,279.760526755239,-2.0,1.0
52.406287982989014,-1.5204771049872967,80.0,58.29197342368243,4.0,280.30962768765517,9,28500.0,2026-01-01 00-00-00_000,0.11963805628287541,-0.8175770981982691,9.528450558622318,0.0,0.0,9.80665,0.01275219809509585,-0.0016810919441192583,0.027113003821367176,20.0,-3.0,42.0,279.5776524079897,-2.0,1.0
52.406287982989014,-1.5204771049872967,80.0,58.29197342368243,4.0,280.30962768765517,9,28600.0,2026-01-01 00-00-00_000,0.37095345648706857,-0.9927974174034795,9.670490842063122,0.0,0.0,9.80665,-0.0032456801846118127,-0.002960532501706934,0.03584973567648876,20.0,-3.0,42.0,279.3765825791428,-2.0,1.0
52.406287982989014,-1.5204771049872967,80.0,58.29197342368243,4.0,280.30962768765517,9,28700.0,2026-01-01 00-00-00_000,-0.11827611868475378,-0.8727793820110534,10.167471000964353,0.0,0.0,9.80665,-0.003992710520179166,0.026110197249219227,0.034773065751233644,20.0,-3.0,42.0,279.1573435094662,-2.0,1.0
52.406287982989014,-1.5204771049872967,80.0,58.29197342368243,4.0,280.30962768765517,9,28800.0,2026-01-01 00-00-00_000,0.45194385981178486,-0.7439115045244237,9.80933468998012,0.0,0.0,9.80665,-0.00403427876428028,0.0014136869348949652,0.03960619202302289,20.0,-3.0,42.0,278.91996381091855,-2.0,1.0
52.406287982989014,-1.5204771049872967,80.0,58.29197342368243,4.0,280.30962768765517,9,28900.0,2026-01-01 00-00-00_000,-0.1348934026734545,-0.6744074486767428,9.49489503634426,0.0,0.0,9.80665,0.017685351012805987,-0.019473858869281407,0.050110913205443315,20.0,-3.0,42.0,278.6644744629143,-2.0,1.0
52.40631179726928,-1.5207128086402029,80.0,58.50677220855742,4.0,278.3909088082817,9,29000.0,2026-01-01 00-00-00_000,0.1057855854590977,-0.47274794708324586,10.16671713252139,0.0,0.0,9.80665,-0.019823842793900894,0.00882940523417697,0.05034157879624114,20.0,-3.0,42.0,278.3909088082817,-2.0,1.0
52.40631179726928,-1.5207128086402029,80.0,58.50677220855742,4.0,278.3909088082817,9,29100.0,2026-01-01 00-00-00_000,0.3363124798704582,-0.45357895072186194,9.919882104788934,0.0,0.0,9.80665,0.0023789531574799506,0.027169355132235097,0.056425124862854975,20.0,-3.0,42.0,278.0993025489105,-2.0,1.0
52.40631179726928,-1.5207128086402029,80.0,58.50677220855742,4.0,278.3909088082817,9,29200.0,2026-01-01 00-00-00_000,-0.20272210012087297,-0.5440656917228304,9.499415944781763,0.0,0.0,9.80665,0.00385680596194884,-0.009139031868301518,0.0685126444257722,20.0,-3.0,42.0,277.7896937410933,-2.0,1.0
52.40631179726928,-1.5207128086402029,80.0,58.50677220855742,4.0,278.3909088082817,9,29300.0,2026-01-01 00-00-00_000,0.4653828250528829,-0.8950268114854469,9.993845301447037,0.0,0.0,9.80665,0.00023483706049683522,0.03632930908101418,0.06022801755719377,20.0,-3.0,42.0,277.46212279055857,-2.0,1.0
52.40631179726928,-1.5207128086402029,80.0,58.50677220855742,4.0,278.3909088082817,9,29400.0,2026-01-01 00-00-00_000,-0.1602323685361023,-1.1839520227602867,10.167433252646468,0.0,0.0,9.80665,0.021717304280033968,1.644070544446027e-05,0.049092450137926125,20.0,-3.0,42.0,277.11663244719773,-2.0,1.0
52.40631179726928,-1.5207128086402029,80.0,58.50677220855742,4.0,278.3909088082817,9,29500.0,2026-01-01 00-00-00_000,0.13882251117883926,-1.412008776546602,9.567783444024062,0.0,0.0,9.80665,0.010729508967208494,0.010920793376865868,0.06505789364348058,20.0,-3.0,42.0,276.75326779948585,-2.0,1.0
52.40631179726928,-1.5207128086402029,80.0,58.50677220855742,4.0,278.3909088082817,9,29600.0,2026-01-01 00-00-00_000,0.3032303542411463,-1.470572281401428,9.671757633495883,0.0,0.0,9.80665,0.00695698070337288,-0.005128783503663223,0.07117785918212713,20.0,-3.0,42.0,276.3720762685975,-2.0,1.0
52.40631179726928,-1.5207128086402029,80.0,58.50677220855742,4.0,278.3909088082817,9,29700.0,2026-01-01 00-00-00_000,-0.3065069206246014,-1.4252629244149877,10.236387095833843,0.0,0.0,9.80665,-0.00879739405984202,-0.0021127100621988323,0.08194896161183296,20.0,-3.0,42.0,275.9731076022178,-2.0,1.0
52.40631179726928,-1.5207128086402029,80.0,58.50677220855742,4.0,278.3909088082817,9,29800.0,2026-01-01 00-00-00_000,0.4010851805420167,-1.2844708050689906,9.782050813727055,0.0,0.0,9.80665,0.004393260798821483,-0.011983868458890986,0.08516667011270121,20.0,-3.0,42.0,275.5564138680504,-2.0,1.0
52.40631179726928,-1.5207128086402029,80.0,58.50677220855742,4.0,278.3909088082817,9,29900.0,2026-01-01 00-00-00_000,-0.17059488616688667,-1.0894527269904735,9.455870636052802,0.0,0.0,9.80665,-0.0038098704506193126,-0.010196130086987403,0.08756896364517325,20.0,-3.0,42.0,275.12204944702205,-2.0,1.0
52.40632832697771,-1.5209509757875272,80.0,58.696331470888545,4.0,274.67007102618567,9,30000.0,2026-01-01 00-00-00_000,0.15516574740633615,-0.8728032345540191,10.201995389924631,0.0,0.0,9.80665,0.00012636162652243988,-0.021358209918716047,0.08101887630449618,20.0,-3.0,42.0,274.67007102618567,-2.0,1.0
52.40632832697771,-1.5209509757875272,80.0,58.696331470888545,4.0,274.67007102618567,9,30100.0,2026-01-01 00-00-00_000,0.30301876586806403,-0.9663375250137073,9.98098767591037,0.0,0.0,9.80665,0.0016106969277651826,0.012396784234251966,0.09121520483277223,20.0,-3.0,42.0,274.2005375913223,-2.0,1.0
52.40632832697771,-1.5209509757875272,80.0,58.696331470888545,4.0,274.67007102618567,9,30200.0,2026-01-01 00-00-00_000,-0.24743145758812296,-1.0794418750887222,9.394811501460067,0.0,0.0,9.80665,-0.004821138553091704,-0.011152259897250758,0.07720913292022977,20.0,-3.0,42.0,273.7135104192434,-2.0,1.0
52.40632832697771,-1.5209509757875272,80.0,58.696331470888545,4.0,274.67007102618567,9,30300.0,2026-01-01 00-00-00_000,0.49912993635655134,-1.4118857995388154,9.974915220526071,0.0,0.0,9.80665,0.005698811120166974,0.004449758929080082,0.10259949803184956,20.0,-3.0,42.0,273.2090530697934,-2.0,1.0
52.40632832697771,-1.5209509757875272,80.0,58.696331470888545,4.0,274.67007102618567,9,30400.0,2026-01-01 00-00-00_000,-0.11077270382903191,-1.7174266308681196,10.158279891837061,0.0,0.0,9.80665,0.015113082054600751,0.004033397175141588,0.0986491172850098,20.0,-3.0,42.0,272.6872313775553,-2.0,1.0
52.40632832697771,-1.5209509757875272,80.0,58.696331470888545,4.0,274.67007102618567,9,30500.0,2026-01-01 00-00-00_000,0.13223750899073872,-1.8923635358404012,9.576819288115443,0.0,0.0,9.80665,0.009517570846407178,-0.006031768287980734,0.10223614158151967,20.0,-3.0,42.0,272.14811344325835,-2.0,1.0
52.40632832697771,-1.5209509757875272,80.0,58.696331470888545,4.0,274.67007102618567,9,30600.0,2026-01-01 00-00-00_000,0.2849361781802192,-2.0858407084145516,9.723363389703364,0.0,0.0,9.80665,0.0017976410840614709,0.0011292153028088917,0.09799580848391741,20.0,-3.0,42.0,271.59176962489096,-2.0,1.0
52.40632832697771,-1.5209509757875272,80.0,58.696331470888545,4.0,274.67007102618567,9,30700.0,2026-01-01 00-00-00_000,-0.22049988521217725,-1.917818732935754,10.195950047841247,0.0,0.0,9.80665,-0.018446007913082502,-0.0003379254653395349,0.10454354823324559,20.0,-3.0,42.0,271.01827252851837,-2.0,1.0
52.40632832697771,-1.5209509757875272,80.0,58.696331470888545,4.0,274.67007102618567,9,30800.0,2026-01-01 00-00-00_000,0.4952951620519713,-1.7946903658828168,9.713485107236146,0.0,0.0,9.80665,0.010015453453103226,-0.004460891998364876,0.10160376054691139,20.0,-3.0,42.0,270.4276969988071,-2.0,1.0
52.40632832697771,-1.5209509757875272,80.0,58.696331470888545,4.0,274.67007102618567,9,30900.0,2026-01-01 00-00-00_000,-0.13241086267812485,-1.5368759624167858,9.439521481787315,0.0,0.0,9.80665,0.009936317538643848,0.001141533266996281,0.1146644309187962,20.0,-3.0,42.0,269.8201201092574,-2.0,1.0
52.4063329329324,-1.5211912352869377,80.0,58.86361693275198,4.0,269.1956211521448,9,31000.0,2026-01-01 00-00-00_000,0.15221704774898925,-1.51640974806856,10.045845450726006,0.0,0.0,9.80665,-0.0020297600713185047,0.0011502367298480557,0.10213646633297103,20.0,-3.0,42.0,269.1956211521448,-2.0,1.0
52.4063329329324,-1.5211912352869377,80.0,58.86361693275198,4.0,269.1956211521448,9,31100.0,2026-01-01 00-00-00_000,0.3712443738281715,-1.5023809750058497,9.909926071265996,0.0,0.0,9.80665,-0.004699405844584581,-0.009869397915685812,0.12386654109692787,20.0,-3.0,42.0,268.5542816281715,-2.0,1.0
52.4063329329324,-1.5211912352869377,80.0,58.86361693275198,4.0,269.1956211521448,9,31200.0,2026-01-01 00-00-00_000,-0.2761386629123903,-1.6025821604056432,9.52037418990035,0.0,0.0,9.80665,0.006007329138953925,-0.012712045468247214,0.12329732596153092,20.0,-3.0,42.0,267.896185235831,-2.0,1.0
52.4063329329324,-1.5211912352869377,80.0,58.86361693275198,4.0,269.1956211521448,9,31300.0,2026-01-01 00-00-00_000,0.41941538977895565,-1.8794722818790786,9.940192421115713,0.0,0.0,9.80665,-0.007808458432041861,-0.008112132125720315,0.1383104317787206,20.0,-3.0,42.0,267.2214178604839,-2.0,1.0
52.4063329329324,-1.5211912352869377,80.0,58.86361693275198,4.0,269.1956211521448,9,31400.0,2026-01-01 00-00-00_000,-0.15789107882023698,-2.1543693470265066,10.14282897726165,0.0,0.0,9.80665,0.0073186192939877675,0.0018661236907322148,0.12434245234746463,20.0,-3.0,42.0,266.53006756315017,-2.0,1.0
52.4063329329324,-1.5211912352869377,80.0,58.86361693275198,4.0,269.1956211521448,9,31500.0,2026-01-01 00-00-00_000,0.0631811892512836,-2.40499490972365,9.55576909838111,0.0,0.0,9.80665,-0.010338107910642866,0.014854836715595563,0.1267770159453244,20.0,-3.0,42.0,265.8222245690164,-2.0,1.0
52.4063329329324,-1.5211912352869377,80.0,58.86361693275198,4.0,269.1956211521448,9,31600.0,2026-01-01 00-00-00_000,0.3071236516170313,-2.491495701866695,9.657064955094809,0.0,0.0,9.80665,-0.008832717339845933,0.0157525589937163,0.1319794883547638,20.0,-3.0,42.0,265.09798125566067,-2.0,1.0
52.4063329329324,-1.5211912352869377,80.0,58.86361693275198,4.0,269.1956211521448,9,31700.0,2026-01-01 00-00-00_000,-0.20511302706797283,-2.3963814653816637,10.236784238060158,0.0,0.0,9.80665,-7.673278159298616e-06,0.003847209947744034,0.13354576791725678,20.0,-3.0,42.0,264.3574321409971,-2.0,1.0
52.4063329329324,-1.5211912352869377,80.0,58.86361693275198,4.0,269.1956211521448,9,31800.0,2026-01-01 00-00-00_000,0.4983155793740389,-2.221940514083611,9.862356126173392,0.0,0.0,9.80665,-0.013858837248402036,0.01036635795052545,0.1351978398677835,20.0,-3.0,42.0,263.6006738709407,-2.0,1.0
52.4063329329324,-1.5211912352869377,80.0,58.86361693275198,4.0,269.1956211521448,9,31900.0,2026-01-01 00-00-00_000,-0.1694391866879683,-2.0330926905522317,9.49296992834905,0.0,0.0,9.80665,-0.0001297244218939567,0.0018761213978927868,0.1298750438474634,20.0,-3.0,42.0,262.8278052067941,-2.0,1.0
52.40632112698311,-1.521431408863297,80.0,59.011245834693874,4.0,262.03892701235924,9,32000.0,2026-01-01 00-00-00_000,0.18028857425662342,-1.8741749054826584,10.003172066611956,0.0,0.0,9.80665,0.004862715181999237,0.011991253131079783,0.13264631431144694,20.0,-3.0,42.0,262.03892701235924,-2.0,1.0
52.40632112698311,-1.521431408863297,80.0,59.011245834693874,4.0,262.03892701235924,9,32100.0,2026-01-01 00-00-00_000,0.2547355107618646,-1.936571187538394,10.014431149979652,0.0,0.0,9.80665,-0.012511868647576894,0.0019240524900216672,0.13982748111880008,20.0,-3.0,42.0,261.23414224077345,-2.0,1.0
52.40632112698311,-1.521431408863297,80.0,59.011245834693874,4.0,262.03892701235924,9,32200.000000000004,2026-01-01 00-00-00_000,-0.22637337140769942,-2.122362466728435,9.483526521497456,0.0,0.0,9.80665,0.00857662128087741,0.004653763941270055,0.14484030549115923,20.0,-3.0,42.0,260.41355592107413,-2.0,1.0
52.40632112698311,-1.521431408863297,80.0,59.011245834693874,4.0,262.03892701235924,9,32299.999999999996,2026-01-01 00-00-00_000,0.4684839290920497,-2.3707342645622296,9.9558532879142,0.0,0.0,9.80665,-0.005406703756427275,-0.002331297506511136,0.1402585133063891,20.0,-3.0,42.0,259.5772751444913,-2.0,1.0
52.40632112698311,-1.521431408863297,80.0,59.011245834693874,4.0,262.03892701235924,9,32400.0,2026-01-01 00-00-00_000,-0.24351074896702252,-2.604786142818827,10.092720242385242,0.0,0.0,9.80665,0.00503553095710387,0.0005388391544899096,0.14318815317330083,20.0,-3.0,42.0,258.7254090504718,-2.0,1.0
52.40632112698311,-1.521431408863297,80.0,59.011245834693874,4.0,262.03892701235924,9,32500.0,2026-01-01 00-00-00_000,0.13310074008510575,-2.8534134375098548,9.50797801073346,0.0,0.0,9.80665,0.0018897413739911982,0.020172922998897818,0.1530559130105475,20.0,-3.0,42.0,257.858068812436,-2.0,1.0
52.40632112698311,-1.521431408863297,80.0,59.011245834693874,4.0,262.03892701235924,9,32600.0,2026-01-01 00-00-00_000,0.3195703448665224,-2.9675517989374107,9.63272381563686,0.0,0.0,9.80665,-0.004402053919986525,-0.011768525371779194,0.16411411677721546,20.0,-3.0,42.0,256.9753676232689,-2.0,1.0
52.40632112698311,-1.521431408863297,80.0,59.011245834693874,4.0,262.03892701235924,9,32700.000000000004,2026-01-01 00-00-00_000,-0.343841270268459,-2.864279968169574,10.217370695815266,0.0,0.0,9.80665,-0.0050278995933698304,0.0006225823520163795,0.15915789133629826,20.0,-3.0,42.0,256.07742068054796,-2.0,1.0
52.40632112698311,-1.521431408863297,80.0,59.011245834693874,4.0,262.03892701235924,9,32800.0,2026-01-01 00-00-00_000,0.48473744648861505,-2.711384687383407,9.801204570926197,0.0,0.0,9.80665,-0.016142030059711092,-0.005510127775943167,0.16889884639012595,20.0,-3.0,42.0,255.1643451715091,-2.0,1.0
52.40632112698311,-1.521431408863297,80.0,59.011245834693874,4.0,262.03892701235924,9,32900.0,2026-01-01 00-00-00_000,-0.1318566387944035,-2.5280736973431748,9.537555274393391,0.0,0.0,9.80665,-0.006644583782849533,0.010496534904115251,0.17392131445799844,20.0,-3.0,42.0,254.23626025775306,-2.0,1.0
52.40628888122496,-1.5216669903431506,80.0,59.141527883389585,4.0,253.29328705969408,9,33000.0,2026-01-01 00-00-00_000,0.13589524984297247,-2.423082164346176,10.088694544614583,0.0,0.0,9.80665,-0.007340579897571448,0.019324663291698727,0.1748532312059513,20.0,-3.0,42.0,253.29328705969408,-2.0,1.0
52.40628888122496,-1.5216669903431506,80.0,59.141527883389585,4.0,253.29328705969408,9,33100.0,2026-01-01 00-00-00_000,0.2906696481478598,-2.4093167968153404,9.929917379005051,0.0,0.0,9.80665,0.015335402053682081,-0.002633168374014175,0.1677117445736043,20.0,-3.0,42.0,252.33554864075322,-2.0,1.0
52.40628888122496,-1.5216669903431506,80.0,59.141527883389585,4.0,253.29328705969408,9,33200.0,2026-01-01 00-00-00_000,-0.21621338624269484,-2.579300934593818,9.483892653108162,0.0,0.0,9.80665,0.009468298993644297,-0.028043880031881876,0.1704035136437535,20.0,-3.0,42.0,251.36316999129744,-2.0,1.0
52.40628888122496,-1.5216669903431506,80.0,59.141527883389585,4.0,253.29328705969408,9,33300.0,2026-01-01 00-00-00_000,0.3902019297350542,-2.7860930184295163,9.924067840283437,0.0,0.0,9.80665,-0.01295360511433763,0.006935409298131849,0.16100840593524385,20.0,-3.0,42.0,250.3762780123282,-2.0,1.0
52.40628888122496,-1.5216669903431506,80.0,59.141527883389585,4.0,253.29328705969408,9,33400.0,2026-01-01 00-00-00_000,-0.155873128571131,-2.9692940487517445,10.162974871061559,0.0,0.0,9.80665,0.007434493074266167,0.006941648423319948,0.17317057438582878,20.0,-3.0,42.0,249.37500149891974,-2.0,1.0
52.40628888122496,-1.5216669903431506,80.0,59.141527883389585,4.0,253.29328705969408,9,33500.0,2026-01-01 00-00-00_000,0.16976357897369704,-3.2244945846628115,9.519303633934994,0.0,0.0,9.80665,0.0020033024818528716,-0.016825335620077476,0.1850654702129933,20.0,-3.0,42.0,248.35947112341066,-2.0,1.0
52.40628888122496,-1.5216669903431506,80.0,59.141527883389585,4.0,253.29328705969408,9,33600.0,2026-01-01 00-00-00_000,0.27756897021505744,-3.3272018840332986,9.681420837106687,0.0,0.0,9.80665,-0.003649192656169297,-0.0019245142440339565,0.17482038931071964,20.0,-3.0,42.0,247.3298194183504,-2.0,1.0
52.40628888122496,-1.5216669903431506,80.0,59.141527883389585,4.0,253.29328705969408,9,33700.0,2026-01-01 00-00-00_000,-0.2671482863615838,-3.3007666927358077,10.102105701943653,0.0,0.0,9.80665,0.004259815883510135,-0.0001201208539588643,0.19720704617369852,20.0,-3.0,42.0,246.28618075920335,-2.0,1.0
52.40628888122496,-1.5216669903431506,80.0,59.141527883389585,4.0,253.29328705969408,9,33800.0,2026-01-01 00-00-00_000,0.41822121145263164,-3.235147209683105,9.767402788943262,0.0,0.0,9.80665,0.007350455765964873,-0.023334729539398476,0.20027880398639608,20.0,-3.0,42.0,245.22869134681144,-2.0,1.0
52.40628888122496,-1.5216669903431506,80.0,59.141527883389585,4.0,253.29328705969408,9,33900.0,2026-01-01 00-00-00_000,-0.1731000326472747,-2.97549543682259,9.497911937219069,0.0,0.0,9.80665,-0.005413769678915095,0.007545376011781121,0.18794406583357387,20.0,-3.0,42.0,244.15748918961967,-2.0,1.0
52.40623310283543,-1.5218908915792337,80.0,59.25650138782592,4.0,243.07271408566498,9,34000.0,2026-01-01 00-00-00_000,0.09261698881791283,-2.8902406082899668,10.013452566234575,0.0,0.0,9.80665,-0.0026454873023365427,0.005113025765398921,0.20086213517605803,20.0,-3.0,42.0,243.07271408566498,-2.0,1.0
52.40623310283543,-1.5218908915792337,80.0,59.25650138782592,4.0,243.07271408566498,9,34100.0,2026-01-01 00-00-00_000,0.24146527767031953,-2.9244286083541327,9.926595308990725,0.0,0.0,9.80665,0.001488969529579188,0.0030354859217528846,0.18409150029428092,20.0,-3.0,42.0,241.974507604332,-2.0,1.0
52.40623310283543,-1.5218908915792337,80.0,59.25650138782592,4.0,243.07271408566498,9,34200.0,2026-01-01 00-00-00_000,-0.19196320850791848,-3.0171969916686785,9.493340739014299,0.0,0.0,9.80665,-0.009298327345515696,-0.010410955921653496,0.18942318163304842,20.0,-3.0,42.0,240.863013067877,-2.0,1.0
52.40623310283543,-1.5218908915792337,80.0,59.25650138782592,4.0,243.07271408566498,9,34300.0,2026-01-01 00-00-00_000,0.3590485151002837,-3.1903084166631546,9.888501498885413,0.0,0.0,9.80665,0.0016708204502934197,-0.006809081120388915,0.1972429264649824,20.0,-3.0,42.0,239.73837553272404,-2.0,1.0
52.40623310283543,-1.5218908915792337,80.0,59.25650138782592,4.0,243.07271408566498,9,34400.0,2026-01-01 00-00-00_000,-0.1416272332219132,-3.439219081438126,10.232234879265206,0.0,0.0,9.80665,-0.0008161740213063722,-0.005999637064028626,0.2026248069903228,20.0,-3.0,42.0,238.60074177053397,-2.0,1.0
52.40623310283543,-1.5218908915792337,80.0,59.25650138782592,4.0,243.07271408566498,9,34500.0,2026-01-01 00-00-00_000,0.08690208834876068,-3.65958609604053,9.503748988413594,0.0,0.0,9.80665,-0.0064292598912123865,0.005507600224209966,0.20327714262761457,20.0,-3.0,42.0,237.4502602490499,-2.0,1.0
52.40623310283543,-1.5218908915792337,80.0,59.25650138782592,4.0,243.07271408566498,9,34600.0,2026-01-01 00-00-00_000,0.32214151954176,-3.7506416070668087,9.71996256266029,0.0,0.0,9.80665,-0.00793974568378374,-0.009635363432532986,0.19996740964554008,20.0,-3.0,42.0,236.2870811127214,-2.0,1.0
52.40623310283543,-1.5218908915792337,80.0,59.25650138782592,4.0,243.07271408566498,9,34700.0,2026-01-01 00-00-00_000,-0.27546443117448427,-3.5846691571943596,10.093383694573843,0.0,0.0,9.80665,0.0028122540002599125,0.015701424170347464,0.22526363229118795,20.0,-3.0,42.0,235.11135616310975,-2.0,1.0
52.40623310283543,-1.5218908915792337,80.0,59.25650138782592,4.0,243.07271408566498,9,34800.0,2026-01-01 00-00-00_000,0.41105054790438855,-3.4612936418949567,9.731277200649638,0.0,0.0,9.80665,0.008158174715273409,0.004458380688320998,0.21374354713851298,20.0,-3.0,42.0,233.92323883907693,-2.0,1.0
52.40623310283543,-1.5218908915792337,80.0,59.25650138782592,4.0,243.07271408566498,9,34900.0,2026-01-01 00-00-00_000,-0.17997325138233616,-3.3299635021600436,9.439880689620098,0.0,0.0,9.80665,0.0030533498071638816,-0.02202446108163402,0.21584090415929752,20.0,-3.0,42.0,232.72288419676102,-2.0,1.0
52.40615223383301,-1.5220935944276073,80.0,59.357965149370266,4.0,231.51044888934038,9,35000.0,2026-01-01 00-00-00_000,0.08140792106515135,-3.0693281613689916,10.158134200623667,0.0,0.0,9.80665,-0.008057167920236587,0.017981992380471535,0.2211734910232622,20.0,-3.0,42.0,231.51044888934038,-2.0,1.0
52.40615223383301,-1.5220935944276073,80.0,59.357965149370266,4.0,231.51044888934038,9,35100.0,2026-01-01 00-00-00_000,0.2358387420326823,-3.2344347322385145,9.954701399034255,0.0,0.0,9.80665,0.006973635413805537,0.0021747940743062767,0.21912404214849304,20.0,-3.0,42.0,230.28609114658968,-2.0,1.0
52.40615223383301,-1.5220935944276073,80.0,59.357965149370266,4.0,231.51044888934038,9,35200.0,2026-01-01 00-00-00_000,-0.22472270605760988,-3.3695310105871132,9.4262589093219,0.0,0.0,9.80665,0.0015538274266459348,-0.005172000657068801,0.21785432358791257,20.0,-3.0,42.0,229.04997075422995,-2.0,1.0
52.40615223383301,-1.5220935944276073,80.0,59.357965149370266,4.0,231.51044888934038,9,35300.0,2026-01-01 00-00-00_000,0.46847425934982145,-3.521733927626303,9.885797456476702,0.0,0.0,9.80665,0.0055084931713198565,0.0015870491395851456,0.21722083481260895,20.0,-3.0,42.0,227.80224903307538,-2.0,1.0
52.40615223383301,-1.5220935944276073,80.0,59.357965149370266,4.0,231.51044888934038,9,35400.0,2026-01-01 00-00-00_000,-0.19787607816856095,-3.900410779946908,10.109473366653996,0.0,0.0,9.80665,0.010860644247761205,-0.018407208904056744,0.21038820735660596,20.0,-3.0,42.0,226.54308881798045,-2.0,1.0
52.40615223383301,-1.5220935944276073,80.0,59.357965149370266,4.0,231.51044888934038,9,35500.0,2026-01-01 00-00-00_000,-0.037669357076249466,-3.9790929859194675,9.520915839297396,0.0,0.0,9.80665,-0.008491165337038569,0.002490529534027391,0.2379393320649243,20.0,-3.0,42.0,225.2726544365887,-2.0,1.0
52.40615223383301,-1.5220935944276073,80.0,59.357965149370266,4.0,231.51044888934038,9,35600.0,2026-01-01 00-00-00_000,0.31377065070765725,-3.991167594960607,9.737011995871326,0.0,0.0,9.80665,-0.001343444866335702,-0.024982904803710234,0.22014734212230458,20.0,-3.0,42.0,223.99111168788718,-2.0,1.0
52.40615223383301,-1.5220935944276073,80.0,59.357965149370266,4.0,231.51044888934038,9,35700.0,2026-01-01 00-00-00_000,-0.33406381700748283,-3.9699134542039496,10.25042237110655,0.0,0.0,9.80665,-0.005627420355226845,-0.010098422439880256,0.2159939899329502,20.0,-3.0,42.0,222.69862782056873,-2.0,1.0
52.40615223383301,-1.5220935944276073,80.0,59.357965149370266,4.0,231.51044888934038,9,35800.0,2026-01-01 00-00-00_000,0.38537482199071127,-3.890067495374228,9.743327215636834,0.0,0.0,9.80665,-0.008215830034981645,0.01456582910571399,0.22486193179396863,20.0,-3.0,42.0,221.39537151120507,-2.0,1.0
52.40615223383301,-1.5220935944276073,80.0,59.357965149370266,4.0,231.51044888934038,9,35900.0,2026-01-01 00-00-00_000,-0.22358403309179706,-3.575492123438953,9.388608937349007,0.0,0.0,9.80665,0.01872788337934724,0.013603616071197939,0.22022436545796062,20.0,-3.0,42.0,220.08151284223342,-2.0,1.0
52.406046874149645,-1.5222638244298843,80.0,59.44750660465775,4.0,218.7572232797599,9,36000.0,2026-01-01 00-00-00_000,0.017010702418548407,-3.5324675566155523,10.089528271145662,0.0,0.0,9.80665,0.008757521993744657,-0.0030399169781025236,0.25141993454504385,20.0,-3.0,42.0,218.7572232797599,-2.0,1.0
52.406046874149645,-1.5222638244298843,80.0,59.44750660465775,4.0,218.7572232797599,9,36100.0,2026-01-01 00-00-00_000,0.29652486933772837,-3.500066781426164,9.964257188753985,0.0,0.0,9.80665,-0.01656041184967354,-0.009534765247709933,0.23990498175599476,20.0,-3.0,42.0,217.42267565118223,-2.0,1.0
52.406046874149645,-1.5222638244298843,80.0,59.44750660465775,4.0,218.7572232797599,9,36200.0,2026-01-01 00-00-00_000,-0.22113159036455346,-3.7534860013592817,9.46076225457345,0.0,0.0,9.80665,0.0039616834963111984,0.010180972967521504,0.2501894842115399,20.0,-3.0,42.0,216.0780441226346,-2.0,1.0
52.406046874149645,-1.5222638244298843,80.0,59.44750660465775,4.0,218.7572232797599,9,36300.0,2026-01-01 00-00-00_000,0.38551284223104504,-3.871546611278712,9.91552618139329,0.0,0.0,9.80665,-0.005227318142891334,-2.7374932598924605e-05,0.25229025834349367,20.0,-3.0,42.0,214.72350417625813,-2.0,1.0
52.406046874149645,-1.5222638244298843,80.0,59.44750660465775,4.0,218.7572232797599,9,36400.0,2026-01-01 00-00-00_000,-0.19053687506242745,-4.163278786684811,10.184052209162028,0.0,0.0,9.80665,0.010715280757019831,0.002691322630250459,0.2467542796029531,20.0,-3.0,42.0,213.3592325872995,-2.0,1.0
52.406046874149645,-1.5222638244298843,80.0,59.44750660465775,4.0,218.7572232797599,9,36500.0,2026-01-01 00-00-00_000,0.08838911663290112,-4.353963837104767,9.654411922254857,0.0,0.0,9.80665,0.0007591555978926753,0.006995797423989602,0.24845593655758877,20.0,-3.0,42.0,211.98540740104048,-2.0,1.0
52.406046874149645,-1.5222638244298843,80.0,59.44750660465775,4.0,218.7572232797599,9,36600.0,2026-01-01 00-00-00_000,0.40228034765514037,-4.456092295609854,9.693451958529819,0.0,0.0,9.80665,-0.0016533424144511612,-0.010695279924039167,0.23951121760611227,20.0,-3.0,42.0,210.60220790956228,-2.0,1.0
52.406046874149645,-1.5222638244298843,80.0,59.44750660465775,4.0,218.7572232797599,9,36700.0,2026-01-01 00-00-00_000,-0.1539060237311257,-4.267543160048603,10.203582526876335,0.0,0.0,9.80665,0.0013124476979840538,0.008723881784656174,0.24633054241541688,20.0,-3.0,42.0,209.20981462834686,-2.0,1.0
52.406046874149645,-1.5222638244298843,80.0,59.44750660465775,4.0,218.7572232797599,9,36800.0,2026-01-01 00-00-00_000,0.40947652257710637,-4.157761069225625,9.738186075372973,0.0,0.0,9.80665,0.0035692295576376814,-0.02150179847559097,0.24365731673383745,20.0,-3.0,42.0,207.80840927271856,-2.0,1.0
52.406046874149645,-1.5222638244298843,80.0,59.44750660465775,4.0,218.7572232797599,9,36900.0,2026-01-01 00-00-00_000,-0.17382767271620114,-3.8949790466261414,9.488969444366024,0.0,0.0,9.80665,0.00026217386197524366,0.01567850036927259,0.25048079489006314,20.0,-3.0,42.0,206.39817473412907,-2.0,1.0
52.40592027333671,-1.522389779619801,80.0,59.52652666160187,4.0,204.9792950562894,9,37000.0,2026-01-01 00-00-00_000,0.04754967417565652,-3.8571508972622164,10.098403131993267,0.0,0.0,9.80665,-0.0020717269092987854,-0.01585237173144998,0.2459289335561249,20.0,-3.0,42.0,204.9792950562894,-2.0,1.0
52.40592027333671,-1.522389779619801,80.0,59.52652666160187,4.0,204.9792950562894,9,37100.0,2026-01-01 00-00-00_000,0.24080283790092555,-3.795550053761499,10.027028567121215,0.0,0.0,9.80665,-0.0013079585994722742,-0.006063826346384053,0.2634628211659875,20.0,-3.0,42.0,203.55195541115074,-2.0,1.0
52.40592027333671,-1.522389779619801,80.0,59.52652666160187,4.0,204.9792950562894,9,37200.0,2026-01-01 00-00-00_000,-0.2623557401752607,-3.8889365562430744,9.478575025257173,0.0,0.0,9.80665,0.004762954568181044,-0.00649412711827713,0.26080413969709965,20.0,-3.0,42.0,202.1163420747388,-2.0,1.0
52.40592027333671,-1.522389779619801,80.0,59.52652666160187,4.0,204.9792950562894,9,37300.0,2026-01-01 00-00-00_000,0.42155801391567294,-4.146939862865844,9.889097878701019,0.0,0.0,9.80665,-0.010567175472544137,0.00803201485863068,0.2551040551355964,20.0,-3.0,42.0,200.6726424028433,-2.0,1.0
52.40592027333671,-1.522389779619801,80.0,59.52652666160187,4.0,204.9792950562894,9,37400.0,2026-01-01 00-00-00_000,-0.10959958637781604,-4.4425540134363635,10.211459002310814,0.0,0.0,9.80665,-3.2863796521098956e-05,0.008214222441124594,0.24370474503702794,20.0,-3.0,42.0,199.2210448065675,-2.0,1.0
52.40592027333671,-1.522389779619801,80.0,59.52652666160187,4.0,204.9792950562894,9,37500.0,2026-01-01 00-00-00_000,0.07006262276252131,-4.609171350546304,9.527960070335672,0.0,0.0,9.80665,-0.0011354891879484554,0.004186341206315639,0.2642886896624588,20.0,-3.0,42.0,197.76173872773893,-2.0,1.0
52.40592027333671,-1.522389779619801,80.0,59.52652666160187,4.0,204.9792950562894,9,37600.0,2026-01-01 00-00-00_000,0.2504263808563618,-4.621383442093739,9.642470058290199,0.0,0.0,9.80665,-0.004555738102804865,0.006091215757156522,0.267230234137899,20.0,-3.0,42.0,196.29491461418652,-2.0,1.0
52.40592027333671,-1.522389779619801,80.0,59.52652666160187,4.0,204.9792950562894,9,37700.0,2026-01-01 00-00-00_000,-0.22476312838023949,-4.586850508297042,10.078903423210013,0.0,0.0,9.80665,0.006870347752843416,0.005317718960348193,0.2607302062351619,20.0,-3.0,42.0,194.82076389488589,-2.0,1.0
52.40592027333671,-1.522389779619801,80.0,59.52652666160187,4.0,204.9792950562894,9,37800.0,2026-01-01 00-00-00_000,0.3808467255011956,-4.466730690615256,9.7468183679752,0.0,0.0,9.80665,-0.012071020339631477,-0.00031943169397483074,0.2522370151087697,20.0,-3.0,42.0,193.33947895497678,-2.0,1.0
52.40592027333671,-1.522389779619801,80.0,59.52652666160187,4.0,204.9792950562894,9,37900.0,2026-01-01 00-00-00_000,-0.09578517651476906,-4.129980249188723,9.441997651753132,0.0,0.0,9.80665,-0.0034263213683134505,-0.01945815412305371,0.26727631776234434,20.0,-3.0,42.0,191.85125311065582,-2.0,1.0
52.40577851445154,-1.5224608109259334,80.0,59.596261617097106,4.0,190.35628058394738,9,38000.0,2026-01-01 00-00-00_000,0.02907307001964682,-3.9327638995096263,10.116808196149087,0.0,0.0,9.80665,-0.007974588157354358,-0.023574654234125584,0.27349890003955385,20.0,-3.0,42.0,190.35628058394738,-2.0,1.0
52.40577851445154,-1.5224608109259334,80.0,59.596261617097106,4.0,190.35628058394738,9,38100.0,2026-01-01 00-00-00_000,0.2833235198354542,-3.9528402673059495,10.097574845756833,0.0,0.0,9.80665,0.005082982072173803,-0.023532417552701385,0.2504132876934151,20.0,-3.0,42.0,188.85475647735686,-2.0,1.0
52.40577851445154,-1.5224608109259334,80.0,59.596261617097106,4.0,190.35628058394738,9,38200.0,2026-01-01 00-00-00_000,-0.2181849513236957,-4.120781003221355,9.478504889068512,0.0,0.0,9.80665,-0.004382584776014011,-7.87182401923253e-05,0.2717983045626412,20.0,-3.0,42.0,187.34687674840833,-2.0,1.0
52.40577851445154,-1.5224608109259334,80.0,59.596261617097106,4.0,190.35628058394738,9,38300.0,2026-01-01 00-00-00_000,0.4471209228971134,-4.379206137995796,9.851552215860359,0.0,0.0,9.80665,0.0004465903206356181,-0.001955707119988602,0.253428058882504,20.0,-3.0,42.0,185.8328381840711,-2.0,1.0
52.40577851445154,-1.5224608109259334,80.0,59.596261617097106,4.0,190.35628058394738,9,38400.0,2026-01-01 00-00-00_000,-0.1472363044868895,-4.638090651980561,10.141349752047718,0.0,0.0,9.80665,0.0035865158395104756,-0.0010388365000568,0.26993425640201724,20.0,-3.0,42.0,184.312838375078,-2.0,1.0
52.40577851445154,-1.5224608109259334,80.0,59.596261617097106,4.0,190.35628058394738,9,38500.0,2026-01-01 00-00-00_000,0.07089016210970073,-4.651435097061761,9.509864874554758,0.0,0.0,9.80665,-0.014930426727278085,0.0027496463973583226,0.28455312124220145,20.0,-3.0,42.0,182.78707569013844,-2.0,1.0
52.40577851445154,-1.5224608109259334,80.0,59.596261617097106,4.0,190.35628058394738,9,38600.0,2026-01-01 00-00-00_000,0.2759400016942302,-4.828695140300268,9.7002277371835,0.0,0.0,9.80665,0.004215531148511638,-0.0020473585779432614,0.272015767562199,20.0,-3.0,42.0,181.2557492500503,-2.0,1.0
52.40577851445154,-1.5224608109259334,80.0,59.596261617097106,4.0,190.35628058394738,9,38700.0,2026-01-01 00-00-00_000,-0.23175201848052424,-4.757688367285055,10.151461918225483,0.0,0.0,9.80665,-0.00699584837244054,-0.010011868613796205,0.27612230532814147,20.0,-3.0,42.0,179.71905890171345,-2.0,1.0
52.40577851445154,-1.5224608109259334,80.0,59.596261617097106,4.0,190.35628058394738,9,38800.0,2026-01-01 00-00-00_000,0.33317013183085087,-4.592294482167102,9.775633852232861,0.0,0.0,9.80665,-0.0023857624337003756,-0.015262684493131777,0.2704798630513702,20.0,-3.0,42.0,178.17720519204863,-2.0,1.0
52.40577851445154,-1.5224608109259334,80.0,59.596261617097106,4.0,190.35628058394738,9,38900.0,2026-01-01 00-00-00_000,-0.1486244939683247,-4.387078924958475,9.490238753176317,0.0,0.0,9.80665,-0.0010581891930741378,-0.019386405714720986,0.2739154087217244,20.0,-3.0,42.0,176.63038934182495,-2.0,1.0
52.40563024466776,-1.5224692910839028,80.0,59.65780249932352,4.0,175.07881321939925,9,39000.0,2026-01-01 00-00-00_000,0.06662258965206408,-4.164686129534518,10.071212908070308,0.0,0.0,9.80665,0.007546856279945156,0.013065600860127702,0.2939791838664969,20.0,-3.0,42.0,175.07881321939925,-2.0,1.0
52.40563024466776,-1.5224692910839028,80.0,59.65780249932352,4.0,175.07881321939925,9,39100.0,2026-01-01 00-00-00_000,0.2684852353818348,-4.258952085808959,9.917368499373309,0.0,0.0,9.80665,0.006888758651431998,0.009847858593822574,0.2864810626871428,20.0,-3.0,42.0,173.52267931437137,-2.0,1.0
52.40563024466776,-1.5224692910839028,80.0,59.65780249932352,4.0,175.07881321939925,9,39200.0,2026-01-01 00-00-00_000,-0.20421196408191175,-4.393735936875843,9.44388035263759,0.0,0.0,9.80665,0.016487341410737384,-0.013736009746353799,0.27379251790876735,20.0,-3.0,42.0,171.96219071115792,-2.0,1.0
52.40563024466776,-1.5224692910839028,80.0,59.65780249932352,4.0,175.07881321939925,9,39300.0,2026-01-01 00-00-00_000,0.42516860252199484,-4.518034517569278,9.864080313327761,0.0,0.0,9.80665,0.0016475570594852347,-0.00248050313037846,0.27397284170535396,20.0,-3.0,42.0,170.39755106248867,-2.0,1.0
52.40563024466776,-1.5224692910839028,80.0,59.65780249932352,4.0,175.07881321939925,9,39400.0,2026-01-01 00-00-00_000,-0.15494535967159936,-4.735872222973763,10.140317002752811,0.0,0.0,9.80665,-0.004456118675765604,0.004972274473178987,0.2779183185964735,20.0,-3.0,42.0,168.8289645628286,-2.0,1.0
52.40563024466776,-1.5224692910839028,80.0,59.65780249932352,4.0,175.07881321939925,9,39500.0,2026-01-01 00-00-00_000,-0.029809020051906637,-4.9148791388424895,9.509661739773144,0.0,0.0,9.80665,-0.004699340880637966,0.01700304095772299,0.296324577675862,20.0,-3.0,42.0,167.25663592172953,-2.0,1.0
52.40563024466776,-1.5224692910839028,80.0,59.65780249932352,4.0,175.07881321939925,9,39600.0,2026-01-01 00-00-00_000,0.25266016707075173,-4.942262293779908,9.71039864803888,0.0,0.0,9.80665,0.006101158632654451,-0.005915601546449688,0.28074439191460954,20.0,-3.0,42.0,165.68077033711418,-2.0,1.0
52.40563024466776,-1.5224692910839028,80.0,59.65780249932352,4.0,175.07881321939925,9,39700.0,2026-01-01 00-00-00_000,-0.24120722897404298,-4.885206633226138,10.23872965856672,0.0,0.0,9.80665,0.01496576384934173,0.002186807913630267,0.2886982758611397,20.0,-3.0,42.0,164.10157346849672,-2.0,1.0
52.40563024466776,-1.5224692910839028,80.0,59.65780249932352,4.0,175.07881321939925,9,39800.0,2026-01-01 00-00-00_000,0.47195849956751207,-4.6104474136708475,9.818300207444475,0.0,0.0,9.80665,0.0031811838455739335,0.012435958501033368,0.27719736265503025,20.0,-3.0,42.0,162.51925141014306,-2.0,1.0
52.40563024466776,-1.5224692910839028,80.0,59.65780249932352,4.0,175.07881321939925,9,39900.0,2026-01-01 00-00-00_000,-0.16010049223090542,-4.460365454194513,9.550129665970342,0.0,0.0,9.80665,-0.005385970880656782,-0.017773879013059636,0.2702962751535386,20.0,-3.0,42.0,160.93401066417425,-2.0,1.0
52.40548589787618,-1.5224122833158804,80.0,59.71211213727068,4.0,159.346058113617,9,40000.0,2026-01-01 00-00-00_000,-0.005163073920132447,-4.2887909594706395,10.074354676103825,0.0,0.0,9.80665,0.0025612657954061273,-0.0073003503008775145,0.2919493307221381,20.0,-3.0,42.0,159.346058113617,-2.0,1.0
52.40548589787618,-1.5224122833158804,80.0,59.71211213727068,4.0,159.346058113617,9,40100.0,2026-01-01 00-00-00_000,0.26070541108481593,-4.358524038725763,9.930410574195232,0.0,0.0,9.80665,0.0023873925889840823,-6.0595329631813624e-05,0.28096458699020366,20.0,-3.0,42.0,157.7556009954039,-2.0,1.0
52.40548589787618,-1.5224122833158804,80.0,59.71211213727068,4.0,159.346058113617,9,40200.0,2026-01-01 00-00-00_000,-0.28796168331144484,-4.337335580781573,9.510271809739681,0.0,0.0,9.80665,0.0003034708645142927,-0.007178547853434063,0.275594398735102,20.0,-3.0,42.0,156.16284687332822,-2.0,1.0
52.40548589787618,-1.5224122833158804,80.0,59.71211213727068,4.0,159.346058113617,9,40300.0,2026-01-01 00-00-00_000,0.40837597486167876,-4.600208726025134,9.862954230145341,0.0,0.0,9.80665,-0.006938651227643901,0.02240528200979671,0.27670443751168083,20.0,-3.0,42.0,154.56800361095526,-2.0,1.0
52.40548589787618,-1.5224122833158804,80.0,59.71211213727068,4.0,159.346058113617,9,40400.0,2026-01-01 00-00-00_000,-0.1335674370575867,-4.83341538119542,10.17471709995696,0.0,0.0,9.80665,-0.023706426797107393,0.009401860711218561,0.277208341302942,20.0,-3.0,42.0,152.97127934449523,-2.0,1.0
52.40548589787618,-1.5224122833158804,80.0,59.71211213727068,4.0,159.346058113617,9,40500.0,2026-01-01 00-00-00_000,0.1498893806579958,-4.988513680180433,9.477549650578931,0.0,0.0,9.80665,-0.005013478511488723,0.002389845445774278,0.2780250992349792,20.0,-3.0,42.0,151.37288245564014,-2.0,1.0
52.40548589787618,-1.5224122833158804,80.0,59.71211213727068,4.0,159.346058113617,9,40600.0,2026-01-01 00-00-00_000,0.23525489959805024,-5.09986681013494,9.618506726043918,0.0,0.0,9.80665,0.00983197814649616,-0.009694159060158223,0.2706729292219837,20.0,-3.0,42.0,149.77302154436885,-2.0,1.0
52.40548589787618,-1.5224122833158804,80.0,59.71211213727068,4.0,159.346058113617,9,40700.0,2026-01-01 00-00-00_000,-0.22251036545037267,-4.916353638133955,10.116520798151939,0.0,0.0,9.80665,0.001984218696909458,0.009385530984420722,0.2932393593553896,20.0,-3.0,42.0,148.1719054017235,-2.0,1.0
52.40548589787618,-1.5224122833158804,80.0,59.71211213727068,4.0,159.346058113617,9,40800.0,2026-01-01 00-00-00_000,0.44424738844925415,-4.665504047261775,9.730818082631984,0.0,0.0,9.80665,-0.0206254394568106,0.006939102682516526,0.2867460990731694,20.0,-3.0,42.0,146.56974298256134,-2.0,1.0
52.40548589787618,-1.5224122833158804,80.0,59.71211213727068,4.0,159.346058113617,9,40900.0,2026-01-01 00-00-00_000,-0.18830105514959833,-4.523705500122353,9.523107452513232,0.0,0.0,9.80665,4.646111865030056e-05,-0.005052563983047309,0.29172399954313033,20.0,-3.0,42.0,144.96674337828443,-2.0,1.0
52.405356487635686,-1.5222925905326856,80.0,59.76004022453952,4.0,143.36311578955252,9,41000.0,2026-01-01 00-00-00_000,0.09349743631429655,-4.289255848004933,10.161506536008066,0.0,0.0,9.80665,-0.017250854734273385,-0.004214362901680709,0.2810813799217461,20.0,-3.0,42.0,143.36311578955252,-2.0,1.0
52.405356487635686,-1.5222925905326856,80.0,59.76004022453952,4.0,143.36311578955252,9,41100.0,2026-01-01 00-00-00_000,0.3367715161905283,-4.246376109079143,10.00800717897529,0.0,0.0,9.80665,0.018581372242589843,-0.014955018647826014,0.28678573612215696,20.0,-3.0,42.0,141.75906949898086,-2.0,1.0
52.405356487635686,-1.5222925905326856,80.0,59.76004022453952,4.0,143.36311578955252,9,41200.0,2026-01-01 00-00-00_000,-0.3651054405238408,-4.42524378348335,9.476466505900435,0.0,0.0,9.80665,0.001778522521846075,-0.0004901056919503408,0.2853568216283014,20.0,-3.0,42.0,140.15481384382764,-2.0,1.0
52.405356487635686,-1.5222925905326856,80.0,59.76004022453952,4.0,143.36311578955252,9,41300.0,2026-01-01 00-00-00_000,0.39163302465598465,-4.576026766058962,9.886477490886683,0.0,0.0,9.80665,-0.011237747623790942,0.009359707827900965,0.29356538730494947,20.0,-3.0,42.0,138.55055818867444,-2.0,1.0
52.405356487635686,-1.5222925905326856,80.0,59.76004022453952,4.0,143.36311578955252,9,41400.0,2026-01-01 00-00-00_000,-0.20155566181186155,-4.773570718149962,10.17772308848976,0.0,0.0,9.80665,0.0074510360689772695,0.010766723337143257,0.2905979397550461,20.0,-3.0,42.0,136.94651189810276,-2.0,1.0
52.405356487635686,-1.5222925905326856,80.0,59.76004022453952,4.0,143.36311578955252,9,41500.0,2026-01-01 00-00-00_000,0.0717043461972395,-4.959208687599509,9.60554408625454,0.0,0.0,9.80665,-0.007306270724666341,0.006369926155114173,0.28680696885317913,20.0,-3.0,42.0,135.34288430937085,-2.0,1.0
52.405356487635686,-1.5222925905326856,80.0,59.76004022453952,4.0,143.36311578955252,9,41600.0,2026-01-01 00-00-00_000,0.2938052494952691,-5.162388896798602,9.6445827379814,0.0,0.0,9.80665,0.005243865841402346,0.008920428381597503,0.2784871073717512,20.0,-3.0,42.0,133.739884705094,-2.0,1.0
52.405356487635686,-1.5222925905326856,80.0,59.76004022453952,4.0,143.36311578955252,9,41700.0,2026-01-01 00-00-00_000,-0.3121276414926645,-4.983338200679045,10.202463391426722,0.0,0.0,9.80665,0.00020214477033572034,-0.005844657698210794,0.2738450188963943,20.0,-3.0,42.0,132.1377222859318,-2.0,1.0
52.405356487635686,-1.5222925905326856,80.0,59.76004022453952,4.0,143.36311578955252,9,41800.0,2026-01-01 00-00-00_000,0.4696700445647799,-4.753103552278813,9.692070177020431,0.0,0.0,9.80665,-0.01101878468543032,-0.004607478117674114,0.27693372609877004,20.0,-3.0,42.0,130.5366061432865,-2.0,1.0
52.405356487635686,-1.5222925905326856,80.0,59.76004022453952,4.0,143.36311578955252,9,41900.0,2026-01-01 00-00-00_000,-0.05458690900037677,-4.523637529334531,9.447228880764925,0.0,0.0,9.80665,0.006210123201418927,0.01287891964433132,0.2780669999055226,20.0,-3.0,42.0,128.9367452320152,-2.0,1.0
52.40525218310322,-1.5221188666476306,80.0,59.80233661310108,4.0,127.33834834316009,9,42000.0,2026-01-01 00-00-00_000,0.07191412843400015,-4.315205574946416,10.065630121228239,0.0,0.0,9.80665,-0.012507580046166278,0.00500832908431797,0.2785854386191432,20.0,-3.0,42.0,127.33834834316009,-2.0,1.0
52.40525218310322,-1.5221188666476306,80.0,59.80233661310108,4.0,127.33834834316009,9,42100.0,2026-01-01 00-00-00_000,0.3155735836828457,-4.320856390491113,9.928790243715634,0.0,0.0,9.80665,0.012518175253790354,-0.008002644230702786,0.272613002194024,20.0,-3.0,42.0,125.74162407670005,-2.0,1.0
52.40525218310322,-1.5221188666476306,80.0,59.80233661310108,4.0,127.33834834316009,9,42200.0,2026-01-01 00-00-00_000,-0.28106296831470046,-4.3560726455693075,9.429077905709551,0.0,0.0,9.80665,0.0005650702859719479,0.0055254626624656675,0.2958715792208945,20.0,-3.0,42.0,124.14678081432709,-2.0,1.0
52.40525218310322,-1.5221188666476306,80.0,59.80233661310108,4.0,127.33834834316009,9,42300.0,2026-01-01 00-00-00_000,0.4259060078497687,-4.596080074263465,10.045709871982893,0.0,0.0,9.80665,-0.009608354308264089,0.008963224894122594,0.2841842026322041,20.0,-3.0,42.0,122.5540266922514,-2.0,1.0
52.40525218310322,-1.5221188666476306,80.0,59.80233661310108,4.0,127.33834834316009,9,42400.0,2026-01-01 00-00-00_000,-0.19209332968817794,-4.740296624277715,10.141805558577433,0.0,0.0,9.80665,-0.016930004760321093,0.007674843306521559,0.26517432705011584,20.0,-3.0,42.0,120.96356957403832,-2.0,1.0
52.40525218310322,-1.5221188666476306,80.0,59.80233661310108,4.0,127.33834834316009,9,42500.0,2026-01-01 00-00-00_000,0.05302387573892421,-4.927088781277082,9.59711690261471,0.0,0.0,9.80665,0.0150926294203615,0.001410628673331556,0.2722614021370946,20.0,-3.0,42.0,119.37561702348104,-2.0,1.0
52.40525218310322,-1.5221188666476306,80.0,59.80233661310108,4.0,127.33834834316009,9,42600.0,2026-01-01 00-00-00_000,0.33874169860279296,-4.974614811280798,9.64834239102701,0.0,0.0,9.80665,0.013553305570216074,-0.005103427879105943,0.2697693918311733,20.0,-3.0,42.0,117.79037627751227,-2.0,1.0
52.40525218310322,-1.5221188666476306,80.0,59.80233661310108,4.0,127.33834834316009,9,42700.0,2026-01-01 00-00-00_000,-0.3175266068408791,-4.854106877183574,10.221574513261107,0.0,0.0,9.80665,-0.01173913482639834,0.00445032935756847,0.28210851745404564,20.0,-3.0,42.0,116.2080542191586,-2.0,1.0
52.40525218310322,-1.5221188666476306,80.0,59.80233661310108,4.0,127.33834834316009,9,42800.0,2026-01-01 00-00-00_000,0.47863358385713245,-4.647324881721042,9.801820223766736,0.0,0.0,9.80665,0.015375074619999252,0.01797110085268247,0.288299663638077,20.0,-3.0,42.0,114.62885735054113,-2.0,1.0
52.40525218310322,-1.5221188666476306,80.0,59.80233661310108,4.0,127.33834834316009,9,42900.0,2026-01-01 00-00-00_000,-0.08146249103182666,-4.426148255637324,9.43459919442095,0.0,0.0,9.80665,0.001560783953804936,0.001813361819682552,0.27101585002858086,20.0,-3.0,42.0,113.05299176592577,-2.0,1.0
52.40518096516439,-1.521904690072352,80.0,59.83966304499716,4.0,111.4806631248267,9,43000.0,2026-01-01 00-00-00_000,-0.00022967878693948285,-4.335645543577303,10.180462144763064,0.0,0.0,9.80665,-0.0020662717015693093,-0.0066953026789508705,0.28345888267843405,20.0,-3.0,42.0,111.4806631248267,-2.0,1.0
52.40518096516439,-1.521904690072352,80.0,59.83966304499716,4.0,111.4806631248267,9,43100.0,2026-01-01 00-00-00_000,0.23240048509104455,-4.156116465469316,10.004224385063534,0.0,0.0,9.80665,-0.000812049461788164,0.003815669890661511,0.2755225515291154,20.0,-3.0,42.0,109.91207662516665,-2.0,1.0
52.40518096516439,-1.521904690072352,80.0,59.83966304499716,4.0,111.4806631248267,9,43200.0,2026-01-01 00-00-00_000,-0.20549314522736756,-4.259637129526904,9.455651967208603,0.0,0.0,9.80665,-0.0025076278618899016,-0.01258940341437065,0.28642836355977885,20.0,-3.0,42.0,108.34743697649739,-2.0,1.0
52.40518096516439,-1.521904690072352,80.0,59.83966304499716,4.0,111.4806631248267,9,43300.0,2026-01-01 00-00-00_000,0.39812482047707504,-4.496301408662102,9.913251237091158,0.0,0.0,9.80665,0.013364027795693699,0.0026622602543455026,0.2874610113190956,20.0,-3.0,42.0,106.78694837328395,-2.0,1.0
52.40518096516439,-1.521904690072352,80.0,59.83966304499716,4.0,111.4806631248267,9,43400.0,2026-01-01 00-00-00_000,-0.18443540852569432,-4.7142762749181015,10.2248888760996,0.0,0.0,9.80665,0.001402240885720049,-0.002854191360787871,0.2781256696931514,20.0,-3.0,42.0,105.23081446825607,-2.0,1.0
52.40518096516439,-1.521904690072352,80.0,59.83966304499716,4.0,111.4806631248267,9,43500.0,2026-01-01 00-00-00_000,-0.026962503885179116,-4.8473852158616895,9.507069733988558,0.0,0.0,9.80665,-0.017206378051017865,0.010256923844994362,0.2806396042900213,20.0,-3.0,42.0,103.67923834583038,-2.0,1.0
52.40518096516439,-1.521904690072352,80.0,59.83966304499716,4.0,111.4806631248267,9,43600.0,2026-01-01 00-00-00_000,0.28354033125552125,-4.840203500211382,9.675481701491835,0.0,0.0,9.80665,0.019547222491641005,0.0013398200209507663,0.273945612189,20.0,-3.0,42.0,102.13242249560668,-2.0,1.0
52.40518096516439,-1.521904690072352,80.0,59.83966304499716,4.0,111.4806631248267,9,43700.0,2026-01-01 00-00-00_000,-0.2531824581367342,-4.8442558731083905,10.247878975364006,0.0,0.0,9.80665,0.008235259082400219,0.011210956740622125,0.2700679046810853,20.0,-3.0,42.0,100.59056878594188,-2.0,1.0
52.40518096516439,-1.521904690072352,80.0,59.83966304499716,4.0,111.4806631248267,9,43800.0,2026-01-01 00-00-00_000,0.3774018235854697,-4.516340806656096,9.757934215302544,0.0,0.0,9.80665,-0.010167879706317327,0.02424721966660201,0.262751903502706,20.0,-3.0,42.0,99.05387843760502,-2.0,1.0
52.40518096516439,-1.521904690072352,80.0,59.83966304499716,4.0,111.4806631248267,9,43900.0,2026-01-01 00-00-00_000,-0.2877373346835729,-4.345462489148865,9.519902545397322,0.0,0.0,9.80665,-0.0033283223807289413,-0.002011873791772676,0.2739239972931624,20.0,-3.0,42.0,97.52255199751689,-2.0,1.0
52.40514765733658,-1.5216667689257235,80.0,59.872603505530016,4.0,95.99678931257732,9,44000.0,2026-01-01 00-00-00_000,0.13528918384016186,-4.116735724718442,10.113767419700983,0.0,0.0,9.80665,-0.008446631162117342,-0.008446354772437829,0.2697253290437547,20.0,-3.0,42.0,95.99678931257732,-2.0,1.0
52.40514765733658,-1.5216667689257235,80.0,59.872603505530016,4.0,95.99678931257732,9,44100.0,2026-01-01 00-00-00_000,0.20300712303369334,-4.007585016848614,10.065291639244625,0.0,0.0,9.80665,0.00043521063542707516,0.005046484415604354,0.26617126883374026,20.0,-3.0,42.0,94.4767895035842,-2.0,1.0
52.40514765733658,-1.5216667689257235,80.0,59.872603505530016,4.0,95.99678931257732,9,44200.0,2026-01-01 00-00-00_000,-0.2909434047712632,-4.17632166418449,9.37981799447881,0.0,0.0,9.80665,0.0036818207256804707,-0.0006626768706245264,0.26762987722844356,20.0,-3.0,42.0,92.962750939247,-2.0,1.0
52.40514765733658,-1.5216667689257235,80.0,59.872603505530016,4.0,95.99678931257732,9,44300.0,2026-01-01 00-00-00_000,0.45119069823752206,-4.215114898344067,9.94034384323534,0.0,0.0,9.80665,0.002224020624036443,0.0017301864311903986,0.26566889543055144,20.0,-3.0,42.0,91.45487121029845,-2.0,1.0
52.40514765733658,-1.5216667689257235,80.0,59.872603505530016,4.0,95.99678931257732,9,44400.0,2026-01-01 00-00-00_000,-0.09580106125996557,-4.529356317711965,10.095172078670977,0.0,0.0,9.80665,-0.005587480175521116,-0.006028230741767456,0.25763588593655323,20.0,-3.0,42.0,89.95334710370791,-2.0,1.0
52.40514765733658,-1.5216667689257235,80.0,59.872603505530016,4.0,95.99678931257732,9,44500.0,2026-01-01 00-00-00_000,0.12390354651359378,-4.760021391708209,9.54188412900458,0.0,0.0,9.80665,-0.0074734341530990865,0.006039180421602833,0.2606348152371628,20.0,-3.0,42.0,88.45837457699949,-2.0,1.0
52.40514765733658,-1.5216667689257235,80.0,59.872603505530016,4.0,95.99678931257732,9,44600.0,2026-01-01 00-00-00_000,0.28706991528389963,-4.670222252999193,9.699161493786386,0.0,0.0,9.80665,0.00790986639452676,0.0009686136434625368,0.27301737291788525,20.0,-3.0,42.0,86.9701487326785,-2.0,1.0
52.40514765733658,-1.5216667689257235,80.0,59.872603505530016,4.0,95.99678931257732,9,44700.0,2026-01-01 00-00-00_000,-0.2735380463631881,-4.629220167741712,10.12806094903269,0.0,0.0,9.80665,-0.0009389560533604644,-0.022262319001568557,0.2606411205995594,20.0,-3.0,42.0,85.4888637927694,-2.0,1.0
52.40514765733658,-1.5216667689257235,80.0,59.872603505530016,4.0,95.99678931257732,9,44800.0,2026-01-01 00-00-00_000,0.4095973699139093,-4.403585981795815,9.683422529100458,0.0,0.0,9.80665,0.021017802993885285,-0.0022212969827889,0.27261789877650683,20.0,-3.0,42.0,84.01471307346876,-2.0,1.0
52.40514765733658,-1.5216667689257235,80.0,59.872603505530016,4.0,95.99678931257732,9,44900.0,2026-01-01 00-00-00_000,-0.2227786421739098,-4.147037431356141,9.416248183991916,0.0,0.0,9.80665,-0.007537921824646024,0.0037147706257826918,0.2506469970831762,20.0,-3.0,42.0,82.5478889599163,-2.0,1.0
52.40515353153982,-1.5214226732611789,80.0,59.90167335991995,4.0,81.08858288108775,9,45000.0,2026-01-01 00-00-00_000,-0.010792451610699541,-4.022008681731203,10.109995598901392,0.0,0.0,9.80665,0.007363302133775051,0.012508272165848874,0.24770794705382795,20.0,-3.0,42.0,81.08858288108775,-2.0,1.0
52.40515353153982,-1.5214226732611789,80.0,59.90167335991995,4.0,81.08858288108775,9,45100.0,2026-01-01 00-00-00_000,0.29304368168262696,-3.782244007556093,9.900061299523482,0.0,0.0,9.80665,0.00045661475673272964,-0.005775444401089298,0.2583851816852662,20.0,-3.0,42.0,79.63698528481193,-2.0,1.0
52.40515353153982,-1.5214226732611789,80.0,59.90167335991995,4.0,81.08858288108775,9,45200.0,2026-01-01 00-00-00_000,-0.3273364790212684,-3.9174937428394045,9.449931790019832,0.0,0.0,9.80665,-0.007097753765681309,-0.008117130438419919,0.2622675438611634,20.0,-3.0,42.0,78.19328561291647,-2.0,1.0
52.40515353153982,-1.5214226732611789,80.0,59.90167335991995,4.0,81.08858288108775,9,45300.0,2026-01-01 00-00-00_000,0.3897025035403794,-4.056919214191338,9.887567881520106,0.0,0.0,9.80665,0.012722614309935132,0.012197141719694687,0.2492384477231536,20.0,-3.0,42.0,76.7576722765045,-2.0,1.0
52.40515353153982,-1.5214226732611789,80.0,59.90167335991995,4.0,81.08858288108775,9,45400.0,2026-01-01 00-00-00_000,-0.2177561480293502,-4.408842132280699,10.161207589115214,0.0,0.0,9.80665,0.0011538179886334669,-0.006113977219585679,0.2581883911312075,20.0,-3.0,42.0,75.33033263136586,-2.0,1.0
52.40515353153982,-1.5214226732611789,80.0,59.90167335991995,4.0,81.08858288108775,9,45500.0,2026-01-01 00-00-00_000,0.07138375512901475,-4.547825858691689,9.503147561401331,0.0,0.0,9.80665,-0.008347356509465935,0.0013229171984280488,0.2592112238808313,20.0,-3.0,42.0,73.91145295352618,-2.0,1.0
52.40515353153982,-1.5214226732611789,80.0,59.90167335991995,4.0,81.08858288108775,9,45600.0,2026-01-01 00-00-00_000,0.2989264991472337,-4.4608948943106865,9.646201106334452,0.0,0.0,9.80665,-0.0029793511306342043,0.005147517397544054,0.2588353050170554,20.0,-3.0,42.0,72.50121841493672,-2.0,1.0
52.40515353153982,-1.5214226732611789,80.0,59.90167335991995,4.0,81.08858288108775,9,45700.0,2026-01-01 00-00-00_000,-0.262693789187187,-4.332415430711726,10.103375432294749,0.0,0.0,9.80665,0.009502209171790649,0.007903297125089087,0.247691392228407,20.0,-3.0,42.0,71.09981305930837,-2.0,1.0
52.40515353153982,-1.5214226732611789,80.0,59.90167335991995,4.0,81.08858288108775,9,45800.0,2026-01-01 00-00-00_000,0.3900068094997179,-4.111684482787013,9.720158025395593,0.0,0.0,9.80665,-0.011440243415939085,0.0003123171975083312,0.24660150429653072,20.0,-3.0,42.0,69.70741977809297,-2.0,1.0
52.40515353153982,-1.5214226732611789,80.0,59.90167335991995,4.0,81.08858288108775,9,45900.0,2026-01-01 00-00-00_000,-0.2673299058405889,-3.89557933678015,9.546481784997585,0.0,0.0,9.80665,0.012877314910457589,-0.011343792620583968,0.23203041114835105,20.0,-3.0,42.0,68.32422028661479,-2.0,1.0
52.405196535293356,-1.5211885913023906,80.0,59.92732741637765,4.0,66.95039510035575,9,46000.0,2026-01-01 00-00-00_000,0.1347104737759005,-3.8032533059612637,10.23154869299061,0.0,0.0,9.80665,0.006399093260361504,0.010739010422733808,0.2439640557541963,20.0,-3.0,42.0,66.95039510035575,-2.0,1.0
52.405196535293356,-1.5211885913023906,80.0,59.92732741637765,4.0,66.95039510035575,9,46100.0,2026-01-01 00-00-00_000,0.2154079301679311,-3.5828119818084927,10.036647693012007,0.0,0.0,9.80665,-0.002601201564182738,-0.004292145916523997,0.2443857872307,20.0,-3.0,42.0,65.58612351139709,-2.0,1.0
52.405196535293356,-1.5211885913023906,80.0,59.92732741637765,4.0,66.95039510035575,9,46200.0,2026-01-01 00-00-00_000,-0.24507456145556333,-3.6983330894984237,9.40269959713487,0.0,0.0,9.80665,0.012674696042759368,-0.005195964980101161,0.2518637576295905,20.0,-3.0,42.0,64.23158356502064,-2.0,1.0
52.405196535293356,-1.5211885913023906,80.0,59.92732741637765,4.0,66.95039510035575,9,46300.0,2026-01-01 00-00-00_000,0.4365223368381287,-3.915493097951943,9.778353442324406,0.0,0.0,9.80665,0.016340291150570545,0.02108520241891013,0.22837857945838053,20.0,-3.0,42.0,62.88695203647301,-2.0,1.0
52.405196535293356,-1.5211885913023906,80.0,59.92732741637765,4.0,66.95039510035575,9,46400.0,2026-01-01 00-00-00_000,-0.019348817628681958,-4.039642321452542,10.235326729423779,0.0,0.0,9.80665,0.005595903003054134,0.009356322665638786,0.23006315823869955,20.0,-3.0,42.0,61.55240440789534,-2.0,1.0
52.405196535293356,-1.5211885913023906,80.0,59.92732741637765,4.0,66.95039510035575,9,46500.0,2026-01-01 00-00-00_000,0.009703715717389677,-4.132651643850846,9.63191083219501,0.0,0.0,9.80665,0.0015943225381940917,-0.010802132168928023,0.22701748036393915,20.0,-3.0,42.0,60.228114845421835,-2.0,1.0
52.405196535293356,-1.5211885913023906,80.0,59.92732741637765,4.0,66.95039510035575,9,46600.0,2026-01-01 00-00-00_000,0.34909191974588805,-4.212374252423924,9.618239108327641,0.0,0.0,9.80665,0.017263683199579764,-0.0047894722453239455,0.2405899215019783,20.0,-3.0,42.0,58.91425617645019,-2.0,1.0
52.405196535293356,-1.5211885913023906,80.0,59.92732741637765,4.0,66.95039510035575,9,46700.0,2026-01-01 00-00-00_000,-0.3034863973579364,-4.1875085664011475,10.107428900260562,0.0,0.0,9.80665,0.013977818453395645,-0.0023384035988526794,0.2109697895264513,20.0,-3.0,42.0,57.610999867086505,-2.0,1.0
52.405196535293356,-1.5211885913023906,80.0,59.92732741637765,4.0,66.95039510035575,9,46800.0,2026-01-01 00-00-00_000,0.40940091681891855,-3.893216157341505,9.740589467731255,0.0,0.0,9.80665,-0.008668198810289613,-0.00757405236503376,0.22081292438028638,20.0,-3.0,42.0,56.31851599976806,-2.0,1.0
52.405196535293356,-1.5211885913023906,80.0,59.92732741637765,4.0,66.95039510035575,9,46900.0,2026-01-01 00-00-00_000,-0.16662930669111534,-3.4909791926871394,9.573758455488127,0.0,0.0,9.80665,-0.0019340255942974446,-0.01971352013111438,0.24436794955269397,20.0,-3.0,42.0,55.03697325106654,-2.0,1.0
52.405272029860086,-1.5209775547482272,80.0,59.94996704174031,4.0,53.766538869674775,9,47000.0,2026-01-01 00-00-00_000,0.052660446702569315,-3.334276238113932,10.061896968477743,0.0,0.0,9.80665,-0.0020134023734098287,0.008547836098715497,0.2310496996852105,20.0,-3.0,42.0,53.766538869674775,-2.0,1.0
52.405272029860086,-1.5209775547482272,80.0,59.94996704174031,4.0,53.766538869674775,9,47100.0,2026-01-01 00-00-00_000,0.25414354226225766,-3.2811157420592143,9.912854760606619,0.0,0.0,9.80665,-0.0038432751627978114,0.008274091481035832,0.21300332578791076,20.0,-3.0,42.0,52.507378654579824,-2.0,1.0
52.405272029860086,-1.5209775547482272,80.0,59.94996704174031,4.0,53.766538869674775,9,47200.0,2026-01-01 00-00-00_000,-0.3089411721148976,-3.462822084390718,9.466644100660686,0.0,0.0,9.80665,-0.014010665907068657,0.0027430993623361656,0.22128322971448194,20.0,-3.0,42.0,51.25965693342527,-2.0,1.0
52.405272029860086,-1.5209775547482272,80.0,59.94996704174031,4.0,53.766538869674775,9,47300.0,2026-01-01 00-00-00_000,0.48606300019583726,-3.6033420197856496,9.915782164291763,0.0,0.0,9.80665,0.008442973203550806,-0.0039640922334255296,0.2265959494329882,20.0,-3.0,42.0,50.023536541065496,-2.0,1.0
52.405272029860086,-1.5209775547482272,80.0,59.94996704174031,4.0,53.766538869674775,9,47400.0,2026-01-01 00-00-00_000,-0.20640762351548952,-3.8136118285722556,10.0826303969823,0.0,0.0,9.80665,0.0007838256540055799,0.0024091374687337836,0.22214835579644152,20.0,-3.0,42.0,48.799178798314834,-2.0,1.0
52.405272029860086,-1.5209775547482272,80.0,59.94996704174031,4.0,53.766538869674775,9,47500.0,2026-01-01 00-00-00_000,0.12728397010507936,-3.764115103472365,9.576569559552974,0.0,0.0,9.80665,0.0009248738475884148,0.006835316740920018,0.21381805491485747,20.0,-3.0,42.0,47.58674349089422,-2.0,1.0
52.405272029860086,-1.5209775547482272,80.0,59.94996704174031,4.0,53.766538869674775,9,47600.0,2026-01-01 00-00-00_000,0.2348204786769898,-3.847445130119384,9.661646034197739,0.0,0.0,9.80665,0.013189256212295844,-0.010621166288121448,0.20708812361759996,20.0,-3.0,42.0,46.3863888485783,-2.0,1.0
52.405272029860086,-1.5209775547482272,80.0,59.94996704174031,4.0,53.766538869674775,9,47700.0,2026-01-01 00-00-00_000,-0.25527109631098927,-3.7294050746900735,10.206514727273472,0.0,0.0,9.80665,-0.005293534172102649,-0.0032468171421007864,0.2181009492303505,20.0,-3.0,42.0,45.19827152454548,-2.0,1.0
52.405272029860086,-1.5209775547482272,80.0,59.94996704174031,4.0,53.766538869674775,9,47800.0,2026-01-01 00-00-00_000,0.434456471229068,-3.5344582462635845,9.728593419348222,0.0,0.0,9.80665,-0.0005333711124753127,-0.005604204730824849,0.20915136336318685,20.0,-3.0,42.0,44.02254657493384,-2.0,1.0
52.405272029860086,-1.5209775547482272,80.0,59.94996704174031,4.0,53.766538869674775,9,47900.0,2026-01-01 00-00-00_000,-0.24794407209612024,-3.266743469726422,9.437760492497404,0.0,0.0,9.80665,0.0025665991381283227,0.007430361159787727,0.2135648949342174,20.0,-3.0,42.0,42.85936743860535,-2.0,1.0
52.40537382110529,-1.5207984046091836,80.0,59.96994644099853,4.0,41.70888591712127,9,48000.0,2026-01-01 00-00-00_000,0.04697626875194086,-3.095079391786138,10.105944346728412,0.0,0.0,9.80665,-0.004052927477017796,0.002913810776431521,0.2080121906330386,20.0,-3.0,42.0,41.70888591712127,-2.0,1.0
52.40537382110529,-1.5207984046091836,80.0,59.96994644099853,4.0,41.70888591712127,9,48100.0,2026-01-01 00-00-00_000,0.29296522944694425,-3.045497558364219,9.934273834773057,0.0,0.0,9.80665,-0.0010407550567084695,-0.013281688624853944,0.19877907056112795,20.0,-3.0,42.0,40.57125215493117,-2.0,1.0
52.40537382110529,-1.5207984046091836,80.0,59.96994644099853,4.0,41.70888591712127,9,48200.0,2026-01-01 00-00-00_000,-0.34283434931895085,-3.0027537058241953,9.546088581638616,0.0,0.0,9.80665,0.0071849779479212315,-0.006206080761380287,0.21194774786231954,20.0,-3.0,42.0,39.44661461977821,-2.0,1.0
52.40537382110529,-1.5207984046091836,80.0,59.96994644099853,4.0,41.70888591712127,9,48300.0,2026-01-01 00-00-00_000,0.44634582974781944,-3.221987690242352,9.977738508978005,0.0,0.0,9.80665,-8.09755522588777e-05,0.01852655595150623,0.1939585614999298,20.0,-3.0,42.0,38.33512008332321,-2.0,1.0
52.40537382110529,-1.5207984046091836,80.0,59.96994644099853,4.0,41.70888591712127,9,48400.0,2026-01-01 00-00-00_000,-0.23790682801196092,-3.3154744919732932,10.111612162684061,0.0,0.0,9.80665,0.012483880992270917,-0.009879009924103684,0.19915855333847365,20.0,-3.0,42.0,37.23691360199016,-2.0,1.0
52.40537382110529,-1.5207984046091836,80.0,59.96994644099853,4.0,41.70888591712127,9,48500.0,2026-01-01 00-00-00_000,-0.08512000991179142,-3.37958114573695,9.631318528003563,0.0,0.0,9.80665,-0.0070429312990594965,0.001754584110667245,0.18821336245723885,20.0,-3.0,42.0,36.152138498035505,-2.0,1.0
52.40537382110529,-1.5207984046091836,80.0,59.96994644099853,4.0,41.70888591712127,9,48600.0,2026-01-01 00-00-00_000,0.21839732132565792,-3.4997489051835506,9.66763723790235,0.0,0.0,9.80665,0.001892859949617333,-0.006343734646307334,0.18909774071398466,20.0,-3.0,42.0,35.08093634084374,-2.0,1.0
52.40537382110529,-1.5207984046091836,80.0,59.96994644099853,4.0,41.70888591712127,9,48700.0,2026-01-01 00-00-00_000,-0.29086559780631527,-3.4393030249108913,10.158454820597392,0.0,0.0,9.80665,-0.013389908683752614,0.013122178491120995,0.18654774120437834,20.0,-3.0,42.0,34.023446928451825,-2.0,1.0
52.40537382110529,-1.5207984046091836,80.0,59.96994644099853,4.0,41.70888591712127,9,48800.0,2026-01-01 00-00-00_000,0.4268630039662367,-3.111256790305719,9.808773736004069,0.0,0.0,9.80665,-0.0011095176955261208,-0.00048168508007145666,0.18080390763196183,20.0,-3.0,42.0,32.97980826930473,-2.0,1.0
52.40537382110529,-1.5207984046091836,80.0,59.96994644099853,4.0,41.70888591712127,9,48900.0,2026-01-01 00-00-00_000,-0.15851421038584124,-2.7398713628907547,9.473090549142448,0.0,0.0,9.80665,-0.006592883212479602,-0.004349374016067764,0.1856308229192981,20.0,-3.0,42.0,31.950156564244534,-2.0,1.0
52.405495234083524,-1.5206555473703798,80.0,59.987578198959405,4.0,30.934626188735418,9,49000.0,2026-01-01 00-00-00_000,0.06656471854048944,-2.75152148421011,10.03822596927443,0.0,0.0,9.80665,0.012788118901638987,-0.012009502042773589,0.19183379032752557,20.0,-3.0,42.0,30.934626188735418,-2.0,1.0
52.405495234083524,-1.5206555473703798,80.0,59.987578198959405,4.0,30.934626188735418,9,49100.0,2026-01-01 00-00-00_000,0.3361249376518518,-2.6260160357207734,10.001471548185002,0.0,0.0,9.80665,0.006990207242205849,-0.0023654488146015377,0.19378284635265194,20.0,-3.0,42.0,29.93334967532694,-2.0,1.0
52.405495234083524,-1.5206555473703798,80.0,59.987578198959405,4.0,30.934626188735418,9,49200.0,2026-01-01 00-00-00_000,-0.29935441084942943,-2.6926189814191956,9.443358016559904,0.0,0.0,9.80665,0.004780933010643318,0.008764559496904262,0.18784728076589985,20.0,-3.0,42.0,28.94645769635772,-2.0,1.0
52.405495234083524,-1.5206555473703798,80.0,59.987578198959405,4.0,30.934626188735418,9,49300.0,2026-01-01 00-00-00_000,0.37746762095860137,-2.8251793818323367,9.942168600042699,0.0,0.0,9.80665,0.017333291687890114,0.007146059185855564,0.17232007749937311,20.0,-3.0,42.0,27.974079046902006,-2.0,1.0
52.405495234083524,-1.5206555473703798,80.0,59.987578198959405,4.0,30.934626188735418,9,49400.0,2026-01-01 00-00-00_000,-0.13016658443267384,-3.0116422369451255,10.099067732807463,0.0,0.0,9.80665,0.0135625291039602,-0.013547480155355923,0.18292984107501914,20.0,-3.0,42.0,27.016340627961107,-2.0,1.0
52.405495234083524,-1.5206555473703798,80.0,59.987578198959405,4.0,30.934626188735418,9,49500.0,2026-01-01 00-00-00_000,0.06743638093681632,-3.1055384673468893,9.603831497409788,0.0,0.0,9.80665,0.0067510623155635045,0.016336291551727732,0.17196535262021911,20.0,-3.0,42.0,26.07336742990216,-2.0,1.0
52.405495234083524,-1.5206555473703798,80.0,59.987578198959405,4.0,30.934626188735418,9,49600.0,2026-01-01 00-00-00_000,0.4021881940390458,-3.050611241551536,9.676625696961919,0.0,0.0,9.80665,-0.0064862730790183985,-0.002388929863060008,0.1804986674005195,20.0,-3.0,42.0,25.145282516146107,-2.0,1.0
52.405495234083524,-1.5206555473703798,80.0,59.987578198959405,4.0,30.934626188735418,9,49700.0,2026-01-01 00-00-00_000,-0.3051397729760373,-2.988727905893306,10.147195880511616,0.0,0.0,9.80665,-0.013594681733556706,-0.010756432695487686,0.1531911780840546,20.0,-3.0,42.0,24.232207007107252,-2.0,1.0
52.405495234083524,-1.5206555473703798,80.0,59.987578198959405,4.0,30.934626188735418,9,49800.0,2026-01-01 00-00-00_000,0.3527401959073082,-2.719164281962812,9.727454638215567,0.0,0.0,9.80665,-0.0002795868421314736,0.0014824383650370008,0.17269361680549622,20.0,-3.0,42.0,23.334260064386317,-2.0,1.0
52.405495234083524,-1.5206555473703798,80.0,59.987578198959405,4.0,30.934626188735418,9,49900.0,2026-01-01 00-00-00_000,-0.1258622748194606,-2.450595296743369,9.499004641178805,0.0,0.0,9.80665,-0.0033445636800728262,-0.006287324615003296,0.15322780350280385,20.0,-3.0,42.0,22.45155887521921,-2.0,1.0
52.405630023597354,-1.5205493601735305,80.0,60.003138170747,4.0,21.58421863718337,9,50000.0,2026-01-01 00-00-00_000,-0.007855893203160574,-2.143152709923653,10.126231946192071,0.0,0.0,9.80665,-0.006085841632590172,-0.005842359694890397,0.1647240604700773,20.0,-3.0,42.0,21.58421863718337,-2.0,1.0
52.405630023597354,-1.5205493601735305,80.0,60.003138170747,4.0,21.58421863718337,9,50100.0,2026-01-01 00-00-00_000,0.3586087187993166,-2.1051270168768417,10.049419587080475,0.0,0.0,9.80665,-0.0027328238351510222,-0.006397242459634329,0.1489169460336616,20.0,-3.0,42.0,20.732352543163863,-2.0,1.0
52.405630023597354,-1.5205493601735305,80.0,60.003138170747,4.0,21.58421863718337,9,50200.0,2026-01-01 00-00-00_000,-0.30921719529300934,-2.1671053810033696,9.59604579874472,0.0,0.0,9.80665,-0.015566118612445081,-0.0007889354376731892,0.15732669987994738,20.0,-3.0,42.0,19.896071766581027,-2.0,1.0
52.405630023597354,-1.5205493601735305,80.0,60.003138170747,4.0,21.58421863718337,9,50300.0,2026-01-01 00-00-00_000,0.34148217446268553,-2.301103438864758,9.98938540041705,0.0,0.0,9.80665,0.014031428637873433,-0.005038026139335896,0.14494774421825604,20.0,-3.0,42.0,19.075485446881725,-2.0,1.0
52.405630023597354,-1.5205493601735305,80.0,60.003138170747,4.0,21.58421863718337,9,50400.0,2026-01-01 00-00-00_000,-0.1422413738395824,-2.500207922922461,10.20840459638501,0.0,0.0,9.80665,-0.010736470066081841,-0.017571049546396173,0.1292917240992024,20.0,-3.0,42.0,18.270700675296016,-2.0,1.0
52.405630023597354,-1.5205493601735305,80.0,60.003138170747,4.0,21.58421863718337,9,50500.0,2026-01-01 00-00-00_000,0.01929719961331386,-2.632014826159112,9.508017127506273,0.0,0.0,9.80665,-0.0063266423544194594,0.0055458482706570375,0.13387467928406657,20.0,-3.0,42.0,17.48182248086112,-2.0,1.0
52.405630023597354,-1.5205493601735305,80.0,60.003138170747,4.0,21.58421863718337,9,50600.0,2026-01-01 00-00-00_000,0.23435991210895213,-2.6733922054705865,9.671048796880639,0.0,0.0,9.80665,0.005366826480751559,-0.005265317811222417,0.13694746911722178,20.0,-3.0,42.0,16.708953816714544,-2.0,1.0
52.405630023597354,-1.5205493601735305,80.0,60.003138170747,4.0,21.58421863718337,9,50700.0,2026-01-01 00-00-00_000,-0.28954381719738753,-2.4685662307534812,10.11998408523999,0.0,0.0,9.80665,-0.015334734615139508,0.012514962926321302,0.1362746138319743,20.0,-3.0,42.0,15.952195546658087,-2.0,1.0
52.405630023597354,-1.5205493601735305,80.0,60.003138170747,4.0,21.58421863718337,9,50800.0,2026-01-01 00-00-00_000,0.5037608671304534,-2.182873465803292,9.78598994897312,0.0,0.0,9.80665,0.008678823794657184,0.00567267729050484,0.11518568278571466,20.0,-3.0,42.0,15.211646431994552,-2.0,1.0
52.405630023597354,-1.5205493601735305,80.0,60.003138170747,4.0,21.58421863718337,9,50900.0,2026-01-01 00-00-00_000,-0.18185813221431407,-1.9747508009098351,9.536935448032336,0.0,0.0,9.80665,0.008838756458222886,0.006510443256039791,0.12073941601096554,20.0,-3.0,42.0,14.487403118638818,-2.0,1.0
52.40577299688378,-1.5204769945543573,80.0,60.01686979765387,4.0,13.77956012450499,9,51000.0,2026-01-01 00-00-00_000,0.07365300237700767,-1.847922902213196,10.138846588925889,0.0,0.0,9.80665,-0.0029462136388684924,0.002007421729796257,0.12164432959240873,20.0,-3.0,42.0,13.77956012450499,-2.0,1.0
52.40577299688378,-1.5204769945543573,80.0,60.01686979765387,4.0,13.77956012450499,9,51100.0,2026-01-01 00-00-00_000,0.418106557707698,-1.7731330939967092,10.025921670566396,0.0,0.0,9.80665,-0.01016214436116868,0.013534879569266337,0.12295714583494412,20.0,-3.0,42.0,13.088209827171283,-2.0,1.0
52.40577299688378,-1.5204769945543573,80.0,60.01686979765387,4.0,13.77956012450499,9,51200.0,2026-01-01 00-00-00_000,-0.27833275292667314,-1.7392516969238576,9.53112126727035,0.0,0.0,9.80665,-0.00446725519201033,-0.0032668990136805044,0.1235503456511062,20.0,-3.0,42.0,12.413442451824201,-2.0,1.0
52.40577299688378,-1.5204769945543573,80.0,60.01686979765387,4.0,13.77956012450499,9,51300.0,2026-01-01 00-00-00_000,0.34151982595773794,-1.8792614811151982,9.979585922092994,0.0,0.0,9.80665,-0.017452413528628717,-0.010156732617385474,0.11224018467447126,20.0,-3.0,42.0,11.755346059483642,-2.0,1.0
52.40577299688378,-1.5204769945543573,80.0,60.01686979765387,4.0,13.77956012450499,9,51400.0,2026-01-01 00-00-00_000,-0.1738562309289315,-2.0848248486799057,10.150321734119188,0.0,0.0,9.80665,0.013094407262534856,0.0036880882188194035,0.10370031379545377,20.0,-3.0,42.0,11.114006535510423,-2.0,1.0
52.40577299688378,-1.5204769945543573,80.0,60.01686979765387,4.0,13.77956012450499,9,51500.0,2026-01-01 00-00-00_000,0.029526273649613542,-2.0955762804882525,9.505824985604011,0.0,0.0,9.80665,0.0005116552374232413,-0.02802652288431484,0.11543566247031016,20.0,-3.0,42.0,10.489507578397752,-2.0,1.0
52.40577299688378,-1.5204769945543573,80.0,60.01686979765387,4.0,13.77956012450499,9,51600.0,2026-01-01 00-00-00_000,0.31332647494221394,-2.2256164157899487,9.71274083065146,0.0,0.0,9.80665,-0.0069481310055613645,-0.0037005734122140177,0.10736622007095939,20.0,-3.0,42.0,9.881930688848087,-2.0,1.0
52.40577299688378,-1.5204769945543573,80.0,60.01686979765387,4.0,13.77956012450499,9,51700.0,2026-01-01 00-00-00_000,-0.30285943035542856,-2.141326048427338,10.192222362063085,0.0,0.0,9.80665,-0.008565896551019022,0.002333925111231887,0.11423600098098104,20.0,-3.0,42.0,9.291355159136835,-2.0,1.0
52.40577299688378,-1.5204769945543573,80.0,60.01686979765387,4.0,13.77956012450499,9,51800.0,2026-01-01 00-00-00_000,0.34715147795368406,-1.7791843436940178,9.827889400435817,0.0,0.0,9.80665,0.005415543305652676,-0.0041931461547153204,0.09985566501590516,20.0,-3.0,42.0,8.717858062764238,-2.0,1.0
52.40577299688378,-1.5204769945543573,80.0,60.01686979765387,4.0,13.77956012450499,9,51900.0,2026-01-01 00-00-00_000,-0.22138673868458075,-1.536487359723427,9.58292126984433,0.0,0.0,9.80665,0.014192354067909883,0.013110284615105725,0.10630184783806078,20.0,-3.0,42.0,8.161514244396866,-2.0,1.0
52.4059203147853,-1.5204333121069449,80.0,60.028987915866615,4.0,7.622396310099928,9,52000.0,2026-01-01 00-00-00_000,0.0581200701294028,-1.1920106683652565,10.117512994418266,0.0,0.0,9.80665,-0.012028404605131318,0.007358282546567365,0.09091559773866575,20.0,-3.0,42.0,7.622396310099928,-2.0,1.0
52.4059203147853,-1.5204333121069449,80.0,60.028987915866615,4.0,7.622396310099928,9,52100.0,2026-01-01 00-00-00_000,0.22292539275636525,-1.1888918241572626,10.038144211007545,0.0,0.0,9.80665,-0.005428432930245824,0.0012770880970687738,0.09723722030087337,20.0,-3.0,42.0,7.100574617861781,-2.0,1.0
52.4059203147853,-1.5204333121069449,80.0,60.028987915866615,4.0,7.622396310099928,9,52200.0,2026-01-01 00-00-00_000,-0.24929298031964503,-1.2382023125914392,9.463277663804844,0.0,0.0,9.80665,-0.01661285740760554,-0.004034659005819857,0.09277189387543142,20.0,-3.0,42.0,6.596117268411807,-2.0,1.0
52.4059203147853,-1.5204333121069449,80.0,60.028987915866615,4.0,7.622396310099928,9,52300.0,2026-01-01 00-00-00_000,0.3960093276692406,-1.4198336042703286,10.003782176965466,0.0,0.0,9.80665,0.0063853697809616895,0.01142542994095931,0.0926280613606998,20.0,-3.0,42.0,6.109090096332868,-2.0,1.0
52.4059203147853,-1.5204333121069449,80.0,60.028987915866615,4.0,7.622396310099928,9,52400.0,2026-01-01 00-00-00_000,-0.1637819024986608,-1.6218234870709438,10.119901995568362,0.0,0.0,9.80665,0.0014791350706170403,-0.006916587958600196,0.07842392667247411,20.0,-3.0,42.0,5.639556661469525,-2.0,1.0
52.4059203147853,-1.5204333121069449,80.0,60.028987915866615,4.0,7.622396310099928,9,52500.0,2026-01-01 00-00-00_000,0.08930974884504234,-1.6402709374759603,9.545367422553824,0.0,0.0,9.80665,0.021351076206728343,-0.004199623002791289,0.08190521738513903,20.0,-3.0,42.0,5.1875782406331075,-2.0,1.0
52.4059203147853,-1.5204333121069449,80.0,60.028987915866615,4.0,7.622396310099928,9,52600.0,2026-01-01 00-00-00_000,0.23372668866305216,-1.6562309813666083,9.592327833012224,0.0,0.0,9.80665,-0.0011576634006239604,0.00781759733671482,0.07297535279962959,20.0,-3.0,42.0,4.753213819604734,-2.0,1.0
52.4059203147853,-1.5204333121069449,80.0,60.028987915866615,4.0,7.622396310099928,9,52700.0,2026-01-01 00-00-00_000,-0.36477714324459476,-1.4617055769753275,10.167891079990167,0.0,0.0,9.80665,-0.004119422587360975,0.006251401130737223,0.0754338243250138,20.0,-3.0,42.0,4.336520085437339,-2.0,1.0
52.4059203147853,-1.5204333121069449,80.0,60.028987915866615,4.0,7.622396310099928,9,52800.0,2026-01-01 00-00-00_000,0.4208841251724123,-1.1860193245749762,9.78220743512822,0.0,0.0,9.80665,-0.006706187772982339,0.021125052477353825,0.07864773638235951,20.0,-3.0,42.0,3.9375514190576744,-2.0,1.0
52.4059203147853,-1.5204333121069449,80.0,60.028987915866615,4.0,7.622396310099928,9,52900.0,2026-01-01 00-00-00_000,-0.16327420862116612,-0.863057082572722,9.543202066821438,0.0,0.0,9.80665,0.00806850214735496,-0.0021461141362530546,0.09458118271383892,20.0,-3.0,42.0,3.5563598881692955,-2.0,1.0
52.40606950642658,-1.5204117404023592,80.0,60.039682117654515,4.0,3.192995240457426,9,53000.0,2026-01-01 00-00-00_000,0.033565870788039076,-0.7223081853351467,10.121849950407398,0.0,0.0,9.80665,-0.01540506120405807,-0.01934578739294483,0.06770356424352189,20.0,-3.0,42.0,3.192995240457426,-2.0,1.0
52.40606950642658,-1.5204117404023592,80.0,60.039682117654515,4.0,3.192995240457426,9,53100.0,2026-01-01 00-00-00_000,0.2239126044128815,-0.6687250179073753,9.966456579465495,0.0,0.0,9.80665,0.00709993125456547,0.006903114515325826,0.0700623200674359,20.0,-3.0,42.0,2.8475048970965915,-2.0,1.0
52.40606950642658,-1.5204117404023592,80.0,60.039682117654515,4.0,3.192995240457426,9,53200.0,2026-01-01 00-00-00_000,-0.3991080265468484,-0.7324665652576677,9.446217712959713,0.0,0.0,9.80665,0.0023353778330588025,0.013077916727048468,0.06208635509450537,20.0,-3.0,42.0,2.519933946561891,-2.0,1.0
52.40606950642658,-1.5204117404023592,80.0,60.039682117654515,4.0,3.192995240457426,9,53300.0,2026-01-01 00-00-00_000,0.3789047140448598,-0.958442446601804,9.886255688583628,0.0,0.0,9.80665,-0.004783433120542382,-0.0016200929340188391,0.06717808078831444,20.0,-3.0,42.0,2.2103251387446883,-2.0,1.0
52.40606950642658,-1.5204117404023592,80.0,60.039682117654515,4.0,3.192995240457426,9,53400.0,2026-01-01 00-00-00_000,-0.16654489138765755,-1.0407245527651785,10.086054892976295,0.0,0.0,9.80665,-0.00854314060153769,0.016185891317920014,0.058622963969914614,20.0,-3.0,42.0,1.9187188793735077,-2.0,1.0
52.40606950642658,-1.5204117404023592,80.0,60.039682117654515,4.0,3.192995240457426,9,53500.0,2026-01-01 00-00-00_000,0.0841312507584181,-1.2165855871435869,9.540915313532672,0.0,0.0,9.80665,0.009984051440861166,0.0184754314788935,0.06016858772260128,20.0,-3.0,42.0,1.6451532247408545,-2.0,1.0
52.40606950642658,-1.5204117404023592,80.0,60.039682117654515,4.0,3.192995240457426,9,53600.0,2026-01-01 00-00-00_000,0.33482796784999824,-1.1725359329401075,9.652112126616554,0.0,0.0,9.80665,0.017626069573458362,-0.0068004125612286205,0.051461181621604124,20.0,-3.0,42.0,1.389663876736648,-2.0,1.0
52.40606950642658,-1.5204117404023592,80.0,60.039682117654515,4.0,3.192995240457426,9,53700.0,2026-01-01 00-00-00_000,-0.24302755378738594,-1.000702316998975,10.177266700473455,0.0,0.0,9.80665,-0.004221862292347052,-0.004890616147286152,0.06476622840210398,20.0,-3.0,42.0,1.152284178188919,-2.0,1.0
52.40606950642658,-1.5204117404023592,80.0,60.039682117654515,4.0,3.192995240457426,9,53800.0,2026-01-01 00-00-00_000,0.4126418639113953,-0.6716905886439475,9.63558051495593,0.0,0.0,9.80665,0.005014009398089457,-0.01286137192095625,0.05336591059928615,20.0,-3.0,42.0,0.9330451085123824,-2.0,1.0
52.40606950642658,-1.5204117404023592,80.0,60.039682117654515,4.0,3.192995240457426,9,53900.0,2026-01-01 00-00-00_000,-0.20722407388624234,-0.500004507938708,9.453156452946699,0.0,0.0,9.80665,0.016507023867874265,0.005679964700625225,0.02539678155242734,20.0,-3.0,42.0,0.731975279665445,-2.0,1.0
52.406219267810634,-1.5204049272736937,80.0,60.04911971760795,4.0,0.5491009324161769,9,54000.0,2026-01-01 00-00-00_000,0.0075720112410821785,-0.2777318739547065,10.116343428272657,0.0,0.0,9.80665,-0.0058748223542278944,0.007493876123589897,0.038343331495027326,20.0,-3.0,42.0,0.5491009324161769,-2.0,1.0
52.406219267810634,-1.5204049272736937,80.0,60.04911971760795,4.0,0.5491009324161769,9,54100.0,2026-01-01 00-00-00_000,0.22198188606869776,-0.13988562741338895,9.99550881822854,0.0,0.0,9.80665,-0.0023869172654127193,0.006317972221973473,0.03338072464526819,20.0,-3.0,42.0,0.3844459329177474,-2.0,1.0
52.406219267810634,-1.5204049272736937,80.0,60.04911971760795,4.0,0.5491009324161769,9,54200.0,2026-01-01 00-00-00_000,-0.3357526803570992,-0.18964585395575378,9.544646436041567,0.0,0.0,9.80665,-0.011563285973104498,-0.012672715568497691,0.011816314354417476,20.0,-3.0,42.0,0.23803176959374472,-2.0,1.0
52.406219267810634,-1.5204049272736937,80.0,60.04911971760795,4.0,0.5491009324161769,9,54300.0,2026-01-01 00-00-00_000,0.41762373732896585,-0.37838795829027366,9.901162158942352,0.0,0.0,9.80665,-0.0014009119424694331,-0.007817705805976303,0.019453257728702482,20.0,-3.0,42.0,0.10987755033382185,-2.0,1.0
52.406219267810634,-1.5204049272736937,80.0,60.04911971760795,4.0,0.5491009324161769,9,54400.0,2026-01-01 00-00-00_000,-0.21171360920471338,-0.5031438254636581,10.188545329971461,0.0,0.0,9.80665,-0.0007729537400935328,-0.014717270024670898,0.01948917074552021,20.0,-3.0,42.0,5.864147693948359e-15,-2.0,1.0
52.406219267810634,-1.5204049272736937,80.0,60.04911971760795,4.0,0.5491009324161769,9,54500.0,2026-01-01 00-00-00_000,0.00941485460947182,-0.6350897637468732,9.609282181339996,0.0,0.0,9.80665,-0.003967526056455421,-0.016584441993188995,0.014092812878345226,20.0,-3.0,42.0,359.908413458244,-2.0,1.0
52.406219267810634,-1.5204049272736937,80.0,60.04911971760795,4.0,0.5491009324161769,9,54600.0,2026-01-01 00-00-00_000,0.2420167220656638,-0.596957156771471,9.626055670512375,0.0,0.0,9.80665,-0.007010991257235231,-0.013845310178361197,0.01785324624978856,20.0,-3.0,42.0,359.8351298776358,-2.0,1.0
52.406219267810634,-1.5204049272736937,80.0,60.04911971760795,4.0,0.5491009324161769,9,54700.0,2026-01-01 00-00-00_000,-0.340334744167821,-0.476147178127861,10.301345520891457,0.0,0.0,9.80665,-0.015019182648871553,-0.016270529761091942,-0.000821214088130965,20.0,-3.0,42.0,359.7801588221038,-2.0,1.0
52.406219267810634,-1.5204049272736937,80.0,60.04911971760795,4.0,0.5491009324161769,9,54800.0,2026-01-01 00-00-00_000,0.38052490467887534,-0.2205795947711455,9.720652134079769,0.0,0.0,9.80665,-0.012762258858649962,-0.0018309918801429684,0.016425872131673347,20.0,-3.0,42.0,359.74350746568655,-2.0,1.0
52.406219267810634,-1.5204049272736937,80.0,60.04911971760795,4.0,0.5491009324161769,9,54900.0,2026-01-01 00-00-00_000,-0.17323846847310975,0.11653516790692459,9.518351648850777,0.0,0.0,9.80665,-0.00927210091248908,0.004418494153375632,0.013454522955067043,20.0,-3.0,42.0,359.7251805915967,-2.0,1.0
52.40636912005819,-1.5204051631394282,80.0,60.0574483703347,4.0,359.7251805915967,9,55000.0,2026-01-01 00-00-00_000,0.154062721881347,0.30843067199444446,10.17325283318056,0.0,0.0,9.80665,0.006086327084076855,0.006496673254405444,0.006864058857105103,20.0,-3.0,42.0,359.7251805915967,-2.0,1.0
52.40636912005819,-1.5204051631394282,80.0,60.0574483703347,4.0,359.7251805915967,9,55100.0,2026-01-01 00-00-00_000,0.2811382222426919,0.41683779846785635,9.902757792499159,0.0,0.0,9.80665,-0.004833362229397036,-0.00016700181754496107,-0.0018237908224064377,20.0,-3.0,42.0,359.74350746568655,-2.0,1.0
52.40636912005819,-1.5204051631394282,80.0,60.0574483703347,4.0,359.7251805915967,9,55200.0,2026-01-01 00-00-00_000,-0.30498505029589545,0.3331948778330017,9.448622629924376,0.0,0.0,9.80665,-0.008087565202317668,-0.006889805689627229,-0.0023292951887847525,20.0,-3.0,42.0,359.7801588221038,-2.0,1.0
52.40636912005819,-1.5204051631394282,80.0,60.0574483703347,4.0,359.7251805915967,9,55300.0,2026-01-01 00-00-00_000,0.29319855495585456,0.23146270112531744,9.885130673012329,0.0,0.0,9.80665,0.0062327733725784235,-6.863933016134682e-05,-0.009304064442144742,20.0,-3.0,42.0,359.8351298776358,-2.0,1.0
52.40636912005819,-1.5204051631394282,80.0,60.0574483703347,4.0,359.7251805915967,9,55400.0,2026-01-01 00-00-00_000,-0.1869951662422518,0.0035299459744834363,10.133018913555643,0.0,0.0,9.80665,0.005344860601843807,0.00591433189138,0.0004504615643087465,20.0,-3.0,42.0,359.908413458244,-2.0,1.0
52.40636912005819,-1.5204051631394282,80.0,60.0574483703347,4.0,359.7251805915967,9,55500.0,2026-01-01 00-00-00_000,0.07139531507658142,-0.15460619926638863,9.505865271441372,0.0,0.0,9.80665,-0.007167479459027355,-0.0030213378497788716,-0.007886497399111386,20.0,-3.0,42.0,1.5107634736951703e-15,-2.0,1.0
52.40636912005819,-1.5204051631394282,80.0,60.0574483703347,4.0,359.7251805915967,9,55600.0,2026-01-01 00-00-00_000,0.28170437181508073,-0.065966190271643,9.659529470069797,0.0,0.0,9.80665,-0.005953557960583819,0.0005770419703048517,0.0008839545168340193,20.0,-3.0,42.0,0.10987755033381669,-2.0,1.0
52.40636912005819,-1.5204051631394282,80.0,60.0574483703347,4.0,359.7251805915967,9,55700.0,2026-01-01 00-00-00_000,-0.3274560432101837,0.041530804193465005,10.189611761535973,0.0,0.0,9.80665,0.006278272138789956,-0.0031281315835481748,-0.021287034858331964,20.0,-3.0,42.0,0.23803176959373876,-2.0,1.0
52.40636912005819,-1.5204051631394282,80.0,60.0574483703347,4.0,359.7251805915967,9,55800.0,2026-01-01 00-00-00_000,0.45975235926346425,0.2860811224134094,9.824977712836006,0.0,0.0,9.80665,0.003469596923787607,-0.00537930017368474,-0.009854121049671743,20.0,-3.0,42.0,0.3844459329177407,-2.0,1.0
52.40636912005819,-1.5204051631394282,80.0,60.0574483703347,4.0,359.7251805915967,9,55900.0,2026-01-01 00-00-00_000,-0.12301770304953683,0.59392523708067,9.54803087077382,0.0,0.0,9.80665,-0.0079461645956913,0.0003753906915825972,-0.02933284514882133,20.0,-3.0,42.0,0.5491009324161694,-2.0,1.0
52.40651899015339,-1.520404613992607,80.0,60.06479838056875,4.0,0.7319752796654353,9,56000.0,2026-01-01 00-00-00_000,-0.02237839803108419,0.7436966175703101,10.036393512905262,0.0,0.0,9.80665,0.002287155358718054,-0.011486597477549492,-0.029249899103382316,20.0,-3.0,42.0,0.7319752796654353,-2.0,1.0
52.40651899015339,-1.520404613992607,80.0,60.06479838056875,4.0,0.7319752796654353,9,56100.0,2026-01-01 00-00-00_000,0.24656329817690595,0.9024525469515331,9.949180668627573,0.0,0.0,9.80665,-0.0002796465621981939,0.0108622868913035,-0.039442647500583225,20.0,-3.0,42.0,0.9330451085123719,-2.0,1.0
52.40651899015339,-1.520404613992607,80.0,60.06479838056875,4.0,0.7319752796654353,9,56200.0,2026-01-01 00-00-00_000,-0.29390985740628156,0.7616091023575567,9.485537950586814,0.0,0.0,9.80665,0.010596312468942088,-0.016088775756624533,-0.030014881910809487,20.0,-3.0,42.0,1.1522841781889064,-2.0,1.0
52.40651899015339,-1.520404613992607,80.0,60.06479838056875,4.0,0.7319752796654353,9,56300.0,2026-01-01 00-00-00_000,0.3296316353849333,0.6856040559918316,9.883845666181914,0.0,0.0,9.80665,-0.008255405763621939,0.004769808724608879,-0.03786687419928755,20.0,-3.0,42.0,1.3896638767366332,-2.0,1.0
52.40651899015339,-1.520404613992607,80.0,60.06479838056875,4.0,0.7319752796654353,9,56400.0,2026-01-01 00-00-00_000,-0.22314490030295353,0.47837465254236183,10.094118789738586,0.0,0.0,9.80665,0.008402470507197418,-0.014024039232959026,-0.03555724972059048,20.0,-3.0,42.0,1.64515322474084,-2.0,1.0
52.40651899015339,-1.520404613992607,80.0,60.06479838056875,4.0,0.7319752796654353,9,56500.0,2026-01-01 00-00-00_000,0.05020445931055481,0.4684321594732922,9.580629133172778,0.0,0.0,9.80665,0.004113540789960414,0.015580096517092952,-0.03172565350540988,20.0,-3.0,42.0,1.9187188793734926,-2.0,1.0
52.40651899015339,-1.520404613992607,80.0,60.06479838056875,4.0,0.7319752796654353,9,56600.0,2026-01-01 00-00-00_000,0.21721138074226967,0.41644556797629434,9.632332052282857,0.0,0.0,9.80665,-0.009603736436879031,0.00896839474083574,-0.047299771064615644,20.0,-3.0,42.0,2.2103251387446723,-2.0,1.0
52.40651899015339,-1.520404613992607,80.0,60.06479838056875,4.0,0.7319752796654353,9,56700.0,2026-01-01 00-00-00_000,-0.27650364042943865,0.5098636006051193,10.25444648275988,0.0,0.0,9.80665,0.010039008975106865,-0.008352318419061654,-0.0469371979702214,20.0,-3.0,42.0,2.5199339465618746,-2.0,1.0
52.40651899015339,-1.520404613992607,80.0,60.06479838056875,4.0,0.7319752796654353,9,56800.0,2026-01-01 00-00-00_000,0.3762445634547753,0.8274336014919949,9.765784500298748,0.0,0.0,9.80665,0.008659787099829779,-0.004623018670811132,-0.04590113973287952,20.0,-3.0,42.0,2.847504897096574,-2.0,1.0
52.40651899015339,-1.520404613992607,80.0,60.06479838056875,4.0,0.7319752796654353,9,56900.0,2026-01-01 00-00-00_000,-0.11381388330973805,1.1604033006368863,9.561514349866663,0.0,0.0,9.80665,-0.01256474672210247,-0.011614143304284409,-0.056725894101263885,20.0,-3.0,42.0,3.192995240457408,-2.0,1.0
52.406668759829294,-1.5203954546713332,80.0,60.07128474183427,4.0,3.5563598881692764,9,57000.0,2026-01-01 00-00-00_000,0.057409486902053025,1.4174635762096368,10.163140627643395,0.0,0.0,9.80665,0.018886718149128227,-0.0005933884307149011,-0.06376888383983745,20.0,-3.0,42.0,3.5563598881692764,-2.0,1.0
52.406668759829294,-1.5203954546713332,80.0,60.07128474183427,4.0,3.5563598881692764,9,57100.0,2026-01-01 00-00-00_000,0.2618542530452302,1.5153263586189656,9.983174474550262,0.0,0.0,9.80665,-0.010927428955785728,0.004242388732832697,-0.05961140697194932,20.0,-3.0,42.0,3.937551419057653,-2.0,1.0
52.406668759829294,-1.5203954546713332,80.0,60.07128474183427,4.0,3.5563598881692764,9,57200.0,2026-01-01 00-00-00_000,-0.2947559967938381,1.345804182607858,9.446331479979863,0.0,0.0,9.80665,-0.00876124587419942,0.02632648111412789,-0.0615410778800728,20.0,-3.0,42.0,4.336520085437317,-2.0,1.0
52.406668759829294,-1.5203954546713332,80.0,60.07128474183427,4.0,3.5563598881692764,9,57300.0,2026-01-01 00-00-00_000,0.4392588644808437,1.1753248208708529,9.936969389962956,0.0,0.0,9.80665,-0.003076048448129145,-0.014066707616401192,-0.06241159869844474,20.0,-3.0,42.0,4.75321381960471,-2.0,1.0
52.406668759829294,-1.5203954546713332,80.0,60.07128474183427,4.0,3.5563598881692764,9,57400.0,2026-01-01 00-00-00_000,-0.14811781320677475,1.081844420025665,10.034098263228037,0.0,0.0,9.80665,0.007347756722648413,0.012781986780693252,-0.06507652114698034,20.0,-3.0,42.0,5.187578240633083,-2.0,1.0
52.406668759829294,-1.5203954546713332,80.0,60.07128474183427,4.0,3.5563598881692764,9,57500.0,2026-01-01 00-00-00_000,0.045426914492415094,0.9910506868744667,9.514269626441585,0.0,0.0,9.80665,0.005560820429085881,-0.005993387487756689,-0.08020219608536111,20.0,-3.0,42.0,5.6395566614695,-2.0,1.0
52.406668759829294,-1.5203954546713332,80.0,60.07128474183427,4.0,3.5563598881692764,9,57600.0,2026-01-01 00-00-00_000,0.2712423149675782,0.8554202873113314,9.711931862329283,0.0,0.0,9.80665,-0.0009039234014688872,0.002840339647137738,-0.07432579993434218,20.0,-3.0,42.0,6.109090096332843,-2.0,1.0
52.406668759829294,-1.5203954546713332,80.0,60.07128474183427,4.0,3.5563598881692764,9,57700.0,2026-01-01 00-00-00_000,-0.3323222535097516,1.1721290244260374,10.100390205934172,0.0,0.0,9.80665,0.013043985475381053,0.009051227418812204,-0.07106566251403552,20.0,-3.0,42.0,6.596117268411781,-2.0,1.0
52.406668759829294,-1.5203954546713332,80.0,60.07128474183427,4.0,3.5563598881692764,9,57800.0,2026-01-01 00-00-00_000,0.4348943830513582,1.3700488371881903,9.789192000386691,0.0,0.0,9.80665,0.003866558102261618,0.005595785120091817,-0.08771723189783484,20.0,-3.0,42.0,7.1005746178617555,-2.0,1.0
52.406668759829294,-1.5203954546713332,80.0,60.07128474183427,4.0,3.5563598881692764,9,57900.0,2026-01-01 00-00-00_000,-0.21193158744003687,1.6260291839757632,9.620999694241924,0.0,0.0,9.80665,0.013331129878437748,0.004353203231021597,-0.08410814503144001,20.0,-3.0,42.0,7.622396310099901,-2.0,1.0
52.4068178174894,-1.5203700134471898,80.0,60.07700893556014,4.0,8.161514244396841,9,58000.0,2026-01-01 00-00-00_000,0.008995176644749497,1.8326828869870926,10.087053523854294,0.0,0.0,9.80665,0.026932605591945692,-0.0020266074432232547,-0.09500967797403286,20.0,-3.0,42.0,8.161514244396841,-2.0,1.0
52.4068178174894,-1.5203700134471898,80.0,60.07700893556014,4.0,8.161514244396841,9,58100.0,2026-01-01 00-00-00_000,0.21550396337786099,2.01314919365775,10.061188455195293,0.0,0.0,9.80665,0.0018493695549836246,-8.53858487857258e-05,-0.09170479287709696,20.0,-3.0,42.0,8.717858062764213,-2.0,1.0
52.4068178174894,-1.5203700134471898,80.0,60.07700893556014,4.0,8.161514244396841,9,58200.0,2026-01-01 00-00-00_000,-0.334499815591899,1.8140274505813947,9.519369345418747,0.0,0.0,9.80665,-0.02463104079452413,0.0015728967084904482,-0.08210264390513787,20.0,-3.0,42.0,9.291355159136808,-2.0,1.0
52.4068178174894,-1.5203700134471898,80.0,60.07700893556014,4.0,8.161514244396841,9,58300.0,2026-01-01 00-00-00_000,0.45560780642312093,1.7886156758880714,9.962313761234265,0.0,0.0,9.80665,-0.004330596386958803,0.012338048637477011,-0.09763023015620881,20.0,-3.0,42.0,9.88193068884806,-2.0,1.0
52.4068178174894,-1.5203700134471898,80.0,60.07700893556014,4.0,8.161514244396841,9,58400.0,2026-01-01 00-00-00_000,-0.20911394223206525,1.5641751357675606,10.075217392782141,0.0,0.0,9.80665,-0.010301391093622792,-0.015106590387804134,-0.10973827666626665,20.0,-3.0,42.0,10.489507578397722,-2.0,1.0
52.4068178174894,-1.5203700134471898,80.0,60.07700893556014,4.0,8.161514244396841,9,58500.0,2026-01-01 00-00-00_000,-0.02050580053299761,1.51031837241184,9.518821711165252,0.0,0.0,9.80665,0.0008823796388474089,-0.005059581049962446,-0.10216680592264453,20.0,-3.0,42.0,11.114006535510391,-2.0,1.0
52.4068178174894,-1.5203700134471898,80.0,60.07700893556014,4.0,8.161514244396841,9,58600.0,2026-01-01 00-00-00_000,0.3805211596533981,1.478584811460939,9.646340969753293,0.0,0.0,9.80665,0.0009357517566934982,-0.012827768907808549,-0.10614887065803758,20.0,-3.0,42.0,11.755346059483609,-2.0,1.0
52.4068178174894,-1.5203700134471898,80.0,60.07700893556014,4.0,8.161514244396841,9,58700.0,2026-01-01 00-00-00_000,-0.25948846224682026,1.7170368789709176,10.216836067702053,0.0,0.0,9.80665,-0.011759738280772352,-0.009917612514756959,-0.10184925770931548,20.0,-3.0,42.0,12.413442451824169,-2.0,1.0
52.4068178174894,-1.5203700134471898,80.0,60.07700893556014,4.0,8.161514244396841,9,58800.0,2026-01-01 00-00-00_000,0.3392439078888143,1.8966540304398054,9.817591713557105,0.0,0.0,9.80665,-0.01106065770580918,-0.008210675928511477,-0.1247236292885794,20.0,-3.0,42.0,13.08820982717125,-2.0,1.0
52.4068178174894,-1.5203700134471898,80.0,60.07700893556014,4.0,8.161514244396841,9,58900.0,2026-01-01 00-00-00_000,-0.19048575864445305,2.112208596912845,9.559699522569009,0.0,0.0,9.80665,-0.0025319328571016685,0.011296060821600947,-0.12395704849182873,20.0,-3.0,42.0,13.779560124504957,-2.0,1.0
52.4069646493396,-1.5203210367481734,80.0,60.08206051879301,4.0,14.487403118638783,9,59000.0,2026-01-01 00-00-00_000,0.05731576442878126,2.3044617372952936,10.081895295633558,0.0,0.0,9.80665,-0.0018867585944463109,0.02205973462484123,-0.12010988896702889,20.0,-3.0,42.0,14.487403118638783,-2.0,1.0
52.4069646493396,-1.5203210367481734,80.0,60.08206051879301,4.0,14.487403118638783,9,59100.0,2026-01-01 00-00-00_000,0.22867554729514042,2.4576459899290874,9.980422015159636,0.0,0.0,9.80665,-0.02501379535699978,0.013939315945270704,-0.13481011226679215,20.0,-3.0,42.0,15.211646431994524,-2.0,1.0
52.4069646493396,-1.5203210367481734,80.0,60.08206051879301,4.0,14.487403118638783,9,59200.0,2026-01-01 00-00-00_000,-0.24194323606474638,2.4225561084691125,9.382593780567795,0.0,0.0,9.80665,0.00935111062459557,-0.012188330738970063,-0.1160759812258098,20.0,-3.0,42.0,15.952195546658057,-2.0,1.0
52.4069646493396,-1.5203210367481734,80.0,60.08206051879301,4.0,14.487403118638783,9,59300.0,2026-01-01 00-00-00_000,0.420368856590946,2.2765970346027444,9.927282152847937,0.0,0.0,9.80665,0.00029787958655692496,0.000771558805634637,-0.14426656065876647,20.0,-3.0,42.0,16.708953816714516,-2.0,1.0
52.4069646493396,-1.5203210367481734,80.0,60.08206051879301,4.0,14.487403118638783,9,59400.0,2026-01-01 00-00-00_000,-0.11440154805133934,2.0267493575072724,10.096881281634811,0.0,0.0,9.80665,-9.601331804735817e-05,-0.01167787694455522,-0.13749499012233354,20.0,-3.0,42.0,17.48182248086109,-2.0,1.0
52.4069646493396,-1.5203210367481734,80.0,60.08206051879301,4.0,14.487403118638783,9,59500.0,2026-01-01 00-00-00_000,0.09674106280338665,1.8869658564546379,9.444440497648435,0.0,0.0,9.80665,0.0028561131578269333,0.00457957960422064,-0.14547561222477787,20.0,-3.0,42.0,18.270700675295984,-2.0,1.0
52.4069646493396,-1.5203210367481734,80.0,60.08206051879301,4.0,14.487403118638783,9,59600.0,2026-01-01 00-00-00_000,0.317644844702667,1.9149272066949763,9.663058900464616,0.0,0.0,9.80665,-0.009858577100167862,0.013072346041141061,-0.14166254197370698,20.0,-3.0,42.0,19.075485446881693,-2.0,1.0
52.4069646493396,-1.5203210367481734,80.0,60.08206051879301,4.0,14.487403118638783,9,59700.0,2026-01-01 00-00-00_000,-0.36944240083054714,2.0341805815062517,10.134700077631962,0.0,0.0,9.80665,-0.0004897034827510498,0.0060417374148307714,-0.13273346793149524,20.0,-3.0,42.0,19.89607176658099,-2.0,1.0
52.4069646493396,-1.5203210367481734,80.0,60.08206051879301,4.0,14.487403118638783,9,59800.0,2026-01-01 00-00-00_000,0.3819099592389471,2.3672476502174487,9.63392124971577,0.0,0.0,9.80665,0.010004524067273242,0.008953121792259315,-0.13706681986714422,20.0,-3.0,42.0,20.732352543163824,-2.0,1.0
52.4069646493396,-1.5203210367481734,80.0,60.08206051879301,4.0,14.487403118638783,9,59900.0,2026-01-01 00-00-00_000,-0.12837179548054117,2.559533625461795,9.455561539103225,0.0,0.0,9.80665,0.010384654501202205,-0.0015162461538533888,-0.13718862698940515,20.0,-3.0,42.0,21.584218637183334,-2.0,1.0
52.40710651859701,-1.5202421566867317,80.0,60.08651852534915,4.0,22.45155887521917,9,60000.0,2026-01-01 00-00-00_000,0.084055350881866,2.8206378247570516,10.024060936400687,0.0,0.0,9.80665,0.004456218326266155,-0.0202499890208124,-0.14247950229412487,20.0,-3.0,42.0,22.45155887521917,-2.0,1.0
52.40710651859701,-1.5202421566867317,80.0,60.08651852534915,4.0,22.45155887521917,9,60100.0,2026-01-01 00-00-00_000,0.3585354331858231,2.8615591918051595,9.987303587082215,0.0,0.0,9.80665,-0.0026949882302761776,-0.020380720917972304,-0.1663038885970511,20.0,-3.0,42.0,23.334260064386278,-2.0,1.0
52.40710651859701,-1.5202421566867317,80.0,60.08651852534915,4.0,22.45155887521917,9,60200.0,2026-01-01 00-00-00_000,-0.2896220447875584,2.9163135593382776,9.437987038496956,0.0,0.0,9.80665,-0.0079338594529841,-0.0010155679795123191,-0.15024220109781314,20.0,-3.0,42.0,24.23220700710721,-2.0,1.0
52.40710651859701,-1.5202421566867317,80.0,60.08651852534915,4.0,22.45155887521917,9,60300.0,2026-01-01 00-00-00_000,0.4502747156662461,2.6501869146662003,9.960594632421532,0.0,0.0,9.80665,0.012755715172069729,0.005905196300738636,-0.17010763457458392,20.0,-3.0,42.0,25.145282516146064,-2.0,1.0
52.40710651859701,-1.5202421566867317,80.0,60.08651852534915,4.0,22.45155887521917,9,60400.0,2026-01-01 00-00-00_000,-0.20420100893325766,2.488445761939517,10.239221200394326,0.0,0.0,9.80665,0.005069876533434524,0.013058580967078069,-0.16195720333210173,20.0,-3.0,42.0,26.07336742990212,-2.0,1.0
52.40710651859701,-1.5202421566867317,80.0,60.08651852534915,4.0,22.45155887521917,9,60500.0,2026-01-01 00-00-00_000,0.06594071363328957,2.3947929164981074,9.664519838037837,0.0,0.0,9.80665,-0.004093070477529572,-0.0035823510189033894,-0.16366771721644902,20.0,-3.0,42.0,27.016340627961068,-2.0,1.0
52.40710651859701,-1.5202421566867317,80.0,60.08651852534915,4.0,22.45155887521917,9,60600.0,2026-01-01 00-00-00_000,0.2843040702601437,2.356074592032483,9.715093610429944,0.0,0.0,9.80665,-0.021018343043914797,0.0007643354866697568,-0.16745824557016872,20.0,-3.0,42.0,27.974079046901963,-2.0,1.0
52.40710651859701,-1.5202421566867317,80.0,60.08651852534915,4.0,22.45155887521917,9,60700.0,2026-01-01 00-00-00_000,-0.3587693062175782,2.5992386129578215,10.252828407721763,0.0,0.0,9.80665,-0.008427993695148026,0.0026257389645852115,-0.16170748171246282,20.0,-3.0,42.0,28.94645769635768,-2.0,1.0
52.40710651859701,-1.5202421566867317,80.0,60.08651852534915,4.0,22.45155887521917,9,60800.0,2026-01-01 00-00-00_000,0.37115442775298,2.7562813871560348,9.75763702362106,0.0,0.0,9.80665,-0.01870124958628228,0.01092373616957678,-0.17467452925402085,20.0,-3.0,42.0,29.933349675326895,-2.0,1.0
52.40710651859701,-1.5202421566867317,80.0,60.08651852534915,4.0,22.45155887521917,9,60900.0,2026-01-01 00-00-00_000,-0.16541102185113069,3.0051834820784054,9.537281520316599,0.0,0.0,9.80665,0.012088066756993468,-0.000721369232831274,-0.1568056473893441,20.0,-3.0,42.0,30.934626188735376,-2.0,1.0
52.40723929908886,-1.5201285919246676,80.0,60.09045270232667,4.0,31.950156564244487,9,61000.0,2026-01-01 00-00-00_000,-0.052067810259934476,3.2346094701795534,10.080685577469962,0.0,0.0,9.80665,0.0018272141772168826,-0.01125412269299729,-0.1683843621264394,20.0,-3.0,42.0,31.950156564244487,-2.0,1.0
52.40723929908886,-1.5201285919246676,80.0,60.09045270232667,4.0,31.950156564244487,9,61100.0,2026-01-01 00-00-00_000,0.2525076112813726,3.3482264933299226,9.913536668163765,0.0,0.0,9.80665,-0.007234581668355669,0.011119401717863416,-0.1661755853903051,20.0,-3.0,42.0,32.979808269304684,-2.0,1.0
52.40723929908886,-1.5201285919246676,80.0,60.09045270232667,4.0,31.950156564244487,9,61200.0,2026-01-01 00-00-00_000,-0.2703240421439461,3.261350615683152,9.428259674678557,0.0,0.0,9.80665,-0.0026905342923138763,0.0042224216785280815,-0.17200398397067598,20.0,-3.0,42.0,34.023446928451776,-2.0,1.0
52.40723929908886,-1.5201285919246676,80.0,60.09045270232667,4.0,31.950156564244487,9,61300.0,2026-01-01 00-00-00_000,0.33139734569499435,3.0490175967668263,9.92250442809801,0.0,0.0,9.80665,0.025257908066239586,0.003926115452310211,-0.1733419981535426,20.0,-3.0,42.0,35.08093634084369,-2.0,1.0
52.40723929908886,-1.5201285919246676,80.0,60.09045270232667,4.0,31.950156564244487,9,61400.0,2026-01-01 00-00-00_000,-0.21437417745745688,2.926883328382586,10.197522020737214,0.0,0.0,9.80665,0.01183171091551822,-0.013071181985415698,-0.183236681342486,20.0,-3.0,42.0,36.152138498035455,-2.0,1.0
52.40723929908886,-1.5201285919246676,80.0,60.09045270232667,4.0,31.950156564244487,9,61500.0,2026-01-01 00-00-00_000,0.10159594466496716,2.8806129469210098,9.537602708111702,0.0,0.0,9.80665,-0.013087146923799968,-7.97664699944328e-05,-0.16951444062886162,20.0,-3.0,42.0,37.23691360199011,-2.0,1.0
52.40723929908886,-1.5201285919246676,80.0,60.09045270232667,4.0,31.950156564244487,9,61600.0,2026-01-01 00-00-00_000,0.21185204678313235,2.8573127674857703,9.693842403040566,0.0,0.0,9.80665,-0.001275109842397285,-0.017665931132293713,-0.19605048482166312,20.0,-3.0,42.0,38.33512008332316,-2.0,1.0
52.40723929908886,-1.5201285919246676,80.0,60.09045270232667,4.0,31.950156564244487,9,61700.0,2026-01-01 00-00-00_000,-0.24361288970553802,2.9488439855844955,10.2523118209539,0.0,0.0,9.80665,-0.011998456716279486,-0.020622142710692095,-0.1862280236256813,20.0,-3.0,42.0,39.44661461977815,-2.0,1.0
52.40723929908886,-1.5201285919246676,80.0,60.09045270232667,4.0,31.950156564244487,9,61800.0,2026-01-01 00-00-00_000,0.44199815062588604,3.2249762559803767,9.773987954393213,0.0,0.0,9.80665,-0.016815256194738455,-0.0024403171571004776,-0.1921892550188459,20.0,-3.0,42.0,40.571252154931116,-2.0,1.0
52.40723929908886,-1.5201285919246676,80.0,60.09045270232667,4.0,31.950156564244487,9,61900.0,2026-01-01 00-00-00_000,-0.14635590039896706,3.463156216033982,9.520172438977175,0.0,0.0,9.80665,0.0016989054500382763,-0.004475453592124049,-0.19628374038498023,20.0,-3.0,42.0,41.708885917121215,-2.0,1.0
52.40735754006,-1.5199780348426413,80.0,60.09392460132354,4.0,42.85936743860529,9,62000.0,2026-01-01 00-00-00_000,0.09941514914313848,3.623995879637758,10.18766688251714,0.0,0.0,9.80665,0.02358203466312777,0.0058284792358041,-0.19418017668678617,20.0,-3.0,42.0,42.85936743860529,-2.0,1.0
52.40735754006,-1.5199780348426413,80.0,60.09392460132354,4.0,42.85936743860529,9,62100.0,2026-01-01 00-00-00_000,0.2607397039623776,3.771331247720054,9.97042573009516,0.0,0.0,9.80665,0.015252488862418583,0.014805735363396317,-0.20495828935450047,20.0,-3.0,42.0,44.02254657493378,-2.0,1.0
52.40735754006,-1.5199780348426413,80.0,60.09392460132354,4.0,42.85936743860529,9,62200.0,2026-01-01 00-00-00_000,-0.3122006747470085,3.756970755458591,9.445303241009157,0.0,0.0,9.80665,0.0004267630668074936,-0.0003575174173557781,-0.1941684564358364,20.0,-3.0,42.0,45.198271524545426,-2.0,1.0
52.40735754006,-1.5199780348426413,80.0,60.09392460132354,4.0,42.85936743860529,9,62300.0,2026-01-01 00-00-00_000,0.33576169620191465,3.453222496693165,9.888626791821267,0.0,0.0,9.80665,-0.0036797164896549667,0.018363336247752993,-0.19700338667971767,20.0,-3.0,42.0,46.38638884857824,-2.0,1.0
52.40735754006,-1.5199780348426413,80.0,60.09392460132354,4.0,42.85936743860529,9,62400.0,2026-01-01 00-00-00_000,-0.05853680498688052,3.3104681248514574,10.191158542989207,0.0,0.0,9.80665,0.001970580008082389,-0.0060439462514699765,-0.20465202998612292,20.0,-3.0,42.0,47.586743490894165,-2.0,1.0
52.40735754006,-1.5199780348426413,80.0,60.09392460132354,4.0,42.85936743860529,9,62500.0,2026-01-01 00-00-00_000,-0.00022943506483619203,3.1923346121004106,9.585991291707328,0.0,0.0,9.80665,0.010125871784992144,0.007831535532873165,-0.2016282810671515,20.0,-3.0,42.0,48.79917879831477,-2.0,1.0
52.40735754006,-1.5199780348426413,80.0,60.09392460132354,4.0,42.85936743860529,9,62600.0,2026-01-01 00-00-00_000,0.3560790038566111,3.1391895748037415,9.708536683650149,0.0,0.0,9.80665,-0.014311448007413524,-0.013022753774013405,-0.2179528712715099,20.0,-3.0,42.0,50.02353654106544,-2.0,1.0
52.40735754006,-1.5199780348426413,80.0,60.09392460132354,4.0,42.85936743860529,9,62700.0,2026-01-01 00-00-00_000,-0.2847916817250284,3.2604794761877485,10.191556707951472,0.0,0.0,9.80665,-0.018317435142684548,0.0012949203590790746,-0.22617897571579754,20.0,-3.0,42.0,51.25965693342521,-2.0,1.0
52.40735754006,-1.5199780348426413,80.0,60.09392460132354,4.0,42.85936743860529,9,62800.0,2026-01-01 00-00-00_000,0.38639595130133314,3.4316708931433597,9.778745266722371,0.0,0.0,9.80665,0.01844141149384105,-0.0032523463356186767,-0.21835228794173378,20.0,-3.0,42.0,52.50737865457977,-2.0,1.0
52.40735754006,-1.5199780348426413,80.0,60.09392460132354,4.0,42.85936743860529,9,62900.0,2026-01-01 00-00-00_000,-0.13933640783418041,3.7838046508767746,9.441949029770054,0.0,0.0,9.80665,0.0027473900168038952,-0.0021503934005330343,-0.21759588890155054,20.0,-3.0,42.0,53.76653886967472,-2.0,1.0
52.40745482866135,-1.5197915845744883,80.0,60.09698854143437,4.0,55.036973251066485,9,63000.0,2026-01-01 00-00-00_000,0.12379307314232608,4.012558485070729,10.151717690413118,0.0,0.0,9.80665,0.015762503697724882,0.0060432018276957815,-0.1976805793653875,20.0,-3.0,42.0,55.036973251066485,-2.0,1.0
52.40745482866135,-1.5197915845744883,80.0,60.09698854143437,4.0,55.036973251066485,9,63100.0,2026-01-01 00-00-00_000,0.33646285307826895,4.041051429725688,10.015545516117133,0.0,0.0,9.80665,0.0023329262565129996,-0.019366904881670557,-0.22143296369802276,20.0,-3.0,42.0,56.318515999768,-2.0,1.0
52.40745482866135,-1.5197915845744883,80.0,60.09698854143437,4.0,55.036973251066485,9,63200.0,2026-01-01 00-00-00_000,-0.31202858847067,3.992591740685313,9.456489699437277,0.0,0.0,9.80665,0.014510553678309761,0.0011846597151553046,-0.21323769134162007,20.0,-3.0,42.0,57.61099986708644,-2.0,1.0
52.40745482866135,-1.5197915845744883,80.0,60.09698854143437,4.0,55.036973251066485,9,63300.0,2026-01-01 00-00-00_000,0.39945411386342694,3.880266465567478,9.910679566048234,0.0,0.0,9.80665,-0.006008012328941008,-0.008345082661492772,-0.21661362038226242,20.0,-3.0,42.0,58.914256176450124,-2.0,1.0
52.40745482866135,-1.5197915845744883,80.0,60.09698854143437,4.0,55.036973251066485,9,63400.0,2026-01-01 00-00-00_000,-0.17408423592436345,3.6171827932280043,10.161488580459437,0.0,0.0,9.80665,0.004893066628509523,0.0011984392113807863,-0.2083278255070658,20.0,-3.0,42.0,60.22811484542178,-2.0,1.0
52.40745482866135,-1.5197915845744883,80.0,60.09698854143437,4.0,55.036973251066485,9,63500.0,2026-01-01 00-00-00_000,0.0050072158524394825,3.475644817769054,9.549803345232055,0.0,0.0,9.80665,0.015264809852871106,0.004030911130730011,-0.22612813703806692,20.0,-3.0,42.0,61.552404407895274,-2.0,1.0
52.40745482866135,-1.5197915845744883,80.0,60.09698854143437,4.0,55.036973251066485,9,63600.0,2026-01-01 00-00-00_000,0.23760653823332553,3.489304414738762,9.647823367369014,0.0,0.0,9.80665,0.0100482749156611,-0.003814658930989159,-0.22361214483908406,20.0,-3.0,42.0,62.88695203647296,-2.0,1.0
52.40745482866135,-1.5197915845744883,80.0,60.09698854143437,4.0,55.036973251066485,9,63700.0,2026-01-01 00-00-00_000,-0.1998204643371706,3.694352960157251,10.215027127884015,0.0,0.0,9.80665,-0.004530495583976428,-0.0038277742369196145,-0.2321641730265177,20.0,-3.0,42.0,64.23158356502057,-2.0,1.0
52.40745482866135,-1.5197915845744883,80.0,60.09698854143437,4.0,55.036973251066485,9,63800.0,2026-01-01 00-00-00_000,0.3967925055983487,3.968880312864752,9.764959455906812,0.0,0.0,9.80665,0.008812036652403515,-0.011838909941923825,-0.23927288206468508,20.0,-3.0,42.0,65.58612351139703,-2.0,1.0
52.40745482866135,-1.5197915845744883,80.0,60.09698854143437,4.0,55.036973251066485,9,63900.0,2026-01-01 00-00-00_000,-0.17078592366156453,4.127338166447358,9.52417428732145,0.0,0.0,9.80665,-0.006551594837414146,0.005632380889854907,-0.24209303460887818,20.0,-3.0,42.0,66.9503951003557,-2.0,1.0
52.4075244745872,-1.5195744993489075,80.0,60.09969245909188,4.0,68.32422028661473,9,64000.0,2026-01-01 00-00-00_000,0.1202210266349541,4.299728198259636,10.205848866915487,0.0,0.0,9.80665,-0.014058995608224186,-0.006909672129431724,-0.24199005117518851,20.0,-3.0,42.0,68.32422028661473,-2.0,1.0
52.4075244745872,-1.5195744993489075,80.0,60.09969245909188,4.0,68.32422028661473,9,64099.99999999999,2026-01-01 00-00-00_000,0.2217529780698659,4.398165241276755,9.924846450651973,0.0,0.0,9.80665,0.005162081815738807,0.004553975472166994,-0.2258924624784746,20.0,-3.0,42.0,69.70741977809291,-2.0,1.0
52.4075244745872,-1.5195744993489075,80.0,60.09969245909188,4.0,68.32422028661473,9,64200.0,2026-01-01 00-00-00_000,-0.20920766031606625,4.270466166632311,9.457861016678645,0.0,0.0,9.80665,0.013808794924606705,-0.014639055542625535,-0.23665873111698554,20.0,-3.0,42.0,71.09981305930832,-2.0,1.0
52.4075244745872,-1.5195744993489075,80.0,60.09969245909188,4.0,68.32422028661473,9,64300.0,2026-01-01 00-00-00_000,0.4456414729466659,4.173481980859218,9.848894347666862,0.0,0.0,9.80665,0.008386298311034464,0.014035787597873512,-0.24175368180722984,20.0,-3.0,42.0,72.50121841493666,-2.0,1.0
52.4075244745872,-1.5195744993489075,80.0,60.09969245909188,4.0,68.32422028661473,9,64400.00000000001,2026-01-01 00-00-00_000,-0.18379485758371603,3.8422437992739056,10.151288130568224,0.0,0.0,9.80665,-0.01242453460586953,-0.010487859394441655,-0.2419193122819256,20.0,-3.0,42.0,73.91145295352612,-2.0,1.0
52.4075244745872,-1.5195744993489075,80.0,60.09969245909188,4.0,68.32422028661473,9,64500.0,2026-01-01 00-00-00_000,0.04459379220165349,3.7591084308087765,9.5181943073423,0.0,0.0,9.80665,0.008586198006308124,0.011869756401381286,-0.24809108873842117,20.0,-3.0,42.0,75.3303326313658,-2.0,1.0
52.4075244745872,-1.5195744993489075,80.0,60.09969245909188,4.0,68.32422028661473,9,64599.99999999999,2026-01-01 00-00-00_000,0.24651652623116083,3.7284468806332725,9.704810302617002,0.0,0.0,9.80665,0.006712755597974802,-0.004603502063361069,-0.24531499388832875,20.0,-3.0,42.0,76.75767227650444,-2.0,1.0
52.4075244745872,-1.5195744993489075,80.0,60.09969245909188,4.0,68.32422028661473,9,64700.0,2026-01-01 00-00-00_000,-0.2243068733206458,3.796627808588407,10.186731143927167,0.0,0.0,9.80665,-0.004546814719087707,0.005595132804217576,-0.24681183751644317,20.0,-3.0,42.0,78.19328561291641,-2.0,1.0
52.4075244745872,-1.5195744993489075,80.0,60.09969245909188,4.0,68.32422028661473,9,64800.0,2026-01-01 00-00-00_000,0.3784798889954527,4.143915613698071,9.701223459636472,0.0,0.0,9.80665,-0.024587452637033946,-0.0014774654903557808,-0.24267710041853094,20.0,-3.0,42.0,79.63698528481186,-2.0,1.0
52.4075244745872,-1.5195744993489075,80.0,60.09969245909188,4.0,68.32422028661473,9,64900.00000000001,2026-01-01 00-00-00_000,-0.1738493382945468,4.314814323917744,9.543712019174222,0.0,0.0,9.80665,0.010044769457260294,0.006966061195205583,-0.2419753257912728,20.0,-3.0,42.0,81.08858288108769,-2.0,1.0
52.4075604669608,-1.5193364975187542,80.0,60.10207865804947,4.0,82.54788895991626,9,65000.0,2026-01-01 00-00-00_000,0.05458601652036813,4.541838511854577,10.119392022163229,0.0,0.0,9.80665,0.00877254416709361,4.336474884984136e-05,-0.2637297045839952,20.0,-3.0,42.0,82.54788895991626,-2.0,1.0
52.4075604669608,-1.5193364975187542,80.0,60.10207865804947,4.0,82.54788895991626,9,65099.99999999999,2026-01-01 00-00-00_000,0.25344804880775407,4.529598629295549,10.004724309980906,0.0,0.0,9.80665,0.0049220609272729995,0.013025874187532373,-0.2500748593341049,20.0,-3.0,42.0,84.01471307346868,-2.0,1.0
52.4075604669608,-1.5193364975187542,80.0,60.10207865804947,4.0,82.54788895991626,9,65200.0,2026-01-01 00-00-00_000,-0.2857300101835653,4.517676673484478,9.51001672680093,0.0,0.0,9.80665,-0.017143406036232697,0.006889193518010661,-0.24219387153807234,20.0,-3.0,42.0,85.48886379276934,-2.0,1.0
52.4075604669608,-1.5193364975187542,80.0,60.10207865804947,4.0,82.54788895991626,9,65300.0,2026-01-01 00-00-00_000,0.4602745984068781,4.289015134510006,9.865434385897144,0.0,0.0,9.80665,-0.014756366429516592,0.006987820531026212,-0.2626392861687201,20.0,-3.0,42.0,86.97014873267844,-2.0,1.0
52.4075604669608,-1.5193364975187542,80.0,60.10207865804947,4.0,82.54788895991626,9,65400.00000000001,2026-01-01 00-00-00_000,-0.0892014685524148,4.210344533421805,10.107503216570077,0.0,0.0,9.80665,0.010029424018230355,0.017126316927078503,-0.25767474976969373,20.0,-3.0,42.0,88.45837457699943,-2.0,1.0
52.4075604669608,-1.5193364975187542,80.0,60.10207865804947,4.0,82.54788895991626,9,65500.0,2026-01-01 00-00-00_000,-0.009450919932751302,3.966556661506023,9.527511553946363,0.0,0.0,9.80665,0.007957567612886584,-0.00715915591417161,-0.2554951057718904,20.0,-3.0,42.0,89.95334710370784,-2.0,1.0
52.4075604669608,-1.5193364975187542,80.0,60.10207865804947,4.0,82.54788895991626,9,65600.0,2026-01-01 00-00-00_000,0.18653168844721524,3.98364384322872,9.61435326502874,0.0,0.0,9.80665,0.0049007356523469445,0.013349019115982687,-0.24916946545289173,20.0,-3.0,42.0,91.45487121029838,-2.0,1.0
52.4075604669608,-1.5193364975187542,80.0,60.10207865804947,4.0,82.54788895991626,9,65700.0,2026-01-01 00-00-00_000,-0.36069977267784814,4.149698816662142,10.158370055956714,0.0,0.0,9.80665,-0.0024476782460776596,0.0007303793210845127,-0.25431852819987055,20.0,-3.0,42.0,92.96275093924693,-2.0,1.0
52.4075604669608,-1.5193364975187542,80.0,60.10207865804947,4.0,82.54788895991626,9,65800.0,2026-01-01 00-00-00_000,0.3957399471247689,4.355864585533864,9.789473014108092,0.0,0.0,9.80665,0.0039077191647107715,-0.015174958404541264,-0.2619279355800024,20.0,-3.0,42.0,94.47678950358416,-2.0,1.0
52.4075604669608,-1.5193364975187542,80.0,60.10207865804947,4.0,82.54788895991626,9,65900.0,2026-01-01 00-00-00_000,-0.1834525933591991,4.568468680106756,9.467606827530911,0.0,0.0,9.80665,-0.005376254613822116,0.0049019100313223525,-0.25720373666470236,20.0,-3.0,42.0,95.99678931257728,-2.0,1.0
52.40755856182594,-1.5190913697534147,80.0,60.10418447123851,4.0,97.52255199751684,9,66000.0,2026-01-01 00-00-00_000,0.136918149428198,4.776208819277479,10.045720636716496,0.0,0.0,9.80665,-0.003101011981546404,-0.002095793596507148,-0.2539114379719172,20.0,-3.0,42.0,97.52255199751684,-2.0,1.0
52.40755856182594,-1.5190913697534147,80.0,60.10418447123851,4.0,97.52255199751684,9,66100.0,2026-01-01 00-00-00_000,0.26590290038099584,4.831071232803285,9.99890833781256,0.0,0.0,9.80665,-0.008608706979408605,0.01730871375444107,-0.2600607363132598,20.0,-3.0,42.0,99.053878437605,-2.0,1.0
52.40755856182594,-1.5190913697534147,80.0,60.10418447123851,4.0,97.52255199751684,9,66200.0,2026-01-01 00-00-00_000,-0.20875632787256862,4.776380871986321,9.433805157377913,0.0,0.0,9.80665,0.0025609057053293106,-0.005044167860010569,-0.2492348397433946,20.0,-3.0,42.0,100.59056878594184,-2.0,1.0
52.40755856182594,-1.5190913697534147,80.0,60.10418447123851,4.0,97.52255199751684,9,66300.0,2026-01-01 00-00-00_000,0.3948203667160135,4.456192910769166,9.916960838641005,0.0,0.0,9.80665,-0.004154461500473793,0.0005029206718925551,-0.26163450961238865,20.0,-3.0,42.0,102.13242249560665,-2.0,1.0
52.40755856182594,-1.5190913697534147,80.0,60.10418447123851,4.0,97.52255199751684,9,66400.0,2026-01-01 00-00-00_000,-0.159084224656133,4.445450158238666,10.149301628209798,0.0,0.0,9.80665,0.00945823905263247,0.0024022065726992726,-0.27430151660667296,20.0,-3.0,42.0,103.67923834583034,-2.0,1.0
52.40755856182594,-1.5190913697534147,80.0,60.10418447123851,4.0,97.52255199751684,9,66500.0,2026-01-01 00-00-00_000,-0.055146726629140004,4.129915813774787,9.558034834863411,0.0,0.0,9.80665,0.007155813182089708,-0.01954774190842331,-0.2729986423837386,20.0,-3.0,42.0,105.23081446825603,-2.0,1.0
52.40755856182594,-1.5190913697534147,80.0,60.10418447123851,4.0,97.52255199751684,9,66600.0,2026-01-01 00-00-00_000,0.20286637842087618,4.097999638904295,9.660080420103917,0.0,0.0,9.80665,-0.008074635158547975,0.005209826601498965,-0.2685886760245414,20.0,-3.0,42.0,106.7869483732839,-2.0,1.0
52.40755856182594,-1.5190913697534147,80.0,60.10418447123851,4.0,97.52255199751684,9,66700.0,2026-01-01 00-00-00_000,-0.283156702759097,4.249069560206038,10.14806789535842,0.0,0.0,9.80665,0.018262771865469568,-0.010198874754192976,-0.26993099874550885,20.0,-3.0,42.0,108.34743697649735,-2.0,1.0
52.40755856182594,-1.5190913697534147,80.0,60.10418447123851,4.0,97.52255199751684,9,66800.0,2026-01-01 00-00-00_000,0.4386314058652486,4.445019624406595,9.723846368332815,0.0,0.0,9.80665,-0.011162531113978223,0.014435973447870521,-0.26402020952798727,20.0,-3.0,42.0,109.9120766251666,-2.0,1.0
52.40755856182594,-1.5190913697534147,80.0,60.10418447123851,4.0,97.52255199751684,9,66900.0,2026-01-01 00-00-00_000,-0.23564950672822194,4.668683018063107,9.541465706794973,0.0,0.0,9.80665,0.004478041765001946,0.01708432640109484,-0.26684711011422674,20.0,-3.0,42.0,111.48066312482668,-2.0,1.0
52.4075172798679,-1.5188557919541688,80.0,60.106042844855246,4.0,113.05299176592573,9,67000.0,2026-01-01 00-00-00_000,-0.03139812186367846,4.875984385588408,10.136768876876182,0.0,0.0,9.80665,0.010779216148783553,-8.805010085138788e-05,-0.25659883283029916,20.0,-3.0,42.0,113.05299176592573,-2.0,1.0
52.4075172798679,-1.5188557919541688,80.0,60.106042844855246,4.0,113.05299176592573,9,67100.0,2026-01-01 00-00-00_000,0.24678084462571967,4.937307901989385,9.91909808891547,0.0,0.0,9.80665,0.012752281088394869,-0.016260746010290643,-0.26445147330892904,20.0,-3.0,42.0,114.6288573505411,-2.0,1.0
52.4075172798679,-1.5188557919541688,80.0,60.106042844855246,4.0,113.05299176592573,9,67200.0,2026-01-01 00-00-00_000,-0.23476387399194895,4.886818161119147,9.472545434428392,0.0,0.0,9.80665,-0.021969129810052765,0.0018615028529327658,-0.2596340387691459,20.0,-3.0,42.0,116.20805421915856,-2.0,1.0
52.4075172798679,-1.5188557919541688,80.0,60.106042844855246,4.0,113.05299176592573,9,67300.0,2026-01-01 00-00-00_000,0.31146329521196603,4.586032380634209,9.953323342593226,0.0,0.0,9.80665,0.00996801228777147,0.0018052955163788073,-0.27818670505715604,20.0,-3.0,42.0,117.79037627751224,-2.0,1.0
52.4075172798679,-1.5188557919541688,80.0,60.106042844855246,4.0,113.05299176592573,9,67400.0,2026-01-01 00-00-00_000,-0.0810406045678441,4.43721165829339,10.206788819701373,0.0,0.0,9.80665,0.012149453212462712,0.0073876177198167635,-0.27600471973647145,20.0,-3.0,42.0,119.37561702348101,-2.0,1.0
52.4075172798679,-1.5188557919541688,80.0,60.106042844855246,4.0,113.05299176592573,9,67500.0,2026-01-01 00-00-00_000,0.01906718827678069,4.260185348730314,9.552474769465682,0.0,0.0,9.80665,0.014332419659473211,-0.0030400214084338345,-0.26756985361556923,20.0,-3.0,42.0,120.96356957403829,-2.0,1.0
52.4075172798679,-1.5188557919541688,80.0,60.106042844855246,4.0,113.05299176592573,9,67600.0,2026-01-01 00-00-00_000,0.2867621148028107,4.165069932583481,9.725395552642356,0.0,0.0,9.80665,-0.022168715119439724,-0.012209670907532751,-0.272750938744825,20.0,-3.0,42.0,122.55402669225134,-2.0,1.0
52.4075172798679,-1.5188557919541688,80.0,60.106042844855246,4.0,113.05299176592573,9,67700.0,2026-01-01 00-00-00_000,-0.23417907453215564,4.294053018054465,10.124762536167786,0.0,0.0,9.80665,-0.006744187111566366,-0.0014591329684317054,-0.268861194816023,20.0,-3.0,42.0,124.14678081432703,-2.0,1.0
52.4075172798679,-1.5188557919541688,80.0,60.106042844855246,4.0,113.05299176592573,9,67800.0,2026-01-01 00-00-00_000,0.41671696203189795,4.527429430812604,9.630270326373381,0.0,0.0,9.80665,-0.0009848301558239398,-0.009496408771548635,-0.27224379071871174,20.0,-3.0,42.0,125.74162407669999,-2.0,1.0
52.4075172798679,-1.5188557919541688,80.0,60.106042844855246,4.0,113.05299176592573,9,67900.0,2026-01-01 00-00-00_000,-0.12629541386325432,4.797885943687062,9.485044777110051,0.0,0.0,9.80665,-0.004446169438072876,0.018171333456354976,-0.27954533361626654,20.0,-3.0,42.0,127.33834834316005,-2.0,1.0
52.407438564706,-1.5186474307542355,80.0,60.10768285381585,4.0,128.93674523201514,9,68000.0,2026-01-01 00-00-00_000,0.15509990445980434,4.96257884969985,10.063211122697266,0.0,0.0,9.80665,0.013372318380522637,-0.0072546996614147,-0.2612239675995154,20.0,-3.0,42.0,128.93674523201514,-2.0,1.0
52.407438564706,-1.5186474307542355,80.0,60.10768285381585,4.0,128.93674523201514,9,68100.0,2026-01-01 00-00-00_000,0.2706376267463239,4.943363677276279,9.93685245078246,0.0,0.0,9.80665,-0.0067713652691778845,-0.006689625810132264,-0.2659748605167207,20.0,-3.0,42.0,130.53660614328643,-2.0,1.0
52.407438564706,-1.5186474307542355,80.0,60.10768285381585,4.0,128.93674523201514,9,68200.0,2026-01-01 00-00-00_000,-0.2810151692258535,4.868053534393968,9.438221776570701,0.0,0.0,9.80665,0.01225773721231428,-0.00048126647201763884,-0.2877815928991096,20.0,-3.0,42.0,132.13772228593174,-2.0,1.0
52.407438564706,-1.5186474307542355,80.0,60.10768285381585,4.0,128.93674523201514,9,68300.0,2026-01-01 00-00-00_000,0.48260963095068393,4.739251401431208,9.944629480502128,0.0,0.0,9.80665,0.0056014048677626395,-0.012720741531781156,-0.28045536381749014,20.0,-3.0,42.0,133.73988470509394,-2.0,1.0
52.407438564706,-1.5186474307542355,80.0,60.10768285381585,4.0,128.93674523201514,9,68400.0,2026-01-01 00-00-00_000,-0.14030999290940532,4.498462513645167,10.217252117944879,0.0,0.0,9.80665,-0.014513789139862962,-0.004571236670552749,-0.275477179268584,20.0,-3.0,42.0,135.34288430937085,-2.0,1.0
52.407438564706,-1.5186474307542355,80.0,60.10768285381585,4.0,128.93674523201514,9,68500.0,2026-01-01 00-00-00_000,0.0484244781092163,4.408228259303855,9.504847290889314,0.0,0.0,9.80665,-0.009901083422161254,-0.0013882023956781559,-0.2703273876900616,20.0,-3.0,42.0,136.94651189810276,-2.0,1.0
52.407438564706,-1.5186474307542355,80.0,60.10768285381585,4.0,128.93674523201514,9,68600.0,2026-01-01 00-00-00_000,0.25280256122773576,4.2122987439339274,9.661173559530914,0.0,0.0,9.80665,-0.004684110192350002,-0.005012468456227213,-0.2764158491939231,20.0,-3.0,42.0,138.55055818867442,-2.0,1.0
52.407438564706,-1.5186474307542355,80.0,60.10768285381585,4.0,128.93674523201514,9,68700.0,2026-01-01 00-00-00_000,-0.2744364603210131,4.457685373631473,10.159363142820947,0.0,0.0,9.80665,0.0009660856618361157,-0.002578455182572673,-0.28677816153809077,20.0,-3.0,42.0,140.15481384382764,-2.0,1.0
52.407438564706,-1.5186474307542355,80.0,60.10768285381585,4.0,128.93674523201514,9,68800.0,2026-01-01 00-00-00_000,0.39940265289368726,4.569728458829463,9.711881813463902,0.0,0.0,9.80665,0.00992041656535221,0.012726792447675096,-0.2692202409546184,20.0,-3.0,42.0,141.75906949898084,-2.0,1.0
52.407438564706,-1.5186474307542355,80.0,60.10768285381585,4.0,128.93674523201514,9,68900.0,2026-01-01 00-00-00_000,-0.22624444934995044,4.814590323527667,9.422273876978752,0.0,0.0,9.80665,-0.0018236387151873642,0.004445230403453924,-0.27749402993925565,20.0,-3.0,42.0,143.36311578955252,-2.0,1.0
52.40732789813238,-1.5184826526402295,80.0,60.109130156643815,4.0,144.9667433782844,9,69000.0,2026-01-01 00-00-00_000,0.05490459248619962,4.9720365526092865,10.067995110766418,0.0,0.0,9.80665,0.009083049179885852,-0.013716242763816222,-0.26612982601645585,20.0,-3.0,42.0,144.9667433782844,-2.0,1.0
52.40732789813238,-1.5184826526402295,80.0,60.109130156643815,4.0,144.9667433782844,9,69100.0,2026-01-01 00-00-00_000,0.21498522704299286,4.935409354411332,10.068504210033264,0.0,0.0,9.80665,-0.01573071184386164,-0.004405273373151757,-0.2732234931052306,20.0,-3.0,42.0,146.56974298256128,-2.0,1.0
52.40732789813238,-1.5184826526402295,80.0,60.109130156643815,4.0,144.9667433782844,9,69200.0,2026-01-01 00-00-00_000,-0.3674809266233129,4.976807178972752,9.490778718262575,0.0,0.0,9.80665,-0.03048083007011884,0.007650269222349765,-0.2674816528461689,20.0,-3.0,42.0,148.17190540172348,-2.0,1.0
52.40732789813238,-1.5184826526402295,80.0,60.109130156643815,4.0,144.9667433782844,9,69300.0,2026-01-01 00-00-00_000,0.380912934275309,4.635474350784493,9.95661286433926,0.0,0.0,9.80665,-0.003369549578623509,-0.006671828000829959,-0.26862603804260865,20.0,-3.0,42.0,149.7730215443688,-2.0,1.0
52.40732789813238,-1.5184826526402295,80.0,60.109130156643815,4.0,144.9667433782844,9,69400.0,2026-01-01 00-00-00_000,-0.08031607210183209,4.41851143286783,10.129485612705436,0.0,0.0,9.80665,0.004584001753689486,0.0008368116178341145,-0.26802389407293076,20.0,-3.0,42.0,151.37288245564008,-2.0,1.0
52.40732789813238,-1.5184826526402295,80.0,60.109130156643815,4.0,144.9667433782844,9,69500.0,2026-01-01 00-00-00_000,0.10193575555755224,4.317104095124108,9.65241542209515,0.0,0.0,9.80665,-0.003611624015668684,-0.0002968459169311567,-0.2789017869166166,20.0,-3.0,42.0,152.97127934449517,-2.0,1.0
52.40732789813238,-1.5184826526402295,80.0,60.109130156643815,4.0,144.9667433782844,9,69600.0,2026-01-01 00-00-00_000,0.23700059950362895,4.287109618516493,9.615815812018598,0.0,0.0,9.80665,-0.010095604695563691,0.005416987667905406,-0.2663068511069468,20.0,-3.0,42.0,154.56800361095523,-2.0,1.0
52.40732789813238,-1.5184826526402295,80.0,60.109130156643815,4.0,144.9667433782844,9,69700.0,2026-01-01 00-00-00_000,-0.19561003991246873,4.321279368583197,10.082131168265978,0.0,0.0,9.80665,0.004223193437182048,-0.0018369874732275379,-0.27257561301841293,20.0,-3.0,42.0,156.1628468733282,-2.0,1.0
52.40732789813238,-1.5184826526402295,80.0,60.109130156643815,4.0,144.9667433782844,9,69800.0,2026-01-01 00-00-00_000,0.39280375565564285,4.547301269436034,9.844590386131763,0.0,0.0,9.80665,0.019329457347716343,-0.001448574366087709,-0.28381684697575704,20.0,-3.0,42.0,157.75560099540388,-2.0,1.0
52.40732789813238,-1.5184826526402295,80.0,60.109130156643815,4.0,144.9667433782844,9,69900.0,2026-01-01 00-00-00_000,-0.1837613665682656,4.771423694412482,9.538549070596215,0.0,0.0,9.80665,-0.0010340544312132177,-0.00880617849966759,-0.2765926988699363,20.0,-3.0,42.0,159.34605811361695,-2.0,1.0
52.40719378898708,-1.5183743031879475,80.0,60.11040739690659,4.0,160.93401066417422,9,70000.0,2026-01-01 00-00-00_000,0.1286466193257684,4.922246033954836,10.152856520392094,0.0,0.0,9.80665,-0.007260088889509835,0.003685350983962052,-0.27569627346837955,20.0,-3.0,42.0,160.93401066417422,-2.0,1.0
52.40719378898708,-1.5183743031879475,80.0,60.11040739690659,4.0,160.93401066417422,9,70100.0,2026-01-01 00-00-00_000,0.2913908360877554,4.93815739494177,9.978815511583813,0.0,0.0,9.80665,-0.008454386264922911,-0.009513890838130054,-0.2687715850776051,20.0,-3.0,42.0,162.519251410143,-2.0,1.0
52.40719378898708,-1.5183743031879475,80.0,60.11040739690659,4.0,160.93401066417422,9,70200.0,2026-01-01 00-00-00_000,-0.2989918842462212,4.795397891887968,9.52145451799156,0.0,0.0,9.80665,0.019660188132550122,0.01776775174264647,-0.26653127967854556,20.0,-3.0,42.0,164.10157346849667,-2.0,1.0
52.40719378898708,-1.5183743031879475,80.0,60.11040739690659,4.0,160.93401066417422,9,70300.0,2026-01-01 00-00-00_000,0.32979025260020195,4.688103848799193,9.952209155952618,0.0,0.0,9.80665,-0.0004031410616525161,-0.0002071720316396579,-0.2803772303084459,20.0,-3.0,42.0,165.68077033711413,-2.0,1.0
52.40719378898708,-1.5183743031879475,80.0,60.11040739690659,4.0,160.93401066417422,9,70400.0,2026-01-01 00-00-00_000,-0.17149328165385078,4.357106111583748,10.133101618716296,0.0,0.0,9.80665,0.006121734116760448,-0.0022950870702217446,-0.26508137067978405,20.0,-3.0,42.0,167.2566359217295,-2.0,1.0
52.40719378898708,-1.5183743031879475,80.0,60.11040739690659,4.0,160.93401066417422,9,70500.0,2026-01-01 00-00-00_000,0.07295163745933937,4.261591099909592,9.566763322464247,0.0,0.0,9.80665,0.012200066862408656,0.008077828481548768,-0.2707773106293376,20.0,-3.0,42.0,168.82896456282856,-2.0,1.0
52.40719378898708,-1.5183743031879475,80.0,60.11040739690659,4.0,160.93401066417422,9,70600.0,2026-01-01 00-00-00_000,0.31507349356936937,4.150214053801412,9.6900910304408,0.0,0.0,9.80665,0.010771781875794275,-0.0008710761509480648,-0.27804632328186873,20.0,-3.0,42.0,170.39755106248865,-2.0,1.0
52.40719378898708,-1.5183743031879475,80.0,60.11040739690659,4.0,160.93401066417422,9,70700.0,2026-01-01 00-00-00_000,-0.37886255108190753,4.308046626038086,10.20018833232833,0.0,0.0,9.80665,-0.009219533863274327,0.0009054685439087773,-0.26224993710565003,20.0,-3.0,42.0,171.9621907111579,-2.0,1.0
52.40719378898708,-1.5183743031879475,80.0,60.11040739690659,4.0,160.93401066417422,9,70800.0,2026-01-01 00-00-00_000,0.37827311852379725,4.518408437413884,9.783388117943373,0.0,0.0,9.80665,0.00956030345919558,-0.0005384835935923592,-0.27426925542421265,20.0,-3.0,42.0,173.52267931437132,-2.0,1.0
52.40719378898708,-1.5183743031879475,80.0,60.11040739690659,4.0,160.93401066417422,9,70900.0,2026-01-01 00-00-00_000,-0.3076797272275631,4.674110449477722,9.436125927164252,0.0,0.0,9.80665,0.008438367220096986,-0.007433933856816454,-0.2769578547896353,20.0,-3.0,42.0,175.0788132193992,-2.0,1.0
52.40704671330765,-1.5183300464162084,80.0,60.11153455748233,4.0,176.6303893418249,9,71000.0,2026-01-01 00-00-00_000,0.10262694035432111,4.94393659135907,10.074955950177019,0.0,0.0,9.80665,0.004892395800003104,-0.009447526712941244,-0.26057883640404866,20.0,-3.0,42.0,176.6303893418249,-2.0,1.0
52.40704671330765,-1.5183300464162084,80.0,60.11153455748233,4.0,176.6303893418249,9,71100.0,2026-01-01 00-00-00_000,0.26917691195750915,4.828521570804613,9.99247844509515,0.0,0.0,9.80665,0.01009614590051429,-0.007167046820901938,-0.2586032382509062,20.0,-3.0,42.0,178.17720519204858,-2.0,1.0
52.40704671330765,-1.5183300464162084,80.0,60.11153455748233,4.0,176.6303893418249,9,71200.0,2026-01-01 00-00-00_000,-0.268236299613896,4.787706262528697,9.411399413544352,0.0,0.0,9.80665,-0.005612731415639788,0.01159823436209208,-0.27019449514070376,20.0,-3.0,42.0,179.7190589017134,-2.0,1.0
52.40704671330765,-1.5183300464162084,80.0,60.11153455748233,4.0,176.6303893418249,9,71300.0,2026-01-01 00-00-00_000,0.4776153078024751,4.459175885851863,9.918342624465016,0.0,0.0,9.80665,-0.0007433207942984358,-0.006431233748300486,-0.25557500113119475,20.0,-3.0,42.0,181.25574925005026,-2.0,1.0
52.40704671330765,-1.5183300464162084,80.0,60.11153455748233,4.0,176.6303893418249,9,71400.0,2026-01-01 00-00-00_000,-0.10894921650153602,4.301319331364871,10.097494125949908,0.0,0.0,9.80665,-0.005247063296241106,-0.004158441853247329,-0.2550730039091654,20.0,-3.0,42.0,182.7870756901384,-2.0,1.0
52.40704671330765,-1.5183300464162084,80.0,60.11153455748233,4.0,176.6303893418249,9,71500.0,2026-01-01 00-00-00_000,0.014179956463831467,4.065694517030369,9.549858910230872,0.0,0.0,9.80665,0.007583114183208968,-0.004602914625858762,-0.26625099171122824,20.0,-3.0,42.0,184.31283837507797,-2.0,1.0
52.40704671330765,-1.5183300464162084,80.0,60.11153455748233,4.0,176.6303893418249,9,71600.0,2026-01-01 00-00-00_000,0.32277802865359223,3.971977614190038,9.701697285746556,0.0,0.0,9.80665,-0.006530868870635641,0.007148363852874857,-0.24514008302903648,20.0,-3.0,42.0,185.83283818407108,-2.0,1.0
52.40704671330765,-1.5183300464162084,80.0,60.11153455748233,4.0,176.6303893418249,9,71700.0,2026-01-01 00-00-00_000,-0.26998249839787386,4.150390122145239,10.215844836453664,0.0,0.0,9.80665,0.003933327457638276,0.02029612800394793,-0.26052424929589824,20.0,-3.0,42.0,187.3468767484083,-2.0,1.0
52.40704671330765,-1.5183300464162084,80.0,60.11153455748233,4.0,176.6303893418249,9,71800.0,2026-01-01 00-00-00_000,0.47493231943370984,4.331479352431288,9.791659772731418,0.0,0.0,9.80665,-0.010940228300883939,-0.009472471896362807,-0.25718041107395734,20.0,-3.0,42.0,188.85475647735686,-2.0,1.0
52.40704671330765,-1.5183300464162084,80.0,60.11153455748233,4.0,176.6303893418249,9,71900.0,2026-01-01 00-00-00_000,-0.1387176639886221,4.602696774097472,9.413886890022562,0.0,0.0,9.80665,-0.0012199846641868634,0.0056189392224528815,-0.2769264774389756,20.0,-3.0,42.0,190.35628058394738,-2.0,1.0
52.40689772966477,-1.518351624942964,80.0,60.112529273199165,4.0,191.85125311065582,9,72000.0,2026-01-01 00-00-00_000,0.11336483584706666,4.641544145859724,10.086846782690609,0.0,0.0,9.80665,-0.003618227622673064,0.0012225928527241417,-0.2516439775663928,20.0,-3.0,42.0,191.85125311065582,-2.0,1.0
52.40689772966477,-1.518351624942964,80.0,60.112529273199165,4.0,191.85125311065582,9,72100.0,2026-01-01 00-00-00_000,0.21694000658988216,4.5769608206334675,9.955843047106754,0.0,0.0,9.80665,-0.0011422306720143783,-0.003103812515264727,-0.26048904519856747,20.0,-3.0,42.0,193.3394789549768,-2.0,1.0
52.40689772966477,-1.518351624942964,80.0,60.112529273199165,4.0,191.85125311065582,9,72200.0,2026-01-01 00-00-00_000,-0.3348621027231818,4.571609396641854,9.387157356622357,0.0,0.0,9.80665,0.0013290322153726884,0.005174890804618323,-0.250810658781026,20.0,-3.0,42.0,194.8207638948859,-2.0,1.0
52.40689772966477,-1.518351624942964,80.0,60.112529273199165,4.0,191.85125311065582,9,72300.0,2026-01-01 00-00-00_000,0.4705809578003622,4.337157220601455,9.892093054920103,0.0,0.0,9.80665,-0.001838686403189556,-0.013016840884838371,-0.266741398179154,20.0,-3.0,42.0,196.29491461418655,-2.0,1.0
52.40689772966477,-1.518351624942964,80.0,60.112529273199165,4.0,191.85125311065582,9,72400.0,2026-01-01 00-00-00_000,-0.20238207106101452,4.038386589777799,10.087918514768566,0.0,0.0,9.80665,-0.002194618574772048,0.008526522104386385,-0.24256574277804982,20.0,-3.0,42.0,197.76173872773896,-2.0,1.0
52.40689772966477,-1.518351624942964,80.0,60.112529273199165,4.0,191.85125311065582,9,72500.0,2026-01-01 00-00-00_000,0.022025654070893096,3.8955042568356424,9.543549201815347,0.0,0.0,9.80665,-0.020702608214970462,0.002259667742652513,-0.23885437436795107,20.0,-3.0,42.0,199.22104480656753,-2.0,1.0
52.40689772966477,-1.518351624942964,80.0,60.112529273199165,4.0,191.85125311065582,9,72600.0,2026-01-01 00-00-00_000,0.19467392862136484,3.823995845044403,9.633703064748573,0.0,0.0,9.80665,0.011052826042531879,-0.01021400598397895,-0.23405097849675618,20.0,-3.0,42.0,200.67264240284337,-2.0,1.0
52.40689772966477,-1.518351624942964,80.0,60.112529273199165,4.0,191.85125311065582,9,72700.0,2026-01-01 00-00-00_000,-0.2925186566231127,4.010781759709784,10.22378065443644,0.0,0.0,9.80665,-0.0062326287101356,0.016321571190310337,-0.271342317591241,20.0,-3.0,42.0,202.1163420747388,-2.0,1.0
52.40689772966477,-1.518351624942964,80.0,60.112529273199165,4.0,191.85125311065582,9,72800.0,2026-01-01 00-00-00_000,0.38332916366839953,4.01529941423455,9.678075595069352,0.0,0.0,9.80665,-0.0024474608044905513,0.008712790945701055,-0.24164999377261248,20.0,-3.0,42.0,203.5519554111508,-2.0,1.0
52.40689772966477,-1.518351624942964,80.0,60.112529273199165,4.0,191.85125311065582,9,72900.0,2026-01-01 00-00-00_000,-0.2512620200395248,4.333202833441961,9.470623659498235,0.0,0.0,9.80665,-0.008273371270572288,0.011902231021267713,-0.24214014830532357,20.0,-3.0,42.0,204.9792950562894,-2.0,1.0
52.40675707219356,-1.5184351604705095,80.0,60.113407106738194,4.0,206.3981747341291,9,73000.0,2026-01-01 00-00-00_000,0.05235893882279156,4.40179510583911,10.10544245280619,0.0,0.0,9.80665,0.009992073397526722,-0.014896414249760372,-0.2675406776292303,20.0,-3.0,42.0,206.3981747341291,-2.0,1.0
52.40675707219356,-1.5184351604705095,80.0,60.113407106738194,4.0,206.3981747341291,9,73100.0,2026-01-01 00-00-00_000,0.33546759781349145,4.408914219116775,9.957890022523106,0.0,0.0,9.80665,-0.00904307620426229,-0.0027794457267045353,-0.24774443924367062,20.0,-3.0,42.0,207.8084092727186,-2.0,1.0
52.40675707219356,-1.5184351604705095,80.0,60.113407106738194,4.0,206.3981747341291,9,73200.0,2026-01-01 00-00-00_000,-0.3408443613571718,4.3578908170508015,9.409484620773503,0.0,0.0,9.80665,0.0050432342189613245,-0.005351506223822557,-0.2410280116834137,20.0,-3.0,42.0,209.20981462834692,-2.0,1.0
52.40675707219356,-1.5184351604705095,80.0,60.113407106738194,4.0,206.3981747341291,9,73300.0,2026-01-01 00-00-00_000,0.34232177734821734,4.015964586737305,9.834064513787258,0.0,0.0,9.80665,0.01178307279556821,0.006412008395536149,-0.22741451824030304,20.0,-3.0,42.0,210.6022079095623,-2.0,1.0
52.40675707219356,-1.5184351604705095,80.0,60.113407106738194,4.0,206.3981747341291,9,73400.0,2026-01-01 00-00-00_000,-0.14339518121099482,3.9625473270115794,10.094654057179183,0.0,0.0,9.80665,0.016455027906220585,0.01386784234454031,-0.24381678158739142,20.0,-3.0,42.0,211.9854074010405,-2.0,1.0
52.40675707219356,-1.5184351604705095,80.0,60.113407106738194,4.0,206.3981747341291,9,73500.0,2026-01-01 00-00-00_000,0.09679234711437426,3.6586899536086013,9.497316245974842,0.0,0.0,9.80665,0.011882095685875367,-0.019505469372029755,-0.2338764366637672,20.0,-3.0,42.0,213.35923258729952,-2.0,1.0
52.40675707219356,-1.5184351604705095,80.0,60.113407106738194,4.0,206.3981747341291,9,73600.0,2026-01-01 00-00-00_000,0.251535066145257,3.5711955322627653,9.643827115934362,0.0,0.0,9.80665,0.006195637977223076,0.0002073244734928602,-0.23430507355189295,20.0,-3.0,42.0,214.7235041762582,-2.0,1.0
52.40675707219356,-1.5184351604705095,80.0,60.113407106738194,4.0,206.3981747341291,9,73700.0,2026-01-01 00-00-00_000,-0.20401034957256592,3.5624517036496752,10.211581342140144,0.0,0.0,9.80665,-0.011971058408360422,-0.0012897200377774943,-0.22922466076377754,20.0,-3.0,42.0,216.07804412263462,-2.0,1.0
52.40675707219356,-1.5184351604705095,80.0,60.113407106738194,4.0,206.3981747341291,9,73800.0,2026-01-01 00-00-00_000,0.41553380417874053,3.802459697971816,9.756286953771934,0.0,0.0,9.80665,0.012907774677185443,0.010226527026742994,-0.23358943178556102,20.0,-3.0,42.0,217.42267565118226,-2.0,1.0
52.40675707219356,-1.5184351604705095,80.0,60.113407106738194,4.0,206.3981747341291,9,73900.0,2026-01-01 00-00-00_000,-0.12307284318320916,4.034161075774508,9.529743393127536,0.0,0.0,9.80665,0.011887076586746407,-0.0004160604847479997,-0.2215168028001032,20.0,-3.0,42.0,218.75722327975996,-2.0,1.0
52.406633008536716,-1.5185723474925588,80.0,60.11418179211739,4.0,220.08151284223345,9,74000.0,2026-01-01 00-00-00_000,0.08384762303159785,4.055671191782824,10.174801531986184,0.0,0.0,9.80665,0.008391042519992406,-0.013016903423654833,-0.2190882528365221,20.0,-3.0,42.0,220.08151284223345,-2.0,1.0
52.406633008536716,-1.5185723474925588,80.0,60.11418179211739,4.0,220.08151284223345,9,74100.0,2026-01-01 00-00-00_000,0.3792723744265669,4.211373690473297,10.02562102112086,0.0,0.0,9.80665,0.008043753646024408,-0.001989637440242915,-0.2358951151995539,20.0,-3.0,42.0,221.3953715112051,-2.0,1.0
52.406633008536716,-1.5185723474925588,80.0,60.11418179211739,4.0,220.08151284223345,9,74200.0,2026-01-01 00-00-00_000,-0.370965750003733,4.022243978929875,9.420168289637166,0.0,0.0,9.80665,0.0007928619503258024,-0.01060240019293214,-0.21422003236532525,20.0,-3.0,42.0,222.6986278205688,-2.0,1.0
52.406633008536716,-1.5185723474925588,80.0,60.11418179211739,4.0,220.08151284223345,9,74300.0,2026-01-01 00-00-00_000,0.36958531711013204,3.842571141827412,9.86429316013488,0.0,0.0,9.80665,-0.005112533820947414,-0.007957737969944192,-0.22725547128954057,20.0,-3.0,42.0,223.99111168788724,-2.0,1.0
52.406633008536716,-1.5185723474925588,80.0,60.11418179211739,4.0,220.08151284223345,9,74400.0,2026-01-01 00-00-00_000,-0.17347055037408426,3.442439839545526,10.136501272904187,0.0,0.0,9.80665,0.01083508707510251,0.0004311724265412908,-0.22156419521561035,20.0,-3.0,42.0,225.27265443658877,-2.0,1.0
52.406633008536716,-1.5185723474925588,80.0,60.11418179211739,4.0,220.08151284223345,9,74500.0,2026-01-01 00-00-00_000,0.05369062420300151,3.3096177962738995,9.516423034315466,0.0,0.0,9.80665,0.012759997504340995,-0.0049194161110998535,-0.20844815269580308,20.0,-3.0,42.0,226.5430888179805,-2.0,1.0
52.406633008536716,-1.5185723474925588,80.0,60.11418179211739,4.0,220.08151284223345,9,74600.0,2026-01-01 00-00-00_000,0.35966623211152654,3.216061089628936,9.625831358370647,0.0,0.0,9.80665,-0.010320130799524192,0.0028548089009279953,-0.21467005157590635,20.0,-3.0,42.0,227.80224903307544,-2.0,1.0
52.406633008536716,-1.5185723474925588,80.0,60.11418179211739,4.0,220.08151284223345,9,74700.0,2026-01-01 00-00-00_000,-0.3410158628514126,3.4064298357802762,10.29760664192189,0.0,0.0,9.80665,0.0091815801773092,-0.015523153345399884,-0.2088607701074103,20.0,-3.0,42.0,229.04997075423,-2.0,1.0
52.406633008536716,-1.5185723474925588,80.0,60.11418179211739,4.0,220.08151284223345,9,74800.0,2026-01-01 00-00-00_000,0.41554203306161974,3.479370605675929,9.727425192446683,0.0,0.0,9.80665,0.0025190424054874322,0.0237390503847986,-0.2051240395464248,20.0,-3.0,42.0,230.28609114658974,-2.0,1.0
52.406633008536716,-1.5185723474925588,80.0,60.11418179211739,4.0,220.08151284223345,9,74900.0,2026-01-01 00-00-00_000,-0.11373651306406239,3.6598730453630375,9.581524458361681,0.0,0.0,9.80665,0.008918593453410822,0.012898933003403341,-0.20458303821789156,20.0,-3.0,42.0,231.51044888934044,-2.0,1.0
52.40653115248103,-1.518752193219409,80.0,60.114865449564995,4.0,232.72288419676102,9,75000.0,2026-01-01 00-00-00_000,0.1200071968546039,3.834834548538259,10.133189124178154,0.0,0.0,9.80665,0.002816627131944602,0.007338728996498618,-0.2115751483448395,20.0,-3.0,42.0,232.72288419676102,-2.0,1.0
52.40653115248103,-1.518752193219409,80.0,60.114865449564995,4.0,232.72288419676102,9,75100.0,2026-01-01 00-00-00_000,0.3028210294760626,3.909285184039568,9.922365202050779,0.0,0.0,9.80665,0.011171565105348913,-0.01322762890086288,-0.21276410471138607,20.0,-3.0,42.0,233.923238839077,-2.0,1.0
52.40653115248103,-1.518752193219409,80.0,60.114865449564995,4.0,232.72288419676102,9,75200.0,2026-01-01 00-00-00_000,-0.24151632122499667,3.673878497259441,9.42238243109048,0.0,0.0,9.80665,0.010317151328908676,-0.0220716906731251,-0.19758240480454684,20.0,-3.0,42.0,235.11135616310978,-2.0,1.0
52.40653115248103,-1.518752193219409,80.0,60.114865449564995,4.0,232.72288419676102,9,75300.0,2026-01-01 00-00-00_000,0.40405578671371617,3.4432541392921947,9.855113540577431,0.0,0.0,9.80665,0.008946462008530763,-0.008829982234206508,-0.19480249500730826,20.0,-3.0,42.0,236.28708111272144,-2.0,1.0
52.40653115248103,-1.518752193219409,80.0,60.114865449564995,4.0,232.72288419676102,9,75400.0,2026-01-01 00-00-00_000,-0.2468545881186749,3.1458381593522695,10.217040734282538,0.0,0.0,9.80665,-0.013638471112000663,-0.002376509566973752,-0.19580791158038519,20.0,-3.0,42.0,237.4502602490499,-2.0,1.0
52.40653115248103,-1.518752193219409,80.0,60.114865449564995,4.0,232.72288419676102,9,75500.0,2026-01-01 00-00-00_000,0.14729596091412694,3.0278041537536002,9.611713647532847,0.0,0.0,9.80665,0.008322098352773416,0.022817785266376428,-0.19794849979820955,20.0,-3.0,42.0,238.60074177053397,-2.0,1.0
52.40653115248103,-1.518752193219409,80.0,60.114865449564995,4.0,232.72288419676102,9,75600.0,2026-01-01 00-00-00_000,0.23948141608587184,2.918544370564654,9.692500447129785,0.0,0.0,9.80665,0.0006161813855091025,0.01335848672838702,-0.18735229830696543,20.0,-3.0,42.0,239.7383755327241,-2.0,1.0
52.40653115248103,-1.518752193219409,80.0,60.114865449564995,4.0,232.72288419676102,9,75700.0,2026-01-01 00-00-00_000,-0.3546515681983805,2.9383041805831813,10.19738838506601,0.0,0.0,9.80665,-0.011094106338107068,-0.005372900638105007,-0.19213259216654238,20.0,-3.0,42.0,240.86301306787706,-2.0,1.0
52.40653115248103,-1.518752193219409,80.0,60.114865449564995,4.0,232.72288419676102,9,75800.0,2026-01-01 00-00-00_000,0.3828965644431266,3.098876846649865,9.76813841696721,0.0,0.0,9.80665,0.007175376716920355,0.012353510692390204,-0.20055074433740583,20.0,-3.0,42.0,241.97450760433205,-2.0,1.0
52.40653115248103,-1.518752193219409,80.0,60.114865449564995,4.0,232.72288419676102,9,75900.0,2026-01-01 00-00-00_000,-0.18016230682325593,3.3888653984985817,9.508618071909742,0.0,0.0,9.80665,-0.01348416584424388,0.01251358401244554,-0.18505464490919768,20.0,-3.0,42.0,243.07271408566504,-2.0,1.0
52.40645428329739,-1.5189628811861724,80.0,60.11546877514494,4.0,244.15748918961967,9,76000.0,2026-01-01 00-00-00_000,0.034142015337234384,3.4656801391999394,10.092283453012831,0.0,0.0,9.80665,0.009053838972676306,0.00015883906995487756,-0.1809261675953635,20.0,-3.0,42.0,244.15748918961967,-2.0,1.0
52.40645428329739,-1.5189628811861724,80.0,60.11546877514494,4.0,244.15748918961967,9,76100.0,2026-01-01 00-00-00_000,0.23191074058668182,3.435098838872358,10.012408741583528,0.0,0.0,9.80665,0.017011003603641568,0.012441893095638167,-0.17639792682448419,20.0,-3.0,42.0,245.22869134681144,-2.0,1.0
52.40645428329739,-1.5189628811861724,80.0,60.11546877514494,4.0,244.15748918961967,9,76200.0,2026-01-01 00-00-00_000,-0.26827115001999746,3.3762720155063706,9.376120783105259,0.0,0.0,9.80665,-0.004847556935629588,0.003374001106834766,-0.18730029592401964,20.0,-3.0,42.0,246.28618075920335,-2.0,1.0
52.40645428329739,-1.5189628811861724,80.0,60.11546877514494,4.0,244.15748918961967,9,76300.0,2026-01-01 00-00-00_000,0.3792474528770521,3.0483117682602994,9.91307681511189,0.0,0.0,9.80665,0.009312834899752008,-0.006698200230026206,-0.18374827039500538,20.0,-3.0,42.0,247.32981941835047,-2.0,1.0
52.40645428329739,-1.5189628811861724,80.0,60.11546877514494,4.0,244.15748918961967,9,76400.0,2026-01-01 00-00-00_000,-0.18961585724530625,2.778151636289746,10.183571619172174,0.0,0.0,9.80665,0.00465635949438774,-0.012014243772346169,-0.1726599682451097,20.0,-3.0,42.0,248.3594711234107,-2.0,1.0
52.40645428329739,-1.5189628811861724,80.0,60.11546877514494,4.0,244.15748918961967,9,76500.0,2026-01-01 00-00-00_000,0.05805218141495404,2.5436975079780897,9.619142690344935,0.0,0.0,9.80665,0.0066432360841630015,-0.001257459822013188,-0.17640422054680424,20.0,-3.0,42.0,249.37500149891977,-2.0,1.0
52.40645428329739,-1.5189628811861724,80.0,60.11546877514494,4.0,244.15748918961967,9,76600.0,2026-01-01 00-00-00_000,0.3151412312575906,2.49632218125779,9.719926231286871,0.0,0.0,9.80665,-0.013259601638954316,0.010201609048973414,-0.17087793290035452,20.0,-3.0,42.0,250.37627801232827,-2.0,1.0
52.40645428329739,-1.5189628811861724,80.0,60.11546877514494,4.0,244.15748918961967,9,76700.0,2026-01-01 00-00-00_000,-0.3373644451410011,2.642657221781656,10.181637957726355,0.0,0.0,9.80665,0.006243706270645791,-0.013858333306195816,-0.1603396808356022,20.0,-3.0,42.0,251.3631699912975,-2.0,1.0
52.40645428329739,-1.5189628811861724,80.0,60.11546877514494,4.0,244.15748918961967,9,76800.0,2026-01-01 00-00-00_000,0.35875068526139936,2.7279754808790146,9.710520291979252,0.0,0.0,9.80665,0.0015233140306985275,-0.016473924413010675,-0.16214507747549178,20.0,-3.0,42.0,252.33554864075322,-2.0,1.0
52.40645428329739,-1.5189628811861724,80.0,60.11546877514494,4.0,244.15748918961967,9,76900.0,2026-01-01 00-00-00_000,-0.1574100789502568,2.9371870014518042,9.510667275264607,0.0,0.0,9.80665,0.007546365249299077,0.005621665875581656,-0.14816492861089214,20.0,-3.0,42.0,253.29328705969414,-2.0,1.0
52.40640259622677,-1.5191933880179083,80.0,60.1160012081005,4.0,254.2362602577531,9,77000.0,2026-01-01 00-00-00_000,0.02130807827377441,2.8629878875746173,10.105524406478999,0.0,0.0,9.80665,0.00029087945836678243,-0.027782362313175643,-0.15781733842790527,20.0,-3.0,42.0,254.2362602577531,-2.0,1.0
52.40640259622677,-1.5191933880179083,80.0,60.1160012081005,4.0,254.2362602577531,9,77100.0,2026-01-01 00-00-00_000,0.17048306599553856,3.0503169612173124,10.031477476470759,0.0,0.0,9.80665,0.01109385675933803,0.018634963188741846,-0.14388792266152986,20.0,-3.0,42.0,255.1643451715091,-2.0,1.0
52.40640259622677,-1.5191933880179083,80.0,60.1160012081005,4.0,254.2362602577531,9,77200.0,2026-01-01 00-00-00_000,-0.28692073520355227,2.8716195416453525,9.451776600076375,0.0,0.0,9.80665,0.0029415599977655406,-0.0044989905631729376,-0.14640834045383846,20.0,-3.0,42.0,256.077420680548,-2.0,1.0
52.40640259622677,-1.5191933880179083,80.0,60.1160012081005,4.0,254.2362602577531,9,77300.0,2026-01-01 00-00-00_000,0.39223104819255467,2.6169839833163753,9.875298714818678,0.0,0.0,9.80665,0.0069691450195197005,0.007490171827345535,-0.13194101269885422,20.0,-3.0,42.0,256.97536762326894,-2.0,1.0
52.40640259622677,-1.5191933880179083,80.0,60.1160012081005,4.0,254.2362602577531,9,77400.0,2026-01-01 00-00-00_000,-0.21322037865952176,2.4349546339090473,10.143645209339862,0.0,0.0,9.80665,0.013815548952218114,0.019012677689014115,-0.1494352570694743,20.0,-3.0,42.0,257.85806881243604,-2.0,1.0
52.40640259622677,-1.5191933880179083,80.0,60.1160012081005,4.0,254.2362602577531,9,77500.0,2026-01-01 00-00-00_000,0.09694400781115477,2.157634999678789,9.556025761790758,0.0,0.0,9.80665,0.002046539577927275,-0.014835871876563116,-0.14755375319881142,20.0,-3.0,42.0,258.72540905047185,-2.0,1.0
52.40640259622677,-1.5191933880179083,80.0,60.1160012081005,4.0,254.2362602577531,9,77600.0,2026-01-01 00-00-00_000,0.2567673445407087,2.1127262905024127,9.719693993156433,0.0,0.0,9.80665,0.010102812346749132,-0.01074223231512185,-0.13374780758422708,20.0,-3.0,42.0,259.57727514449135,-2.0,1.0
52.40640259622677,-1.5191933880179083,80.0,60.1160012081005,4.0,254.2362602577531,9,77700.0,2026-01-01 00-00-00_000,-0.28863799089196385,2.11374513652515,10.153531828383292,0.0,0.0,9.80665,0.0025057345058299802,0.022925653350499262,-0.14553162616001622,20.0,-3.0,42.0,260.4135559210742,-2.0,1.0
52.40640259622677,-1.5191933880179083,80.0,60.1160012081005,4.0,254.2362602577531,9,77800.0,2026-01-01 00-00-00_000,0.48183460353144025,2.290249074602441,9.734256702990466,0.0,0.0,9.80665,0.005431770655194912,-0.002910475572493151,-0.14236969614734862,20.0,-3.0,42.0,261.2341422407735,-2.0,1.0
52.40640259622677,-1.5191933880179083,80.0,60.1160012081005,4.0,254.2362602577531,9,77900.0,2026-01-01 00-00-00_000,-0.09378321228079224,2.5370594135659417,9.53556902389693,0.0,0.0,9.80665,-0.004954393444121805,-0.0013070137117948688,-0.1339357303985139,20.0,-3.0,42.0,262.03892701235924,-2.0,1.0
52.4063742284735,-1.5194346192695047,80.0,60.116471078534616,4.0,262.82780520679415,9,78000.0,2026-01-01 00-00-00_000,0.029152708415449084,2.7146090181440465,10.120531315093002,0.0,0.0,9.80665,0.007947337503092861,0.0023223694968855795,-0.13011581667067756,20.0,-3.0,42.0,262.82780520679415,-2.0,1.0
52.4063742284735,-1.5194346192695047,80.0,60.116471078534616,4.0,262.82780520679415,9,78100.0,2026-01-01 00-00-00_000,0.2926279461267278,2.577190562180041,9.90422241733064,0.0,0.0,9.80665,0.012416415850138363,0.01080462086432682,-0.14148525111257615,20.0,-3.0,42.0,263.6006738709407,-2.0,1.0
52.4063742284735,-1.5194346192695047,80.0,60.116471078534616,4.0,262.82780520679415,9,78200.0,2026-01-01 00-00-00_000,-0.3673690329266255,2.455868817641247,9.480361951775286,0.0,0.0,9.80665,-0.0005300914645133371,0.01355270764047574,-0.1254584185303608,20.0,-3.0,42.0,264.35743214099716,-2.0,1.0
52.4063742284735,-1.5194346192695047,80.0,60.116471078534616,4.0,262.82780520679415,9,78300.0,2026-01-01 00-00-00_000,0.3868685484660069,2.1271400889330065,9.832405296368744,0.0,0.0,9.80665,0.008138879984071564,0.0011231210812150598,-0.1271171341312286,20.0,-3.0,42.0,265.09798125566067,-2.0,1.0
52.4063742284735,-1.5194346192695047,80.0,60.116471078534616,4.0,262.82780520679415,9,78400.0,2026-01-01 00-00-00_000,-0.18343363330654103,1.8409278931108404,10.189368639796932,0.0,0.0,9.80665,0.004527415573542105,-0.0034275295732908097,-0.12200500668137908,20.0,-3.0,42.0,265.8222245690164,-2.0,1.0
52.4063742284735,-1.5194346192695047,80.0,60.116471078534616,4.0,262.82780520679415,9,78500.0,2026-01-01 00-00-00_000,0.1067483502447858,1.8467468624589265,9.596333246874156,0.0,0.0,9.80665,-0.010634412459601497,-0.00037295778886724365,-0.11751769722646661,20.0,-3.0,42.0,266.5300675631502,-2.0,1.0
52.4063742284735,-1.5194346192695047,80.0,60.116471078534616,4.0,262.82780520679415,9,78600.0,2026-01-01 00-00-00_000,0.23562886014312967,1.5781893509413607,9.505775806069217,0.0,0.0,9.80665,0.0037849103734421815,0.0031002593335706053,-0.11755129502759397,20.0,-3.0,42.0,267.22141786048394,-2.0,1.0
52.4063742284735,-1.5194346192695047,80.0,60.116471078534616,4.0,262.82780520679415,9,78700.0,2026-01-01 00-00-00_000,-0.3303826273323242,1.6678669365371697,10.24091988258254,0.0,0.0,9.80665,0.013335060432561288,0.01339055210221165,-0.10458642531082504,20.0,-3.0,42.0,267.896185235831,-2.0,1.0
52.4063742284735,-1.5194346192695047,80.0,60.116471078534616,4.0,262.82780520679415,9,78800.0,2026-01-01 00-00-00_000,0.42944132153797443,1.8601011468159592,9.759493190663958,0.0,0.0,9.80665,-0.004492001997771582,0.0013857823028987058,-0.1063285787964051,20.0,-3.0,42.0,268.55428162817157,-2.0,1.0
52.4063742284735,-1.5194346192695047,80.0,60.116471078534616,4.0,262.82780520679415,9,78900.0,2026-01-01 00-00-00_000,-0.13400266052568777,2.0786938873366942,9.455633282558193,0.0,0.0,9.80665,-0.01728230182577518,0.01861115698641978,-0.10876022515032706,20.0,-3.0,42.0,269.1956211521448,-2.0,1.0
52.40636588487043,-1.5196799888123471,80.0,60.11688573773732,4.0,269.8201201092574,9,79000.0,2026-01-01 00-00-00_000,0.026243117685574312,2.0484470993971016,10.181815641207642,0.0,0.0,9.80665,0.002332128205349191,-0.008774794336295626,-0.10371381442847591,20.0,-3.0,42.0,269.8201201092574,-2.0,1.0
52.40636588487043,-1.5196799888123471,80.0,60.11688573773732,4.0,269.8201201092574,9,79100.0,2026-01-01 00-00-00_000,0.33010790895056374,2.141624156688834,9.915010218508222,0.0,0.0,9.80665,-0.006030306468545688,0.005438882271140122,-0.09308394946565074,20.0,-3.0,42.0,270.4276969988071,-2.0,1.0
52.40636588487043,-1.5196799888123471,80.0,60.11688573773732,4.0,269.8201201092574,9,79200.0,2026-01-01 00-00-00_000,-0.2919977322702418,1.9394544406393652,9.464811832698592,0.0,0.0,9.80665,0.019040150889618128,0.01795469233001915,-0.09212729239338956,20.0,-3.0,42.0,271.01827252851837,-2.0,1.0
52.40636588487043,-1.5196799888123471,80.0,60.11688573773732,4.0,269.8201201092574,9,79300.0,2026-01-01 00-00-00_000,0.3894486898564811,1.724854060332987,9.884746196048122,0.0,0.0,9.80665,-8.059841771828312e-05,0.013167769490042289,-0.08530881530381841,20.0,-3.0,42.0,271.59176962489096,-2.0,1.0
52.40636588487043,-1.5196799888123471,80.0,60.11688573773732,4.0,269.8201201092574,9,79400.0,2026-01-01 00-00-00_000,-0.12432627083793822,1.4364653629328543,10.129769064388379,0.0,0.0,9.80665,0.0002791336810271808,0.0033992439026578856,-0.09347849406833372,20.0,-3.0,42.0,272.14811344325835,-2.0,1.0
52.40636588487043,-1.5196799888123471,80.0,60.11688573773732,4.0,269.8201201092574,9,79500.0,2026-01-01 00-00-00_000,0.04350891689113811,1.1915201761100256,9.593111576650555,0.0,0.0,9.80665,-0.00586874311651597,-0.0090264879485187,-0.08827085861264736,20.0,-3.0,42.0,272.6872313775553,-2.0,1.0
52.40636588487043,-1.5196799888123471,80.0,60.11688573773732,4.0,269.8201201092574,9,79600.0,2026-01-01 00-00-00_000,0.2516847582419227,1.1424287608182127,9.658741981091916,0.0,0.0,9.80665,0.002793912483154575,-0.007282616415730727,-0.07033277169088778,20.0,-3.0,42.0,273.2090530697934,-2.0,1.0
52.40636588487043,-1.5196799888123471,80.0,60.11688573773732,4.0,269.8201201092574,9,79700.0,2026-01-01 00-00-00_000,-0.3749064561388816,1.2256542318004435,10.139623194090047,0.0,0.0,9.80665,-0.005222372215833081,-0.0016007967044796168,-0.08359881721609075,20.0,-3.0,42.0,273.7135104192434,-2.0,1.0
52.40636588487043,-1.5196799888123471,80.0,60.11688573773732,4.0,269.8201201092574,9,79800.0,2026-01-01 00-00-00_000,0.43280633421148007,1.3531112094385667,9.666010138452336,0.0,0.0,9.80665,-0.008549304556395885,0.0031755997796530907,-0.06688254193531683,20.0,-3.0,42.0,274.2005375913223,-2.0,1.0
52.40636588487043,-1.5196799888123471,80.0,60.11688573773732,4.0,269.8201201092574,9,79900.0,2026-01-01 00-00-00_000,-0.21429510656913509,1.4798803739483644,9.467841224888513,0.0,0.0,9.80665,-0.00027584092633701053,-0.0025480299600816915,-0.07047494689113382,20.0,-3.0,42.0,274.67007102618567,-2.0,1.0
52.40637341650849,-1.5199254940668083,80.0,60.11725167319936,4.0,275.1220494470221,9,80000.0,2026-01-01 00-00-00_000,-0.010008106295796716,1.652066946643884,10.088907355632891,0.0,0.0,9.80665,-0.007636665611870279,-0.014886610586565895,-0.07752681386253298,20.0,-3.0,42.0,275.1220494470221,-2.0,1.0
52.40637341650849,-1.5199254940668083,80.0,60.11725167319936,4.0,275.1220494470221,9,80100.0,2026-01-01 00-00-00_000,0.28453643320703853,1.5776556073981258,9.990204218309506,0.0,0.0,9.80665,0.0133152498711618,-0.007546254940202879,-0.08215427922619362,20.0,-3.0,42.0,275.55641386805047,-2.0,1.0
52.40637341650849,-1.5199254940668083,80.0,60.11725167319936,4.0,275.1220494470221,9,80200.0,2026-01-01 00-00-00_000,-0.33821491012950555,1.4430801415396903,9.489862769955032,0.0,0.0,9.80665,-0.011130242880624166,0.005293156027245801,-0.06289629589588688,20.0,-3.0,42.0,275.97310760221785,-2.0,1.0
52.40637341650849,-1.5199254940668083,80.0,60.11725167319936,4.0,275.1220494470221,9,80300.0,2026-01-01 00-00-00_000,0.40109599832575793,1.1673351171430948,9.85015486460719,0.0,0.0,9.80665,-0.0003765575824527885,0.008538932510704414,-0.0704503249599069,20.0,-3.0,42.0,276.37207626859754,-2.0,1.0
52.40637341650849,-1.5199254940668083,80.0,60.11725167319936,4.0,275.1220494470221,9,80400.0,2026-01-01 00-00-00_000,-0.15868523476638738,0.9311581374036179,10.131504900506952,0.0,0.0,9.80665,-0.006423658144583173,-0.014308268306038097,-0.0673726219073224,20.0,-3.0,42.0,276.7532677994859,-2.0,1.0
52.40637341650849,-1.5199254940668083,80.0,60.11725167319936,4.0,275.1220494470221,9,80500.0,2026-01-01 00-00-00_000,0.010623632111076406,0.7284416041965787,9.676503896395765,0.0,0.0,9.80665,-0.013220615788871815,-0.0037233345117637768,-0.07237964236520905,20.0,-3.0,42.0,277.1166324471978,-2.0,1.0
52.40637341650849,-1.5199254940668083,80.0,60.11725167319936,4.0,275.1220494470221,9,80600.0,2026-01-01 00-00-00_000,0.2501230952262573,0.6305986428687991,9.697231859657332,0.0,0.0,9.80665,0.01668687297772991,-0.017113952433547575,-0.04606960453613634,20.0,-3.0,42.0,277.4621227905586,-2.0,1.0
52.40637341650849,-1.5199254940668083,80.0,60.11725167319936,4.0,275.1220494470221,9,80700.0,2026-01-01 00-00-00_000,-0.42898624741522484,0.6710011622543758,10.157203584614534,0.0,0.0,9.80665,-0.020304064121006566,-0.0057651971551689754,-0.05155436348239074,20.0,-3.0,42.0,277.78969374109334,-2.0,1.0
52.40637341650849,-1.5199254940668083,80.0,60.11725167319936,4.0,275.1220494470221,9,80800.0,2026-01-01 00-00-00_000,0.4680711877360211,0.8023122079530254,9.709935020199866,0.0,0.0,9.80665,0.01463320737296028,0.03622238114275797,-0.049027874905473647,20.0,-3.0,42.0,278.09930254891054,-2.0,1.0
52.40637341650849,-1.5199254940668083,80.0,60.11725167319936,4.0,275.1220494470221,9,80900.0,2026-01-01 00-00-00_000,-0.17799734952804888,0.9953377756283667,9.480881848472537,0.0,0.0,9.80665,-0.013516131055909977,0.0006501563911865281,-0.04294818261008496,20.0,-3.0,42.0,278.3909088082817,-2.0,1.0
52.40639226145326,-1.5201694098532503,80.0,60.11757461011115,4.0,278.6644744629144,9,81000.0,2026-01-01 00-00-00_000,0.0464510781526543,1.0273625632794743,10.089619953367311,0.0,0.0,9.80665,0.0012364216289225461,-0.0035312365083919046,-0.04099899907118239,20.0,-3.0,42.0,278.6644744629144,-2.0,1.0
52.40639226145326,-1.5201694098532503,80.0,60.11757461011115,4.0,278.6644744629144,9,81100.0,2026-01-01 00-00-00_000,0.3040244739272397,1.1762999833009617,10.01026353286966,0.0,0.0,9.80665,0.022569481203091026,-0.006019268205722429,-0.039017387294267625,20.0,-3.0,42.0,278.9199638109186,-2.0,1.0
52.40639226145326,-1.5201694098532503,80.0,60.11757461011115,4.0,278.6644744629144,9,81200.0,2026-01-01 00-00-00_000,-0.28707160867084675,0.9809746074283334,9.511725913267249,0.0,0.0,9.80665,-0.020537090201622265,-0.012372055141360902,-0.03250469302207944,20.0,-3.0,42.0,279.15734350946633,-2.0,1.0
52.40639226145326,-1.5201694098532503,80.0,60.11757461011115,4.0,278.6644744629144,9,81300.0,2026-01-01 00-00-00_000,0.48202369199724054,0.7204919653190766,9.898595010428908,0.0,0.0,9.80665,-0.013117473824634907,-0.019004097364387452,-0.03563085620231427,20.0,-3.0,42.0,279.37658257914285,-2.0,1.0
52.40639226145326,-1.5201694098532503,80.0,60.11757461011115,4.0,278.6644744629144,9,81400.0,2026-01-01 00-00-00_000,-0.15415516873102747,0.3978940507276076,10.1595298331746,0.0,0.0,9.80665,0.013225699105016765,-0.00043112364408030325,-0.05077974437072448,20.0,-3.0,42.0,279.57765240798983,-2.0,1.0
52.40639226145326,-1.5201694098532503,80.0,60.11757461011115,4.0,278.6644744629144,9,81500.0,2026-01-01 00-00-00_000,0.05909516911399629,0.13614124242820494,9.44723557985652,0.0,0.0,9.80665,0.0020505862011889527,-0.0028253838863515008,-0.021224218358722752,20.0,-3.0,42.0,279.7605267552391,-2.0,1.0
52.40639226145326,-1.5201694098532503,80.0,60.11757461011115,4.0,278.6644744629144,9,81600.0,2026-01-01 00-00-00_000,0.23165186045618064,-0.014596057970529014,9.68176016588501,0.0,0.0,9.80665,-0.00500698296067008,0.015106782378310335,-0.020530096932837322,20.0,-3.0,42.0,279.92518175473754,-2.0,1.0
52.40639226145326,-1.5201694098532503,80.0,60.11757461011115,4.0,278.6644744629144,9,81700.0,2026-01-01 00-00-00_000,-0.30044645873513554,0.05303587493237627,10.226937928087159,0.0,0.0,9.80665,3.841543657294077e-05,-0.016730824305072015,-0.020537781556809482,20.0,-3.0,42.0,280.0715959180615,-2.0,1.0
52.40639226145326,-1.5201694098532503,80.0,60.11757461011115,4.0,278.6644744629144,9,81800.0,2026-01-01 00-00-00_000,0.44216954649410267,0.2909421184577821,9.832195125595778,0.0,0.0,9.80665,-0.009109812577575786,0.00445354484154867,-0.00491293705389362,20.0,-3.0,42.0,280.1997501373215,-2.0,1.0
52.40639226145326,-1.5201694098532503,80.0,60.11757461011115,4.0,278.6644744629144,9,81900.0,2026-01-01 00-00-00_000,-0.07349912578064526,0.39704855661020966,9.560712384190742,0.0,0.0,9.80665,0.0015528236052285008,0.013715867704368346,-0.02543267640770301,20.0,-3.0,42.0,280.3096276876553,-2.0,1.0
52.40641771666504,-1.5204117374680082,80.0,60.117859600935525,4.0,280.40121422941127,9,82000.0,2026-01-01 00-00-00_000,0.07111671528284,0.5855947141920781,10.147605001595176,0.0,0.0,9.80665,0.015006655337101254,-0.020013916513859673,-0.03414579627785497,20.0,-3.0,42.0,280.40121422941127,-2.0,1.0
52.40641771666504,-1.5204117374680082,80.0,60.117859600935525,4.0,280.40121422941127,9,82100.0,2026-01-01 00-00-00_000,0.22927266747998734,0.5171697835125982,9.933604183879284,0.0,0.0,9.80665,-0.0033985365842244143,0.0067264675248396725,0.0038667093909847267,20.0,-3.0,42.0,280.47449781001944,-2.0,1.0
52.40641771666504,-1.5204117374680082,80.0,60.117859600935525,4.0,280.40121422941127,9,82200.0,2026-01-01 00-00-00_000,-0.33842307177855907,0.3852159431743843,9.388179271857979,0.0,0.0,9.80665,0.0017176273815781048,-0.01646830337714925,-0.0014667457881487565,20.0,-3.0,42.0,280.52946886555145,-2.0,1.0
52.40641771666504,-1.5204117374680082,80.0,60.117859600935525,4.0,280.40121422941127,9,82300.0,2026-01-01 00-00-00_000,0.34653565651457846,0.16306837383369452,9.90094005373712,0.0,0.0,9.80665,0.01215127690227433,0.005340566435112361,-0.014613629912071237,20.0,-3.0,42.0,280.5661202219687,-2.0,1.0
52.40641771666504,-1.5204117374680082,80.0,60.117859600935525,4.0,280.40121422941127,9,82400.0,2026-01-01 00-00-00_000,-0.14793922296756784,-0.23814721821734597,10.10523020969127,0.0,0.0,9.80665,0.01984130361354644,0.015089536236183334,-0.00160091606099837,20.0,-3.0,42.0,280.5844470960585,-2.0,1.0
52.40641771666504,-1.5204117374680082,80.0,60.117859600935525,4.0,280.40121422941127,9,82500.0,2026-01-01 00-00-00_000,0.02129868580762395,-0.35611420892011203,9.523103165704397,0.0,0.0,9.80665,-0.0054109775777016235,-3.888338844161372e-05,0.00975639997016355,20.0,-3.0,42.0,280.5844470960585,-2.0,1.0
52.40641771666504,-1.5204117374680082,80.0,60.117859600935525,4.0,280.40121422941127,9,82600.0,2026-01-01 00-00-00_000,0.31188734163618764,-0.44952565247213305,9.679212918545275,0.0,0.0,9.80665,0.003301080573298145,0.002935539188240118,-0.0016045325896964016,20.0,-3.0,42.0,280.5661202219687,-2.0,1.0
52.40641771666504,-1.5204117374680082,80.0,60.117859600935525,4.0,280.40121422941127,9,82700.0,2026-01-01 00-00-00_000,-0.30000543618648257,-0.36134791196419325,10.168948484120076,0.0,0.0,9.80665,-0.0051629166129280825,-0.007092346546016155,0.015641852945385087,20.0,-3.0,42.0,280.52946886555145,-2.0,1.0
52.40641771666504,-1.5204117374680082,80.0,60.117859600935525,4.0,280.40121422941127,9,82800.0,2026-01-01 00-00-00_000,0.45493737730676,-0.22458395535324754,9.756513657330741,0.0,0.0,9.80665,-0.00596387832813192,0.0029581588208765323,0.03125600893073735,20.0,-3.0,42.0,280.47449781001944,-2.0,1.0
52.40641771666504,-1.5204117374680082,80.0,60.117859600935525,4.0,280.40121422941127,9,82900.0,2026-01-01 00-00-00_000,-0.16500442142837926,-0.05047792541125429,9.559646703897208,0.0,0.0,9.80665,-0.0035685613279955505,0.011577301265403826,0.02866831743466411,20.0,-3.0,42.0,280.40121422941127,-2.0,1.0
52.406445059579276,-1.520653521396739,80.0,60.118111104455316,4.0,280.3096276876553,9,83000.0,2026-01-01 00-00-00_000,0.09634196587769098,0.049595065105254375,10.144718563459357,0.0,0.0,9.80665,-0.005845805641156103,-0.0018692723839168124,0.020576035174421584,20.0,-3.0,42.0,280.3096276876553,-2.0,1.0
52.406445059579276,-1.520653521396739,80.0,60.118111104455316,4.0,280.3096276876553,9,83100.0,2026-01-01 00-00-00_000,0.27114034205961374,0.0755706414162871,9.973607464124054,0.0,0.0,9.80665,-0.016609638917336175,-0.001424956588302923,0.026579928796080364,20.0,-3.0,42.0,280.1997501373215,-2.0,1.0
52.406445059579276,-1.520653521396739,80.0,60.118111104455316,4.0,280.3096276876553,9,83200.0,2026-01-01 00-00-00_000,-0.4044434342169867,-0.07670254328947303,9.466163034670483,0.0,0.0,9.80665,-0.019150367575494757,0.003991608450892845,0.019671244056498522,20.0,-3.0,42.0,280.0715959180615,-2.0,1.0
52.406445059579276,-1.520653521396739,80.0,60.118111104455316,4.0,280.3096276876553,9,83300.0,2026-01-01 00-00-00_000,0.34025969154494096,-0.40928369118631736,9.860296510671224,0.0,0.0,9.80665,-0.006806972915933619,0.008416930429492535,0.0314407531399568,20.0,-3.0,42.0,279.92518175473754,-2.0,1.0
52.406445059579276,-1.520653521396739,80.0,60.118111104455316,4.0,280.3096276876553,9,83400.0,2026-01-01 00-00-00_000,-0.06208480042299813,-0.6521210342103119,10.065987314267343,0.0,0.0,9.80665,0.001648457959120661,-0.01673152484683728,0.03093561627588717,20.0,-3.0,42.0,279.7605267552391,-2.0,1.0
52.406445059579276,-1.520653521396739,80.0,60.118111104455316,4.0,280.3096276876553,9,83500.0,2026-01-01 00-00-00_000,0.0763698418793708,-0.9106860477479428,9.64825654108247,0.0,0.0,9.80665,0.012256015109340386,0.0006142723022752258,0.028857845248542097,20.0,-3.0,42.0,279.57765240798983,-2.0,1.0
52.406445059579276,-1.520653521396739,80.0,60.118111104455316,4.0,280.3096276876553,9,83600.0,2026-01-01 00-00-00_000,0.21258367833345368,-1.0915888664084425,9.681655669501911,0.0,0.0,9.80665,-0.004842798585054785,-0.0070017146396598,0.029262275261300076,20.0,-3.0,42.0,279.37658257914285,-2.0,1.0
52.406445059579276,-1.520653521396739,80.0,60.118111104455316,4.0,280.3096276876553,9,83700.0,2026-01-01 00-00-00_000,-0.3180917136425496,-0.9497499414205294,10.085467561673223,0.0,0.0,9.80665,-0.0012855506042632762,0.0050802185744203785,0.05843457143305179,20.0,-3.0,42.0,279.15734350946633,-2.0,1.0
52.406445059579276,-1.520653521396739,80.0,60.118111104455316,4.0,280.3096276876553,9,83800.0,2026-01-01 00-00-00_000,0.42015025381831167,-0.6955715644997428,9.653359356457926,0.0,0.0,9.80665,0.006827954022243332,0.010600645537781714,0.046951374192592,20.0,-3.0,42.0,278.9199638109186,-2.0,1.0
52.406445059579276,-1.520653521396739,80.0,60.118111104455316,4.0,280.3096276876553,9,83900.0,2026-01-01 00-00-00_000,-0.10853786521038433,-0.6359899778645012,9.626327390601597,0.0,0.0,9.80665,0.0076061635241479976,0.003193812337098891,0.04130726673956581,20.0,-3.0,42.0,278.6644744629144,-2.0,1.0
52.4064695709066,-1.520896108257391,80.0,60.11833305553251,4.0,278.3909088082817,9,84000.0,2026-01-01 00-00-00_000,0.0708582775760499,-0.5089909332464002,10.156151714006992,0.0,0.0,9.80665,-0.0007694746689791481,0.013214261731821608,0.049234777501954,20.0,-3.0,42.0,278.3909088082817,-2.0,1.0
52.4064695709066,-1.520896108257391,80.0,60.11833305553251,4.0,278.3909088082817,9,84100.0,2026-01-01 00-00-00_000,0.2915162442106106,-0.5463479720181609,10.010448636648873,0.0,0.0,9.80665,-0.0001679796623326249,-0.010129180134824183,0.06754245632640385,20.0,-3.0,42.0,278.09930254891054,-2.0,1.0
52.4064695709066,-1.520896108257391,80.0,60.11833305553251,4.0,278.3909088082817,9,84200.0,2026-01-01 00-00-00_000,-0.3262287805507586,-0.7618937748257594,9.562350089931575,0.0,0.0,9.80665,0.018702003533152968,-0.00417492438631454,0.07174311595603486,20.0,-3.0,42.0,277.78969374109334,-2.0,1.0
52.4064695709066,-1.520896108257391,80.0,60.11833305553251,4.0,278.3909088082817,9,84300.0,2026-01-01 00-00-00_000,0.38132703558031167,-0.9578282825433948,9.921424292669615,0.0,0.0,9.80665,-0.0029229615816645255,-0.01011614412148055,0.057122856934438526,20.0,-3.0,42.0,277.4621227905586,-2.0,1.0
52.4064695709066,-1.520896108257391,80.0,60.11833305553251,4.0,278.3909088082817,9,84400.0,2026-01-01 00-00-00_000,-0.24508419344902455,-1.271752747543928,10.119440537996043,0.0,0.0,9.80665,-0.004445704101657828,0.0006108592353627952,0.06668555466909387,20.0,-3.0,42.0,277.1166324471978,-2.0,1.0
52.4064695709066,-1.520896108257391,80.0,60.11833305553251,4.0,278.3909088082817,9,84500.0,2026-01-01 00-00-00_000,0.02306828433129589,-1.4132177841013749,9.608545259943677,0.0,0.0,9.80665,-0.015574784902195332,0.000987115098513041,0.0753286557562426,20.0,-3.0,42.0,276.7532677994859,-2.0,1.0
52.4064695709066,-1.520896108257391,80.0,60.11833305553251,4.0,278.3909088082817,9,84600.0,2026-01-01 00-00-00_000,0.24151000971494216,-1.479586668095794,9.708439460560811,0.0,0.0,9.80665,0.004595809835390055,-0.0020211576706925,0.06861057385811613,20.0,-3.0,42.0,276.37207626859754,-2.0,1.0
52.4064695709066,-1.520896108257391,80.0,60.11833305553251,4.0,278.3909088082817,9,84700.0,2026-01-01 00-00-00_000,-0.3549011763929495,-1.4413445506391993,10.145396150764652,0.0,0.0,9.80665,-0.00222897142103347,-0.01239246494610968,0.06512846564505594,20.0,-3.0,42.0,275.97310760221785,-2.0,1.0
52.4064695709066,-1.520896108257391,80.0,60.11833305553251,4.0,278.3909088082817,9,84800.0,2026-01-01 00-00-00_000,0.45199775005279197,-1.279120119749139,9.749637016221131,0.0,0.0,9.80665,0.019055188669439324,-0.0007778931521340502,0.06981256260969027,20.0,-3.0,42.0,275.55641386805047,-2.0,1.0
52.4064695709066,-1.520896108257391,80.0,60.11833305553251,4.0,278.3909088082817,9,84900.0,2026-01-01 00-00-00_000,-0.23409091907653432,-1.1231113220698992,9.470525751321716,0.0,0.0,9.80665,-0.002926006725696522,-0.004466957974772732,0.0807258772048726,20.0,-3.0,42.0,275.1220494470221,-2.0,1.0
52.40648652779884,-1.5211403921782163,80.0,60.118528926670656,4.0,274.6700710261857,9,85000.0,2026-01-01 00-00-00_000,0.08434921228773626,-1.0255745763096884,10.060265397568294,0.0,0.0,9.80665,0.008305264876555904,0.006190298575185803,0.07758109369735086,20.0,-3.0,42.0,274.6700710261857,-2.0,1.0
52.40648652779884,-1.5211403921782163,80.0,60.118528926670656,4.0,274.6700710261857,9,85100.0,2026-01-01 00-00-00_000,0.31148399977658764,-0.9992429343532889,9.945272935536966,0.0,0.0,9.80665,0.009490971573563685,-0.0027523934708969674,0.07648631017394374,20.0,-3.0,42.0,274.20053759132236,-2.0,1.0
52.40648652779884,-1.5211403921782163,80.0,60.118528926670656,4.0,274.6700710261857,9,85200.0,2026-01-01 00-00-00_000,-0.24259922873426626,-1.20450091656013,9.445312899549384,0.0,0.0,9.80665,0.016487783092248715,0.011904984644408017,0.0879552812280505,20.0,-3.0,42.0,273.71351041924345,-2.0,1.0
52.40648652779884,-1.5211403921782163,80.0,60.118528926670656,4.0,274.6700710261857,9,85300.0,2026-01-01 00-00-00_000,0.40498969209694496,-1.4805708756383473,9.882406194410715,0.0,0.0,9.80665,-0.012476254316030014,0.002373955549045205,0.10027100736844533,20.0,-3.0,42.0,273.20905306979347,-2.0,1.0
52.40648652779884,-1.5211403921782163,80.0,60.118528926670656,4.0,274.6700710261857,9,85400.0,2026-01-01 00-00-00_000,-0.17513303404798852,-1.6415037791690583,10.219405360097458,0.0,0.0,9.80665,0.01567802690612457,-0.018993891682237942,0.1013221360314957,20.0,-3.0,42.0,272.6872313775553,-2.0,1.0
52.40648652779884,-1.5211403921782163,80.0,60.118528926670656,4.0,274.6700710261857,9,85500.0,2026-01-01 00-00-00_000,0.036104475439010394,-1.8485499051550556,9.550253036791833,0.0,0.0,9.80665,0.00048340281852603565,-0.0017635588538405613,0.09710137449679175,20.0,-3.0,42.0,272.1481134432584,-2.0,1.0
52.40648652779884,-1.5211403921782163,80.0,60.118528926670656,4.0,274.6700710261857,9,85600.0,2026-01-01 00-00-00_000,0.2842340824393235,-1.9705558153234353,9.692964601825764,0.0,0.0,9.80665,-0.0006684098098894542,-0.014617047445400344,0.11707511916392954,20.0,-3.0,42.0,271.591769624891,-2.0,1.0
52.40648652779884,-1.5211403921782163,80.0,60.118528926670656,4.0,274.6700710261857,9,85700.0,2026-01-01 00-00-00_000,-0.17994452854524876,-1.9492900767112684,10.132650057455205,0.0,0.0,9.80665,-0.002684257661604919,0.009915295415038163,0.09867518429655484,20.0,-3.0,42.0,271.01827252851837,-2.0,1.0
52.40648652779884,-1.5211403921782163,80.0,60.118528926670656,4.0,274.6700710261857,9,85800.0,2026-01-01 00-00-00_000,0.46407020751808986,-1.8292833912127113,9.733597393936186,0.0,0.0,9.80665,-0.0035124808503769,0.014678573122569658,0.10729650858597754,20.0,-3.0,42.0,270.4276969988071,-2.0,1.0
52.40648652779884,-1.5211403921782163,80.0,60.118528926670656,4.0,274.6700710261857,9,85900.0,2026-01-01 00-00-00_000,-0.3166956581504579,-1.58371653063163,9.549799584330772,0.0,0.0,9.80665,-0.0030151021857979287,-0.0002640653745897182,0.10001704437084058,20.0,-3.0,42.0,269.82012010925746,-2.0,1.0
52.40649124122916,-1.5213860809926583,80.0,60.118701782343386,4.0,269.19562115214484,9,86000.0,2026-01-01 00-00-00_000,0.08899605184397986,-1.473526467086285,10.185432635868619,0.0,0.0,9.80665,-0.022482241931488418,0.004545376166044876,0.11999065643659745,20.0,-3.0,42.0,269.19562115214484,-2.0,1.0
52.40649124122916,-1.5213860809926583,80.0,60.118701782343386,4.0,269.19562115214484,9,86100.0,2026-01-01 00-00-00_000,0.26290208491875616,-1.4891952520323448,9.93774579888604,0.0,0.0,9.80665,0.00534577730611654,-0.014780402257634058,0.11575747973815907,20.0,-3.0,42.0,268.5542816281716,-2.0,1.0
52.40649124122916,-1.5213860809926583,80.0,60.118701782343386,4.0,269.19562115214484,9,86200.0,2026-01-01 00-00-00_000,-0.31839653344875624,-1.6353520853647137,9.480326671712527,0.0,0.0,9.80665,0.0009646222319895726,-0.022998830083469896,0.10631552165531415,20.0,-3.0,42.0,267.896185235831,-2.0,1.0
52.40649124122916,-1.5213860809926583,80.0,60.118701782343386,4.0,269.19562115214484,9,86300.0,2026-01-01 00-00-00_000,0.3321230988755489,-1.921269073362473,9.895342617453451,0.0,0.0,9.80665,-0.008950693672029037,-0.0056695796335384475,0.11600577269954002,20.0,-3.0,42.0,267.221417860484,-2.0,1.0
52.40649124122916,-1.5213860809926583,80.0,60.118701782343386,4.0,269.19562115214484,9,86400.0,2026-01-01 00-00-00_000,-0.20804809403497793,-2.1904225872165775,10.124197588124908,0.0,0.0,9.80665,-0.0002721164699222973,-0.0026016440697260628,0.13973846572700294,20.0,-3.0,42.0,266.5300675631503,-2.0,1.0
52.40649124122916,-1.5213860809926583,80.0,60.118701782343386,4.0,269.19562115214484,9,86500.0,2026-01-01 00-00-00_000,-0.029482137398418186,-2.4764067310336855,9.640875878114386,0.0,0.0,9.80665,0.022833718701958924,-0.015472939254842702,0.13408481672160935,20.0,-3.0,42.0,265.82222456901644,-2.0,1.0
52.40649124122916,-1.5213860809926583,80.0,60.118701782343386,4.0,269.19562115214484,9,86600.0,2026-01-01 00-00-00_000,0.1894530343426568,-2.492965752170969,9.708865006231289,0.0,0.0,9.80665,0.00407080053435528,0.0009426893392765146,0.13208966978115116,20.0,-3.0,42.0,265.0979812556607,-2.0,1.0
52.40649124122916,-1.5213860809926583,80.0,60.118701782343386,4.0,269.19562115214484,9,86700.0,2026-01-01 00-00-00_000,-0.26874968566674257,-2.5096322382960343,10.176452611262993,0.0,0.0,9.80665,-0.0034416438278937985,0.0032122928991236027,0.14091698511589715,20.0,-3.0,42.0,264.35743214099716,-2.0,1.0
52.40649124122916,-1.5213860809926583,80.0,60.118701782343386,4.0,269.19562115214484,9,86800.0,2026-01-01 00-00-00_000,0.4058335641338635,-2.2530375761292514,9.71656376894277,0.0,0.0,9.80665,0.017075045987080133,0.0065949678794465505,0.12419268743892914,20.0,-3.0,42.0,263.60067387094074,-2.0,1.0
52.40649124122916,-1.5213860809926583,80.0,60.118701782343386,4.0,269.19562115214484,9,86900.0,2026-01-01 00-00-00_000,-0.22529110265801058,-2.0654082874006656,9.564134809300166,0.0,0.0,9.80665,-0.007430884347984234,0.015868658258922065,0.13312013234935788,20.0,-3.0,42.0,262.8278052067942,-2.0,1.0
52.40647920432896,-1.5216310321767892,80.0,60.11885432693914,4.0,262.0389270123593,9,87000.0,2026-01-01 00-00-00_000,0.06754340915253615,-2.0319977465295476,10.121220708483948,0.0,0.0,9.80665,-0.0011535475123325052,0.008300145350349918,0.13195074169479998,20.0,-3.0,42.0,262.0389270123593,-2.0,1.0
52.40647920432896,-1.5216310321767892,80.0,60.11885432693914,4.0,262.0389270123593,9,87100.0,2026-01-01 00-00-00_000,0.27066248150735245,-1.9705842005222651,9.91248214118852,0.0,0.0,9.80665,-0.005057691043705049,-0.0037328451029117566,0.13868315076448795,20.0,-3.0,42.0,261.2341422407736,-2.0,1.0
52.40647920432896,-1.5216310321767892,80.0,60.11885432693914,4.0,262.0389270123593,9,87200.0,2026-01-01 00-00-00_000,-0.29489860170484045,-2.1697485969088803,9.405286294536863,0.0,0.0,9.80665,-0.0019651639151763425,0.001092536634294383,0.14497185170176263,20.0,-3.0,42.0,260.4135559210743,-2.0,1.0
52.40647920432896,-1.5216310321767892,80.0,60.11885432693914,4.0,262.0389270123593,9,87300.0,2026-01-01 00-00-00_000,0.40957116910228747,-2.408348902772767,9.883970256141044,0.0,0.0,9.80665,0.007494300169454982,0.006166008176130887,0.15495000540265108,20.0,-3.0,42.0,259.57727514449147,-2.0,1.0
52.40647920432896,-1.5216310321767892,80.0,60.11885432693914,4.0,262.0389270123593,9,87400.0,2026-01-01 00-00-00_000,-0.1473183804792311,-2.7509285416598486,10.141740783340708,0.0,0.0,9.80665,0.006017974571158343,-0.010679594352017189,0.16146032529641383,20.0,-3.0,42.0,258.7254090504719,-2.0,1.0
52.40647920432896,-1.5216310321767892,80.0,60.11885432693914,4.0,262.0389270123593,9,87500.0,2026-01-01 00-00-00_000,0.07060807940907224,-2.8715312626015357,9.606238763385011,0.0,0.0,9.80665,-0.006796057187367639,0.013599631813538602,0.16393602730934875,20.0,-3.0,42.0,257.8580688124361,-2.0,1.0
52.40647920432896,-1.5216310321767892,80.0,60.11885432693914,4.0,262.0389270123593,9,87600.0,2026-01-01 00-00-00_000,0.2051389373449331,-3.0413538335225185,9.690315597618905,0.0,0.0,9.80665,-0.0009185539049580978,0.009244290678812064,0.18016105422138176,20.0,-3.0,42.0,256.975367623269,-2.0,1.0
52.40647920432896,-1.5216310321767892,80.0,60.11885432693914,4.0,262.0389270123593,9,87700.0,2026-01-01 00-00-00_000,-0.2779563646613117,-2.8011318995789845,10.22336014354112,0.0,0.0,9.80665,0.001174728794795984,-0.0022918198742618353,0.15758127764107988,20.0,-3.0,42.0,256.0774206805481,-2.0,1.0
52.40647920432896,-1.5216310321767892,80.0,60.11885432693914,4.0,262.0389270123593,9,87800.0,2026-01-01 00-00-00_000,0.3550890202432104,-2.708361593411173,9.706530303116004,0.0,0.0,9.80665,-0.0036493192231733824,-0.00650178904432088,0.1639865871750275,20.0,-3.0,42.0,255.1643451715092,-2.0,1.0
52.40647920432896,-1.5216310321767892,80.0,60.11885432693914,4.0,262.0389270123593,9,87900.0,2026-01-01 00-00-00_000,-0.24141390793841788,-2.437488129114035,9.525168395970619,0.0,0.0,9.80665,-1.7050550249315494e-05,0.03895566624599476,0.17079310045908774,20.0,-3.0,42.0,254.23626025775314,-2.0,1.0
52.40644639794783,-1.5218707406678826,80.0,60.118988947072424,4.0,253.2932870596942,9,88000.0,2026-01-01 00-00-00_000,0.08478263850898934,-2.422519155494026,10.191486464417403,0.0,0.0,9.80665,-0.006701696404775235,0.0086273401919281,0.16277522793552807,20.0,-3.0,42.0,253.2932870596942,-2.0,1.0
52.40644639794783,-1.5218707406678826,80.0,60.118988947072424,4.0,253.2932870596942,9,88100.0,2026-01-01 00-00-00_000,0.2793976558022157,-2.3973924888330274,9.923573596984657,0.0,0.0,9.80665,-0.006838771756295924,0.009645860387014092,0.16964440594287675,20.0,-3.0,42.0,252.3355486407533,-2.0,1.0
52.40644639794783,-1.5218707406678826,80.0,60.118988947072424,4.0,253.2932870596942,9,88200.0,2026-01-01 00-00-00_000,-0.3703242488588222,-2.53289460150886,9.534513466189669,0.0,0.0,9.80665,0.0007675208469997216,0.018431399252542693,0.17772384938465993,20.0,-3.0,42.0,251.3631699912976,-2.0,1.0
52.40644639794783,-1.5218707406678826,80.0,60.118988947072424,4.0,253.2932870596942,9,88300.0,2026-01-01 00-00-00_000,0.4243205450107768,-2.837776064841226,9.912797019229364,0.0,0.0,9.80665,-0.00974038015879802,0.01007064328181262,0.16999871112336587,20.0,-3.0,42.0,250.37627801232838,-2.0,1.0
52.40644639794783,-1.5218707406678826,80.0,60.118988947072424,4.0,253.2932870596942,9,88400.0,2026-01-01 00-00-00_000,-0.20153233585280844,-3.0385416453341154,10.177366913741146,0.0,0.0,9.80665,0.00440877018393547,0.0021851329147504536,0.1832531388931647,20.0,-3.0,42.0,249.3750014989199,-2.0,1.0
52.40644639794783,-1.5218707406678826,80.0,60.118988947072424,4.0,253.2932870596942,9,88500.0,2026-01-01 00-00-00_000,0.07432825212263489,-3.2988541577350388,9.604813015355317,0.0,0.0,9.80665,-0.0015608704414657529,0.007236419100051811,0.19173085055105443,20.0,-3.0,42.0,248.35947112341074,-2.0,1.0
52.40644639794783,-1.5218707406678826,80.0,60.118988947072424,4.0,253.2932870596942,9,88600.0,2026-01-01 00-00-00_000,0.2904404943736055,-3.3570071326678366,9.619915666771773,0.0,0.0,9.80665,-0.008660276307201653,-0.009309789547164578,0.17560715164926538,20.0,-3.0,42.0,247.32981941835058,-2.0,1.0
52.40644639794783,-1.5218707406678826,80.0,60.118988947072424,4.0,253.2932870596942,9,88700.0,2026-01-01 00-00-00_000,-0.27521662391271473,-3.222409464241229,10.166603369468334,0.0,0.0,9.80665,-0.005649766870020763,0.007360739616241593,0.16876360230538556,20.0,-3.0,42.0,246.28618075920346,-2.0,1.0
52.40644639794783,-1.5218707406678826,80.0,60.118988947072424,4.0,253.2932870596942,9,88800.0,2026-01-01 00-00-00_000,0.39234076209036733,-3.1249880642875496,9.796676968783498,0.0,0.0,9.80665,-0.0043398466291810125,-0.015712823016605152,0.18997732961179367,20.0,-3.0,42.0,245.22869134681156,-2.0,1.0
52.40644639794783,-1.5218707406678826,80.0,60.118988947072424,4.0,253.2932870596942,9,88900.0,2026-01-01 00-00-00_000,-0.1359049331157722,-3.065966138282451,9.533963640736369,0.0,0.0,9.80665,-0.0012403131719055836,0.00437955375428807,0.18344039193936434,20.0,-3.0,42.0,244.15748918961978,-2.0,1.0
52.40638976327559,-1.5220980976879357,80.0,60.11910774892306,4.0,243.07271408566515,9,89000.0,2026-01-01 00-00-00_000,-0.010152743996257756,-2.9052410552223713,10.128285315024492,0.0,0.0,9.80665,0.0014274092828831892,0.005753343079319383,0.19544593964761323,20.0,-3.0,42.0,243.07271408566515,-2.0,1.0
52.40638976327559,-1.5220980976879357,80.0,60.11910774892306,4.0,243.07271408566515,9,89100.0,2026-01-01 00-00-00_000,0.2503970498726622,-2.827217932231148,10.13234472217198,0.0,0.0,9.80665,-0.0017164231252546035,-0.015909937748000934,0.19284419827231508,20.0,-3.0,42.0,241.9745076043321,-2.0,1.0
52.40638976327559,-1.5220980976879357,80.0,60.11910774892306,4.0,243.07271408566515,9,89200.0,2026-01-01 00-00-00_000,-0.2618612201330841,-2.9735604675307963,9.41598410632134,0.0,0.0,9.80665,-0.008140407155902057,0.019700995895750764,0.20114202824116575,20.0,-3.0,42.0,240.86301306787712,-2.0,1.0
52.40638976327559,-1.5220980976879357,80.0,60.11910774892306,4.0,243.07271408566515,9,89300.0,2026-01-01 00-00-00_000,0.3666320672313075,-3.303749172157522,9.87785839767054,0.0,0.0,9.80665,0.014254065025698218,-0.01171414780909402,0.2100055298522024,20.0,-3.0,42.0,239.73837553272415,-2.0,1.0
52.40638976327559,-1.5220980976879357,80.0,60.11910774892306,4.0,243.07271408566515,9,89400.0,2026-01-01 00-00-00_000,-0.22171579121213444,-3.545898368828389,10.13398678123359,0.0,0.0,9.80665,0.009121006232806931,0.010766070001595542,0.20977411018823586,20.0,-3.0,42.0,238.60074177053409,-2.0,1.0
52.40638976327559,-1.5220980976879357,80.0,60.11910774892306,4.0,243.07271408566515,9,89500.0,2026-01-01 00-00-00_000,-0.0009995887407545229,-3.78195737197409,9.484344198058507,0.0,0.0,9.80665,0.0013887722170078066,-0.005339656211098539,0.20267959392546392,20.0,-3.0,42.0,237.45026024905,-2.0,1.0
52.40638976327559,-1.5220980976879357,80.0,60.11910774892306,4.0,243.07271408566515,9,89600.0,2026-01-01 00-00-00_000,0.28788245789856864,-3.780480321813686,9.729659226931362,0.0,0.0,9.80665,0.00956783670796548,0.0032641985508898744,0.19844649160966568,20.0,-3.0,42.0,236.2870811127215,-2.0,1.0
52.40638976327559,-1.5220980976879357,80.0,60.11910774892306,4.0,243.07271408566515,9,89700.0,2026-01-01 00-00-00_000,-0.2485000924725283,-3.7337936493895665,10.226031698451026,0.0,0.0,9.80665,0.0034900784410551496,-0.006655103529623536,0.1901896944914356,20.0,-3.0,42.0,235.1113561631099,-2.0,1.0
52.40638976327559,-1.5220980976879357,80.0,60.11910774892306,4.0,243.07271408566515,9,89800.0,2026-01-01 00-00-00_000,0.3267524455730182,-3.4361756257224365,9.808582025462483,0.0,0.0,9.80665,-0.002207422025638073,0.025598201857306845,0.19480769891583954,20.0,-3.0,42.0,233.92323883907702,-2.0,1.0
52.40638976327559,-1.5220980976879357,80.0,60.11910774892306,4.0,243.07271408566515,9,89900.0,2026-01-01 00-00-00_000,-0.1778816437164467,-3.4196873468852873,9.52787955586064,0.0,0.0,9.80665,0.0011365038108460015,0.010655354239641805,0.20787722516178214,20.0,-3.0,42.0,232.7228841967611,-2.0,1.0
52.40630779917445,-1.5223035582211581,80.0,60.11921259118829,4.0,231.51044888934052,9,90000.0,2026-01-01 00-00-00_000,-0.04447633512881793,-3.275062897526992,10.138320503662882,0.0,0.0,9.80665,0.02621475474614433,0.018633616807445196,0.21705729970616358,20.0,-3.0,42.0,231.51044888934052,-2.0,1.0
52.40630779917445,-1.5223035582211581,80.0,60.11921259118829,4.0,231.51044888934052,9,90100.0,2026-01-01 00-00-00_000,0.2689571108266954,-3.259941134031426,10.022474768441164,0.0,0.0,9.80665,0.009953876338112896,0.008132808058894114,0.2129822605523059,20.0,-3.0,42.0,230.28609114658985,-2.0,1.0
52.40630779917445,-1.5223035582211581,80.0,60.11921259118829,4.0,231.51044888934052,9,90200.0,2026-01-01 00-00-00_000,-0.35265547376527234,-3.358715903042291,9.435876205202396,0.0,0.0,9.80665,0.010430465990549295,0.007250502391545723,0.2156490985901674,20.0,-3.0,42.0,229.0499707542301,-2.0,1.0
52.40630779917445,-1.5223035582211581,80.0,60.11921259118829,4.0,231.51044888934052,9,90300.0,2026-01-01 00-00-00_000,0.3564082515996815,-3.586150728672239,9.854844217790449,0.0,0.0,9.80665,-0.0035303038614561263,0.001676687800424145,0.2096997724486724,20.0,-3.0,42.0,227.80224903307553,-2.0,1.0
52.40630779917445,-1.5223035582211581,80.0,60.11921259118829,4.0,231.51044888934052,9,90400.0,2026-01-01 00-00-00_000,-0.0720313288825579,-3.8963639318903365,10.243913872148172,0.0,0.0,9.80665,0.00613422957143344,-0.0023018759957157547,0.21126159287783716,20.0,-3.0,42.0,226.5430888179806,-2.0,1.0
52.40630779917445,-1.5223035582211581,80.0,60.11921259118829,4.0,231.51044888934052,9,90500.0,2026-01-01 00-00-00_000,-0.005672854695941587,-4.03033272064701,9.492438589705204,0.0,0.0,9.80665,0.022240035755063576,0.006378431198649028,0.212615880749382,20.0,-3.0,42.0,225.27265443658882,-2.0,1.0
52.40630779917445,-1.5223035582211581,80.0,60.11921259118829,4.0,231.51044888934052,9,90600.0,2026-01-01 00-00-00_000,0.19812715948008075,-4.120478077671042,9.712240152026311,0.0,0.0,9.80665,0.004445415169611984,0.0018016417946423624,0.2331587427514059,20.0,-3.0,42.0,223.99111168788733,-2.0,1.0
52.40630779917445,-1.5223035582211581,80.0,60.11921259118829,4.0,231.51044888934052,9,90700.0,2026-01-01 00-00-00_000,-0.36443853651560904,-3.997872941559279,10.152649568981989,0.0,0.0,9.80665,0.01072220744332524,-0.0013858925464754045,0.21438380200950316,20.0,-3.0,42.0,222.69862782056887,-2.0,1.0
52.40630779917445,-1.5223035582211581,80.0,60.11921259118829,4.0,231.51044888934052,9,90800.0,2026-01-01 00-00-00_000,0.4053363133878509,-3.866934930223324,9.77854589457669,0.0,0.0,9.80665,0.012511288401334551,-0.01392636381326869,0.23733841149018184,20.0,-3.0,42.0,221.39537151120518,-2.0,1.0
52.40630779917445,-1.5223035582211581,80.0,60.11921259118829,4.0,231.51044888934052,9,90900.0,2026-01-01 00-00-00_000,-0.25702383703136034,-3.611430994002718,9.536966782083658,0.0,0.0,9.80665,0.006547185665008,-0.002962835165032156,0.226614293728499,20.0,-3.0,42.0,220.08151284223354,-2.0,1.0
52.40620118121428,-1.5224758307404431,80.0,60.11930511416259,4.0,218.75722327976004,9,91000.0,2026-01-01 00-00-00_000,0.027744454565528376,-3.6133287216677914,10.016179049248588,0.0,0.0,9.80665,0.015593749352322446,0.006376933578236438,0.23983805779939596,20.0,-3.0,42.0,218.75722327976004,-2.0,1.0
52.40620118121428,-1.5224758307404431,80.0,60.11930511416259,4.0,218.75722327976004,9,91100.0,2026-01-01 00-00-00_000,0.19711032723930855,-3.529318175048839,9.957884125221033,0.0,0.0,9.80665,0.0025311782426678106,-0.004632108083352209,0.23924167564331947,20.0,-3.0,42.0,217.42267565118237,-2.0,1.0
52.40620118121428,-1.5224758307404431,80.0,60.11930511416259,4.0,218.75722327976004,9,91200.0,2026-01-01 00-00-00_000,-0.35730270407442366,-3.715576917084282,9.538976107293578,0.0,0.0,9.80665,0.0051200925029991394,0.003756911081949457,0.2450654967089404,20.0,-3.0,42.0,216.0780441226347,-2.0,1.0
52.40620118121428,-1.5224758307404431,80.0,60.11930511416259,4.0,218.75722327976004,9,91300.0,2026-01-01 00-00-00_000,0.38223993497856795,-3.9498879187474643,9.972018492905772,0.0,0.0,9.80665,-0.005796970040234681,-0.0012567563647329695,0.25021647922997614,20.0,-3.0,42.0,214.72350417625827,-2.0,1.0
52.40620118121428,-1.5224758307404431,80.0,60.11930511416259,4.0,218.75722327976004,9,91400.0,2026-01-01 00-00-00_000,-0.14404012270580707,-4.171284158162913,10.114033778327418,0.0,0.0,9.80665,0.02590268361396618,-0.010362467943138528,0.23622598067525982,20.0,-3.0,42.0,213.3592325872996,-2.0,1.0
52.40620118121428,-1.5224758307404431,80.0,60.11930511416259,4.0,218.75722327976004,9,91500.0,2026-01-01 00-00-00_000,-0.028597872352325485,-4.420512662503788,9.528394294165212,0.0,0.0,9.80665,0.003244990130282306,-0.009050238842687753,0.23637735245069377,20.0,-3.0,42.0,211.9854074010406,-2.0,1.0
52.40620118121428,-1.5224758307404431,80.0,60.11930511416259,4.0,218.75722327976004,9,91600.0,2026-01-01 00-00-00_000,0.25419875930479935,-4.406952279543294,9.705950446883099,0.0,0.0,9.80665,0.0013667775235138668,-0.0073789853037459704,0.2422156571555597,20.0,-3.0,42.0,210.6022079095624,-2.0,1.0
52.40620118121428,-1.5224758307404431,80.0,60.11930511416259,4.0,218.75722327976004,9,91700.0,2026-01-01 00-00-00_000,-0.2895822543956751,-4.337268051476589,10.142153285150345,0.0,0.0,9.80665,0.013765425800018199,-0.0027599034032782526,0.24113849197396403,20.0,-3.0,42.0,209.20981462834698,-2.0,1.0
52.40620118121428,-1.5224758307404431,80.0,60.11930511416259,4.0,218.75722327976004,9,91800.0,2026-01-01 00-00-00_000,0.29103452476630287,-4.1980449727149285,9.701104349345787,0.0,0.0,9.80665,-0.004434857216058385,-0.0024616260057373877,0.2540748088524781,20.0,-3.0,42.0,207.80840927271868,-2.0,1.0
52.40620118121428,-1.5224758307404431,80.0,60.11930511416259,4.0,218.75722327976004,9,91900.0,2026-01-01 00-00-00_000,-0.19976744553111364,-3.986995921521982,9.446696773239124,0.0,0.0,9.80665,0.00023782701794564565,0.011683219030624123,0.2494403940525111,20.0,-3.0,42.0,206.3981747341292,-2.0,1.0
52.406073246951,-1.5226031201190593,80.0,60.11938676540083,4.0,204.97929505628952,9,92000.0,2026-01-01 00-00-00_000,-0.006504227663911108,-3.842841104975884,10.106671151845315,0.0,0.0,9.80665,-0.007293843185793172,-0.01089953613015404,0.2518713181319171,20.0,-3.0,42.0,204.97929505628952,-2.0,1.0
52.406073246951,-1.5226031201190593,80.0,60.11938676540083,4.0,204.97929505628952,9,92100.0,2026-01-01 00-00-00_000,0.23237877418067096,-3.802114215180536,9.96396505386644,0.0,0.0,9.80665,0.0005004396400546333,-0.020724003401751397,0.2565976631036227,20.0,-3.0,42.0,203.55195541115086,-2.0,1.0
52.406073246951,-1.5226031201190593,80.0,60.11938676540083,4.0,204.97929505628952,9,92200.0,2026-01-01 00-00-00_000,-0.35172532614846724,-3.9523808504667106,9.554891159518522,0.0,0.0,9.80665,-0.0034786515587669625,0.007257095454627689,0.2509611485608897,20.0,-3.0,42.0,202.1163420747389,-2.0,1.0
52.406073246951,-1.5226031201190593,80.0,60.11938676540083,4.0,204.97929505628952,9,92300.0,2026-01-01 00-00-00_000,0.3650246391468917,-4.122234969211171,9.97337698412531,0.0,0.0,9.80665,0.005542188536102179,-0.00443828375321528,0.2648425218352027,20.0,-3.0,42.0,200.67264240284342,-2.0,1.0
52.406073246951,-1.5226031201190593,80.0,60.11938676540083,4.0,204.97929505628952,9,92400.0,2026-01-01 00-00-00_000,-0.09222932417949443,-4.4691613683840785,10.245191569567856,0.0,0.0,9.80665,-0.0009452640013321894,-0.0009834741469562063,0.24286318136023277,20.0,-3.0,42.0,199.22104480656762,-2.0,1.0
52.406073246951,-1.5226031201190593,80.0,60.11938676540083,4.0,204.97929505628952,9,92500.0,2026-01-01 00-00-00_000,0.054837476233053226,-4.623828848055143,9.54089997853699,0.0,0.0,9.80665,-0.005516556377767811,0.026374742836044462,0.26066923711665485,20.0,-3.0,42.0,197.76173872773907,-2.0,1.0
52.406073246951,-1.5226031201190593,80.0,60.11938676540083,4.0,204.97929505628952,9,92600.0,2026-01-01 00-00-00_000,0.29525609098764344,-4.665951463888124,9.669517376480378,0.0,0.0,9.80665,-0.0025693782239150317,0.015251445289820165,0.264084940306152,20.0,-3.0,42.0,196.29491461418664,-2.0,1.0
52.406073246951,-1.5226031201190593,80.0,60.11938676540083,4.0,204.97929505628952,9,92700.0,2026-01-01 00-00-00_000,-0.23655148422443611,-4.622727825926879,10.140372323273029,0.0,0.0,9.80665,-0.0008726356433522921,0.006289647760093228,0.25528006270373177,20.0,-3.0,42.0,194.820763894886,-2.0,1.0
52.406073246951,-1.5226031201190593,80.0,60.11938676540083,4.0,204.97929505628952,9,92800.0,2026-01-01 00-00-00_000,0.43842496150843585,-4.369649195579751,9.80351068728021,0.0,0.0,9.80665,-0.00468090547226807,0.009955701260605949,0.2571093003234112,20.0,-3.0,42.0,193.33947895497693,-2.0,1.0
52.406073246951,-1.5226031201190593,80.0,60.11938676540083,4.0,204.97929505628952,9,92900.0,2026-01-01 00-00-00_000,-0.22074861940337598,-4.146522813503915,9.532978193237962,0.0,0.0,9.80665,0.009356275686583424,0.0014843712481822815,0.27100738103607147,20.0,-3.0,42.0,191.85125311065593,-2.0,1.0
52.40593017109867,-1.5226748176173708,80.0,60.11945882236569,4.0,190.35628058394752,9,93000.0,2026-01-01 00-00-00_000,0.13714756315608018,-4.122030410320725,10.111794643138914,0.0,0.0,9.80665,0.006786730068613879,0.010090336536998687,0.2624542441740896,20.0,-3.0,42.0,190.35628058394752,-2.0,1.0
52.40593017109867,-1.5226748176173708,80.0,60.11945882236569,4.0,190.35628058394752,9,93100.0,2026-01-01 00-00-00_000,0.2512978461405658,-4.12274520560751,9.939193392545242,0.0,0.0,9.80665,0.0016848565725225467,-0.005995760465303922,0.2508456590290081,20.0,-3.0,42.0,188.854756477357,-2.0,1.0
52.40593017109867,-1.5226748176173708,80.0,60.11945882236569,4.0,190.35628058394752,9,93200.0,2026-01-01 00-00-00_000,-0.24437890448356595,-4.188503303435946,9.424640603036531,0.0,0.0,9.80665,-0.01123798896547796,-0.007033699766007891,0.2564961651066468,20.0,-3.0,42.0,187.34687674840845,-2.0,1.0
52.40593017109867,-1.5226748176173708,80.0,60.11945882236569,4.0,190.35628058394752,9,93300.0,2026-01-01 00-00-00_000,0.4421815588032558,-4.336117962515065,9.95382738714403,0.0,0.0,9.80665,0.005280629951718625,-0.0045170407618828805,0.2763080539292553,20.0,-3.0,42.0,185.83283818407125,-2.0,1.0
52.40593017109867,-1.5226748176173708,80.0,60.11945882236569,4.0,190.35628058394752,9,93400.0,2026-01-01 00-00-00_000,-0.2066244529872694,-4.630305441093471,10.195955829986573,0.0,0.0,9.80665,-0.012091929431126542,0.016473481585625626,0.26232441945370977,20.0,-3.0,42.0,184.31283837507812,-2.0,1.0
52.40593017109867,-1.5226748176173708,80.0,60.11945882236569,4.0,190.35628058394752,9,93500.0,2026-01-01 00-00-00_000,0.016215946424802764,-4.84231017230373,9.593828973136453,0.0,0.0,9.80665,0.002066826658125896,0.016243164015878088,0.2807533203870949,20.0,-3.0,42.0,182.78707569013855,-2.0,1.0
52.40593017109867,-1.5226748176173708,80.0,60.11945882236569,4.0,190.35628058394752,9,93600.0,2026-01-01 00-00-00_000,0.3432925274521226,-4.914119683153835,9.548483789752925,0.0,0.0,9.80665,0.0007339624360969881,-0.005933607668863558,0.28219125211368595,20.0,-3.0,42.0,181.2557492500504,-2.0,1.0
52.40593017109867,-1.5226748176173708,80.0,60.11945882236569,4.0,190.35628058394752,9,93700.0,2026-01-01 00-00-00_000,-0.3732490448036007,-4.819499777204694,10.185645684807076,0.0,0.0,9.80665,-0.0054291421927785116,0.012196833333157795,0.2706292364346118,20.0,-3.0,42.0,179.71905890171357,-2.0,1.0
52.40593017109867,-1.5226748176173708,80.0,60.11945882236569,4.0,190.35628058394752,9,93800.0,2026-01-01 00-00-00_000,0.42955990297654834,-4.5886971525465485,9.713794834693852,0.0,0.0,9.80665,-0.007751945272284807,-0.001344005971979704,0.27744791745082614,20.0,-3.0,42.0,178.17720519204877,-2.0,1.0
52.40593017109867,-1.5226748176173708,80.0,60.11945882236569,4.0,190.35628058394752,9,93900.0,2026-01-01 00-00-00_000,-0.1594723829385616,-4.419461527730565,9.50653110991228,0.0,0.0,9.80665,-0.006450194894089119,0.011314305857093332,0.2674093754492823,20.0,-3.0,42.0,176.63038934182504,-2.0,1.0
52.405780686171454,-1.5226833728197646,80.0,60.11952241241397,4.0,175.07881321939936,9,94000.0,2026-01-01 00-00-00_000,0.01693816023698784,-4.090584658232022,10.14172197271713,0.0,0.0,9.80665,0.020125438881097583,-0.00295964846561381,0.27160632697384907,20.0,-3.0,42.0,175.07881321939936,-2.0,1.0
52.405780686171454,-1.5226833728197646,80.0,60.11952241241397,4.0,175.07881321939936,9,94100.0,2026-01-01 00-00-00_000,0.22342331525620046,-4.252278114190555,9.953028878828995,0.0,0.0,9.80665,-0.0022963968032858433,0.010110617628458982,0.27004548745130796,20.0,-3.0,42.0,173.5226793143715,-2.0,1.0
52.405780686171454,-1.5226833728197646,80.0,60.11952241241397,4.0,175.07881321939936,9,94200.0,2026-01-01 00-00-00_000,-0.3829780215170821,-4.354922416461949,9.423859124415024,0.0,0.0,9.80665,-0.001729116491854317,-0.0008334860691745934,0.2810473712198727,20.0,-3.0,42.0,171.96219071115806,-2.0,1.0
52.405780686171454,-1.5226833728197646,80.0,60.11952241241397,4.0,175.07881321939936,9,94300.0,2026-01-01 00-00-00_000,0.44296269689721396,-4.554382152343576,9.864960900442256,0.0,0.0,9.80665,0.00954137730944175,-0.0026316424349557455,0.2668725547180476,20.0,-3.0,42.0,170.3975510624888,-2.0,1.0
52.405780686171454,-1.5226833728197646,80.0,60.11952241241397,4.0,175.07881321939936,9,94400.0,2026-01-01 00-00-00_000,-0.23416517652763635,-4.8278559383451745,10.141105070499666,0.0,0.0,9.80665,0.004321201280825971,8.744061800157079e-05,0.2767196602091762,20.0,-3.0,42.0,168.82896456282873,-2.0,1.0
52.405780686171454,-1.5226833728197646,80.0,60.11952241241397,4.0,175.07881321939936,9,94500.0,2026-01-01 00-00-00_000,-8.31168274131215,-4.883860223806627,9.520960843756374,0.0,0.0,9.80665,0.010489092882931298,0.0019433059361840378,0.2788102116319788,20.0,-3.0,42.0,167.25663592172967,-2.0,1.0
52.405780686171454,-1.5226833728197646,80.0,60.11952241241397,4.0,175.07881321939936,9,94600.0,2026-01-01 00-00-00_000,-16.381752193106273,-4.5141669708345855,9.67813042615467,0.0,0.0,9.80665,-0.011583955605447971,-0.00564096028619402,0.28314147387037375,20.0,-3.0,42.0,165.6807703371143,-2.0,1.0
52.405780686171454,-1.5226833728197646,80.0,60.11952241241397,4.0,175.07881321939936,9,94700.0,2026-01-01 00-00-00_000,-17.101036345621072,-4.036706645258793,10.22960096250626,0.0,0.0,9.80665,-0.010248233609157194,-0.013710395058762575,0.2627154013820924,20.0,-3.0,42.0,164.10157346849684,-2.0,1.0
52.405780686171454,-1.5226833728197646,80.0,60.11952241241397,4.0,175.07881321939936,9,94800.0,2026-01-01 00-00-00_000,-16.231230866781296,-3.3054175496811014,9.78693817624751,0.0,0.0,9.80665,0.032432797383452325,0.01771405770099959,0.2659122247512551,20.0,-3.0,42.0,162.51925141014317,-2.0,1.0
52.405780686171454,-1.5226833728197646,80.0,60.11952241241397,4.0,175.07881321939936,9,94900.0,2026-01-01 00-00-00_000,-16.887417651939554,-2.6537482342573053,9.475728995812418,0.0,0.0,9.80665,-0.0001368090643834091,-0.003702686011115196,0.27364592172845476,20.0,-3.0,42.0,160.9340106641744,-2.0,1.0
52.40565661772727,-1.522637679499856,80.0,30.059782681898213,4.0,159.34605811361712,9,95000.0,2026-01-01 00-00-00_000,-16.60214051380706,-1.9993049817306003,10.089174159891018,0.0,0.0,9.80665,-0.0025285921237681347,-0.01831285552254671,0.2793350710309777,20.0,-3.0,42.0,159.34605811361712,-2.0,1.0
52.40565661772727,-1.522637679499856,80.0,30.059782681898213,4.0,159.34605811361712,9,95100.0,2026-01-01 00-00-00_000,-16.45113890352342,-1.4932471757347805,9.991093566706459,0.0,0.0,9.80665,0.0018235029634413417,-0.022947493980645137,0.282656285020115,20.0,-3.0,42.0,157.75560099540405,-2.0,1.0
52.40565661772727,-1.522637679499856,80.0,30.059782681898213,4.0,159.34605811361712,9,95200.0,2026-01-01 00-00-00_000,-17.04223106511221,-1.0769878582044081,9.473621926285126,0.0,0.0,9.80665,0.009839127585730356,-0.028429685702188873,0.28347358686685364,20.0,-3.0,42.0,156.16284687332833,-2.0,1.0
52.40565661772727,-1.522637679499856,80.0,30.059782681898213,4.0,159.34605811361712,9,95300.0,2026-01-01 00-00-00_000,-16.3006056416759,-0.8284590850010228,9.955689039377818,0.0,0.0,9.80665,-0.011214772759665488,-0.00594642586656725,0.2983516743249826,20.0,-3.0,42.0,154.5680036109554,-2.0,1.0
52.40565661772727,-1.522637679499856,80.0,30.059782681898213,4.0,159.34605811361712,9,95400.0,2026-01-01 00-00-00_000,-16.871437528653157,-0.635694380285129,10.090923956674885,0.0,0.0,9.80665,0.003001706416896383,0.014298265191952294,0.28783365438086883,20.0,-3.0,42.0,152.97127934449534,-2.0,1.0
52.40565661772727,-1.522637679499856,80.0,30.059782681898213,4.0,159.34605811361712,9,95500.0,2026-01-01 00-00-00_000,-8.332983279669737,-0.47075752200530324,9.613435725478093,0.0,0.0,9.80665,-7.652722240727645e-06,-0.0164141894361009,0.008615503534794244,20.0,-3.0,42.0,152.97127934449534,-2.0,1.0
52.40565661772727,-1.522637679499856,80.0,30.059782681898213,4.0,159.34605811361712,9,95600.0,2026-01-01 00-00-00_000,0.17023708632354775,-0.35913251214227887,9.636828366001907,0.0,0.0,9.80665,0.006762892672580314,-0.0029455349006431305,5.500170019005681e-05,20.0,-3.0,42.0,152.97127934449534,-2.0,1.0
52.40565661772727,-1.522637679499856,80.0,30.059782681898213,4.0,159.34605811361712,9,95700.0,2026-01-01 00-00-00_000,-0.3496990128481662,-0.29967450977192406,10.205850128718387,0.0,0.0,9.80665,0.0019394984366316325,-0.01851123625036968,0.010163270787003357,20.0,-3.0,42.0,152.97127934449534,-2.0,1.0
52.40565661772727,-1.522637679499856,80.0,30.059782681898213,4.0,159.34605811361712,9,95800.0,2026-01-01 00-00-00_000,0.42935576341710024,0.0012136646401361695,9.766742513391556,0.0,0.0,9.80665,-0.004858294208899051,0.011687439218092217,0.009426215110745232,20.0,-3.0,42.0,152.97127934449534,-2.0,1.0
52.40565661772727,-1.522637679499856,80.0,30.059782681898213,4.0,159.34605811361712,9,95900.0,2026-01-01 00-00-00_000,-0.12309789101164706,0.10717527171918603,9.544563192628402,0.0,0.0,9.80665,-0.008091708262007377,0.00411464849919446,0.009258784736207367,20.0,-3.0,42.0,152.97127934449534,-2.0,1.0
52.405642901059444,-1.522627744829878,80.0,0.0,4.0,152.97127934449534,9,96000.0,2026-01-01 00-00-00_000,0.056663437651299824,0.27458173946060116,10.09608365992437,0.0,0.0,9.80665,-0.02322884378946009,0.003681115877706283,0.0030232287248662983,20.0,-3.0,42.0,152.97127934449534,-2.0,1.0
52.405642901059444,-1.522627744829878,80.0,0.0,4.0,152.97127934449534,9,96100.0,2026-01-01 00-00-00_000,0.26205490404892806,0.3427522364661283,9.995007348430473,0.0,0.0,9.80665,0.009708135236944752,0.014242013429182594,0.008877126426084396,20.0,-3.0,42.0,152.97127934449534,-2.0,1.0
52.405642901059444,-1.522627744829878,80.0,0.0,4.0,152.97127934449534,9,96200.0,2026-01-01 00-00-00_000,-0.3261949579935528,0.19288429377527425,9.498144059516887,0.0,0.0,9.80665,-0.013899764615635843,0.01727835239824903,0.016040573836767054,20.0,-3.0,42.0,152.97127934449534,-2.0,1.0
52.405642901059444,-1.522627744829878,80.0,0.0,4.0,152.97127934449534,9,96300.0,2026-01-01 00-00-00_000,0.3139228889555295,-0.003542412932191756,9.982119069300389,0.0,0.0,9.80665,-0.0036243324961826536,0.010961135740710877,-0.0024233011228924125,20.0,-3.0,42.0,152.97127934449534,-2.0,1.0
52.405642901059444,-1.522627744829878,80.0,0.0,4.0,152.97127934449534,9,96400.0,2026-01-01 00-00-00_000,-0.30251754375915385,-0.23175232329914602,10.178808842466214,0.0,0.0,9.80665,0.016290543062906945,-0.005566301487676767,-0.013264081909383638,20.0,-3.0,42.0,152.97127934449534,-2.0,1.0
52.405642901059444,-1.522627744829878,80.0,0.0,4.0,152.97127934449534,9,96500.0,2026-01-01 00-00-00_000,-0.03351606022035466,-0.2278338435896874,9.422997195283916,0.0,0.0,9.80665,-0.003766646827425776,-0.0132347840312759,0.010425697423217022,20.0,-3.0,42.0,152.97127934449534,-2.0,1.0
52.405642901059444,-1.522627744829878,80.0,0.0,4.0,152.97127934449534,9,96600.0,2026-01-01 00-00-00_000,0.3369856317198708,-0.3153292055488237,9.724179828811042,0.0,0.0,9.80665,0.006158149002122031,-0.01034769754158957,0.009737020767335606,20.0,-3.0,42.0,152.97127934449534,-2.0,1.0
52.405642901059444,-1.522627744829878,80.0,0.0,4.0,152.97127934449534,9,96700.0,2026-01-01 00-00-00_000,-0.3118297180638116,-0.27206405587034393,10.147667025220942,0.0,0.0,9.80665,-0.0017689904455114329,-0.017628799616421966,0.0020650654318179087,20.0,-3.0,42.0,152.97127934449534,-2.0,1.0
52.405642901059444,-1.522627744829878,80.0,0.0,4.0,152.97127934449534,9,96800.0,2026-01-01 00-00-00_000,0.4392166724143689,-0.1433611652148113,9.735118113824877,0.0,0.0,9.80665,0.006995507904616303,0.018947629264055518,0.0003732948655316773,20.0,-3.0,42.0,152.97127934449534,-2.0,1.0
52.405642901059444,-1.522627744829878,80.0,0.0,4.0,152.97127934449534,9,96900.0,2026-01-01 00-00-00_000,-0.11734519518116426,0.08138457689560616,9.490663699182306,0.0,0.0,9.80665,0.0005455139187877835,-0.0015670982806168636,0.025815630498204675,20.0,-3.0,42.0,152.97127934449534,-2.0,1.0
52.405642901059444,-1.522627744829878,80.0,0.0,4.0,152.97127934449534,9,97000.0,2026-01-01 00-00-00_000,0.057213241276356366,0.23065153266431193,10.159101250566982,0.0,0.0,9.80665,-0.004639839330860057,0.0017174094807314454,0.00020236344492709658,20.0,-3.0,42.0,152.97127934449534,-2.0,1.0
52.405642901059444,-1.522627744829878,80.0,0.0,4.0,152.97127934449534,9,97100.0,2026-01-01 00-00-00_000,0.2821963636963839,0.25741677512010386,9.972589332281512,0.0,0.0,9.80665,0.013269317981914662,0.002412954380295823,-0.00579583788274955,20.0,-3.0,42.0,152.97127934449534,-2.0,1.0
52.405642901059444,-1.522627744829878,80.0,0.0,4.0,152.97127934449534,9,97200.0,2026-01-01 00-00-00_000,-0.33951719803222674,0.19704506767543786,9.464607720109377,0.0,0.0,9.80665,-0.00229828645494784,0.021154222936899107,9.801465962673995e-05,20.0,-3.0,42.0,152.97127934449534,-2.0,1.0
52.405642901059444,-1.522627744829878,80.0,0.0,4.0,152.97127934449534,9,97300.0,2026-01-01 00-00-00_000,0.36326589340215654,0.07559350060638201,9.869255263385016,0.0,0.0,9.80665,-0.012625439190971319,-0.005389589995939101,0.007877363040781996,20.0,-3.0,42.0,152.97127934449534,-2.0,1.0
52.405642901059444,-1.522627744829878,80.0,0.0,4.0,152.97127934449534,9,97400.0,2026-01-01 00-00-00_000,-0.11807216666494696,-0.19928769500773172,10.18721130743227,0.0,0.0,9.80665,-0.0029024315418203508,0.012559481210967038,-0.0009714135272408725,20.0,-3.0,42.0,152.97127934449534,-2.0,1.0
52.405642901059444,-1.522627744829878,80.0,0.0,4.0,152.97127934449534,9,97500.0,2026-01-01 00-00-00_000,0.021933267100677962,-0.38300514701149735,9.494794109904797,0.0,0.0,9.80665,0.005449172602027633,0.003525238631959905,0.0007931526926599768,20.0,-3.0,42.0,152.97127934449534,-2.0,1.0
52.405642901059444,-1.522627744829878,80.0,0.0,4.0,152.97127934449534,9,97600.0,2026-01-01 00-00-00_000,0.2940566003165727,-0.3463065111632541,9.784321638652948,0.0,0.0,9.80665,-0.010454821826605025,-0.0011605529284445717,0.006310904323443816,20.0,-3.0,42.0,152.97127934449534,-2.0,1.0
52.405642901059444,-1.522627744829878,80.0,0.0,4.0,152.97127934449534,9,97700.0,2026-01-01 00-00-00_000,-0.23622406355051323,-0.27743393203386363,10.181980993671832,0.0,0.0,9.80665,0.007828649023728157,-0.01932877675516166,0.000471206702994205,20.0,-3.0,42.0,152.97127934449534,-2.0,1.0
52.405642901059444,-1.522627744829878,80.0,0.0,4.0,152.97127934449534,9,97800.0,2026-01-01 00-00-00_000,0.41818561476681926,-0.08875480513344933,9.821985635470325,0.0,0.0,9.80665,0.007628071644281201,0.009861952432693898,0.004890368902482876,20.0,-3.0,42.0,152.97127934449534,-2.0,1.0
52.405642901059444,-1.522627744829878,80.0,0.0,4.0,152.97127934449534,9,97900.0,2026-01-01 00-00-00_000,-0.11996046046956796,0.09526166556516646,9.474495600291247,0.0,0.0,9.80665,0.020674137976190058,-0.007244295466659039,0.0035430550191798554,20.0,-3.0,42.0,152.97127934449534,-2.0,1.0
52.405642901059444,-1.522627744829878,80.0,0.0,4.0,152.97127934449534,9,98000.0,2026-01-01 00-00-00_000,0.11736409517871108,0.3131449563959447,10.089294666928346,0.0,0.0,9.80665,-0.005910086929469581,-0.004312584969467606,-0.00456819759440882,20.0,-3.0,42.0,152.97127934449534,-2.0,1.0
52.405642901059444,-1.522627744829878,80.0,0.0,4.0,152.97127934449534,9,98100.0,2026-01-01 00-00-00_000,0.3244744672722267,0.31381656798041835,9.960949013960276,0.0,0.0,9.80665,0.006621958833601366,0.0027344963209697416,0.004443610836714656,20.0,-3.0,42.0,152.97127934449534,-2.0,1.0
52.405642901059444,-1.522627744829878,80.0,0.0,4.0,152.97127934449534,9,98200.0,2026-01-01 00-00-00_000,-0.32380901651895183,0.13183934067288627,9.50398332978194,0.0,0.0,9.80665,-0.015797836869711153,0.001389851882272429,-0.005354118506117118,20.0,-3.0,42.0,152.97127934449534,-2.0,1.0
52.405642901059444,-1.522627744829878,80.0,0.0,4.0,152.97127934449534,9,98300.0,2026-01-01 00-00-00_000,0.3382962165557119,-0.0010667163622496804,9.86729459536061,0.0,0.0,9.80665,-0.003765577126966385,0.011979086237261252,0.011277534258417533,20.0,-3.0,42.0,152.97127934449534,-2.0,1.0
52.405642901059444,-1.522627744829878,80.0,0.0,4.0,152.97127934449534,9,98400.0,2026-01-01 00-00-00_000,-0.1308081290663011,-0.20052886135736936,10.14519370051778,0.0,0.0,9.80665,0.0012671541807085032,-0.006483526192318986,-0.0035434380948585345,20.0,-3.0,42.0,152.97127934449534,-2.0,1.0
52.405642901059444,-1.522627744829878,80.0,0.0,4.0,152.97127934449534,9,98500.0,2026-01-01 00-00-00_000,-0.03497298969527946,-0.3621128020694449,9.478600719293,0.0,0.0,9.80665,0.004176410758938882,0.0021087861816523187,0.0019721584265563483,20.0,-3.0,42.0,152.97127934449534,-2.0,1.0
52.405642901059444,-1.522627744829878,80.0,0.0,4.0,152.97127934449534,9,98600.0,2026-01-01 00-00-00_000,0.280517508948444,-0.37486012416476044,9.67749233637871,0.0,0.0,9.80665,-0.00027096861338867114,0.0032837219831198168,-0.01057987024423984,20.0,-3.0,42.0,152.97127934449534,-2.0,1.0
52.405642901059444,-1.522627744829878,80.0,0.0,4.0,152.97127934449534,9,98700.0,2026-01-01 00-00-00_000,-0.19859325516443682,-0.26353652029139096,10.222320728482467,0.0,0.0,9.80665,-0.0006154543055340645,0.0006884951959603771,0.00031273914292403917,20.0,-3.0,42.0,152.97127934449534,-2.0,1.0
52.405642901059444,-1.522627744829878,80.0,0.0,4.0,152.97127934449534,9,98800.0,2026-01-01 00-00-00_000,0.4058660071095825,-0.09700582343532646,9.79710772353671,0.0,0.0,9.80665,-0.0056335041751208095,0.007420349093193984,-0.006066262412384395,20.0,-3.0,42.0,152.97127934449534,-2.0,1.0
52.405642901059444,-1.522627744829878,80.0,0.0,4.0,152.97127934449534,9,98900.0,2026-01-01 00-00-00_000,-0.11208518208112572,0.07204170413464706,9.561601607239567,0.0,0.0,9.80665,-0.004023251689781012,-0.002193615805328301,0.015715305973988236,20.0,-3.0,42.0,152.97127934449534,-2.0,1.0
52.405642901059444,-1.522627744829878,80.0,0.0,4.0,152.97127934449534,9,99000.0,2026-01-01 00-00-00_000,0.07469116005124937,0.3457759532927406,10.124191564750332,0.0,0.0,9.80665,0.003194590137343376,0.01282970528527747,0.002893972478742151,20.0,-3.0,42.0,152.97127934449534,-2.0,1.0
52.405642901059444,-1.522627744829878,80.0,0.0,4.0,152.97127934449534,9,99100.0,2026-01-01 00-00-00_000,0.20294417301654688,0.2745504512981579,10.066167315941717,0.0,0.0,9.80665,0.005627676506070954,-0.0068803211537065345,0.007999590629207347,20.0,-3.0,42.0,152.97127934449534,-2.0,1.0
52.405642901059444,-1.522627744829878,80.0,0.0,4.0,152.97127934449534,9,99200.0,2026-01-01 00-00-00_000,-0.28812924602483064,0.15906019129442828,9.478177080274616,0.0,0.0,9.80665,0.0064054788844730565,-0.01438802666520219,-0.010039298008023969,20.0,-3.0,42.0,152.97127934449534,-2.0,1.0
52.405642901059444,-1.522627744829878,80.0,0.0,4.0,152.97127934449534,9,99300.0,2026-01-01 00-00-00_000,0.380644259293485,-0.06480277818076396,9.789978780910639,0.0,0.0,9.80665,0.009818347738039364,5.540130268669929e-06,-0.005993329175192821,20.0,-3.0,42.0,152.97127934449534,-2.0,1.0
52.405642901059444,-1.522627744829878,80.0,0.0,4.0,152.97127934449534,9,99400.0,2026-01-01 00-00-00_000,-0.2472909938751977,-0.18351009508029803,10.142019262093832,0.0,0.0,9.80665,0.011670867934058119,0.01258082524271729,0.0024970759379232873,20.0,-3.0,42.0,152.97127934449534,-2.0,1.0
52.405642901059444,-1.522627744829878,80.0,0.0,4.0,152.97127934449534,9,99500.0,2026-01-01 00-00-00_000,0.036542040468195675,-0.3435070419676869,9.582473895627613,0.0,0.0,9.80665,-0.017049195148533366,-0.004882047910951295,-0.0069303686919616435,20.0,-3.0,42.0,152.97127934449534,-2.0,1.0
52.405642901059444,-1.522627744829878,80.0,0.0,4.0,152.97127934449534,9,99600.0,2026-01-01 00-00-00_000,0.1600322871886384,-0.40825383294696943,9.636966477997875,0.0,0.0,9.80665,-0.004756719117372343,-0.006034857826776577,0.012905731168582816,20.0,-3.0,42.0,152.97127934449534,-2.0,1.0
52.405642901059444,-1.522627744829878,80.0,0.0,4.0,152.97127934449534,9,99700.0,2026-01-01 00-00-00_000,-0.36241018834677385,-0.31728302990502416,10.186385914841082,0.0,0.0,9.80665,-0.0012951510535711614,-0.00313471747812607,0.0006382262348999059,20.0,-3.0,42.0,152.97127934449534,-2.0,1.0
52.405642901059444,-1.522627744829878,80.0,0.0,4.0,152.97127934449534,9,99800.0,2026-01-01 00-00-00_000,0.3854326166290757,-0.16010128528068993,9.72465433477164,0.0,0.0,9.80665,-0.005925629590655891,0.0021245433879755753,0.005021709928817774,20.0,-3.0,42.0,152.97127934449534,-2.0,1.0
52.405642901059444,-1.522627744829878,80.0,0.0,4.0,152.97127934449534,9,99900.0,2026-01-01 00-00-00_000,-0.06636601456851109,0.08437198000978394,9.42452247807563,0.0,0.0,9.80665,0.010304872922559803,-0.0013798630511330202,0.00623614700480302,20.0,-3.0,42.0,152.97127934449534,-2.0,1.0
52.405642901059444,-1.522627744829878,80.0,0.0,4.0,152.97127934449534,9,100000.0,2026-01-01 00-00-00_000,0.06276207847030381,0.3275723576984191,10.12408483081784,0.0,0.0,9.80665,0.007441914528722717,0.0036266535543095996,0.0026383334834997347,20.0,-3.0,42.0,152.97127934449534,-2.0,1.0
52.405642901059444,-1.522627744829878,80.0,0.0,4.0,152.97127934449534,9,100100.0,2026-01-01 00-00-00_000,0.2091717823728692,0.38310102010175834,9.935671180059057,0.0,0.0,9.80665,-0.0007741252987117674,-0.01726404492700944,0.009966945784327342,20.0,-3.0,42.0,152.97127934449534,-2.0,1.0
52.405642901059444,-1.522627744829878,80.0,0.0,4.0,152.97127934449534,9,100200.0,2026-01-01 00-00-00_000,-0.35749426216927266,0.19949908984277873,9.455335454933161,0.0,0.0,9.80665,0.0014176851232682746,0.015855590553182527,-0.001514120174998964,20.0,-3.0,42.0,152.97127934449534,-2.0,1.0
52.405642901059444,-1.522627744829878,80.0,0.0,4.0,152.97127934449534,9,100300.0,2026-01-01 00-00-00_000,0.43445501086035315,0.05855951089290546,9.903363225943366,0.0,0.0,9.80665,0.012384167851995411,0.00642474778711318,0.006721793750806457,20.0,-3.0,42.0,152.97127934449534,-2.0,1.0
52.405642901059444,-1.522627744829878,80.0,0.0,4.0,152.97127934449534,9,100400.0,2026-01-01 00-00-00_000,-0.12051238138095449,-0.19302524354135603,10.189222068189464,0.0,0.0,9.80665,-0.0030778889374101746,-0.008432232632368787,0.013310198223858259,20.0,-3.0,42.0,152.97127934449534,-2.0,1.0
52.405642901059444,-1.522627744829878,80.0,0.0,4.0,152.97127934449534,9,100500.0,2026-01-01 00-00-00_000,-0.021193439740520147,-0.4364496492931158,9.591203396617702,0.0,0.0,9.80665,-0.002760914181196648,0.01455242474847619,0.005504123511893602,20.0,-3.0,42.0,152.97127934449534,-2.0,1.0
52.405642901059444,-1.522627744829878,80.0,0.0,4.0,152.97127934449534,9,100600.0,2026-01-01 00-00-00_000,0.19565353685870082,-0.40827223386356754,9.673457072914937,0.0,0.0,9.80665,0.00895222588522981,0.005061299047300837,0.004803267093794011,20.0,-3.0,42.0,152.97127934449534,-2.0,1.0
52.405642901059444,-1.522627744829878,80.0,0.0,4.0,152.97127934449534,9,100700.0,2026-01-01 00-00-00_000,-0.32514798148989094,-0.3125974396948647,10.262160846989715,0.0,0.0,9.80665,0.004762485575420276,0.0155779786506685,0.0011804069433789593,20.0,-3.0,42.0,152.97127934449534,-2.0,1.0
52.405642901059444,-1.522627744829878,80.0,0.0,4.0,152.97127934449534,9,100800.0,2026-01-01 00-00-00_000,0.2722703640322194,-0.04317423787325278,9.863570427643323,0.0,0.0,9.80665,0.013872837723844964,-0.011681349038389388,0.0042702812111371155,20.0,-3.0,42.0,152.97127934449534,-2.0,1.0
52.405642901059444,-1.522627744829878,80.0,0.0,4.0,152.97127934449534,9,100900.0,2026-01-01 00-00-00_000,-0.16597843113679342,0.1361509824376922,9.545195666781742,0.0,0.0,9.80665,0.0038027149883106738,0.017506544233490774,0.009154217155431348,20.0,-3.0,42.0,152.97127934449534,-2.0,1.0
52.405642901059444,-1.522627744829878,80.0,0.0,4.0,152.97127934449534,9,101000.0,2026-01-01 00-00-00_000,0.14044272702791086,0.2383385022015001,10.105267092390928,0.0,0.0,9.80665,0.0074375184018479566,0.0009005557731435507,0.0018696665769369902,20.0,-3.0,42.0,152.97127934449534,-2.0,1.0
52.405642901059444,-1.522627744829878,80.0,0.0,4.0,152.97127934449534,9,101100.0,2026-01-01 00-00-00_000,0.2558468329216397,0.3611653376817222,9.982897124305707,0.0,0.0,9.80665,-0.004969271086585553,-0.02075220866851806,-0.009496180826300358,20.0,-3.0,42.0,152.97127934449534,-2.0,1.0
52.405642901059444,-1.522627744829878,80.0,0.0,4.0,152.97127934449534,9,101200.0,2026-01-01 00-00-00_000,-0.26776778366975656,0.20884133190605075,9.46322058804761,0.0,0.0,9.80665,-0.008751216284756603,0.00817966370740594,0.005103194733658463,20.0,-3.0,42.0,152.97127934449534,-2.0,1.0
52.405642901059444,-1.522627744829878,80.0,0.0,4.0,152.97127934449534,9,101300.0,2026-01-01 00-00-00_000,0.3652333204367124,-0.005846605574823534,9.897411197462773,0.0,0.0,9.80665,0.0001693746675621212,-0.002678447245341696,0.0026228479382617844,20.0,-3.0,42.0,152.97127934449534,-2.0,1.0
52.405642901059444,-1.522627744829878,80.0,0.0,4.0,152.97127934449534,9,101400.0,2026-01-01 00-00-00_000,-0.17425815441871836,-0.25572390932383915,10.222925791964814,0.0,0.0,9.80665,-0.025178823552948825,-0.010003079790927823,0.007513582511313883,20.0,-3.0,42.0,152.97127934449534,-2.0,1.0
52.405642901059444,-1.522627744829878,80.0,0.0,4.0,152.97127934449534,9,101500.0,2026-01-01 00-00-00_000,0.042245795488770777,-0.4269259878033185,9.607494103918725,0.0,0.0,9.80665,0.004170917332379286,-0.0017858469455639201,0.004119232436561427,20.0,-3.0,42.0,152.97127934449534,-2.0,1.0
52.405642901059444,-1.522627744829878,80.0,0.0,4.0,152.97127934449534,9,101600.0,2026-01-01 00-00-00_000,0.22774351814459712,-0.36778220710243303,9.67751136168533,0.0,0.0,9.80665,0.009563820516527514,-0.019568572960079175,0.01623766114191527,20.0,-3.0,42.0,152.97127934449534,-2.0,1.0
52.405642901059444,-1.522627744829878,80.0,0.0,4.0,152.97127934449534,9,101700.0,2026-01-01 00-00-00_000,-0.28821962810477875,-0.28137191169275694,10.16377113087069,0.0,0.0,9.80665,0.000989115445653367,0.006440710312386989,-0.005700299722659756,20.0,-3.0,42.0,152.97127934449534,-2.0,1.0
52.405642901059444,-1.522627744829878,80.0,0.0,4.0,152.97127934449534,9,101800.0,2026-01-01 00-00-00_000,0.4007977538157526,0.014286683077363083,9.636931518261854,0.0,0.0,9.80665,-0.0018556548590433206,-0.0017971151972143962,-0.003862800271757982,20.0,-3.0,42.0,152.97127934449534,-2.0,1.0
52.405642901059444,-1.522627744829878,80.0,0.0,4.0,152.97127934449534,9,101900.0,2026-01-01 00-00-00_000,-0.16385980383080753,0.15884879584184525,9.456263551160594,0.0,0.0,9.80665,0.010678013073013158,-0.0023532494801932887,0.00895179316144488,20.0,-3.0,42.0,152.97127934449534,-2.0,1.0
52.405642901059444,-1.522627744829878,80.0,0.0,4.0,152.97127934449534,9,102000.0,2026-01-01 00-00-00_000,-0.01951740225800911,0.40568674527413967,10.08230743900272,0.0,0.0,9.80665,-0.0001475235595451692,0.014991444026468466,-0.0043236735540380326,20.0,-3.0,42.0,152.97127934449534,-2.0,1.0
52.405642901059444,-1.522627744829878,80.0,0.0,4.0,152.97127934449534,9,102100.0,2026-01-01 00-00-00_000,0.3691074172450984,0.3599844393546214,9.978744842502216,0.0,0.0,9.80665,0.00965130629742736,0.0007892093266882285,0.006367164732164325,20.0,-3.0,42.0,152.97127934449534,-2.0,1.0
52.405642901059444,-1.522627744829878,80.0,0.0,4.0,152.97127934449534,9,102200.0,2026-01-01 00-00-00_000,-0.27695191385473045,0.2616732382752826,9.519753241438027,0.0,0.0,9.80665,0.021266170195079558,-0.006378806696983053,0.003665205305963627,20.0,-3.0,42.0,152.97127934449534,-2.0,1.0
52.405642901059444,-1.522627744829878,80.0,0.0,4.0,152.97127934449534,9,102300.0,2026-01-01 00-00-00_000,0.4205412317318611,0.03459845098197862,9.913302565343235,0.0,0.0,9.80665,0.007191318053478032,-0.009363905933020177,-0.011700902075742606,20.0,-3.0,42.0,152.97127934449534,-2.0,1.0
52.405642901059444,-1.522627744829878,80.0,0.0,4.0,152.97127934449534,9,102400.0,2026-01-01 00-00-00_000,-0.0995619930606463,-0.15625131010399052,10.09432179533318,0.0,0.0,9.80665,0.009247498004111586,-0.00020080569523416432,0.009050082519733903,20.0,-3.0,42.0,152.97127934449534,-2.0,1.0
52.405642901059444,-1.522627744829878,80.0,0.0,4.0,152.97127934449534,9,102500.0,2026-01-01 00-00-00_000,0.017218560136594133,-0.34120350845354697,9.52127130802261,0.0,0.0,9.80665,0.004989818359089157,0.011390880343909273,0.014591267539940845,20.0,-3.0,42.0,152.97127934449534,-2.0,1.0
52.405642901059444,-1.522627744829878,80.0,0.0,4.0,152.97127934449534,9,102600.0,2026-01-01 00-00-00_000,0.24633330819541077,-0.4409922529256943,9.665280067539857,0.0,0.0,9.80665,0.0026671746139845256,-0.005561273614028652,0.0054189959670434065,20.0,-3.0,42.0,152.97127934449534,-2.0,1.0
52.405642901059444,-1.522627744829878,80.0,0.0,4.0,152.97127934449534,9,102700.0,2026-01-01 00-00-00_000,-0.27956905744953137,-0.2401648851828015,10.19299106714552,0.0,0.0,9.80665,0.0029023063732654987,-0.010262602541380202,-0.007247480003687842,20.0,-3.0,42.0,152.97127934449534,-2.0,1.0
52.405642901059444,-1.522627744829878,80.0,0.0,4.0,152.97127934449534,9,102800.0,2026-01-01 00-00-00_000,0.5024929409376317,-0.09118858897849383,9.908482968319744,0.0,0.0,9.80665,0.0009099047018977574,0.009928256447246323,0.0099918248517958,20.0,-3.0,42.0,152.97127934449534,-2.0,1.0
52.405642901059444,-1.522627744829878,80.0,0.0,4.0,152.97127934449534,9,102900.0,2026-01-01 00-00-00_000,-0.11707505470976981,0.1619358438030927,9.48392544479784,0.0,0.0,9.80665,0.01063824944174608,0.0010401499478669804,-0.0044167407661095965,20.0,-3.0,42.0,152.97127934449534,-2.0,1.0
52.405642901059444,-1.522627744829878,80.0,0.0,4.0,152.97127934449534,9,103000.0,2026-01-01 00-00-00_000,-0.09222470101209833,0.28998436902517305,10.10979354043058,0.0,0.0,9.80665,-0.015178784672928833,0.00016513033156142243,0.0028280648506112446,20.0,-3.0,42.0,152.97127934449534,-2.0,1.0
52.405642901059444,-1.522627744829878,80.0,0.0,4.0,152.97127934449534,9,103100.0,2026-01-01 00-00-00_000,0.36128031941286665,0.2642087962884261,10.070232107649984,0.0,0.0,9.80665,-0.0022957025831211067,0.021902843868545917,0.007032984600401069,20.0,-3.0,42.0,152.97127934449534,-2.0,1.0
52.405642901059444,-1.522627744829878,80.0,0.0,4.0,152.97127934449534,9,103200.0,2026-01-01 00-00-00_000,-0.31331265973658234,0.2661258099271568,9.333778159492685,0.0,0.0,9.80665,0.006552676046544457,-0.012073726459606336,-0.0023578682610443033,20.0,-3.0,42.0,152.97127934449534,-2.0,1.0
52.405642901059444,-1.522627744829878,80.0,0.0,4.0,152.97127934449534,9,103300.0,2026-01-01 00-00-00_000,0.40570195853263147,0.010181316912084525,9.938609660004413,0.0,0.0,9.80665,-0.007809541297583741,0.0024768546490393888,-0.009543618123015745,20.0,-3.0,42.0,152.97127934449534,-2.0,1.0
52.405642901059444,-1.522627744829878,80.0,0.0,4.0,152.97127934449534,9,103400.0,2026-01-01 00-00-00_000,-0.1625963947771438,-0.25421170328176057,10.191772254863695,0.0,0.0,9.80665,-0.0007427429499528898,-0.017858082224147573,0.002654580621142383,20.0,-3.0,42.0,152.97127934449534,-2.0,1.0
52.405642901059444,-1.522627744829878,80.0,0.0,4.0,152.97127934449534,9,103500.0,2026-01-01 00-00-00_000,0.08373143696511698,-0.3279025398513309,9.602863142393877,0.0,0.0,9.80665,-0.006377429193551648,-0.0026670210957608176,0.003430406286054895,20.0,-3.0,42.0,152.97127934449534,-2.0,1.0
52.405642901059444,-1.522627744829878,80.0,0.0,4.0,152.97127934449534,9,103600.0,2026-01-01 00-00-00_000,0.32020603122801206,-0.3942868572849076,9.61047933687764,0.0,0.0,9.80665,0.004479167938759093,0.006476146608082413,-0.002945987146093734,20.0,-3.0,42.0,152.97127934449534,-2.0,1.0
52.405642901059444,-1.522627744829878,80.0,0.0,4.0,152.97127934449534,9,103700.0,2026-01-01 00-00-00_000,-0.3699985530645822,-0.22243540430325837,10.228051891688903,0.0,0.0,9.80665,0.008529617215352923,0.012012793447580343,-0.0023683212094541654,20.0,-3.0,42.0,152.97127934449534,-2.0,1.0
52.405642901059444,-1.522627744829878,80.0,0.0,4.0,152.97127934449534,9,103800.0,2026-01-01 00-00-00_000,0.4038519068341776,-0.10910033236952327,9.750389665400276,0.0,0.0,9.80665,0.014167760585489714,-0.012661946910761248,0.0095836869347206,20.0,-3.0,42.0,152.97127934449534,-2.0,1.0
52.405642901059444,-1.522627744829878,80.0,0.0,4.0,152.97127934449534,9,103900.0,2026-01-01 00-00-00_000,-0.1659179486616119,0.12026178689863698,9.473925880658074,0.0,0.0,9.80665,0.005068767789497496,0.009027436087471606,0.0030505737372041835,20.0,-3.0,42.0,152.97127934449534,-2.0,1.0
52.405642901059444,-1.522627744829878,80.0,0.0,4.0,152.97127934449534,9,104000.0,2026-01-01 00-00-00_000,0.15721584262401866,0.30916894657499444,10.070592395326406,0.0,0.0,9.80665,-0.0066087346798513955,0.008487765422464672,7.250168146644576e-05,20.0,-3.0,42.0,152.97127934449534,-2.0,1.0
52.405642901059444,-1.522627744829878,80.0,0.0,4.0,152.97127934449534,9,104100.0,2026-01-01 00-00-00_000,0.20005457737078225,0.296911590355092,10.010924113523071,0.0,0.0,9.80665,0.002672149215196313,-0.0008493189833883227,-0.0009221470170262813,20.0,-3.0,42.0,152.97127934449534,-2.0,1.0
52.405642901059444,-1.522627744829878,80.0,0.0,4.0,152.97127934449534,9,104200.0,2026-01-01 00-00-00_000,-0.26283125353135345,0.21900528874531813,9.463356014964157,0.0,0.0,9.80665,0.005708990392362398,0.025764802371229276,0.005083148202600871,20.0,-3.0,42.0,152.97127934449534,-2.0,1.0
52.405642901059444,-1.522627744829878,80.0,0.0,4.0,152.97127934449534,9,104300.0,2026-01-01 00-00-00_000,0.3834978159497638,-0.028023895372669715,9.96957250147114,0.0,0.0,9.80665,0.013756068408484257,0.00042859753989183194,0.004489030188124038,20.0,-3.0,42.0,152.97127934449534,-2.0,1.0
52.405642901059444,-1.522627744829878,80.0,0.0,4.0,152.97127934449534,9,104400.0,2026-01-01 00-00-00_000,-0.14852589364994176,-0.07328195956041192,10.106614358632116,0.0,0.0,9.80665,-0.02024175582218987,-0.008649616522080586,0.0023988611809169598,20.0,-3.0,42.0,152.97127934449534,-2.0,1.0
52.405642901059444,-1.522627744829878,80.0,0.0,4.0,152.97127934449534,9,104500.0,2026-01-01 00-00-00_000,0.04212333158169058,-0.3135924387348674,9.540162637909086,0.0,0.0,9.80665,0.0038130802839441646,0.004803443513936988,-0.007148499820240968,20.0,-3.0,42.0,152.97127934449534,-2.0,1.0
52.405642901059444,-1.522627744829878,80.0,0.0,4.0,152.97127934449534,9,104600.0,2026-01-01 00-00-00_000,0.19577290777026912,-0.4406397549346317,9.683399713798224,0.0,0.0,9.80665,-0.01720448394038824,-0.018753724504398467,0.0008376544320069482,20.0,-3.0,42.0,152.97127934449534,-2.0,1.0
52.405642901059444,-1.522627744829878,80.0,0.0,4.0,152.97127934449534,9,104700.0,2026-01-01 00-00-00_000,-0.2835820730118359,-0.2946532323313132,10.242703775873823,0.0,0.0,9.80665,0.007101135232983964,0.01648411418764652,-0.0011744984206748348,20.0,-3.0,42.0,152.97127934449534,-2.0,1.0
52.405642901059444,-1.522627744829878,80.0,0.0,4.0,152.97127934449534,9,104800.0,2026-01-01 00-00-00_000,0.4483887165598229,-0.07122896241472737,9.750156405770726,0.0,0.0,9.80665,0.004518180069121265,0.010594060486021826,0.004266005385299021,20.0,-3.0,42.0,152.97127934449534,-2.0,1.0
52.405642901059444,-1.522627744829878,80.0,0.0,4.0,152.97127934449534,9,104900.0,2026-01-01 00-00-00_000,-0.1798022754455038,0.16465097878356236,9.554858422691408,0.0,0.0,9.80665,0.00503692708192072,-0.0036940968218128847,0.012787724986732828,20.0,-3.0,42.0,152.97127934449534,-2.0,1.0
52.405642901059444,-1.522627744829878,80.0,0.0,4.0,152.97127934449534,9,105000.0,2026-01-01 00-00-00_000,0.052030240740836495,0.3202408613289326,10.084666966598313,0.0,0.0,9.80665,0.008725009602486235,0.006746096862122515,0.011178732640326844,20.0,-3.0,42.0,152.97127934449534,-2.0,1.0
52.405642901059444,-1.522627744829878,80.0,0.0,4.0,152.97127934449534,9,105100.0,2026-01-01 00-00-00_000,0.19458018020109435,0.28314855640396747,10.013226089753742,0.0,0.0,9.80665,0.003947607041813962,0.005941419297003529,0.008762371661549233,20.0,-3.0,42.0,152.97127934449534,-2.0,1.0
52.405642901059444,-1.522627744829878,80.0,0.0,4.0,152.97127934449534,9,105200.0,2026-01-01 00-00-00_000,-0.27840028869529365,0.3094336496044905,9.463575401717968,0.0,0.0,9.80665,-0.005914112117594485,0.02033961824336771,0.004610248553177272,20.0,-3.0,42.0,152.97127934449534,-2.0,1.0
52.405642901059444,-1.522627744829878,80.0,0.0,4.0,152.97127934449534,9,105300.0,2026-01-01 00-00-00_000,0.44198912635093196,0.09351876613747151,9.95421069773517,0.0,0.0,9.80665,0.0036224179452889614,-0.005919237177480775,0.0012070611134335774,20.0,-3.0,42.0,152.97127934449534,-2.0,1.0
52.405642901059444,-1.522627744829878,80.0,0.0,4.0,152.97127934449534,9,105400.0,2026-01-01 00-00-00_000,-0.19758500649982746,-0.20632801359943692,10.15091150998423,0.0,0.0,9.80665,0.011734181535255812,-0.012871774324723025,0.006359445341976449,20.0,-3.0,42.0,152.97127934449534,-2.0,1.0
52.405642901059444,-1.522627744829878,80.0,0.0,4.0,152.97127934449534,9,105500.0,2026-01-01 00-00-00_000,-0.00029343451519086433,-0.33402652390213056,9.603616799269442,0.0,0.0,9.80665,-0.0008445105343014955,-0.020525217632552217,1.6270244363983562e-05,20.0,-3.0,42.0,152.97127934449534,-2.0,1.0
52.405642901059444,-1.522627744829878,80.0,0.0,4.0,152.97127934449534,9,105600.0,2026-01-01 00-00-00_000,0.24111491385498213,-0.2945685630096387,9.663826013066036,0.0,0.0,9.80665,0.0005325016979282083,-0.0026222216533812676,0.0010700595943701234,20.0,-3.0,42.0,152.97127934449534,-2.0,1.0
52.405642901059444,-1.522627744829878,80.0,0.0,4.0,152.97127934449534,9,105700.0,2026-01-01 00-00-00_000,-0.3108983382440537,-0.30183690826219906,10.157115717085071,0.0,0.0,9.80665,-0.011319871436828338,-0.015732708468382605,-0.0028375493156284452,20.0,-3.0,42.0,152.97127934449534,-2.0,1.0
52.405642901059444,-1.522627744829878,80.0,0.0,4.0,152.97127934449534,9,105800.0,2026-01-01 00-00-00_000,0.41964334743165255,-0.0863666255794228,9.831880403337472,0.0,0.0,9.80665,0.011349613540145718,-0.0013694174884472318,0.0033064207810173506,20.0,-3.0,42.0,152.97127934449534,-2.0,1.0
52.405642901059444,-1.522627744829878,80.0,0.0,4.0,152.97127934449534,9,105900.0,2026-01-01 00-00-00_000,-0.13679216268629424,0.16398419669669725,9.497800234697447,0.0,0.0,9.80665,-0.004556309654930233,0.004640782242395019,0.0031243702331550396,20.0,-3.0,42.0,152.97127934449534,-2.0,1.0
52.405642901059444,-1.522627744829878,80.0,0.0,4.0,152.97127934449534,9,106000.0,2026-01-01 00-00-00_000,-0.02171163572482268,0.29326577972414003,10.05836802864285,0.0,0.0,9.80665,-0.00682874419335336,-0.004135064371201595,0.018102257378275487,20.0,-3.0,42.0,152.97127934449534,-2.0,1.0
52.405642901059444,-1.522627744829878,80.0,0.0,4.0,152.97127934449534,9,106100.0,2026-01-01 00-00-00_000,0.3127498225607955,0.33167412947913194,10.058224932136984,0.0,0.0,9.80665,-0.004007268765480878,-0.009309380751727584,0.008040267546227935,20.0,-3.0,42.0,152.97127934449534,-2.0,1.0
52.405642901059444,-1.522627744829878,80.0,0.0,4.0,152.97127934449534,9,106200.0,2026-01-01 00-00-00_000,-0.26398492391427386,0.2716997637843969,9.472303337641463,0.0,0.0,9.80665,-0.007961366327156749,0.01269069595993053,0.0007828360817097872,20.0,-3.0,42.0,152.97127934449534,-2.0,1.0
52.405642901059444,-1.522627744829878,80.0,0.0,4.0,152.97127934449534,9,106300.0,2026-01-01 00-00-00_000,0.4091840561778235,0.06003156296855411,9.950621630342747,0.0,0.0,9.80665,-0.0021352213160274395,-0.0016424185691665011,0.00976833370932787,20.0,-3.0,42.0,152.97127934449534,-2.0,1.0
52.405642901059444,-1.522627744829878,80.0,0.0,4.0,152.97127934449534,9,106400.0,2026-01-01 00-00-00_000,-0.2026861722797546,-0.17248568834677688,10.27547723416135,0.0,0.0,9.80665,0.012447853014517812,0.0028091591235167752,4.2191631006977155e-05,20.0,-3.0,42.0,152.97127934449534,-2.0,1.0
52.405642901059444,-1.522627744829878,80.0,0.0,4.0,152.97127934449534,9,106500.0,2026-01-01 00-00-00_000,0.044515498654693945,-0.37051812043793414,9.517793877617116,0.0,0.0,9.80665,0.007840168495306037,0.01021427150918871,0.011599329141115906,20.0,-3.0,42.0,152.97127934449534,-2.0,1.0
52.405642901059444,-1.522627744829878,80.0,0.0,4.0,152.97127934449534,9,106600.0,2026-01-01 00-00-00_000,0.1927294479432235,-0.33375195248257883,9.681410481430332,0.0,0.0,9.80665,0.013871233429240246,-0.013018867602521035,0.00978505727012109,20.0,-3.0,42.0,152.97127934449534,-2.0,1.0
52.405642901059444,-1.522627744829878,80.0,0.0,4.0,152.97127934449534,9,106700.0,2026-01-01 00-00-00_000,-0.2857690594252349,-0.19768125250842167,10.317988981906593,0.0,0.0,9.80665,0.014461797616318675,-0.009080366944125298,0.02626511760109298,20.0,-3.0,42.0,152.97127934449534,-2.0,1.0
52.405642901059444,-1.522627744829878,80.0,0.0,4.0,152.97127934449534,9,106800.0,2026-01-01 00-00-00_000,0.3543231434970474,-0.03463999406258386,9.780004082274779,0.0,0.0,9.80665,-0.008287007088404009,0.026133932796935586,-0.004709782806074659,20.0,-3.0,42.0,152.97127934449534,-2.0,1.0
52.405642901059444,-1.522627744829878,80.0,0.0,4.0,152.97127934449534,9,106900.0,2026-01-01 00-00-00_000,-0.14717804089896544,0.1610986585487822,9.507800234485169,0.0,0.0,9.80665,0.004853522301879009,-0.001213931298893782,0.0031521392411791574,20.0,-3.0,42.0,152.97127934449534,-2.0,1.0
52.405642901059444,-1.522627744829878,80.0,0.0,4.0,152.97127934449534,9,107000.0,2026-01-01 00-00-00_000,0.12856415685706216,0.32857336854328456,10.118234114726796,0.0,0.0,9.80665,0.0145799113443091,-0.01031902358707147,0.0028308246498602967,20.0,-3.0,42.0,152.97127934449534,-2.0,1.0
52.405642901059444,-1.522627744829878,80.0,0.0,4.0,152.97127934449534,9,107100.0,2026-01-01 00-00-00_000,0.327628869474953,0.37815022540453513,9.998077452467578,0.0,0.0,9.80665,0.02219012797801382,-0.0022101119761721542,0.006031879353385044,20.0,-3.0,42.0,152.97127934449534,-2.0,1.0
52.405642901059444,-1.522627744829878,80.0,0.0,4.0,152.97127934449534,9,107200.0,2026-01-01 00-00-00_000,-0.2842726854229024,0.3178456602810593,9.486385609484635,0.0,0.0,9.80665,-0.013245513248463679,-0.005493407557673328,0.009259191996248813,20.0,-3.0,42.0,152.97127934449534,-2.0,1.0
52.405642901059444,-1.522627744829878,80.0,0.0,4.0,152.97127934449534,9,107300.0,2026-01-01 00-00-00_000,0.39439927783995393,-0.015349508050376139,9.887427989317985,0.0,0.0,9.80665,-0.01333968058534541,-0.012241873798962388,-0.003856227389748614,20.0,-3.0,42.0,152.97127934449534,-2.0,1.0
52.405642901059444,-1.522627744829878,80.0,0.0,4.0,152.97127934449534,9,107400.0,2026-01-01 00-00-00_000,-0.21950270071195904,-0.19157683175928275,10.157414713113177,0.0,0.0,9.80665,0.004732992660900349,-0.003798260787684355,-0.0019113575334598794,20.0,-3.0,42.0,152.97127934449534,-2.0,1.0
52.405642901059444,-1.522627744829878,80.0,0.0,4.0,152.97127934449534,9,107500.0,2026-01-01 00-00-00_000,8.296592840394329,-0.3566851336562622,9.585012848646175,0.0,0.0,9.80665,-0.0029411673622535225,0.00020336248262758182,0.0060735267210982585,20.0,-3.0,42.0,152.97127934449534,-2.0,1.0
52.405642901059444,-1.522627744829878,80.0,0.0,4.0,152.97127934449534,9,107600.0,2026-01-01 00-00-00_000,16.973599295291617,-0.5673976759788267,9.741933475964622,0.0,0.0,9.80665,-0.009230663434144205,0.00026841224550194233,0.08705582001763137,20.0,-3.0,42.0,152.53691492346698,-2.0,1.0
52.405642901059444,-1.522627744829878,80.0,0.0,4.0,152.97127934449534,9,107700.0,2026-01-01 00-00-00_000,16.36454021517695,-0.5941174805087227,10.1386208481174,0.0,0.0,9.80665,0.0038924358563441285,0.005951691683749169,0.06774126496476077,20.0,-3.0,42.0,152.12022118929957,-2.0,1.0
52.405642901059444,-1.522627744829878,80.0,0.0,4.0,152.97127934449534,9,107800.0,2026-01-01 00-00-00_000,17.098128817825557,-0.3869603766350535,9.807210691376198,0.0,0.0,9.80665,-0.007268284927395824,-0.017435255888559077,0.06131773813304855,20.0,-3.0,42.0,151.7212525229199,-2.0,1.0
52.405642901059444,-1.522627744829878,80.0,0.0,4.0,152.97127934449534,9,107900.0,2026-01-01 00-00-00_000,16.543423673626148,-0.3668933997855912,9.476142954232259,0.0,0.0,9.80665,-0.021405830450295007,-0.014990117078408076,0.07913205834770048,20.0,-3.0,42.0,151.34006099203154,-2.0,1.0
52.405623129875636,-1.5226101327519297,80.0,30.059959800193308,4.0,150.97669634431966,9,108000.0,2026-01-01 00-00-00_000,16.704189764102875,-0.24063434305298487,10.012263958011113,0.0,0.0,9.80665,2.7422456486462843e-05,0.008535629795882746,0.07368090181814665,20.0,-3.0,42.0,150.97669634431966,-2.0,1.0
52.405623129875636,-1.5226101327519297,80.0,30.059959800193308,4.0,150.97669634431966,9,108100.0,2026-01-01 00-00-00_000,16.97077378881873,-0.23867609451852823,9.967554455099988,0.0,0.0,9.80665,0.0014426634072905386,-0.004149545197843267,0.07244951432702049,20.0,-3.0,42.0,150.63120600095883,-2.0,1.0
52.405623129875636,-1.5226101327519297,80.0,30.059959800193308,4.0,150.97669634431966,9,108200.0,2026-01-01 00-00-00_000,16.42229808308747,-0.4852882100334537,9.388087509740954,0.0,0.0,9.80665,0.006328777382744763,0.01293478753654927,0.05336366307847878,20.0,-3.0,42.0,150.3036350504241,-2.0,1.0
52.405623129875636,-1.5226101327519297,80.0,30.059959800193308,4.0,150.97669634431966,9,108300.0,2026-01-01 00-00-00_000,17.066928778871585,-0.6366615967684496,9.956033421681761,0.0,0.0,9.80665,0.009220629432115508,0.0035405253163169055,0.05621273707394521,20.0,-3.0,42.0,149.99402624260694,-2.0,1.0
52.405623129875636,-1.5226101327519297,80.0,30.059959800193308,4.0,150.97669634431966,9,108400.0,2026-01-01 00-00-00_000,16.510023661212234,-0.9018176188657311,10.128218608485279,0.0,0.0,9.80665,0.0019835054964459672,-0.014104465980657597,0.05637815528071632,20.0,-3.0,42.0,149.70241998323576,-2.0,1.0
52.405623129875636,-1.5226101327519297,80.0,30.059959800193308,4.0,150.97669634431966,9,108500.0,2026-01-01 00-00-00_000,8.474624659996374,-1.130933753775308,9.529854522485005,0.0,0.0,9.80665,-0.002016418993213363,0.005934723116932735,0.05488674723732952,20.0,-3.0,42.0,149.42885432860308,-2.0,1.0
52.405623129875636,-1.5226101327519297,80.0,30.059959800193308,4.0,150.97669634431966,9,108600.0,2026-01-01 00-00-00_000,0.30495744531566576,-1.1765742190154858,9.631599714244455,0.0,0.0,9.80665,-0.006121214775470508,-0.010004242325224049,0.04739210604147611,20.0,-3.0,42.0,149.17336498059888,-2.0,1.0
52.405623129875636,-1.5226101327519297,80.0,30.059959800193308,4.0,150.97669634431966,9,108700.0,2026-01-01 00-00-00_000,-0.37327557506893166,-0.9688834273972673,10.189871567442095,0.0,0.0,9.80665,-0.015489770161859968,0.0030860895966020154,0.044769889104897855,20.0,-3.0,42.0,148.93598528205115,-2.0,1.0
52.405623129875636,-1.5226101327519297,80.0,30.059959800193308,4.0,150.97669634431966,9,108800.0,2026-01-01 00-00-00_000,0.39489738393606805,-0.7468758116598523,9.820706044456735,0.0,0.0,9.80665,-0.003949963398121226,0.013063693304002342,0.049820928454811834,20.0,-3.0,42.0,148.7167462123746,-2.0,1.0
52.405623129875636,-1.5226101327519297,80.0,30.059959800193308,4.0,150.97669634431966,9,108900.0,2026-01-01 00-00-00_000,-0.1883353818108848,-0.4851283770358854,9.571182742637216,0.0,0.0,9.80665,0.009751474419505107,0.022158400998182427,0.035457570316309375,20.0,-3.0,42.0,148.5156763835277,-2.0,1.0
52.405507081244174,-1.522497045064343,80.0,60.119926759571584,4.0,148.33280203627845,9,109000.0,2026-01-01 00-00-00_000,0.12006673148510408,-0.21833929448217115,10.01388123570603,0.0,0.0,9.80665,0.006448951664289473,-0.0003022596231347605,0.03140891364804039,20.0,-3.0,42.0,148.33280203627845,-2.0,1.0
52.405507081244174,-1.522497045064343,80.0,60.119926759571584,4.0,148.33280203627845,9,109100.0,2026-01-01 00-00-00_000,0.2351746211978134,-0.11607789378228427,9.975823964944738,0.0,0.0,9.80665,0.019816368510977334,0.0075937696016359696,0.029135594594875174,20.0,-3.0,42.0,148.16814703678,-2.0,1.0
52.405507081244174,-1.522497045064343,80.0,60.119926759571584,4.0,148.33280203627845,9,109200.0,2026-01-01 00-00-00_000,-0.22304418020484712,-0.26517559341160557,9.494689529035602,0.0,0.0,9.80665,-0.0012261484026184143,0.0035032233363577678,0.025334337038577074,20.0,-3.0,42.0,148.021732873456,-2.0,1.0
52.405507081244174,-1.522497045064343,80.0,60.119926759571584,4.0,148.33280203627845,9,109300.0,2026-01-01 00-00-00_000,0.3674012260082485,-0.2800106549365571,9.900732341358895,0.0,0.0,9.80665,-0.01680645359406745,0.00855110408867201,0.027106558771512503,20.0,-3.0,42.0,147.89357865419606,-2.0,1.0
52.405507081244174,-1.522497045064343,80.0,60.119926759571584,4.0,148.33280203627845,9,109400.0,2026-01-01 00-00-00_000,-0.11562295007235204,-0.5497358849590412,10.073947932422575,0.0,0.0,9.80665,0.00811819742315444,-0.025836727937536552,0.021289096756878654,20.0,-3.0,42.0,147.78370110386226,-2.0,1.0
52.405507081244174,-1.522497045064343,80.0,60.119926759571584,4.0,148.33280203627845,9,109500.0,2026-01-01 00-00-00_000,-0.0065167652421851754,-0.6550228758552861,9.501176692285181,0.0,0.0,9.80665,0.010125122545237137,-0.0035875285167589178,0.01632422559409433,20.0,-3.0,42.0,147.69211456210627,-2.0,1.0
52.405507081244174,-1.522497045064343,80.0,60.119926759571584,4.0,148.33280203627845,9,109600.0,2026-01-01 00-00-00_000,0.3251830852908424,-0.5398501510838196,9.692014534478364,0.0,0.0,9.80665,-0.010932886769247497,0.0034040324929170587,0.02749281825596142,20.0,-3.0,42.0,147.61883098149804,-2.0,1.0
52.405507081244174,-1.522497045064343,80.0,60.119926759571584,4.0,148.33280203627845,9,109700.0,2026-01-01 00-00-00_000,-0.3524578636457046,-0.4560654521814812,10.158230749180401,0.0,0.0,9.80665,-0.015185534222060575,0.00524169285326833,0.015647949779061324,20.0,-3.0,42.0,147.56385992596603,-2.0,1.0
52.405507081244174,-1.522497045064343,80.0,60.119926759571584,4.0,148.33280203627845,9,109800.0,2026-01-01 00-00-00_000,0.4714564636734936,-0.17839832919825713,9.773283637510788,0.0,0.0,9.80665,0.001671659854547839,-0.00733915818157708,0.007523091326181729,20.0,-3.0,42.0,147.5272085695488,-2.0,1.0
52.405507081244174,-1.522497045064343,80.0,60.119926759571584,4.0,148.33280203627845,9,109900.0,2026-01-01 00-00-00_000,-0.18713954256132717,-0.01688363708455526,9.470320409512182,0.0,0.0,9.80665,0.007007978368379785,0.008898553359100262,0.016667884665623946,20.0,-3.0,42.0,147.508881695459,-2.0,1.0
52.40538023715919,-1.5223657468546634,80.0,60.11993536554878,4.0,147.508881695459,9,110000.0,2026-01-01 00-00-00_000,-0.0068293646303609415,0.3162536898306448,10.105709639502159,0.0,0.0,9.80665,-0.010480775470900205,0.011764590634322374,-0.0005179136007989861,20.0,-3.0,42.0,147.508881695459,-2.0,1.0
52.40538023715919,-1.5223657468546634,80.0,60.11993536554878,4.0,147.508881695459,9,110100.0,2026-01-01 00-00-00_000,0.22507851069124096,0.3671831094249377,10.05326162709383,0.0,0.0,9.80665,-0.0030303121252740523,0.0011336621045239263,0.0005171118820290301,20.0,-3.0,42.0,147.52720856954883,-2.0,1.0
52.40538023715919,-1.5223657468546634,80.0,60.11993536554878,4.0,147.508881695459,9,110200.0,2026-01-01 00-00-00_000,-0.3487154035272778,0.29085284688919644,9.449353365974845,0.0,0.0,9.80665,-0.00720246691150535,-0.0019213481939931076,-0.0033897528446564292,20.0,-3.0,42.0,147.56385992596606,-2.0,1.0
52.40538023715919,-1.5223657468546634,80.0,60.11993536554878,4.0,147.508881695459,9,110300.0,2026-01-01 00-00-00_000,0.3637957547077777,0.16615451323233582,9.931060624694465,0.0,0.0,9.80665,-0.011079096610341784,-0.0032536425844726974,-0.01028883220974412,20.0,-3.0,42.0,147.61883098149806,-2.0,1.0
52.40538023715919,-1.5223657468546634,80.0,60.11993536554878,4.0,147.508881695459,9,110400.0,2026-01-01 00-00-00_000,-0.08054431706556409,-0.07247499454822168,10.143510655453152,0.0,0.0,9.80665,-0.012364761575117258,0.0018425820460798467,-0.012017906998236592,20.0,-3.0,42.0,147.6921145621063,-2.0,1.0
52.40538023715919,-1.5223657468546634,80.0,60.11993536554878,4.0,147.508881695459,9,110500.0,2026-01-01 00-00-00_000,0.05107403448198669,-0.0949905450462888,9.543061826528197,0.0,0.0,9.80665,0.0015355521466394908,0.012546414836406313,-0.01161204963552552,20.0,-3.0,42.0,147.78370110386228,-2.0,1.0
52.40538023715919,-1.5223657468546634,80.0,60.11993536554878,4.0,147.508881695459,9,110600.0,2026-01-01 00-00-00_000,0.24814121851436566,-0.022726872881228564,9.65510532911456,0.0,0.0,9.80665,-0.003358366369014116,0.015831301914834946,-0.026473569639269393,20.0,-3.0,42.0,147.8935786541961,-2.0,1.0
52.40538023715919,-1.5223657468546634,80.0,60.11993536554878,4.0,147.508881695459,9,110700.0,2026-01-01 00-00-00_000,-0.3071141797939615,0.08360206652650648,10.197904298766899,0.0,0.0,9.80665,-0.006210187506350722,-0.004417830574658888,-0.021634577573450144,20.0,-3.0,42.0,148.02173287345602,-2.0,1.0
52.40538023715919,-1.5223657468546634,80.0,60.11993536554878,4.0,147.508881695459,9,110800.0,2026-01-01 00-00-00_000,0.39020928135547206,0.38934730105781745,9.748377870652336,0.0,0.0,9.80665,-0.024711267116299857,-0.009144947984953576,-0.019909296440135376,20.0,-3.0,42.0,148.16814703678,-2.0,1.0
52.40538023715919,-1.5223657468546634,80.0,60.11993536554878,4.0,147.508881695459,9,110900.0,2026-01-01 00-00-00_000,-0.1584526093915105,0.61444650595829,9.458725905928727,0.0,0.0,9.80665,0.01687497419541326,-0.007733158976253622,-0.022892828535868777,20.0,-3.0,42.0,148.33280203627845,-2.0,1.0
52.4052531388442,-1.5222351147520843,80.0,60.11994296029699,4.0,148.51567638352773,9,111000.0,2026-01-01 00-00-00_000,0.007503618792729566,0.778263920638939,10.110515054709728,0.0,0.0,9.80665,-0.008826337270960558,0.01053664484559518,-0.02590443888390614,20.0,-3.0,42.0,148.51567638352773,-2.0,1.0
52.4052531388442,-1.5222351147520843,80.0,60.11994296029699,4.0,148.51567638352773,9,111100.0,2026-01-01 00-00-00_000,0.22948494541708622,0.8661845303478549,9.986843084386235,0.0,0.0,9.80665,-0.001123837756084749,0.0026938545218887283,-0.013400059740133117,20.0,-3.0,42.0,148.71674621237463,-2.0,1.0
52.4052531388442,-1.5222351147520843,80.0,60.11994296029699,4.0,148.51567638352773,9,111200.0,2026-01-01 00-00-00_000,-0.2744969217099831,0.7808979992943268,9.545254121525945,0.0,0.0,9.80665,-0.010682608731376218,0.0034858712620394264,-0.029433668664855257,20.0,-3.0,42.0,148.93598528205118,-2.0,1.0
52.4052531388442,-1.5222351147520843,80.0,60.11994296029699,4.0,148.51567638352773,9,111300.0,2026-01-01 00-00-00_000,0.40036640386627476,0.7139994918596415,9.957826949077614,0.0,0.0,9.80665,0.003792484254189946,0.00536655741422805,-0.038804744182942,20.0,-3.0,42.0,149.1733649805989,-2.0,1.0
52.4052531388442,-1.5222351147520843,80.0,60.11994296029699,4.0,148.51567638352773,9,111400.0,2026-01-01 00-00-00_000,-0.16366515580626562,0.5173814222507622,10.254151591120685,0.0,0.0,9.80665,-0.01423399495096527,0.00428000449854008,-0.04179716236721329,20.0,-3.0,42.0,149.4288543286031,-2.0,1.0
52.4052531388442,-1.5222351147520843,80.0,60.11994296029699,4.0,148.51567638352773,9,111500.0,2026-01-01 00-00-00_000,-0.004717929088097768,0.43473906871630735,9.59477711205106,0.0,0.0,9.80665,0.00106429636492618,-0.0008427400678770903,-0.04404024588769852,20.0,-3.0,42.0,149.70241998323579,-2.0,1.0
52.4052531388442,-1.5222351147520843,80.0,60.11994296029699,4.0,148.51567638352773,9,111600.0,2026-01-01 00-00-00_000,0.21167722259870597,0.45164630000649497,9.697690455999252,0.0,0.0,9.80665,-0.0016318244951664981,-0.010272056299649028,-0.04383599524232361,20.0,-3.0,42.0,149.99402624260694,-2.0,1.0
52.4052531388442,-1.5222351147520843,80.0,60.11994296029699,4.0,148.51567638352773,9,111700.0,2026-01-01 00-00-00_000,-0.1806662581817967,0.5678531364810996,10.19014643831422,0.0,0.0,9.80665,0.00892822152430013,-0.005928974582908753,-0.05258551505092666,20.0,-3.0,42.0,150.30363505042416,-2.0,1.0
52.4052531388442,-1.5222351147520843,80.0,60.11994296029699,4.0,148.51567638352773,9,111800.0,2026-01-01 00-00-00_000,0.4316875881069073,0.871454529121625,9.688669446170188,0.0,0.0,9.80665,-0.01030461113344815,0.0016661305287191581,-0.041906307786391865,20.0,-3.0,42.0,150.63120600095885,-2.0,1.0
52.4052531388442,-1.5222351147520843,80.0,60.11994296029699,4.0,148.51567638352773,9,111900.0,2026-01-01 00-00-00_000,-0.14674944087319747,1.1494770179929574,9.531158687327938,0.0,0.0,9.80665,-0.006038649039405569,0.004448743533974463,-0.06502742440443414,20.0,-3.0,42.0,150.9766963443197,-2.0,1.0
52.40512333741584,-1.5221118761532266,80.0,60.119949662638774,4.0,151.34006099203154,9,112000.0,2026-01-01 00-00-00_000,0.10557505395912051,1.4074987660096296,10.121270744522297,0.0,0.0,9.80665,-0.0020931558551392816,-0.0033784970398604594,-0.05486661460908779,20.0,-3.0,42.0,151.34006099203154,-2.0,1.0
52.40512333741584,-1.5221118761532266,80.0,60.119949662638774,4.0,151.34006099203154,9,112100.0,2026-01-01 00-00-00_000,0.2806886944017585,1.3893306675753174,9.968222048275422,0.0,0.0,9.80665,0.020144325675121783,-0.0038489153665285797,-0.058963531001081704,20.0,-3.0,42.0,151.72125252291994,-2.0,1.0
52.40512333741584,-1.5221118761532266,80.0,60.119949662638774,4.0,151.34006099203154,9,112200.0,2026-01-01 00-00-00_000,-0.28973265487398603,1.3727451662547194,9.465650916441396,0.0,0.0,9.80665,-0.013922241691743234,0.014459616459755806,-0.07465225728815694,20.0,-3.0,42.0,152.1202211892996,-2.0,1.0
52.40512333741584,-1.5221118761532266,80.0,60.119949662638774,4.0,151.34006099203154,9,112300.0,2026-01-01 00-00-00_000,0.35748612706345545,1.3186204249367142,10.012092149848893,0.0,0.0,9.80665,0.002921656508709909,-0.004371832973806011,-0.06420473125648812,20.0,-3.0,42.0,152.53691492346698,-2.0,1.0
52.40512333741584,-1.5221118761532266,80.0,60.119949662638774,4.0,151.34006099203154,9,112400.0,2026-01-01 00-00-00_000,-0.18663330464709213,1.08895910822551,10.132714908881924,0.0,0.0,9.80665,-0.006113700904002908,0.002696496938037352,-0.06784461416778946,20.0,-3.0,42.0,152.97127934449537,-2.0,1.0
52.40512333741584,-1.5221118761532266,80.0,60.119949662638774,4.0,151.34006099203154,9,112500.0,2026-01-01 00-00-00_000,0.11214469451978512,0.9813892945050366,9.556284049682946,0.0,0.0,9.80665,0.003108978469511482,-0.0028468951172802904,-0.0800526571116335,20.0,-3.0,42.0,153.42325776533178,-2.0,1.0
52.40512333741584,-1.5221118761532266,80.0,60.119949662638774,4.0,151.34006099203154,9,112600.0,2026-01-01 00-00-00_000,0.253976130580847,0.9816580630290309,9.62834368325567,0.0,0.0,9.80665,0.006371948023277157,-0.008395850556059393,-0.06055657049168063,20.0,-3.0,42.0,153.89279120019512,-2.0,1.0
52.40512333741584,-1.5221118761532266,80.0,60.119949662638774,4.0,151.34006099203154,9,112700.0,2026-01-01 00-00-00_000,-0.26697221345051997,1.0939142255015677,10.21927361369043,0.0,0.0,9.80665,0.0014757948384538,-0.015146001353745693,-0.07585976541009828,20.0,-3.0,42.0,154.37981837227406,-2.0,1.0
52.40512333741584,-1.5221118761532266,80.0,60.119949662638774,4.0,151.34006099203154,9,112800.0,2026-01-01 00-00-00_000,0.40523377791172227,1.437719883959723,9.747962169118923,0.0,0.0,9.80665,0.002634269000566396,-0.0050921066204606845,-0.08684084340873666,20.0,-3.0,42.0,154.88427572172404,-2.0,1.0
52.40512333741584,-1.5221118761532266,80.0,60.119949662638774,4.0,151.34006099203154,9,112900.0,2026-01-01 00-00-00_000,-0.11600254796352043,1.6119345561828091,9.539349362834633,0.0,0.0,9.80665,0.0027916358943720003,-0.00800031365436958,-0.09100700796270221,20.0,-3.0,42.0,155.4060974139622,-2.0,1.0
52.40498885257773,-1.5220030582107087,80.0,60.11995557743464,4.0,155.94521534825913,9,113000.0,2026-01-01 00-00-00_000,0.0377967163226622,1.878817646387914,10.104470102238704,0.0,0.0,9.80665,-0.005486638855814,0.009112348039120265,-0.09605148569751025,20.0,-3.0,42.0,155.94521534825913,-2.0,1.0
52.40498885257773,-1.5220030582107087,80.0,60.11995557743464,4.0,155.94521534825913,9,113100.0,2026-01-01 00-00-00_000,0.31197373858354355,1.853789709870079,9.991091876572987,0.0,0.0,9.80665,-0.0019451549829332462,-0.011356045783451056,-0.09141519255031418,20.0,-3.0,42.0,156.50155916662646,-2.0,1.0
52.40498885257773,-1.5220030582107087,80.0,60.11995557743464,4.0,155.94521534825913,9,113200.0,2026-01-01 00-00-00_000,-0.3754738670916697,1.9618345043528964,9.362133320541115,0.0,0.0,9.80665,-0.01570243918466145,-0.0038117696822935984,-0.09591067678275421,20.0,-3.0,42.0,157.07505626299906,-2.0,1.0
52.40498885257773,-1.5220030582107087,80.0,60.11995557743464,4.0,155.94521534825913,9,113300.0,2026-01-01 00-00-00_000,0.34856283598210575,1.6650231446380428,9.986449994451034,0.0,0.0,9.80665,-0.0032766070394433604,0.007125928064364377,-0.11012306668279591,20.0,-3.0,42.0,157.66563179271031,-2.0,1.0
52.40498885257773,-1.5220030582107087,80.0,60.11995557743464,4.0,155.94521534825913,9,113400.0,2026-01-01 00-00-00_000,-0.23160611804174874,1.5794990276297256,10.117633240297476,0.0,0.0,9.80665,-0.0072287723105774375,-0.0007377795726793491,-0.11025704287282663,20.0,-3.0,42.0,158.27320868226,-2.0,1.0
52.40498885257773,-1.5220030582107087,80.0,60.11995557743464,4.0,155.94521534825913,9,113500.0,2026-01-01 00-00-00_000,-0.04098667118185405,1.445620404256401,9.585554136830504,0.0,0.0,9.80665,-0.0023251407721603004,0.005487708731847073,-0.11073012482150506,20.0,-3.0,42.0,158.89770763937267,-2.0,1.0
52.40498885257773,-1.5220030582107087,80.0,60.11995557743464,4.0,155.94521534825913,9,113600.0,2026-01-01 00-00-00_000,0.25594567424021697,1.5231686592592995,9.660265972178394,0.0,0.0,9.80665,0.0071328297314072935,0.008971047605665718,-0.11129378748172487,20.0,-3.0,42.0,159.53904716334588,-2.0,1.0
52.40498885257773,-1.5220030582107087,80.0,60.11995557743464,4.0,155.94521534825913,9,113700.0,2026-01-01 00-00-00_000,-0.30040610316095534,1.6089892543082767,10.209707935152512,0.0,0.0,9.80665,0.0037483701410602694,-0.016576817139227044,-0.11390652190883385,20.0,-3.0,42.0,160.19714355568644,-2.0,1.0
52.40498885257773,-1.5220030582107087,80.0,60.11995557743464,4.0,155.94521534825913,9,113800.0,2026-01-01 00-00-00_000,0.4936974251578643,1.8974871632146597,9.758533873707302,0.0,0.0,9.80665,0.004590631805300089,-0.0038009039822638935,-0.11914466647145125,20.0,-3.0,42.0,160.8719109310335,-2.0,1.0
52.40498885257773,-1.5220030582107087,80.0,60.11995557743464,4.0,155.94521534825913,9,113900.0,2026-01-01 00-00-00_000,-0.1980770138212013,2.1144029811826615,9.582080592080596,0.0,0.0,9.80665,0.010628425684371709,-0.009417696233270293,-0.11207493488719922,20.0,-3.0,42.0,161.5632612283672,-2.0,1.0
52.40484860455937,-1.5219161216028199,80.0,60.119960797223655,4.0,162.27110422250104,9,114000.0,2026-01-01 00-00-00_000,-0.006610561363806222,2.3152323813788334,10.096010067795262,0.0,0.0,9.80665,-0.02266542698194603,0.0142218437013644,-0.11261230872282277,20.0,-3.0,42.0,162.27110422250104,-2.0,1.0
52.40484860455937,-1.5219161216028199,80.0,60.119960797223655,4.0,162.27110422250104,9,114100.0,2026-01-01 00-00-00_000,0.2438434818887298,2.541956244466155,9.85662619314694,0.0,0.0,9.80665,0.004196609904042037,-0.0007869626152569422,-0.1221317348651882,20.0,-3.0,42.0,162.99534753585678,-2.0,1.0
52.40484860455937,-1.5219161216028199,80.0,60.119960797223655,4.0,162.27110422250104,9,114200.0,2026-01-01 00-00-00_000,-0.28268100551730624,2.4240355099598925,9.404745801153567,0.0,0.0,9.80665,-0.00014385563726743977,0.00549859828708671,-0.14225387161858605,20.0,-3.0,42.0,163.73589665052032,-2.0,1.0
52.40484860455937,-1.5219161216028199,80.0,60.119960797223655,4.0,162.27110422250104,9,114300.0,2026-01-01 00-00-00_000,0.3665228942448854,2.2547202493466347,9.985963844499418,0.0,0.0,9.80665,-0.0008522191415304895,0.017791006671357582,-0.1295692103334389,20.0,-3.0,42.0,164.49265492057677,-2.0,1.0
52.40484860455937,-1.5219161216028199,80.0,60.119960797223655,4.0,162.27110422250104,9,114400.0,2026-01-01 00-00-00_000,-0.21318203294978041,1.9766179476003893,10.193046351994244,0.0,0.0,9.80665,-0.012390187681038268,-0.0032224432665486193,-0.1269207164821449,20.0,-3.0,42.0,165.26552358472335,-2.0,1.0
52.40484860455937,-1.5219161216028199,80.0,60.119960797223655,4.0,162.27110422250104,9,114500.0,2026-01-01 00-00-00_000,0.12518844170273769,1.9248492179128216,9.44172803553303,0.0,0.0,9.80665,0.005325257724773515,0.0011759453701220357,-0.13459592508047996,20.0,-3.0,42.0,166.05440177915824,-2.0,1.0
52.40484860455937,-1.5219161216028199,80.0,60.119960797223655,4.0,162.27110422250104,9,114600.0,2026-01-01 00-00-00_000,0.3377521455061252,1.942581841345443,9.73455712437496,0.0,0.0,9.80665,0.011035137822010667,0.00458993888273327,-0.13468676368625923,20.0,-3.0,42.0,166.85918655074394,-2.0,1.0
52.40484860455937,-1.5219161216028199,80.0,60.119960797223655,4.0,162.27110422250104,9,114700.0,2026-01-01 00-00-00_000,-0.3029232856219547,2.083056101363009,10.16993388537637,0.0,0.0,9.80665,0.009884718292571681,-0.002316059686912107,-0.1387374954851043,20.0,-3.0,42.0,167.67977287044323,-2.0,1.0
52.40484860455937,-1.5219161216028199,80.0,60.119960797223655,4.0,162.27110422250104,9,114800.0,2026-01-01 00-00-00_000,0.4724239220571599,2.4218606608650175,9.641919329564221,0.0,0.0,9.80665,-0.0007485115644582429,0.013240104590093905,-0.1536112249343451,20.0,-3.0,42.0,168.51605364702607,-2.0,1.0
52.40484860455937,-1.5219161216028199,80.0,60.119960797223655,4.0,162.27110422250104,9,114900.0,2026-01-01 00-00-00_000,-0.21396919181941818,2.7088861939915883,9.490512454302287,0.0,0.0,9.80665,0.006163846751718466,0.00876584203542299,-0.16422715897706336,20.0,-3.0,42.0,169.3679197410456,-2.0,1.0
52.404702837407534,-1.5218588454944886,80.0,60.119965403671316,4.0,170.23525997908143,9,115000.0,2026-01-01 00-00-00_000,-0.019022468889005772,2.825999244175543,10.095464285852016,0.0,0.0,9.80665,0.008868237323527647,0.010647861432101155,-0.14295580537176802,20.0,-3.0,42.0,170.23525997908143,-2.0,1.0
52.404702837407534,-1.5218588454944886,80.0,60.119965403671316,4.0,170.23525997908143,9,115100.0,2026-01-01 00-00-00_000,0.2602915937701034,2.882025691933048,9.95943393974682,0.0,0.0,9.80665,0.017465418265033037,0.0009076347739727063,-0.15433124786676136,20.0,-3.0,42.0,171.11796116824854,-2.0,1.0
52.404702837407534,-1.5218588454944886,80.0,60.119965403671316,4.0,170.23525997908143,9,115200.0,2026-01-01 00-00-00_000,-0.3235446556021728,2.863862649408502,9.420133486896978,0.0,0.0,9.80665,0.011773026647276245,-0.003087701167939765,-0.14987021244199308,20.0,-3.0,42.0,172.01590811096943,-2.0,1.0
52.404702837407534,-1.5218588454944886,80.0,60.119965403671316,4.0,170.23525997908143,9,115300.0,2026-01-01 00-00-00_000,0.38426938159795804,2.681503799709984,9.969775234814602,0.0,0.0,9.80665,0.0014167759275967,-0.0032121964987197635,-0.15797844235925312,20.0,-3.0,42.0,172.9289836200083,-2.0,1.0
52.404702837407534,-1.5218588454944886,80.0,60.119965403671316,4.0,170.23525997908143,9,115400.0,2026-01-01 00-00-00_000,-0.14848595975583878,2.5025027427269917,10.17123227153186,0.0,0.0,9.80665,0.0009625489003487496,-0.00331175575896926,-0.15958065648060538,20.0,-3.0,42.0,173.85706853376436,-2.0,1.0
52.404702837407534,-1.5218588454944886,80.0,60.119965403671316,4.0,170.23525997908143,9,115500.0,2026-01-01 00-00-00_000,0.0693070428529444,2.445133147089988,9.577743034909005,0.0,0.0,9.80665,0.0016521374830970016,-0.016348247552654464,-0.15047417824088952,20.0,-3.0,42.0,174.80004173182328,-2.0,1.0
52.404702837407534,-1.5218588454944886,80.0,60.119965403671316,4.0,170.23525997908143,9,115600.0,2026-01-01 00-00-00_000,0.35485430843471794,2.465553114978041,9.676312140058457,0.0,0.0,9.80665,0.0022249285431584116,0.004109677846488101,-0.1725692327108805,20.0,-3.0,42.0,175.75778015076418,-2.0,1.0
52.404702837407534,-1.5218588454944886,80.0,60.119965403671316,4.0,170.23525997908143,9,115700.0,2026-01-01 00-00-00_000,-0.3214748209038058,2.5883952318826404,10.218360971350199,0.0,0.0,9.80665,-0.004683615968506525,0.00870167686310633,-0.1660971132739303,20.0,-3.0,42.0,176.7301588002199,-2.0,1.0
52.404702837407534,-1.5218588454944886,80.0,60.119965403671316,4.0,170.23525997908143,9,115800.0,2026-01-01 00-00-00_000,0.3940230781349202,2.715276909931382,9.657193118386019,0.0,0.0,9.80665,0.0074203776804429465,0.0003051207481152668,-0.17686331732478944,20.0,-3.0,42.0,177.7170507791891,-2.0,1.0
52.404702837407534,-1.5218588454944886,80.0,60.119965403671316,4.0,170.23525997908143,9,115900.0,2026-01-01 00-00-00_000,-0.14974365815765817,3.09406083903325,9.549048901105508,0.0,0.0,9.80665,-0.006551964710403526,-0.004647005649091188,-0.17052114288019776,20.0,-3.0,42.0,178.71832729259756,-2.0,1.0
52.40455348747797,-1.5218388799945963,80.0,60.119969468847096,4.0,179.73385766810668,9,116000.0,2026-01-01 00-00-00_000,-0.015357528036763678,3.3095728726101465,10.074174759934273,0.0,0.0,9.80665,-0.007597700088813528,0.0007830541712425368,-0.16993420731622702,20.0,-3.0,42.0,179.73385766810668,-2.0,1.0
52.40455348747797,-1.5218388799945963,80.0,60.119969468847096,4.0,179.73385766810668,9,116100.0,2026-01-01 00-00-00_000,0.28457978222202934,3.355155008569599,9.934813467705178,0.0,0.0,9.80665,0.003435549280199391,0.002698589658091009,-0.17106664382015604,20.0,-3.0,42.0,180.7635093731669,-2.0,1.0
52.40455348747797,-1.5218388799945963,80.0,60.119969468847096,4.0,179.73385766810668,9,116200.0,2026-01-01 00-00-00_000,-0.3303156579441282,3.1681622663337317,9.414933452981957,0.0,0.0,9.80665,-0.005426971847233666,0.003737374220261913,-0.17731532918938517,20.0,-3.0,42.0,181.807148032314,-2.0,1.0
52.40455348747797,-1.5218388799945963,80.0,60.119969468847096,4.0,179.73385766810668,9,116300.0,2026-01-01 00-00-00_000,0.3086243576176415,3.1314985010605754,9.907559035300105,0.0,0.0,9.80665,-0.0022856652778442212,0.018714907065241003,-0.19136382210890562,20.0,-3.0,42.0,182.86463744470592,-2.0,1.0
52.40455348747797,-1.5218388799945963,80.0,60.119969468847096,4.0,179.73385766810668,9,116400.0,2026-01-01 00-00-00_000,-0.12145404727736897,2.9429586488692427,10.112684987068274,0.0,0.0,9.80665,-0.019770974827416358,-0.008313832452734878,-0.18141254315711736,20.0,-3.0,42.0,183.93583960189764,-2.0,1.0
52.40455348747797,-1.5218388799945963,80.0,60.119969468847096,4.0,179.73385766810668,9,116500.0,2026-01-01 00-00-00_000,0.06631104919361638,2.784530119943987,9.582870458819007,0.0,0.0,9.80665,0.007625601558210194,0.004108602758903758,-0.17885514953893303,20.0,-3.0,42.0,185.0206147058523,-2.0,1.0
52.40455348747797,-1.5218388799945963,80.0,60.119969468847096,4.0,179.73385766810668,9,116600.0,2026-01-01 00-00-00_000,0.2809272909900321,2.758315823961908,9.678472164499553,0.0,0.0,9.80665,-1.7691415373997456e-05,0.007423173250461137,-0.18042327044594422,20.0,-3.0,42.0,186.11882118718532,-2.0,1.0
52.40455348747797,-1.5218388799945963,80.0,60.119969468847096,4.0,179.73385766810668,9,116700.0,2026-01-01 00-00-00_000,-0.29798276580192734,2.934362938602589,10.23727484853064,0.0,0.0,9.80665,-0.001175770721089638,0.0011933855057362924,-0.17403092030353273,20.0,-3.0,42.0,187.2303157236403,-2.0,1.0
52.40455348747797,-1.5218388799945963,80.0,60.119969468847096,4.0,179.73385766810668,9,116800.0,2026-01-01 00-00-00_000,0.48440394374416684,3.172224744422607,9.731276886349564,0.0,0.0,9.80665,0.004456646780348091,-0.001990032222733433,-0.1883212245194923,20.0,-3.0,42.0,188.35495325879327,-2.0,1.0
52.40455348747797,-1.5218388799945963,80.0,60.119969468847096,4.0,179.73385766810668,9,116900.0,2026-01-01 00-00-00_000,-0.27955987072306776,3.446513204081996,9.48706799199224,0.0,0.0,9.80665,0.0020438348319281687,-0.01002408777366679,-0.20260238491357713,20.0,-3.0,42.0,189.49258702098336,-2.0,1.0
52.404404416850475,-1.521862938869792,80.0,60.11997305635212,4.0,190.64306854246743,9,117000.0,2026-01-01 00-00-00_000,-0.05905802180988978,3.6654724493373187,10.130433285952025,0.0,0.0,9.80665,-0.006639267909952069,-0.005642919186467081,-0.2010556679006343,20.0,-3.0,42.0,190.64306854246743,-2.0,1.0
52.404404416850475,-1.521862938869792,80.0,60.11997305635212,4.0,190.64306854246743,9,117100.0,2026-01-01 00-00-00_000,0.22845324625153093,3.7048822119770084,9.92661359884616,0.0,0.0,9.80665,0.019169305109528256,0.007573749324442851,-0.19867537772547303,20.0,-3.0,42.0,191.80624767879593,-2.0,1.0
52.404404416850475,-1.521862938869792,80.0,60.11997305635212,4.0,190.64306854246743,9,117200.0,2026-01-01 00-00-00_000,-0.262622420731748,3.5809346037910017,9.445107415747332,0.0,0.0,9.80665,-0.004266001362226997,0.015158190906492442,-0.19355745339845967,20.0,-3.0,42.0,192.98197262840756,-2.0,1.0
52.404404416850475,-1.521862938869792,80.0,60.11997305635212,4.0,190.64306854246743,9,117300.0,2026-01-01 00-00-00_000,0.49630494897990685,3.492951208563245,9.927884782077692,0.0,0.0,9.80665,0.009330045075765356,-0.006274348956012156,-0.21235279852109812,20.0,-3.0,42.0,194.1700899524404,-2.0,1.0
52.404404416850475,-1.521862938869792,80.0,60.11997305635212,4.0,190.64306854246743,9,117400.0,2026-01-01 00-00-00_000,-0.17448947557259198,3.242850989843349,10.142789308638017,0.0,0.0,9.80665,0.01749897795712757,0.005183037116813468,-0.19887090610347055,20.0,-3.0,42.0,195.37044459475632,-2.0,1.0
52.404404416850475,-1.521862938869792,80.0,60.11997305635212,4.0,190.64306854246743,9,117500.0,2026-01-01 00-00-00_000,0.0693245626950442,3.12501049022643,9.569498070093843,0.0,0.0,9.80665,-0.0058887053781596236,0.005673116774172441,-0.20296970083571148,20.0,-3.0,42.0,196.58287990217693,-2.0,1.0
52.404404416850475,-1.521862938869792,80.0,60.11997305635212,4.0,190.64306854246743,9,117600.0,2026-01-01 00-00-00_000,0.32740402858197715,3.228922042597758,9.599224946516834,0.0,0.0,9.80665,0.0009264535807525807,0.010630093698017293,-0.21660433026284942,20.0,-3.0,42.0,197.8072376449276,-2.0,1.0
52.404404416850475,-1.521862938869792,80.0,60.11997305635212,4.0,190.64306854246743,9,117700.0,2026-01-01 00-00-00_000,-0.3495135617253002,3.2323115116868153,10.246087280042657,0.0,0.0,9.80665,-0.007777441369661495,0.0028744356220743203,-0.20743382335724428,20.0,-3.0,42.0,199.04335803728736,-2.0,1.0
52.404404416850475,-1.521862938869792,80.0,60.11997305635212,4.0,190.64306854246743,9,117800.0,2026-01-01 00-00-00_000,0.4292677535324867,3.5845219481983612,9.70489429522394,0.0,0.0,9.80665,0.010050762625727586,0.004883769285107287,-0.21987874737575638,20.0,-3.0,42.0,200.29107975844192,-2.0,1.0
52.404404416850475,-1.521862938869792,80.0,60.11997305635212,4.0,190.64306854246743,9,117900.0,2026-01-01 00-00-00_000,-0.22549012112439018,3.811017730132578,9.513926309745312,0.0,0.0,9.80665,-0.0031647160154789794,0.009468363255874291,-0.21610402265401374,20.0,-3.0,42.0,201.55023997353686,-2.0,1.0
52.40426140976887,-1.5219356933424066,80.0,60.11997622231421,4.0,202.8206743549286,9,118000.0,2026-01-01 00-00-00_000,0.006288155086022693,4.007783181333445,10.133111028248745,0.0,0.0,9.80665,-0.010468435198385431,-0.011424303275174493,-0.22034089603244794,20.0,-3.0,42.0,202.8206743549286,-2.0,1.0
52.40426140976887,-1.5219356933424066,80.0,60.11997622231421,4.0,202.8206743549286,9,118100.0,2026-01-01 00-00-00_000,0.2765592634735936,4.0165382965005065,9.869304681408984,0.0,0.0,9.80665,0.012592291699560934,0.0008607333181080545,-0.21818227985894556,20.0,-3.0,42.0,204.10221710363012,-2.0,1.0
52.40426140976887,-1.5219356933424066,80.0,60.11997622231421,4.0,202.8206743549286,9,118200.0,2026-01-01 00-00-00_000,-0.31369363155950714,4.005341793669888,9.447766290258695,0.0,0.0,9.80665,0.00878572150137051,-0.017510771381996616,-0.2308484438039519,20.0,-3.0,42.0,205.39470097094858,-2.0,1.0
52.40426140976887,-1.5219356933424066,80.0,60.11997622231421,4.0,202.8206743549286,9,118300.0,2026-01-01 00-00-00_000,0.37733372787695585,3.7913951832205823,9.940270090079727,0.0,0.0,9.80665,-0.008451721646518102,-0.01960288814009015,-0.2197735933128138,20.0,-3.0,42.0,206.69795728031227,-2.0,1.0
52.40426140976887,-1.5219356933424066,80.0,60.11997622231421,4.0,202.8206743549286,9,118400.0,2026-01-01 00-00-00_000,-0.16977560770596795,3.6385635323052052,10.095846692010241,0.0,0.0,9.80665,0.01131781723338323,-0.007960040981811366,-0.24210766042987036,20.0,-3.0,42.0,208.01181594928389,-2.0,1.0
52.40426140976887,-1.5219356933424066,80.0,60.11997622231421,4.0,202.8206743549286,9,118500.0,2026-01-01 00-00-00_000,0.01797969194464236,3.5103541011577977,9.502146482479354,0.0,0.0,9.80665,0.0018904055866739362,-0.015220725406594008,-0.23052532430996558,20.0,-3.0,42.0,209.3361055117574,-2.0,1.0
52.40426140976887,-1.5219356933424066,80.0,60.11997622231421,4.0,202.8206743549286,9,118600.0,2026-01-01 00-00-00_000,0.20219347636973492,3.4801505227460976,9.738410749142062,0.0,0.0,9.80665,0.025934139666781854,0.005516634684913103,-0.23352348862771763,20.0,-3.0,42.0,210.67065314033508,-2.0,1.0
52.40426140976887,-1.5219356933424066,80.0,60.11997622231421,4.0,202.8206743549286,9,118700.0,2026-01-01 00-00-00_000,-0.29120209408123615,3.7022529048973487,10.18595338704083,0.0,0.0,9.80665,0.016392219458185735,0.010445074900219233,-0.21902077751289822,20.0,-3.0,42.0,212.01528466888274,-2.0,1.0
52.40426140976887,-1.5219356933424066,80.0,60.11997622231421,4.0,202.8206743549286,9,118800.0,2026-01-01 00-00-00_000,0.3832479184802523,3.7910961779189973,9.720000583184547,0.0,0.0,9.80665,-0.005271968557060929,-0.002713290250252402,-0.22864329031651992,20.0,-3.0,42.0,213.36982461525918,-2.0,1.0
52.40426140976887,-1.5219356933424066,80.0,60.11997622231421,4.0,202.8206743549286,9,118900.0,2026-01-01 00-00-00_000,-0.095397734520445,4.129918027308693,9.545533182112408,0.0,0.0,9.80665,-0.0025484088501884212,-0.0010248582877427693,-0.23811681766783532,20.0,-3.0,42.0,214.73409620421782,-2.0,1.0
52.404131837750015,-1.5220585373498885,80.0,60.11997901626594,4.0,216.10792139047683,9,119000.0,2026-01-01 00-00-00_000,0.08425562022792307,4.301550345495583,10.09064232638477,0.0,0.0,9.80665,-0.008348145532051782,-0.00198920219455945,-0.2428692747963866,20.0,-3.0,42.0,216.10792139047683,-2.0,1.0
52.404131837750015,-1.5220585373498885,80.0,60.11997901626594,4.0,216.10792139047683,9,119100.0,2026-01-01 00-00-00_000,0.27111755739430043,4.398371340171601,9.997831100159923,0.0,0.0,9.80665,0.001291744068715854,-0.002272578477633452,-0.23746018269388183,20.0,-3.0,42.0,217.49112088195506,-2.0,1.0
52.404131837750015,-1.5220585373498885,80.0,60.11997901626594,4.0,216.10792139047683,9,119200.0,2026-01-01 00-00-00_000,-0.27615111823764493,4.296037282292852,9.42227378433468,0.0,0.0,9.80665,0.0004701285262967653,0.001742168894290151,-0.24410516836617357,20.0,-3.0,42.0,218.88351416317045,-2.0,1.0
52.404131837750015,-1.5220585373498885,80.0,60.11997901626594,4.0,216.10792139047683,9,119300.0,2026-01-01 00-00-00_000,0.38567137022135844,4.064969873596983,9.954721082775494,0.0,0.0,9.80665,0.007041748163810118,0.003921506272046628,-0.22392848982676708,20.0,-3.0,42.0,220.28491951879877,-2.0,1.0
52.404131837750015,-1.5220585373498885,80.0,60.11997901626594,4.0,216.10792139047683,9,119400.0,2026-01-01 00-00-00_000,-0.2722591619576519,3.9024161165907034,10.263783449761448,0.0,0.0,9.80665,0.0008419201942637862,-0.004303711437675507,-0.2635079109287681,20.0,-3.0,42.0,221.69515405738824,-2.0,1.0
52.404131837750015,-1.5220585373498885,80.0,60.11997901626594,4.0,216.10792139047683,9,119500.0,2026-01-01 00-00-00_000,0.03192395696372584,3.721126848597889,9.551519628801433,0.0,0.0,9.80665,-0.01402238903883887,-0.007584494136267613,-0.24345252976119777,20.0,-3.0,42.0,223.1140337352279,-2.0,1.0
52.404131837750015,-1.5220585373498885,80.0,60.11997901626594,4.0,216.10792139047683,9,119600.0,2026-01-01 00-00-00_000,0.32962715334574755,3.7590465089018155,9.709029650550438,0.0,0.0,9.80665,-0.00772829390473932,-0.0048939822282006,-0.26408021947342697,20.0,-3.0,42.0,224.54137338036657,-2.0,1.0
52.404131837750015,-1.5220585373498885,80.0,60.11997901626594,4.0,216.10792139047683,9,119700.0,2026-01-01 00-00-00_000,-0.2957521224335534,3.875814020274949,10.350043912809351,0.0,0.0,9.80665,0.01350900777262954,0.008464665768410791,-0.23898981418414725,20.0,-3.0,42.0,225.97698671677853,-2.0,1.0
52.404131837750015,-1.5220585373498885,80.0,60.11997901626594,4.0,216.10792139047683,9,119800.0,2026-01-01 00-00-00_000,0.4023086306222464,4.093724082804755,9.724312644013803,0.0,0.0,9.80665,0.011034295581908176,-0.0038817220858797415,-0.2543789739881785,20.0,-3.0,42.0,227.420686388674,-2.0,1.0
52.404131837750015,-1.5220585373498885,80.0,60.11997901626594,4.0,216.10792139047683,9,119900.0,2026-01-01 00-00-00_000,-0.14812828314929094,4.388530569961603,9.547477707654581,0.0,0.0,9.80665,-0.0015311753859514833,0.015018466843651617,-0.23747872564500153,20.0,-3.0,42.0,228.8722839849498,-2.0,1.0
52.40402394760937,-1.5222284968777067,80.0,60.119981481919694,4.0,230.33159006377838,9,120000.0,2026-01-01 00-00-00_000,0.056057844656450175,4.479597941298949,10.127478723611226,0.0,0.0,9.80665,-0.0012870113512162547,-0.0020802314057080727,-0.2551413772597349,20.0,-3.0,42.0,230.33159006377838,-2.0,1.0
52.40402394760937,-1.5222284968777067,80.0,60.119981481919694,4.0,230.33159006377838,9,120100.0,2026-01-01 00-00-00_000,0.2497101272366893,4.594241990092833,9.900792267077472,0.0,0.0,9.80665,-0.0015987931158805307,0.014170018313413886,-0.24409735329313628,20.0,-3.0,42.0,231.7984141773308,-2.0,1.0
52.40402394760937,-1.5222284968777067,80.0,60.119981481919694,4.0,230.33159006377838,9,120200.0,2026-01-01 00-00-00_000,-0.3294260493649177,4.490286646145432,9.458947288116525,0.0,0.0,9.80665,0.0002237582149773807,-0.011691334837403073,-0.25204969699538793,20.0,-3.0,42.0,233.27256489663145,-2.0,1.0
52.40402394760937,-1.5222284968777067,80.0,60.119981481919694,4.0,230.33159006377838,9,120300.0,2026-01-01 00-00-00_000,0.3260801064874821,4.347400446706401,9.910704989035358,0.0,0.0,9.80665,-0.016010191247198567,-0.006644999735038506,-0.2458606490903484,20.0,-3.0,42.0,234.75384983654052,-2.0,1.0
52.40402394760937,-1.5222284968777067,80.0,60.119981481919694,4.0,230.33159006377838,9,120400.0,2026-01-01 00-00-00_000,-0.22314544010432416,4.109397834977956,10.101545194822412,0.0,0.0,9.80665,0.008548372016658139,0.005181514822362227,-0.2558748785207136,20.0,-3.0,42.0,236.2420756808615,-2.0,1.0
52.40402394760937,-1.5222284968777067,80.0,60.119981481919694,4.0,230.33159006377838,9,120500.0,2026-01-01 00-00-00_000,0.09438132866794294,3.873240795151222,9.535251130660546,0.0,0.0,9.80665,-0.006273334621637625,0.005289873987477273,-0.2797988527304477,20.0,-3.0,42.0,237.73704820756993,-2.0,1.0
52.40402394760937,-1.5222284968777067,80.0,60.119981481919694,4.0,230.33159006377838,9,120600.0,2026-01-01 00-00-00_000,0.1821319180970216,3.961710985120611,9.72069925233583,0.0,0.0,9.80665,0.0014079118309082862,-0.0012265174001302008,-0.2638671371007697,20.0,-3.0,42.0,239.23857231416048,-2.0,1.0
52.40402394760937,-1.5222284968777067,80.0,60.119981481919694,4.0,230.33159006377838,9,120700.0,2026-01-01 00-00-00_000,-0.3322804142933502,4.112012045147414,10.150290779218295,0.0,0.0,9.80665,-0.024118732285972725,0.020929599146905,-0.2713084939800374,20.0,-3.0,42.0,240.74645204310897,-2.0,1.0
52.40402394760937,-1.5222284968777067,80.0,60.119981481919694,4.0,230.33159006377838,9,120800.0,2026-01-01 00-00-00_000,0.4957251516348691,4.371258644546867,9.805171379827964,0.0,0.0,9.80665,0.002239258532271165,0.00107796832089795,-0.253369383714246,20.0,-3.0,42.0,242.2604906074462,-2.0,1.0
52.40402394760937,-1.5222284968777067,80.0,60.119981481919694,4.0,230.33159006377838,9,120900.0,2026-01-01 00-00-00_000,-0.23356615634413802,4.512387775779667,9.562865004380063,0.0,0.0,9.80665,0.012776727622335012,0.0032678230571169128,-0.2575116809052354,20.0,-3.0,42.0,243.78049041643928,-2.0,1.0
52.40394581503949,-1.5224376081014523,80.0,60.119983657851485,4.0,245.30625310137887,9,121000.0,2026-01-01 00-00-00_000,0.03928215841113543,4.731983908444156,10.11757179132826,0.0,0.0,9.80665,-0.021332204402747093,-0.005389580884286136,-0.2625516434717915,20.0,-3.0,42.0,245.30625310137887,-2.0,1.0
52.40394581503949,-1.5224376081014523,80.0,60.119983657851485,4.0,245.30625310137887,9,121100.0,2026-01-01 00-00-00_000,0.20239936866980235,4.8351953649686115,9.975853987618411,0.0,0.0,9.80665,0.014504589313035452,0.017045051625937672,-0.26011940673177575,20.0,-3.0,42.0,246.83757954146702,-2.0,1.0
52.40394581503949,-1.5224376081014523,80.0,60.119983657851485,4.0,245.30625310137887,9,121200.0,2026-01-01 00-00-00_000,-0.276787878739286,4.675382206734801,9.486431973363153,0.0,0.0,9.80665,0.004512891286202609,0.00898283759634109,-0.263008921770058,20.0,-3.0,42.0,248.37426988980386,-2.0,1.0
52.40394581503949,-1.5224376081014523,80.0,60.119983657851485,4.0,245.30625310137887,9,121300.0,2026-01-01 00-00-00_000,0.3635069045498247,4.569126550383942,9.960970498851573,0.0,0.0,9.80665,-0.006995090412305163,0.004507961504122495,-0.2697447572625908,20.0,-3.0,42.0,249.9161235994687,-2.0,1.0
52.40394581503949,-1.5224376081014523,80.0,60.119983657851485,4.0,245.30625310137887,9,121400.0,2026-01-01 00-00-00_000,-0.12156283847553365,4.337226223235119,10.176113685729481,0.0,0.0,9.80665,-0.015133554285835252,-0.016141805877366223,-0.2514259700411041,20.0,-3.0,42.0,251.46293944969239,-2.0,1.0
52.40394581503949,-1.5224376081014523,80.0,60.119983657851485,4.0,245.30625310137887,9,121500.0,2026-01-01 00-00-00_000,-0.08629583668463078,4.206380798398854,9.538715381265124,0.0,0.0,9.80665,0.01110318693538726,0.004004918017082258,-0.26528483723374147,20.0,-3.0,42.0,253.01451557211809,-2.0,1.0
52.40394581503949,-1.5224376081014523,80.0,60.119983657851485,4.0,245.30625310137887,9,121600.0,2026-01-01 00-00-00_000,0.269905435269822,4.128280536078151,9.608805359835698,0.0,0.0,9.80665,0.002493226393109574,-0.004352605601818641,-0.26936647047112117,20.0,-3.0,42.0,254.57064947714593,-2.0,1.0
52.40394581503949,-1.5224376081014523,80.0,60.119983657851485,4.0,245.30625310137887,9,121700.0,2026-01-01 00-00-00_000,-0.32768158789803026,4.291358541322325,10.263397999313268,0.0,0.0,9.80665,0.00566409779836163,0.00430014304213952,-0.2797960699376581,20.0,-3.0,42.0,256.13113808035934,-2.0,1.0
52.40394581503949,-1.5224376081014523,80.0,60.119983657851485,4.0,245.30625310137887,9,121800.0,2026-01-01 00-00-00_000,0.367604839932375,4.427887335055731,9.821399924828986,0.0,0.0,9.80665,-0.002590672008225281,0.009538659018994993,-0.274100409366219,20.0,-3.0,42.0,257.69577772902863,-2.0,1.0
52.40394581503949,-1.5224376081014523,80.0,60.119983657851485,4.0,245.30625310137887,9,121900.0,2026-01-01 00-00-00_000,-0.211285616812551,4.812739246298536,9.511409559140041,0.0,0.0,9.80665,-0.007608520533694755,-0.007195773156061581,-0.26998021643948045,20.0,-3.0,42.0,259.2643642286887,-2.0,1.0
52.40390411431491,-1.522673050307862,80.0,60.11998557810456,4.0,260.8366928697878,9,122000.0,2026-01-01 00-00-00_000,0.0048300490279981,4.929822786318157,10.185550069027443,0.0,0.0,9.80665,0.008312965586146404,0.0025270246640169782,-0.27207839110427184,20.0,-3.0,42.0,260.8366928697878,-2.0,1.0
52.40390411431491,-1.522673050307862,80.0,60.11998557810456,4.0,260.8366928697878,9,122100.0,2026-01-01 00-00-00_000,0.1934207739492187,5.004318474528969,9.960867529948999,0.0,0.0,9.80665,-0.009115397636229945,0.009181167385857588,-0.27496129514759593,20.0,-3.0,42.0,262.4125584544031,-2.0,1.0
52.40390411431491,-1.522673050307862,80.0,60.11998557810456,4.0,260.8366928697878,9,122200.0,2026-01-01 00-00-00_000,-0.22643347290139154,4.813783544867514,9.381910822345727,0.0,0.0,9.80665,0.008607352588394289,0.0019771971827379146,-0.27230829835742304,20.0,-3.0,42.0,263.9917553230205,-2.0,1.0
52.40390411431491,-1.522673050307862,80.0,60.11998557810456,4.0,260.8366928697878,9,122300.0,2026-01-01 00-00-00_000,0.42384927738458733,4.685689626347878,10.009286332418752,0.0,0.0,9.80665,-0.01595658307592729,-0.0029697468238873113,-0.2810023846824492,20.0,-3.0,42.0,265.57407738137425,-2.0,1.0
52.40390411431491,-1.522673050307862,80.0,60.11998557810456,4.0,260.8366928697878,9,122400.0,2026-01-01 00-00-00_000,-0.08097729631302457,4.458162292234733,10.132537508068125,0.0,0.0,9.80665,-0.008836474990696655,-0.010314916484125027,-0.272915526838924,20.0,-3.0,42.0,267.159318127343,-2.0,1.0
52.40390411431491,-1.522673050307862,80.0,60.11998557810456,4.0,260.8366928697878,9,122500.0,2026-01-01 00-00-00_000,0.02296788889887828,4.255919422284133,9.510870762946615,0.0,0.0,9.80665,-0.013867817941857503,-0.006389007257738918,-0.2852011962095847,20.0,-3.0,42.0,268.7472706779003,-2.0,1.0
52.40390411431491,-1.522673050307862,80.0,60.11998557810456,4.0,260.8366928697878,9,122600.0,2026-01-01 00-00-00_000,0.25143052222406337,4.11528144848963,9.687305613813866,0.0,0.0,9.80665,0.012512345547173374,-0.01243094383582372,-0.28042353644656853,20.0,-3.0,42.0,270.33772779611337,-2.0,1.0
52.40390411431491,-1.522673050307862,80.0,60.11998557810456,4.0,260.8366928697878,9,122700.0,2026-01-01 00-00-00_000,-0.302196735608848,4.480769935123532,10.230466569272599,0.0,0.0,9.80665,-0.0167251728115837,0.010263853347122083,-0.2798983283572984,20.0,-3.0,42.0,271.93048191818906,-2.0,1.0
52.40390411431491,-1.522673050307862,80.0,60.11998557810456,4.0,260.8366928697878,9,122800.0,2026-01-01 00-00-00_000,0.3747398807970813,4.589357209886547,9.687523504639234,0.0,0.0,9.80665,-0.010883816859324175,0.001381102556358027,-0.26804865635232844,20.0,-3.0,42.0,273.525325180562,-2.0,1.0
52.40390411431491,-1.522673050307862,80.0,60.11998557810456,4.0,260.8366928697878,9,122900.0,2026-01-01 00-00-00_000,-0.197291807038348,4.697690970192916,9.580690103144128,0.0,0.0,9.80665,0.00630975325079422,-0.011883441872405857,-0.2712658102135135,20.0,-3.0,42.0,275.1220494470221,-2.0,1.0
52.403902945242656,-1.522918173957299,80.0,60.119987272721936,4.0,276.72044633587717,9,123000.0,2026-01-01 00-00-00_000,0.07866744044132291,4.8978079230464004,10.09785824667951,0.0,0.0,9.80665,0.0021888677850073423,0.0002780943621235428,-0.27470538947269,20.0,-3.0,42.0,276.72044633587717,-2.0,1.0
52.403902945242656,-1.522918173957299,80.0,60.119987272721936,4.0,276.72044633587717,9,123100.0,2026-01-01 00-00-00_000,0.31264650550795986,5.021065087440488,9.994051641327085,0.0,0.0,9.80665,0.020948766760160033,-0.012637083440500256,-0.28426708464471895,20.0,-3.0,42.0,278.3203072471485,-2.0,1.0
52.403902945242656,-1.522918173957299,80.0,60.119987272721936,4.0,276.72044633587717,9,123200.0,2026-01-01 00-00-00_000,-0.34364211765816144,4.8648327293951885,9.465528097711667,0.0,0.0,9.80665,0.017595307612875852,-0.032684241649619625,-0.27878145136097965,20.0,-3.0,42.0,279.92142338979374,-2.0,1.0
52.403902945242656,-1.522918173957299,80.0,60.119987272721936,4.0,276.72044633587717,9,123300.0,2026-01-01 00-00-00_000,0.44476364075725233,4.655746187178153,9.848418187811257,0.0,0.0,9.80665,0.005899980710554141,0.012463808025021533,-0.26984785365773006,20.0,-3.0,42.0,281.52358580895594,-2.0,1.0
52.403902945242656,-1.522918173957299,80.0,60.119987272721936,4.0,276.72044633587717,9,123400.0,2026-01-01 00-00-00_000,-0.10995574276713413,4.428646427764485,10.198280958150267,0.0,0.0,9.80665,0.006594414243918485,0.012092349502055852,-0.26655573152082557,20.0,-3.0,42.0,283.1265854132328,-2.0,1.0
52.403902945242656,-1.522918173957299,80.0,60.119987272721936,4.0,276.72044633587717,9,123500.0,2026-01-01 00-00-00_000,0.06115315825435937,4.360403580645904,9.639636383961259,0.0,0.0,9.80665,-0.017445712870431083,-0.014486209974577906,-0.2873832624613882,20.0,-3.0,42.0,284.7302130019648,-2.0,1.0
52.403902945242656,-1.522918173957299,80.0,60.119987272721936,4.0,276.72044633587717,9,123600.0,2026-01-01 00-00-00_000,0.2995912462402327,4.320917886475327,9.632470454269173,0.0,0.0,9.80665,-0.008427758459846073,-0.0068858767831316186,-0.27952825260542175,20.0,-3.0,42.0,286.33425929253644,-2.0,1.0
52.403902945242656,-1.522918173957299,80.0,60.119987272721936,4.0,276.72044633587717,9,123700.0,2026-01-01 00-00-00_000,-0.3355093186138686,4.418197171982782,10.269242560998942,0.0,0.0,9.80665,-0.0031393202786274637,0.002390872682054244,-0.27547260592275585,20.0,-3.0,42.0,287.93851494768967,-2.0,1.0
52.403902945242656,-1.522918173957299,80.0,60.119987272721936,4.0,276.72044633587717,9,123800.0,2026-01-01 00-00-00_000,0.46835594296006416,4.704388175659103,9.764356349135179,0.0,0.0,9.80665,-0.0016988660224649202,-0.0035289754064268364,-0.27363181955283206,20.0,-3.0,42.0,289.54277060284284,-2.0,1.0
52.403902945242656,-1.522918173957299,80.0,60.119987272721936,4.0,276.72044633587717,9,123900.0,2026-01-01 00-00-00_000,-0.15701807635920936,4.862722414348711,9.5098228123143,0.0,0.0,9.80665,-0.0131501904465323,-0.008268987604066403,-0.27618829238939707,20.0,-3.0,42.0,291.14681689341455,-2.0,1.0
52.40394299078134,-1.52315433857715,80.0,60.11998876821654,4.0,292.7504444821464,9,124000.0,2026-01-01 00-00-00_000,0.04587697186074573,4.919464924997305,10.150443632866564,0.0,0.0,9.80665,-0.00890428871965428,-0.004838292141309663,-0.27109492815025005,20.0,-3.0,42.0,292.7504444821464,-2.0,1.0
52.40394299078134,-1.52315433857715,80.0,60.11998876821654,4.0,292.7504444821464,9,124100.0,2026-01-01 00-00-00_000,0.21155815575372863,5.031071123855503,9.903979077336121,0.0,0.0,9.80665,-0.008100443927786397,-0.0020989449675194124,-0.287054256213948,20.0,-3.0,42.0,294.3534440864233,-2.0,1.0
52.40394299078134,-1.52315433857715,80.0,60.11998876821654,4.0,292.7504444821464,9,124200.0,2026-01-01 00-00-00_000,-0.24593322843041113,4.848304288088852,9.502944589214323,0.0,0.0,9.80665,0.010158140579644686,-0.005234270821926644,-0.26408211996184383,20.0,-3.0,42.0,295.9556065055855,-2.0,1.0
52.40394299078134,-1.52315433857715,80.0,60.11998876821654,4.0,292.7504444821464,9,124300.0,2026-01-01 00-00-00_000,0.3192840416663406,4.672149259865046,9.963405459661935,0.0,0.0,9.80665,0.004068933693099951,0.002425537183987676,-0.2844335204576522,20.0,-3.0,42.0,297.5567226482308,-2.0,1.0
52.40394299078134,-1.52315433857715,80.0,60.11998876821654,4.0,292.7504444821464,9,124400.0,2026-01-01 00-00-00_000,-0.20742456916314708,4.469373359078337,10.120501323188176,0.0,0.0,9.80665,-0.003176153439074341,-0.002012604573166938,-0.2750613338036159,20.0,-3.0,42.0,299.15658355950205,-2.0,1.0
52.40394299078134,-1.52315433857715,80.0,60.11998876821654,4.0,292.7504444821464,9,124500.0,2026-01-01 00-00-00_000,-0.06647114846169666,4.316508360154981,9.574030299265456,0.0,0.0,9.80665,-0.002638133253635596,-0.007324614805316819,-0.2712793766941304,20.0,-3.0,42.0,300.7549804483572,-2.0,1.0
52.40394299078134,-1.52315433857715,80.0,60.11998876821654,4.0,292.7504444821464,9,124600.0,2026-01-01 00-00-00_000,0.2097694088586495,4.289459215620173,9.638577455314858,0.0,0.0,9.80665,0.0027838400087053243,0.0005501322449551578,-0.2660880443370649,20.0,-3.0,42.0,302.35170471481723,-2.0,1.0
52.40394299078134,-1.52315433857715,80.0,60.11998876821654,4.0,292.7504444821464,9,124700.0,2026-01-01 00-00-00_000,-0.3509199256947041,4.358908334753957,10.158458772526917,0.0,0.0,9.80665,-0.0066744617928292515,-0.01635893732546568,-0.26774799619807443,20.0,-3.0,42.0,303.9465479771902,-2.0,1.0
52.40394299078134,-1.52315433857715,80.0,60.11998876821654,4.0,292.7504444821464,9,124800.0,2026-01-01 00-00-00_000,0.5133724725919011,4.477285416063489,9.785733811114751,0.0,0.0,9.80665,-0.0025219903917503496,0.01479766387148193,-0.26762227399183547,20.0,-3.0,42.0,305.53930209926597,-2.0,1.0
52.40394299078134,-1.52315433857715,80.0,60.11998876821654,4.0,292.7504444821464,9,124900.0,2026-01-01 00-00-00_000,-0.11771194530288617,4.67384051725895,9.422252920450312,0.0,0.0,9.80665,-0.016468221847178964,-0.017139047323421627,-0.264130723489246,20.0,-3.0,42.0,307.129759217479,-2.0,1.0
52.40402122748665,-1.5233632385306153,80.0,60.119990087985876,4.0,308.7177117680362,9,125000.0,2026-01-01 00-00-00_000,0.07711988883461987,4.90206966042087,10.12006076833902,0.0,0.0,9.80665,0.006403196821032928,-0.0005332700074950613,-0.2745654195488326,20.0,-3.0,42.0,308.7177117680362,-2.0,1.0
52.40402122748665,-1.5233632385306153,80.0,60.119990087985876,4.0,308.7177117680362,9,125100.0,2026-01-01 00-00-00_000,0.32213035251649474,4.9350890770573566,9.92173950493983,0.0,0.0,9.80665,0.009190115647045482,0.0037066738637736695,-0.2672262826834693,20.0,-3.0,42.0,310.302952514005,-2.0,1.0
52.40402122748665,-1.5233632385306153,80.0,60.119990087985876,4.0,308.7177117680362,9,125200.0,2026-01-01 00-00-00_000,-0.43722215534346354,4.852146076888318,9.414339698298194,0.0,0.0,9.80665,0.003461776485408728,0.004452621594075878,-0.26069276756195214,20.0,-3.0,42.0,311.8852745723587,-2.0,1.0
52.40402122748665,-1.5233632385306153,80.0,60.119990087985876,4.0,308.7177117680362,9,125300.0,2026-01-01 00-00-00_000,0.4144200355091943,4.641833184750274,9.835264799679576,0.0,0.0,9.80665,0.00456440654777787,0.002910279182834009,-0.2776331024909115,20.0,-3.0,42.0,313.4644714409762,-2.0,1.0
52.40402122748665,-1.5233632385306153,80.0,60.119990087985876,4.0,308.7177117680362,9,125400.0,2026-01-01 00-00-00_000,-0.08096353753745716,4.450237656622328,10.186836442026848,0.0,0.0,9.80665,0.003490080402326082,0.012960715677500973,-0.2819338469641984,20.0,-3.0,42.0,315.04033702559155,-2.0,1.0
52.40402122748665,-1.5233632385306153,80.0,60.119990087985876,4.0,308.7177117680362,9,125500.0,2026-01-01 00-00-00_000,-0.010223322475010413,4.204752882030896,9.525070898127813,0.0,0.0,9.80665,0.01952202578788397,-0.010980356552917871,-0.2783113332526426,20.0,-3.0,42.0,316.6126656666906,-2.0,1.0
52.40402122748665,-1.5233632385306153,80.0,60.119990087985876,4.0,308.7177117680362,9,125600.0,2026-01-01 00-00-00_000,0.2444199542111095,4.122556476596185,9.7000945609077,0.0,0.0,9.80665,0.0019435937960129229,-0.0004012273985736351,-0.2592496170739923,20.0,-3.0,42.0,318.1812521663506,-2.0,1.0
52.40402122748665,-1.5233632385306153,80.0,60.119990087985876,4.0,308.7177117680362,9,125700.0,2026-01-01 00-00-00_000,-0.28928844777670754,4.288799904912578,10.167232030809348,0.0,0.0,9.80665,-0.012658435469684266,0.001759240270530381,-0.25985345131348103,20.0,-3.0,42.0,319.7458918150199,-2.0,1.0
52.40402122748665,-1.5233632385306153,80.0,60.119990087985876,4.0,308.7177117680362,9,125800.0,2026-01-01 00-00-00_000,0.4633016638910834,4.47037437414547,9.6119208056261,0.0,0.0,9.80665,-0.010035270694446324,-0.004680614285792642,-0.2713056795888814,20.0,-3.0,42.0,321.30638041823335,-2.0,1.0
52.40402122748665,-1.5233632385306153,80.0,60.119990087985876,4.0,308.7177117680362,9,125900.0,2026-01-01 00-00-00_000,-0.1991630423435859,4.6699122180382755,9.557143421051963,0.0,0.0,9.80665,0.006802835001111748,-0.005659247328081207,-0.2659559019874622,20.0,-3.0,42.0,322.86251432326117,-2.0,1.0
52.40413128239774,-1.523529234208867,80.0,60.11999125267823,4.0,324.41409044568684,9,126000.0,2026-01-01 00-00-00_000,0.03396435686107813,4.807614705767552,10.067741812621845,0.0,0.0,9.80665,0.010198312470916291,0.013176338885339117,-0.2634104738661398,20.0,-3.0,42.0,324.41409044568684,-2.0,1.0
52.40413128239774,-1.523529234208867,80.0,60.11999125267823,4.0,324.41409044568684,9,126100.0,2026-01-01 00-00-00_000,0.2984356256910298,4.819320193737914,9.944765277425878,0.0,0.0,9.80665,0.0073670620250926334,-0.006851870224231623,-0.2581879375629076,20.0,-3.0,42.0,325.96090629591055,-2.0,1.0
52.40413128239774,-1.523529234208867,80.0,60.11999125267823,4.0,324.41409044568684,9,126200.0,2026-01-01 00-00-00_000,-0.33785793938479913,4.751792179563375,9.434121747289716,0.0,0.0,9.80665,0.00802933859942314,-0.004510908985361488,-0.27965621893872333,20.0,-3.0,42.0,327.5027600055754,-2.0,1.0
52.40413128239774,-1.523529234208867,80.0,60.11999125267823,4.0,324.41409044568684,9,126300.0,2026-01-01 00-00-00_000,0.31495585983419266,4.537491258841084,9.869421380768124,0.0,0.0,9.80665,0.001776637846119283,-0.0024838706140204794,-0.26866948500807997,20.0,-3.0,42.0,329.03945035391223,-2.0,1.0
52.40413128239774,-1.523529234208867,80.0,60.11999125267823,4.0,324.41409044568684,9,126400.0,2026-01-01 00-00-00_000,-0.14930723380489552,4.284945864264499,10.204603221768325,0.0,0.0,9.80665,-0.014257662128068248,-0.001850966331446845,-0.2654586570966032,20.0,-3.0,42.0,330.5707767940004,-2.0,1.0
52.40413128239774,-1.523529234208867,80.0,60.11999125267823,4.0,324.41409044568684,9,126500.0,2026-01-01 00-00-00_000,0.10122680629324485,4.060647232649702,9.544098145032581,0.0,0.0,9.80665,-0.0067992101522257355,0.0018967059066692482,-0.26006791970820137,20.0,-3.0,42.0,332.09653947894,-2.0,1.0
52.40413128239774,-1.523529234208867,80.0,60.11999125267823,4.0,324.41409044568684,9,126600.0,2026-01-01 00-00-00_000,0.20063763723898445,4.121012977523961,9.700443571255974,0.0,0.0,9.80665,-0.017341024835049446,-0.0017965143000804686,-0.2609109324007145,20.0,-3.0,42.0,333.61653928793305,-2.0,1.0
52.40413128239774,-1.523529234208867,80.0,60.11999125267823,4.0,324.41409044568684,9,126700.0,2026-01-01 00-00-00_000,-0.23102922505695786,4.107094614182137,10.090072298382609,0.0,0.0,9.80665,-0.00372298529842726,0.0040074475634231535,-0.2628608141561092,20.0,-3.0,42.0,335.1305778522703,-2.0,1.0
52.40413128239774,-1.523529234208867,80.0,60.11999125267823,4.0,324.41409044568684,9,126800.0,2026-01-01 00-00-00_000,0.47533634715721274,4.312304203254616,9.755471065680593,0.0,0.0,9.80665,-0.013071500069499664,0.0016253039172894207,-0.2571566028936723,20.0,-3.0,42.0,336.63845758121886,-2.0,1.0
52.40413128239774,-1.523529234208867,80.0,60.11999125267823,4.0,324.41409044568684,9,126900.0,2026-01-01 00-00-00_000,-0.16438422949826978,4.54582494886833,9.535533791219736,0.0,0.0,9.80665,0.0009032582667347484,0.005069900381925621,-0.27785870688353753,20.0,-3.0,42.0,338.1399816878094,-2.0,1.0
52.40426436416606,-1.5236411878348122,80.0,60.119992280515646,4.0,339.6349542145178,9,127000.0,2026-01-01 00-00-00_000,-0.030526559514424643,4.709481263511824,10.074434938628182,0.0,0.0,9.80665,-0.0016526101479027186,0.013966003720287105,-0.23365531503944176,20.0,-3.0,42.0,339.6349542145178,-2.0,1.0
52.40426436416606,-1.5236411878348122,80.0,60.119992280515646,4.0,339.6349542145178,9,127100.0,2026-01-01 00-00-00_000,0.2418055215703136,4.757298807387103,10.02096571987761,0.0,0.0,9.80665,-0.01869106828058121,-0.008180595099020374,-0.24965295457290865,20.0,-3.0,42.0,341.1231800588388,-2.0,1.0
52.40426436416606,-1.5236411878348122,80.0,60.119992280515646,4.0,339.6349542145178,9,127200.0,2026-01-01 00-00-00_000,-0.3176594556777249,4.454603811671202,9.46885234379906,0.0,0.0,9.80665,0.0069907868067551684,0.016761825502971634,-0.24795950408425826,20.0,-3.0,42.0,342.60446499874786,-2.0,1.0
52.40426436416606,-1.5236411878348122,80.0,60.119992280515646,4.0,339.6349542145178,9,127300.0,2026-01-01 00-00-00_000,0.42568348872904405,4.320047494417983,9.842186236524277,0.0,0.0,9.80665,0.007258967168225784,-0.004229599758447136,-0.2584816933260385,20.0,-3.0,42.0,344.0786157180485,-2.0,1.0
52.40426436416606,-1.5236411878348122,80.0,60.119992280515646,4.0,339.6349542145178,9,127400.0,2026-01-01 00-00-00_000,-0.20669180246022095,4.015490725267168,10.15519269963867,0.0,0.0,9.80665,-0.013359954175882243,0.006909467540619021,-0.2490129001850767,20.0,-3.0,42.0,345.54543983160096,-2.0,1.0
52.40426436416606,-1.5236411878348122,80.0,60.119992280515646,4.0,339.6349542145178,9,127500.0,2026-01-01 00-00-00_000,0.08997109946457135,3.9469676964671487,9.515805979801414,0.0,0.0,9.80665,0.0013482933347667447,0.0018599390552516688,-0.235186923759507,20.0,-3.0,42.0,347.0047459104295,-2.0,1.0
52.40426436416606,-1.5236411878348122,80.0,60.119992280515646,4.0,339.6349542145178,9,127600.0,2026-01-01 00-00-00_000,0.2769091720022676,3.865478009173322,9.652804753598865,0.0,0.0,9.80665,0.006835967896219105,-0.0027074313578551823,-0.23563479777315238,20.0,-3.0,42.0,348.4563435067053,-2.0,1.0
52.40426436416606,-1.5236411878348122,80.0,60.119992280515646,4.0,339.6349542145178,9,127700.0,2026-01-01 00-00-00_000,-0.3081755631170463,4.024221076363381,10.202785670404765,0.0,0.0,9.80665,-0.0028295084325712662,-0.01934944489298773,-0.2475620317409343,20.0,-3.0,42.0,349.90004317860075,-2.0,1.0
52.40426436416606,-1.5236411878348122,80.0,60.119992280515646,4.0,339.6349542145178,9,127800.0,2026-01-01 00-00-00_000,0.4428986281945212,4.0752718574425435,9.75089968257313,0.0,0.0,9.80665,0.00816344525267775,0.01635128296667999,-0.2561945009403108,20.0,-3.0,42.0,351.3356565150128,-2.0,1.0
52.40426436416606,-1.5236411878348122,80.0,60.119992280515646,4.0,339.6349542145178,9,127900.0,2026-01-01 00-00-00_000,-0.2528738650906513,4.296112404757495,9.568491025302235,0.0,0.0,9.80665,0.0017602527017664842,-0.007311164131513397,-0.2440372713134919,20.0,-3.0,42.0,352.7629961601514,-2.0,1.0
52.404410551316296,-1.5236934384565624,80.0,60.119993187578956,4.0,354.1818758379911,9,128000.0,2026-01-01 00-00-00_000,0.15394516547072973,4.493180917769377,10.135225423154578,0.0,0.0,9.80665,0.010242221323435113,-0.007620465127932553,-0.24609011311101406,20.0,-3.0,42.0,354.1818758379911,-2.0,1.0
52.404410551316296,-1.5236934384565624,80.0,60.119993187578956,4.0,354.1818758379911,9,128100.0,2026-01-01 00-00-00_000,0.26780610950290085,4.413607756754369,9.966924213326754,0.0,0.0,9.80665,0.0017243702861944774,0.010854222828459659,-0.23577629674226827,20.0,-3.0,42.0,355.59211037658054,-2.0,1.0
52.404410551316296,-1.5236934384565624,80.0,60.119993187578956,4.0,354.1818758379911,9,128199.99999999999,2026-01-01 00-00-00_000,-0.2701084073153348,4.275341348968319,9.507426730942917,0.0,0.0,9.80665,-0.001646320508862967,0.0009964848258094737,-0.25051540125821037,20.0,-3.0,42.0,356.9935157322089,-2.0,1.0
52.404410551316296,-1.5236934384565624,80.0,60.119993187578956,4.0,354.1818758379911,9,128300.00000000001,2026-01-01 00-00-00_000,0.34954486606255514,3.996813770360536,9.853883238303366,0.0,0.0,9.80665,0.004840643100995735,0.019224403199429765,-0.2406063879751869,20.0,-3.0,42.0,358.3859090134243,-2.0,1.0
52.404410551316296,-1.5236934384565624,80.0,60.119993187578956,4.0,354.1818758379911,9,128400.0,2026-01-01 00-00-00_000,-0.2504264657901629,3.7658944066872535,10.201029543481674,0.0,0.0,9.80665,0.007452344078584903,0.017030258112221936,-0.23549871977864165,20.0,-3.0,42.0,359.7691085049025,-2.0,1.0
52.404410551316296,-1.5236934384565624,80.0,60.119993187578956,4.0,354.1818758379911,9,128500.0,2026-01-01 00-00-00_000,0.03899262802117155,3.6574757029473717,9.610323052308267,0.0,0.0,9.80665,0.0023221722714212058,0.007311276466178637,-0.23949320509816666,20.0,-3.0,42.0,1.1429336911614882,-2.0,1.0
52.404410551316296,-1.5236934384565624,80.0,60.119993187578956,4.0,354.1818758379911,9,128600.0,2026-01-01 00-00-00_000,0.32811296271679047,3.558015721849556,9.744790442634642,0.0,0.0,9.80665,-0.0043912027126386255,0.0027531604820871312,-0.2261905793268408,20.0,-3.0,42.0,2.5072052801201608,-2.0,1.0
52.404410551316296,-1.5236934384565624,80.0,60.119993187578956,4.0,354.1818758379911,9,128699.99999999999,2026-01-01 00-00-00_000,-0.2815203347895769,3.658320332633132,10.214634465753132,0.0,0.0,9.80665,-0.007669603188819188,0.007843900166149963,-0.24123895303915482,20.0,-3.0,42.0,3.8617452264965664,-2.0,1.0
52.404410551316296,-1.5236934384565624,80.0,60.119993187578956,4.0,354.1818758379911,9,128800.00000000001,2026-01-01 00-00-00_000,0.3274693225321371,3.792523936496154,9.743404688218835,0.0,0.0,9.80665,-0.0036747618561482356,-0.012898402842074696,-0.24026641060535037,20.0,-3.0,42.0,5.206376755044232,-2.0,1.0
52.404410551316296,-1.5236934384565624,80.0,60.119993187578956,4.0,354.1818758379911,9,128900.0,2026-01-01 00-00-00_000,-0.13667206622261988,4.008303549799862,9.502511189097797,0.0,0.0,9.80665,-0.005599933880056348,0.0019461469585973794,-0.23174439189347826,20.0,-3.0,42.0,6.5409243836219275,-2.0,1.0
52.404560146778834,-1.5236857896803426,80.0,60.119993988059534,4.0,7.865213946095423,9,129000.0,2026-01-01 00-00-00_000,0.09747193845221408,4.228232235047444,10.139239278080911,0.0,0.0,9.80665,0.0018726007978253094,0.0017047460175896598,-0.22092580156363256,20.0,-3.0,42.0,7.865213946095423,-2.0,1.0
52.404560146778834,-1.5236857896803426,80.0,60.119993988059534,4.0,7.865213946095423,9,129100.0,2026-01-01 00-00-00_000,0.3285789688477674,4.1424815701619035,9.959616035509924,0.0,0.0,9.80665,0.0015286942441922232,-0.004466456205126244,-0.22776901727676807,20.0,-3.0,42.0,9.17907261506707,-2.0,1.0
52.404560146778834,-1.5236857896803426,80.0,60.119993988059534,4.0,7.865213946095423,9,129199.99999999999,2026-01-01 00-00-00_000,-0.2848325538249415,4.013469952588095,9.435413999133932,0.0,0.0,9.80665,-0.0009254969912237318,0.0027635454791157905,-0.228126849700952,20.0,-3.0,42.0,10.482328924430817,-2.0,1.0
52.404560146778834,-1.5236857896803426,80.0,60.119993988059534,4.0,7.865213946095423,9,129300.00000000001,2026-01-01 00-00-00_000,0.48135785721141927,3.7845110457948556,9.856187483060925,0.0,0.0,9.80665,-0.000133270608176863,-0.014327314690890856,-0.2155583034693199,20.0,-3.0,42.0,11.774812791749298,-2.0,1.0
52.404560146778834,-1.5236857896803426,80.0,60.119993988059534,4.0,7.865213946095423,9,129400.0,2026-01-01 00-00-00_000,-0.14278758299217117,3.6300021239534463,10.148463330199512,0.0,0.0,9.80665,0.0015387465040439111,0.009220691587612085,-0.2180938834354702,20.0,-3.0,42.0,13.056355540450795,-2.0,1.0
52.404560146778834,-1.5236857896803426,80.0,60.119993988059534,4.0,7.865213946095423,9,129500.0,2026-01-01 00-00-00_000,0.11056884375290799,3.3233012204337973,9.527851669289229,0.0,0.0,9.80665,0.0149437261229076,0.013057146167808287,-0.22189975095711048,20.0,-3.0,42.0,14.32678992184259,-2.0,1.0
52.404560146778834,-1.5236857896803426,80.0,60.119993988059534,4.0,7.865213946095423,9,129600.0,2026-01-01 00-00-00_000,0.2306668001800434,3.2697069539301196,9.770179560716318,0.0,0.0,9.80665,0.011458598728730214,-0.012676018250169105,-0.2149564011601607,20.0,-3.0,42.0,15.58595013693747,-2.0,1.0
52.404560146778834,-1.5236857896803426,80.0,60.119993988059534,4.0,7.865213946095423,9,129699.99999999999,2026-01-01 00-00-00_000,-0.3585250070581088,3.4286729568316807,10.142107140558037,0.0,0.0,9.80665,-0.005672837544192307,0.0016728514419131824,-0.21573386910591902,20.0,-3.0,42.0,16.83367185809209,-2.0,1.0
52.404560146778834,-1.5236857896803426,80.0,60.119993988059534,4.0,7.865213946095423,9,129800.00000000001,2026-01-01 00-00-00_000,0.3870600566696289,3.557341249632002,9.780325099660441,0.0,0.0,9.80665,0.003931458709339432,0.015620226600571921,-0.20721842517700667,20.0,-3.0,42.0,18.069792250451883,-2.0,1.0
52.404560146778834,-1.5236857896803426,80.0,60.119993988059534,4.0,7.865213946095423,9,129900.0,2026-01-01 00-00-00_000,-0.15305596460486778,3.623266431346399,9.526988833257603,0.0,0.0,9.80665,-0.003293792682376971,0.004394421546129453,-0.20873306996847243,20.0,-3.0,42.0,19.294149993202495,-2.0,1.0
52.40470482528325,-1.523622637955594,80.0,60.11999469448116,4.0,20.506585300623158,9,130000.0,2026-01-01 00-00-00_000,-0.0021180508879826768,3.9600711038092538,10.090211198987877,0.0,0.0,9.80665,-0.0010698360938439094,-0.010044131181249473,-0.2138601956160548,20.0,-3.0,42.0,20.506585300623158,-2.0,1.0
52.40470482528325,-1.523622637955594,80.0,60.11999469448116,4.0,20.506585300623158,9,130100.0,2026-01-01 00-00-00_000,0.2745938344262694,3.774534396298467,9.950993783735543,0.0,0.0,9.80665,-0.00248386457436983,-0.009612820538123665,-0.2092961418930016,20.0,-3.0,42.0,21.706939942939073,-2.0,1.0
52.40470482528325,-1.523622637955594,80.0,60.11999469448116,4.0,20.506585300623158,9,130199.99999999999,2026-01-01 00-00-00_000,-0.3653023678391958,3.7420046917844108,9.447671858682687,0.0,0.0,9.80665,-0.006154307262645477,0.008710711588955271,-0.20667705742574816,20.0,-3.0,42.0,22.89505726697189,-2.0,1.0
52.40470482528325,-1.523622637955594,80.0,60.11999469448116,4.0,20.506585300623158,9,130300.00000000001,2026-01-01 00-00-00_000,0.4268836573640782,3.420023601979389,9.879431065942223,0.0,0.0,9.80665,-0.013245921941005573,0.018467870213690916,-0.19850076765868424,20.0,-3.0,42.0,24.070782216583552,-2.0,1.0
52.40470482528325,-1.523622637955594,80.0,60.11999469448116,4.0,20.506585300623158,9,130400.0,2026-01-01 00-00-00_000,-0.10274845157694948,3.144633384448338,10.054350672028512,0.0,0.0,9.80665,-0.023852992177819898,-0.010586612669981274,-0.19627618515233797,20.0,-3.0,42.0,25.233961352912104,-2.0,1.0
52.40470482528325,-1.523622637955594,80.0,60.11999469448116,4.0,20.506585300623158,9,130500.0,2026-01-01 00-00-00_000,0.06931218106013415,2.9385004309326592,9.530444054546802,0.0,0.0,9.80665,0.0017828371688571776,0.0005879859785633094,-0.2033000199136869,20.0,-3.0,42.0,26.3844428743962,-2.0,1.0
52.40470482528325,-1.523622637955594,80.0,60.11999469448116,4.0,20.506585300623158,9,130600.0,2026-01-01 00-00-00_000,0.31073699917490993,2.8817345903976914,9.72228471422474,0.0,0.0,9.80665,0.011239665182503895,-0.0075084789416928225,-0.1961451073710885,20.0,-3.0,42.0,27.52207663658629,-2.0,1.0
52.40470482528325,-1.523622637955594,80.0,60.11999469448116,4.0,20.506585300623158,9,130699.99999999999,2026-01-01 00-00-00_000,-0.33481154270702557,3.0625915654634737,10.258784669689494,0.0,0.0,9.80665,-0.008880460655274546,-0.002618929560032536,-0.1900626315799162,20.0,-3.0,42.0,28.64671417173929,-2.0,1.0
52.40470482528325,-1.523622637955594,80.0,60.11999469448116,4.0,20.506585300623158,9,130800.00000000001,2026-01-01 00-00-00_000,0.3751808356185487,3.141643373383026,9.707215033954327,0.0,0.0,9.80665,0.004717792594581946,0.003281730512824761,-0.18172412834781732,20.0,-3.0,42.0,29.758208708194275,-2.0,1.0
52.40470482528325,-1.523622637955594,80.0,60.11999469448116,4.0,20.506585300623158,9,130900.0,2026-01-01 00-00-00_000,-0.15715739540874732,3.3955002617405605,9.43653928606625,0.0,0.0,9.80665,-0.003881446859163073,-0.0002037095362728184,-0.18589647662759506,20.0,-3.0,42.0,30.856415189527354,-2.0,1.0
52.40483839221691,-1.5235115534990487,80.0,60.119995317896056,4.0,31.941190293481952,9,131000.0,2026-01-01 00-00-00_000,0.09487258481760533,3.3933377038766324,10.057896595399988,0.0,0.0,9.80665,0.002529292807497569,-0.006609568047826214,-0.1705290673960349,20.0,-3.0,42.0,31.941190293481952,-2.0,1.0
52.40483839221691,-1.5235115534990487,80.0,60.119995317896056,4.0,31.941190293481952,9,131100.0,2026-01-01 00-00-00_000,0.17577263167814683,3.560676079333668,9.977872874709073,0.0,0.0,9.80665,-0.007938155421382233,0.0211276940598534,-0.18290533523852456,20.0,-3.0,42.0,33.01239245067376,-2.0,1.0
52.40483839221691,-1.5235115534990487,80.0,60.119995317896056,4.0,31.941190293481952,9,131200.0,2026-01-01 00-00-00_000,-0.28851264764188456,3.278381186521684,9.51411881361875,0.0,0.0,9.80665,-0.0023998948081441515,-0.0013677633909134853,-0.17507838560680875,20.0,-3.0,42.0,34.06988186306563,-2.0,1.0
52.40483839221691,-1.5235115534990487,80.0,60.119995317896056,4.0,31.941190293481952,9,131300.0,2026-01-01 00-00-00_000,0.29359175849242275,3.0705944070957223,10.014824426786351,0.0,0.0,9.80665,-0.0012371528276423763,-0.0016008504851862994,-0.18079002840236033,20.0,-3.0,42.0,35.113520522212696,-2.0,1.0
52.40483839221691,-1.5235115534990487,80.0,60.119995317896056,4.0,31.941190293481952,9,131400.0,2026-01-01 00-00-00_000,-0.18626020515551922,2.8048831038111337,10.178034522665733,0.0,0.0,9.80665,-0.023099783957388854,0.011228956625360125,-0.18346727766191906,20.0,-3.0,42.0,36.143172227272885,-2.0,1.0
52.40483839221691,-1.5235115534990487,80.0,60.119995317896056,4.0,31.941190293481952,9,131500.0,2026-01-01 00-00-00_000,0.008427619006245647,2.6033673259343297,9.600467133866223,0.0,0.0,9.80665,0.0019011115093037396,0.00032502208028564543,-0.17257085889815713,20.0,-3.0,42.0,37.15870260278194,-2.0,1.0
52.40483839221691,-1.5235115534990487,80.0,60.119995317896056,4.0,31.941190293481952,9,131600.0,2026-01-01 00-00-00_000,0.2748773866137667,2.5437733725424154,9.660890490007052,0.0,0.0,9.80665,-0.0015065842958894057,-0.0018095803091632656,-0.16719967914337197,20.0,-3.0,42.0,38.15997911619047,-2.0,1.0
52.40483839221691,-1.5235115534990487,80.0,60.119995317896056,4.0,31.941190293481952,9,131700.0,2026-01-01 00-00-00_000,-0.28497023755323647,2.589359015587076,10.265282764448932,0.0,0.0,9.80665,-0.02411114759255479,0.009628838250944734,-0.1659089151939819,20.0,-3.0,42.0,39.14687109515967,-2.0,1.0
52.40483839221691,-1.5235115534990487,80.0,60.119995317896056,4.0,31.941190293481952,9,131800.0,2026-01-01 00-00-00_000,0.4349703120255568,2.734639694196972,9.626471187052253,0.0,0.0,9.80665,0.006077051461502246,-0.010071004483330735,-0.16474251077583102,20.0,-3.0,42.0,40.119249744615445,-2.0,1.0
52.40483839221691,-1.5235115534990487,80.0,60.119995317896056,4.0,31.941190293481952,9,131900.0,2026-01-01 00-00-00_000,-0.13137140612228052,2.966382838782683,9.463031728096311,0.0,0.0,9.80665,-0.0005156031766449873,0.007630515087663682,-0.1658460874937983,20.0,-3.0,42.0,41.07698816355628,-2.0,1.0
52.40495709740307,-1.5233616933897747,80.0,60.11999586805777,4.0,42.019961361615174,9,132000.0,2026-01-01 00-00-00_000,-0.05091827761959983,2.9891342476776184,10.147192063745411,0.0,0.0,9.80665,0.0017764795595795213,0.010430579323515076,-0.1670028612659471,20.0,-3.0,42.0,42.019961361615174,-2.0,1.0
52.40495709740307,-1.5233616933897747,80.0,60.11999586805777,4.0,42.019961361615174,9,132100.0,2026-01-01 00-00-00_000,0.21191872625038774,3.0153087925284185,9.98595749245006,0.0,0.0,9.80665,0.003285814771908121,0.006776382869700829,-0.1604288745522985,20.0,-3.0,42.0,42.94804627537127,-2.0,1.0
52.40495709740307,-1.5233616933897747,80.0,60.11999586805777,4.0,42.019961361615174,9,132200.0,2026-01-01 00-00-00_000,-0.23953190043931355,2.8903559782058106,9.455751113933356,0.0,0.0,9.80665,-0.004220424539278851,-0.00157269379882606,-0.1519203250399901,20.0,-3.0,42.0,43.86112178441016,-2.0,1.0
52.40495709740307,-1.5233616933897747,80.0,60.11999586805777,4.0,42.019961361615174,9,132300.0,2026-01-01 00-00-00_000,0.37130810702165096,2.7261462057762444,9.95778570803504,0.0,0.0,9.80665,-0.010587026502121732,0.00012035847306936073,-0.14554879193437698,20.0,-3.0,42.0,44.75906872713114,-2.0,1.0
52.40495709740307,-1.5233616933897747,80.0,60.11999586805777,4.0,42.019961361615174,9,132400.0,2026-01-01 00-00-00_000,-0.17191369292088624,2.305880179615883,10.104908397316603,0.0,0.0,9.80665,-0.004505867968534183,-0.01683942310710111,-0.17540754618350504,20.0,-3.0,42.0,45.641769916298244,-2.0,1.0
52.40495709740307,-1.5233616933897747,80.0,60.11999586805777,4.0,42.019961361615174,9,132500.0,2026-01-01 00-00-00_000,0.0779742167382309,2.1342214659933356,9.597031021928297,0.0,0.0,9.80665,-0.004336533989923962,-0.0010944187099942973,-0.14285679496027573,20.0,-3.0,42.0,46.50911015433411,-2.0,1.0
52.40495709740307,-1.5233616933897747,80.0,60.11999586805777,4.0,42.019961361615174,9,132600.0,2026-01-01 00-00-00_000,0.2832307189989074,2.104370114616546,9.711034449325668,0.0,0.0,9.80665,0.02122472833583749,0.0030676648208106277,-0.13653230856393578,20.0,-3.0,42.0,47.36097624835361,-2.0,1.0
52.40495709740307,-1.5233616933897747,80.0,60.11999586805777,4.0,42.019961361615174,9,132700.0,2026-01-01 00-00-00_000,-0.27582091561465727,2.1048254582626797,10.17623801822493,0.0,0.0,9.80665,0.017590691087433715,0.008800605492462407,-0.1324270554108655,20.0,-3.0,42.0,48.19725702493645,-2.0,1.0
52.40495709740307,-1.5233616933897747,80.0,60.11999586805777,4.0,42.019961361615174,9,132800.0,2026-01-01 00-00-00_000,0.5157413736004629,2.244001926685555,9.72508456252514,0.0,0.0,9.80665,-0.0049336888826164585,0.0016041325578367712,-0.13643641966997203,20.0,-3.0,42.0,49.017843344635764,-2.0,1.0
52.40495709740307,-1.5233616933897747,80.0,60.11999586805777,4.0,42.019961361615174,9,132900.0,2026-01-01 00-00-00_000,-0.1138726363399155,2.474842605213273,9.468271024078255,0.0,0.0,9.80665,-0.004221942114300776,-0.00366323424478809,-0.13147649139693152,20.0,-3.0,42.0,49.822628116221495,-2.0,1.0
52.405059559375665,-1.5231823808825669,80.0,60.11999635357378,4.0,50.61150631065641,9,133000.0,2026-01-01 00-00-00_000,-0.01715856261830786,2.623885362047702,10.151877249032491,0.0,0.0,9.80665,0.0028872191150428384,-0.008118014528548307,-0.13723921418325016,20.0,-3.0,42.0,50.61150631065641,-2.0,1.0
52.405059559375665,-1.5231823808825669,80.0,60.11999635357378,4.0,50.61150631065641,9,133100.0,2026-01-01 00-00-00_000,0.3351524624462333,2.5885657445141437,10.027187180677695,0.0,0.0,9.80665,0.005229033676503305,-0.00025890118813996803,-0.13171314130400283,20.0,-3.0,42.0,51.38437497480294,-2.0,1.0
52.405059559375665,-1.5231823808825669,80.0,60.11999635357378,4.0,50.61150631065641,9,133200.0,2026-01-01 00-00-00_000,-0.35239736763124674,2.44404712086198,9.426901131127872,0.0,0.0,9.80665,-0.006927286291748686,0.0015275045676895849,-0.12419244031199794,20.0,-3.0,42.0,52.14113324485942,-2.0,1.0
52.405059559375665,-1.5231823808825669,80.0,60.11999635357378,4.0,50.61150631065641,9,133300.0,2026-01-01 00-00-00_000,0.407442503142588,2.223381871558738,9.957974497998094,0.0,0.0,9.80665,-0.009917723250341402,0.012184964083827816,-0.13379598724178463,20.0,-3.0,42.0,52.88168235952304,-2.0,1.0
52.405059559375665,-1.5231823808825669,80.0,60.11999635357378,4.0,50.61150631065641,9,133400.0,2026-01-01 00-00-00_000,-0.21665284951292893,1.9772263933562375,10.120703561333878,0.0,0.0,9.80665,0.01845950084755397,0.00028054780011340817,-0.12861207406813593,20.0,-3.0,42.0,53.6059256728787,-2.0,1.0
52.405059559375665,-1.5231823808825669,80.0,60.11999635357378,4.0,50.61150631065641,9,133500.0,2026-01-01 00-00-00_000,-0.002286520442846156,1.6968785910670539,9.479289737837433,0.0,0.0,9.80665,0.009971982013800177,-0.004768302472795737,-0.11817981200355333,20.0,-3.0,42.0,54.31376866701254,-2.0,1.0
52.405059559375665,-1.5231823808825669,80.0,60.11999635357378,4.0,50.61150631065641,9,133600.0,2026-01-01 00-00-00_000,0.26538668646795815,1.6363674282464513,9.668343706331987,0.0,0.0,9.80665,-0.015280853441625416,-0.0008709154129238602,-0.12703556028748314,20.0,-3.0,42.0,55.00511896434631,-2.0,1.0
52.405059559375665,-1.5231823808825669,80.0,60.11999635357378,4.0,50.61150631065641,9,133700.0,2026-01-01 00-00-00_000,-0.2739420889220574,1.661087240205603,10.19273207115914,0.0,0.0,9.80665,-0.017336442111970357,-0.004594171451465501,-0.1135143412724937,20.0,-3.0,42.0,55.67988633969338,-2.0,1.0
52.405059559375665,-1.5231823808825669,80.0,60.11999635357378,4.0,50.61150631065641,9,133800.0,2026-01-01 00-00-00_000,0.3267173456109564,1.832919040078445,9.706259990146995,0.0,0.0,9.80665,-0.00825165777577643,-0.002134871554983135,-0.12238270765503756,20.0,-3.0,42.0,56.337982732033936,-2.0,1.0
52.405059559375665,-1.5231823808825669,80.0,60.11999635357378,4.0,50.61150631065641,9,133900.0,2026-01-01 00-00-00_000,-0.18964647616093616,2.0017278826768425,9.518426008628357,0.0,0.0,9.80665,0.0018724522307987756,-0.021666931306175072,-0.10658978289112297,20.0,-3.0,42.0,56.97932225600715,-2.0,1.0
52.405146424372276,-1.5229820684756679,80.0,60.11999678204015,4.0,57.60382121311983,9,134000.0,2026-01-01 00-00-00_000,-0.0333331697218479,2.039796558973949,10.085783873100059,0.0,0.0,9.80665,0.005041205933116522,-0.015584709777057048,-0.1049304142179703,20.0,-3.0,42.0,57.60382121311983,-2.0,1.0
52.405146424372276,-1.5229820684756679,80.0,60.11999678204015,4.0,57.60382121311983,9,134100.0,2026-01-01 00-00-00_000,0.28887706644543376,2.122112520445833,10.0195768112456,0.0,0.0,9.80665,-0.0035630029713564714,-0.011637732156044479,-0.10650200850135537,20.0,-3.0,42.0,58.211398102669534,-2.0,1.0
52.405146424372276,-1.5229820684756679,80.0,60.11999678204015,4.0,57.60382121311983,9,134200.0,2026-01-01 00-00-00_000,-0.23569650723768298,1.9760949508876284,9.459777366773691,0.0,0.0,9.80665,-0.015916709476722118,0.004798405225249296,-0.10644579574619388,20.0,-3.0,42.0,58.80197363238085,-2.0,1.0
52.405146424372276,-1.5229820684756679,80.0,60.11999678204015,4.0,57.60382121311983,9,134300.0,2026-01-01 00-00-00_000,0.3471776569920862,1.651636345699213,9.881129665916653,0.0,0.0,9.80665,0.0018556053814664467,-0.0005868450163558761,-0.10013056050713551,20.0,-3.0,42.0,59.375470728753385,-2.0,1.0
52.405146424372276,-1.5229820684756679,80.0,60.11999678204015,4.0,57.60382121311983,9,134400.0,2026-01-01 00-00-00_000,-0.15378322254499477,1.435512216290934,10.144635060796135,0.0,0.0,9.80665,0.005562975943356149,0.0016403022345480762,-0.11042078211945248,20.0,-3.0,42.0,59.93181454712078,-2.0,1.0
52.405146424372276,-1.5229820684756679,80.0,60.11999678204015,4.0,57.60382121311983,9,134500.0,2026-01-01 00-00-00_000,0.04136397207021414,1.245150746720559,9.56283399584284,0.0,0.0,9.80665,-0.0002867719821958962,0.011689899257842345,-0.09328632467990158,20.0,-3.0,42.0,60.47093248141772,-2.0,1.0
52.405146424372276,-1.5229820684756679,80.0,60.11999678204015,4.0,57.60382121311983,9,134600.0,2026-01-01 00-00-00_000,0.28005010292157956,1.1431791151125965,9.651047562702647,0.0,0.0,9.80665,-0.005082081229707171,-0.010133341480935743,-0.08631797556823384,20.0,-3.0,42.0,60.9927541736559,-2.0,1.0
52.405146424372276,-1.5229820684756679,80.0,60.11999678204015,4.0,57.60382121311983,9,134700.0,2026-01-01 00-00-00_000,-0.352292213126999,1.2049751127356259,10.213365888185463,0.0,0.0,9.80665,0.005295931656034927,0.011493595989767933,-0.07495687928239322,20.0,-3.0,42.0,61.49721152310593,-2.0,1.0
52.405146424372276,-1.5229820684756679,80.0,60.11999678204015,4.0,57.60382121311983,9,134800.0,2026-01-01 00-00-00_000,0.3877492375153025,1.3113829908078565,9.862733013018296,0.0,0.0,9.80665,-0.0008328129407164507,0.003987149444808399,-0.08505254625214284,20.0,-3.0,42.0,61.98423869518484,-2.0,1.0
52.405146424372276,-1.5229820684756679,80.0,60.11999678204015,4.0,57.60382121311983,9,134900.0,2026-01-01 00-00-00_000,-0.20511801150928574,1.494771484284343,9.522152595905924,0.0,0.0,9.80665,-0.01116065584486522,-0.006883060024788876,-0.0794408825509604,20.0,-3.0,42.0,62.45377213004821,-2.0,1.0
52.40521990118398,-1.522767768661426,80.0,60.119997160160416,4.0,62.90575055088459,9,135000.0,2026-01-01 00-00-00_000,-0.008711430210510566,1.6209841215537855,10.190770081755447,0.0,0.0,9.80665,0.0006266357430373261,0.01491059933850473,-0.06438211158600991,20.0,-3.0,42.0,62.90575055088459,-2.0,1.0
52.40521990118398,-1.522767768661426,80.0,60.119997160160416,4.0,62.90575055088459,9,135100.0,2026-01-01 00-00-00_000,0.3118511664715573,1.6308481447380352,10.004559185931113,0.0,0.0,9.80665,-0.01285657058201302,-0.013930095777704456,-0.058646330916909746,20.0,-3.0,42.0,63.34011497191295,-2.0,1.0
52.40521990118398,-1.522767768661426,80.0,60.119997160160416,4.0,62.90575055088459,9,135200.0,2026-01-01 00-00-00_000,-0.29515213245686117,1.4923797228469682,9.452977391942213,0.0,0.0,9.80665,0.009063706880453938,-0.010967905261588633,-0.07261590288863942,20.0,-3.0,42.0,63.756808706080335,-2.0,1.0
52.40521990118398,-1.522767768661426,80.0,60.119997160160416,4.0,62.90575055088459,9,135300.0,2026-01-01 00-00-00_000,0.3776102071010481,1.1953439127956516,9.949773019699004,0.0,0.0,9.80665,0.004259563925300184,-0.0018806445880518775,-0.05775040481069276,20.0,-3.0,42.0,64.15577737246002,-2.0,1.0
52.40521990118398,-1.522767768661426,80.0,60.119997160160416,4.0,62.90575055088459,9,135400.0,2026-01-01 00-00-00_000,-0.1506362858278349,0.9476860734373841,10.043216912203214,0.0,0.0,9.80665,-0.009967562348487386,0.004184526837185978,-0.053661247277527364,20.0,-3.0,42.0,64.53696890334834,-2.0,1.0
52.40521990118398,-1.522767768661426,80.0,60.119997160160416,4.0,62.90575055088459,9,135500.0,2026-01-01 00-00-00_000,0.10865296241178976,0.8183879740436694,9.619162576815468,0.0,0.0,9.80665,0.0017639344658145941,-0.0017159998786905385,-0.05561329303489585,20.0,-3.0,42.0,64.90033355106016,-2.0,1.0
52.40521990118398,-1.522767768661426,80.0,60.119997160160416,4.0,62.90575055088459,9,135600.0,2026-01-01 00-00-00_000,0.24927675387427797,0.5713821701698573,9.692235422143215,0.0,0.0,9.80665,0.01185799816676785,-0.020939946012647575,-0.06401402121188297,20.0,-3.0,42.0,65.245823894421,-2.0,1.0
52.40521990118398,-1.522767768661426,80.0,60.119997160160416,4.0,62.90575055088459,9,135700.0,2026-01-01 00-00-00_000,-0.3500991422353926,0.7011315704261005,10.166258996812,0.0,0.0,9.80665,-0.0211361755681516,-0.002775076643577232,-0.060543928026748094,20.0,-3.0,42.0,65.57339484495571,-2.0,1.0
52.40521990118398,-1.522767768661426,80.0,60.119997160160416,4.0,62.90575055088459,9,135800.0,2026-01-01 00-00-00_000,0.44678371262600236,0.8831555935276567,9.647199214785402,0.0,0.0,9.80665,-0.0016561770997408083,-0.000657615414253235,-0.045760648024901915,20.0,-3.0,42.0,65.88300365277291,-2.0,1.0
52.40521990118398,-1.522767768661426,80.0,60.119997160160416,4.0,62.90575055088459,9,135900.0,2026-01-01 00-00-00_000,-0.15251867050624654,0.9521303466224137,9.43838812998993,0.0,0.0,9.80665,0.015712361142995235,0.025329690355750546,-0.029152663340723944,20.0,-3.0,42.0,66.17460991214409,-2.0,1.0
52.405283288677616,-1.5225449278790377,80.0,60.11999749385037,4.0,66.44817556677668,9,136000.0,2026-01-01 00-00-00_000,0.01813294124459969,1.0841559951839908,10.15256698777299,0.0,0.0,9.80665,-0.015393971916106293,0.013752853530788492,-0.045270985062754544,20.0,-3.0,42.0,66.44817556677668,-2.0,1.0
52.405283288677616,-1.5225449278790377,80.0,60.11999749385037,4.0,66.44817556677668,9,136100.0,2026-01-01 00-00-00_000,0.18908738178975376,1.130411637057529,10.07584093507786,0.0,0.0,9.80665,-0.0019279205848463273,0.0013891063453837962,-0.02871381185897639,20.0,-3.0,42.0,66.70366491478092,-2.0,1.0
52.405283288677616,-1.5225449278790377,80.0,60.11999749385037,4.0,66.44817556677668,9,136200.0,2026-01-01 00-00-00_000,-0.27087830128886575,0.9491105723065649,9.460099349416463,0.0,0.0,9.80665,-0.014165986673917066,-0.010610829312728037,-0.02304523531646311,20.0,-3.0,42.0,66.94104461332864,-2.0,1.0
52.405283288677616,-1.5225449278790377,80.0,60.11999749385037,4.0,66.44817556677668,9,136300.0,2026-01-01 00-00-00_000,0.339998511483503,0.6931253439959711,9.923689563705326,0.0,0.0,9.80665,-0.0009586586305029586,0.0035511547929472182,-0.04399550981122915,20.0,-3.0,42.0,67.16028368300528,-2.0,1.0
52.405283288677616,-1.5225449278790377,80.0,60.11999749385037,4.0,66.44817556677668,9,136400.0,2026-01-01 00-00-00_000,-0.13057793090231012,0.5174004721385093,10.1808119200005,0.0,0.0,9.80665,-0.023684364851647783,-0.01135528482894072,-0.035840282578914556,20.0,-3.0,42.0,67.3613535118522,-2.0,1.0
52.405283288677616,-1.5225449278790377,80.0,60.11999749385037,4.0,66.44817556677668,9,136500.0,2026-01-01 00-00-00_000,0.0702856657268765,0.253379428185702,9.485156571323813,0.0,0.0,9.80665,-0.016108931855308196,0.0021739903883159113,-0.016480617875809858,20.0,-3.0,42.0,67.54422785910145,-2.0,1.0
52.405283288677616,-1.5225449278790377,80.0,60.11999749385037,4.0,66.44817556677668,9,136600.0,2026-01-01 00-00-00_000,0.20802260950193463,0.06796328540934773,9.645615747097679,0.0,0.0,9.80665,-0.00553934956834106,0.0037912681027231433,-0.017400031931404023,20.0,-3.0,42.0,67.70888285859985,-2.0,1.0
52.405283288677616,-1.5225449278790377,80.0,60.11999749385037,4.0,66.44817556677668,9,136700.0,2026-01-01 00-00-00_000,-0.266053691656241,0.12095829685257604,10.279526211780556,0.0,0.0,9.80665,0.0010444248796303128,-0.0037911853542783552,-0.017493020457477887,20.0,-3.0,42.0,67.85529702192389,-2.0,1.0
52.405283288677616,-1.5225449278790377,80.0,60.11999749385037,4.0,66.44817556677668,9,136800.0,2026-01-01 00-00-00_000,0.4747728891981577,0.3246667024104104,9.729512221346493,0.0,0.0,9.80665,0.0033868630885537,0.0026335512100930276,-0.018605754439531864,20.0,-3.0,42.0,67.98345124118384,-2.0,1.0
52.405283288677616,-1.5225449278790377,80.0,60.11999749385037,4.0,66.44817556677668,9,136900.0,2026-01-01 00-00-00_000,-0.13631005336117485,0.497912757036341,9.455548544726616,0.0,0.0,9.80665,0.0038441384582004984,-0.0030938251636676347,-0.010493135675176055,20.0,-3.0,42.0,68.0933287915177,-2.0,1.0
52.405340566542066,-1.5223176550647355,80.0,60.119997788330714,4.0,68.18491533327375,9,137000.0,2026-01-01 00-00-00_000,0.06643906339344403,0.5999939087372242,10.111705811025166,0.0,0.0,9.80665,0.010901994239272648,-0.005473489405132172,-0.016982250970485863,20.0,-3.0,42.0,68.18491533327375,-2.0,1.0
52.405340566542066,-1.5223176550647355,80.0,60.119997788330714,4.0,68.18491533327375,9,137100.0,2026-01-01 00-00-00_000,0.3437132416297865,0.6075040576030948,9.933658670690034,0.0,0.0,9.80665,0.006508695659049257,0.015323030235086662,0.010270831201889163,20.0,-3.0,42.0,68.25819891388193,-2.0,1.0
52.405340566542066,-1.5223176550647355,80.0,60.119997788330714,4.0,68.18491533327375,9,137200.0,2026-01-01 00-00-00_000,-0.2945262476190152,0.3483707871866823,9.489748277636911,0.0,0.0,9.80665,0.006901924570481775,0.005904829606445268,-0.01459247158441526,20.0,-3.0,42.0,68.31316996941393,-2.0,1.0
52.405340566542066,-1.5223176550647355,80.0,60.119997788330714,4.0,68.18491533327375,9,137300.0,2026-01-01 00-00-00_000,0.35539310321241824,0.18036118248018695,9.923895445243666,0.0,0.0,9.80665,-0.009862623527654246,-0.0028690145862324697,-0.01634023287232111,20.0,-3.0,42.0,68.34982132583116,-2.0,1.0
52.405340566542066,-1.5223176550647355,80.0,60.119997788330714,4.0,68.18491533327375,9,137400.0,2026-01-01 00-00-00_000,-0.11861585682060213,-0.15093661774898437,10.071608213190409,0.0,0.0,9.80665,-0.0018293573499660496,-0.00741227346270543,0.001793350968047514,20.0,-3.0,42.0,68.36814819992094,-2.0,1.0
52.405340566542066,-1.5223176550647355,80.0,60.119997788330714,4.0,68.18491533327375,9,137500.0,2026-01-01 00-00-00_000,0.13729183123297498,-0.36636937508391243,9.621251877378072,0.0,0.0,9.80665,0.030800258391927935,0.0019138739587039352,0.014936821838404344,20.0,-3.0,42.0,68.36814819992094,-2.0,1.0
52.405340566542066,-1.5223176550647355,80.0,60.119997788330714,4.0,68.18491533327375,9,137600.0,2026-01-01 00-00-00_000,0.28666684726481717,-0.4129179934246099,9.769849666232185,0.0,0.0,9.80665,0.021852377071275766,0.005759051011513114,0.0032714314678073076,20.0,-3.0,42.0,68.34982132583116,-2.0,1.0
52.405340566542066,-1.5223176550647355,80.0,60.119997788330714,4.0,68.18491533327375,9,137700.0,2026-01-01 00-00-00_000,-0.28373860400442047,-0.326739100116588,10.118313241978065,0.0,0.0,9.80665,0.007800468611097502,0.008569898954825022,0.009834038974216527,20.0,-3.0,42.0,68.31316996941393,-2.0,1.0
52.405340566542066,-1.5223176550647355,80.0,60.119997788330714,4.0,68.18491533327375,9,137800.0,2026-01-01 00-00-00_000,0.44230551642545535,-0.2596863955429596,9.742108442448108,0.0,0.0,9.80665,0.0069316299838358365,0.014712243232634512,0.005602271464238261,20.0,-3.0,42.0,68.25819891388193,-2.0,1.0
52.405340566542066,-1.5223176550647355,80.0,60.119997788330714,4.0,68.18491533327375,9,137900.0,2026-01-01 00-00-00_000,-0.16672177239249353,-0.05917355639619072,9.591735150891202,0.0,0.0,9.80665,0.00936744556330831,0.004715940818203315,0.016071163524589684,20.0,-3.0,42.0,68.18491533327375,-2.0,1.0
52.405396070195536,-1.5220891935537249,80.0,60.11999804820871,4.0,68.0933287915177,9,138000.0,2026-01-01 00-00-00_000,-0.04368558794242895,0.032995687644323014,10.065058271727455,0.0,0.0,9.80665,-0.004249097669313024,-0.010890791965616835,0.012027804027643741,20.0,-3.0,42.0,68.0933287915177,-2.0,1.0
52.405396070195536,-1.5220891935537249,80.0,60.11999804820871,4.0,68.0933287915177,9,138100.0,2026-01-01 00-00-00_000,0.32344842633069915,-0.008218383192355214,9.997776291916296,0.0,0.0,9.80665,0.018874031777489857,0.020197923117205873,0.015326913542703257,20.0,-3.0,42.0,67.98345124118384,-2.0,1.0
52.405396070195536,-1.5220891935537249,80.0,60.11999804820871,4.0,68.0933287915177,9,138200.0,2026-01-01 00-00-00_000,-0.32062556207527476,-0.11020517336449992,9.511510646624622,0.0,0.0,9.80665,-0.003976543250626345,0.011615530401740175,0.0149041311188086,20.0,-3.0,42.0,67.85529702192389,-2.0,1.0
52.405396070195536,-1.5220891935537249,80.0,60.11999804820871,4.0,68.0933287915177,9,138300.0,2026-01-01 00-00-00_000,0.37888050564309605,-0.3969316311346926,9.833470179979429,0.0,0.0,9.80665,-0.001102505033972004,0.008363131258872123,0.025192919396954644,20.0,-3.0,42.0,67.70888285859985,-2.0,1.0
52.405396070195536,-1.5220891935537249,80.0,60.11999804820871,4.0,68.0933287915177,9,138400.0,2026-01-01 00-00-00_000,-0.15188760534936863,-0.6342062131342486,10.116652621634588,0.0,0.0,9.80665,0.021020438389876037,0.013352361013669763,0.04688909970887746,20.0,-3.0,42.0,67.54422785910145,-2.0,1.0
52.405396070195536,-1.5220891935537249,80.0,60.11999804820871,4.0,68.0933287915177,9,138500.0,2026-01-01 00-00-00_000,0.10501819936137788,-0.9944302835093646,9.459850601993738,0.0,0.0,9.80665,-0.020686914215211686,-0.014541933736193675,0.035317734289177,20.0,-3.0,42.0,67.3613535118522,-2.0,1.0
52.405396070195536,-1.5220891935537249,80.0,60.11999804820871,4.0,68.0933287915177,9,138600.0,2026-01-01 00-00-00_000,0.19574560250267745,-1.0034941954354608,9.679293137892486,0.0,0.0,9.80665,0.0032491555977757283,-0.003528094831303113,0.04042226470126999,20.0,-3.0,42.0,67.16028368300528,-2.0,1.0
52.405396070195536,-1.5220891935537249,80.0,60.11999804820871,4.0,68.0933287915177,9,138700.0,2026-01-01 00-00-00_000,-0.30469360482845015,-0.932293628071465,10.228708320785508,0.0,0.0,9.80665,-0.01718883145158582,-0.004896069956801286,0.05927855517405965,20.0,-3.0,42.0,66.94104461332864,-2.0,1.0
52.405396070195536,-1.5220891935537249,80.0,60.11999804820871,4.0,68.0933287915177,9,138800.0,2026-01-01 00-00-00_000,0.3751445086064581,-0.8424372488268215,9.686622456053584,0.0,0.0,9.80665,-0.0067045549503144284,0.011894545266325756,0.04040915643992851,20.0,-3.0,42.0,66.70366491478092,-2.0,1.0
52.405396070195536,-1.5220891935537249,80.0,60.11999804820871,4.0,68.0933287915177,9,138900.0,2026-01-01 00-00-00_000,-0.06152434755159471,-0.7251808339820388,9.500060697457203,0.0,0.0,9.80665,-0.001198737434369616,-0.011497413711530641,0.04077330113857455,20.0,-3.0,42.0,66.44817556677668,-2.0,1.0
52.405454230485496,-1.5218625281652376,80.0,60.119998277550216,4.0,66.17460991214409,9,139000.0,2026-01-01 00-00-00_000,0.12189540622204022,-0.4754525190855402,10.05940481543516,0.0,0.0,9.80665,-0.0037551858940972067,-0.003029525035910486,0.055604905660208946,20.0,-3.0,42.0,66.17460991214409,-2.0,1.0
52.405454230485496,-1.5218625281652376,80.0,60.119998277550216,4.0,66.17460991214409,9,139100.0,2026-01-01 00-00-00_000,0.26526701712903134,-0.4735524830726624,10.035345228671742,0.0,0.0,9.80665,0.0014054696052239587,0.015130260465054238,0.04528009691981514,20.0,-3.0,42.0,65.88300365277291,-2.0,1.0
52.405454230485496,-1.5218625281652376,80.0,60.119998277550216,4.0,66.17460991214409,9,139200.0,2026-01-01 00-00-00_000,-0.34571744204922866,-0.634470846238704,9.473395509161751,0.0,0.0,9.80665,-0.007836362038225747,0.00653958732655973,0.06044090398897055,20.0,-3.0,42.0,65.57339484495571,-2.0,1.0
52.405454230485496,-1.5218625281652376,80.0,60.119998277550216,4.0,66.17460991214409,9,139300.0,2026-01-01 00-00-00_000,0.453970737758746,-0.8578822850780241,9.887322916412682,0.0,0.0,9.80665,-0.001315023081839269,-0.003650250917164197,0.06990284427714337,20.0,-3.0,42.0,65.245823894421,-2.0,1.0
52.405454230485496,-1.5218625281652376,80.0,60.119998277550216,4.0,66.17460991214409,9,139400.0,2026-01-01 00-00-00_000,-0.2396372374771034,-1.1843085210946116,10.233253944865188,0.0,0.0,9.80665,-0.011959596941121546,0.01869895899586099,0.05584409287011528,20.0,-3.0,42.0,64.90033355106016,-2.0,1.0
52.405454230485496,-1.5218625281652376,80.0,60.119998277550216,4.0,66.17460991214409,9,139500.0,2026-01-01 00-00-00_000,0.08327916162659975,-1.405331664113671,9.672469651007724,0.0,0.0,9.80665,-0.004107628846060486,-0.01296949881768142,0.06326138552962333,20.0,-3.0,42.0,64.53696890334834,-2.0,1.0
52.405454230485496,-1.5218625281652376,80.0,60.119998277550216,4.0,66.17460991214409,9,139600.0,2026-01-01 00-00-00_000,0.21315642055839407,-1.4591056331284142,9.649840327472576,0.0,0.0,9.80665,-0.013938286970322069,0.004612799910498868,0.08342915233091813,20.0,-3.0,42.0,64.15577737246002,-2.0,1.0
52.405454230485496,-1.5218625281652376,80.0,60.119998277550216,4.0,66.17460991214409,9,139700.0,2026-01-01 00-00-00_000,-0.2982686680090131,-1.4483146674933647,10.268261351541417,0.0,0.0,9.80665,0.006151650528718914,-0.002103215616391999,0.0653347123008921,20.0,-3.0,42.0,63.756808706080335,-2.0,1.0
52.405454230485496,-1.5218625281652376,80.0,60.119998277550216,4.0,66.17460991214409,9,139800.0,2026-01-01 00-00-00_000,0.35194980330328507,-1.3286594383991395,9.669164209380515,0.0,0.0,9.80665,-0.013033644472791404,0.005178438709310825,0.07133694501181694,20.0,-3.0,42.0,63.34011497191295,-2.0,1.0
52.405454230485496,-1.5218625281652376,80.0,60.119998277550216,4.0,66.17460991214409,9,139900.0,2026-01-01 00-00-00_000,-0.14279764753420315,-1.1518537490468825,9.529975479133602,0.0,0.0,9.80665,0.006523750897060084,-0.0025809784611068947,0.08148551559877479,20.0,-3.0,42.0,62.90575055088459,-2.0,1.0
52.405519334052265,-1.5216410296447758,80.0,60.119998479943405,4.0,62.45377213004821,9,140000.0,2026-01-01 00-00-00_000,-0.004663236484746362,-1.0376096338321612,10.152829078462142,0.0,0.0,9.80665,-0.004373054010269768,-0.008108784207935715,0.08030037281809269,20.0,-3.0,42.0,62.45377213004821,-2.0,1.0
52.405519334052265,-1.5216410296447758,80.0,60.119998479943405,4.0,62.45377213004821,9,140100.0,2026-01-01 00-00-00_000,0.2564417505854556,-1.0040707682182757,10.001354117366754,0.0,0.0,9.80665,-0.0032860011686472726,0.002239690678057598,0.07924165271253163,20.0,-3.0,42.0,61.98423869518484,-2.0,1.0
52.405519334052265,-1.5216410296447758,80.0,60.119998479943405,4.0,62.45377213004821,9,140200.0,2026-01-01 00-00-00_000,-0.31840902222706186,-1.267602321460573,9.510040482455782,0.0,0.0,9.80665,0.011323042332658474,-0.01285314766517813,0.10114821384929897,20.0,-3.0,42.0,61.49721152310593,-2.0,1.0
52.405519334052265,-1.5216410296447758,80.0,60.119998479943405,4.0,62.45377213004821,9,140300.0,2026-01-01 00-00-00_000,0.40728585891170815,-1.3938098012862532,9.803853767729747,0.0,0.0,9.80665,0.0007675186904568789,0.005369925285480005,0.08741788540671484,20.0,-3.0,42.0,60.9927541736559,-2.0,1.0
52.405519334052265,-1.5216410296447758,80.0,60.119998479943405,4.0,62.45377213004821,9,140400.0,2026-01-01 00-00-00_000,-0.2498880746621231,-1.8251896683005042,10.100580989947039,0.0,0.0,9.80665,-0.01896800831584595,-0.003017148715240748,0.09746865645809148,20.0,-3.0,42.0,60.470932481417776,-2.0,1.0
52.405519334052265,-1.5216410296447758,80.0,60.119998479943405,4.0,62.45377213004821,9,140500.0,2026-01-01 00-00-00_000,0.1010975446838065,-1.9008082757101799,9.550709676385175,0.0,0.0,9.80665,0.004624927323116574,0.009228593076150194,0.09477709614219973,20.0,-3.0,42.0,59.931814547120894,-2.0,1.0
52.405519334052265,-1.5216410296447758,80.0,60.119998479943405,4.0,62.45377213004821,9,140600.0,2026-01-01 00-00-00_000,0.27171972289640933,-1.9767320695771056,9.663254691703527,0.0,0.0,9.80665,-0.02889836423632398,-0.004283280557705522,0.09917770888497099,20.0,-3.0,42.0,59.3754707287535,-2.0,1.0
52.405519334052265,-1.5216410296447758,80.0,60.119998479943405,4.0,62.45377213004821,9,140700.0,2026-01-01 00-00-00_000,-0.2809469435837153,-1.9544970998978868,10.083177387654136,0.0,0.0,9.80665,0.0023334512414938326,-0.006499172120634555,0.09337498611103845,20.0,-3.0,42.0,58.80197363238085,-2.0,1.0
52.405519334052265,-1.5216410296447758,80.0,60.119998479943405,4.0,62.45377213004821,9,140800.0,2026-01-01 00-00-00_000,0.37950904614393943,-1.7407804743898778,9.729018780050245,0.0,0.0,9.80665,-0.004252100171984587,0.004064552989556165,0.11404637856959006,20.0,-3.0,42.0,58.21139810266959,-2.0,1.0
52.405519334052265,-1.5216410296447758,80.0,60.119998479943405,4.0,62.45377213004821,9,140900.0,2026-01-01 00-00-00_000,-0.1743120803166871,-1.6641478147854545,9.484645519226763,0.0,0.0,9.80665,-0.014105278806299802,0.012298039648332277,0.1065798456492106,20.0,-3.0,42.0,57.603821213119886,-2.0,1.0
52.40559525305654,-1.5214290428423085,80.0,60.119998658554756,4.0,56.979322256007265,9,141000.0,2026-01-01 00-00-00_000,0.10520065606766833,-1.5358903259126073,10.049785171492228,0.0,0.0,9.80665,0.00047899503696823665,-0.0202987589076041,0.12265109140820363,20.0,-3.0,42.0,56.979322256007265,-2.0,1.0
52.40559525305654,-1.5214290428423085,80.0,60.119998658554756,4.0,56.979322256007265,9,141100.0,2026-01-01 00-00-00_000,0.1095895383251082,-1.5647510723859006,9.876596949098731,0.0,0.0,9.80665,-0.003341307481274984,0.0012995431628713802,0.10682066954859486,20.0,-3.0,42.0,56.33798273203399,-2.0,1.0
52.40559525305654,-1.5214290428423085,80.0,60.119998658554756,4.0,56.979322256007265,9,141200.0,2026-01-01 00-00-00_000,-0.3919378687051627,-1.6484715450102263,9.496204258556096,0.0,0.0,9.80665,0.0195070708391175,0.006295019471906916,0.11498026521554577,20.0,-3.0,42.0,55.679886339693496,-2.0,1.0
52.40559525305654,-1.5214290428423085,80.0,60.119998658554756,4.0,56.979322256007265,9,141300.0,2026-01-01 00-00-00_000,0.30288985112557587,-1.8968024328251838,9.927456113259025,0.0,0.0,9.80665,-0.004629012057705212,-0.013890365470233031,0.12529386816488192,20.0,-3.0,42.0,55.00511896434631,-2.0,1.0
52.40559525305654,-1.5214290428423085,80.0,60.119998658554756,4.0,56.979322256007265,9,141400.0,2026-01-01 00-00-00_000,-0.2063360517120432,-2.175459242072256,10.063090739770368,0.0,0.0,9.80665,0.018889955819365013,-0.008561799338854328,0.12535365795991074,20.0,-3.0,42.0,54.31376866701265,-2.0,1.0
52.40559525305654,-1.5214290428423085,80.0,60.119998658554756,4.0,56.979322256007265,9,141500.0,2026-01-01 00-00-00_000,-0.011221443886197495,-2.4928752077544716,9.496842188116297,0.0,0.0,9.80665,0.013368513354832995,0.006458011615773666,0.12233372455254307,20.0,-3.0,42.0,53.60592567287881,-2.0,1.0
52.40559525305654,-1.5214290428423085,80.0,60.119998658554756,4.0,56.979322256007265,9,141600.0,2026-01-01 00-00-00_000,0.3090921426542944,-2.5708295640983225,9.620797303738435,0.0,0.0,9.80665,-0.006337929840944456,-0.00803352875984508,0.12919950096403726,20.0,-3.0,42.0,52.881682359523154,-2.0,1.0
52.40559525305654,-1.5214290428423085,80.0,60.119998658554756,4.0,56.979322256007265,9,141700.0,2026-01-01 00-00-00_000,-0.34833530904588905,-2.43862812949696,10.175544806225348,0.0,0.0,9.80665,-0.008369861255449492,-0.006174916411189679,0.123109885266539,20.0,-3.0,42.0,52.14113324485953,-2.0,1.0
52.40559525305654,-1.5214290428423085,80.0,60.119998658554756,4.0,56.979322256007265,9,141800.0,2026-01-01 00-00-00_000,0.4418674548830764,-2.3286591161706336,9.684340425545814,0.0,0.0,9.80665,0.012761452053121134,0.017044724105050306,0.13634463941876573,20.0,-3.0,42.0,51.38437497480305,-2.0,1.0
52.40559525305654,-1.5214290428423085,80.0,60.119998658554756,4.0,56.979322256007265,9,141900.0,2026-01-01 00-00-00_000,-0.19236477643011082,-2.113837642902331,9.462171724651917,0.0,0.0,9.80665,-0.0016458872946254269,-0.009180788297309823,0.11833387299425221,20.0,-3.0,42.0,50.611506310656466,-2.0,1.0
52.40568510371468,-1.521232318910637,80.0,60.11999881617874,4.0,49.82262811622155,9,142000.0,2026-01-01 00-00-00_000,0.06269960402334818,-1.9110347107652699,10.071471346393144,0.0,0.0,9.80665,0.001282180313555799,-0.00839919572325228,0.14285839301331993,20.0,-3.0,42.0,49.82262811622155,-2.0,1.0
52.40568510371468,-1.521232318910637,80.0,60.11999881617874,4.0,49.82262811622155,9,142100.0,2026-01-01 00-00-00_000,0.2669722161878815,-1.945344547177654,9.942047591598593,0.0,0.0,9.80665,-0.0028192455335096225,-0.022697879995332456,0.15474409891435398,20.0,-3.0,42.0,49.01784334463582,-2.0,1.0
52.40568510371468,-1.521232318910637,80.0,60.11999881617874,4.0,49.82262811622155,9,142200.0,2026-01-01 00-00-00_000,-0.3436533256054314,-2.217118400745414,9.48003468863285,0.0,0.0,9.80665,-0.012278883132994602,-0.010684483169488026,0.15394022035372326,20.0,-3.0,42.0,48.19725702493656,-2.0,1.0
52.40568510371468,-1.521232318910637,80.0,60.11999881617874,4.0,49.82262811622155,9,142300.0,2026-01-01 00-00-00_000,0.42379098428138223,-2.418298623932291,9.905817412522127,0.0,0.0,9.80665,-0.003989079414859123,-0.012024789425730797,0.15635442074147218,20.0,-3.0,42.0,47.360976248353666,-2.0,1.0
52.40568510371468,-1.521232318910637,80.0,60.11999881617874,4.0,49.82262811622155,9,142400.0,2026-01-01 00-00-00_000,-0.10430271641638403,-2.637551214499289,10.073411285314169,0.0,0.0,9.80665,-0.009805105981297574,0.01701231074505001,0.14928940819430894,20.0,-3.0,42.0,46.50911015433417,-2.0,1.0
52.40568510371468,-1.521232318910637,80.0,60.11999881617874,4.0,49.82262811622155,9,142500.0,2026-01-01 00-00-00_000,0.04752520801893115,-2.8815688595499487,9.587315031819681,0.0,0.0,9.80665,-0.015467795695564225,0.012100260378883374,0.15899585775395425,20.0,-3.0,42.0,45.6417699162983,-2.0,1.0
52.40568510371468,-1.521232318910637,80.0,60.11999881617874,4.0,49.82262811622155,9,142600.0,2026-01-01 00-00-00_000,0.25283472106999083,-2.9994752814942176,9.654211253800279,0.0,0.0,9.80665,-0.003206798421527617,-0.012361197512968143,0.15480664284211362,20.0,-3.0,42.0,44.75906872713125,-2.0,1.0
52.40568510371468,-1.521232318910637,80.0,60.11999881617874,4.0,49.82262811622155,9,142700.0,2026-01-01 00-00-00_000,-0.390942806992886,-2.909776439830749,10.161328182857167,0.0,0.0,9.80665,0.017390899357645182,0.019482632245927344,0.15986614796068824,20.0,-3.0,42.0,43.86112178441027,-2.0,1.0
52.40568510371468,-1.521232318910637,80.0,60.11999881617874,4.0,49.82262811622155,9,142800.0,2026-01-01 00-00-00_000,0.42066717019984984,-2.8014714929339,9.725521174570568,0.0,0.0,9.80665,0.015732204617742548,0.0076970093129947815,0.16243209403696937,20.0,-3.0,42.0,42.94804627537138,-2.0,1.0
52.40568510371468,-1.521232318910637,80.0,60.11999881617874,4.0,49.82262811622155,9,142900.0,2026-01-01 00-00-00_000,-0.21761957808729138,-2.6228652436817956,9.542242797508475,0.0,0.0,9.80665,-0.0009127249289358452,-0.0016758910905919982,0.13990503086776535,20.0,-3.0,42.0,42.01996136161529,-2.0,1.0
52.405790821212356,-1.5210581816024409,80.0,60.119998955281396,4.0,41.07698816355639,9,143000.0,2026-01-01 00-00-00_000,0.02408947511468678,-2.4302350827132524,10.043181432221175,0.0,0.0,9.80665,0.0010468701089231128,0.008071168664759923,0.17553943172210534,20.0,-3.0,42.0,41.07698816355639,-2.0,1.0
52.405790821212356,-1.5210581816024409,80.0,60.119998955281396,4.0,41.07698816355639,9,143100.0,2026-01-01 00-00-00_000,0.26823331658324606,-2.5445902817641803,9.949170970814164,0.0,0.0,9.80665,0.00478875435633712,0.003856073110146699,0.17450373853373385,20.0,-3.0,42.0,40.1192497446155,-2.0,1.0
52.405790821212356,-1.5210581816024409,80.0,60.119998955281396,4.0,41.07698816355639,9,143200.0,2026-01-01 00-00-00_000,-0.3277752767076727,-2.5770715209256703,9.467799020053107,0.0,0.0,9.80665,0.013196396339877015,-0.0074417754152792705,0.18003842787515123,20.0,-3.0,42.0,39.14687109515978,-2.0,1.0
52.405790821212356,-1.5210581816024409,80.0,60.119998955281396,4.0,41.07698816355639,9,143300.0,2026-01-01 00-00-00_000,0.38799939333813743,-2.8092854054259173,9.911987371559734,0.0,0.0,9.80665,0.002861966099638245,-0.01724208716744177,0.16876769067047823,20.0,-3.0,42.0,38.15997911619053,-2.0,1.0
52.405790821212356,-1.5210581816024409,80.0,60.119998955281396,4.0,41.07698816355639,9,143400.0,2026-01-01 00-00-00_000,-0.14236175862212047,-3.0793185992442584,10.13897813297593,0.0,0.0,9.80665,-0.005038268238126968,-0.008869093277753244,0.18393732363904744,20.0,-3.0,42.0,37.158702602782,-2.0,1.0
52.405790821212356,-1.5210581816024409,80.0,60.119998955281396,4.0,41.07698816355639,9,143500.0,2026-01-01 00-00-00_000,0.032185015025569266,-3.303527472675355,9.529406660619077,0.0,0.0,9.80665,-0.004184355572501795,4.197804635156147e-05,0.18479257513377284,20.0,-3.0,42.0,36.143172227273,-2.0,1.0
52.405790821212356,-1.5210581816024409,80.0,60.119998955281396,4.0,41.07698816355639,9,143600.0,2026-01-01 00-00-00_000,0.2823268363646321,-3.3411845212876634,9.71881811135277,0.0,0.0,9.80665,0.010958179893685468,-0.003421050350082061,0.16635558214068807,20.0,-3.0,42.0,35.11352052221281,-2.0,1.0
52.405790821212356,-1.5210581816024409,80.0,60.119998955281396,4.0,41.07698816355639,9,143700.0,2026-01-01 00-00-00_000,-0.3220398927464448,-3.3982388320002506,10.187482217490492,0.0,0.0,9.80665,0.025565656135042344,-0.00719929490146544,0.1724140733479157,20.0,-3.0,42.0,34.069881863065746,-2.0,1.0
52.405790821212356,-1.5210581816024409,80.0,60.119998955281396,4.0,41.07698816355639,9,143800.0,2026-01-01 00-00-00_000,0.3902059715704464,-3.116693406050958,9.727409830627652,0.0,0.0,9.80665,-0.006516865023280967,0.009699978544038947,0.18881153995726585,20.0,-3.0,42.0,33.01239245067376,-2.0,1.0
52.405790821212356,-1.5210581816024409,80.0,60.119998955281396,4.0,41.07698816355639,9,143900.0,2026-01-01 00-00-00_000,-0.17989437846468262,-2.950733085654219,9.48272649657548,0.0,0.0,9.80665,-0.02067913132142082,-0.010404463851493635,0.185689133249485,20.0,-3.0,42.0,31.941190293482066,-2.0,1.0
52.4059126814154,-1.5209153182871344,80.0,60.11999907803907,4.0,30.85641518952741,9,144000.0,2026-01-01 00-00-00_000,0.03872276761182489,-2.780832177877955,10.172905927385209,0.0,0.0,9.80665,0.007757996686234085,0.00887408977520647,0.19304271484878444,20.0,-3.0,42.0,30.85641518952741,-2.0,1.0
52.4059126814154,-1.5209153182871344,80.0,60.11999907803907,4.0,30.85641518952741,9,144100.0,2026-01-01 00-00-00_000,0.2942413697061005,-2.856691428453217,9.924226574474593,0.0,0.0,9.80665,-0.0010582510582311552,-0.004665222956509638,0.19058824779249292,20.0,-3.0,42.0,29.75820870819433,-2.0,1.0
52.4059126814154,-1.5209153182871344,80.0,60.11999907803907,4.0,30.85641518952741,9,144200.0,2026-01-01 00-00-00_000,-0.27523595275796964,-3.0092098918511847,9.469426837683491,0.0,0.0,9.80665,0.0010847479241550616,0.001163034815909349,0.20935276955970256,20.0,-3.0,42.0,28.646714171739347,-2.0,1.0
52.4059126814154,-1.5209153182871344,80.0,60.11999907803907,4.0,30.85641518952741,9,144300.0,2026-01-01 00-00-00_000,0.37051752836173035,-3.2535717930500456,9.892932725886746,0.0,0.0,9.80665,0.012004096085610691,-0.010960977454772185,0.1854990002694822,20.0,-3.0,42.0,27.522076636586405,-2.0,1.0
52.4059126814154,-1.5209153182871344,80.0,60.11999907803907,4.0,30.85641518952741,9,144400.0,2026-01-01 00-00-00_000,-0.1537743014127456,-3.4440643959410977,10.160102530912818,0.0,0.0,9.80665,0.00037855496569916237,1.543829919379461e-06,0.19190026643867455,20.0,-3.0,42.0,26.38444287439637,-2.0,1.0
52.4059126814154,-1.5209153182871344,80.0,60.11999907803907,4.0,30.85641518952741,9,144500.0,2026-01-01 00-00-00_000,-0.036106424104567936,-3.7618364987833344,9.471009424074541,0.0,0.0,9.80665,-0.013487858671931236,-0.007631326786399814,0.19711925568746935,20.0,-3.0,42.0,25.233961352912274,-2.0,1.0
52.4059126814154,-1.5209153182871344,80.0,60.11999907803907,4.0,30.85641518952741,9,144600.0,2026-01-01 00-00-00_000,0.22319375494079735,-3.7579982051385112,9.695987618908383,0.0,0.0,9.80665,-0.019822648627445,-0.01712415674934735,0.1963400655219885,20.0,-3.0,42.0,24.070782216583723,-2.0,1.0
52.4059126814154,-1.5209153182871344,80.0,60.11999907803907,4.0,30.85641518952741,9,144700.0,2026-01-01 00-00-00_000,-0.33302629327667466,-3.705896337301014,10.152370110224972,0.0,0.0,9.80665,-0.0007658890541599397,-0.0001111278536005751,0.2045901087889142,20.0,-3.0,42.0,22.89505726697206,-2.0,1.0
52.4059126814154,-1.5209153182871344,80.0,60.11999907803907,4.0,30.85641518952741,9,144800.0,2026-01-01 00-00-00_000,0.3254754910803476,-3.6229340641476435,9.70354955410705,0.0,0.0,9.80665,-0.011816315227791974,-0.0004267703288937842,0.21097031370988606,20.0,-3.0,42.0,21.706939942939243,-2.0,1.0
52.4059126814154,-1.5209153182871344,80.0,60.11999907803907,4.0,30.85641518952741,9,144900.0,2026-01-01 00-00-00_000,-0.09867683513237954,-3.430889852508343,9.568496320113551,0.0,0.0,9.80665,0.002592916407640008,0.008251618768683942,0.20301885456232802,20.0,-3.0,42.0,20.50658530062327,-2.0,1.0
52.40604884997781,-1.5208131162445904,80.0,60.11999918637235,4.0,19.294149993202666,9,145000.0,2026-01-01 00-00-00_000,0.11282729975372016,-3.24766761304377,10.09598511567117,0.0,0.0,9.80665,-0.012976043381969383,0.0028779719354950824,0.2182624122290876,20.0,-3.0,42.0,19.294149993202666,-2.0,1.0
52.40604884997781,-1.5208131162445904,80.0,60.11999918637235,4.0,19.294149993202666,9,145100.0,2026-01-01 00-00-00_000,0.2321067191729731,-3.239143462464209,10.005300018047867,0.0,0.0,9.80665,-0.003800282915207743,-0.009919042455620732,0.2276467979292029,20.0,-3.0,42.0,18.069792250452053,-2.0,1.0
52.40604884997781,-1.5208131162445904,80.0,60.11999918637235,4.0,19.294149993202666,9,145200.0,2026-01-01 00-00-00_000,-0.30279420140513713,-3.3257537077995085,9.517457147494808,0.0,0.0,9.80665,-0.014935516329275506,-0.0059703924797936,0.2280204125036581,20.0,-3.0,42.0,16.83367185809226,-2.0,1.0
52.40604884997781,-1.5208131162445904,80.0,60.11999918637235,4.0,19.294149993202666,9,145300.0,2026-01-01 00-00-00_000,0.41335875902349484,-3.5955809474297538,9.898872003368155,0.0,0.0,9.80665,-0.0039034449633239586,-0.02441611822253212,0.23707253940084727,20.0,-3.0,42.0,15.585950136937697,-2.0,1.0
52.40604884997781,-1.5208131162445904,80.0,60.11999918637235,4.0,19.294149993202666,9,145400.0,2026-01-01 00-00-00_000,-0.1524323399299678,-3.925339158847856,10.16208853350165,0.0,0.0,9.80665,-0.004735081191718418,-0.01096883977869605,0.23235750205964856,20.0,-3.0,42.0,14.326789921842703,-2.0,1.0
52.40604884997781,-1.5208131162445904,80.0,60.11999918637235,4.0,19.294149993202666,9,145500.0,2026-01-01 00-00-00_000,0.05666923979830141,-4.106279495869013,9.657216393844317,0.0,0.0,9.80665,0.00563753016566821,0.01286391556200128,0.22535116919685594,20.0,-3.0,42.0,13.056355540451023,-2.0,1.0
52.40604884997781,-1.5208131162445904,80.0,60.11999918637235,4.0,19.294149993202666,9,145600.0,2026-01-01 00-00-00_000,0.21407316816496413,-4.1744578295316686,9.689655009679909,0.0,0.0,9.80665,0.013092619283064212,0.015008030964820467,0.24124985286811443,20.0,-3.0,42.0,11.774812791749468,-2.0,1.0
52.40604884997781,-1.5208131162445904,80.0,60.11999918637235,4.0,19.294149993202666,9,145700.0,2026-01-01 00-00-00_000,-0.400023524932717,-4.09923042105457,10.11383358177256,0.0,0.0,9.80665,-0.0021169968039058996,0.007589834725439776,0.23488113918075754,20.0,-3.0,42.0,10.482328924430988,-2.0,1.0
52.40604884997781,-1.5208131162445904,80.0,60.11999918637235,4.0,19.294149993202666,9,145800.0,2026-01-01 00-00-00_000,0.3478979774727442,-3.895223826839409,9.762109341105747,0.0,0.0,9.80665,-0.008877251614292212,0.00305222843979471,0.24577331115124953,20.0,-3.0,42.0,9.179072615067241,-2.0,1.0
52.40604884997781,-1.5208131162445904,80.0,60.11999918637235,4.0,19.294149993202666,9,145900.0,2026-01-01 00-00-00_000,-0.11472293074788023,-3.6548322352231266,9.565331178137793,0.0,0.0,9.80665,0.019207672460831306,0.005861500295885619,0.23169817852789593,20.0,-3.0,42.0,7.865213946095594,-2.0,1.0
52.40619508293988,-1.5207605381493887,80.0,60.11999928197611,4.0,6.540924383622041,9,146000.0,2026-01-01 00-00-00_000,0.07569694220858833,-3.5882139974161027,10.153863223135755,0.0,0.0,9.80665,0.0033346765127591723,0.004866056450856592,0.21881241405125998,20.0,-3.0,42.0,6.540924383622041,-2.0,1.0
52.40619508293988,-1.5207605381493887,80.0,60.11999928197611,4.0,6.540924383622041,9,146100.0,2026-01-01 00-00-00_000,0.23810560840744352,-3.58995693202474,10.04856968986146,0.0,0.0,9.80665,0.005812386720058162,-0.01703260681497001,0.22781042810526964,20.0,-3.0,42.0,5.206376755044403,-2.0,1.0
52.40619508293988,-1.5207605381493887,80.0,60.11999928197611,4.0,6.540924383622041,9,146200.0,2026-01-01 00-00-00_000,-0.26411920761144086,-3.68103639501719,9.495602815580138,0.0,0.0,9.80665,0.005786655152607268,-0.008540194735097345,0.23994534383612764,20.0,-3.0,42.0,3.861745226496737,-2.0,1.0
52.40619508293988,-1.5207605381493887,80.0,60.11999928197611,4.0,6.540924383622041,9,146300.0,2026-01-01 00-00-00_000,0.43989793141038985,-3.9914728698578306,9.897066604540239,0.0,0.0,9.80665,0.014222017192610854,0.011753097956421535,0.24452686553632255,20.0,-3.0,42.0,2.5072052801203313,-2.0,1.0
52.40619508293988,-1.5207605381493887,80.0,60.11999928197611,4.0,6.540924383622041,9,146400.0,2026-01-01 00-00-00_000,-0.2287727769746653,-4.170184484196059,10.10816972680418,0.0,0.0,9.80665,0.009787390678250558,0.01170515251252019,0.24041663639987523,20.0,-3.0,42.0,1.1429336911616588,-2.0,1.0
52.40619508293988,-1.5207605381493887,80.0,60.11999928197611,4.0,6.540924383622041,9,146500.0,2026-01-01 00-00-00_000,0.11409428615473793,-4.338885556252445,9.50911807532767,0.0,0.0,9.80665,0.0064830074940457495,0.0024333493050360685,0.25138021510021163,20.0,-3.0,42.0,359.76910850490265,-2.0,1.0
52.40619508293988,-1.5207605381493887,80.0,60.11999928197611,4.0,6.540924383622041,9,146600.0,2026-01-01 00-00-00_000,0.26147422589510244,-4.488075871591555,9.677621527448458,0.0,0.0,9.80665,0.007374025361265491,-0.002996493354672546,0.23645416205306702,20.0,-3.0,42.0,358.3859090134244,-2.0,1.0
52.40619508293988,-1.5207605381493887,80.0,60.11999928197611,4.0,6.540924383622041,9,146700.0,2026-01-01 00-00-00_000,-0.2761940803541371,-4.337961081287622,10.09335750470955,0.0,0.0,9.80665,-0.008832703986943032,-0.003734322605316817,0.24150112511843216,20.0,-3.0,42.0,356.99351573220906,-2.0,1.0
52.40619508293988,-1.5207605381493887,80.0,60.11999928197611,4.0,6.540924383622041,9,146800.0,2026-01-01 00-00-00_000,0.3792135827471698,-4.149424499692325,9.761294559835322,0.0,0.0,9.80665,-0.0063376571329667765,-0.005300732559945889,0.2561080474338551,20.0,-3.0,42.0,355.5921103765807,-2.0,1.0
52.40619508293988,-1.5207605381493887,80.0,60.11999928197611,4.0,6.540924383622041,9,146900.0,2026-01-01 00-00-00_000,-0.1120550755338671,-4.040341122128576,9.532221761227262,0.0,0.0,9.80665,-0.0013299287653821597,-0.009078767944729279,0.2504447664875897,20.0,-3.0,42.0,354.18187583799124,-2.0,1.0
52.40634472040335,-1.5207646464299163,80.0,60.11999936634614,4.0,352.76299616015154,9,147000.0,2026-01-01 00-00-00_000,0.013655068888838058,-3.8309496757794808,10.118314752718,0.0,0.0,9.80665,0.0006642288829529369,-0.01894889760033387,0.25229830892481525,20.0,-3.0,42.0,352.76299616015154,-2.0,1.0
52.40634472040335,-1.5207646464299163,80.0,60.11999936634614,4.0,352.76299616015154,9,147100.0,2026-01-01 00-00-00_000,0.2966401884013688,-3.8587421858383353,9.981330437153723,0.0,0.0,9.80665,-7.896810832230414e-05,0.0015294164116197875,0.26388247070869153,20.0,-3.0,42.0,351.33565651501294,-2.0,1.0
52.40634472040335,-1.5207646464299163,80.0,60.11999936634614,4.0,352.76299616015154,9,147200.0,2026-01-01 00-00-00_000,-0.3619809417233373,-4.02780805327336,9.485663024538535,0.0,0.0,9.80665,0.002817546352197957,-0.004404060501002851,0.2629256360849294,20.0,-3.0,42.0,349.9000431786009,-2.0,1.0
52.40634472040335,-1.5207646464299163,80.0,60.11999936634614,4.0,352.76299616015154,9,147300.0,2026-01-01 00-00-00_000,0.3931703684901068,-4.264353325767738,9.859132278466703,0.0,0.0,9.80665,2.599582607985746e-06,-0.002055997036811714,0.24977806733526609,20.0,-3.0,42.0,348.4563435067055,-2.0,1.0
52.40634472040335,-1.5207646464299163,80.0,60.11999936634614,4.0,352.76299616015154,9,147400.0,2026-01-01 00-00-00_000,-0.16908558251391337,-4.353230149837162,10.193756413669616,0.0,0.0,9.80665,-0.004526094274559495,0.016979246747859774,0.25883044580732545,20.0,-3.0,42.0,347.0047459104297,-2.0,1.0
52.40634472040335,-1.5207646464299163,80.0,60.11999936634614,4.0,352.76299616015154,9,147500.0,2026-01-01 00-00-00_000,0.08600117125735757,-4.703303284851491,9.544657454752787,0.0,0.0,9.80665,-0.01645478062618449,0.005899799063582978,0.2455167864673556,20.0,-3.0,42.0,345.5454398316011,-2.0,1.0
52.40634472040335,-1.5207646464299163,80.0,60.11999936634614,4.0,352.76299616015154,9,147600.0,2026-01-01 00-00-00_000,0.286101372485154,-4.651770437384586,9.696245972847212,0.0,0.0,9.80665,0.008079734664523327,-0.00687428043740814,0.25985369859246166,20.0,-3.0,42.0,344.07861571804864,-2.0,1.0
52.40634472040335,-1.5207646464299163,80.0,60.11999936634614,4.0,352.76299616015154,9,147700.0,2026-01-01 00-00-00_000,-0.31531542899509835,-4.50168324839519,10.26340500289168,0.0,0.0,9.80665,0.005603118138510599,0.005786680805354303,0.2642415547650971,20.0,-3.0,42.0,342.604464998748,-2.0,1.0
52.40634472040335,-1.5207646464299163,80.0,60.11999936634614,4.0,352.76299616015154,9,147800.0,2026-01-01 00-00-00_000,0.3911488167801056,-4.456754688700737,9.84854236771358,0.0,0.0,9.80665,-0.009024122520302102,-0.014797927298595734,0.2491219292654729,20.0,-3.0,42.0,341.12318005883895,-2.0,1.0
52.40634472040335,-1.5207646464299163,80.0,60.11999936634614,4.0,352.76299616015154,9,147900.0,2026-01-01 00-00-00_000,-0.19769619328171656,-4.1437342271660755,9.60138846942391,0.0,0.0,9.80665,0.004706303388898532,0.010439384563703705,0.2757179552683507,20.0,-3.0,42.0,339.6349542145179,-2.0,1.0
52.40648908797137,-1.5208290203879398,80.0,60.11999944080243,4.0,338.1399816878095,9,148000.0,2026-01-01 00-00-00_000,-0.0010756274119034792,-4.04805472652031,10.080585273473796,0.0,0.0,9.80665,0.0036801434173976307,0.0026559709834291594,0.28027075947005914,20.0,-3.0,42.0,338.1399816878095,-2.0,1.0
52.40648908797137,-1.5208290203879398,80.0,60.11999944080243,4.0,338.1399816878095,9,148100.0,2026-01-01 00-00-00_000,0.28797093817393904,-4.0302041554824095,10.069265648505885,0.0,0.0,9.80665,0.0004680237276838506,-0.0018592512488975472,0.26984092651260566,20.0,-3.0,42.0,336.638457581219,-2.0,1.0
52.40648908797137,-1.5208290203879398,80.0,60.11999944080243,4.0,338.1399816878095,9,148200.0,2026-01-01 00-00-00_000,-0.2741744720473098,-4.168454761411466,9.51412545781312,0.0,0.0,9.80665,-0.018604654435392002,0.005696422298921145,0.2742570416300563,20.0,-3.0,42.0,335.13057785227045,-2.0,1.0
52.40648908797137,-1.5208290203879398,80.0,60.11999944080243,4.0,338.1399816878095,9,148300.0,2026-01-01 00-00-00_000,0.38223083782909384,-4.406787211701088,10.013463572275107,0.0,0.0,9.80665,-0.012288668922684634,0.01443435571376198,0.2797784624918543,20.0,-3.0,42.0,333.6165392879332,-2.0,1.0
52.40648908797137,-1.5208290203879398,80.0,60.11999944080243,4.0,338.1399816878095,9,148400.0,2026-01-01 00-00-00_000,-0.2111267248370417,-4.654812577384544,10.143692181119865,0.0,0.0,9.80665,-0.006251684231135986,-0.004530289782291604,0.2679245613023232,20.0,-3.0,42.0,332.09653947894014,-2.0,1.0
52.40648908797137,-1.5208290203879398,80.0,60.11999944080243,4.0,338.1399816878095,9,148500.0,2026-01-01 00-00-00_000,-0.0067659348666071414,-4.913252287678614,9.602259674904678,0.0,0.0,9.80665,0.015851767283320536,-0.00970645060391633,0.27829218493763286,20.0,-3.0,42.0,330.57077679400055,-2.0,1.0
52.40648908797137,-1.5208290203879398,80.0,60.11999944080243,4.0,338.1399816878095,9,148600.0,2026-01-01 00-00-00_000,0.2229942177296213,-4.8865425721089935,9.656811276459948,0.0,0.0,9.80665,-0.008823691343438167,0.020945738297996647,0.27420398053585243,20.0,-3.0,42.0,329.03945035391246,-2.0,1.0
52.40648908797137,-1.5208290203879398,80.0,60.11999944080243,4.0,338.1399816878095,9,148700.0,2026-01-01 00-00-00_000,-0.3527574721175488,-4.825548922801504,10.1976304573462,0.0,0.0,9.80665,-0.0037167947975152264,0.0002064177839341728,0.26039372603551036,20.0,-3.0,42.0,327.5027600055756,-2.0,1.0
52.40648908797137,-1.5208290203879398,80.0,60.11999944080243,4.0,338.1399816878095,9,148800.0,2026-01-01 00-00-00_000,0.5156917053758299,-4.54752989531063,9.783213962813463,0.0,0.0,9.80665,-0.01134042669417327,0.01481937969344859,0.2661356841258193,20.0,-3.0,42.0,325.9609062959108,-2.0,1.0
52.40648908797137,-1.5208290203879398,80.0,60.11999944080243,4.0,338.1399816878095,9,148900.0,2026-01-01 00-00-00_000,-0.24536690342925754,-4.3755523113023616,9.446771334059733,0.0,0.0,9.80665,-0.005169784566989857,-0.006628202587689256,0.26959334169869154,20.0,-3.0,42.0,324.41409044568707,-2.0,1.0
52.406618341914225,-1.5209524165964237,80.0,60.119999506509885,4.0,322.8625143232614,9,149000.0,2026-01-01 00-00-00_000,0.0846646563152437,-4.238982737379398,10.099847978745991,0.0,0.0,9.80665,0.003160878873551108,0.003791455898018079,0.2830391702328636,20.0,-3.0,42.0,322.8625143232614,-2.0,1.0
52.406618341914225,-1.5209524165964237,80.0,60.119999506509885,4.0,322.8625143232614,9,149100.0,2026-01-01 00-00-00_000,0.25778760383231875,-4.23458837403621,9.895924235885767,0.0,0.0,9.80665,-0.020954434856448517,-0.006288078282826277,0.2763518977852365,20.0,-3.0,42.0,321.3063804182335,-2.0,1.0
52.406618341914225,-1.5209524165964237,80.0,60.119999506509885,4.0,322.8625143232614,9,149200.0,2026-01-01 00-00-00_000,-0.2747159234922685,-4.390528012546859,9.398789666028176,0.0,0.0,9.80665,-0.02857168163007548,0.006313784249135305,0.28395516705830764,20.0,-3.0,42.0,319.7458918150201,-2.0,1.0
52.406618341914225,-1.5209524165964237,80.0,60.119999506509885,4.0,322.8625143232614,9,149300.0,2026-01-01 00-00-00_000,0.3809213509717474,-4.571339350839002,9.91462486192993,0.0,0.0,9.80665,0.006351150068254956,-0.0026845259078438427,0.27344433576196886,20.0,-3.0,42.0,318.1812521663508,-2.0,1.0
52.406618341914225,-1.5209524165964237,80.0,60.119999506509885,4.0,322.8625143232614,9,149400.0,2026-01-01 00-00-00_000,-0.1195838236738159,-4.7595644828593136,10.151328711444746,0.0,0.0,9.80665,9.065830088286582e-05,-0.006577396260477757,0.26792919822530953,20.0,-3.0,42.0,316.6126656666908,-2.0,1.0
52.406618341914225,-1.5209524165964237,80.0,60.119999506509885,4.0,322.8625143232614,9,149500.0,2026-01-01 00-00-00_000,-8.302783492644052,-4.900654854138753,9.457176161350327,0.0,0.0,9.80665,-0.006296640770454715,0.015392659261528488,0.2943281013863172,20.0,-3.0,42.0,315.0403370255917,-2.0,1.0
52.406618341914225,-1.5209524165964237,80.0,60.119999506509885,4.0,322.8625143232614,9,149600.0,2026-01-01 00-00-00_000,-16.41943505722201,-4.576645119319848,9.613766632269222,0.0,0.0,9.80665,0.009414222428419602,0.003405612187086366,0.3000334023187212,20.0,-3.0,42.0,313.46447144097635,-2.0,1.0
52.406618341914225,-1.5209524165964237,80.0,60.119999506509885,4.0,322.8625143232614,9,149700.0,2026-01-01 00-00-00_000,-17.003458721263577,-3.9945457345874997,10.218743035405673,0.0,0.0,9.80665,0.009432868917870086,-0.02003404844718125,0.28258081797027984,20.0,-3.0,42.0,311.8852745723589,-2.0,1.0
52.406618341914225,-1.5209524165964237,80.0,60.119999506509885,4.0,322.8625143232614,9,149800.0,2026-01-01 00-00-00_000,-16.249161904725753,-3.4349964718230086,9.742244935490195,0.0,0.0,9.80665,-0.021187269363568812,-0.0022847754259785525,0.2786475591950718,20.0,-3.0,42.0,310.3029525140052,-2.0,1.0
52.406618341914225,-1.5209524165964237,80.0,60.119999506509885,4.0,322.8625143232614,9,149900.0,2026-01-01 00-00-00_000,-16.772190126270168,-2.5947717435456834,9.578246610074943,0.0,0.0,9.80665,-0.0019340163190072395,-0.00903501321797686,0.2898371970155879,20.0,-3.0,42.0,308.71771176803645,-2.0,1.0
52.40670844887586,-1.5210994981950852,80.0,30.059999775445718,4.0,307.12975921747915,9,150000.0,2026-01-01 00-00-00_000,-16.64886013006993,-2.0911757647901776,10.041685601363405,0.0,0.0,9.80665,0.010805273120429617,-0.012016964987150823,0.27262965423747715,20.0,-3.0,42.0,307.12975921747915,-2.0,1.0
52.40670844887586,-1.5210994981950852,80.0,30.059999775445718,4.0,307.12975921747915,9,150100.0,2026-01-01 00-00-00_000,-16.40220574905855,-1.476090770298486,9.935413525272192,0.0,0.0,9.80665,-0.006938018374073555,-0.005735639214278936,0.2799917928794121,20.0,-3.0,42.0,305.53930209926614,-2.0,1.0
52.40670844887586,-1.5210994981950852,80.0,30.059999775445718,4.0,307.12975921747915,9,150200.0,2026-01-01 00-00-00_000,-17.017112937744862,-1.1526675273361169,9.370315443088254,0.0,0.0,9.80665,-0.003391397426119386,-0.0046886574302085265,0.2709494882415584,20.0,-3.0,42.0,303.9465479771904,-2.0,1.0
52.40670844887586,-1.5210994981950852,80.0,30.059999775445718,4.0,307.12975921747915,9,150300.0,2026-01-01 00-00-00_000,-16.321696484059746,-0.8243662134492813,10.010823081708873,0.0,0.0,9.80665,0.009263169292403648,0.0003676547681067045,0.2860843626575058,20.0,-3.0,42.0,302.35170471481746,-2.0,1.0
52.40670844887586,-1.5210994981950852,80.0,30.059999775445718,4.0,307.12975921747915,9,150400.0,2026-01-01 00-00-00_000,-16.875514184742528,-0.5738629094934159,10.115228392142239,0.0,0.0,9.80665,-0.00293663810350147,-0.00781903582331755,0.2846002601282432,20.0,-3.0,42.0,300.75498044835734,-2.0,1.0
52.40670844887586,-1.5210994981950852,80.0,30.059999775445718,4.0,307.12975921747915,9,150500.0,2026-01-01 00-00-00_000,-8.344455443530716,-0.47259389391816675,9.59732442183919,0.0,0.0,9.80665,-0.012213838007907719,-0.018404558198568444,0.0009159617897368795,20.0,-3.0,42.0,300.75498044835734,-2.0,1.0
52.40670844887586,-1.5210994981950852,80.0,30.059999775445718,4.0,307.12975921747915,9,150600.0,2026-01-01 00-00-00_000,0.24351540610735664,-0.2791433031546171,9.69200850764399,0.0,0.0,9.80665,-0.007116234188648904,-0.005271350411430814,-0.0009994302822123524,20.0,-3.0,42.0,300.75498044835734,-2.0,1.0
52.40670844887586,-1.5210994981950852,80.0,30.059999775445718,4.0,307.12975921747915,9,150700.0,2026-01-01 00-00-00_000,-0.2942511879299343,-0.3831542248352542,10.264619404260197,0.0,0.0,9.80665,-0.013501605419811753,0.008746999577182675,-0.007684362081495453,20.0,-3.0,42.0,300.75498044835734,-2.0,1.0
52.40670844887586,-1.5210994981950852,80.0,30.059999775445718,4.0,307.12975921747915,9,150800.0,2026-01-01 00-00-00_000,0.3776970513157511,-0.09832748259249216,9.635587295486792,0.0,0.0,9.80665,0.005272474114037005,-0.013496992222119813,-0.002353060642774729,20.0,-3.0,42.0,300.75498044835734,-2.0,1.0
52.40670844887586,-1.5210994981950852,80.0,30.059999775445718,4.0,307.12975921747915,9,150900.0,2026-01-01 00-00-00_000,-0.12373857034928086,0.183646152299897,9.475698481673348,0.0,0.0,9.80665,-0.01748299099575042,0.006161660538948203,0.013492588475215778,20.0,-3.0,42.0,300.75498044835734,-2.0,1.0
52.40671682276753,-1.521119890329156,80.0,0.0,4.0,300.75498044835734,9,151000.0,2026-01-01 00-00-00_000,0.05077003233600849,0.31449943669947533,10.146169023356165,0.0,0.0,9.80665,0.009745676302902455,0.004577542648382061,0.001298797051657552,20.0,-3.0,42.0,300.75498044835734,-2.0,1.0
52.40671682276753,-1.521119890329156,80.0,0.0,4.0,300.75498044835734,9,151100.0,2026-01-01 00-00-00_000,0.2675289376365748,0.4164857583912998,9.959974427949827,0.0,0.0,9.80665,-0.016697880316404783,-0.004412112726718591,0.01371951289759151,20.0,-3.0,42.0,300.75498044835734,-2.0,1.0
52.40671682276753,-1.521119890329156,80.0,0.0,4.0,300.75498044835734,9,151200.0,2026-01-01 00-00-00_000,-0.3339038484485006,0.20375482499645048,9.331060900349405,0.0,0.0,9.80665,0.0001885215799997016,0.0030950775632366547,-0.002661571507547017,20.0,-3.0,42.0,300.75498044835734,-2.0,1.0
52.40671682276753,-1.521119890329156,80.0,0.0,4.0,300.75498044835734,9,151300.0,2026-01-01 00-00-00_000,0.35558760934697625,0.07490554769804039,9.914929620188145,0.0,0.0,9.80665,-0.014914317891527779,-0.007400302661319841,0.0033901883138484057,20.0,-3.0,42.0,300.75498044835734,-2.0,1.0
52.40671682276753,-1.521119890329156,80.0,0.0,4.0,300.75498044835734,9,151400.0,2026-01-01 00-00-00_000,-0.21088492003105822,-0.1823901246359307,10.040723644097673,0.0,0.0,9.80665,-0.0034195347091738183,-0.003940744106359917,0.0004751043154624245,20.0,-3.0,42.0,300.75498044835734,-2.0,1.0
52.40671682276753,-1.521119890329156,80.0,0.0,4.0,300.75498044835734,9,151500.0,2026-01-01 00-00-00_000,0.03199976777718894,-0.33424462864927995,9.584572707934417,0.0,0.0,9.80665,0.009950937229715457,-0.010103430290799085,0.002009175515477208,20.0,-3.0,42.0,300.75498044835734,-2.0,1.0
52.40671682276753,-1.521119890329156,80.0,0.0,4.0,300.75498044835734,9,151600.0,2026-01-01 00-00-00_000,0.22368783013204,-0.35028536811899597,9.769119503512703,0.0,0.0,9.80665,0.010951058466278892,0.004637419544882038,0.009947872472615266,20.0,-3.0,42.0,300.75498044835734,-2.0,1.0
52.40671682276753,-1.521119890329156,80.0,0.0,4.0,300.75498044835734,9,151700.0,2026-01-01 00-00-00_000,-0.32481137087192474,-0.2555874785341057,10.111943789431656,0.0,0.0,9.80665,0.01277401192106914,0.013617065060530556,-0.011800544105558562,20.0,-3.0,42.0,300.75498044835734,-2.0,1.0
52.40671682276753,-1.521119890329156,80.0,0.0,4.0,300.75498044835734,9,151800.0,2026-01-01 00-00-00_000,0.29794379900412005,-0.05942807924042014,9.748285156744195,0.0,0.0,9.80665,-0.001151874503436614,-0.006712738739719504,0.009722293367289941,20.0,-3.0,42.0,300.75498044835734,-2.0,1.0
52.40671682276753,-1.521119890329156,80.0,0.0,4.0,300.75498044835734,9,151900.0,2026-01-01 00-00-00_000,-0.15983496874799188,0.10528539565003722,9.491537292243278,0.0,0.0,9.80665,0.0008091445825147559,0.011896792777225537,0.00936732985566844,20.0,-3.0,42.0,300.75498044835734,-2.0,1.0
52.40671682276753,-1.521119890329156,80.0,0.0,4.0,300.75498044835734,9,152000.0,2026-01-01 00-00-00_000,0.08690536066121204,0.38102598893865436,10.08742818824698,0.0,0.0,9.80665,0.0020589943362841765,-0.021161283964703428,0.00403637781591608,20.0,-3.0,42.0,300.75498044835734,-2.0,1.0
52.40671682276753,-1.521119890329156,80.0,0.0,4.0,300.75498044835734,9,152100.0,2026-01-01 00-00-00_000,0.17999609032353886,0.39432055782157505,10.00247534032574,0.0,0.0,9.80665,0.0058909570208647765,-0.008768430131608444,0.004605645699992953,20.0,-3.0,42.0,300.75498044835734,-2.0,1.0
52.40671682276753,-1.521119890329156,80.0,0.0,4.0,300.75498044835734,9,152200.0,2026-01-01 00-00-00_000,-0.26923788654395564,0.23644449818827237,9.574381592014035,0.0,0.0,9.80665,-0.00425303371738182,-0.010028707698560423,0.0023163883444142445,20.0,-3.0,42.0,300.75498044835734,-2.0,1.0
52.40671682276753,-1.521119890329156,80.0,0.0,4.0,300.75498044835734,9,152300.0,2026-01-01 00-00-00_000,0.39995491608454803,0.050515768598006876,9.809224872538843,0.0,0.0,9.80665,0.0107317227430741,0.01710910262447638,0.009349419508844279,20.0,-3.0,42.0,300.75498044835734,-2.0,1.0
52.40671682276753,-1.521119890329156,80.0,0.0,4.0,300.75498044835734,9,152400.0,2026-01-01 00-00-00_000,-0.19868891044929216,-0.23402083195936563,10.140364735730662,0.0,0.0,9.80665,0.002990531371375296,-0.005852820588295067,0.004464404491180661,20.0,-3.0,42.0,300.75498044835734,-2.0,1.0
52.40671682276753,-1.521119890329156,80.0,0.0,4.0,300.75498044835734,9,152500.0,2026-01-01 00-00-00_000,0.0638519247434576,-0.39779319323664597,9.63644349613749,0.0,0.0,9.80665,0.011170085660069766,0.007757269898364448,-0.002508141741693652,20.0,-3.0,42.0,300.75498044835734,-2.0,1.0
52.40671682276753,-1.521119890329156,80.0,0.0,4.0,300.75498044835734,9,152600.0,2026-01-01 00-00-00_000,0.20930406598341383,-0.41829296342405314,9.687722201958215,0.0,0.0,9.80665,0.004511031938515249,-0.020337975774489335,0.005187692169872689,20.0,-3.0,42.0,300.75498044835734,-2.0,1.0
52.40671682276753,-1.521119890329156,80.0,0.0,4.0,300.75498044835734,9,152700.0,2026-01-01 00-00-00_000,-0.3658899942366419,-0.26393792117659104,10.221627265498467,0.0,0.0,9.80665,0.006512816175476079,0.0011492791005097743,0.01136437775771634,20.0,-3.0,42.0,300.75498044835734,-2.0,1.0
52.40671682276753,-1.521119890329156,80.0,0.0,4.0,300.75498044835734,9,152800.0,2026-01-01 00-00-00_000,0.3815591123034399,0.005576301588040011,9.750341649602074,0.0,0.0,9.80665,-0.007561453368054666,0.005637597151953899,0.006869568191022487,20.0,-3.0,42.0,300.75498044835734,-2.0,1.0
52.40671682276753,-1.521119890329156,80.0,0.0,4.0,300.75498044835734,9,152900.0,2026-01-01 00-00-00_000,-0.15565502741049783,0.08650028858002914,9.422546872244208,0.0,0.0,9.80665,-0.004423127192972935,-0.0003557696350170581,0.004245992062188241,20.0,-3.0,42.0,300.75498044835734,-2.0,1.0
52.40671682276753,-1.521119890329156,80.0,0.0,4.0,300.75498044835734,9,153000.0,2026-01-01 00-00-00_000,0.014867531804057484,0.27909453363410336,10.075537818596162,0.0,0.0,9.80665,-0.01317548498477197,-0.0270623790432596,0.005595425933090108,20.0,-3.0,42.0,300.75498044835734,-2.0,1.0
52.40671682276753,-1.521119890329156,80.0,0.0,4.0,300.75498044835734,9,153100.0,2026-01-01 00-00-00_000,0.3010583044620976,0.21124229630983932,9.915645597591771,0.0,0.0,9.80665,-0.0032200038742703388,0.0017694042335529674,0.0002059633148886967,20.0,-3.0,42.0,300.75498044835734,-2.0,1.0
52.40671682276753,-1.521119890329156,80.0,0.0,4.0,300.75498044835734,9,153200.0,2026-01-01 00-00-00_000,-0.3946807349335417,0.29449107515540995,9.429942953402007,0.0,0.0,9.80665,-0.0020240593809129916,0.008076184541347103,0.0004745822751162903,20.0,-3.0,42.0,300.75498044835734,-2.0,1.0
52.40671682276753,-1.521119890329156,80.0,0.0,4.0,300.75498044835734,9,153300.0,2026-01-01 00-00-00_000,0.3704360529688025,-0.03030914371894975,9.946938570653026,0.0,0.0,9.80665,0.008092423265796799,0.013149245527142195,-0.01047499829410295,20.0,-3.0,42.0,300.75498044835734,-2.0,1.0
52.40671682276753,-1.521119890329156,80.0,0.0,4.0,300.75498044835734,9,153400.0,2026-01-01 00-00-00_000,-0.19030795685186944,-0.18853845512024028,10.040085794121465,0.0,0.0,9.80665,-0.012850400465636617,0.003974716896695991,0.002607550879743358,20.0,-3.0,42.0,300.75498044835734,-2.0,1.0
52.40671682276753,-1.521119890329156,80.0,0.0,4.0,300.75498044835734,9,153500.0,2026-01-01 00-00-00_000,0.10506740712721666,-0.34051612835861844,9.577508428146876,0.0,0.0,9.80665,0.032073675018179135,-0.01679311514208225,0.011594331253175718,20.0,-3.0,42.0,300.75498044835734,-2.0,1.0
52.40671682276753,-1.521119890329156,80.0,0.0,4.0,300.75498044835734,9,153600.0,2026-01-01 00-00-00_000,0.3245107215053218,-0.40537648231420115,9.667491420320188,0.0,0.0,9.80665,-0.0014831757620774675,-0.002071399183856874,0.0010239676043046174,20.0,-3.0,42.0,300.75498044835734,-2.0,1.0
52.40671682276753,-1.521119890329156,80.0,0.0,4.0,300.75498044835734,9,153700.0,2026-01-01 00-00-00_000,-0.26731867392378117,-0.2710606504716137,10.177783021721213,0.0,0.0,9.80665,0.012315320521524382,0.00900165886566601,-0.0029453372791711993,20.0,-3.0,42.0,300.75498044835734,-2.0,1.0
52.40671682276753,-1.521119890329156,80.0,0.0,4.0,300.75498044835734,9,153800.0,2026-01-01 00-00-00_000,0.39847152548440634,-0.1150915276611968,9.782127477474141,0.0,0.0,9.80665,0.010130320779609223,-0.008138058406859472,0.01091441912098022,20.0,-3.0,42.0,300.75498044835734,-2.0,1.0
52.40671682276753,-1.521119890329156,80.0,0.0,4.0,300.75498044835734,9,153900.0,2026-01-01 00-00-00_000,-0.12287638755069605,0.13489871755378338,9.600493602283628,0.0,0.0,9.80665,-0.02546325509624,0.005632978348086294,0.0052808012380444035,20.0,-3.0,42.0,300.75498044835734,-2.0,1.0
52.40671682276753,-1.521119890329156,80.0,0.0,4.0,300.75498044835734,9,154000.0,2026-01-01 00-00-00_000,-0.030472637541037795,0.2836125442771498,10.184140374358517,0.0,0.0,9.80665,-0.002887250984321039,-0.004758836439708631,0.0051093597391358055,20.0,-3.0,42.0,300.75498044835734,-2.0,1.0
52.40671682276753,-1.521119890329156,80.0,0.0,4.0,300.75498044835734,9,154100.0,2026-01-01 00-00-00_000,0.2416115840716909,0.25061887108338227,10.042411985526009,0.0,0.0,9.80665,0.014467820380601905,0.0009266662754358008,0.007641804996036002,20.0,-3.0,42.0,300.75498044835734,-2.0,1.0
52.40671682276753,-1.521119890329156,80.0,0.0,4.0,300.75498044835734,9,154200.0,2026-01-01 00-00-00_000,-0.27584002661134943,0.16768038707418909,9.49718236425178,0.0,0.0,9.80665,-0.02450909517790437,0.007554933892041474,0.009386840291685189,20.0,-3.0,42.0,300.75498044835734,-2.0,1.0
52.40671682276753,-1.521119890329156,80.0,0.0,4.0,300.75498044835734,9,154300.0,2026-01-01 00-00-00_000,0.3450994417226424,-0.0421922622165193,9.894464836319425,0.0,0.0,9.80665,0.0074223230813637246,-0.007053011469774526,0.0036913516623041636,20.0,-3.0,42.0,300.75498044835734,-2.0,1.0
52.40671682276753,-1.521119890329156,80.0,0.0,4.0,300.75498044835734,9,154400.0,2026-01-01 00-00-00_000,-0.19364768984802153,-0.2545035981334979,10.123710675135317,0.0,0.0,9.80665,-0.00942267455678685,0.028538487723621008,-0.002368383831186872,20.0,-3.0,42.0,300.75498044835734,-2.0,1.0
52.40671682276753,-1.521119890329156,80.0,0.0,4.0,300.75498044835734,9,154500.0,2026-01-01 00-00-00_000,-0.0037273146191183007,-0.3571217112442986,9.548878160412439,0.0,0.0,9.80665,-0.004931033910965188,0.0015186093726621364,0.01738022934465644,20.0,-3.0,42.0,300.75498044835734,-2.0,1.0
52.40671682276753,-1.521119890329156,80.0,0.0,4.0,300.75498044835734,9,154600.0,2026-01-01 00-00-00_000,0.300117594695824,-0.41836524792497415,9.609240760621148,0.0,0.0,9.80665,0.0019731001908885972,0.0034231095282694687,0.004454803117425573,20.0,-3.0,42.0,300.75498044835734,-2.0,1.0
52.40671682276753,-1.521119890329156,80.0,0.0,4.0,300.75498044835734,9,154700.0,2026-01-01 00-00-00_000,-0.36925444921111505,-0.3046189689654675,10.2671518254831,0.0,0.0,9.80665,-0.018926956378970176,-0.007384019495767994,-0.0019060634359947294,20.0,-3.0,42.0,300.75498044835734,-2.0,1.0
52.40671682276753,-1.521119890329156,80.0,0.0,4.0,300.75498044835734,9,154800.0,2026-01-01 00-00-00_000,0.43891473599222425,-0.12187666365774127,9.79366682379247,0.0,0.0,9.80665,0.0016871893696686854,0.0006239639613737024,0.0054409967706535054,20.0,-3.0,42.0,300.75498044835734,-2.0,1.0
52.40671682276753,-1.521119890329156,80.0,0.0,4.0,300.75498044835734,9,154900.0,2026-01-01 00-00-00_000,-0.2276600285451172,0.1855320233827518,9.487321221675671,0.0,0.0,9.80665,-0.006731759656521748,-0.0026696647734336964,0.013165645504009121,20.0,-3.0,42.0,300.75498044835734,-2.0,1.0
52.40671682276753,-1.521119890329156,80.0,0.0,4.0,300.75498044835734,9,155000.0,2026-01-01 00-00-00_000,0.08517378680427645,0.32659351787029856,10.084628893284277,0.0,0.0,9.80665,-0.007764322672419585,-0.0145481867873376,-0.006837045276909766,20.0,-3.0,42.0,300.75498044835734,-2.0,1.0
52.40671682276753,-1.521119890329156,80.0,0.0,4.0,300.75498044835734,9,155100.0,2026-01-01 00-00-00_000,0.2792339280086375,0.27735177601350897,9.968888496253962,0.0,0.0,9.80665,0.0067433944675548,-0.015271287504097744,0.014065473935949148,20.0,-3.0,42.0,300.75498044835734,-2.0,1.0
52.40671682276753,-1.521119890329156,80.0,0.0,4.0,300.75498044835734,9,155200.0,2026-01-01 00-00-00_000,-0.24879167960122722,0.43300328153571266,9.493679354791265,0.0,0.0,9.80665,0.03480292576870747,0.0028649550660101086,0.002982408684164067,20.0,-3.0,42.0,300.75498044835734,-2.0,1.0
52.40671682276753,-1.521119890329156,80.0,0.0,4.0,300.75498044835734,9,155300.0,2026-01-01 00-00-00_000,0.4008247153858212,-0.02573589034488301,9.95526406945645,0.0,0.0,9.80665,0.0031573742233717505,-0.0008735764625395818,0.019316113767641814,20.0,-3.0,42.0,300.75498044835734,-2.0,1.0
52.40671682276753,-1.521119890329156,80.0,0.0,4.0,300.75498044835734,9,155400.0,2026-01-01 00-00-00_000,-0.2525373174708531,-0.23967238820155823,10.160057619065842,0.0,0.0,9.80665,0.005259331659688127,-0.02624851911103287,0.00913365855649614,20.0,-3.0,42.0,300.75498044835734,-2.0,1.0
52.40671682276753,-1.521119890329156,80.0,0.0,4.0,300.75498044835734,9,155500.0,2026-01-01 00-00-00_000,-0.013762829507790557,-0.28282524060840436,9.604907752095311,0.0,0.0,9.80665,-0.0007828910741780326,-0.021408005451846415,0.003215816968848,20.0,-3.0,42.0,300.75498044835734,-2.0,1.0
52.40671682276753,-1.521119890329156,80.0,0.0,4.0,300.75498044835734,9,155600.0,2026-01-01 00-00-00_000,0.23434704500653275,-0.42335710604499627,9.609912950371815,0.0,0.0,9.80665,-0.007508789485033898,-0.0030792041001463932,0.013632144923414016,20.0,-3.0,42.0,300.75498044835734,-2.0,1.0
52.40671682276753,-1.521119890329156,80.0,0.0,4.0,300.75498044835734,9,155700.0,2026-01-01 00-00-00_000,-0.37330123731578374,-0.27003649472977265,10.2214939063238,0.0,0.0,9.80665,0.002307657958478267,-0.0006852744479309539,0.013773508479938844,20.0,-3.0,42.0,300.75498044835734,-2.0,1.0
52.40671682276753,-1.521119890329156,80.0,0.0,4.0,300.75498044835734,9,155800.0,2026-01-01 00-00-00_000,0.41406468225408904,-0.07634652742120908,9.718402731664108,0.0,0.0,9.80665,0.01490348451790631,0.006070692893116433,0.0013426426762628537,20.0,-3.0,42.0,300.75498044835734,-2.0,1.0
52.40671682276753,-1.521119890329156,80.0,0.0,4.0,300.75498044835734,9,155900.0,2026-01-01 00-00-00_000,-0.15139363552534207,0.06096050875776013,9.506983289791185,0.0,0.0,9.80665,0.0016122037290460035,-0.012374500194667655,0.005813523055170147,20.0,-3.0,42.0,300.75498044835734,-2.0,1.0
52.40671682276753,-1.521119890329156,80.0,0.0,4.0,300.75498044835734,9,156000.0,2026-01-01 00-00-00_000,0.12063016186872612,0.3617999599485424,10.075334123413004,0.0,0.0,9.80665,0.008624455060180076,0.00591367581463393,8.037191061701678e-05,20.0,-3.0,42.0,300.75498044835734,-2.0,1.0
52.40671682276753,-1.521119890329156,80.0,0.0,4.0,300.75498044835734,9,156100.0,2026-01-01 00-00-00_000,0.24609010751358584,0.4000210767426893,10.062322200799041,0.0,0.0,9.80665,-0.0025530513798243983,-0.003073073372295825,0.011053796834698478,20.0,-3.0,42.0,300.75498044835734,-2.0,1.0
52.40671682276753,-1.521119890329156,80.0,0.0,4.0,300.75498044835734,9,156200.0,2026-01-01 00-00-00_000,-0.3781318239048172,0.20622488933589694,9.470224641515593,0.0,0.0,9.80665,0.02491665951877887,-0.005068791481306843,-0.0067315038422826184,20.0,-3.0,42.0,300.75498044835734,-2.0,1.0
52.40671682276753,-1.521119890329156,80.0,0.0,4.0,300.75498044835734,9,156300.0,2026-01-01 00-00-00_000,0.45759926652229765,-0.016976133682363705,9.93443113331546,0.0,0.0,9.80665,-0.0167745436704631,-0.0014153823911714418,0.0026790076732236085,20.0,-3.0,42.0,300.75498044835734,-2.0,1.0
52.40671682276753,-1.521119890329156,80.0,0.0,4.0,300.75498044835734,9,156400.0,2026-01-01 00-00-00_000,-0.1845193311915228,-0.08016200849159473,10.163722435128676,0.0,0.0,9.80665,0.0055613827168949125,0.009850272466342127,-0.012266052006843144,20.0,-3.0,42.0,300.75498044835734,-2.0,1.0
52.40671682276753,-1.521119890329156,80.0,0.0,4.0,300.75498044835734,9,156500.0,2026-01-01 00-00-00_000,0.039960449844081425,-0.37683283415642815,9.603133325053829,0.0,0.0,9.80665,0.005124554554580099,0.005572786005619295,0.008540424730879133,20.0,-3.0,42.0,300.75498044835734,-2.0,1.0
52.40671682276753,-1.521119890329156,80.0,0.0,4.0,300.75498044835734,9,156600.0,2026-01-01 00-00-00_000,0.2969777691687038,-0.44981793062580894,9.68699214885132,0.0,0.0,9.80665,0.0023664862598734675,0.008889699758275875,-0.01300446282377564,20.0,-3.0,42.0,300.75498044835734,-2.0,1.0
52.40671682276753,-1.521119890329156,80.0,0.0,4.0,300.75498044835734,9,156700.0,2026-01-01 00-00-00_000,-0.3702217245256435,-0.3301303471208651,10.125280799645243,0.0,0.0,9.80665,-0.011464325141802685,-0.006874879179900336,-0.004056863883473129,20.0,-3.0,42.0,300.75498044835734,-2.0,1.0
52.40671682276753,-1.521119890329156,80.0,0.0,4.0,300.75498044835734,9,156800.0,2026-01-01 00-00-00_000,0.32993588124482154,-0.12410132149149197,9.697355778860434,0.0,0.0,9.80665,-0.011683615992706899,-0.0028388916866938824,0.006052436123808734,20.0,-3.0,42.0,300.75498044835734,-2.0,1.0
52.40671682276753,-1.521119890329156,80.0,0.0,4.0,300.75498044835734,9,156900.0,2026-01-01 00-00-00_000,-0.14290912834648775,0.17484934506854383,9.494633007720305,0.0,0.0,9.80665,-0.0026596103701044638,-0.011623686743143928,0.0013369892381328153,20.0,-3.0,42.0,300.75498044835734,-2.0,1.0
52.40671682276753,-1.521119890329156,80.0,0.0,4.0,300.75498044835734,9,157000.0,2026-01-01 00-00-00_000,-0.009435233925990126,0.3358703710182667,9.997016825260175,0.0,0.0,9.80665,0.0006823809293572911,-0.0055336898325409,0.000637562040520772,20.0,-3.0,42.0,300.75498044835734,-2.0,1.0
52.40671682276753,-1.521119890329156,80.0,0.0,4.0,300.75498044835734,9,157100.0,2026-01-01 00-00-00_000,0.16594824876664077,0.36747327833994203,10.00563677059647,0.0,0.0,9.80665,-0.012443497309944561,-0.003964200107007813,-0.003353831817874525,20.0,-3.0,42.0,300.75498044835734,-2.0,1.0
52.40671682276753,-1.521119890329156,80.0,0.0,4.0,300.75498044835734,9,157200.0,2026-01-01 00-00-00_000,-0.25406597347831067,0.2168483307804071,9.395198563367755,0.0,0.0,9.80665,-0.010978142559865624,-0.004656090941770315,0.0004586536187003074,20.0,-3.0,42.0,300.75498044835734,-2.0,1.0
52.40671682276753,-1.521119890329156,80.0,0.0,4.0,300.75498044835734,9,157300.0,2026-01-01 00-00-00_000,0.3709364854119446,0.05359347176075069,9.86376016139125,0.0,0.0,9.80665,0.005281882888950788,0.007130165803281086,-0.009360098748343449,20.0,-3.0,42.0,300.75498044835734,-2.0,1.0
52.40671682276753,-1.521119890329156,80.0,0.0,4.0,300.75498044835734,9,157400.0,2026-01-01 00-00-00_000,-0.20465342027818842,-0.26936574124778834,10.083749723548618,0.0,0.0,9.80665,0.009998009896062482,0.0042515576728599895,0.0064938086511240264,20.0,-3.0,42.0,300.75498044835734,-2.0,1.0
52.40671682276753,-1.521119890329156,80.0,0.0,4.0,300.75498044835734,9,157500.0,2026-01-01 00-00-00_000,0.0890962047041101,-0.3371597027992463,9.491857644787771,0.0,0.0,9.80665,-0.005939879486081788,0.007591629757032255,0.010181498426585025,20.0,-3.0,42.0,300.75498044835734,-2.0,1.0
52.40671682276753,-1.521119890329156,80.0,0.0,4.0,300.75498044835734,9,157600.0,2026-01-01 00-00-00_000,0.20867872082626665,-0.4236610195511929,9.703644393137958,0.0,0.0,9.80665,-0.007316186068744826,0.0012821549362818968,0.009854450855506243,20.0,-3.0,42.0,300.75498044835734,-2.0,1.0
52.40671682276753,-1.521119890329156,80.0,0.0,4.0,300.75498044835734,9,157700.0,2026-01-01 00-00-00_000,-0.3616601989921658,-0.3006267605092556,10.08258940344464,0.0,0.0,9.80665,-0.007605393350595743,0.010725604783332527,0.0037498060519682427,20.0,-3.0,42.0,300.75498044835734,-2.0,1.0
52.40671682276753,-1.521119890329156,80.0,0.0,4.0,300.75498044835734,9,157800.0,2026-01-01 00-00-00_000,0.3333870553869074,-0.068476380289266,9.791663500140924,0.0,0.0,9.80665,0.02444720730223577,0.0011370553822566865,0.013364574170037303,20.0,-3.0,42.0,300.75498044835734,-2.0,1.0
52.40671682276753,-1.521119890329156,80.0,0.0,4.0,300.75498044835734,9,157900.0,2026-01-01 00-00-00_000,-0.22745604047060752,0.09602584695005198,9.546710403360015,0.0,0.0,9.80665,0.0045571232431688286,0.00965552524054548,0.007566083742108793,20.0,-3.0,42.0,300.75498044835734,-2.0,1.0
52.40671682276753,-1.521119890329156,80.0,0.0,4.0,300.75498044835734,9,158000.0,2026-01-01 00-00-00_000,0.027177278747816367,0.2683281300808296,10.124716149879808,0.0,0.0,9.80665,-0.0010011177501935886,0.005029635691645361,0.011341683485573115,20.0,-3.0,42.0,300.75498044835734,-2.0,1.0
52.40671682276753,-1.521119890329156,80.0,0.0,4.0,300.75498044835734,9,158100.0,2026-01-01 00-00-00_000,0.2727765122196672,0.38680714062187355,10.01259878079745,0.0,0.0,9.80665,0.009718152565997656,0.007351879797300192,0.007032035528335612,20.0,-3.0,42.0,300.75498044835734,-2.0,1.0
52.40671682276753,-1.521119890329156,80.0,0.0,4.0,300.75498044835734,9,158200.0,2026-01-01 00-00-00_000,-0.331874415264889,0.2217496963357682,9.455559616615155,0.0,0.0,9.80665,0.02261247889550867,-0.0006696980500851155,0.0042886310503288646,20.0,-3.0,42.0,300.75498044835734,-2.0,1.0
52.40671682276753,-1.521119890329156,80.0,0.0,4.0,300.75498044835734,9,158300.0,2026-01-01 00-00-00_000,0.32846820707122415,-0.02369586526025777,9.951095721618184,0.0,0.0,9.80665,0.011362082443500702,-0.012386758811063856,-0.0017613382626043787,20.0,-3.0,42.0,300.75498044835734,-2.0,1.0
52.40671682276753,-1.521119890329156,80.0,0.0,4.0,300.75498044835734,9,158400.0,2026-01-01 00-00-00_000,-0.24902068695264168,-0.14933448294963947,10.15658338748614,0.0,0.0,9.80665,-0.014634126847018045,-0.014447703256257665,-0.016046299836951935,20.0,-3.0,42.0,300.75498044835734,-2.0,1.0
52.40671682276753,-1.521119890329156,80.0,0.0,4.0,300.75498044835734,9,158500.0,2026-01-01 00-00-00_000,0.0398657553737837,-0.33287716223755104,9.574175807579092,0.0,0.0,9.80665,-0.0012116360682226251,0.01957381624834179,0.008947940236394596,20.0,-3.0,42.0,300.75498044835734,-2.0,1.0
52.40671682276753,-1.521119890329156,80.0,0.0,4.0,300.75498044835734,9,158600.0,2026-01-01 00-00-00_000,0.3236952111997366,-0.41543076944267304,9.664762513922954,0.0,0.0,9.80665,-0.004403819276992316,0.0038783990439619433,0.0031576023190431225,20.0,-3.0,42.0,300.75498044835734,-2.0,1.0
52.40671682276753,-1.521119890329156,80.0,0.0,4.0,300.75498044835734,9,158700.0,2026-01-01 00-00-00_000,-0.31522174664006053,-0.1975785749806978,10.23786770367338,0.0,0.0,9.80665,-0.0037935246884133107,0.004434568981542767,0.01918712722483351,20.0,-3.0,42.0,300.75498044835734,-2.0,1.0
52.40671682276753,-1.521119890329156,80.0,0.0,4.0,300.75498044835734,9,158800.0,2026-01-01 00-00-00_000,0.3502648156157008,-0.1062020839337066,9.71130798227239,0.0,0.0,9.80665,-0.012544166762068924,-0.001668994586207776,-0.011083322896304445,20.0,-3.0,42.0,300.75498044835734,-2.0,1.0
52.40671682276753,-1.521119890329156,80.0,0.0,4.0,300.75498044835734,9,158900.0,2026-01-01 00-00-00_000,-0.1685570949732764,0.14576338388968663,9.621868472994768,0.0,0.0,9.80665,-0.004288522808048383,-0.004585365647519323,0.010451663990420981,20.0,-3.0,42.0,300.75498044835734,-2.0,1.0
52.40671682276753,-1.521119890329156,80.0,0.0,4.0,300.75498044835734,9,159000.0,2026-01-01 00-00-00_000,-0.044638314193116944,0.34729499557017635,10.120749406660513,0.0,0.0,9.80665,-0.011224033211129731,0.028717738473871202,-0.003199670503076754,20.0,-3.0,42.0,300.75498044835734,-2.0,1.0
52.40671682276753,-1.521119890329156,80.0,0.0,4.0,300.75498044835734,9,159100.0,2026-01-01 00-00-00_000,0.2279099059263213,0.3236764240001235,9.94806889700842,0.0,0.0,9.80665,0.003021856230082393,-0.011199068116306,0.004008581185771767,20.0,-3.0,42.0,300.75498044835734,-2.0,1.0
52.40671682276753,-1.521119890329156,80.0,0.0,4.0,300.75498044835734,9,159200.0,2026-01-01 00-00-00_000,-0.3002255220789743,0.2784496078268672,9.382643804645895,0.0,0.0,9.80665,7.311476505122225e-05,-0.0006273553067599061,-0.0027128166300937877,20.0,-3.0,42.0,300.75498044835734,-2.0,1.0
52.40671682276753,-1.521119890329156,80.0,0.0,4.0,300.75498044835734,9,159300.0,2026-01-01 00-00-00_000,0.4626661110111631,0.006685708935791821,9.977921539989982,0.0,0.0,9.80665,-0.014539741971828684,-0.0005134028569504925,0.006696494311008376,20.0,-3.0,42.0,300.75498044835734,-2.0,1.0
52.40671682276753,-1.521119890329156,80.0,0.0,4.0,300.75498044835734,9,159400.0,2026-01-01 00-00-00_000,-0.14840975143059684,-0.1371466908960211,10.170920491873824,0.0,0.0,9.80665,-0.017478443249312105,-0.011309886476048301,0.0038057013200405413,20.0,-3.0,42.0,300.75498044835734,-2.0,1.0
52.40671682276753,-1.521119890329156,80.0,0.0,4.0,300.75498044835734,9,159500.0,2026-01-01 00-00-00_000,0.10156230560407539,-0.35676838089925456,9.508881732114965,0.0,0.0,9.80665,-0.005188002503510333,-0.012717348925611343,0.010720550216567384,20.0,-3.0,42.0,300.75498044835734,-2.0,1.0
52.40671682276753,-1.521119890329156,80.0,0.0,4.0,300.75498044835734,9,159600.0,2026-01-01 00-00-00_000,0.29704489127109934,-0.3593625193875563,9.781801342486808,0.0,0.0,9.80665,0.006135746843936571,-0.007031649342822481,0.005153991234239007,20.0,-3.0,42.0,300.75498044835734,-2.0,1.0
52.40671682276753,-1.521119890329156,80.0,0.0,4.0,300.75498044835734,9,159700.0,2026-01-01 00-00-00_000,-0.4030042967177153,-0.30159114435043943,10.243996034871909,0.0,0.0,9.80665,0.004567671391726225,-0.0034379319987788088,0.007682465678543736,20.0,-3.0,42.0,300.75498044835734,-2.0,1.0
52.40671682276753,-1.521119890329156,80.0,0.0,4.0,300.75498044835734,9,159800.0,2026-01-01 00-00-00_000,0.3341753644346907,-0.10051004082663141,9.853237699234601,0.0,0.0,9.80665,-0.0010537522560535226,-0.004856193869783454,0.013762820495971021,20.0,-3.0,42.0,300.75498044835734,-2.0,1.0
52.40671682276753,-1.521119890329156,80.0,0.0,4.0,300.75498044835734,9,159900.0,2026-01-01 00-00-00_000,-0.09785398572047853,0.09131951546377978,9.578690197094934,0.0,0.0,9.80665,-0.03349525000166412,0.008132338533132144,0.007987777732420504,20.0,-3.0,42.0,300.75498044835734,-2.0,1.0
52.40671682276753,-1.521119890329156,80.0,0.0,4.0,300.75498044835734,9,160000.0,2026-01-01 00-00-00_000,0.106687631954428,0.3350538969741312,10.118352745784803,0.0,0.0,9.80665,-0.005347869324012156,-0.011786791533448639,0.0030208480759386933,20.0,-3.0,42.0,300.75498044835734,-2.0,1.0
52.40671682276753,-1.521119890329156,80.0,0.0,4.0,300.75498044835734,9,160100.0,2026-01-01 00-00-00_000,0.27548525758817843,0.2880144397136584,9.947473209118362,0.0,0.0,9.80665,-0.007811049667293865,0.004047169801821661,0.013482870107371266,20.0,-3.0,42.0,300.75498044835734,-2.0,1.0
52.40671682276753,-1.521119890329156,80.0,0.0,4.0,300.75498044835734,9,160200.0,2026-01-01 00-00-00_000,-0.26560117907095016,0.23542284917862927,9.551885402337058,0.0,0.0,9.80665,-0.00375376982172239,0.0146861010627625,0.0031816285792122434,20.0,-3.0,42.0,300.75498044835734,-2.0,1.0
52.40671682276753,-1.521119890329156,80.0,0.0,4.0,300.75498044835734,9,160300.0,2026-01-01 00-00-00_000,0.38050420333526414,-0.09440254404776968,9.886243159987709,0.0,0.0,9.80665,-0.012622253805141594,0.008929600465144226,0.007152062892100561,20.0,-3.0,42.0,300.75498044835734,-2.0,1.0
52.40671682276753,-1.521119890329156,80.0,0.0,4.0,300.75498044835734,9,160400.0,2026-01-01 00-00-00_000,-0.1547500507471244,-0.17942076309467267,10.146347063345852,0.0,0.0,9.80665,-0.0047341736129872585,-0.011392117580767611,0.0015977734822634972,20.0,-3.0,42.0,300.75498044835734,-2.0,1.0
52.40671682276753,-1.521119890329156,80.0,0.0,4.0,300.75498044835734,9,160500.0,2026-01-01 00-00-00_000,0.006348457649275448,-0.28432237880235395,9.51772612072422,0.0,0.0,9.80665,-0.007062228560015639,-0.02953347922648419,-0.0010041948706114908,20.0,-3.0,42.0,300.75498044835734,-2.0,1.0
52.40671682276753,-1.521119890329156,80.0,0.0,4.0,300.75498044835734,9,160600.0,2026-01-01 00-00-00_000,0.2993435341947867,-0.4089848487895168,9.61701331179272,0.0,0.0,9.80665,0.026815239418282257,0.008453297358344422,-0.018817480198589528,20.0,-3.0,42.0,300.75498044835734,-2.0,1.0
52.40671682276753,-1.521119890329156,80.0,0.0,4.0,300.75498044835734,9,160700.0,2026-01-01 00-00-00_000,-0.23135166804344443,-0.41692846341467127,10.148552406326857,0.0,0.0,9.80665,0.006656853154321596,0.0049673009847582515,0.009339803905261372,20.0,-3.0,42.0,300.75498044835734,-2.0,1.0
52.40671682276753,-1.521119890329156,80.0,0.0,4.0,300.75498044835734,9,160800.0,2026-01-01 00-00-00_000,0.41907915110106453,-0.1065305891819057,9.785084365661431,0.0,0.0,9.80665,-0.0023351340239983,-0.005856582509662089,-0.004735319043036777,20.0,-3.0,42.0,300.75498044835734,-2.0,1.0
52.40671682276753,-1.521119890329156,80.0,0.0,4.0,300.75498044835734,9,160900.0,2026-01-01 00-00-00_000,-0.17342670948986527,0.1131721576124559,9.615798152154557,0.0,0.0,9.80665,-0.0008812784364190931,0.012806681526400703,0.00964325344683575,20.0,-3.0,42.0,300.75498044835734,-2.0,1.0
52.40671682276753,-1.521119890329156,80.0,0.0,4.0,300.75498044835734,9,161000.0,2026-01-01 00-00-00_000,0.03677766656416924,0.2886375060727545,10.045514984881805,0.0,0.0,9.80665,-0.0015912601067363406,-0.004045388340828268,0.017787443498269592,20.0,-3.0,42.0,300.75498044835734,-2.0,1.0
52.40671682276753,-1.521119890329156,80.0,0.0,4.0,300.75498044835734,9,161100.0,2026-01-01 00-00-00_000,0.22657325035068085,0.36454037954085633,10.00201737884251,0.0,0.0,9.80665,0.0014879279144297082,0.001079500610824064,-0.0059843090132804515,20.0,-3.0,42.0,300.75498044835734,-2.0,1.0
52.40671682276753,-1.521119890329156,80.0,0.0,4.0,300.75498044835734,9,161200.0,2026-01-01 00-00-00_000,-0.3017701931574766,0.19379622948144454,9.494031644732209,0.0,0.0,9.80665,-0.004461911395291876,-0.010381447327050417,0.01073558772285158,20.0,-3.0,42.0,300.75498044835734,-2.0,1.0
52.40671682276753,-1.521119890329156,80.0,0.0,4.0,300.75498044835734,9,161300.0,2026-01-01 00-00-00_000,0.3124752259344106,0.009248072045404381,9.890854825293006,0.0,0.0,9.80665,-0.000577836274295121,0.003190888031551029,0.003315213118290583,20.0,-3.0,42.0,300.75498044835734,-2.0,1.0
52.40671682276753,-1.521119890329156,80.0,0.0,4.0,300.75498044835734,9,161400.0,2026-01-01 00-00-00_000,-0.21046495701360618,-0.19041482520229194,10.110087891518907,0.0,0.0,9.80665,0.009892451092162144,-0.004302650428949685,0.00751286669587603,20.0,-3.0,42.0,300.75498044835734,-2.0,1.0
52.40671682276753,-1.521119890329156,80.0,0.0,4.0,300.75498044835734,9,161500.0,2026-01-01 00-00-00_000,8.35790945386763,-0.2684686684960842,9.588648581051615,0.0,0.0,9.80665,0.00793586223920159,-0.005034996119967895,-0.0050456871320963895,20.0,-3.0,42.0,300.75498044835734,-2.0,1.0
52.40671682276753,-1.521119890329156,80.0,0.0,4.0,300.75498044835734,9,161600.0,2026-01-01 00-00-00_000,17.024346912434744,-0.5684940044563783,9.725862661950563,0.0,0.0,9.80665,0.002697063070966735,0.010798566102947715,0.11032716225135664,20.0,-3.0,42.0,300.14740355880775,-2.0,1.0
52.40671682276753,-1.521119890329156,80.0,0.0,4.0,300.75498044835734,9,161700.0,2026-01-01 00-00-00_000,16.437597550026034,-0.5741956874285468,10.310324500998792,0.0,0.0,9.80665,0.012956277319396537,0.0021443442607091256,0.1083220663459786,20.0,-3.0,42.0,299.55682802909644,-2.0,1.0
52.40671682276753,-1.521119890329156,80.0,0.0,4.0,300.75498044835734,9,161800.0,2026-01-01 00-00-00_000,17.086797044217494,-0.5764701252445884,9.745678058508908,0.0,0.0,9.80665,0.0018484602737633888,-0.014955053873445064,0.1150392568915069,20.0,-3.0,42.0,298.9833309327239,-2.0,1.0
52.40671682276753,-1.521119890329156,80.0,0.0,4.0,300.75498044835734,9,161900.0,2026-01-01 00-00-00_000,16.356505747717705,-0.5818797619895961,9.509339322999276,0.0,0.0,9.80665,-0.010245136336879549,0.006915219243760453,0.11747829948817733,20.0,-3.0,42.0,298.4269871143565,-2.0,1.0
52.406727602106216,-1.521152266493549,80.0,30.059999952930866,4.0,297.8878691800595,9,162000.0,2026-01-01 00-00-00_000,16.780230099446417,-0.5171617858315845,10.157266641264123,0.0,0.0,9.80665,-0.01792749217325321,0.008365860748990758,0.10055152985819801,20.0,-3.0,42.0,297.8878691800595,-2.0,1.0
52.406727602106216,-1.521152266493549,80.0,30.059999952930866,4.0,297.8878691800595,9,162100.0,2026-01-01 00-00-00_000,17.028989422501386,-0.6003818545859869,10.045829585122101,0.0,0.0,9.80665,-0.007378105739557688,-0.008321829329510082,0.09236390569018983,20.0,-3.0,42.0,297.3660474878214,-2.0,1.0
52.406727602106216,-1.521152266493549,80.0,30.059999952930866,4.0,297.8878691800595,9,162200.0,2026-01-01 00-00-00_000,16.48654845080812,-0.7763666185867073,9.411449596275292,0.0,0.0,9.80665,-0.0010314332733701906,-0.00392977151472993,0.10899580497737074,20.0,-3.0,42.0,296.8615901383714,-2.0,1.0
52.406727602106216,-1.521152266493549,80.0,30.059999952930866,4.0,297.8878691800595,9,162300.0,2026-01-01 00-00-00_000,17.171955277247374,-1.1166464329869628,9.885436421012068,0.0,0.0,9.80665,0.003592149385466786,0.0005381450762122609,0.08826536449245048,20.0,-3.0,42.0,296.37456296629244,-2.0,1.0
52.406727602106216,-1.521152266493549,80.0,30.059999952930866,4.0,297.8878691800595,9,162400.0,2026-01-01 00-00-00_000,16.538515511024134,-1.4558039489746382,10.197944398905193,0.0,0.0,9.80665,0.010402491889863369,-0.002493794486039263,0.08559390553644468,20.0,-3.0,42.0,295.90502953142914,-2.0,1.0
52.406727602106216,-1.521152266493549,80.0,30.059999952930866,4.0,297.8878691800595,9,162500.0,2026-01-01 00-00-00_000,8.437786190813853,-1.6142265927172685,9.581435305867211,0.0,0.0,9.80665,-0.006159667227269806,0.0012388986724195998,0.08373284691281141,20.0,-3.0,42.0,295.4530511105927,-2.0,1.0
52.406727602106216,-1.521152266493549,80.0,30.059999952930866,4.0,297.8878691800595,9,162600.0,2026-01-01 00-00-00_000,0.2254243754111249,-1.667219824043389,9.722131193840164,0.0,0.0,9.80665,-0.008480101409430193,0.0064992495057700885,0.08343071960050946,20.0,-3.0,42.0,295.01868668956433,-2.0,1.0
52.406727602106216,-1.521152266493549,80.0,30.059999952930866,4.0,297.8878691800595,9,162700.0,2026-01-01 00-00-00_000,-0.3210975160139192,-1.3584614799898298,10.180414408333599,0.0,0.0,9.80665,0.0073330496779001955,-0.004917743471559619,0.08220905030470842,20.0,-3.0,42.0,294.60199295539695,-2.0,1.0
52.406727602106216,-1.521152266493549,80.0,30.059999952930866,4.0,297.8878691800595,9,162800.0,2026-01-01 00-00-00_000,0.3694309745219894,-1.1927966932080816,9.78619869758903,0.0,0.0,9.80665,0.01140633210605053,0.020807880621148706,0.06933816067908911,20.0,-3.0,42.0,294.20302428901726,-2.0,1.0
52.406727602106216,-1.521152266493549,80.0,30.059999952930866,4.0,297.8878691800595,9,162900.0,2026-01-01 00-00-00_000,-0.16855394207943056,-0.9854713843967177,9.530202282362369,0.0,0.0,9.80665,-0.005192116483305771,-0.007118751325502052,0.06977579752050164,20.0,-3.0,42.0,293.8218327581289,-2.0,1.0
52.40678493352644,-1.5213525910153576,80.0,60.119999914244275,4.0,293.458468110417,9,163000.0,2026-01-01 00-00-00_000,0.09077664562703064,-0.7232222340298854,10.085799506988621,0.0,0.0,9.80665,0.002983504058886907,-0.005389227988909338,0.08181077413058123,20.0,-3.0,42.0,293.458468110417,-2.0,1.0
52.40678493352644,-1.5213525910153576,80.0,60.119999914244275,4.0,293.458468110417,9,163100.0,2026-01-01 00-00-00_000,0.286753323028839,-0.631606785748348,10.013186299653368,0.0,0.0,9.80665,0.013394233078219275,0.019688474031948157,0.07658149286667507,20.0,-3.0,42.0,293.1129777670562,-2.0,1.0
52.40678493352644,-1.5213525910153576,80.0,60.119999914244275,4.0,293.458468110417,9,163200.0,2026-01-01 00-00-00_000,-0.4550672576032252,-0.769361208249191,9.421977207349254,0.0,0.0,9.80665,0.0028153423128108326,0.02384579840118989,0.06465323064447415,20.0,-3.0,42.0,292.78540681652146,-2.0,1.0
52.40678493352644,-1.5213525910153576,80.0,60.119999914244275,4.0,293.458468110417,9,163300.0,2026-01-01 00-00-00_000,0.3872341756393016,-0.8660945026871222,9.95055990934628,0.0,0.0,9.80665,-0.0009504616654346404,0.00037603225534631277,0.060214241328467345,20.0,-3.0,42.0,292.47579800870426,-2.0,1.0
52.40678493352644,-1.5213525910153576,80.0,60.119999914244275,4.0,293.458468110417,9,163400.0,2026-01-01 00-00-00_000,-0.13627339274129055,-1.0533920744418768,10.145579988183588,0.0,0.0,9.80665,-0.02124836247243668,-0.0018724225124779174,0.0532399365790729,20.0,-3.0,42.0,292.184191749333,-2.0,1.0
52.40678493352644,-1.5213525910153576,80.0,60.119999914244275,4.0,293.458468110417,9,163500.0,2026-01-01 00-00-00_000,0.13695600032108957,-1.1857409145394602,9.567641834072436,0.0,0.0,9.80665,0.012894029770356486,-0.010729118820084028,0.059649123132961765,20.0,-3.0,42.0,291.9106260947004,-2.0,1.0
52.40678493352644,-1.5213525910153576,80.0,60.119999914244275,4.0,293.458468110417,9,163600.0,2026-01-01 00-00-00_000,0.34343261875679515,-1.1205748273311713,9.57618642070605,0.0,0.0,9.80665,0.0060574976504885625,0.011428063668255746,0.04477184691715868,20.0,-3.0,42.0,291.6551367466962,-2.0,1.0
52.40678493352644,-1.5213525910153576,80.0,60.119999914244275,4.0,293.458468110417,9,163700.0,2026-01-01 00-00-00_000,-0.2820040549220247,-1.0011812987526105,10.186874460042974,0.0,0.0,9.80665,0.0008604949287321379,0.0017315534045004534,0.04647969751424999,20.0,-3.0,42.0,291.4177570481485,-2.0,1.0
52.40678493352644,-1.5213525910153576,80.0,60.119999914244275,4.0,293.458468110417,9,163800.0,2026-01-01 00-00-00_000,0.4513011218041085,-0.7029072910387844,9.735609735244614,0.0,0.0,9.80665,-0.005064412346827157,-0.008461899797886809,0.03889933877374964,20.0,-3.0,42.0,291.1985179784719,-2.0,1.0
52.40678493352644,-1.5213525910153576,80.0,60.119999914244275,4.0,293.458468110417,9,163900.0,2026-01-01 00-00-00_000,-0.12255718055096274,-0.42719456570450975,9.514134176464536,0.0,0.0,9.80665,-0.012900416817404198,0.004059240487354276,0.03445729361452697,20.0,-3.0,42.0,290.997448149625,-2.0,1.0
52.40684077527758,-1.521580809446223,80.0,60.11999992432084,4.0,290.8145738023757,9,164000.0,2026-01-01 00-00-00_000,0.06405040096410027,-0.22262714443107154,10.083906417168073,0.0,0.0,9.80665,-0.0014004513214387613,0.013704892767090257,0.036324950779229356,20.0,-3.0,42.0,290.8145738023757,-2.0,1.0
52.40684077527758,-1.521580809446223,80.0,60.11999992432084,4.0,290.8145738023757,9,164100.0,2026-01-01 00-00-00_000,0.24220265995161488,-0.14546555898430022,9.927225577364284,0.0,0.0,9.80665,-0.00147186048176328,0.006857505873644508,0.0328884962819157,20.0,-3.0,42.0,290.64991880287727,-2.0,1.0
52.40684077527758,-1.521580809446223,80.0,60.11999992432084,4.0,290.8145738023757,9,164200.0,2026-01-01 00-00-00_000,-0.36369461793288266,-0.13178482477442005,9.448785849702926,0.0,0.0,9.80665,0.010604558553896509,0.02208165456742672,0.025263543296881283,20.0,-3.0,42.0,290.5035046395533,-2.0,1.0
52.40684077527758,-1.521580809446223,80.0,60.11999992432084,4.0,290.8145738023757,9,164300.0,2026-01-01 00-00-00_000,0.3975503313803954,-0.3529153647365513,9.905658474932789,0.0,0.0,9.80665,-0.01255248772164136,0.011596167306651861,0.025991882200916343,20.0,-3.0,42.0,290.37535042029333,-2.0,1.0
52.40684077527758,-1.521580809446223,80.0,60.11999992432084,4.0,290.8145738023757,9,164400.0,2026-01-01 00-00-00_000,-0.16602210914182258,-0.5141035557267194,10.104175584510998,0.0,0.0,9.80665,0.014053259662471083,0.00440578381091965,0.023812046477135664,20.0,-3.0,42.0,290.2654728699595,-2.0,1.0
52.40684077527758,-1.521580809446223,80.0,60.11999992432084,4.0,290.8145738023757,9,164500.0,2026-01-01 00-00-00_000,0.0956011610384778,-0.6592929665164774,9.604162633401053,0.0,0.0,9.80665,-4.963326839240268e-05,-0.0003277679210168246,0.016535760555839205,20.0,-3.0,42.0,290.17388632820354,-2.0,1.0
52.40684077527758,-1.521580809446223,80.0,60.11999992432084,4.0,290.8145738023757,9,164600.0,2026-01-01 00-00-00_000,0.1692169400252269,-0.6598721672983754,9.727968400365826,0.0,0.0,9.80665,0.011500801290306758,0.005501240827707636,0.01193083464255354,20.0,-3.0,42.0,290.10060274759536,-2.0,1.0
52.40684077527758,-1.521580809446223,80.0,60.11999992432084,4.0,290.8145738023757,9,164700.0,2026-01-01 00-00-00_000,-0.30815793762952187,-0.4836981423243015,10.211288201117,0.0,0.0,9.80665,-0.010126933127498568,0.012173405502101378,0.01266971527301227,20.0,-3.0,42.0,290.04563169206335,-2.0,1.0
52.40684077527758,-1.521580809446223,80.0,60.11999992432084,4.0,290.8145738023757,9,164800.0,2026-01-01 00-00-00_000,0.3464741605971807,-0.19035202252498773,9.638054160429322,0.0,0.0,9.80665,0.003074983686904735,0.00858724907477532,0.01585346550686065,20.0,-3.0,42.0,290.0089803356461,-2.0,1.0
52.40684077527758,-1.521580809446223,80.0,60.11999992432084,4.0,290.8145738023757,9,164900.0,2026-01-01 00-00-00_000,-0.18977570467547972,0.05119013055963537,9.535857932124882,0.0,0.0,9.80665,0.01183600834999584,0.010548297496560789,0.01574118178766246,20.0,-3.0,42.0,289.9906534615563,-2.0,1.0
52.40689260177828,-1.5218115785468818,80.0,60.119999933213386,4.0,289.9906534615563,9,165000.0,2026-01-01 00-00-00_000,0.09278856701885982,0.2550135667677578,10.18132818752168,0.0,0.0,9.80665,0.0007491805442838951,0.0022288105836246754,0.005538127307979039,20.0,-3.0,42.0,289.9906534615563,-2.0,1.0
52.40689260177828,-1.5218115785468818,80.0,60.119999933213386,4.0,289.9906534615563,9,165100.0,2026-01-01 00-00-00_000,0.23555599692502338,0.28381742379515257,9.855952362356728,0.0,0.0,9.80665,-0.015140047718796283,0.007664403509133633,-0.0011265451094934944,20.0,-3.0,42.0,290.0089803356461,-2.0,1.0
52.40689260177828,-1.5218115785468818,80.0,60.119999933213386,4.0,289.9906534615563,9,165200.0,2026-01-01 00-00-00_000,-0.22380239387754305,0.33237383980119123,9.428404058509557,0.0,0.0,9.80665,-0.003710630399129364,0.01215232155941751,-0.0025003297162025386,20.0,-3.0,42.0,290.0456316920633,-2.0,1.0
52.40689260177828,-1.5218115785468818,80.0,60.119999933213386,4.0,289.9906534615563,9,165300.0,2026-01-01 00-00-00_000,0.36135553076878224,0.132981222825181,9.972099878065531,0.0,0.0,9.80665,0.004966599451378753,-0.0016542756178705251,0.009065445954246782,20.0,-3.0,42.0,290.1006027475953,-2.0,1.0
52.40689260177828,-1.5218115785468818,80.0,60.119999933213386,4.0,289.9906534615563,9,165400.0,2026-01-01 00-00-00_000,-0.17135180940923714,0.10601032654086412,10.134472738802431,0.0,0.0,9.80665,-0.014427332140168994,-0.012961264183366933,-0.0017071312541597963,20.0,-3.0,42.0,290.1738863282035,-2.0,1.0
52.40689260177828,-1.5218115785468818,80.0,60.119999933213386,4.0,289.9906534615563,9,165500.0,2026-01-01 00-00-00_000,-0.06851462282980453,-0.04857197326672446,9.534007599645452,0.0,0.0,9.80665,-0.014881357268209947,0.01726210674879926,-0.019091169049730697,20.0,-3.0,42.0,290.26547286995947,-2.0,1.0
52.40689260177828,-1.5218115785468818,80.0,60.119999933213386,4.0,289.9906534615563,9,165600.0,2026-01-01 00-00-00_000,0.25330377733877507,0.00542747381554004,9.665192812918061,0.0,0.0,9.80665,0.0019574707491939176,0.005833312409538078,-0.0154450831677982,20.0,-3.0,42.0,290.3753504202933,-2.0,1.0
52.40689260177828,-1.5218115785468818,80.0,60.119999933213386,4.0,289.9906534615563,9,165700.0,2026-01-01 00-00-00_000,-0.2426507753925463,0.08335853338594164,10.154930456879574,0.0,0.0,9.80665,-0.00992834040093278,-0.004396235245802643,-0.02226648491895774,20.0,-3.0,42.0,290.5035046395532,-2.0,1.0
52.40689260177828,-1.5218115785468818,80.0,60.119999933213386,4.0,289.9906534615563,9,165800.0,2026-01-01 00-00-00_000,0.42411618032123183,0.3093512979739843,9.810226558157462,0.0,0.0,9.80665,0.006424402236664364,0.002340993708309927,-0.02419625286601983,20.0,-3.0,42.0,290.6499188028772,-2.0,1.0
52.40689260177828,-1.5218115785468818,80.0,60.119999933213386,4.0,289.9906534615563,9,165900.0,2026-01-01 00-00-00_000,-0.11916333141552256,0.6201563195103447,9.539371979130898,0.0,0.0,9.80665,-0.012184793721721286,-0.0024703907654213637,-0.037413516802138724,20.0,-3.0,42.0,290.81457380237566,-2.0,1.0
52.40694487739592,-1.522042073084926,80.0,60.11999994106102,4.0,290.9974481496249,9,166000.0,2026-01-01 00-00-00_000,0.07723011294111226,0.8169839209767787,10.145639947595292,0.0,0.0,9.80665,-0.018803367109071652,-0.017050481828429657,-0.027575226109479822,20.0,-3.0,42.0,290.9974481496249,-2.0,1.0
52.40694487739592,-1.522042073084926,80.0,60.11999994106102,4.0,290.9974481496249,9,166100.0,2026-01-01 00-00-00_000,0.2537930818625108,0.9500647570316952,9.927420514912049,0.0,0.0,9.80665,-0.008181297276881392,-0.001835884888341565,-0.0412853992261976,20.0,-3.0,42.0,291.19851797847184,-2.0,1.0
52.40694487739592,-1.522042073084926,80.0,60.11999994106102,4.0,290.9974481496249,9,166200.0,2026-01-01 00-00-00_000,-0.2956490209115939,0.889743670081285,9.421347801821954,0.0,0.0,9.80665,0.01455928964912966,-0.014239550198544395,-0.0386073870473953,20.0,-3.0,42.0,291.41775704814836,-2.0,1.0
52.40694487739592,-1.522042073084926,80.0,60.11999994106102,4.0,290.9974481496249,9,166300.0,2026-01-01 00-00-00_000,0.37803409642070307,0.6927062663491655,9.941020688070836,0.0,0.0,9.80665,-0.009051626012080888,0.0020277574810385465,-0.02575850406796152,20.0,-3.0,42.0,291.6551367466961,-2.0,1.0
52.40694487739592,-1.522042073084926,80.0,60.11999994106102,4.0,290.9974481496249,9,166400.0,2026-01-01 00-00-00_000,-0.2029993163938785,0.5696617556940862,10.220861624865858,0.0,0.0,9.80665,-0.00045405779691000745,-0.0010926498011596419,-0.03285943245140151,20.0,-3.0,42.0,291.9106260947003,-2.0,1.0
52.40694487739592,-1.522042073084926,80.0,60.11999994106102,4.0,290.9974481496249,9,166500.0,2026-01-01 00-00-00_000,0.0670567681854464,0.35927619124798227,9.55896801120482,0.0,0.0,9.80665,0.0020734821032640936,0.011335935180599934,-0.0502203082773454,20.0,-3.0,42.0,292.1841917493329,-2.0,1.0
52.40694487739592,-1.522042073084926,80.0,60.11999994106102,4.0,290.9974481496249,9,166600.0,2026-01-01 00-00-00_000,0.3174876511015426,0.44274530716758403,9.734148810988007,0.0,0.0,9.80665,-0.009914492786563542,-0.0012003994696806136,-0.054622673730881054,20.0,-3.0,42.0,292.47579800870415,-2.0,1.0
52.40694487739592,-1.522042073084926,80.0,60.11999994106102,4.0,290.9974481496249,9,166700.0,2026-01-01 00-00-00_000,-0.26950628046125646,0.6339045385481873,10.179835141097193,0.0,0.0,9.80665,0.010541499366888587,0.0037403778134526906,-0.05683563586539168,20.0,-3.0,42.0,292.78540681652134,-2.0,1.0
52.40694487739592,-1.522042073084926,80.0,60.11999994106102,4.0,290.9974481496249,9,166800.0,2026-01-01 00-00-00_000,0.37352004867404587,0.8550019828369015,9.752384634995442,0.0,0.0,9.80665,0.0013804166026342127,-0.002987350267795858,-0.06737725427287615,20.0,-3.0,42.0,293.112977767056,-2.0,1.0
52.40694487739592,-1.522042073084926,80.0,60.11999994106102,4.0,290.9974481496249,9,166900.0,2026-01-01 00-00-00_000,-0.14056218013295074,1.1655873384165343,9.494310392135892,0.0,0.0,9.80665,0.004069539385791633,-0.0037981829938986533,-0.06362522467947392,20.0,-3.0,42.0,293.45846811041685,-2.0,1.0
52.40700204391723,-1.522269401881363,80.0,60.11999994798653,4.0,293.8218327581288,9,167000.0,2026-01-01 00-00-00_000,0.05276805194307852,1.3767459115534713,10.02018007345075,0.0,0.0,9.80665,-0.017247199748278833,-0.013973978313065398,-0.06133607279616963,20.0,-3.0,42.0,293.8218327581288,-2.0,1.0
52.40700204391723,-1.522269401881363,80.0,60.11999994798653,4.0,293.8218327581288,9,167100.0,2026-01-01 00-00-00_000,0.22730604427967116,1.4048835603151004,9.965335967787341,0.0,0.0,9.80665,-0.017925731668113478,0.009904444213885371,-0.07035918337712493,20.0,-3.0,42.0,294.20302428901715,-2.0,1.0
52.40700204391723,-1.522269401881363,80.0,60.11999994798653,4.0,293.8218327581288,9,167200.0,2026-01-01 00-00-00_000,-0.31391654577054984,1.380531726024075,9.417779917802969,0.0,0.0,9.80665,-0.027996069499813005,0.0017072211714793699,-0.05974304418750964,20.0,-3.0,42.0,294.6019929553968,-2.0,1.0
52.40700204391723,-1.522269401881363,80.0,60.11999994798653,4.0,293.8218327581288,9,167300.0,2026-01-01 00-00-00_000,0.4330508364569582,1.2564763530506131,9.823045606692009,0.0,0.0,9.80665,-0.0022897813255314263,-0.005828241525909864,-0.06897879000579826,20.0,-3.0,42.0,295.01868668956416,-2.0,1.0
52.40700204391723,-1.522269401881363,80.0,60.11999994798653,4.0,293.8218327581288,9,167400.0,2026-01-01 00-00-00_000,-0.1657820319028047,1.0133493552544997,10.230273803989041,0.0,0.0,9.80665,-0.002685159042092576,0.002083797897509058,-0.07571663000699906,20.0,-3.0,42.0,295.4530511105925,-2.0,1.0
52.40700204391723,-1.522269401881363,80.0,60.11999994798653,4.0,293.8218327581288,9,167500.0,2026-01-01 00-00-00_000,0.02696677599033618,0.9407102893991249,9.557382457658724,0.0,0.0,9.80665,0.006859163532666014,-0.0041460266036768174,-0.0614291840107799,20.0,-3.0,42.0,295.9050295314289,-2.0,1.0
52.40700204391723,-1.522269401881363,80.0,60.11999994798653,4.0,293.8218327581288,9,167600.0,2026-01-01 00-00-00_000,0.255938775481086,0.9732271779836571,9.7565323137084,0.0,0.0,9.80665,0.014496367188690264,-0.007241382633290541,-0.07241590219373525,20.0,-3.0,42.0,296.3745629662923,-2.0,1.0
52.40700204391723,-1.522269401881363,80.0,60.11999994798653,4.0,293.8218327581288,9,167700.0,2026-01-01 00-00-00_000,-0.28863540058287207,1.1721859740919196,10.249722305732643,0.0,0.0,9.80665,-0.0029229685399302582,0.002493718721590235,-0.08032694276665531,20.0,-3.0,42.0,296.8615901383712,-2.0,1.0
52.40700204391723,-1.522269401881363,80.0,60.11999994798653,4.0,293.8218327581288,9,167800.0,2026-01-01 00-00-00_000,0.3508574587682433,1.4682814972026708,9.784078325279095,0.0,0.0,9.80665,-0.0030734460144426264,0.012150650126584589,-0.06983120851656391,20.0,-3.0,42.0,297.3660474878212,-2.0,1.0
52.40700204391723,-1.522269401881363,80.0,60.11999994798653,4.0,293.8218327581288,9,167900.0,2026-01-01 00-00-00_000,-0.11843725975400496,1.6157551465571447,9.5506221030197,0.0,0.0,9.80665,0.004131486115040314,-0.002694880311335012,-0.07692856399382765,20.0,-3.0,42.0,297.88786918005934,-2.0,1.0
52.40706828283121,-1.5224899682125606,80.0,60.11999995409827,4.0,298.4269871143563,9,168000.0,2026-01-01 00-00-00_000,0.07055559414680806,1.8431425512602042,10.215923149359973,0.0,0.0,9.80665,0.014935030046898324,-0.014246815052181146,-0.09531963468086783,20.0,-3.0,42.0,298.4269871143563,-2.0,1.0
52.40706828283121,-1.5224899682125606,80.0,60.11999995409827,4.0,298.4269871143563,9,168100.0,2026-01-01 00-00-00_000,0.2944015521074383,1.9437127826544094,9.9855547496672,0.0,0.0,9.80665,-0.008626562746510268,-0.006146641956261479,-0.09049296965860869,20.0,-3.0,42.0,298.9833309327237,-2.0,1.0
52.40706828283121,-1.5224899682125606,80.0,60.11999995409827,4.0,298.4269871143563,9,168200.0,2026-01-01 00-00-00_000,-0.2543145241537408,1.9589382811548242,9.490790941384937,0.0,0.0,9.80665,0.005891286544041592,0.01797364827131728,-0.09928414192604093,20.0,-3.0,42.0,299.55682802909627,-2.0,1.0
52.40706828283121,-1.5224899682125606,80.0,60.11999995409827,4.0,298.4269871143563,9,168300.0,2026-01-01 00-00-00_000,0.46055660885083066,1.8231765819401753,9.843707273727537,0.0,0.0,9.80665,-0.0028496355445366247,-0.008111442107764275,-0.10987032889730733,20.0,-3.0,42.0,300.1474035588075,-2.0,1.0
52.40706828283121,-1.5224899682125606,80.0,60.11999995409827,4.0,298.4269871143563,9,168400.0,2026-01-01 00-00-00_000,-0.19047813244670309,1.5277964349953557,10.150260119524559,0.0,0.0,9.80665,-0.003725986582143265,0.01187957864700366,-0.08743712565768827,20.0,-3.0,42.0,300.7549804483572,-2.0,1.0
52.40706828283121,-1.5224899682125606,80.0,60.11999995409827,4.0,298.4269871143563,9,168500.0,2026-01-01 00-00-00_000,0.12214197832409594,1.4961285520790757,9.501122512910763,0.0,0.0,9.80665,0.007787578403060196,-0.002389735487255165,-0.09341890437589032,20.0,-3.0,42.0,301.37947940546985,-2.0,1.0
52.40706828283121,-1.5224899682125606,80.0,60.11999995409827,4.0,298.4269871143563,9,168600.0,2026-01-01 00-00-00_000,0.2514691216029283,1.5285396561249605,9.65278740601848,0.0,0.0,9.80665,-0.008289405127799495,0.00740187321306121,-0.11747101956093721,20.0,-3.0,42.0,302.020818929443,-2.0,1.0
52.40706828283121,-1.5224899682125606,80.0,60.11999995409827,4.0,298.4269871143563,9,168700.0,2026-01-01 00-00-00_000,-0.30458571070920576,1.6444529389349554,10.102454531693654,0.0,0.0,9.80665,-0.011071932333926136,-0.001061718487741552,-0.10696372393062474,20.0,-3.0,42.0,302.6789153217836,-2.0,1.0
52.40706828283121,-1.5224899682125606,80.0,60.11999995409827,4.0,298.4269871143563,9,168800.0,2026-01-01 00-00-00_000,0.4387299673419829,1.8974921967829401,9.778238098117825,0.0,0.0,9.80665,0.00629170056993367,-0.01577343809892441,-0.12613545923782596,20.0,-3.0,42.0,303.3536826971307,-2.0,1.0
52.40706828283121,-1.5224899682125606,80.0,60.11999995409827,4.0,298.4269871143563,9,168900.0,2026-01-01 00-00-00_000,-0.21509063107710918,2.114778667700436,9.480035465808884,0.0,0.0,9.80665,-0.0006220318635361304,-0.004118433028353062,-0.10832948605874448,20.0,-3.0,42.0,304.04503299446435,-2.0,1.0
52.40714722243227,-1.522698932504867,80.0,60.11999995949187,4.0,304.7528759885982,9,169000.0,2026-01-01 00-00-00_000,0.06252824893280566,2.365408190421558,10.108273450856952,0.0,0.0,9.80665,-0.0030072881997719437,0.021120969318582726,-0.11979934771693042,20.0,-3.0,42.0,304.7528759885982,-2.0,1.0
52.40714722243227,-1.522698932504867,80.0,60.11999995949187,4.0,304.7528759885982,9,169100.0,2026-01-01 00-00-00_000,0.3557435071260087,2.510422236983912,9.93998671323911,0.0,0.0,9.80665,-0.0017031016867282392,-0.0013170775712454319,-0.12447653034045092,20.0,-3.0,42.0,305.47711930195396,-2.0,1.0
52.40714722243227,-1.522698932504867,80.0,60.11999995949187,4.0,304.7528759885982,9,169200.0,2026-01-01 00-00-00_000,-0.33242555576210175,2.475187729348273,9.445921906290673,0.0,0.0,9.80665,0.00460685477398485,0.005648179912839896,-0.11550756504018037,20.0,-3.0,42.0,306.21766841661747,-2.0,1.0
52.40714722243227,-1.522698932504867,80.0,60.11999995949187,4.0,304.7528759885982,9,169300.0,2026-01-01 00-00-00_000,0.4686923801998642,2.3140222318121806,9.878370738652123,0.0,0.0,9.80665,-0.004070691724063869,-0.0033621697947296765,-0.12785719192658038,20.0,-3.0,42.0,306.9744266866739,-2.0,1.0
52.40714722243227,-1.522698932504867,80.0,60.11999995949187,4.0,304.7528759885982,9,169400.0,2026-01-01 00-00-00_000,-0.1796319850810601,2.0607220151080723,10.102234804275628,0.0,0.0,9.80665,0.007298805968876976,-0.001317744533522923,-0.13272019026734486,20.0,-3.0,42.0,307.7472953508205,-2.0,1.0
52.40714722243227,-1.522698932504867,80.0,60.11999995949187,4.0,304.7528759885982,9,169500.0,2026-01-01 00-00-00_000,0.001106831425103566,1.9225425662992432,9.596052253681773,0.0,0.0,9.80665,0.0037821787347715897,0.0032238530472809383,-0.1265673359739584,20.0,-3.0,42.0,308.53617354525534,-2.0,1.0
52.40714722243227,-1.522698932504867,80.0,60.11999995949187,4.0,304.7528759885982,9,169600.0,2026-01-01 00-00-00_000,0.24376300974752635,1.9431936574995554,9.656100180953505,0.0,0.0,9.80665,0.014472065103415683,0.004741977277929058,-0.13862762401627626,20.0,-3.0,42.0,309.34095831684107,-2.0,1.0
52.40714722243227,-1.522698932504867,80.0,60.11999995949187,4.0,304.7528759885982,9,169700.0,2026-01-01 00-00-00_000,-0.36799230895022145,2.177058646616734,10.076417762689141,0.0,0.0,9.80665,0.012309670557319146,0.022197518598619025,-0.1324052214343496,20.0,-3.0,42.0,310.1615446365404,-2.0,1.0
52.40714722243227,-1.522698932504867,80.0,60.11999995949187,4.0,304.7528759885982,9,169800.0,2026-01-01 00-00-00_000,0.36704677920109113,2.379075810730211,9.68001967290927,0.0,0.0,9.80665,0.008220498387770551,-0.0001503775422523279,-0.14179342751104715,20.0,-3.0,42.0,310.9978254131232,-2.0,1.0
52.40714722243227,-1.522698932504867,80.0,60.11999995949187,4.0,304.7528759885982,9,169900.0,2026-01-01 00-00-00_000,-0.1359203950708493,2.683650068364574,9.466889619538444,0.0,0.0,9.80665,-0.0023888135538556034,-0.0017945904964451929,-0.1382175581317016,20.0,-3.0,42.0,311.8496915071427,-2.0,1.0
52.407241559342346,-1.522889881007278,80.0,60.11999996425168,4.0,312.71703174517853,9,170000.0,2026-01-01 00-00-00_000,0.06042554874822279,2.771244716332951,10.12721849108537,0.0,0.0,9.80665,0.0008259828723821297,-0.006613991164494022,-0.1424359923087466,20.0,-3.0,42.0,312.71703174517853,-2.0,1.0
52.407241559342346,-1.522889881007278,80.0,60.11999996425168,4.0,312.71703174517853,9,170100.0,2026-01-01 00-00-00_000,0.2705580758574269,2.91776080174222,10.044222497842496,0.0,0.0,9.80665,-0.006291599111802049,-0.013121386562555612,-0.14386853244781395,20.0,-3.0,42.0,313.59973293434564,-2.0,1.0
52.407241559342346,-1.522889881007278,80.0,60.11999996425168,4.0,312.71703174517853,9,170200.0,2026-01-01 00-00-00_000,-0.2762174105218183,2.9154397392315268,9.493449575112566,0.0,0.0,9.80665,0.028181814897843004,-0.01608621102545955,-0.1602669743023374,20.0,-3.0,42.0,314.4976798770666,-2.0,1.0
52.407241559342346,-1.522889881007278,80.0,60.11999996425168,4.0,312.71703174517853,9,170300.0,2026-01-01 00-00-00_000,0.33973938841753926,2.702749326142594,9.929932384433652,0.0,0.0,9.80665,-0.0025729340468998298,0.006642752862644932,-0.1408201947677586,20.0,-3.0,42.0,315.41075538610545,-2.0,1.0
52.407241559342346,-1.522889881007278,80.0,60.11999996425168,4.0,312.71703174517853,9,170400.0,2026-01-01 00-00-00_000,-0.23846920901308533,2.575633560574269,10.148792493655126,0.0,0.0,9.80665,0.005210647190247001,-0.018602536447364034,-0.15906604177765413,20.0,-3.0,42.0,316.3388402998615,-2.0,1.0
52.407241559342346,-1.522889881007278,80.0,60.11999996425168,4.0,312.71703174517853,9,170500.0,2026-01-01 00-00-00_000,0.06837172450077174,2.3468847223301315,9.557013013140455,0.0,0.0,9.80665,0.013250671333619145,0.014074160301237792,-0.1469517221538283,20.0,-3.0,42.0,317.28181349792044,-2.0,1.0
52.407241559342346,-1.522889881007278,80.0,60.11999996425168,4.0,312.71703174517853,9,170600.0,2026-01-01 00-00-00_000,0.2811165305894531,2.382976712178724,9.683359340461568,0.0,0.0,9.80665,-0.013987427564801525,0.008602838201320625,-0.16756963449640952,20.0,-3.0,42.0,318.23955191686133,-2.0,1.0
52.407241559342346,-1.522889881007278,80.0,60.11999996425168,4.0,312.71703174517853,9,170700.0,2026-01-01 00-00-00_000,-0.40576614605120637,2.6133293005404776,10.137777910092687,0.0,0.0,9.80665,-0.008611981361354788,-0.0029346306938609693,-0.1676516511464682,20.0,-3.0,42.0,319.2119305663171,-2.0,1.0
52.407241559342346,-1.522889881007278,80.0,60.11999996425168,4.0,312.71703174517853,9,170800.0,2026-01-01 00-00-00_000,0.2905933966657352,2.7420584425434495,9.708016131464857,0.0,0.0,9.80665,-0.0042965497856363045,-0.011523305514361789,-0.17010407303294361,20.0,-3.0,42.0,320.1988225452863,-2.0,1.0
52.407241559342346,-1.522889881007278,80.0,60.11999996425168,4.0,312.71703174517853,9,170900.0,2026-01-01 00-00-00_000,-0.13902797738723588,3.0107709542327212,9.52402665599844,0.0,0.0,9.80665,-0.01029600977340378,0.00030187448470020124,-0.16174489792992772,20.0,-3.0,42.0,321.2000990586948,-2.0,1.0
52.40735259996305,-1.5230548128993935,80.0,60.11999996845223,4.0,322.2156294342039,9,171000.0,2026-01-01 00-00-00_000,0.0019563740415707437,3.368986619613506,10.129071639249235,0.0,0.0,9.80665,-0.013032439074604362,0.00024043299027390666,-0.1763596279435158,20.0,-3.0,42.0,322.2156294342039,-2.0,1.0
52.40735259996305,-1.5230548128993935,80.0,60.11999996845223,4.0,322.2156294342039,9,171100.0,2026-01-01 00-00-00_000,0.3638870332614475,3.284507733498135,10.009029976112569,0.0,0.0,9.80665,-0.0055102905472146696,0.011292454368420787,-0.17236435993122332,20.0,-3.0,42.0,323.24528113926414,-2.0,1.0
52.40735259996305,-1.5230548128993935,80.0,60.11999996845223,4.0,322.2156294342039,9,171200.0,2026-01-01 00-00-00_000,-0.3476606711056239,3.3016324396271832,9.49555516466068,0.0,0.0,9.80665,0.012595180672589515,-0.007394271714618224,-0.19000707620012755,20.0,-3.0,42.0,324.2889197984112,-2.0,1.0
52.40735259996305,-1.5230548128993935,80.0,60.11999996845223,4.0,322.2156294342039,9,171300.0,2026-01-01 00-00-00_000,0.3199000869180857,3.053666353431401,9.847020708685653,0.0,0.0,9.80665,0.0069112113784869375,-0.0037524910714736986,-0.1840879089578357,20.0,-3.0,42.0,325.3464092108031,-2.0,1.0
52.40735259996305,-1.5230548128993935,80.0,60.11999996845223,4.0,322.2156294342039,9,171400.0,2026-01-01 00-00-00_000,-0.2415044528542574,2.8894040947093913,10.097219484554008,0.0,0.0,9.80665,1.6379954386703558e-05,-0.0005016169219709373,-0.18108818101944965,20.0,-3.0,42.0,326.4176113679949,-2.0,1.0
52.40735259996305,-1.5230548128993935,80.0,60.11999996845223,4.0,322.2156294342039,9,171500.0,2026-01-01 00-00-00_000,-0.022466493044947126,2.809719268037909,9.580458675443982,0.0,0.0,9.80665,-4.699959790727569e-05,-0.0027452673993788174,-0.1860043603953087,20.0,-3.0,42.0,327.50238647194954,-2.0,1.0
52.40735259996305,-1.5230548128993935,80.0,60.11999996845223,4.0,322.2156294342039,9,171600.0,2026-01-01 00-00-00_000,0.2001696177221045,2.780626676252489,9.679474311234205,0.0,0.0,9.80665,-0.016947751078378627,-0.0062144576170597935,-0.2018934448476114,20.0,-3.0,42.0,328.60059295328256,-2.0,1.0
52.40735259996305,-1.5230548128993935,80.0,60.11999996845223,4.0,322.2156294342039,9,171700.0,2026-01-01 00-00-00_000,-0.3116406827654228,2.915401581586168,10.23371438752675,0.0,0.0,9.80665,0.00664148673355175,-0.017117052477326408,-0.1859974946342503,20.0,-3.0,42.0,329.71208748973754,-2.0,1.0
52.40735259996305,-1.5230548128993935,80.0,60.11999996845223,4.0,322.2156294342039,9,171800.0,2026-01-01 00-00-00_000,0.4417554815517071,3.225242029840845,9.739025545603205,0.0,0.0,9.80665,0.003937991146932423,-0.016366215542816146,-0.19954501049974613,20.0,-3.0,42.0,330.83672502489054,-2.0,1.0
52.40735259996305,-1.5230548128993935,80.0,60.11999996845223,4.0,322.2156294342039,9,171900.0,2026-01-01 00-00-00_000,-0.06721761984941527,3.540595799926092,9.489378496607012,0.0,0.0,9.80665,-0.01115073084514959,-0.00672605487624955,-0.17951451164072418,20.0,-3.0,42.0,331.97435878708063,-2.0,1.0
52.407479775409755,-1.5231845475803782,80.0,60.11999997215919,4.0,333.12484030856467,9,172000.0,2026-01-01 00-00-00_000,0.043578740676449415,3.711046017856376,10.061477784913386,0.0,0.0,9.80665,0.0017479814565763915,-0.002215254678309282,-0.19810801596033842,20.0,-3.0,42.0,333.12484030856467,-2.0,1.0
52.407479775409755,-1.5231845475803782,80.0,60.11999997215919,4.0,333.12484030856467,9,172100.0,2026-01-01 00-00-00_000,0.2856436988585601,3.726371378958954,9.940313844947104,0.0,0.0,9.80665,-0.0022478079449008348,0.010017974883747753,-0.18150480294146992,20.0,-3.0,42.0,334.28801944489317,-2.0,1.0
52.407479775409755,-1.5231845475803782,80.0,60.11999997215919,4.0,333.12484030856467,9,172200.0,2026-01-01 00-00-00_000,-0.3117991825623549,3.5787465003454404,9.434129493290035,0.0,0.0,9.80665,-0.005503753981258238,0.023123290160073952,-0.1959446238931798,20.0,-3.0,42.0,335.46374439450483,-2.0,1.0
52.407479775409755,-1.5231845475803782,80.0,60.11999997215919,4.0,333.12484030856467,9,172300.0,2026-01-01 00-00-00_000,0.299484349248278,3.6048694507259955,9.98025579655709,0.0,0.0,9.80665,-0.010210706676125631,0.017172097301451646,-0.19967193788404958,20.0,-3.0,42.0,336.65186171853765,-2.0,1.0
52.407479775409755,-1.5231845475803782,80.0,60.11999997215919,4.0,333.12484030856467,9,172400.0,2026-01-01 00-00-00_000,-0.10525591795170411,3.31713065269449,10.194793439327661,0.0,0.0,9.80665,-0.00707640562118568,0.0039840692620719785,-0.20903556729622932,20.0,-3.0,42.0,337.85221636085356,-2.0,1.0
52.407479775409755,-1.5231845475803782,80.0,60.11999997215919,4.0,333.12484030856467,9,172500.0,2026-01-01 00-00-00_000,0.11303789605658837,3.2273543231911628,9.598732484027419,0.0,0.0,9.80665,-0.009747523534484813,0.018815259583153162,-0.20835387945297143,20.0,-3.0,42.0,339.0646516682742,-2.0,1.0
52.407479775409755,-1.5231845475803782,80.0,60.11999997215919,4.0,333.12484030856467,9,172600.0,2026-01-01 00-00-00_000,0.21993022594514483,3.1972356908557034,9.65198349471884,0.0,0.0,9.80665,0.004300303744332191,-0.0011270889891374098,-0.20605269413250904,20.0,-3.0,42.0,340.28900941102484,-2.0,1.0
52.407479775409755,-1.5231845475803782,80.0,60.11999997215919,4.0,333.12484030856467,9,172700.0,2026-01-01 00-00-00_000,-0.35944518505039036,3.2562446505320026,10.214220114610953,0.0,0.0,9.80665,0.0033401105164919277,-0.0052336492747121245,-0.22656783377617365,20.0,-3.0,42.0,341.52512980338463,-2.0,1.0
52.407479775409755,-1.5231845475803782,80.0,60.11999997215919,4.0,333.12484030856467,9,172800.0,2026-01-01 00-00-00_000,0.45168899580385724,3.481248783302288,9.836345765455587,0.0,0.0,9.80665,0.0029123579033925617,0.023165737882860832,-0.20595659844728428,20.0,-3.0,42.0,342.7728515245392,-2.0,1.0
52.407479775409755,-1.5231845475803782,80.0,60.11999997215919,4.0,333.12484030856467,9,172900.0,2026-01-01 00-00-00_000,-0.09345151638973276,3.7883759839149977,9.485939552003172,0.0,0.0,9.80665,-0.0021358842787919667,-0.010633754196045833,-0.22461925798105745,20.0,-3.0,42.0,344.03201173963413,-2.0,1.0
52.40762023334879,-1.5232696056181327,80.0,60.119999975430574,4.0,345.30244612102587,9,173000.0,2026-01-01 00-00-00_000,0.045549793774944836,4.0499286206268135,10.08190396840153,0.0,0.0,9.80665,-0.0043889498784983865,-0.004107901293854794,-0.2195662351205519,20.0,-3.0,42.0,345.30244612102587,-2.0,1.0
52.40762023334879,-1.5232696056181327,80.0,60.119999975430574,4.0,345.30244612102587,9,173100.0,2026-01-01 00-00-00_000,0.2099990544374245,4.085826421912221,9.871799961292469,0.0,0.0,9.80665,0.020120545486446723,-0.0025939107475401765,-0.2405664431774185,20.0,-3.0,42.0,346.58398886972736,-2.0,1.0
52.40762023334879,-1.5232696056181327,80.0,60.119999975430574,4.0,345.30244612102587,9,173200.0,2026-01-01 00-00-00_000,-0.29360541977074067,4.0551655603657695,9.476122165529105,0.0,0.0,9.80665,-0.018933192062747975,0.014629601485424897,-0.21792712207094586,20.0,-3.0,42.0,347.87647273704584,-2.0,1.0
52.40762023334879,-1.5232696056181327,80.0,60.119999975430574,4.0,345.30244612102587,9,173300.0,2026-01-01 00-00-00_000,0.43782626429780497,3.850702538228526,9.940919966366947,0.0,0.0,9.80665,0.011661426084863346,-0.005906701963549971,-0.2175584079863507,20.0,-3.0,42.0,349.17972904640953,-2.0,1.0
52.40762023334879,-1.5232696056181327,80.0,60.119999975430574,4.0,345.30244612102587,9,173400.0,2026-01-01 00-00-00_000,-0.1598726089371949,3.590947532239938,10.133205701407544,0.0,0.0,9.80665,0.0032318872568300318,0.00784822313860945,-0.22297561801571222,20.0,-3.0,42.0,350.4935877153811,-2.0,1.0
52.40762023334879,-1.5232696056181327,80.0,60.119999975430574,4.0,345.30244612102587,9,173500.0,2026-01-01 00-00-00_000,0.045336909771359714,3.565108705278149,9.633724517556868,0.0,0.0,9.80665,0.0003869476058896213,-0.0040314968206853095,-0.22449593019375494,20.0,-3.0,42.0,351.8178772778547,-2.0,1.0
52.40762023334879,-1.5232696056181327,80.0,60.119999975430574,4.0,345.30244612102587,9,173600.0,2026-01-01 00-00-00_000,0.2861882554928053,3.4589718292809635,9.641878105358794,0.0,0.0,9.80665,-0.005394477611034116,-0.01219258474358779,-0.23163542262826303,20.0,-3.0,42.0,353.1524249064323,-2.0,1.0
52.40762023334879,-1.5232696056181327,80.0,60.119999975430574,4.0,345.30244612102587,9,173700.0,2026-01-01 00-00-00_000,-0.31012563929927794,3.6987142230502843,10.209258206292803,0.0,0.0,9.80665,-0.002491646207817935,0.002396148480310698,-0.2293581443301846,20.0,-3.0,42.0,354.49705643498,-2.0,1.0
52.40762023334879,-1.5232696056181327,80.0,60.119999975430574,4.0,345.30244612102587,9,173800.0,2026-01-01 00-00-00_000,0.39598378557292613,3.8224588336947867,9.792930761005767,0.0,0.0,9.80665,-0.01216437591362461,0.0017208063655812767,-0.2229422479002873,20.0,-3.0,42.0,355.85159638135644,-2.0,1.0
52.40762023334879,-1.5232696056181327,80.0,60.119999975430574,4.0,345.30244612102587,9,173900.0,2026-01-01 00-00-00_000,-0.15268908302031375,4.111003027993884,9.514048312826908,0.0,0.0,9.80665,-0.014178233665882462,-0.01151653541063959,-0.23724226322839553,20.0,-3.0,42.0,357.2158679703151,-2.0,1.0
52.407768644877116,-1.523301522417542,80.0,60.11999997831755,4.0,358.58969315657407,9,174000.0,2026-01-01 00-00-00_000,0.1333258002524524,4.294010130523419,10.185305565927418,0.0,0.0,9.80665,-0.0014174415909393213,-0.008611728698495656,-0.23175379515652747,20.0,-3.0,42.0,358.58969315657407,-2.0,1.0
52.407768644877116,-1.523301522417542,80.0,60.11999997831755,4.0,358.58969315657407,9,174100.0,2026-01-01 00-00-00_000,0.32727190974703446,4.367424686722817,10.019131481010996,0.0,0.0,9.80665,-0.016862385669071223,-0.007886444203468105,-0.23165391455449347,20.0,-3.0,42.0,359.9728926480523,-2.0,1.0
52.407768644877116,-1.523301522417542,80.0,60.11999997831755,4.0,358.58969315657407,9,174200.0,2026-01-01 00-00-00_000,-0.3069393881172642,4.2469126308773735,9.447375385307371,0.0,0.0,9.80665,0.008096342852909914,0.009675544446021254,-0.24067992941028088,20.0,-3.0,42.0,1.3652859292677135,-2.0,1.0
52.407768644877116,-1.523301522417542,80.0,60.11999997831755,4.0,358.58969315657407,9,174300.0,2026-01-01 00-00-00_000,0.3533886433679273,4.137616335372304,9.905224590349123,0.0,0.0,9.80665,0.010852719729215612,0.004658634621935013,-0.238606772124205,20.0,-3.0,42.0,2.7666912848960123,-2.0,1.0
52.407768644877116,-1.523301522417542,80.0,60.11999997831755,4.0,358.58969315657407,9,174400.0,2026-01-01 00-00-00_000,-0.1387661516789788,3.954644932077943,9.98841063280022,0.0,0.0,9.80665,-0.034702548464310236,0.002426971228065564,-0.24029621104576626,20.0,-3.0,42.0,4.176925823485476,-2.0,1.0
52.407768644877116,-1.523301522417542,80.0,60.11999997831755,4.0,358.58969315657407,9,174500.0,2026-01-01 00-00-00_000,0.06457492834879104,3.6877835711521647,9.560748933042614,0.0,0.0,9.80665,-0.015824537910851647,0.004948834881402499,-0.24731437015335675,20.0,-3.0,42.0,5.595805501325174,-2.0,1.0
52.407768644877116,-1.523301522417542,80.0,60.11999997831755,4.0,358.58969315657407,9,174600.0,2026-01-01 00-00-00_000,0.22128819754439638,3.7722822632851245,9.746634846912396,0.0,0.0,9.80665,0.002427181886277038,-0.00471431057649822,-0.22618660537793508,20.0,-3.0,42.0,7.023145146463776,-2.0,1.0
52.407768644877116,-1.523301522417542,80.0,60.11999997831755,4.0,358.58969315657407,9,174700.0,2026-01-01 00-00-00_000,-0.3861403734344606,3.903991856477718,10.188608235042446,0.0,0.0,9.80665,0.0018270173932775943,0.0048219152386147135,-0.24975858911843926,20.0,-3.0,42.0,8.458758482875737,-2.0,1.0
52.407768644877116,-1.523301522417542,80.0,60.11999997831755,4.0,358.58969315657407,9,174800.0,2026-01-01 00-00-00_000,0.30413953970219076,4.152982356274042,9.750522891612553,0.0,0.0,9.80665,0.0008232743962954086,-0.005998185922247342,-0.23460707215635188,20.0,-3.0,42.0,9.902458154771182,-2.0,1.0
52.407768644877116,-1.523301522417542,80.0,60.11999997831755,4.0,358.58969315657407,9,174900.0,2026-01-01 00-00-00_000,-0.192594577409343,4.3319819972857685,9.6695047493807,0.0,0.0,9.80665,0.0039297586865219055,-0.013267542191651011,-0.24094227732282655,20.0,-3.0,42.0,11.354055751046985,-2.0,1.0
52.407917364016996,-1.5232744240574463,80.0,60.119999980865316,4.0,12.813361829875646,9,175000.0,2026-01-01 00-00-00_000,0.02930658282660324,4.461164007901994,10.054337706819894,0.0,0.0,9.80665,0.0071783085930586235,-0.006976559982066375,-0.2662686940898399,20.0,-3.0,42.0,12.813361829875646,-2.0,1.0
52.407917364016996,-1.5232744240574463,80.0,60.119999980865316,4.0,12.813361829875646,9,175100.0,2026-01-01 00-00-00_000,0.2468269803656432,4.589328431613957,9.970995135514665,0.0,0.0,9.80665,0.00837449431000166,0.0021586901161825597,-0.24992007084912024,20.0,-3.0,42.0,14.28018594342808,-2.0,1.0
52.407917364016996,-1.5232744240574463,80.0,60.119999980865316,4.0,12.813361829875646,9,175200.0,2026-01-01 00-00-00_000,-0.3530995730180125,4.553706877845295,9.436581710723365,0.0,0.0,9.80665,0.017616634384009313,0.0009534787677214425,-0.24516916548929718,20.0,-3.0,42.0,15.754336662728747,-2.0,1.0
52.407917364016996,-1.5232744240574463,80.0,60.119999980865316,4.0,12.813361829875646,9,175300.0,2026-01-01 00-00-00_000,0.3307141800546439,4.304089601093371,9.88525485757617,0.0,0.0,9.80665,-1.2958957045547231e-05,0.010626907046417937,-0.24808235201796755,20.0,-3.0,42.0,17.23562160263782,-2.0,1.0
52.407917364016996,-1.5232744240574463,80.0,60.119999980865316,4.0,12.813361829875646,9,175400.0,2026-01-01 00-00-00_000,-0.12472646712616711,4.1648581382676175,10.127522052904123,0.0,0.0,9.80665,0.008358412139192844,-0.016825131950391686,-0.26258612969118816,20.0,-3.0,42.0,18.72384744695887,-2.0,1.0
52.407917364016996,-1.5232744240574463,80.0,60.119999980865316,4.0,12.813361829875646,9,175500.0,2026-01-01 00-00-00_000,0.0499848483283908,4.010412711615825,9.654353640628718,0.0,0.0,9.80665,-0.016505947119866256,-0.002139628170115005,-0.2547738027281289,20.0,-3.0,42.0,20.218819973667223,-2.0,1.0
52.407917364016996,-1.5232744240574463,80.0,60.119999980865316,4.0,12.813361829875646,9,175600.0,2026-01-01 00-00-00_000,0.23427646611804542,4.006649263315128,9.71468060681519,0.0,0.0,9.80665,-0.0015887980100367214,0.004003681766558996,-0.26719324913364995,20.0,-3.0,42.0,21.720344080257746,-2.0,1.0
52.407917364016996,-1.5232744240574463,80.0,60.119999980865316,4.0,12.813361829875646,9,175700.0,2026-01-01 00-00-00_000,-0.3484031580442797,4.1145549834804465,10.200701169543638,0.0,0.0,9.80665,-0.01246813182942021,-0.009562817389839759,-0.26707061498250184,20.0,-3.0,42.0,23.228223809206327,-2.0,1.0
52.407917364016996,-1.5232744240574463,80.0,60.119999980865316,4.0,12.813361829875646,9,175800.0,2026-01-01 00-00-00_000,0.3752602899531585,4.353979181665856,9.80023643860103,0.0,0.0,9.80665,0.013663171464654922,0.0025513037859142113,-0.26195938897498394,20.0,-3.0,42.0,24.74226237354361,-2.0,1.0
52.407917364016996,-1.5232744240574463,80.0,60.119999980865316,4.0,12.813361829875646,9,175900.0,2026-01-01 00-00-00_000,-0.11064625122737518,4.557852224683578,9.518370983381237,0.0,0.0,9.80665,0.023082784671608063,-0.004028941961254737,-0.2596891377466401,20.0,-3.0,42.0,26.262262182536688,-2.0,1.0
52.408057026657026,-1.5231865651653538,80.0,60.11999998311371,4.0,27.78802486747628,9,176000.0,2026-01-01 00-00-00_000,0.1665330270089103,4.689699308260304,10.111976103716847,0.0,0.0,9.80665,0.005150316291157019,-0.011232918667237525,-0.2497262711749024,20.0,-3.0,42.0,27.78802486747628,-2.0,1.0
52.408057026657026,-1.5231865651653538,80.0,60.11999998311371,4.0,27.78802486747628,9,176100.0,2026-01-01 00-00-00_000,0.30965635818003473,4.804059264369017,10.00773632421085,0.0,0.0,9.80665,-0.01326898667999896,0.011271744190213168,-0.26035479464849287,20.0,-3.0,42.0,29.319351307564432,-2.0,1.0
52.408057026657026,-1.5231865651653538,80.0,60.11999998311371,4.0,27.78802486747628,9,176200.0,2026-01-01 00-00-00_000,-0.29211621938991256,4.746596913148087,9.524898634855635,0.0,0.0,9.80665,-0.0013884180083788367,-0.013821822074988126,-0.2558564524675711,20.0,-3.0,42.0,30.856041655901322,-2.0,1.0
52.408057026657026,-1.5231865651653538,80.0,60.11999998311371,4.0,27.78802486747628,9,176300.0,2026-01-01 00-00-00_000,0.3876799740171707,4.53128402955427,9.901727034561821,0.0,0.0,9.80665,3.381711599334318e-05,0.010065490316517177,-0.2742578988740632,20.0,-3.0,42.0,32.397895365566114,-2.0,1.0
52.408057026657026,-1.5231865651653538,80.0,60.11999998311371,4.0,27.78802486747628,9,176400.0,2026-01-01 00-00-00_000,-0.18733906063475997,4.310422542272837,10.087840566797292,0.0,0.0,9.80665,0.001727514063074957,-0.004071492228697007,-0.27478617515671816,20.0,-3.0,42.0,33.94471121578982,-2.0,1.0
52.408057026657026,-1.5231865651653538,80.0,60.11999998311371,4.0,27.78802486747628,9,176500.0,2026-01-01 00-00-00_000,0.08622592108087482,4.249760227033266,9.637642943936477,0.0,0.0,9.80665,0.0106360912486951,-0.009331670092885684,-0.27042438902027416,20.0,-3.0,42.0,35.49628733821544,-2.0,1.0
52.408057026657026,-1.5231865651653538,80.0,60.11999998311371,4.0,27.78802486747628,9,176600.0,2026-01-01 00-00-00_000,0.32895036531886146,4.094260733359901,9.754350748237139,0.0,0.0,9.80665,0.009287387426038253,-0.008775417831810508,-0.25388129296256967,20.0,-3.0,42.0,37.052421243243316,-2.0,1.0
52.408057026657026,-1.5231865651653538,80.0,60.11999998311371,4.0,27.78802486747628,9,176700.0,2026-01-01 00-00-00_000,-0.3365209692098667,4.25577995522778,10.284838062954309,0.0,0.0,9.80665,-0.026746912829953638,-0.007303922754641239,-0.2785921471595262,20.0,-3.0,42.0,38.61290984645683,-2.0,1.0
52.408057026657026,-1.5231865651653538,80.0,60.11999998311371,4.0,27.78802486747628,9,176800.0,2026-01-01 00-00-00_000,0.3451549725447108,4.5151520970524475,9.76287529929312,0.0,0.0,9.80665,0.013415577439784108,-0.008402738785007037,-0.28121048350002625,20.0,-3.0,42.0,40.17754949512613,-2.0,1.0
52.408057026657026,-1.5231865651653538,80.0,60.11999998311371,4.0,27.78802486747628,9,176900.0,2026-01-01 00-00-00_000,-0.1747622998292398,4.66525651006116,9.530002310652938,0.0,0.0,9.80665,-0.005212944648425553,0.0027601450903309388,-0.2702231086206908,20.0,-3.0,42.0,41.74613599478619,-2.0,1.0
52.40817757575696,-1.5230414516927042,80.0,60.1199999850979,4.0,43.31846463588522,9,177000.0,2026-01-01 00-00-00_000,0.025810394693183365,4.932869799354962,10.162097104069913,0.0,0.0,9.80665,-0.00583760815204168,-0.018604971807936726,-0.2610657782245092,20.0,-3.0,42.0,43.31846463588522,-2.0,1.0
52.40817757575696,-1.5230414516927042,80.0,60.1199999850979,4.0,43.31846463588522,9,177100.0,2026-01-01 00-00-00_000,0.19619230388694392,4.901108309257345,9.95898383552918,0.0,0.0,9.80665,0.013921784816560425,0.012466773969330524,-0.28354921197505784,20.0,-3.0,42.0,44.894330220500535,-2.0,1.0
52.40817757575696,-1.5230414516927042,80.0,60.1199999850979,4.0,43.31846463588522,9,177200.0,2026-01-01 00-00-00_000,-0.3598360303493159,4.776912654380057,9.465203940925893,0.0,0.0,9.80665,-0.0029132573550808205,0.00842002668023034,-0.2734526930001712,20.0,-3.0,42.0,46.47352708911802,-2.0,1.0
52.40817757575696,-1.5230414516927042,80.0,60.1199999850979,4.0,43.31846463588522,9,177300.0,2026-01-01 00-00-00_000,0.3883476636684268,4.556769329673308,9.87758192240923,0.0,0.0,9.80665,-0.013948074735338756,0.013945309359850482,-0.2825660691444527,20.0,-3.0,42.0,48.05584914747163,-2.0,1.0
52.40817757575696,-1.5230414516927042,80.0,60.1199999850979,4.0,43.31846463588522,9,177400.0,2026-01-01 00-00-00_000,-0.14121241503896897,4.363088758467509,10.098242797601223,0.0,0.0,9.80665,-0.013497754415713787,-0.00974913581470708,-0.2613087730956392,20.0,-3.0,42.0,49.64108989344038,-2.0,1.0
52.40817757575696,-1.5230414516927042,80.0,60.1199999850979,4.0,43.31846463588522,9,177500.0,2026-01-01 00-00-00_000,0.1283837134945565,4.336524924714016,9.471365754604157,0.0,0.0,9.80665,0.00033621131137676557,-0.0230947081477807,-0.26765224770364315,20.0,-3.0,42.0,51.22904244399763,-2.0,1.0
52.40817757575696,-1.5230414516927042,80.0,60.1199999850979,4.0,43.31846463588522,9,177600.0,2026-01-01 00-00-00_000,0.19760904252589956,4.261371484232017,9.618787225641903,0.0,0.0,9.80665,0.008834701410039171,-0.0061608012924817155,-0.2713348944624031,20.0,-3.0,42.0,52.819499562210694,-2.0,1.0
52.40817757575696,-1.5230414516927042,80.0,60.1199999850979,4.0,43.31846463588522,9,177700.0,2026-01-01 00-00-00_000,-0.31338969430841607,4.32991305606986,10.22053731856797,0.0,0.0,9.80665,0.014771326406281218,-0.0015989516655867681,-0.27423349457812973,20.0,-3.0,42.0,54.41225368428644,-2.0,1.0
52.40817757575696,-1.5230414516927042,80.0,60.1199999850979,4.0,43.31846463588522,9,177800.0,2026-01-01 00-00-00_000,0.2723138738412795,4.450996253076507,9.687502205508533,0.0,0.0,9.80665,-0.001945308808658186,0.0031099645980754782,-0.27605753671404193,20.0,-3.0,42.0,56.007096946659374,-2.0,1.0
52.40817757575696,-1.5230414516927042,80.0,60.1199999850979,4.0,43.31846463588522,9,177900.0,2026-01-01 00-00-00_000,-0.11646376028306259,4.783355110959753,9.423466117189365,0.0,0.0,9.80665,-0.004920752973833651,-0.0051017077681303,-0.2734878111313837,20.0,-3.0,42.0,57.60382121311943,-2.0,1.0
52.40826957371888,-1.5228481965515137,80.0,60.11999998684893,4.0,59.202218101974495,9,178000.0,2026-01-01 00-00-00_000,0.0736494705548861,4.991972122942357,10.088589496578681,0.0,0.0,9.80665,0.015994634372690816,-0.0007576252642462432,-0.27988317553222614,20.0,-3.0,42.0,59.202218101974495,-2.0,1.0
52.40826957371888,-1.5228481965515137,80.0,60.11999998684893,4.0,59.202218101974495,9,178100.0,2026-01-01 00-00-00_000,0.24863007245461377,5.0181924854328095,10.035411161283044,0.0,0.0,9.80665,-0.004810667416569368,0.0015775796288083617,-0.28196777323900407,20.0,-3.0,42.0,60.802079013245816,-2.0,1.0
52.40826957371888,-1.5228481965515137,80.0,60.11999998684893,4.0,59.202218101974495,9,178200.0,2026-01-01 00-00-00_000,-0.2931286468717936,4.92335078151281,9.458358993563538,0.0,0.0,9.80665,0.014346254224633731,-0.015397889994674284,-0.28396268070545605,20.0,-3.0,42.0,62.40319515589107,-2.0,1.0
52.40826957371888,-1.5228481965515137,80.0,60.11999998684893,4.0,59.202218101974495,9,178300.0,2026-01-01 00-00-00_000,0.379686166873636,4.651394060743164,9.917303388487793,0.0,0.0,9.80665,0.002111760900392732,0.01813752676056911,-0.27541977219399816,20.0,-3.0,42.0,64.00535757505332,-2.0,1.0
52.40826957371888,-1.5228481965515137,80.0,60.11999998684893,4.0,59.202218101974495,9,178400.0,2026-01-01 00-00-00_000,-0.18216746003105122,4.462981208531857,10.190908729620501,0.0,0.0,9.80665,0.0021402409728776307,-0.011133688216453653,-0.28184433345019894,20.0,-3.0,42.0,65.6083571793302,-2.0,1.0
52.40826957371888,-1.5228481965515137,80.0,60.11999998684893,4.0,59.202218101974495,9,178500.0,2026-01-01 00-00-00_000,0.07340005953072817,4.359857084340999,9.473634896840956,0.0,0.0,9.80665,-0.0025846416144191206,0.0027184045634037523,-0.2689801544200804,20.0,-3.0,42.0,67.21198476806205,-2.0,1.0
52.40826957371888,-1.5228481965515137,80.0,60.11999998684893,4.0,59.202218101974495,9,178600.0,2026-01-01 00-00-00_000,0.2930767310306972,4.252623835017572,9.637950010919475,0.0,0.0,9.80665,0.00273673571360849,0.010872443531409304,-0.2921825579784671,20.0,-3.0,42.0,68.81603105863383,-2.0,1.0
52.40826957371888,-1.5228481965515137,80.0,60.11999998684893,4.0,59.202218101974495,9,178700.0,2026-01-01 00-00-00_000,-0.3433579544710646,4.44657055297841,10.233922714122647,0.0,0.0,9.80665,-0.004874664077008929,-0.0077299962847563386,-0.2714717131596527,20.0,-3.0,42.0,70.42028671378705,-2.0,1.0
52.40826957371888,-1.5228481965515137,80.0,60.11999998684893,4.0,59.202218101974495,9,178800.0,2026-01-01 00-00-00_000,0.36290544788120516,4.531677134614331,9.749498295376025,0.0,0.0,9.80665,-0.0070205526406336635,0.00012761518828437076,-0.27173750455284545,20.0,-3.0,42.0,72.02454236894033,-2.0,1.0
52.40826957371888,-1.5228481965515137,80.0,60.11999998684893,4.0,59.202218101974495,9,178900.0,2026-01-01 00-00-00_000,-0.19013625217175767,4.895391306242457,9.4358130836012,0.0,0.0,9.80665,-0.001581968264233048,0.016416706034613232,-0.2663954817678979,20.0,-3.0,42.0,73.62858865951205,-2.0,1.0
52.40832555336155,-1.5226209028195925,80.0,60.11999998839424,4.0,75.23221624824396,9,179000.0,2026-01-01 00-00-00_000,-0.04249270844637156,4.959046275999996,10.10141949923897,0.0,0.0,9.80665,-0.006731417601110954,-0.002715134444727387,-0.2777385972346136,20.0,-3.0,42.0,75.23221624824396,-2.0,1.0
52.40832555336155,-1.5226209028195925,80.0,60.11999998839424,4.0,75.23221624824396,9,179100.0,2026-01-01 00-00-00_000,0.2717885496560618,5.043130119411233,10.078604571514305,0.0,0.0,9.80665,0.002812609712500645,0.010550159489556009,-0.2873436053763952,20.0,-3.0,42.0,76.83521585252078,-2.0,1.0
52.40832555336155,-1.5226209028195925,80.0,60.11999998839424,4.0,75.23221624824396,9,179200.0,2026-01-01 00-00-00_000,-0.31786757403273375,4.872527069357846,9.372808585866888,0.0,0.0,9.80665,0.0006243781636467846,0.0030144598755761647,-0.282708761827031,20.0,-3.0,42.0,78.43737827168303,-2.0,1.0
52.40832555336155,-1.5226209028195925,80.0,60.11999998839424,4.0,75.23221624824396,9,179300.0,2026-01-01 00-00-00_000,0.41092072106614136,4.73681132517027,9.891466315519757,0.0,0.0,9.80665,-0.0028502325814663072,0.0023905617057817783,-0.26654072188141775,20.0,-3.0,42.0,80.03849441432834,-2.0,1.0
52.40832555336155,-1.5226209028195925,80.0,60.11999998839424,4.0,75.23221624824396,9,179400.0,2026-01-01 00-00-00_000,-0.10812690705957712,4.467529131184012,10.220165529039877,0.0,0.0,9.80665,-0.0022246697590225543,0.007283061304885802,-0.2774991423276375,20.0,-3.0,42.0,81.63835532559966,-2.0,1.0
52.40832555336155,-1.5226209028195925,80.0,60.11999998839424,4.0,75.23221624824396,9,179500.0,2026-01-01 00-00-00_000,0.0656566799042157,4.248248190043754,9.520576351391608,0.0,0.0,9.80665,-0.002513302271978355,-0.0022021652681583864,-0.27808123494291453,20.0,-3.0,42.0,83.23675221445467,-2.0,1.0
52.40832555336155,-1.5226209028195925,80.0,60.11999998839424,4.0,75.23221624824396,9,179600.0,2026-01-01 00-00-00_000,0.18847035073799362,4.173922567155987,9.69170795607055,0.0,0.0,9.80665,0.01716060852014428,-0.00198282909299494,-0.27913057875241565,20.0,-3.0,42.0,84.83347648091473,-2.0,1.0
52.40832555336155,-1.5226209028195925,80.0,60.11999998839424,4.0,75.23221624824396,9,179700.0,2026-01-01 00-00-00_000,-0.2572705403636769,4.456279543764615,10.18977082915099,0.0,0.0,9.80665,-0.0003202148202245826,0.009726975245910454,-0.2747589341191422,20.0,-3.0,42.0,86.42831974328772,-2.0,1.0
52.40832555336155,-1.5226209028195925,80.0,60.11999998839424,4.0,75.23221624824396,9,179800.0,2026-01-01 00-00-00_000,0.38690748156658394,4.4995804338599426,9.798177437554283,0.0,0.0,9.80665,-0.006167141303964195,0.0027299571765661574,-0.2756640510316418,20.0,-3.0,42.0,88.0210738653634,-2.0,1.0
52.40832555336155,-1.5226209028195925,80.0,60.11999998839424,4.0,75.23221624824396,9,179900.0,2026-01-01 00-00-00_000,-0.1476988237485527,4.743048311723041,9.543303670881803,0.0,0.0,9.80665,-0.0031862002275981427,0.005093534595546399,-0.2856097382241149,20.0,-3.0,42.0,89.61153098357647,-2.0,1.0
52.40834111167503,-1.5223771080962887,80.0,60.119999989757936,4.0,91.19948353413372,9,180000.0,2026-01-01 00-00-00_000,0.07706744485921649,4.832648420664493,10.138017320107489,0.0,0.0,9.80665,0.006394297830398539,-0.011831924496673401,-0.2777047201996846,20.0,-3.0,42.0,91.19948353413372,-2.0,1.0
52.40834111167503,-1.5223771080962887,80.0,60.119999989757936,4.0,91.19948353413372,9,180100.0,2026-01-01 00-00-00_000,0.2719631323188074,4.934123420781669,9.954083777240548,0.0,0.0,9.80665,-0.002234580917026772,0.00029132886188011213,-0.2647477849693339,20.0,-3.0,42.0,92.78472428010247,-2.0,1.0
52.40834111167503,-1.5223771080962887,80.0,60.119999989757936,4.0,91.19948353413372,9,180200.0,2026-01-01 00-00-00_000,-0.21333032396868068,4.918714968569093,9.552067576730378,0.0,0.0,9.80665,-0.001737020366481673,0.012247706729177276,-0.260806802496303,20.0,-3.0,42.0,94.36704633845613,-2.0,1.0
52.40834111167503,-1.5223771080962887,80.0,60.119999989757936,4.0,91.19948353413372,9,180300.0,2026-01-01 00-00-00_000,0.3413171281064142,4.597528057550166,9.949762431755861,0.0,0.0,9.80665,-0.0027928087461115613,0.009119836471155149,-0.27248159242700926,20.0,-3.0,42.0,95.94624320707356,-2.0,1.0
52.40834111167503,-1.5223771080962887,80.0,60.119999989757936,4.0,91.19948353413372,9,180400.0,2026-01-01 00-00-00_000,-0.22758103537369778,4.3600653198242005,10.05421001529424,0.0,0.0,9.80665,0.0014151639003370695,0.003570758956436481,-0.2749705829568389,20.0,-3.0,42.0,97.52210879168888,-2.0,1.0
52.40834111167503,-1.5223771080962887,80.0,60.119999989757936,4.0,91.19948353413372,9,180500.0,2026-01-01 00-00-00_000,0.14165459237329148,4.278259367941477,9.575343032156022,0.0,0.0,9.80665,0.0036737092853978723,-0.005036618834943353,-0.2597774350193143,20.0,-3.0,42.0,99.09443743278803,-2.0,1.0
52.40834111167503,-1.5223771080962887,80.0,60.119999989757936,4.0,91.19948353413372,9,180600.0,2026-01-01 00-00-00_000,0.2761187321878919,4.157905994122906,9.658468333107098,0.0,0.0,9.80665,0.004203150675702478,-0.005983504145674917,-0.2710602603375495,20.0,-3.0,42.0,100.66302393244797,-2.0,1.0
52.40834111167503,-1.5223771080962887,80.0,60.119999989757936,4.0,91.19948353413372,9,180700.0,2026-01-01 00-00-00_000,-0.26996612913740015,4.234943073072474,10.253899277545676,0.0,0.0,9.80665,-0.016585802644304926,0.00452041752183932,-0.2781561508897313,20.0,-3.0,42.0,102.22766358111733,-2.0,1.0
52.40834111167503,-1.5223771080962887,80.0,60.119999989757936,4.0,91.19948353413372,9,180800.0,2026-01-01 00-00-00_000,0.3741214849986541,4.417313754099841,9.813712412813839,0.0,0.0,9.80665,-0.010903107869463819,0.014321775066787614,-0.2692518135285804,20.0,-3.0,42.0,103.78815218433073,-2.0,1.0
52.40834111167503,-1.5223771080962887,80.0,60.119999989757936,4.0,91.19948353413372,9,180900.0,2026-01-01 00-00-00_000,-0.17435659219706573,4.70050673370318,9.488130251521092,0.0,0.0,9.80665,-0.026508753148945005,0.0005760585353631816,-0.262101289646413,20.0,-3.0,42.0,105.34428608935866,-2.0,1.0
52.40831549285934,-1.5221355792151339,80.0,60.11999999096142,4.0,106.89586221178439,9,181000.0,2026-01-01 00-00-00_000,-0.06350513263694582,4.847479779241472,10.033548456961364,0.0,0.0,9.80665,0.0077750432698509625,0.013182968126517654,-0.2545852432550521,20.0,-3.0,42.0,106.89586221178439,-2.0,1.0
52.40831549285934,-1.5221355792151339,80.0,60.11999999096142,4.0,106.89586221178439,9,181100.0,2026-01-01 00-00-00_000,0.3192691536484861,4.764159303941771,9.881694412221947,0.0,0.0,9.80665,0.01084128068904295,-0.0028457405213728046,-0.26967565699130924,20.0,-3.0,42.0,108.44267806200804,-2.0,1.0
52.40831549285934,-1.5221355792151339,80.0,60.11999999096142,4.0,106.89586221178439,9,181200.0,2026-01-01 00-00-00_000,-0.28536849087887556,4.745227266861236,9.46610481423201,0.0,0.0,9.80665,0.012759914530678271,0.012151298553109258,-0.26082139957661965,20.0,-3.0,42.0,109.98453177167278,-2.0,1.0
52.40831549285934,-1.5221355792151339,80.0,60.11999999096142,4.0,106.89586221178439,9,181300.0,2026-01-01 00-00-00_000,0.3380714871928664,4.550785647986669,9.831253766640945,0.0,0.0,9.80665,0.0011974580961014913,-0.009836822975167313,-0.2666907174516274,20.0,-3.0,42.0,111.52122212000967,-2.0,1.0
52.40831549285934,-1.5221355792151339,80.0,60.11999999096142,4.0,106.89586221178439,9,181400.0,2026-01-01 00-00-00_000,-0.19037080177323712,4.226850837224849,10.125539086819593,0.0,0.0,9.80665,0.011245404247040586,0.0020189467247106498,-0.2543058029428645,20.0,-3.0,42.0,113.05254856009788,-2.0,1.0
52.40831549285934,-1.5221355792151339,80.0,60.11999999096142,4.0,106.89586221178439,9,181500.0,2026-01-01 00-00-00_000,0.09163901737427518,4.057695480050942,9.580636901154259,0.0,0.0,9.80665,-0.0006101618903327255,-0.010513981112337875,-0.26020481655348837,20.0,-3.0,42.0,114.57831124503741,-2.0,1.0
52.40831549285934,-1.5221355792151339,80.0,60.11999999096142,4.0,106.89586221178439,9,181600.0,2026-01-01 00-00-00_000,0.2998649727694492,3.951594959813835,9.620033176872184,0.0,0.0,9.80665,-0.001447405393887352,0.006746707792226361,-0.25916880059997255,20.0,-3.0,42.0,116.09831105403049,-2.0,1.0
52.40831549285934,-1.5221355792151339,80.0,60.11999999096142,4.0,106.89586221178439,9,181700.0,2026-01-01 00-00-00_000,-0.319918052374634,4.093438935594873,10.207913095987351,0.0,0.0,9.80665,-0.015640192320352683,0.005876926351562981,-0.2678240953614165,20.0,-3.0,42.0,117.61234961836777,-2.0,1.0
52.40831549285934,-1.5221355792151339,80.0,60.11999999096142,4.0,106.89586221178439,9,181800.0,2026-01-01 00-00-00_000,0.3021673917760002,4.343678459053037,9.786040490120145,0.0,0.0,9.80665,-0.00805982765793424,-0.009333970616228858,-0.2615820486937408,20.0,-3.0,42.0,119.12022934731635,-2.0,1.0
52.40831549285934,-1.5221355792151339,80.0,60.11999999096142,4.0,106.89586221178439,9,181900.0,2026-01-01 00-00-00_000,-0.17556963849840027,4.444438878561074,9.50915630284424,0.0,0.0,9.80665,-0.006155451528039947,-0.007287085187689008,-0.26050870648218194,20.0,-3.0,42.0,120.62175345390688,-2.0,1.0
52.408251531845764,-1.5219139266127197,80.0,60.11999999202348,4.0,122.11672598061529,9,182000.0,2026-01-01 00-00-00_000,0.02212546814733521,4.683469130757592,10.096611598679937,0.0,0.0,9.80665,0.008937833005430383,-0.00427117042910468,-0.2848717026285788,20.0,-3.0,42.0,122.11672598061529,-2.0,1.0
52.408251531845764,-1.5219139266127197,80.0,60.11999999202348,4.0,122.11672598061529,9,182100.0,2026-01-01 00-00-00_000,0.30156900544613885,4.649261810930732,10.047068514690885,0.0,0.0,9.80665,0.016336575614072698,-0.014719743015613964,-0.24900189994099,20.0,-3.0,42.0,123.60495182493622,-2.0,1.0
52.408251531845764,-1.5219139266127197,80.0,60.11999999202348,4.0,122.11672598061529,9,182200.0,2026-01-01 00-00-00_000,-0.41598847649161264,4.496615189008061,9.485311101059965,0.0,0.0,9.80665,-0.0049255986352736945,-0.009099775248111995,-0.2545354390914561,20.0,-3.0,42.0,125.08623676484541,-2.0,1.0
52.408251531845764,-1.5219139266127197,80.0,60.11999999202348,4.0,122.11672598061529,9,182300.0,2026-01-01 00-00-00_000,0.32320464321224546,4.360871379266391,9.84365220734617,0.0,0.0,9.80665,0.0034821731283669727,-0.008483917864751942,-0.25483200995421346,20.0,-3.0,42.0,126.56038748414608,-2.0,1.0
52.408251531845764,-1.5219139266127197,80.0,60.11999999202348,4.0,122.11672598061529,9,182400.0,2026-01-01 00-00-00_000,-0.16249776625016474,4.0325144953563345,10.122362609765934,0.0,0.0,9.80665,0.0025162716268855995,0.00796652129639088,-0.2547448369653651,20.0,-3.0,42.0,128.0272115976985,-2.0,1.0
52.408251531845764,-1.5219139266127197,80.0,60.11999999202348,4.0,122.11672598061529,9,182500.0,2026-01-01 00-00-00_000,0.05773119096019151,3.8904615424892763,9.533351381129817,0.0,0.0,9.80665,-0.007972194358540869,0.013975052608525764,-0.25042292960947504,20.0,-3.0,42.0,129.48651767652717,-2.0,1.0
52.408251531845764,-1.5219139266127197,80.0,60.11999999202348,4.0,122.11672598061529,9,182600.0,2026-01-01 00-00-00_000,0.37281346370126894,3.8381981115090307,9.629864203783699,0.0,0.0,9.80665,-0.017443053686096787,-0.004283811419172813,-0.24740077393463616,20.0,-3.0,42.0,130.93811527280292,-2.0,1.0
52.408251531845764,-1.5219139266127197,80.0,60.11999999202348,4.0,122.11672598061529,9,182700.0,2026-01-01 00-00-00_000,-0.2543703875487092,3.959061335543941,10.25367572756339,0.0,0.0,9.80665,-0.007767668664842337,-0.0027221654280597217,-0.2580729372299856,20.0,-3.0,42.0,132.3818149446983,-2.0,1.0
52.408251531845764,-1.5219139266127197,80.0,60.11999999202348,4.0,122.11672598061529,9,182800.0,2026-01-01 00-00-00_000,0.48811335746259565,4.050047244370993,9.801787900989432,0.0,0.0,9.80665,-0.01460365406825061,0.002288061873602281,-0.2455192236878774,20.0,-3.0,42.0,133.81742828111038,-2.0,1.0
52.408251531845764,-1.5219139266127197,80.0,60.11999999202348,4.0,122.11672598061529,9,182900.0,2026-01-01 00-00-00_000,-0.11017768821911408,4.29738458734784,9.521135307464093,0.0,0.0,9.80665,-0.0034014734380280556,-0.0050586260007096295,-0.24416321919171743,20.0,-3.0,42.0,135.24476792624893,-2.0,1.0
52.4081549947389,-1.5217265449329676,80.0,60.11999999296074,4.0,136.66364760408862,9,183000.0,2026-01-01 00-00-00_000,-0.10113911537170517,4.404651860013465,10.190280788515693,0.0,0.0,9.80665,-0.0016627096945552372,-0.002626202548757525,-0.2433551637090106,20.0,-3.0,42.0,136.66364760408862,-2.0,1.0
52.4081549947389,-1.5217265449329676,80.0,60.11999999296074,4.0,136.66364760408862,9,183100.0,2026-01-01 00-00-00_000,0.17581541503804832,4.416822003405317,9.989334588613769,0.0,0.0,9.80665,-0.0020569090030444635,0.008517193668082871,-0.2536287033427183,20.0,-3.0,42.0,138.0738821426781,-2.0,1.0
52.4081549947389,-1.5217265449329676,80.0,60.11999999296074,4.0,136.66364760408862,9,183200.0,2026-01-01 00-00-00_000,-0.27197227060458395,4.396176063557486,9.372629302969328,0.0,0.0,9.80665,-0.0019312076169910794,0.0024514638990616863,-0.24160985276783098,20.0,-3.0,42.0,139.4752874983064,-2.0,1.0
52.4081549947389,-1.5217265449329676,80.0,60.11999999296074,4.0,136.66364760408862,9,183300.0,2026-01-01 00-00-00_000,0.4008887581801174,4.128760007595332,9.8388057560931,0.0,0.0,9.80665,0.004576183533247906,-0.0006966243335609799,-0.24893613714276566,20.0,-3.0,42.0,140.86768077952183,-2.0,1.0
52.4081549947389,-1.5217265449329676,80.0,60.11999999296074,4.0,136.66364760408862,9,183400.0,2026-01-01 00-00-00_000,-0.1691421213478025,3.928751431137824,10.21024819443678,0.0,0.0,9.80665,-0.009560243116677497,-0.005566275377879285,-0.23463115858452752,20.0,-3.0,42.0,142.25088027100003,-2.0,1.0
52.4081549947389,-1.5217265449329676,80.0,60.11999999296074,4.0,136.66364760408862,9,183500.0,2026-01-01 00-00-00_000,0.07597491578761179,3.5158430850106828,9.54590065417244,0.0,0.0,9.80665,0.008615540158413627,0.014847943939022562,-0.22546736966845118,20.0,-3.0,42.0,143.62470545725898,-2.0,1.0
52.4081549947389,-1.5217265449329676,80.0,60.11999999296074,4.0,136.66364760408862,9,183600.0,2026-01-01 00-00-00_000,0.2844786876818686,3.5678221852287524,9.675090253356748,0.0,0.0,9.80665,-0.01695442722562504,-0.005978396032407782,-0.2272661542677291,20.0,-3.0,42.0,144.98897704621777,-2.0,1.0
52.4081549947389,-1.5217265449329676,80.0,60.11999999296074,4.0,136.66364760408862,9,183700.0,2026-01-01 00-00-00_000,-0.14657925514655773,3.647430987256521,10.144048014893304,0.0,0.0,9.80665,0.00036395714029312834,0.0013631822391621073,-0.23498854004407255,20.0,-3.0,42.0,146.34351699259423,-2.0,1.0
52.4081549947389,-1.5217265449329676,80.0,60.11999999296074,4.0,136.66364760408862,9,183800.0,2026-01-01 00-00-00_000,0.41089380442588735,3.8160457257754192,9.733324402838614,0.0,0.0,9.80665,0.0036211129973629658,-0.010163039758096539,-0.23482747819883248,20.0,-3.0,42.0,147.6881485211419,-2.0,1.0
52.4081549947389,-1.5217265449329676,80.0,60.11999999296074,4.0,136.66364760408862,9,183900.0,2026-01-01 00-00-00_000,-0.17151258308106515,4.065607556734818,9.520752406856245,0.0,0.0,9.80665,-0.008168354067849807,-0.0057866769795216835,-0.23326185752783313,20.0,-3.0,42.0,149.0226961497196,-2.0,1.0
52.40803349989836,-1.5215832705278585,80.0,60.11999999378788,4.0,150.3469857121931,9,184000.0,2026-01-01 00-00-00_000,-0.011072156211598773,4.15101229758219,10.124605030328278,0.0,0.0,9.80665,-0.016188421421525913,0.001095179602363297,-0.22435024566059025,20.0,-3.0,42.0,150.3469857121931,-2.0,1.0
52.40803349989836,-1.5215832705278585,80.0,60.11999999378788,4.0,150.3469857121931,9,184100.0,2026-01-01 00-00-00_000,0.24177138705879342,4.220147129877173,10.013794197547117,0.0,0.0,9.80665,0.006109207721378129,-0.0037905843958462395,-0.23042618404769824,20.0,-3.0,42.0,151.6608443811648,-2.0,1.0
52.40803349989836,-1.5215832705278585,80.0,60.11999999378788,4.0,150.3469857121931,9,184200.0,2026-01-01 00-00-00_000,-0.35028885835732837,4.044513635032634,9.559959221320135,0.0,0.0,9.80665,-0.006992892791084422,0.0054796548070304915,-0.22756285614541594,20.0,-3.0,42.0,152.96410069052854,-2.0,1.0
52.40803349989836,-1.5215832705278585,80.0,60.11999999378788,4.0,150.3469857121931,9,184300.0,2026-01-01 00-00-00_000,0.4767595790746994,3.7917568551155147,9.949368776148736,0.0,0.0,9.80665,0.0075367903923395365,0.000830498711499297,-0.24102893158523622,20.0,-3.0,42.0,154.25658455784685,-2.0,1.0
52.40803349989836,-1.5215832705278585,80.0,60.11999999378788,4.0,150.3469857121931,9,184400.0,2026-01-01 00-00-00_000,-0.20085081925465462,3.465808871728191,10.172138851015102,0.0,0.0,9.80665,0.007402119778414646,-0.013662213020211436,-0.22622490836873382,20.0,-3.0,42.0,155.53812730654852,-2.0,1.0
52.40803349989836,-1.5215832705278585,80.0,60.11999999378788,4.0,150.3469857121931,9,184500.0,2026-01-01 00-00-00_000,0.06132686371499414,3.3709014926704466,9.551182415721211,0.0,0.0,9.80665,-0.00032899715108612287,-0.0229026767024197,-0.22376838104987032,20.0,-3.0,42.0,156.80856168794026,-2.0,1.0
52.40803349989836,-1.5215832705278585,80.0,60.11999999378788,4.0,150.3469857121931,9,184600.0,2026-01-01 00-00-00_000,0.28145625614998226,3.251232086396176,9.702025137070747,0.0,0.0,9.80665,-0.0002867144700490247,0.010091367635301426,-0.21989902392147256,20.0,-3.0,42.0,158.06772190303525,-2.0,1.0
52.40803349989836,-1.5215832705278585,80.0,60.11999999378788,4.0,150.3469857121931,9,184700.0,2026-01-01 00-00-00_000,-0.25909640743230183,3.3438908525281437,10.233236810272102,0.0,0.0,9.80665,0.009583937920347839,-0.005680937751099853,-0.2042605839924791,20.0,-3.0,42.0,159.3154436241898,-2.0,1.0
52.40803349989836,-1.5215832705278585,80.0,60.11999999378788,4.0,150.3469857121931,9,184800.0,2026-01-01 00-00-00_000,0.31020331377146804,3.4762408264104825,9.821037501162337,0.0,0.0,9.80665,0.003484772973120082,0.014925971168017749,-0.2222432380444097,20.0,-3.0,42.0,160.5515640165496,-2.0,1.0
52.40803349989836,-1.5215832705278585,80.0,60.11999999378788,4.0,150.3469857121931,9,184900.0,2026-01-01 00-00-00_000,-0.07907400480355362,3.7182648777923735,9.503709383547813,0.0,0.0,9.80665,-0.009586444579096234,0.0002896872579823545,-0.21997726664985195,20.0,-3.0,42.0,161.77592175930022,-2.0,1.0
52.40789528400468,-1.521488927424398,80.0,60.11999999451783,4.0,162.98835706672082,9,185000.0,2026-01-01 00-00-00_000,-0.014398254367775809,3.849804757504562,10.139804552750816,0.0,0.0,9.80665,0.001401379234108298,-0.007486553052651894,-0.20287990758872268,20.0,-3.0,42.0,162.98835706672082,-2.0,1.0
52.40789528400468,-1.521488927424398,80.0,60.11999999451783,4.0,162.98835706672082,9,185100.0,2026-01-01 00-00-00_000,0.1910682055196712,3.8598146910461595,9.999471121644687,0.0,0.0,9.80665,0.005252908460530472,0.005719113480412533,-0.2130843156300141,20.0,-3.0,42.0,164.18871170903674,-2.0,1.0
52.40789528400468,-1.521488927424398,80.0,60.11999999451783,4.0,162.98835706672082,9,185200.0,2026-01-01 00-00-00_000,-0.27870719666102645,3.636552015486551,9.487862651982551,0.0,0.0,9.80665,0.0017479781198202083,-0.002562928804324825,-0.2045853692981627,20.0,-3.0,42.0,165.3768290330696,-2.0,1.0
52.40789528400468,-1.521488927424398,80.0,60.11999999451783,4.0,162.98835706672082,9,185300.0,2026-01-01 00-00-00_000,0.3238533898290027,3.5286830454069507,9.911247362591348,0.0,0.0,9.80665,0.0016161829410144446,0.0002696044718950445,-0.19979650011942413,20.0,-3.0,42.0,166.55255398268127,-2.0,1.0
52.40789528400468,-1.521488927424398,80.0,60.11999999451783,4.0,162.98835706672082,9,185400.0,2026-01-01 00-00-00_000,-0.225340248323607,3.260477642948317,10.202123395545895,0.0,0.0,9.80665,-0.001743362285460775,-0.009137080700909577,-0.19883853068507823,20.0,-3.0,42.0,167.71573311900977,-2.0,1.0
52.40789528400468,-1.521488927424398,80.0,60.11999999451783,4.0,162.98835706672082,9,185500.0,2026-01-01 00-00-00_000,0.01647842773406883,3.105772577585456,9.502210246002727,0.0,0.0,9.80665,-0.0014548639841513,0.006517035937314397,-0.2027844695004125,20.0,-3.0,42.0,168.8662146404938,-2.0,1.0
52.40789528400468,-1.521488927424398,80.0,60.11999999451783,4.0,162.98835706672082,9,185600.0,2026-01-01 00-00-00_000,0.28082863240207767,2.9817865649569946,9.564828611684206,0.0,0.0,9.80665,-0.009597814051634996,0.011081659351027775,-0.18735620438578282,20.0,-3.0,42.0,170.00384840268396,-2.0,1.0
52.40789528400468,-1.521488927424398,80.0,60.11999999451783,4.0,162.98835706672082,9,185700.0,2026-01-01 00-00-00_000,-0.2506772900703128,2.984821982242365,10.191744531350752,0.0,0.0,9.80665,-0.014537162063618696,-0.005105092183650739,-0.18057572264940813,20.0,-3.0,42.0,171.1284859378369,-2.0,1.0
52.40789528400468,-1.521488927424398,80.0,60.11999999451783,4.0,162.98835706672082,9,185800.0,2026-01-01 00-00-00_000,0.3449073472537954,3.1688812467004257,9.693322595160497,0.0,0.0,9.80665,0.01094600518150346,0.017954881736758313,-0.19775210834671333,20.0,-3.0,42.0,172.23998047429188,-2.0,1.0
52.40789528400468,-1.521488927424398,80.0,60.11999999451783,4.0,162.98835706672082,9,185900.0,2026-01-01 00-00-00_000,-0.2155806758353099,3.315655129102831,9.447510559674736,0.0,0.0,9.80665,-0.006618095854132369,-0.005541428853414096,-0.18973836245005593,20.0,-3.0,42.0,173.3381869556249,-2.0,1.0
52.407748072934574,-1.5214436953103305,80.0,60.11999999516199,4.0,174.42296205957962,9,186000.0,2026-01-01 00-00-00_000,0.1276365700500725,3.393098863383235,10.063144103575029,0.0,0.0,9.80665,0.0019406348364539086,0.002629683498000676,-0.17796716281872174,20.0,-3.0,42.0,174.42296205957962,-2.0,1.0
52.407748072934574,-1.5214436953103305,80.0,60.11999999516199,4.0,174.42296205957962,9,186100.0,2026-01-01 00-00-00_000,0.2493395486589551,3.4556075734704708,10.014554359004169,0.0,0.0,9.80665,-0.01522876827490729,-0.016197169247759945,-0.18452559899231163,20.0,-3.0,42.0,175.4941642167713,-2.0,1.0
52.407748072934574,-1.5214436953103305,80.0,60.11999999516199,4.0,174.42296205957962,9,186200.0,2026-01-01 00-00-00_000,-0.25983528656144517,3.2970442608549813,9.441566549925772,0.0,0.0,9.80665,0.0013034024201644787,-0.01906965989399175,-0.18830284895241864,20.0,-3.0,42.0,176.55165362916318,-2.0,1.0
52.407748072934574,-1.5214436953103305,80.0,60.11999999516199,4.0,174.42296205957962,9,186300.0,2026-01-01 00-00-00_000,0.40050199573201006,3.110363020815259,9.939362356804295,0.0,0.0,9.80665,-0.008516944013984892,0.0211289891648979,-0.1814432134508645,20.0,-3.0,42.0,177.59529228831025,-2.0,1.0
52.407748072934574,-1.5214436953103305,80.0,60.11999999516199,4.0,174.42296205957962,9,186400.0,2026-01-01 00-00-00_000,-0.19297599218659786,2.701065831085007,10.25157551969569,0.0,0.0,9.80665,0.02928280884283461,0.014364050235019245,-0.16918963442110524,20.0,-3.0,42.0,178.6249439933705,-2.0,1.0
52.407748072934574,-1.5214436953103305,80.0,60.11999999516199,4.0,174.42296205957962,9,186500.0,2026-01-01 00-00-00_000,0.09657178157020321,2.6153910209580853,9.56943949899874,0.0,0.0,9.80665,-0.010417143653268823,0.011602702190257982,-0.18093893064165645,20.0,-3.0,42.0,179.6404743688796,-2.0,1.0
52.407748072934574,-1.5214436953103305,80.0,60.11999999516199,4.0,174.42296205957962,9,186600.0,2026-01-01 00-00-00_000,0.23907801407342408,2.475171336407702,9.661738196239275,0.0,0.0,9.80665,-0.009888177920382952,-0.016818532079091796,-0.16873205079505454,20.0,-3.0,42.0,180.64175088228808,-2.0,1.0
52.407748072934574,-1.5214436953103305,80.0,60.11999999516199,4.0,174.42296205957962,9,186700.0,2026-01-01 00-00-00_000,-0.3118737679255532,2.555308503928022,10.119671948585914,0.0,0.0,9.80665,0.009110965120269092,0.002394145978039565,-0.16522780518001082,20.0,-3.0,42.0,181.6286428612574,-2.0,1.0
52.407748072934574,-1.5214436953103305,80.0,60.11999999516199,4.0,174.42296205957962,9,186800.0,2026-01-01 00-00-00_000,0.38312169472449426,2.775651926489638,9.724067118046202,0.0,0.0,9.80665,0.011045393642040453,0.004327427787297543,-0.17073476777208416,20.0,-3.0,42.0,182.60102151071305,-2.0,1.0
52.407748072934574,-1.5214436953103305,80.0,60.11999999516199,4.0,174.42296205957962,9,186900.0,2026-01-01 00-00-00_000,-0.16605903369982966,2.825083165566011,9.498495882451065,0.0,0.0,9.80665,-0.021245021063693827,0.0009279867190268239,-0.15871398660536007,20.0,-3.0,42.0,183.5587599296539,-2.0,1.0
52.407598243302814,-1.5214440549588744,80.0,60.11999999573047,4.0,184.5017331277129,9,187000.0,2026-01-01 00-00-00_000,0.042902080562284395,2.9849203250978698,10.014405881811632,0.0,0.0,9.80665,0.0022585446610943853,0.003105692494490069,-0.1553474504943737,20.0,-3.0,42.0,184.5017331277129,-2.0,1.0
52.407598243302814,-1.5214440549588744,80.0,60.11999999573047,4.0,184.5017331277129,9,187100.0,2026-01-01 00-00-00_000,0.2857490165145364,2.997802617203141,9.999356051525467,0.0,0.0,9.80665,0.008464727949358179,-0.009042474119180062,-0.15017577013300204,20.0,-3.0,42.0,185.42981804146905,-2.0,1.0
52.407598243302814,-1.5214440549588744,80.0,60.11999999573047,4.0,184.5017331277129,9,187200.0,2026-01-01 00-00-00_000,-0.32176081493255315,2.9224243870261355,9.443830697098836,0.0,0.0,9.80665,-0.012455513792235818,-0.0014678399546395058,-0.14806357583785065,20.0,-3.0,42.0,186.34289355050782,-2.0,1.0
52.407598243302814,-1.5214440549588744,80.0,60.11999999573047,4.0,184.5017331277129,9,187300.0,2026-01-01 00-00-00_000,0.3234195035801135,2.6402904184278126,9.888074975587502,0.0,0.0,9.80665,0.006522471417061618,-0.011251360321655093,-0.16426291520250713,20.0,-3.0,42.0,187.2408404932288,-2.0,1.0
52.407598243302814,-1.5214440549588744,80.0,60.11999999573047,4.0,184.5017331277129,9,187400.0,2026-01-01 00-00-00_000,-0.1342890806803622,2.353179783288566,10.124769335212735,0.0,0.0,9.80665,-0.0055259121838539425,-0.0033587995666877596,-0.14305749954363256,20.0,-3.0,42.0,188.12354168239597,-2.0,1.0
52.407598243302814,-1.5214440549588744,80.0,60.11999999573047,4.0,184.5017331277129,9,187500.0,2026-01-01 00-00-00_000,0.09199392013902986,2.2286110522902223,9.590389575570095,0.0,0.0,9.80665,-0.010210730975598421,0.003840449080310212,-0.1428056141940212,20.0,-3.0,42.0,188.99088192043178,-2.0,1.0
52.407598243302814,-1.5214440549588744,80.0,60.11999999573047,4.0,184.5017331277129,9,187600.0,2026-01-01 00-00-00_000,0.31704716297171887,2.112448019932766,9.716879908184156,0.0,0.0,9.80665,-0.00377056234446427,-0.00768428136619627,-0.13703413297312836,20.0,-3.0,42.0,189.84274801445133,-2.0,1.0
52.407598243302814,-1.5214440549588744,80.0,60.11999999573047,4.0,184.5017331277129,9,187700.0,2026-01-01 00-00-00_000,-0.2568376945606559,2.1677724831610634,10.195676161542067,0.0,0.0,9.80665,-0.004873831976455934,-0.002640146774962136,-0.14851773598898488,20.0,-3.0,42.0,190.67902879103417,-2.0,1.0
52.407598243302814,-1.5214440549588744,80.0,60.11999999573047,4.0,184.5017331277129,9,187800.0,2026-01-01 00-00-00_000,0.4058582134160357,2.424637534728388,9.749495712005622,0.0,0.0,9.80665,-0.01410536861891568,-0.004179187148738472,-0.132144315568554,20.0,-3.0,42.0,191.49961511073343,-2.0,1.0
52.407598243302814,-1.5214440549588744,80.0,60.11999999573047,4.0,184.5017331277129,9,187900.0,2026-01-01 00-00-00_000,-0.1789980672051575,2.464592791737769,9.507209895162385,0.0,0.0,9.80665,0.021964537554528582,0.0002731451303402199,-0.13352119328531173,20.0,-3.0,42.0,192.3043998823191,-2.0,1.0
52.40745035469738,-1.5214839906565196,80.0,60.11999999623216,4.0,193.09327807675413,9,188000.0,2026-01-01 00-00-00_000,0.06121043439593475,2.540527566368522,10.00185421504241,0.0,0.0,9.80665,-0.004810934284592768,0.00931506593256508,-0.1426375629918211,20.0,-3.0,42.0,193.09327807675413,-2.0,1.0
52.40745035469738,-1.5214839906565196,80.0,60.11999999623216,4.0,193.09327807675413,9,188100.0,2026-01-01 00-00-00_000,0.2799201709106039,2.505573796272571,9.987873724455595,0.0,0.0,9.80665,-0.007707511930536656,0.0024810297154603976,-0.12094917557285148,20.0,-3.0,42.0,193.86614674090072,-2.0,1.0
52.40745035469738,-1.5214839906565196,80.0,60.11999999623216,4.0,193.09327807675413,9,188200.0,2026-01-01 00-00-00_000,-0.29371943296574765,2.493291517692915,9.544280316792326,0.0,0.0,9.80665,0.008205343044133373,0.00406544835837016,-0.13408639309967,20.0,-3.0,42.0,194.6229050109572,-2.0,1.0
52.40745035469738,-1.5214839906565196,80.0,60.11999999623216,4.0,193.09327807675413,9,188300.0,2026-01-01 00-00-00_000,0.4171340426434462,2.158149089772933,9.845748730394483,0.0,0.0,9.80665,-0.0010068246117812493,-0.01426448165133503,-0.13308397265908997,20.0,-3.0,42.0,195.3634541256207,-2.0,1.0
52.40745035469738,-1.5214839906565196,80.0,60.11999999623216,4.0,193.09327807675413,9,188400.0,2026-01-01 00-00-00_000,-0.20674599448999884,1.915851025954852,10.040955046656208,0.0,0.0,9.80665,0.012970096196454069,-0.0035060413470122728,-0.11926505697544768,20.0,-3.0,42.0,196.08769743897642,-2.0,1.0
52.40745035469738,-1.5214839906565196,80.0,60.11999999623216,4.0,193.09327807675413,9,188500.0,2026-01-01 00-00-00_000,0.052762262087888465,1.7048060809228636,9.584639551159471,0.0,0.0,9.80665,-0.0029423279157248594,0.008284658046909917,-0.12418398973490712,20.0,-3.0,42.0,196.79554043311032,-2.0,1.0
52.40745035469738,-1.5214839906565196,80.0,60.11999999623216,4.0,193.09327807675413,9,188600.0,2026-01-01 00-00-00_000,0.24842680571005413,1.6269847294702948,9.641555625058222,0.0,0.0,9.80665,0.003205045386857039,-0.00848334971954827,-0.11380316958526909,20.0,-3.0,42.0,197.48689073044386,-2.0,1.0
52.40745035469738,-1.5214839906565196,80.0,60.11999999623216,4.0,193.09327807675413,9,188700.0,2026-01-01 00-00-00_000,-0.3239519360475494,1.588159684843143,10.198711511358987,0.0,0.0,9.80665,0.0006381204922367707,-0.004215097192206814,-0.11562072752250636,20.0,-3.0,42.0,198.16165810579105,-2.0,1.0
52.40745035469738,-1.5214839906565196,80.0,60.11999999623216,4.0,193.09327807675413,9,188800.0,2026-01-01 00-00-00_000,0.4761874896168242,1.8389173064872473,9.767103593658746,0.0,0.0,9.80665,0.0013675815908548372,-0.009567198358883604,-0.10860635371313926,20.0,-3.0,42.0,198.8197544981316,-2.0,1.0
52.40745035469738,-1.5214839906565196,80.0,60.11999999623216,4.0,193.09327807675413,9,188900.0,2026-01-01 00-00-00_000,-0.2162391801716727,2.0779766552449104,9.470526494296859,0.0,0.0,9.80665,-0.0023573775142773797,0.013433350789292284,-0.10154186182101721,20.0,-3.0,42.0,199.46109402210482,-2.0,1.0
52.40730703490159,-1.521556153083199,80.0,60.11999999667489,4.0,200.0855929792175,9,189000.0,2026-01-01 00-00-00_000,0.08908869931318147,2.1233347320468257,10.052927072171025,0.0,0.0,9.80665,-0.001325120440558274,-0.004408477588611419,-0.10519517980696835,20.0,-3.0,42.0,200.0855929792175,-2.0,1.0
52.40730703490159,-1.521556153083199,80.0,60.11999999667489,4.0,200.0855929792175,9,189100.0,2026-01-01 00-00-00_000,0.3165167338951985,2.1048695108503646,9.983873890913227,0.0,0.0,9.80665,0.01636164227143814,-0.007175877972175253,-0.09523387623030631,20.0,-3.0,42.0,200.6931698687672,-2.0,1.0
52.40730703490159,-1.521556153083199,80.0,60.11999999667489,4.0,200.0855929792175,9,189200.0,2026-01-01 00-00-00_000,-0.27814341596212566,1.9501980327098896,9.44183478744881,0.0,0.0,9.80665,-0.007047655862453235,0.006272912762310362,-0.09243214475868897,20.0,-3.0,42.0,201.28374539847846,-2.0,1.0
52.40730703490159,-1.521556153083199,80.0,60.11999999667489,4.0,200.0855929792175,9,189300.0,2026-01-01 00-00-00_000,0.42205908618133886,1.6787019578153797,9.907755763375791,0.0,0.0,9.80665,-0.0057154220976517725,0.011084614455729088,-0.10253266653484377,20.0,-3.0,42.0,201.857242494851,-2.0,1.0
52.40730703490159,-1.521556153083199,80.0,60.11999999667489,4.0,200.0855929792175,9,189400.0,2026-01-01 00-00-00_000,-0.20054187222326592,1.34997076918354,10.110764194665947,0.0,0.0,9.80665,-0.0037024608023079842,0.0050387106196360726,-0.0863947843376758,20.0,-3.0,42.0,202.4135863132184,-2.0,1.0
52.40730703490159,-1.521556153083199,80.0,60.11999999667489,4.0,200.0855929792175,9,189500.0,2026-01-01 00-00-00_000,0.02424290831320039,1.21436638419438,9.61163743927154,0.0,0.0,9.80665,0.005375292155350867,0.009906130956377983,-0.08522787108332504,20.0,-3.0,42.0,202.95270424751538,-2.0,1.0
52.40730703490159,-1.521556153083199,80.0,60.11999999667489,4.0,200.0855929792175,9,189600.0,2026-01-01 00-00-00_000,0.18068415190303883,1.1341870571989074,9.567765912029271,0.0,0.0,9.80665,0.003693554050919913,0.0022093841410505983,-0.08596428322473311,20.0,-3.0,42.0,203.47452593975368,-2.0,1.0
52.40730703490159,-1.521556153083199,80.0,60.11999999667489,4.0,200.0855929792175,9,189700.0,2026-01-01 00-00-00_000,-0.3530436080939616,1.155065464362721,10.07987593462093,0.0,0.0,9.80665,0.008995057749945247,-0.0011888670167463755,-0.07529775629982802,20.0,-3.0,42.0,203.9789832892036,-2.0,1.0
52.40730703490159,-1.521556153083199,80.0,60.11999999667489,4.0,200.0855929792175,9,189800.0,2026-01-01 00-00-00_000,0.3058644462915975,1.3398722369468392,9.75269977267938,0.0,0.0,9.80665,-0.013593164401219111,-0.00430247667550025,-0.06808168262483896,20.0,-3.0,42.0,204.4660104612825,-2.0,1.0
52.40730703490159,-1.521556153083199,80.0,60.11999999667489,4.0,200.0855929792175,9,189900.0,2026-01-01 00-00-00_000,-0.17284709077737506,1.4654625421136356,9.616595643515437,0.0,0.0,9.80665,0.002284536104394934,-0.00498125385692766,-0.07197811916091741,20.0,-3.0,42.0,204.93554389614587,-2.0,1.0
52.40716913733955,-1.5216527751770466,80.0,60.119999997065605,4.0,205.3875223169822,9,190000.0,2026-01-01 00-00-00_000,0.04093767619828727,1.5720168420934741,10.184802550520438,0.0,0.0,9.80665,-0.0020390335973737342,-0.0058689123166821,-0.08620074997579426,20.0,-3.0,42.0,205.3875223169822,-2.0,1.0
52.40716913733955,-1.5216527751770466,80.0,60.119999997065605,4.0,205.3875223169822,9,190100.0,2026-01-01 00-00-00_000,0.29587313792976017,1.5806911557127212,10.034571943313836,0.0,0.0,9.80665,-0.0031320012812024295,0.0037646566558348915,-0.06828229416588145,20.0,-3.0,42.0,205.82188673801056,-2.0,1.0
52.40716913733955,-1.5216527751770466,80.0,60.119999997065605,4.0,205.3875223169822,9,190200.0,2026-01-01 00-00-00_000,-0.29291707508227793,1.4766169836840835,9.472510698578695,0.0,0.0,9.80665,0.0013362825234572507,-0.0010391390530493443,-0.06966933132520306,20.0,-3.0,42.0,206.238580472178,-2.0,1.0
52.40716913733955,-1.5216527751770466,80.0,60.119999997065605,4.0,205.3875223169822,9,190300.0,2026-01-01 00-00-00_000,0.3473291723841158,1.2388020638298582,9.912511096361811,0.0,0.0,9.80665,-0.019826926520833923,0.0009585217094541825,-0.06763917957550623,20.0,-3.0,42.0,206.6375491385577,-2.0,1.0
52.40716913733955,-1.5216527751770466,80.0,60.119999997065605,4.0,205.3875223169822,9,190400.0,2026-01-01 00-00-00_000,-0.21762730283688436,0.8758130801130921,10.192190308230838,0.0,0.0,9.80665,0.0024198294361208617,0.006133682953005393,-0.05977117143220002,20.0,-3.0,42.0,207.01874066944606,-2.0,1.0
52.40716913733955,-1.5216527751770466,80.0,60.119999997065605,4.0,205.3875223169822,9,190500.0,2026-01-01 00-00-00_000,0.030531358124562438,0.7036794308458822,9.58514378234774,0.0,0.0,9.80665,0.0011439546056365199,-0.00045628909078951563,-0.06186921778642563,20.0,-3.0,42.0,207.38210531715788,-2.0,1.0
52.40716913733955,-1.5216527751770466,80.0,60.119999997065605,4.0,205.3875223169822,9,190600.0,2026-01-01 00-00-00_000,0.2715741473463691,0.5374740606353889,9.710232653605257,0.0,0.0,9.80665,-0.014459848553159552,-0.013593311149192662,-0.04355192789636466,20.0,-3.0,42.0,207.72759566051866,-2.0,1.0
52.40716913733955,-1.5216527751770466,80.0,60.119999997065605,4.0,205.3875223169822,9,190700.0,2026-01-01 00-00-00_000,-0.2538314311251995,0.7081801785276965,10.27337012453112,0.0,0.0,9.80665,-0.0012330709920688543,-0.007820151402035753,-0.05094312995642894,20.0,-3.0,42.0,208.05516661105344,-2.0,1.0
52.40716913733955,-1.5216527751770466,80.0,60.119999997065605,4.0,205.3875223169822,9,190800.0,2026-01-01 00-00-00_000,0.41696440557439596,0.8539005808975236,9.828276742187873,0.0,0.0,9.80665,0.015078335726510015,-0.011094559209080392,-0.049794796193780515,20.0,-3.0,42.0,208.36477541887064,-2.0,1.0
52.40716913733955,-1.5216527751770466,80.0,60.119999997065605,4.0,205.3875223169822,9,190900.0,2026-01-01 00-00-00_000,-0.18169405242483028,1.0738631778826793,9.595609441184088,0.0,0.0,9.80665,-0.004137434408870077,-0.018962353982813214,-0.04071817583531358,20.0,-3.0,42.0,208.65638167824181,-2.0,1.0
52.407036068996206,-1.5217662437843837,80.0,60.1199999974104,4.0,208.92994733287446,9,191000.0,2026-01-01 00-00-00_000,0.08815448503492962,1.18708710313387,10.143479587720277,0.0,0.0,9.80665,0.005591108362666223,0.0011232619112142251,-0.03743493570977205,20.0,-3.0,42.0,208.92994733287446,-2.0,1.0
52.407036068996206,-1.5217662437843837,80.0,60.1199999974104,4.0,208.92994733287446,9,191100.0,2026-01-01 00-00-00_000,0.22112251037557867,1.1347405108015753,9.991257713961058,0.0,0.0,9.80665,-0.002525188184911863,-0.011895433581980206,-0.031315563837077384,20.0,-3.0,42.0,209.18543668087864,-2.0,1.0
52.407036068996206,-1.5217662437843837,80.0,60.1199999974104,4.0,208.92994733287446,9,191200.0,2026-01-01 00-00-00_000,-0.2800764448853007,0.9295437056708694,9.528750670380433,0.0,0.0,9.80665,-0.008335930778991498,-0.012735327046522686,-0.03240987357758182,20.0,-3.0,42.0,209.42281637942642,-2.0,1.0
52.407036068996206,-1.5217662437843837,80.0,60.1199999974104,4.0,208.92994733287446,9,191300.0,2026-01-01 00-00-00_000,0.42636867877230883,0.6315939746686104,9.928778886617046,0.0,0.0,9.80665,-0.009416083054521353,-0.010682661635829191,-0.034433050661214305,20.0,-3.0,42.0,209.64205544910283,-2.0,1.0
52.407036068996206,-1.5217662437843837,80.0,60.1199999974104,4.0,208.92994733287446,9,191400.0,2026-01-01 00-00-00_000,-0.13069425274407115,0.35267926417846746,10.122709520554444,0.0,0.0,9.80665,-0.004228138788243449,0.008793744237588389,-0.029929344823790997,20.0,-3.0,42.0,209.84312527794987,-2.0,1.0
52.407036068996206,-1.5217662437843837,80.0,60.1199999974104,4.0,208.92994733287446,9,191500.0,2026-01-01 00-00-00_000,0.029847033565272674,0.1449161762702481,9.569856998321496,0.0,0.0,9.80665,0.01260021967949005,-0.0030330447112950744,-0.04454707556208752,20.0,-3.0,42.0,210.02599962519912,-2.0,1.0
52.407036068996206,-1.5217662437843837,80.0,60.1199999974104,4.0,208.92994733287446,9,191600.0,2026-01-01 00-00-00_000,0.31604494958464724,0.18134208070239216,9.73809654795115,0.0,0.0,9.80665,0.0078025793709611884,0.010050432034494114,-0.03600830579933682,20.0,-3.0,42.0,210.19065462469757,-2.0,1.0
52.407036068996206,-1.5217662437843837,80.0,60.1199999974104,4.0,208.92994733287446,9,191700.0,2026-01-01 00-00-00_000,-0.24964617534123681,0.19399033347972755,10.259293762746296,0.0,0.0,9.80665,-0.007285726336696144,-0.0008284411515928565,-0.01338205681582968,20.0,-3.0,42.0,210.3370687880216,-2.0,1.0
52.407036068996206,-1.5217662437843837,80.0,60.1199999974104,4.0,208.92994733287446,9,191800.0,2026-01-01 00-00-00_000,0.3799149107588519,0.3208433789537496,9.764923589173861,0.0,0.0,9.80665,0.009607939765106275,-0.004286458534956423,-0.02078737889166953,20.0,-3.0,42.0,210.46522300728157,-2.0,1.0
52.407036068996206,-1.5217662437843837,80.0,60.1199999974104,4.0,208.92994733287446,9,191900.0,2026-01-01 00-00-00_000,-0.17362500315476068,0.4346122427900326,9.483613232243087,0.0,0.0,9.80665,-0.0015541742623009177,0.0057111606073763236,-0.0010049615346731638,20.0,-3.0,42.0,210.57510055761531,-2.0,1.0
52.406906199934035,-1.521889326940655,80.0,60.119999997714686,4.0,210.6666870993713,9,192000.0,2026-01-01 00-00-00_000,0.03560048780697237,0.5029497053701368,10.126968243683567,0.0,0.0,9.80665,-0.0071348136629901596,0.006024369042193572,0.0021054036119950003,20.0,-3.0,42.0,210.6666870993713,-2.0,1.0
52.406906199934035,-1.521889326940655,80.0,60.119999997714686,4.0,210.6666870993713,9,192100.0,2026-01-01 00-00-00_000,0.2640634136860207,0.552097135408377,9.991872298935563,0.0,0.0,9.80665,0.003977705335684245,0.0012124533120074401,-0.01837914549635774,20.0,-3.0,42.0,210.7399706799796,-2.0,1.0
52.406906199934035,-1.521889326940655,80.0,60.119999997714686,4.0,210.6666870993713,9,192200.0,2026-01-01 00-00-00_000,-0.26450433769267623,0.3605593149950098,9.455456710589374,0.0,0.0,9.80665,-0.009320005737158842,-0.010294003310752411,-0.0030701993098268777,20.0,-3.0,42.0,210.79494173551166,-2.0,1.0
52.406906199934035,-1.521889326940655,80.0,60.119999997714686,4.0,210.6666870993713,9,192300.0,2026-01-01 00-00-00_000,0.3183253107152819,0.023202707889161706,9.807463519096988,0.0,0.0,9.80665,-0.015837891819971854,-0.004504574539658415,0.020113644624729192,20.0,-3.0,42.0,210.83159309192888,-2.0,1.0
52.406906199934035,-1.521889326940655,80.0,60.119999997714686,4.0,210.6666870993713,9,192400.0,2026-01-01 00-00-00_000,-0.09031661787729359,-0.23500128834972536,10.16803267289779,0.0,0.0,9.80665,0.01253302432192085,-0.011743461638306576,-0.005182300984996776,20.0,-3.0,42.0,210.84991996601855,-2.0,1.0
52.406906199934035,-1.521889326940655,80.0,60.119999997714686,4.0,210.6666870993713,9,192500.0,2026-01-01 00-00-00_000,0.12286100102284747,-0.3806294164446049,9.633907305486591,0.0,0.0,9.80665,-0.018379642710086543,-0.002520801839885864,0.007183941557895591,20.0,-3.0,42.0,210.84991996601855,-2.0,1.0
52.406906199934035,-1.521889326940655,80.0,60.119999997714686,4.0,210.6666870993713,9,192600.0,2026-01-01 00-00-00_000,0.35752145169193283,-0.39934668738797197,9.79699246561723,0.0,0.0,9.80665,0.005080295882401029,0.0009883462779825527,0.00553855241113949,20.0,-3.0,42.0,210.83159309192888,-2.0,1.0
52.406906199934035,-1.521889326940655,80.0,60.119999997714686,4.0,210.6666870993713,9,192700.0,2026-01-01 00-00-00_000,-0.26961380137514845,-0.43317445520855535,10.218734723073425,0.0,0.0,9.80665,-0.01537985548728688,0.014867266040774105,0.008651895926828737,20.0,-3.0,42.0,210.79494173551166,-2.0,1.0
52.406906199934035,-1.521889326940655,80.0,60.119999997714686,4.0,210.6666870993713,9,192800.0,2026-01-01 00-00-00_000,0.3767146148476353,-0.31258748311584883,9.685194620010108,0.0,0.0,9.80665,-0.0005724657479613302,0.014164789929251463,0.011557150111813028,20.0,-3.0,42.0,210.7399706799796,-2.0,1.0
52.406906199934035,-1.521889326940655,80.0,60.119999997714686,4.0,210.6666870993713,9,192900.0,2026-01-01 00-00-00_000,-0.051351695744455944,-0.10330735310088773,9.507960589384787,0.0,0.0,9.80665,-0.0022409705359305943,0.00681365414086128,0.0167819724549845,20.0,-3.0,42.0,210.6666870993713,-2.0,1.0
52.406777296469045,-1.5220151241168116,80.0,60.11999999798322,4.0,210.57510055761531,9,193000.0,2026-01-01 00-00-00_000,0.01615122200065615,0.03805260225119814,10.089366685016845,0.0,0.0,9.80665,-0.0046311456252724065,0.00958236203964788,0.026026551012789997,20.0,-3.0,42.0,210.57510055761531,-2.0,1.0
52.406777296469045,-1.5220151241168116,80.0,60.11999999798322,4.0,210.57510055761531,9,193100.0,2026-01-01 00-00-00_000,0.24510025753237152,-0.04715146061013831,9.904808432808109,0.0,0.0,9.80665,-0.02191450589324266,0.0023466747738063484,0.017071475717331367,20.0,-3.0,42.0,210.46522300728157,-2.0,1.0
52.406777296469045,-1.5220151241168116,80.0,60.11999999798322,4.0,210.57510055761531,9,193200.0,2026-01-01 00-00-00_000,-0.337400197221124,-0.12839046025609352,9.565206997517151,0.0,0.0,9.80665,-0.0013568791016316788,0.027735871824349,0.03041001618779603,20.0,-3.0,42.0,210.3370687880216,-2.0,1.0
52.406777296469045,-1.5220151241168116,80.0,60.11999999798322,4.0,210.57510055761531,9,193300.0,2026-01-01 00-00-00_000,0.4520581498381372,-0.30754858559137754,9.929457077981354,0.0,0.0,9.80665,-0.0006440127407349902,0.015304298339093268,0.02420797258678467,20.0,-3.0,42.0,210.19065462469757,-2.0,1.0
52.406777296469045,-1.5220151241168116,80.0,60.11999999798322,4.0,210.57510055761531,9,193400.0,2026-01-01 00-00-00_000,-0.17077509572352362,-0.7425041121422374,10.145329431150792,0.0,0.0,9.80665,-0.009157886831420358,0.02647764756567321,0.036932809975504646,20.0,-3.0,42.0,210.02599962519912,-2.0,1.0
52.406777296469045,-1.5220151241168116,80.0,60.11999999798322,4.0,210.57510055761531,9,193500.0,2026-01-01 00-00-00_000,-0.05741104449768351,-0.9049395243724416,9.634686284703484,0.0,0.0,9.80665,-0.000946859950176353,0.0038506815456794247,0.03850279866531145,20.0,-3.0,42.0,209.84312527794987,-2.0,1.0
52.406777296469045,-1.5220151241168116,80.0,60.11999999798322,4.0,210.57510055761531,9,193600.0,2026-01-01 00-00-00_000,0.2824941374788325,-0.9219160689413821,9.660205242161068,0.0,0.0,9.80665,0.009546088905635616,0.004163349554628736,0.033196269676336126,20.0,-3.0,42.0,209.64205544910283,-2.0,1.0
52.406777296469045,-1.5220151241168116,80.0,60.11999999798322,4.0,210.57510055761531,9,193700.0,2026-01-01 00-00-00_000,-0.3685887989301714,-0.9518943356366849,10.173716768282517,0.0,0.0,9.80665,-0.007375942015838909,0.010552677409676971,0.043486074438381025,20.0,-3.0,42.0,209.42281637942642,-2.0,1.0
52.406777296469045,-1.5220151241168116,80.0,60.11999999798322,4.0,210.57510055761531,9,193800.0,2026-01-01 00-00-00_000,0.46007270445801024,-0.6794218877009743,9.712874692649113,0.0,0.0,9.80665,0.0022707659999928738,0.0019201611538425393,0.03986068329241747,20.0,-3.0,42.0,209.18543668087864,-2.0,1.0
52.406777296469045,-1.5220151241168116,80.0,60.11999999798322,4.0,210.57510055761531,9,193900.0,2026-01-01 00-00-00_000,-0.18400218872650217,-0.6137208656144233,9.492582716270018,0.0,0.0,9.80665,-0.011639745918500213,0.003139087028259209,0.042166504890681904,20.0,-3.0,42.0,208.92994733287446,-2.0,1.0
52.406646953180335,-1.522136844561323,80.0,60.1199999982202,4.0,208.65638167824181,9,194000.0,2026-01-01 00-00-00_000,-0.012027588609391071,-0.49378392789251824,10.120193314700478,0.0,0.0,9.80665,0.0035087607681551507,-0.009834128717982237,0.06094593902338555,20.0,-3.0,42.0,208.65638167824181,-2.0,1.0
52.406646953180335,-1.522136844561323,80.0,60.1199999982202,4.0,208.65638167824181,9,194100.0,2026-01-01 00-00-00_000,0.2856741029326534,-0.5758296456397445,9.970503914613547,0.0,0.0,9.80665,0.006053820396190183,0.009423493712656314,0.04090730720864901,20.0,-3.0,42.0,208.36477541887064,-2.0,1.0
52.406646953180335,-1.522136844561323,80.0,60.1199999982202,4.0,208.65638167824181,9,194200.0,2026-01-01 00-00-00_000,-0.3864717126958761,-0.6255314986019698,9.411091699251754,0.0,0.0,9.80665,0.02424616644887918,0.001381672766581283,0.06250491617745785,20.0,-3.0,42.0,208.05516661105344,-2.0,1.0
52.406646953180335,-1.522136844561323,80.0,60.1199999982202,4.0,208.65638167824181,9,194300.0,2026-01-01 00-00-00_000,0.38634844841689314,-0.94851435295718,9.876679807747193,0.0,0.0,9.80665,0.008682697529799548,0.00811445554272242,0.06678815677917216,20.0,-3.0,42.0,207.72759566051866,-2.0,1.0
52.406646953180335,-1.522136844561323,80.0,60.1199999982202,4.0,208.65638167824181,9,194400.0,2026-01-01 00-00-00_000,-0.21873126946774496,-1.291084571512992,10.232480992231507,0.0,0.0,9.80665,0.0040156175467225405,-0.002179555885607242,0.059835614564774396,20.0,-3.0,42.0,207.38210531715788,-2.0,1.0
52.406646953180335,-1.522136844561323,80.0,60.1199999982202,4.0,208.65638167824181,9,194500.0,2026-01-01 00-00-00_000,0.06321380443498409,-1.4021172531164918,9.658826692151356,0.0,0.0,9.80665,0.013657084000218915,-0.017727090337726244,0.0760001906128337,20.0,-3.0,42.0,207.01874066944606,-2.0,1.0
52.406646953180335,-1.522136844561323,80.0,60.1199999982202,4.0,208.65638167824181,9,194600.0,2026-01-01 00-00-00_000,0.26160274613491363,-1.4751381074671832,9.680909477799466,0.0,0.0,9.80665,-0.010077707460238765,0.005032101783344627,0.07771923257510242,20.0,-3.0,42.0,206.6375491385577,-2.0,1.0
52.406646953180335,-1.522136844561323,80.0,60.1199999982202,4.0,208.65638167824181,9,194700.0,2026-01-01 00-00-00_000,-0.2398754925348689,-1.426182549954524,10.209787092869032,0.0,0.0,9.80665,0.010328832709561007,0.011664841598690615,0.0637208490341975,20.0,-3.0,42.0,206.238580472178,-2.0,1.0
52.406646953180335,-1.522136844561323,80.0,60.1199999982202,4.0,208.65638167824181,9,194800.0,2026-01-01 00-00-00_000,0.38753261228229186,-1.2863620741266375,9.808567260850424,0.0,0.0,9.80665,-0.005634626931624189,-0.012773066180705341,0.08093399234705881,20.0,-3.0,42.0,205.82188673801056,-2.0,1.0
52.406646953180335,-1.522136844561323,80.0,60.1199999982202,4.0,208.65638167824181,9,194900.0,2026-01-01 00-00-00_000,-0.26942207814232416,-1.1338110895885751,9.489577185063677,0.0,0.0,9.80665,-0.006365924370042276,-0.00968439963312126,0.08357292256182514,20.0,-3.0,42.0,205.3875223169822,-2.0,1.0
52.40651302240932,-1.52224753538353,80.0,60.11999999842933,4.0,204.93554389614587,9,195000.0,2026-01-01 00-00-00_000,0.03558461399682017,-1.1168323414497725,10.139060283728735,0.0,0.0,9.80665,0.010563798184994908,-0.002993286663692053,0.07729868944171486,20.0,-3.0,42.0,204.93554389614587,-2.0,1.0
52.40651302240932,-1.52224753538353,80.0,60.11999999842933,4.0,204.93554389614587,9,195100.0,2026-01-01 00-00-00_000,0.2244991537537776,-1.0450794636138567,9.95137076274238,0.0,0.0,9.80665,0.0020626149790213604,-0.002455290567818242,0.09055241266652779,20.0,-3.0,42.0,204.4660104612825,-2.0,1.0
52.40651302240932,-1.52224753538353,80.0,60.11999999842933,4.0,204.93554389614587,9,195200.0,2026-01-01 00-00-00_000,-0.38262234344833346,-1.2102940219473437,9.370310432058963,0.0,0.0,9.80665,0.012838309091060745,-0.016980302245247502,0.09495908769149213,20.0,-3.0,42.0,203.9789832892036,-2.0,1.0
52.40651302240932,-1.52224753538353,80.0,60.11999999842933,4.0,204.93554389614587,9,195300.0,2026-01-01 00-00-00_000,0.3532567118238437,-1.457096021461085,9.905897416983997,0.0,0.0,9.80665,-0.014537644438242936,0.017566019840973102,0.08659090604158862,20.0,-3.0,42.0,203.47452593975368,-2.0,1.0
52.40651302240932,-1.52224753538353,80.0,60.11999999842933,4.0,204.93554389614587,9,195400.0,2026-01-01 00-00-00_000,-0.1627485197655624,-1.7232889161524967,10.252956773471624,0.0,0.0,9.80665,0.0024491250317273685,0.010116422767764564,0.07974246694264495,20.0,-3.0,42.0,202.9527042475155,-2.0,1.0
52.40651302240932,-1.52224753538353,80.0,60.11999999842933,4.0,204.93554389614587,9,195500.0,2026-01-01 00-00-00_000,0.07242025125093186,-1.9885396084102094,9.523460264927845,0.0,0.0,9.80665,-0.005421057791831235,-0.006150347054956726,0.10134851325881752,20.0,-3.0,42.0,202.4135863132185,-2.0,1.0
52.40651302240932,-1.52224753538353,80.0,60.11999999842933,4.0,204.93554389614587,9,195600.0,2026-01-01 00-00-00_000,0.23394193102809246,-2.021985237756396,9.649849849589483,0.0,0.0,9.80665,-0.0028984749377024685,-0.018103874508128812,0.09547955381805907,20.0,-3.0,42.0,201.8572424948511,-2.0,1.0
52.40651302240932,-1.52224753538353,80.0,60.11999999842933,4.0,204.93554389614587,9,195700.0,2026-01-01 00-00-00_000,-0.34186165966662646,-1.8773804293018406,10.196390636120917,0.0,0.0,9.80665,-0.01903427055233688,0.003631221069868175,0.09088802319923564,20.0,-3.0,42.0,201.28374539847857,-2.0,1.0
52.40651302240932,-1.52224753538353,80.0,60.11999999842933,4.0,204.93554389614587,9,195800.0,2026-01-01 00-00-00_000,0.38355681303543526,-1.8196663848035206,9.739638238456813,0.0,0.0,9.80665,0.009013803905092333,0.01984115578313144,0.1042314330019554,20.0,-3.0,42.0,200.6931698687673,-2.0,1.0
52.40651302240932,-1.52224753538353,80.0,60.11999999842933,4.0,204.93554389614587,9,195900.0,2026-01-01 00-00-00_000,-0.09584506566907687,-1.6082086456727331,9.566718509631801,0.0,0.0,9.80665,0.0018488534540791835,0.008286916118065726,0.09169162470707563,20.0,-3.0,42.0,200.0855929792176,-2.0,1.0
52.406374047154586,-1.5223398848473328,80.0,60.11999999861389,4.0,199.46109402210493,9,196000.0,2026-01-01 00-00-00_000,-0.10521735495595297,-1.5044764743413703,10.155552537154115,0.0,0.0,9.80665,-0.009935865259522402,0.011547142365464802,0.11050495526672041,20.0,-3.0,42.0,199.46109402210493,-2.0,1.0
52.406374047154586,-1.5223398848473328,80.0,60.11999999861389,4.0,199.46109402210493,9,196100.0,2026-01-01 00-00-00_000,0.3655463022914759,-1.5329193339883158,9.890827314278875,0.0,0.0,9.80665,-0.013484844414397852,-0.009407706762008188,0.12772340101438207,20.0,-3.0,42.0,198.81975449813172,-2.0,1.0
52.406374047154586,-1.5223398848473328,80.0,60.11999999861389,4.0,199.46109402210493,9,196200.0,2026-01-01 00-00-00_000,-0.26956413789879624,-1.7164413291273886,9.372925486741336,0.0,0.0,9.80665,-0.008780344082931463,0.002328749900556724,0.09686881401399405,20.0,-3.0,42.0,198.16165810579116,-2.0,1.0
52.406374047154586,-1.5223398848473328,80.0,60.11999999861389,4.0,199.46109402210493,9,196300.0,2026-01-01 00-00-00_000,0.36956641865618756,-1.8848131331877715,9.966350043334629,0.0,0.0,9.80665,0.013559303825271493,-0.014993777830056445,0.12546402854662803,20.0,-3.0,42.0,197.48689073044397,-2.0,1.0
52.406374047154586,-1.5223398848473328,80.0,60.11999999861389,4.0,199.46109402210493,9,196400.0,2026-01-01 00-00-00_000,-0.12930464157167704,-2.262797628365676,10.272067020097133,0.0,0.0,9.80665,-0.0011920016508815616,0.019786517023789054,0.11762749762154297,20.0,-3.0,42.0,196.79554043311032,-2.0,1.0
52.406374047154586,-1.5223398848473328,80.0,60.11999999861389,4.0,199.46109402210493,9,196500.0,2026-01-01 00-00-00_000,-0.007665157512769506,-2.422960738298402,9.481999060731388,0.0,0.0,9.80665,-0.0034868939023617075,0.005696660591856897,0.12447918720751813,20.0,-3.0,42.0,196.08769743897653,-2.0,1.0
52.406374047154586,-1.5223398848473328,80.0,60.11999999861389,4.0,199.46109402210493,9,196600.0,2026-01-01 00-00-00_000,0.33285749816412086,-2.4799972531258057,9.72463813415898,0.0,0.0,9.80665,0.004660775857412707,-0.02104991272826669,0.12345919318235449,20.0,-3.0,42.0,195.3634541256207,-2.0,1.0
52.406374047154586,-1.5223398848473328,80.0,60.11999999861389,4.0,199.46109402210493,9,196700.0,2026-01-01 00-00-00_000,-0.29435356390261197,-2.4499155255699288,10.203161836731065,0.0,0.0,9.80665,-7.415256386685394e-05,-0.01847648753249851,0.138330791063884,20.0,-3.0,42.0,194.6229050109573,-2.0,1.0
52.406374047154586,-1.5223398848473328,80.0,60.11999999861389,4.0,199.46109402210493,9,196800.0,2026-01-01 00-00-00_000,0.3062584026746884,-2.2414477352720032,9.796434028534073,0.0,0.0,9.80665,0.0020976794033992284,0.004795205779069122,0.1361331076923089,20.0,-3.0,42.0,193.86614674090083,-2.0,1.0
52.406374047154586,-1.5223398848473328,80.0,60.11999999861389,4.0,199.46109402210493,9,196900.0,2026-01-01 00-00-00_000,-0.18481142044410603,-2.1142238164840528,9.525857806222453,0.0,0.0,9.80665,0.007137354159686907,0.0013762252619296583,0.13295570608430443,20.0,-3.0,42.0,193.09327807675413,-2.0,1.0
52.40622969248232,-1.522406220452937,80.0,60.11999999877676,4.0,192.30439988231922,9,197000.0,2026-01-01 00-00-00_000,0.12952075280902417,-1.9779769505876064,10.105054768029067,0.0,0.0,9.80665,0.0030843811117073744,-0.003109652124680386,0.13165434564769463,20.0,-3.0,42.0,192.30439988231922,-2.0,1.0
52.40622969248232,-1.522406220452937,80.0,60.11999999877676,4.0,192.30439988231922,9,197100.0,2026-01-01 00-00-00_000,0.24176799345468336,-2.0856023743452714,9.947222973597166,0.0,0.0,9.80665,0.008472574116693988,0.006154310266694889,0.14127877932730196,20.0,-3.0,42.0,191.49961511073354,-2.0,1.0
52.40622969248232,-1.522406220452937,80.0,60.11999999877676,4.0,192.30439988231922,9,197200.0,2026-01-01 00-00-00_000,-0.2950635249339916,-2.172315043650317,9.466702481174266,0.0,0.0,9.80665,-0.011897613560649774,0.020071183436396103,0.15631018995006438,20.0,-3.0,42.0,190.67902879103428,-2.0,1.0
52.40622969248232,-1.522406220452937,80.0,60.11999999877676,4.0,192.30439988231922,9,197300.0,2026-01-01 00-00-00_000,0.4381909927877961,-2.386180916148562,9.920458698158683,0.0,0.0,9.80665,0.00045965738784422254,0.0036564560869357687,0.14066084115985542,20.0,-3.0,42.0,189.84274801445144,-2.0,1.0
52.40622969248232,-1.522406220452937,80.0,60.11999999877676,4.0,192.30439988231922,9,197400.0,2026-01-01 00-00-00_000,-0.13212125596668775,-2.6684783039314417,10.145131443392295,0.0,0.0,9.80665,-0.0036410933739030853,-0.018042176295020057,0.1560520460955298,20.0,-3.0,42.0,188.9908819204319,-2.0,1.0
52.40622969248232,-1.522406220452937,80.0,60.11999999877676,4.0,192.30439988231922,9,197500.0,2026-01-01 00-00-00_000,0.07475236222082815,-2.9698847920892493,9.617350222465886,0.0,0.0,9.80665,0.0009011877384582332,-0.0015958050803575475,0.1581467011290542,20.0,-3.0,42.0,188.12354168239608,-2.0,1.0
52.40622969248232,-1.522406220452937,80.0,60.11999999877676,4.0,192.30439988231922,9,197600.0,2026-01-01 00-00-00_000,0.20300752217177606,-2.921829809073976,9.681350565011373,0.0,0.0,9.80665,-0.0005348654159348437,-0.013117947181036807,0.14265016535646707,20.0,-3.0,42.0,187.2408404932288,-2.0,1.0
52.40622969248232,-1.522406220452937,80.0,60.11999999877676,4.0,192.30439988231922,9,197700.0,2026-01-01 00-00-00_000,-0.24298584802691936,-2.903026463229988,10.147715191032566,0.0,0.0,9.80665,-0.00638074538094286,-0.008050841879264484,0.16943994373920757,20.0,-3.0,42.0,186.34289355050794,-2.0,1.0
52.40622969248232,-1.522406220452937,80.0,60.11999999877676,4.0,192.30439988231922,9,197800.0,2026-01-01 00-00-00_000,0.4548361323115583,-2.737044995988565,9.757187477530355,0.0,0.0,9.80665,-0.0035596104899384222,0.0032413765348964407,0.1631864946725147,20.0,-3.0,42.0,185.42981804146905,-2.0,1.0
52.40622969248232,-1.522406220452937,80.0,60.11999999877676,4.0,192.30439988231922,9,197900.0,2026-01-01 00-00-00_000,-0.1606361535402553,-2.5154438991424284,9.552261200448989,0.0,0.0,9.80665,0.00918214161513063,-0.001722434609849141,0.18347867823255667,20.0,-3.0,42.0,184.501733127713,-2.0,1.0
52.40608114447197,-1.5224388014003511,80.0,60.11999999892049,4.0,183.558759929654,9,198000.0,2026-01-01 00-00-00_000,0.06302551362800511,-2.52575578321847,10.083226325567654,0.0,0.0,9.80665,-0.005545481834977299,-0.01067064839148948,0.18224292197569592,20.0,-3.0,42.0,183.558759929654,-2.0,1.0
52.40608114447197,-1.5224388014003511,80.0,60.11999999892049,4.0,183.558759929654,9,198100.0,2026-01-01 00-00-00_000,0.27300603645932586,-2.365995294393274,9.996759203947766,0.0,0.0,9.80665,-0.012336077144197833,-0.0003003424565451417,0.16935284710343546,20.0,-3.0,42.0,182.60102151071305,-2.0,1.0
52.40608114447197,-1.5224388014003511,80.0,60.11999999892049,4.0,183.558759929654,9,198200.0,2026-01-01 00-00-00_000,-0.302738193054185,-2.5418409424209396,9.457843365236009,0.0,0.0,9.80665,0.005728716492879312,-0.008199220221242741,0.17264757763478586,20.0,-3.0,42.0,181.6286428612574,-2.0,1.0
52.40608114447197,-1.5224388014003511,80.0,60.11999999892049,4.0,183.558759929654,9,198300.0,2026-01-01 00-00-00_000,0.40000508831480086,-2.8386048336788856,9.832271322853748,0.0,0.0,9.80665,0.009443552705212048,0.0052506660476111765,0.1685517556278828,20.0,-3.0,42.0,180.64175088228808,-2.0,1.0
52.40608114447197,-1.5224388014003511,80.0,60.11999999892049,4.0,183.558759929654,9,198400.0,2026-01-01 00-00-00_000,-0.11659655723410155,-3.0915353264489056,10.13299891227036,0.0,0.0,9.80665,-0.0027455520909729866,-0.002475510588848882,0.16819361274765696,20.0,-3.0,42.0,179.6404743688796,-2.0,1.0
52.40608114447197,-1.5224388014003511,80.0,60.11999999892049,4.0,183.558759929654,9,198500.0,2026-01-01 00-00-00_000,-0.00539549068046867,-3.3043021258528182,9.62515094639061,0.0,0.0,9.80665,0.001162461195429532,0.0038520143686215686,0.1875828256553181,20.0,-3.0,42.0,178.6249439933706,-2.0,1.0
52.40608114447197,-1.5224388014003511,80.0,60.11999999892049,4.0,183.558759929654,9,198600.0,2026-01-01 00-00-00_000,0.2358375803411501,-3.444654634057594,9.70212434410364,0.0,0.0,9.80665,-0.008307647446978466,-0.002735208130117035,0.18188678442378772,20.0,-3.0,42.0,177.59529228831036,-2.0,1.0
52.40608114447197,-1.5224388014003511,80.0,60.11999999892049,4.0,183.558759929654,9,198700.0,2026-01-01 00-00-00_000,-0.37781094755171324,-3.4400988864865703,10.173086033096704,0.0,0.0,9.80665,-0.002068967788834271,0.007417640123422048,0.18314957462380604,20.0,-3.0,42.0,176.5516536291633,-2.0,1.0
52.40608114447197,-1.5224388014003511,80.0,60.11999999892049,4.0,183.558759929654,9,198800.0,2026-01-01 00-00-00_000,0.36704187215271966,-3.180674603078302,9.724058789689263,0.0,0.0,9.80665,0.01078465515416535,-0.0014285653710911059,0.18737295702095869,20.0,-3.0,42.0,175.4941642167713,-2.0,1.0
52.40608114447197,-1.5224388014003511,80.0,60.11999999892049,4.0,183.558759929654,9,198900.0,2026-01-01 00-00-00_000,-0.14771458364397091,-2.9933465362175915,9.48177273409711,0.0,0.0,9.80665,0.007796822606399228,-0.00019896515421494572,0.19640353193661203,20.0,-3.0,42.0,174.42296205957962,-2.0,1.0
52.4059314119324,-1.5224304618221844,80.0,60.11999999904734,4.0,173.33818695562502,9,199000.0,2026-01-01 00-00-00_000,0.028965577010605544,-2.8296177924625097,10.151680473090401,0.0,0.0,9.80665,0.0013892597287783368,-0.005726890784993197,0.20081510945207545,20.0,-3.0,42.0,173.33818695562502,-2.0,1.0
52.4059314119324,-1.5224304618221844,80.0,60.11999999904734,4.0,173.33818695562502,9,199100.0,2026-01-01 00-00-00_000,0.3132464083848157,-2.830000549003527,9.812932484675372,0.0,0.0,9.80665,-0.0027560565504317447,0.0013410235976654625,0.19582032830633883,20.0,-3.0,42.0,172.239980474292,-2.0,1.0
52.4059314119324,-1.5224304618221844,80.0,60.11999999904734,4.0,173.33818695562502,9,199200.0,2026-01-01 00-00-00_000,-0.3479434181735491,-3.0225678163587215,9.473982228791177,0.0,0.0,9.80665,-0.016030767988792733,-0.017816132668678,0.19662021072624156,20.0,-3.0,42.0,171.128485937837,-2.0,1.0
52.4059314119324,-1.5224304618221844,80.0,60.11999999904734,4.0,173.33818695562502,9,199300.0,2026-01-01 00-00-00_000,0.3208075355976933,-3.1765623085276706,9.922606771992312,0.0,0.0,9.80665,0.003040704714114021,0.026578915377605764,0.20123251900045097,20.0,-3.0,42.0,170.00384840268407,-2.0,1.0
52.4059314119324,-1.5224304618221844,80.0,60.11999999904734,4.0,173.33818695562502,9,199400.0,2026-01-01 00-00-00_000,-0.19525843539436827,-3.501818793348128,10.13007447427775,0.0,0.0,9.80665,0.0044451797387071,-0.006896415754650653,0.2188567894283678,20.0,-3.0,42.0,168.86621464049392,-2.0,1.0
52.4059314119324,-1.5224304618221844,80.0,60.11999999904734,4.0,173.33818695562502,9,199500.0,2026-01-01 00-00-00_000,0.013992843332123042,-3.682759628392731,9.532725026925434,0.0,0.0,9.80665,0.010293731949179907,0.0008954122304845966,0.18872850898274782,20.0,-3.0,42.0,167.71573311900988,-2.0,1.0
52.4059314119324,-1.5224304618221844,80.0,60.11999999904734,4.0,173.33818695562502,9,199600.0,2026-01-01 00-00-00_000,0.1975762661761103,-3.81225811908768,9.675649681158134,0.0,0.0,9.80665,0.019712683327266636,-0.004838141977900227,0.19811373364774776,20.0,-3.0,42.0,166.5525539826814,-2.0,1.0
52.4059314119324,-1.5224304618221844,80.0,60.11999999904734,4.0,173.33818695562502,9,199700.0,2026-01-01 00-00-00_000,-0.3517131097313713,-3.650710978996316,10.141110629254264,0.0,0.0,9.80665,0.003657520928310714,-0.004978898797635993,0.2130574606721066,20.0,-3.0,42.0,165.37682903306973,-2.0,1.0
52.4059314119324,-1.5224304618221844,80.0,60.11999999904734,4.0,173.33818695562502,9,199800.0,2026-01-01 00-00-00_000,0.4896744324467166,-3.502578724351145,9.704821149424651,0.0,0.0,9.80665,0.009347284291794397,0.003919239975489549,0.21266394844723038,20.0,-3.0,42.0,164.18871170903685,-2.0,1.0
52.4059314119324,-1.5224304618221844,80.0,60.11999999904734,4.0,173.33818695562502,9,199900.0,2026-01-01 00-00-00_000,-0.15755065501030258,-3.299359612281395,9.502455582592043,0.0,0.0,9.80665,-0.0109634456394469,-0.005213894848235168,0.223258811441997,20.0,-3.0,42.0,162.98835706672094,-2.0,1.0
52.40578543744476,-1.5223755873339944,80.0,60.11999999915929,4.0,161.77592175930022,9,200000.0,2026-01-01 00-00-00_000,-0.007499584272939272,-3.2273879252882756,10.20356417084994,0.0,0.0,9.80665,0.011783011647140405,-0.004390260061528234,0.22601315224485294,20.0,-3.0,42.0,161.77592175930022,-2.0,1.0
52.40578543744476,-1.5223755873339944,80.0,60.11999999915929,4.0,161.77592175930022,9,200100.0,2026-01-01 00-00-00_000,0.1938473772833767,-3.204491717420838,9.978664699627569,0.0,0.0,9.80665,0.00848209888331922,-0.013892709364019483,0.23331455381305113,20.0,-3.0,42.0,160.5515640165496,-2.0,1.0
52.40578543744476,-1.5223755873339944,80.0,60.11999999915929,4.0,161.77592175930022,9,200200.0,2026-01-01 00-00-00_000,-0.30338598680876044,-3.3892103623968044,9.448098232411418,0.0,0.0,9.80665,0.013334818066825847,-0.009351753237238131,0.21365074580562096,20.0,-3.0,42.0,159.3154436241898,-2.0,1.0
52.40578543744476,-1.5223755873339944,80.0,60.11999999915929,4.0,161.77592175930022,9,200300.0,2026-01-01 00-00-00_000,0.4539564672944316,-3.576192999986551,9.857973963913555,0.0,0.0,9.80665,0.006600001583433954,-0.011809609816683829,0.2267225286000494,20.0,-3.0,42.0,158.06772190303536,-2.0,1.0
52.40578543744476,-1.5223755873339944,80.0,60.11999999915929,4.0,161.77592175930022,9,200400.0,2026-01-01 00-00-00_000,-0.08584783571752352,-3.928643828518385,10.180968716173691,0.0,0.0,9.80665,0.004425189806708641,0.017895244426787468,0.2220681058619869,20.0,-3.0,42.0,156.80856168794026,-2.0,1.0
52.40578543744476,-1.5223755873339944,80.0,60.11999999915929,4.0,161.77592175930022,9,200500.0,2026-01-01 00-00-00_000,0.06161388228520594,-3.9973097794188277,9.573679343380919,0.0,0.0,9.80665,0.014469370527870519,-0.013463753039455063,0.23348779889803867,20.0,-3.0,42.0,155.53812730654863,-2.0,1.0
52.40578543744476,-1.5223755873339944,80.0,60.11999999915929,4.0,161.77592175930022,9,200600.0,2026-01-01 00-00-00_000,0.3214355918087285,-4.126236798310424,9.73050816518936,0.0,0.0,9.80665,-0.006494301278304851,-0.010859530196849827,0.22928762760775437,20.0,-3.0,42.0,154.25658455784708,-2.0,1.0
52.40578543744476,-1.5223755873339944,80.0,60.11999999915929,4.0,161.77592175930022,9,200700.0,2026-01-01 00-00-00_000,-0.28000698887189546,-3.9461424167477874,10.161289030497858,0.0,0.0,9.80665,0.006310450384442716,0.0017992267227484044,0.2366720449021409,20.0,-3.0,42.0,152.96410069052865,-2.0,1.0
52.40578543744476,-1.5223755873339944,80.0,60.11999999915929,4.0,161.77592175930022,9,200800.0,2026-01-01 00-00-00_000,0.4620188531652349,-3.85917097945444,9.761219299529126,0.0,0.0,9.80665,0.01060959602089663,0.014147825195086866,0.22582341290860292,20.0,-3.0,42.0,151.6608443811649,-2.0,1.0
52.40578543744476,-1.5223755873339944,80.0,60.11999999915929,4.0,161.77592175930022,9,200900.0,2026-01-01 00-00-00_000,-0.19188476404042593,-3.6664314615971634,9.438808781660912,0.0,0.0,9.80665,-0.007659552427181424,-0.01706936649698929,0.2347698539054126,20.0,-3.0,42.0,150.34698571219326,-2.0,1.0
52.405649917045075,-1.5222713058475406,80.0,60.11999999925806,4.0,149.0226961497197,9,201000.0,2026-01-01 00-00-00_000,-0.015802640201064047,-3.5229315634733585,10.026783715838818,0.0,0.0,9.80665,-0.011239659480633457,-0.015622596962578165,0.2312847781357224,20.0,-3.0,42.0,149.0226961497197,-2.0,1.0
52.405649917045075,-1.5222713058475406,80.0,60.11999999925806,4.0,149.0226961497197,9,201100.0,2026-01-01 00-00-00_000,0.34066303137524734,-3.5666593342102226,9.991105064615232,0.0,0.0,9.80665,0.004270183979086196,0.0011092664918174026,0.23505175620929042,20.0,-3.0,42.0,147.688148521142,-2.0,1.0
52.405649917045075,-1.5222713058475406,80.0,60.11999999925806,4.0,149.0226961497197,9,201200.0,2026-01-01 00-00-00_000,-0.2932910529327932,-3.664550089011984,9.450533341444533,0.0,0.0,9.80665,0.001250796897900209,0.0032309318475606747,0.23530178995038162,20.0,-3.0,42.0,146.34351699259435,-2.0,1.0
52.405649917045075,-1.5222713058475406,80.0,60.11999999925806,4.0,149.0226961497197,9,201300.0,2026-01-01 00-00-00_000,0.38410287976719915,-3.923273341377615,9.960698981311225,0.0,0.0,9.80665,0.005990217554964636,-0.014299006334796709,0.23252285909754983,20.0,-3.0,42.0,144.98897704621788,-2.0,1.0
52.405649917045075,-1.5222713058475406,80.0,60.11999999925806,4.0,149.0226961497197,9,201400.0,2026-01-01 00-00-00_000,-0.10673814590939518,-4.106086051047034,10.166457902759499,0.0,0.0,9.80665,0.006344851237297043,-0.018157605894299704,0.25102642020075144,20.0,-3.0,42.0,143.6247054572592,-2.0,1.0
52.405649917045075,-1.5222713058475406,80.0,60.11999999925806,4.0,149.0226961497197,9,201500.0,2026-01-01 00-00-00_000,0.04274562322567412,-4.442234994731343,9.588350274611859,0.0,0.0,9.80665,-0.007428084388381249,-0.009761990608177817,0.2462713484502562,20.0,-3.0,42.0,142.25088027100014,-2.0,1.0
52.405649917045075,-1.5222713058475406,80.0,60.11999999925806,4.0,149.0226961497197,9,201600.0,2026-01-01 00-00-00_000,0.3109769029157399,-4.44117268312005,9.722512442542373,0.0,0.0,9.80665,0.003363049989748107,0.007316578157161274,0.2541452641625293,20.0,-3.0,42.0,140.867680779522,-2.0,1.0
52.405649917045075,-1.5222713058475406,80.0,60.11999999925806,4.0,149.0226961497197,9,201700.0,2026-01-01 00-00-00_000,-0.23249991246293172,-4.3398016030096915,10.249180088754041,0.0,0.0,9.80665,0.011078730725176898,-0.0005905294569730958,0.23940691905494482,20.0,-3.0,42.0,139.4752874983066,-2.0,1.0
52.405649917045075,-1.5222713058475406,80.0,60.11999999925806,4.0,149.0226961497197,9,201800.0,2026-01-01 00-00-00_000,0.4179505766509988,-4.254969661083471,9.7290040602937,0.0,0.0,9.80665,-0.0033889104972337214,0.007289463621200597,0.23346787157074828,20.0,-3.0,42.0,138.07388214267831,-2.0,1.0
52.405649917045075,-1.5222713058475406,80.0,60.11999999925806,4.0,149.0226961497197,9,201900.0,2026-01-01 00-00-00_000,-0.18383546706116838,-3.9430124638766917,9.46953850512949,0.0,0.0,9.80665,-0.0026973409738640193,-0.0012350344999008638,0.24525331492003746,20.0,-3.0,42.0,136.66364760408874,-2.0,1.0
52.40553275699667,-1.5221186643036884,80.0,60.119999999345254,4.0,135.24476792624915,9,202000.0,2026-01-01 00-00-00_000,0.030890270584126408,-3.882151155964241,10.10278688392995,0.0,0.0,9.80665,-0.010913364741546154,-0.0004983431813303642,0.25063934523572046,20.0,-3.0,42.0,135.24476792624915,-2.0,1.0
52.40553275699667,-1.5221186643036884,80.0,60.119999999345254,4.0,135.24476792624915,9,202100.0,2026-01-01 00-00-00_000,0.27248010271997186,-3.7745013703366412,10.018629998076085,0.0,0.0,9.80665,0.008061495606932395,0.005966864957006397,0.25949896185829374,20.0,-3.0,42.0,133.8174282811105,-2.0,1.0
52.40553275699667,-1.5221186643036884,80.0,60.119999999345254,4.0,135.24476792624915,9,202200.0,2026-01-01 00-00-00_000,-0.2886822476047823,-3.9385568912579942,9.470054300629343,0.0,0.0,9.80665,0.019135473524422783,-0.0013598020804770157,0.2630320745040287,20.0,-3.0,42.0,132.38181494469853,-2.0,1.0
52.40553275699667,-1.5221186643036884,80.0,60.119999999345254,4.0,135.24476792624915,9,202300.0,2026-01-01 00-00-00_000,0.40822752342097207,-4.099401369839718,9.784027028827165,0.0,0.0,9.80665,-0.01325317081701072,0.0021814941534040364,0.2657291607865777,20.0,-3.0,42.0,130.93811527280315,-2.0,1.0
52.40553275699667,-1.5221186643036884,80.0,60.119999999345254,4.0,135.24476792624915,9,202400.0,2026-01-01 00-00-00_000,-0.17208923898205145,-4.4085833062386435,10.204767612573855,0.0,0.0,9.80665,0.007538444798100282,-0.009296152509572301,0.269600859213992,20.0,-3.0,42.0,129.48651767652728,-2.0,1.0
52.40553275699667,-1.5221186643036884,80.0,60.119999999345254,4.0,135.24476792624915,9,202500.0,2026-01-01 00-00-00_000,-0.0018621616843233976,-4.589984638061764,9.599366977377834,0.0,0.0,9.80665,0.008915505669958418,-0.006182400076654699,0.26460451238880833,20.0,-3.0,42.0,128.02721159769868,-2.0,1.0
52.40553275699667,-1.5221186643036884,80.0,60.119999999345254,4.0,135.24476792624915,9,202600.0,2026-01-01 00-00-00_000,0.2467423088181585,-4.760134460109649,9.664225487443959,0.0,0.0,9.80665,-0.005346130342173532,0.004500021103564026,0.2610801428946425,20.0,-3.0,42.0,126.56038748414625,-2.0,1.0
52.40553275699667,-1.5221186643036884,80.0,60.119999999345254,4.0,135.24476792624915,9,202700.0,2026-01-01 00-00-00_000,-0.35693591668606867,-4.550227093682564,10.153841876176594,0.0,0.0,9.80665,-0.00351225297049804,-0.002586555886650059,0.25549575701787397,20.0,-3.0,42.0,125.08623676484552,-2.0,1.0
52.40553275699667,-1.5221186643036884,80.0,60.119999999345254,4.0,135.24476792624915,9,202800.0,2026-01-01 00-00-00_000,0.4916341719678585,-4.393938101740017,9.712398403542972,0.0,0.0,9.80665,-0.010069427483934076,-0.007664320454380421,0.26811176903946404,20.0,-3.0,42.0,123.60495182493645,-2.0,1.0
52.40553275699667,-1.5221186643036884,80.0,60.119999999345254,4.0,135.24476792624915,9,202900.0,2026-01-01 00-00-00_000,-0.18853119061918225,-4.251384109643518,9.532210473446701,0.0,0.0,9.80665,-0.007510682999005036,0.006383615264332057,0.26001204863687744,20.0,-3.0,42.0,122.11672598061546,-2.0,1.0
52.405442167297316,-1.5219234833918305,80.0,60.1199999994222,4.0,120.6217534539071,9,203000.0,2026-01-01 00-00-00_000,0.12741585109344905,-4.066573914076406,10.150981905259103,0.0,0.0,9.80665,0.0017467560544857617,0.005271312882875757,0.25881221382830627,20.0,-3.0,42.0,120.6217534539071,-2.0,1.0
52.405442167297316,-1.5219234833918305,80.0,60.1199999994222,4.0,120.6217534539071,9,203100.0,2026-01-01 00-00-00_000,0.22189618768621394,-4.024036058641993,10.093989052574148,0.0,0.0,9.80665,0.0064945514650704556,-0.00026764927906637945,0.2708654945840375,20.0,-3.0,42.0,119.12022934731647,-2.0,1.0
52.405442167297316,-1.5219234833918305,80.0,60.1199999994222,4.0,120.6217534539071,9,203200.0,2026-01-01 00-00-00_000,-0.36717516994348803,-4.099622643361337,9.523309938175487,0.0,0.0,9.80665,0.0012780595866181243,-0.007786428219926428,0.2690982109082994,20.0,-3.0,42.0,117.61234961836789,-2.0,1.0
52.405442167297316,-1.5219234833918305,80.0,60.1199999994222,4.0,120.6217534539071,9,203300.0,2026-01-01 00-00-00_000,0.30860572282508764,-4.4534650289230076,9.859533973165812,0.0,0.0,9.80665,0.00848076771984387,0.008768677077072072,0.2751637206418638,20.0,-3.0,42.0,116.09831105403072,-2.0,1.0
52.405442167297316,-1.5219234833918305,80.0,60.1199999994222,4.0,120.6217534539071,9,203400.0,2026-01-01 00-00-00_000,-0.11486913508042255,-4.645037600786639,10.139898467263363,0.0,0.0,9.80665,0.0021429386220979015,0.024767130252821845,0.2638691232935166,20.0,-3.0,42.0,114.57831124503764,-2.0,1.0
52.405442167297316,-1.5219234833918305,80.0,60.1199999994222,4.0,120.6217534539071,9,203500.0,2026-01-01 00-00-00_000,0.08821479122233752,-4.795145815479122,9.567539782794872,0.0,0.0,9.80665,-0.011244133933231518,-0.008422772242589074,0.27968595961093196,20.0,-3.0,42.0,113.05254856009793,-2.0,1.0
52.405442167297316,-1.5219234833918305,80.0,60.1199999994222,4.0,120.6217534539071,9,203600.0,2026-01-01 00-00-00_000,0.2529256558068166,-4.79651978610922,9.64328804297547,0.0,0.0,9.80665,0.014304760344375956,-0.015617891668655515,0.27428913331505783,20.0,-3.0,42.0,111.52122212000978,-2.0,1.0
52.405442167297316,-1.5219234833918305,80.0,60.1199999994222,4.0,120.6217534539071,9,203700.0,2026-01-01 00-00-00_000,-0.21318224741594066,-4.782005405012395,10.156442929612856,0.0,0.0,9.80665,0.0117062724675187,-0.00800383982474587,0.2710802239582881,20.0,-3.0,42.0,109.984531771673,-2.0,1.0
52.405442167297316,-1.5219234833918305,80.0,60.1199999994222,4.0,120.6217534539071,9,203800.0,2026-01-01 00-00-00_000,0.43487542795138595,-4.555073102106893,9.653574718969665,0.0,0.0,9.80665,-0.006759742738845473,-0.009541602581177637,0.26736343844221594,20.0,-3.0,42.0,108.44267806200821,-2.0,1.0
52.405442167297316,-1.5219234833918305,80.0,60.1199999994222,4.0,120.6217534539071,9,203900.0,2026-01-01 00-00-00_000,-0.1523275680796499,-4.4351443529797985,9.471151365456688,0.0,0.0,9.80665,0.017444715644818233,-0.012855601763826512,0.2657176505998188,20.0,-3.0,42.0,106.89586221178445,-2.0,1.0
52.4053854936261,-1.521696576339722,80.0,60.119999999490084,4.0,105.34428608935877,9,204000.0,2026-01-01 00-00-00_000,0.09207366869747557,-4.264033922186513,10.122356036395853,0.0,0.0,9.80665,0.0047479488443267345,-0.012040660140594706,0.26429244412768194,20.0,-3.0,42.0,105.34428608935877,-2.0,1.0
52.4053854936261,-1.521696576339722,80.0,60.119999999490084,4.0,105.34428608935877,9,204100.0,2026-01-01 00-00-00_000,0.24986490589052696,-4.102139927568626,9.973792868869243,0.0,0.0,9.80665,0.001467661697129919,0.008258907576898561,0.28679517538129423,20.0,-3.0,42.0,103.78815218433095,-2.0,1.0
52.4053854936261,-1.521696576339722,80.0,60.119999999490084,4.0,105.34428608935877,9,204200.0,2026-01-01 00-00-00_000,-0.35586383710728375,-4.3700500168035985,9.41907459159978,0.0,0.0,9.80665,0.018874519532667514,0.008374434713154777,0.2654245801477208,20.0,-3.0,42.0,102.22766358111744,-2.0,1.0
52.4053854936261,-1.521696576339722,80.0,60.119999999490084,4.0,105.34428608935877,9,204300.0,2026-01-01 00-00-00_000,0.4086822172736319,-4.52970197576397,9.956459335728978,0.0,0.0,9.80665,-0.024163407381781823,0.014581245894372518,0.282240699051284,20.0,-3.0,42.0,100.66302393244814,-2.0,1.0
52.4053854936261,-1.521696576339722,80.0,60.119999999490084,4.0,105.34428608935877,9,204400.0,2026-01-01 00-00-00_000,-0.15531698278719147,-4.759170762593342,10.164048887551537,0.0,0.0,9.80665,-0.015458581837662333,0.007239787076675453,0.27603344381758116,20.0,-3.0,42.0,99.09443743278808,-2.0,1.0
52.4053854936261,-1.521696576339722,80.0,60.119999999490084,4.0,105.34428608935877,9,204500.0,2026-01-01 00-00-00_000,0.04593135975856785,-4.92260737856084,9.594935989642494,0.0,0.0,9.80665,0.007123928811702475,-0.005001812129520349,0.2741073684567422,20.0,-3.0,42.0,97.52210879168905,-2.0,1.0
52.4053854936261,-1.521696576339722,80.0,60.119999999490084,4.0,105.34428608935877,9,204600.0,2026-01-01 00-00-00_000,0.3076682623156995,-5.010303597213749,9.593272496966085,0.0,0.0,9.80665,-0.00219377913595693,0.01061612532479422,0.27552917394504195,20.0,-3.0,42.0,95.94624320707373,-2.0,1.0
52.4053854936261,-1.521696576339722,80.0,60.119999999490084,4.0,105.34428608935877,9,204700.0,2026-01-01 00-00-00_000,-0.3378761342639637,-4.875454618720248,10.071341665287301,0.0,0.0,9.80665,-0.00902060131635347,-0.006346632020463039,0.2790672145617372,20.0,-3.0,42.0,94.36704633845625,-2.0,1.0
52.4053854936261,-1.521696576339722,80.0,60.119999999490084,4.0,105.34428608935877,9,204800.0,2026-01-01 00-00-00_000,0.3781885156348584,-4.673707918583042,9.723791360756174,0.0,0.0,9.80665,0.014909490085811173,-0.003707264900266028,0.2874747518571507,20.0,-3.0,42.0,92.78472428010264,-2.0,1.0
52.4053854936261,-1.521696576339722,80.0,60.119999999490084,4.0,105.34428608935877,9,204900.0,2026-01-01 00-00-00_000,-0.2199132982909483,-4.392580124221027,9.58122582245878,0.0,0.0,9.80665,0.00496612324862258,-0.011965481207486108,0.28530384878516063,20.0,-3.0,42.0,91.19948353413389,-2.0,1.0
52.40536799229286,-1.5214531153276207,80.0,60.119999999550004,4.0,89.61153098357664,9,205000.0,2026-01-01 00-00-00_000,0.03916891346736508,-4.261469479946203,10.168852982139477,0.0,0.0,9.80665,-0.012220431615462393,0.012026816539534526,0.2813433741663162,20.0,-3.0,42.0,89.61153098357664,-2.0,1.0
52.40536799229286,-1.5214531153276207,80.0,60.119999999550004,4.0,89.61153098357664,9,205100.0,2026-01-01 00-00-00_000,0.21168713300015934,-4.165492043492611,9.931066910106718,0.0,0.0,9.80665,-0.006211335632251085,0.009862215111796687,0.27102763964096804,20.0,-3.0,42.0,88.02107386536358,-2.0,1.0
52.40536799229286,-1.5214531153276207,80.0,60.119999999550004,4.0,89.61153098357664,9,205200.0,2026-01-01 00-00-00_000,-0.31094852799182193,-4.464319664025007,9.46756018122825,0.0,0.0,9.80665,0.008471254509039069,-0.004879805617315897,0.26821023059575455,20.0,-3.0,42.0,86.42831974328783,-2.0,1.0
52.40536799229286,-1.5214531153276207,80.0,60.119999999550004,4.0,89.61153098357664,9,205300.0,2026-01-01 00-00-00_000,0.335891413458946,-4.618620131103256,9.96144364630236,0.0,0.0,9.80665,0.017640907184785688,-0.0033524981502532874,0.2972172780026361,20.0,-3.0,42.0,84.8334764809149,-2.0,1.0
52.40536799229286,-1.5214531153276207,80.0,60.119999999550004,4.0,89.61153098357664,9,205400.0,2026-01-01 00-00-00_000,-0.1536738707284595,-4.8615037297519965,10.224466063560813,0.0,0.0,9.80665,-0.0192881466182031,0.0001038391398983898,0.2749726093208114,20.0,-3.0,42.0,83.2367522144549,-2.0,1.0
52.40536799229286,-1.5214531153276207,80.0,60.119999999550004,4.0,89.61153098357664,9,205500.0,2026-01-01 00-00-00_000,0.006920128874498679,-4.9654635651343515,9.540005018858901,0.0,0.0,9.80665,0.0026819334747316295,0.0017571613464583806,0.27085410928322984,20.0,-3.0,42.0,81.63835532559978,-2.0,1.0
52.40536799229286,-1.5214531153276207,80.0,60.119999999550004,4.0,89.61153098357664,9,205600.0,2026-01-01 00-00-00_000,0.27861956331854093,-5.052092007029487,9.687383596476582,0.0,0.0,9.80665,-0.0034708387426232484,0.00819072914978802,0.2922477798344164,20.0,-3.0,42.0,80.03849441432845,-2.0,1.0
52.40536799229286,-1.5214531153276207,80.0,60.119999999550004,4.0,89.61153098357664,9,205700.0,2026-01-01 00-00-00_000,-0.300816570903817,-4.993228827653748,10.166644313685604,0.0,0.0,9.80665,-0.016778603602311155,0.0004062771629931155,0.2718757355611654,20.0,-3.0,42.0,78.4373782716832,-2.0,1.0
52.40536799229286,-1.5214531153276207,80.0,60.119999999550004,4.0,89.61153098357664,9,205800.0,2026-01-01 00-00-00_000,0.4233299906456177,-4.760114042981772,9.693107233331979,0.0,0.0,9.80665,-0.0013629391042091021,0.0037453929497588178,0.2896591713740492,20.0,-3.0,42.0,76.835215852521,-2.0,1.0
52.40536799229286,-1.5214531153276207,80.0,60.119999999550004,4.0,89.61153098357664,9,205900.0,2026-01-01 00-00-00_000,-0.20001451111257587,-4.567426994954759,9.508459629100681,0.0,0.0,9.80665,-0.015366772536547174,-0.015261070171818094,0.291290596978817,20.0,-3.0,42.0,75.23221624824413,-2.0,1.0
52.40539181540761,-1.5212111240286568,80.0,60.119999999602875,4.0,73.62858865951222,9,206000.0,2026-01-01 00-00-00_000,0.06021082349257731,-4.369550029292416,10.070411581442343,0.0,0.0,9.80665,-0.004969460834790829,-0.0032785417213634918,0.2860366055911043,20.0,-3.0,42.0,73.62858865951222,-2.0,1.0
52.40539181540761,-1.5212111240286568,80.0,60.119999999602875,4.0,73.62858865951222,9,206100.0,2026-01-01 00-00-00_000,0.2682202056627354,-4.408402986654678,9.83286601562022,0.0,0.0,9.80665,0.016047070318682414,-0.018194566514993744,0.2917258622237574,20.0,-3.0,42.0,72.02454236894044,-2.0,1.0
52.40539181540761,-1.5212111240286568,80.0,60.119999999602875,4.0,73.62858865951222,9,206200.0,2026-01-01 00-00-00_000,-0.3014322539054771,-4.52665505556907,9.415417935432924,0.0,0.0,9.80665,0.005285303758312439,0.01755603792162134,0.2732683320944196,20.0,-3.0,42.0,70.42028671378722,-2.0,1.0
52.40539181540761,-1.5212111240286568,80.0,60.119999999602875,4.0,73.62858865951222,9,206300.0,2026-01-01 00-00-00_000,0.34039784228143555,-4.6152411807689875,9.845830733763062,0.0,0.0,9.80665,0.007897186173220336,0.013677376751597498,0.27458539053338005,20.0,-3.0,42.0,68.81603105863394,-2.0,1.0
52.40539181540761,-1.5212111240286568,80.0,60.119999999602875,4.0,73.62858865951222,9,206400.0,2026-01-01 00-00-00_000,-0.151603635389098,-4.895149207903771,10.084259577340807,0.0,0.0,9.80665,0.00612856151670889,0.006881417894314532,0.28263399961340036,20.0,-3.0,42.0,67.21198476806228,-2.0,1.0
52.40539181540761,-1.5212111240286568,80.0,60.119999999602875,4.0,73.62858865951222,9,206500.0,2026-01-01 00-00-00_000,-0.028142337749270753,-5.0072300673131185,9.573186848143305,0.0,0.0,9.80665,0.0037445300906894796,0.010832330677710696,0.28405535408154087,20.0,-3.0,42.0,65.60835717933031,-2.0,1.0
52.40539181540761,-1.5212111240286568,80.0,60.119999999602875,4.0,73.62858865951222,9,206600.0,2026-01-01 00-00-00_000,0.30525958827424554,-4.972543573115225,9.693254943650143,0.0,0.0,9.80665,0.009776259408025593,0.019758660001088356,0.2833047437511821,20.0,-3.0,42.0,64.0053575750535,-2.0,1.0
52.40539181540761,-1.5212111240286568,80.0,60.119999999602875,4.0,73.62858865951222,9,206700.0,2026-01-01 00-00-00_000,-0.28544005323781896,-4.964719726878401,10.198959299009172,0.0,0.0,9.80665,-0.011070182661529317,0.00911106762741103,0.2874775858129982,20.0,-3.0,42.0,62.40319515589124,-2.0,1.0
52.40539181540761,-1.5212111240286568,80.0,60.119999999602875,4.0,73.62858865951222,9,206800.0,2026-01-01 00-00-00_000,0.3823390902326885,-4.797800964528738,9.849497900978454,0.0,0.0,9.80665,-0.0032063072676002348,-0.016202009284669062,0.27784710626537273,20.0,-3.0,42.0,60.80207901324593,-2.0,1.0
52.40539181540761,-1.5212111240286568,80.0,60.119999999602875,4.0,73.62858865951222,9,206900.0,2026-01-01 00-00-00_000,-0.2592923507611973,-4.512414790527324,9.531871702694986,0.0,0.0,9.80665,0.008627357389547766,-0.0023500223442037187,0.2666806814430399,20.0,-3.0,42.0,59.20221810197461,-2.0,1.0
52.40545546123215,-1.52098931604909,80.0,60.11999999964954,4.0,57.6038212131196,9,207000.0,2026-01-01 00-00-00_000,0.05733073506964669,-4.4084173658037695,10.092024359594982,0.0,0.0,9.80665,-0.006789839588330563,-0.023825020885255777,0.28634497730099157,20.0,-3.0,42.0,57.6038212131196,-2.0,1.0
52.40545546123215,-1.52098931604909,80.0,60.11999999964954,4.0,57.6038212131196,9,207100.0,2026-01-01 00-00-00_000,0.2427625020168444,-4.373887994611962,9.973171697451424,0.0,0.0,9.80665,-0.003953687236517433,-0.008434401444112557,0.28107879130419894,20.0,-3.0,42.0,56.007096946659544,-2.0,1.0
52.40545546123215,-1.52098931604909,80.0,60.11999999964954,4.0,57.6038212131196,9,207200.0,2026-01-01 00-00-00_000,-0.3206341223940898,-4.445734354583427,9.495302291824805,0.0,0.0,9.80665,0.01209667309424286,-0.01273235540913438,0.2889285006110183,20.0,-3.0,42.0,54.412253684286554,-2.0,1.0
52.40545546123215,-1.52098931604909,80.0,60.11999999964954,4.0,57.6038212131196,9,207300.0,2026-01-01 00-00-00_000,0.3461166787740091,-4.592756452390395,9.874176701610468,0.0,0.0,9.80665,0.015293200234107645,-0.00038325695903322935,0.29850443770542895,20.0,-3.0,42.0,52.819499562210865,-2.0,1.0
52.40545546123215,-1.52098931604909,80.0,60.11999999964954,4.0,57.6038212131196,9,207400.0,2026-01-01 00-00-00_000,-0.14564091831445994,-4.829213956227862,10.156540305482176,0.0,0.0,9.80665,-0.005574672651797476,0.0035916429531144766,0.2824006725066382,20.0,-3.0,42.0,51.229042443997855,-2.0,1.0
52.40545546123215,-1.52098931604909,80.0,60.11999999964954,4.0,57.6038212131196,9,207500.0,2026-01-01 00-00-00_000,8.826158179821991e-05,-5.024875368065163,9.509600953657968,0.0,0.0,9.80665,-0.007618288627660841,-0.009584733664160136,0.2858989332613027,20.0,-3.0,42.0,49.64108989344055,-2.0,1.0
52.40545546123215,-1.52098931604909,80.0,60.11999999964954,4.0,57.6038212131196,9,207600.0,2026-01-01 00-00-00_000,0.2737557698560083,-4.976505273711368,9.732107072770459,0.0,0.0,9.80665,0.006042300393578096,-0.003140113187362665,0.2738272091889996,20.0,-3.0,42.0,48.055849147471804,-2.0,1.0
52.40545546123215,-1.52098931604909,80.0,60.11999999964954,4.0,57.6038212131196,9,207700.0,2026-01-01 00-00-00_000,-0.32594135884644065,-4.8978899457511424,10.111516845785477,0.0,0.0,9.80665,0.0029939428528312794,0.0024798826575961877,0.2874809430777811,20.0,-3.0,42.0,46.473527089118136,-2.0,1.0
52.40545546123215,-1.52098931604909,80.0,60.11999999964954,4.0,57.6038212131196,9,207800.0,2026-01-01 00-00-00_000,0.2877524040800392,-4.733806116228779,9.715224359234373,0.0,0.0,9.80665,-0.006211290944306759,-0.0018860937740459577,0.28247393870436754,20.0,-3.0,42.0,44.894330220500706,-2.0,1.0
52.40545546123215,-1.52098931604909,80.0,60.11999999964954,4.0,57.6038212131196,9,207900.0,2026-01-01 00-00-00_000,-0.24506014237962084,-4.54525373448087,9.535042348539532,0.0,0.0,9.80665,0.006181004027904815,-0.0021066696366255837,0.28117638843260506,20.0,-3.0,42.0,43.31846463588539,-2.0,1.0
52.40555384809677,-1.5208047036967807,80.0,60.11999999969073,4.0,41.7461359947863,9,208000.0,2026-01-01 00-00-00_000,0.008409592968688512,-4.369534127197842,10.216127396463849,0.0,0.0,9.80665,0.005769537672025509,-0.024361683689614794,0.28578701800494566,20.0,-3.0,42.0,41.7461359947863,-2.0,1.0
52.40555384809677,-1.5208047036967807,80.0,60.11999999969073,4.0,41.7461359947863,9,208100.0,2026-01-01 00-00-00_000,0.2731050217668825,-4.255306136992059,10.008006736314973,0.0,0.0,9.80665,0.0011598827394239926,-0.004737825729172254,0.2690619282093799,20.0,-3.0,42.0,40.17754949512624,-2.0,1.0
52.40555384809677,-1.5208047036967807,80.0,60.11999999969073,4.0,41.7461359947863,9,208200.0,2026-01-01 00-00-00_000,-0.33942218962751214,-4.252171338070203,9.383143184839966,0.0,0.0,9.80665,0.029051114012581515,0.007590065673879627,0.2816846032920663,20.0,-3.0,42.0,38.612909846457,-2.0,1.0
52.40555384809677,-1.5208047036967807,80.0,60.11999999969073,4.0,41.7461359947863,9,208300.0,2026-01-01 00-00-00_000,0.33266086590585364,-4.528801575894553,9.865322120057646,0.0,0.0,9.80665,0.013640801284125209,0.002246483808721857,0.2801255806057921,20.0,-3.0,42.0,37.05242124324349,-2.0,1.0
52.40555384809677,-1.5208047036967807,80.0,60.11999999969073,4.0,41.7461359947863,9,208400.0,2026-01-01 00-00-00_000,-0.09789080981879512,-4.813786586270638,10.106824360486131,0.0,0.0,9.80665,0.008332546469189494,-0.01516174036220316,0.288256559872952,20.0,-3.0,42.0,35.49628733821561,-2.0,1.0
52.40555384809677,-1.5208047036967807,80.0,60.11999999969073,4.0,41.7461359947863,9,208500.0,2026-01-01 00-00-00_000,0.05966520002268784,-4.853326275051242,9.60108414819419,0.0,0.0,9.80665,0.010374060193797581,-0.0030663848422696123,0.26079154402714455,20.0,-3.0,42.0,33.94471121578994,-2.0,1.0
52.40555384809677,-1.5208047036967807,80.0,60.11999999969073,4.0,41.7461359947863,9,208600.0,2026-01-01 00-00-00_000,0.2809337446912401,-4.793233122024912,9.653304654299886,0.0,0.0,9.80665,0.029291159192464673,0.0023175467035001017,0.2734413783561258,20.0,-3.0,42.0,32.39789536556623,-2.0,1.0
52.40555384809677,-1.5208047036967807,80.0,60.11999999969073,4.0,41.7461359947863,9,208700.0,2026-01-01 00-00-00_000,-0.2934718253906954,-4.742786350922935,10.175226003391641,0.0,0.0,9.80665,0.011104532963167641,-0.010084437547767009,0.29049448342326323,20.0,-3.0,42.0,30.856041655901493,-2.0,1.0
52.40555384809677,-1.5208047036967807,80.0,60.11999999969073,4.0,41.7461359947863,9,208800.0,2026-01-01 00-00-00_000,0.3825513667855082,-4.5911292441081875,9.715046159181425,0.0,0.0,9.80665,-0.006624676005724781,0.006395096859336097,0.26917379752566806,20.0,-3.0,42.0,29.31935130756466,-2.0,1.0
52.40555384809677,-1.5208047036967807,80.0,60.11999999969073,4.0,41.7461359947863,9,208900.0,2026-01-01 00-00-00_000,-0.2251342434685347,-4.355658450829172,9.429888001148544,0.0,0.0,9.80665,0.003529798371324824,-0.0083630798762403,0.2680060017404155,20.0,-3.0,42.0,27.78802486747645,-2.0,1.0
52.40567901480859,-1.5206704890715388,80.0,60.11999999972705,4.0,26.26226218253686,9,209000.0,2026-01-01 00-00-00_000,0.06609124441044317,-4.230620903446934,10.201843972336837,0.0,0.0,9.80665,0.001114859656935009,-0.0036616602783205096,0.2844760749720831,20.0,-3.0,42.0,26.26226218253686,-2.0,1.0
52.40567901480859,-1.5206704890715388,80.0,60.11999999972705,4.0,26.26226218253686,9,209100.0,2026-01-01 00-00-00_000,0.3479038770383185,-4.044077888791084,9.962381300852307,0.0,0.0,9.80665,-0.005142143365166904,-0.00144426950249988,0.28914662781132094,20.0,-3.0,42.0,24.74226237354378,-2.0,1.0
52.40567901480859,-1.5206704890715388,80.0,60.11999999972705,4.0,26.26226218253686,9,209200.0,2026-01-01 00-00-00_000,-0.3320640868165349,-4.124147100661593,9.467662236290545,0.0,0.0,9.80665,0.0029411242258713505,0.02190652796137783,0.26932902642702805,20.0,-3.0,42.0,23.228223809206554,-2.0,1.0
52.40567901480859,-1.5206704890715388,80.0,60.11999999972705,4.0,26.26226218253686,9,209300.0,2026-01-01 00-00-00_000,0.42447176863231273,-4.405697021796683,9.95539530316387,0.0,0.0,9.80665,0.0028579761828759122,-0.003564819959218933,0.2617378557158843,20.0,-3.0,42.0,21.720344080257973,-2.0,1.0
52.40567901480859,-1.5206704890715388,80.0,60.11999999972705,4.0,26.26226218253686,9,209400.0,2026-01-01 00-00-00_000,-0.20923296458305424,-4.5705301146779185,10.055934642467783,0.0,0.0,9.80665,-0.00013937199845768088,-0.006069885108913466,0.2615756377867495,20.0,-3.0,42.0,20.218819973667394,-2.0,1.0
52.40567901480859,-1.5206704890715388,80.0,60.11999999972705,4.0,26.26226218253686,9,209500.0,2026-01-01 00-00-00_000,0.014049447542387072,-4.692514854991879,9.527621100200918,0.0,0.0,9.80665,-0.0043435974077808736,0.0067968498233897615,0.2619819820732392,20.0,-3.0,42.0,18.723847446958985,-2.0,1.0
52.40567901480859,-1.5206704890715388,80.0,60.11999999972705,4.0,26.26226218253686,9,209600.0,2026-01-01 00-00-00_000,0.24052111840446877,-4.694038776779994,9.672292785059703,0.0,0.0,9.80665,0.008503633600433365,-0.005072575972351575,0.2572793806200418,20.0,-3.0,42.0,17.23562160263799,-2.0,1.0
52.40567901480859,-1.5206704890715388,80.0,60.11999999972705,4.0,26.26226218253686,9,209700.0,2026-01-01 00-00-00_000,-0.24134165280771006,-4.730258908962355,10.218351586023788,0.0,0.0,9.80665,-0.015178578858208896,0.0015697780774687293,0.2563502878934127,20.0,-3.0,42.0,15.754336662728917,-2.0,1.0
52.40567901480859,-1.5206704890715388,80.0,60.11999999972705,4.0,26.26226218253686,9,209800.0,2026-01-01 00-00-00_000,0.4215016159742775,-4.463492849201791,9.681628864658851,0.0,0.0,9.80665,0.008463247668949406,-0.0228979805947104,0.2628216888297524,20.0,-3.0,42.0,14.280185943428194,-2.0,1.0
52.40567901480859,-1.5206704890715388,80.0,60.11999999972705,4.0,26.26226218253686,9,209900.0,2026-01-01 00-00-00_000,-0.1259649136022792,-4.193951302337967,9.474616190899289,0.0,0.0,9.80665,0.0005081412505972293,0.0026150280583099907,0.26048069012500347,20.0,-3.0,42.0,12.81336182987576,-2.0,1.0
52.40582128883114,-1.520594680714919,80.0,60.11999999975913,4.0,11.354055751047156,9,210000.0,2026-01-01 00-00-00_000,0.07621566033275431,-3.974818208134004,10.12203813518891,0.0,0.0,9.80665,0.003099683499831923,-0.0005596322341853345,0.2626112931476667,20.0,-3.0,42.0,11.354055751047156,-2.0,1.0
52.40582128883114,-1.520594680714919,80.0,60.11999999975913,4.0,11.354055751047156,9,210100.0,2026-01-01 00-00-00_000,0.2193293143683621,-3.8855951518070686,10.026213989504262,0.0,0.0,9.80665,-0.022796808507038305,-0.013267784214823044,0.2577246591759706,20.0,-3.0,42.0,9.902458154771352,-2.0,1.0
52.40582128883114,-1.520594680714919,80.0,60.11999999975913,4.0,11.354055751047156,9,210200.0,2026-01-01 00-00-00_000,-0.28718620450933574,-4.089930695059761,9.490564333943816,0.0,0.0,9.80665,0.01683837965903737,0.01319977970956673,0.24663633450469516,20.0,-3.0,42.0,8.458758482875908,-2.0,1.0
52.40582128883114,-1.520594680714919,80.0,60.11999999975913,4.0,11.354055751047156,9,210300.0,2026-01-01 00-00-00_000,0.3990035591320905,-4.204764807585859,9.971196361952694,0.0,0.0,9.80665,-0.016494744558839754,-0.0027526811130382405,0.2605251696710034,20.0,-3.0,42.0,7.023145146463946,-2.0,1.0
52.40582128883114,-1.520594680714919,80.0,60.11999999975913,4.0,11.354055751047156,9,210400.0,2026-01-01 00-00-00_000,-0.25663020344639154,-4.266707420207493,10.11025362476206,0.0,0.0,9.80665,-0.008030834216562269,-0.002327414870435105,0.2552133479862703,20.0,-3.0,42.0,5.595805501325344,-2.0,1.0
52.40582128883114,-1.520594680714919,80.0,60.11999999975913,4.0,11.354055751047156,9,210500.0,2026-01-01 00-00-00_000,0.1247024158077617,-4.498238337038222,9.483501532028063,0.0,0.0,9.80665,0.006712104637301441,-0.013507930139847203,0.24722454281923906,20.0,-3.0,42.0,4.176925823485647,-2.0,1.0
52.40582128883114,-1.520594680714919,80.0,60.11999999975913,4.0,11.354055751047156,9,210600.0,2026-01-01 00-00-00_000,0.26720642590859134,-4.4897738250543,9.70264506830619,0.0,0.0,9.80665,-0.005504283392845656,-0.016623205353723757,0.24816271024036116,20.0,-3.0,42.0,2.766691284896126,-2.0,1.0
52.40582128883114,-1.520594680714919,80.0,60.11999999975913,4.0,11.354055751047156,9,210700.0,2026-01-01 00-00-00_000,-0.25062088739268507,-4.421963497342231,10.214340369462317,0.0,0.0,9.80665,-0.0035619247216738125,-0.006053456572805594,0.2512739539448644,20.0,-3.0,42.0,1.3652859292678272,-2.0,1.0
52.40582128883114,-1.520594680714919,80.0,60.11999999975913,4.0,11.354055751047156,9,210800.0,2026-01-01 00-00-00_000,0.43272860479124176,-4.162012487642325,9.69948289920567,0.0,0.0,9.80665,-0.021416085860316066,-0.015598721916245428,0.24779212119693414,20.0,-3.0,42.0,359.9728926480524,-2.0,1.0
52.40582128883114,-1.520594680714919,80.0,60.11999999975913,4.0,11.354055751047156,9,210900.0,2026-01-01 00-00-00_000,-0.2174779247772809,-3.8599123737978798,9.545938706013066,0.0,0.0,9.80665,-0.003843963651764809,0.00453000898397581,0.24455688360779115,20.0,-3.0,42.0,358.58969315657424,-2.0,1.0
52.40597065289659,-1.5205796770815037,80.0,60.11999999978743,4.0,357.21586797031523,9,211000.0,2026-01-01 00-00-00_000,0.00499804507817482,-3.775932601994791,10.159823237705336,0.0,0.0,9.80665,0.0025002380251738124,0.008315184065313445,0.24995084324147773,20.0,-3.0,42.0,357.21586797031523,-2.0,1.0
52.40597065289659,-1.5205796770815037,80.0,60.11999999978743,4.0,357.21586797031523,9,211100.0,2026-01-01 00-00-00_000,0.18508396355981221,-3.6380546805717833,9.932085118890402,0.0,0.0,9.80665,0.007066216942825514,-0.006723411794098694,0.2506253396240547,20.0,-3.0,42.0,355.85159638135656,-2.0,1.0
52.40597065289659,-1.5205796770815037,80.0,60.11999999978743,4.0,357.21586797031523,9,211200.0,2026-01-01 00-00-00_000,-0.3908878219465858,-3.7147382443259804,9.448533604491715,0.0,0.0,9.80665,-0.0023788595009181417,-0.016466971755900412,0.23809939289265059,20.0,-3.0,42.0,354.4970564349801,-2.0,1.0
52.40597065289659,-1.5205796770815037,80.0,60.11999999978743,4.0,357.21586797031523,9,211300.0,2026-01-01 00-00-00_000,0.46762513375313247,-3.781527207204997,9.892346695964278,0.0,0.0,9.80665,0.0025730478501770687,-0.004318666237552102,0.2386748427262634,20.0,-3.0,42.0,353.1524249064325,-2.0,1.0
52.40597065289659,-1.5205796770815037,80.0,60.11999999978743,4.0,357.21586797031523,9,211400.0,2026-01-01 00-00-00_000,-0.118899748453831,-4.037679280080321,10.115592883673079,0.0,0.0,9.80665,0.00471773491730932,-0.010983460428010546,0.2283746225164327,20.0,-3.0,42.0,351.8178772778548,-2.0,1.0
52.40597065289659,-1.5205796770815037,80.0,60.11999999978743,4.0,357.21586797031523,9,211500.0,2026-01-01 00-00-00_000,0.003072735249224537,-4.140288923269461,9.531448871727587,0.0,0.0,9.80665,-0.006162237451224496,0.0012855819562992607,0.23396031311900203,20.0,-3.0,42.0,350.4935877153813,-2.0,1.0
52.40597065289659,-1.5205796770815037,80.0,60.11999999978743,4.0,357.21586797031523,9,211600.0,2026-01-01 00-00-00_000,0.2610858319228529,-4.239980734362014,9.668936630633759,0.0,0.0,9.80665,-0.00691004623031377,0.00141381017521099,0.23720606685286402,20.0,-3.0,42.0,349.1797290464096,-2.0,1.0
52.40597065289659,-1.5205796770815037,80.0,60.11999999978743,4.0,357.21586797031523,9,211700.0,2026-01-01 00-00-00_000,-0.33360584424495265,-4.054069777602411,10.25222570802646,0.0,0.0,9.80665,0.019623321685552485,-0.004648004769344482,0.2384060505796305,20.0,-3.0,42.0,347.87647273704596,-2.0,1.0
52.40597065289659,-1.5205796770815037,80.0,60.11999999978743,4.0,357.21586797031523,9,211800.0,2026-01-01 00-00-00_000,0.3773800548538364,-3.9260495377613873,9.74852917599944,0.0,0.0,9.80665,-0.007889477197166109,0.00034550719722580524,0.23104911039218326,20.0,-3.0,42.0,346.58398886972753,-2.0,1.0
52.40597065289659,-1.5205796770815037,80.0,60.11999999978743,4.0,357.21586797031523,9,211900.0,2026-01-01 00-00-00_000,-0.24397618687836992,-3.632838062659638,9.567310859219965,0.0,0.0,9.80665,0.012503516747662605,0.010016312736686399,0.227136846865164,20.0,-3.0,42.0,345.302446121026,-2.0,1.0
52.406118016956135,-1.5206227983940013,80.0,60.119999999812414,4.0,344.03201173963424,9,212000.0,2026-01-01 00-00-00_000,0.1616924646649358,-3.389284990883769,10.045075850280295,0.0,0.0,9.80665,0.0011344449328505968,0.016644457510429585,0.22026354438194062,20.0,-3.0,42.0,344.03201173963424,-2.0,1.0
52.406118016956135,-1.5206227983940013,80.0,60.119999999812414,4.0,344.03201173963424,9,212100.0,2026-01-01 00-00-00_000,0.30116838264922596,-3.4514607741812724,9.937569730473985,0.0,0.0,9.80665,0.014858619888570485,-0.005610906193166009,0.2256138336533339,20.0,-3.0,42.0,342.7728515245393,-2.0,1.0
52.406118016956135,-1.5206227983940013,80.0,60.119999999812414,4.0,344.03201173963424,9,212200.0,2026-01-01 00-00-00_000,-0.22775591908311316,-3.3725397052110786,9.389283247619407,0.0,0.0,9.80665,-0.0058112441054373925,0.0068274842178326165,0.21335339151556443,20.0,-3.0,42.0,341.52512980338474,-2.0,1.0
52.406118016956135,-1.5206227983940013,80.0,60.119999999812414,4.0,344.03201173963424,9,212300.0,2026-01-01 00-00-00_000,0.31318716140975505,-3.535804651608991,9.899316896671836,0.0,0.0,9.80665,0.00551038585137609,-0.002773260956695627,0.22089646983841163,20.0,-3.0,42.0,340.289009411025,-2.0,1.0
52.406118016956135,-1.5206227983940013,80.0,60.119999999812414,4.0,344.03201173963424,9,212400.0,2026-01-01 00-00-00_000,-0.19949376534155785,-3.7480200293640102,10.113051852811271,0.0,0.0,9.80665,0.0036866778053349196,-0.010970753364176133,0.21799876155790082,20.0,-3.0,42.0,339.0646516682743,-2.0,1.0
52.406118016956135,-1.5206227983940013,80.0,60.119999999812414,4.0,344.03201173963424,9,212500.0,2026-01-01 00-00-00_000,-0.04941727661058867,-3.8542006112055227,9.517372152516607,0.0,0.0,9.80665,-0.0017772352432742053,0.012417296030572922,0.20864846906758824,20.0,-3.0,42.0,337.85221636085373,-2.0,1.0
52.406118016956135,-1.5206227983940013,80.0,60.119999999812414,4.0,344.03201173963424,9,212600.0,2026-01-01 00-00-00_000,0.2124452971062087,-3.961019591671496,9.687995805737634,0.0,0.0,9.80665,0.0034873742149965073,0.0035244225917986116,0.21622863315101984,20.0,-3.0,42.0,336.65186171853776,-2.0,1.0
52.406118016956135,-1.5206227983940013,80.0,60.119999999812414,4.0,344.03201173963424,9,212700.0,2026-01-01 00-00-00_000,-0.3435973396895926,-3.7246735226206766,10.176426509902843,0.0,0.0,9.80665,-0.007076945234142152,0.0010026534991384587,0.20983929028160764,20.0,-3.0,42.0,335.46374439450494,-2.0,1.0
52.406118016956135,-1.5206227983940013,80.0,60.119999999812414,4.0,344.03201173963424,9,212800.0,2026-01-01 00-00-00_000,0.44971713719436013,-3.536276542829618,9.713485501674505,0.0,0.0,9.80665,-0.0003388950754823046,0.0031413201380455754,0.21406221006008133,20.0,-3.0,42.0,334.2880194448933,-2.0,1.0
52.406118016956135,-1.5206227983940013,80.0,60.119999999812414,4.0,344.03201173963424,9,212900.0,2026-01-01 00-00-00_000,-0.26793951784877207,-3.3106746084954843,9.541914169297966,0.0,0.0,9.80665,-0.0034625236777294506,-0.002031229784390197,0.20336305740350047,20.0,-3.0,42.0,333.12484030856484,-2.0,1.0
52.40625616516108,-1.5207175231627266,80.0,60.11999999983445,4.0,331.97435878708075,9,213000.0,2026-01-01 00-00-00_000,0.19821109040923743,-3.120629725524795,10.046471604162813,0.0,0.0,9.80665,0.007904702139368024,-0.010935090848092615,0.2087307835505351,20.0,-3.0,42.0,331.97435878708075,-2.0,1.0
52.40625616516108,-1.5207175231627266,80.0,60.11999999983445,4.0,331.97435878708075,9,213100.0,2026-01-01 00-00-00_000,0.27918161767753924,-2.961702668493848,9.938474882423067,0.0,0.0,9.80665,-0.0004410653303428372,0.017345931491024588,0.21496025457186962,20.0,-3.0,42.0,330.83672502489065,-2.0,1.0
52.40625616516108,-1.5207175231627266,80.0,60.11999999983445,4.0,331.97435878708075,9,213200.0,2026-01-01 00-00-00_000,-0.29961203006989184,-3.130810254502326,9.443180253159044,0.0,0.0,9.80665,-0.013193123400166276,0.00858617797288799,0.20183782148193302,20.0,-3.0,42.0,329.71208748973766,-2.0,1.0
52.40625616516108,-1.5207175231627266,80.0,60.11999999983445,4.0,331.97435878708075,9,213300.0,2026-01-01 00-00-00_000,0.44079136578341055,-3.1337731982355876,9.89338922491108,0.0,0.0,9.80665,-0.003192446501999154,0.002222503696708021,0.20432750826241328,20.0,-3.0,42.0,328.60059295328267,-2.0,1.0
52.40625616516108,-1.5207175231627266,80.0,60.11999999983445,4.0,331.97435878708075,9,213400.0,2026-01-01 00-00-00_000,-0.18281348804137532,-3.3782878848926523,10.196741821333273,0.0,0.0,9.80665,-0.0005115105748972115,0.009242873395930346,0.1907885617435959,20.0,-3.0,42.0,327.5023864719497,-2.0,1.0
52.40625616516108,-1.5207175231627266,80.0,60.11999999983445,4.0,331.97435878708075,9,213500.0,2026-01-01 00-00-00_000,0.0704884446153241,-3.559628741526672,9.56741445684068,0.0,0.0,9.80665,-0.00839828451223051,0.012444494786698863,0.19070241643281338,20.0,-3.0,42.0,326.41761136799505,-2.0,1.0
52.40625616516108,-1.5207175231627266,80.0,60.11999999983445,4.0,331.97435878708075,9,213600.0,2026-01-01 00-00-00_000,0.3105647891192529,-3.5536205263223217,9.609173223766259,0.0,0.0,9.80665,0.013490179199192893,-0.002409077496808182,0.17629917206583678,20.0,-3.0,42.0,325.3464092108033,-2.0,1.0
52.40625616516108,-1.5207175231627266,80.0,60.11999999983445,4.0,331.97435878708075,9,213700.0,2026-01-01 00-00-00_000,-0.27814321120500984,-3.3566878735195926,10.23789972017061,0.0,0.0,9.80665,0.004415612591451769,0.005458268984080874,0.1875218835395963,20.0,-3.0,42.0,324.2889197984113,-2.0,1.0
52.40625616516108,-1.5207175231627266,80.0,60.11999999983445,4.0,331.97435878708075,9,213800.0,2026-01-01 00-00-00_000,0.40046052411876876,-3.1640091225166533,9.724388907129923,0.0,0.0,9.80665,0.008709930491109616,-0.0036556291239957174,0.17742962469461926,20.0,-3.0,42.0,323.2452811392642,-2.0,1.0
52.40625616516108,-1.5207175231627266,80.0,60.11999999983445,4.0,331.97435878708075,9,213900.0,2026-01-01 00-00-00_000,-0.22100548876210352,-2.9137819730055785,9.478309119393625,0.0,0.0,9.80665,-0.007037839095899133,0.006031798749620339,0.18474107753068894,20.0,-3.0,42.0,322.21562943420406,-2.0,1.0
52.40638026417867,-1.5208550625682171,80.0,60.1199999998539,4.0,321.2000990586949,9,214000.0,2026-01-01 00-00-00_000,0.022313324344080322,-2.6094311421406173,10.037250764845533,0.0,0.0,9.80665,-0.0034558818567219057,-0.0029558177973732403,0.16521384671709097,20.0,-3.0,42.0,321.2000990586949,-2.0,1.0
52.40638026417867,-1.5208550625682171,80.0,60.1199999998539,4.0,321.2000990586949,9,214100.0,2026-01-01 00-00-00_000,0.26017845235727194,-2.6171127447666827,10.046374652810437,0.0,0.0,9.80665,0.010334111238493275,0.023926323344048168,0.17213624744594197,20.0,-3.0,42.0,320.1988225452864,-2.0,1.0
52.40638026417867,-1.5208550625682171,80.0,60.1199999998539,4.0,321.2000990586949,9,214200.0,2026-01-01 00-00-00_000,-0.29026757537624837,-2.667680455853502,9.498765015010335,0.0,0.0,9.80665,-0.013589338253906947,-0.003985125279059856,0.1770287493979177,20.0,-3.0,42.0,319.21193056631716,-2.0,1.0
52.40638026417867,-1.5208550625682171,80.0,60.1199999998539,4.0,321.2000990586949,9,214300.0,2026-01-01 00-00-00_000,0.3995587938921904,-2.832988100841141,9.978346136996034,0.0,0.0,9.80665,0.004054465745998095,0.004743081929420851,0.1769103299505239,20.0,-3.0,42.0,318.2395519168615,-2.0,1.0
52.40638026417867,-1.5208550625682171,80.0,60.1199999998539,4.0,321.2000990586949,9,214400.0,2026-01-01 00-00-00_000,-0.134274203344607,-2.9050673079266485,10.19951845252357,0.0,0.0,9.80665,0.0013293462850392697,0.004216861970569416,0.1583069686940464,20.0,-3.0,42.0,317.2818134979206,-2.0,1.0
52.40638026417867,-1.5208550625682171,80.0,60.1199999998539,4.0,321.2000990586949,9,214500.0,2026-01-01 00-00-00_000,0.08513284572437135,-3.1020517285621407,9.49610807521388,0.0,0.0,9.80665,-0.004451808290095431,-0.003762103364275644,0.1654621776226207,20.0,-3.0,42.0,316.33884029986166,-2.0,1.0
52.40638026417867,-1.5208550625682171,80.0,60.1199999998539,4.0,321.2000990586949,9,214600.0,2026-01-01 00-00-00_000,0.29806164516438327,-3.0970274624015564,9.70961887662112,0.0,0.0,9.80665,0.0013384623760073822,0.008947414111002677,0.1862044548057847,20.0,-3.0,42.0,315.41075538610556,-2.0,1.0
52.40638026417867,-1.5208550625682171,80.0,60.1199999998539,4.0,321.2000990586949,9,214700.0,2026-01-01 00-00-00_000,-0.30346767119563667,-2.9878483056390324,10.140233612020177,0.0,0.0,9.80665,-0.010099217397618099,-0.0012501571559122816,0.16967580120106734,20.0,-3.0,42.0,314.4976798770667,-2.0,1.0
52.40638026417867,-1.5208550625682171,80.0,60.1199999998539,4.0,321.2000990586949,9,214800.0,2026-01-01 00-00-00_000,0.4312561863822552,-2.6426400611279055,9.732266219869462,0.0,0.0,9.80665,0.0026543037923734713,-0.004534169946535833,0.16210868156016087,20.0,-3.0,42.0,313.5997329343458,-2.0,1.0
52.40638026417867,-1.5208550625682171,80.0,60.1199999998539,4.0,321.2000990586949,9,214900.0,2026-01-01 00-00-00_000,-0.14679299374030833,-2.3691520536175945,9.465201986195146,0.0,0.0,9.80665,-0.011482451489024933,-0.00040047651101004724,0.1365944267098932,20.0,-3.0,42.0,312.71703174517864,-2.0,1.0
52.40648794281593,-1.5210259041262224,80.0,60.11999999987108,4.0,311.84969150714284,9,215000.0,2026-01-01 00-00-00_000,0.02990189896391383,-2.2880974336043547,10.157308253474724,0.0,0.0,9.80665,-0.01206996191929347,-0.0079232790343776,0.1482889092131637,20.0,-3.0,42.0,311.84969150714284,-2.0,1.0
52.40648794281593,-1.5210259041262224,80.0,60.11999999987108,4.0,311.84969150714284,9,215100.0,2026-01-01 00-00-00_000,0.2760416560927643,-2.1748154060103753,9.890546822973752,0.0,0.0,9.80665,0.014172950760609851,0.011549504527323482,0.15688065622298497,20.0,-3.0,42.0,310.9978254131233,-2.0,1.0
52.40648794281593,-1.5210259041262224,80.0,60.11999999987108,4.0,311.84969150714284,9,215200.0,2026-01-01 00-00-00_000,-0.3117950884405528,-2.160115249733776,9.444000498285062,0.0,0.0,9.80665,-0.006430564551790441,0.005835166998103898,0.1519289333531632,20.0,-3.0,42.0,310.16154463654044,-2.0,1.0
52.40648794281593,-1.5210259041262224,80.0,60.11999999987108,4.0,311.84969150714284,9,215300.0,2026-01-01 00-00-00_000,0.3756025645782995,-2.334617432906149,9.841205079722743,0.0,0.0,9.80665,-0.020292220670772427,0.009403828856237645,0.15090726647519628,20.0,-3.0,42.0,309.3409583168411,-2.0,1.0
52.40648794281593,-1.5210259041262224,80.0,60.11999999987108,4.0,311.84969150714284,9,215400.0,2026-01-01 00-00-00_000,-0.16659598219597052,-2.515115081377801,10.103704959664183,0.0,0.0,9.80665,0.010013594228891207,-0.013924365621076898,0.15209482597815852,20.0,-3.0,42.0,308.53617354525545,-2.0,1.0
52.40648794281593,-1.5210259041262224,80.0,60.11999999987108,4.0,311.84969150714284,9,215500.0,2026-01-01 00-00-00_000,0.005821989786001208,-2.6467620085568098,9.545504749327607,0.0,0.0,9.80665,-0.007127968808970684,0.0022916610969729097,0.1425746305507956,20.0,-3.0,42.0,307.74729535082054,-2.0,1.0
52.40648794281593,-1.5210259041262224,80.0,60.11999999987108,4.0,311.84969150714284,9,215600.0,2026-01-01 00-00-00_000,0.2514790371321748,-2.6375424094021223,9.687462915379946,0.0,0.0,9.80665,-0.03412311527612698,-0.008103858811897178,0.14568399402778304,20.0,-3.0,42.0,306.97442668667395,-2.0,1.0
52.40648794281593,-1.5210259041262224,80.0,60.11999999987108,4.0,311.84969150714284,9,215700.0,2026-01-01 00-00-00_000,-0.3486409475758798,-2.5306658914433653,10.212899186586979,0.0,0.0,9.80665,-0.00011163773263441927,0.00044755704488248614,0.12215645232625445,20.0,-3.0,42.0,306.2176684166175,-2.0,1.0
52.40648794281593,-1.5210259041262224,80.0,60.11999999987108,4.0,311.84969150714284,9,215800.0,2026-01-01 00-00-00_000,0.452519707094809,-2.180518574767768,9.704905075928561,0.0,0.0,9.80665,0.009559147031816123,0.012323091891023182,0.1529722549849148,20.0,-3.0,42.0,305.47711930195396,-2.0,1.0
52.40648794281593,-1.5210259041262224,80.0,60.11999999987108,4.0,311.84969150714284,9,215900.0,2026-01-01 00-00-00_000,-0.11470976080557299,-1.93805535265466,9.505548284572729,0.0,0.0,9.80665,0.003908451665240184,0.0021531301620395416,0.12818770617833103,20.0,-3.0,42.0,304.75287598859825,-2.0,1.0
52.406579044205984,-1.5212210480162223,80.0,60.11999999988622,4.0,304.0450329944644,9,216000.0,2026-01-01 00-00-00_000,0.07141320192834724,-1.7260395401214312,10.187791391233155,0.0,0.0,9.80665,0.017343717387909942,-0.002171951785223783,0.12259330163135325,20.0,-3.0,42.0,304.0450329944644,-2.0,1.0
52.406579044205984,-1.5212210480162223,80.0,60.11999999988622,4.0,304.0450329944644,9,216100.0,2026-01-01 00-00-00_000,0.2110501226380939,-1.6538152685784042,9.966277643101142,0.0,0.0,9.80665,-0.0007750825934038034,0.010783866954969632,0.13653898118934882,20.0,-3.0,42.0,303.35368269713075,-2.0,1.0
52.406579044205984,-1.5212210480162223,80.0,60.11999999988622,4.0,304.0450329944644,9,216200.0,2026-01-01 00-00-00_000,-0.31273077603323074,-1.6816443209061704,9.499657627732184,0.0,0.0,9.80665,0.006336540348582625,0.009691931192933836,0.1266209890085153,20.0,-3.0,42.0,302.6789153217837,-2.0,1.0
52.406579044205984,-1.5212210480162223,80.0,60.11999999988622,4.0,304.0450329944644,9,216300.0,2026-01-01 00-00-00_000,0.34673595075983793,-1.9064993996690973,9.914108200481836,0.0,0.0,9.80665,-0.00944011225217882,0.018066755188139525,0.12659257566709867,20.0,-3.0,42.0,302.02081892944307,-2.0,1.0
52.406579044205984,-1.5212210480162223,80.0,60.11999999988622,4.0,304.0450329944644,9,216400.0,2026-01-01 00-00-00_000,-0.2388371733194692,-2.025235726567631,10.13908191324138,0.0,0.0,9.80665,0.0020625924126932245,-0.019021320930466008,0.1112012688319052,20.0,-3.0,42.0,301.3794794054699,-2.0,1.0
52.406579044205984,-1.5212210480162223,80.0,60.11999999988622,4.0,304.0450329944644,9,216500.0,2026-01-01 00-00-00_000,0.055432807847732586,-2.1629511068047513,9.64033796719912,0.0,0.0,9.80665,0.015501736796189715,0.0028582951623308326,0.11531430141988118,20.0,-3.0,42.0,300.75498044835723,-2.0,1.0
52.406579044205984,-1.5212210480162223,80.0,60.11999999988622,4.0,304.0450329944644,9,216600.0,2026-01-01 00-00-00_000,0.2653738027327496,-2.1833803664100704,9.762924619643101,0.0,0.0,9.80665,0.005412330633123681,-0.004579415696219303,0.11572152174071114,20.0,-3.0,42.0,300.1474035588076,-2.0,1.0
52.406579044205984,-1.5212210480162223,80.0,60.11999999988622,4.0,304.0450329944644,9,216700.0,2026-01-01 00-00-00_000,-0.32715884078067087,-2.0388258676730997,10.122294265820267,0.0,0.0,9.80665,0.002058211144657172,-0.009159183121320125,0.0982714377476728,20.0,-3.0,42.0,299.55682802909627,-2.0,1.0
52.406579044205984,-1.5212210480162223,80.0,60.11999999988622,4.0,304.0450329944644,9,216800.0,2026-01-01 00-00-00_000,0.4507214805651616,-1.7470101099080169,9.770609034688281,0.0,0.0,9.80665,-0.018965534675270422,0.0007371492137995424,0.10249252029776103,20.0,-3.0,42.0,298.9833309327237,-2.0,1.0
52.406579044205984,-1.5212210480162223,80.0,60.11999999988622,4.0,304.0450329944644,9,216900.0,2026-01-01 00-00-00_000,-0.16046003707659254,-1.4926814517273863,9.468512857402228,0.0,0.0,9.80665,-0.003243217228343003,-0.012039246410843267,0.09929565959908512,20.0,-3.0,42.0,298.4269871143563,-2.0,1.0
52.40665519194252,-1.5214327929049782,80.0,60.11999999989958,4.0,297.8878691800594,9,217000.0,2026-01-01 00-00-00_000,0.00886892090986105,-1.253738846819303,10.10552903039801,0.0,0.0,9.80665,-0.012205372582101826,-0.02274882363379946,0.09591675065701447,20.0,-3.0,42.0,297.8878691800594,-2.0,1.0
52.40665519194252,-1.5214327929049782,80.0,60.11999999989958,4.0,297.8878691800594,9,217100.0,2026-01-01 00-00-00_000,0.34441589735236333,-1.2268227375186376,9.949383376193278,0.0,0.0,9.80665,0.008101579065096173,-0.009438593874407286,0.0896891963728548,20.0,-3.0,42.0,297.3660474878212,-2.0,1.0
52.40665519194252,-1.5214327929049782,80.0,60.11999999989958,4.0,297.8878691800594,9,217200.0,2026-01-01 00-00-00_000,-0.35268909673223636,-1.1736710458411612,9.398351851521847,0.0,0.0,9.80665,-0.006801245814634794,-0.003026471014850154,0.08227873101889197,20.0,-3.0,42.0,296.8615901383712,-2.0,1.0
52.40665519194252,-1.5214327929049782,80.0,60.11999999989958,4.0,297.8878691800594,9,217300.0,2026-01-01 00-00-00_000,0.43549492704537596,-1.322449250724019,9.896142639891705,0.0,0.0,9.80665,0.004018063288303369,0.018250083132031653,0.09247165304132952,20.0,-3.0,42.0,296.37456296629233,-2.0,1.0
52.40665519194252,-1.5214327929049782,80.0,60.11999999989958,4.0,297.8878691800594,9,217400.0,2026-01-01 00-00-00_000,-0.1327069521231386,-1.672258700213626,10.123915377995928,0.0,0.0,9.80665,-0.009385625907618132,-0.007627833079796024,0.08795698623419339,20.0,-3.0,42.0,295.90502953142897,-2.0,1.0
52.40665519194252,-1.5214327929049782,80.0,60.11999999989958,4.0,297.8878691800594,9,217500.0,2026-01-01 00-00-00_000,-0.03439502639630258,-1.6679982878181796,9.5514936453592,0.0,0.0,9.80665,0.019014027977006562,-0.012099931115535804,0.0920262534716124,20.0,-3.0,42.0,295.4530511105926,-2.0,1.0
52.40665519194252,-1.5214327929049782,80.0,60.11999999989958,4.0,297.8878691800594,9,217600.0,2026-01-01 00-00-00_000,0.22577104168604953,-1.6138844280741207,9.694590059423476,0.0,0.0,9.80665,-0.011068870276182209,-0.020188089929337134,0.07936904491779964,20.0,-3.0,42.0,295.01868668956416,-2.0,1.0
52.40665519194252,-1.5214327929049782,80.0,60.11999999989958,4.0,297.8878691800594,9,217700.0,2026-01-01 00-00-00_000,-0.3279637206057517,-1.5311442045620345,10.118521596453638,0.0,0.0,9.80665,0.0018189486786932985,-0.003929745706125099,0.07156854418395386,20.0,-3.0,42.0,294.6019929553968,-2.0,1.0
52.40665519194252,-1.5214327929049782,80.0,60.11999999989958,4.0,297.8878691800594,9,217800.0,2026-01-01 00-00-00_000,0.3882539254930912,-1.1467982339548677,9.71236728975866,0.0,0.0,9.80665,0.02632762394342891,-0.002814438200073373,0.062375599100588666,20.0,-3.0,42.0,294.20302428901715,-2.0,1.0
52.40665519194252,-1.5214327929049782,80.0,60.11999999989958,4.0,297.8878691800594,9,217900.0,2026-01-01 00-00-00_000,-0.14766380818227487,-1.002373449176241,9.547304056023815,0.0,0.0,9.80665,0.0025813425676781384,0.0010688916548497133,0.07128746666039609,20.0,-3.0,42.0,293.8218327581288,-2.0,1.0
52.40671930354643,-1.521655052720684,80.0,60.11999999991141,4.0,293.45846811041685,9,218000.0,2026-01-01 00-00-00_000,0.0694564920193943,-0.7741686714575778,10.01146917931854,0.0,0.0,9.80665,-0.008119916125206452,-0.01487334664083049,0.0650760756222771,20.0,-3.0,42.0,293.45846811041685,-2.0,1.0
52.40671930354643,-1.521655052720684,80.0,60.11999999991141,4.0,293.45846811041685,9,218100.0,2026-01-01 00-00-00_000,0.23848453733096897,-0.6157644880954939,9.961613943292175,0.0,0.0,9.80665,0.0065152287332455915,-0.008034644506308562,0.08015285386312843,20.0,-3.0,42.0,293.112977767056,-2.0,1.0
52.40671930354643,-1.521655052720684,80.0,60.11999999991141,4.0,293.45846811041685,9,218200.0,2026-01-01 00-00-00_000,-0.2709262474860302,-0.749851514898211,9.36727926350561,0.0,0.0,9.80665,0.010228379214784446,-0.02308672236300583,0.0792106445333393,20.0,-3.0,42.0,292.78540681652134,-2.0,1.0
52.40671930354643,-1.521655052720684,80.0,60.11999999991141,4.0,293.45846811041685,9,218300.0,2026-01-01 00-00-00_000,0.4185703619487873,-0.8604790205176075,9.874655853498172,0.0,0.0,9.80665,0.00903816432639681,0.00126764714607627,0.07047511409218311,20.0,-3.0,42.0,292.47579800870415,-2.0,1.0
52.40671930354643,-1.521655052720684,80.0,60.11999999991141,4.0,293.45846811041685,9,218400.0,2026-01-01 00-00-00_000,-0.1867112058861144,-1.0339540798766396,10.113906653522342,0.0,0.0,9.80665,-0.018917497511501555,-0.01610583841509343,0.047903784258517365,20.0,-3.0,42.0,292.1841917493329,-2.0,1.0
52.40671930354643,-1.521655052720684,80.0,60.11999999991141,4.0,293.45846811041685,9,218500.0,2026-01-01 00-00-00_000,0.06487265287022152,-1.1663821101183065,9.434696622388,0.0,0.0,9.80665,0.0026003207981458894,-0.027880362553624607,0.04090134356863541,20.0,-3.0,42.0,291.91062609470026,-2.0,1.0
52.40671930354643,-1.521655052720684,80.0,60.11999999991141,4.0,293.45846811041685,9,218600.0,2026-01-01 00-00-00_000,0.2568236250804767,-1.168577790000758,9.635803332430276,0.0,0.0,9.80665,-0.020472344732392095,0.011189607169991267,0.04683556170161569,20.0,-3.0,42.0,291.65513674669603,-2.0,1.0
52.40671930354643,-1.521655052720684,80.0,60.11999999991141,4.0,293.45846811041685,9,218700.0,2026-01-01 00-00-00_000,-0.282053215533427,-1.007141634835261,10.218024508637248,0.0,0.0,9.80665,0.019162872561983638,0.004639247086208064,0.038514836870632896,20.0,-3.0,42.0,291.41775704814836,-2.0,1.0
52.40671930354643,-1.521655052720684,80.0,60.11999999991141,4.0,293.45846811041685,9,218800.0,2026-01-01 00-00-00_000,0.4516134292318993,-0.7204749540124337,9.671148873719961,0.0,0.0,9.80665,0.0011765261202916844,0.0031006501848438246,0.05347176156906608,20.0,-3.0,42.0,291.19851797847184,-2.0,1.0
52.40671930354643,-1.521655052720684,80.0,60.11999999991141,4.0,293.45846811041685,9,218900.0,2026-01-01 00-00-00_000,-0.204460178244663,-0.40498567671490804,9.49496266183054,0.0,0.0,9.80665,-0.004067687068244512,0.003092896720761179,0.040086717956022686,20.0,-3.0,42.0,290.9974481496249,-2.0,1.0
52.406775145297644,-1.5218832711518533,80.0,60.1199999999218,4.0,290.8145738023756,9,219000.0,2026-01-01 00-00-00_000,0.007996427863678074,-0.24085491623963062,10.124647073905653,0.0,0.0,9.80665,0.007103087641749339,-0.0107649559917773,0.03281761243134764,20.0,-3.0,42.0,290.8145738023756,-2.0,1.0
52.406775145297644,-1.5218832711518533,80.0,60.1199999999218,4.0,290.8145738023756,9,219100.0,2026-01-01 00-00-00_000,0.276862737464274,-0.11590132918794664,9.93309328048557,0.0,0.0,9.80665,0.005281071988911091,0.010324605333326867,0.032707785204628845,20.0,-3.0,42.0,290.64991880287715,-2.0,1.0
52.406775145297644,-1.5218832711518533,80.0,60.1199999999218,4.0,290.8145738023756,9,219200.0,2026-01-01 00-00-00_000,-0.3153988650467789,-0.21035067096531557,9.45863268640142,0.0,0.0,9.80665,-0.011204567416447602,-0.010892541309462567,0.0394692467613678,20.0,-3.0,42.0,290.50350463955317,-2.0,1.0
52.406775145297644,-1.5218832711518533,80.0,60.1199999999218,4.0,290.8145738023756,9,219300.0,2026-01-01 00-00-00_000,0.29412887682742567,-0.35888979775243557,9.837149682103549,0.0,0.0,9.80665,0.016491535387055205,0.0187049478903438,0.01905596328730478,20.0,-3.0,42.0,290.3753504202933,-2.0,1.0
52.406775145297644,-1.5218832711518533,80.0,60.1199999999218,4.0,290.8145738023756,9,219400.0,2026-01-01 00-00-00_000,-0.09948748577122017,-0.44147221001636716,10.22648325803219,0.0,0.0,9.80665,-0.0019161187481680636,0.0018489983176180659,0.027072663773946418,20.0,-3.0,42.0,290.26547286995947,-2.0,1.0
52.406775145297644,-1.5218832711518533,80.0,60.1199999999218,4.0,290.8145738023756,9,219500.0,2026-01-01 00-00-00_000,0.08802197602750825,-0.6496828889386659,9.598853513253887,0.0,0.0,9.80665,-0.01686083704815029,-0.018853153265888246,0.009702596556654904,20.0,-3.0,42.0,290.1738863282035,-2.0,1.0
52.406775145297644,-1.5218832711518533,80.0,60.1199999999218,4.0,290.8145738023756,9,219600.0,2026-01-01 00-00-00_000,0.25426634967834677,-0.5775371293916471,9.632805417342897,0.0,0.0,9.80665,0.014288301809467123,0.008279978266915549,0.01524412637565871,20.0,-3.0,42.0,290.10060274759525,-2.0,1.0
52.406775145297644,-1.5218832711518533,80.0,60.1199999999218,4.0,290.8145738023756,9,219700.0,2026-01-01 00-00-00_000,-0.3307255563318796,-0.428102874727845,10.279205847336444,0.0,0.0,9.80665,0.015608032978654806,0.019323180913046075,0.008498933968475265,20.0,-3.0,42.0,290.04563169206324,-2.0,1.0
52.406775145297644,-1.5218832711518533,80.0,60.1199999999218,4.0,290.8145738023756,9,219800.0,2026-01-01 00-00-00_000,0.39659774179291857,-0.08371118800500252,9.884120818813104,0.0,0.0,9.80665,0.01286642228293513,-0.0029528813761598867,0.01293796307496005,20.0,-3.0,42.0,290.00898033564596,-2.0,1.0
52.406775145297644,-1.5218832711518533,80.0,60.1199999999218,4.0,290.8145738023756,9,219900.0,2026-01-01 00-00-00_000,-0.23141810884101338,0.0814481591446316,9.46094661354352,0.0,0.0,9.80665,0.005897787555569764,0.010257148614726186,0.008484921664701604,20.0,-3.0,42.0,289.9906534615562,-2.0,1.0
52.40682697179841,-1.5221140402527829,80.0,60.119999999931,4.0,289.9906534615562,9,220000.0,2026-01-01 00-00-00_000,0.041256419411553634,0.27047614400276443,10.096716830299213,0.0,0.0,9.80665,-0.008320405544477312,-0.0025255415811478873,0.013456222878186383,20.0,-3.0,42.0,289.9906534615562,-2.0,1.0
52.40682697179841,-1.5221140402527829,80.0,60.119999999931,4.0,289.9906534615562,9,220100.0,2026-01-01 00-00-00_000,0.3119897612886255,0.4321932824060665,9.986957766677643,0.0,0.0,9.80665,0.00974092664359984,-0.006682694741249182,0.006250013807425396,20.0,-3.0,42.0,290.00898033564596,-2.0,1.0
52.40682697179841,-1.5221140402527829,80.0,60.119999999931,4.0,289.9906534615562,9,220200.0,2026-01-01 00-00-00_000,-0.30143135651002595,0.34179855856960256,9.466243656727686,0.0,0.0,9.80665,0.01884913899471991,-0.026221863541764926,-0.007058449929892412,20.0,-3.0,42.0,290.04563169206324,-2.0,1.0
52.40682697179841,-1.5221140402527829,80.0,60.119999999931,4.0,289.9906534615562,9,220300.0,2026-01-01 00-00-00_000,0.4263166005906896,0.18706322040877382,9.928561129276527,0.0,0.0,9.80665,0.008535714670276789,0.011960915676273292,-0.015886480844775737,20.0,-3.0,42.0,290.10060274759525,-2.0,1.0
52.40682697179841,-1.5221140402527829,80.0,60.119999999931,4.0,289.9906534615562,9,220400.0,2026-01-01 00-00-00_000,-0.23265982859094908,0.05493436225647242,10.230038295037017,0.0,0.0,9.80665,0.01630622036334221,-0.004853382200944404,-0.015098982670300597,20.0,-3.0,42.0,290.1738863282035,-2.0,1.0
52.40682697179841,-1.5221140402527829,80.0,60.119999999931,4.0,289.9906534615562,9,220500.0,2026-01-01 00-00-00_000,0.057315756189992545,-0.1614221651250528,9.618461478091351,0.0,0.0,9.80665,-0.007169968041610752,0.0033998581265168673,-0.015264168199597907,20.0,-3.0,42.0,290.26547286995947,-2.0,1.0
52.40682697179841,-1.5221140402527829,80.0,60.119999999931,4.0,289.9906534615562,9,220600.0,2026-01-01 00-00-00_000,0.24814295974609607,-0.2214408746318782,9.666850164520875,0.0,0.0,9.80665,0.010568159369022894,-0.011737214289643421,-0.016903712257929027,20.0,-3.0,42.0,290.3753504202933,-2.0,1.0
52.40682697179841,-1.5221140402527829,80.0,60.119999999931,4.0,289.9906534615562,9,220700.0,2026-01-01 00-00-00_000,-0.27151873760622325,0.10189045121038405,10.253176716678409,0.0,0.0,9.80665,0.009757807969305938,-0.009486123160326104,-0.024243988779799018,20.0,-3.0,42.0,290.50350463955317,-2.0,1.0
52.40682697179841,-1.5221140402527829,80.0,60.119999999931,4.0,289.9906534615562,9,220800.0,2026-01-01 00-00-00_000,0.4287606984067391,0.3448618569057347,9.65042030583994,0.0,0.0,9.80665,-0.014234759865126508,0.010778297493945838,-0.013022867125412532,20.0,-3.0,42.0,290.64991880287715,-2.0,1.0
52.40682697179841,-1.5221140402527829,80.0,60.119999999931,4.0,289.9906534615562,9,220900.0,2026-01-01 00-00-00_000,-0.22292716484892058,0.6252214602975804,9.541704700070989,0.0,0.0,9.80665,-0.015582820431553613,-0.004259951083270174,-0.017367821732784477,20.0,-3.0,42.0,290.8145738023756,-2.0,1.0
52.40687924741611,-1.522344534791066,80.0,60.1199999999391,4.0,290.9974481496249,9,221000.0,2026-01-01 00-00-00_000,-0.0024660790636404292,0.7998394299535982,10.123473528757467,0.0,0.0,9.80665,-0.0066170174526567795,-0.004406988818087068,-0.029979368816385348,20.0,-3.0,42.0,290.9974481496249,-2.0,1.0
52.40687924741611,-1.522344534791066,80.0,60.1199999999391,4.0,290.9974481496249,9,221100.0,2026-01-01 00-00-00_000,0.1700417536194903,0.8223199948315325,9.962911940652452,0.0,0.0,9.80665,0.001309691416249359,-0.013000892614798728,-0.034912903692879256,20.0,-3.0,42.0,291.19851797847184,-2.0,1.0
52.40687924741611,-1.522344534791066,80.0,60.1199999999391,4.0,290.9974481496249,9,221200.0,2026-01-01 00-00-00_000,-0.2889211149176971,0.8446004183282643,9.346650262040507,0.0,0.0,9.80665,0.004988389139885133,0.0017082569286254066,-0.03606347978293773,20.0,-3.0,42.0,291.41775704814836,-2.0,1.0
52.40687924741611,-1.522344534791066,80.0,60.1199999999391,4.0,290.9974481496249,9,221300.0,2026-01-01 00-00-00_000,0.3992587228162144,0.652898494062167,9.936207431127041,0.0,0.0,9.80665,-0.001723582422535447,0.007400152067648224,-0.037717339714832814,20.0,-3.0,42.0,291.6551367466961,-2.0,1.0
52.40687924741611,-1.522344534791066,80.0,60.1199999999391,4.0,290.9974481496249,9,221400.0,2026-01-01 00-00-00_000,-0.1727840944312769,0.5600281204357087,10.175531237937598,0.0,0.0,9.80665,-0.0001348811963381118,-0.004995712895755818,-0.040711293046584114,20.0,-3.0,42.0,291.9106260947003,-2.0,1.0
52.40687924741611,-1.522344534791066,80.0,60.1199999999391,4.0,290.9974481496249,9,221500.0,2026-01-01 00-00-00_000,0.02232342675567809,0.47993377304368556,9.613325361369775,0.0,0.0,9.80665,-0.0006057766753114926,-0.0022629844016398707,-0.05635433759726853,20.0,-3.0,42.0,292.1841917493329,-2.0,1.0
52.40687924741611,-1.522344534791066,80.0,60.1199999999391,4.0,290.9974481496249,9,221600.0,2026-01-01 00-00-00_000,0.28417057886680447,0.5219395568363361,9.646740127706511,0.0,0.0,9.80665,0.0013834857217649124,-0.012598703925011888,-0.05020955521313644,20.0,-3.0,42.0,292.47579800870415,-2.0,1.0
52.40687924741611,-1.522344534791066,80.0,60.1199999999391,4.0,290.9974481496249,9,221700.0,2026-01-01 00-00-00_000,-0.25602762244219185,0.6252082232031895,10.1430966122457,0.0,0.0,9.80665,0.006298708226369052,0.013651093747312354,-0.06466356268121395,20.0,-3.0,42.0,292.78540681652134,-2.0,1.0
52.40687924741611,-1.522344534791066,80.0,60.1199999999391,4.0,290.9974481496249,9,221800.0,2026-01-01 00-00-00_000,0.39427267031815183,0.8405744768975174,9.720881774927685,0.0,0.0,9.80665,0.0054278978194765,-0.006571166345471079,-0.05284096333433175,20.0,-3.0,42.0,293.112977767056,-2.0,1.0
52.40687924741611,-1.522344534791066,80.0,60.1199999999391,4.0,290.9974481496249,9,221900.0,2026-01-01 00-00-00_000,-0.16345456917635862,1.1960688999445386,9.492576367011305,0.0,0.0,9.80665,-2.483606573054924e-05,-0.0019359174671466203,-0.050958678941764174,20.0,-3.0,42.0,293.45846811041685,-2.0,1.0
52.406936413937466,-1.5225718635877112,80.0,60.11999999994626,4.0,293.8218327581288,9,222000.0,2026-01-01 00-00-00_000,0.054593555292243856,1.2835972842118786,10.105591105669689,0.0,0.0,9.80665,0.003085733317801455,0.016482512615282628,-0.06768544684969437,20.0,-3.0,42.0,293.8218327581288,-2.0,1.0
52.406936413937466,-1.5225718635877112,80.0,60.11999999994626,4.0,293.8218327581288,9,222100.0,2026-01-01 00-00-00_000,0.32169322346643037,1.4837798657241779,9.997864411888585,0.0,0.0,9.80665,-0.003949648457871963,-0.002643398816020574,-0.06118665301424127,20.0,-3.0,42.0,294.20302428901715,-2.0,1.0
52.406936413937466,-1.5225718635877112,80.0,60.11999999994626,4.0,293.8218327581288,9,222200.0,2026-01-01 00-00-00_000,-0.32738745047141465,1.34397175195721,9.45555786249078,0.0,0.0,9.80665,0.008414914641138025,-0.015914617387839093,-0.07038213495002364,20.0,-3.0,42.0,294.6019929553968,-2.0,1.0
52.406936413937466,-1.5225718635877112,80.0,60.11999999994626,4.0,293.8218327581288,9,222300.0,2026-01-01 00-00-00_000,0.33193828159266436,1.1802506044230752,9.950577001040946,0.0,0.0,9.80665,-0.004476260972116491,-0.009647111850601768,-0.07412262928070008,20.0,-3.0,42.0,295.01868668956416,-2.0,1.0
52.406936413937466,-1.5225718635877112,80.0,60.11999999994626,4.0,293.8218327581288,9,222400.0,2026-01-01 00-00-00_000,-0.2131401060400649,1.1572905141286818,10.073109458498779,0.0,0.0,9.80665,0.016790862882543233,-0.003961596271779092,-0.056388689553753146,20.0,-3.0,42.0,295.4530511105925,-2.0,1.0
52.406936413937466,-1.5225718635877112,80.0,60.11999999994626,4.0,293.8218327581288,9,222500.0,2026-01-01 00-00-00_000,0.06972823268321046,0.9010633051558403,9.560491720446336,0.0,0.0,9.80665,0.0002880287435307328,0.017496802000378894,-0.06786285513265113,20.0,-3.0,42.0,295.9050295314289,-2.0,1.0
52.406936413937466,-1.5225718635877112,80.0,60.11999999994626,4.0,293.8218327581288,9,222600.0,2026-01-01 00-00-00_000,0.2130862576440162,0.9768035541864334,9.670057589753286,0.0,0.0,9.80665,0.003244357090079228,0.001881737143854595,-0.07411182486725298,20.0,-3.0,42.0,296.3745629662923,-2.0,1.0
52.406936413937466,-1.5225718635877112,80.0,60.11999999994626,4.0,293.8218327581288,9,222700.0,2026-01-01 00-00-00_000,-0.3236756330048406,1.154391451601711,10.266681745147599,0.0,0.0,9.80665,-0.0070111548070469435,-0.0026106001732757035,-0.08435695574453465,20.0,-3.0,42.0,296.8615901383712,-2.0,1.0
52.406936413937466,-1.5225718635877112,80.0,60.11999999994626,4.0,293.8218327581288,9,222800.0,2026-01-01 00-00-00_000,0.36890151973148516,1.426200849755527,9.752428489880065,0.0,0.0,9.80665,-0.0028928730599695747,0.007958842430030354,-0.08077917751187405,20.0,-3.0,42.0,297.36604748782116,-2.0,1.0
52.406936413937466,-1.5225718635877112,80.0,60.11999999994626,4.0,293.8218327581288,9,222900.0,2026-01-01 00-00-00_000,-0.16921998907510036,1.766075330570683,9.400809720822915,0.0,0.0,9.80665,0.002161996748674933,0.01273039043910517,-0.08853182427247788,20.0,-3.0,42.0,297.8878691800593,-2.0,1.0
52.4070026528515,-1.522792429919087,80.0,60.11999999995259,4.0,298.4269871143562,9,223000.0,2026-01-01 00-00-00_000,0.014711614526560973,1.7788698631520263,10.08478154318314,0.0,0.0,9.80665,0.0007173946896495409,-0.00795232714774825,-0.08648995374368353,20.0,-3.0,42.0,298.4269871143562,-2.0,1.0
52.4070026528515,-1.522792429919087,80.0,60.11999999995259,4.0,298.4269871143562,9,223100.0,2026-01-01 00-00-00_000,0.2532329082617568,2.142930352070457,9.99151608138847,0.0,0.0,9.80665,-0.005634780087079855,0.014043594673700319,-0.10009379260508573,20.0,-3.0,42.0,298.9833309327236,-2.0,1.0
52.4070026528515,-1.522792429919087,80.0,60.11999999995259,4.0,298.4269871143562,9,223200.0,2026-01-01 00-00-00_000,-0.2124084565761945,1.965223876668658,9.438377330510555,0.0,0.0,9.80665,-0.010988342501362497,0.008280671966298345,-0.0966093178733265,20.0,-3.0,42.0,299.5568280290962,-2.0,1.0
52.4070026528515,-1.522792429919087,80.0,60.11999999995259,4.0,298.4269871143562,9,223300.0,2026-01-01 00-00-00_000,0.42190372326413383,1.830807484030674,9.912489596437938,0.0,0.0,9.80665,0.0009291173287178041,0.00417494247423388,-0.10212204348136104,20.0,-3.0,42.0,300.14740355880747,-2.0,1.0
52.4070026528515,-1.522792429919087,80.0,60.11999999995259,4.0,298.4269871143562,9,223400.0,2026-01-01 00-00-00_000,-0.15739253542557988,1.5981269573288623,10.069326779430801,0.0,0.0,9.80665,0.0020583925497919815,-0.024076121893411937,-0.11306703874828088,20.0,-3.0,42.0,300.7549804483572,-2.0,1.0
52.4070026528515,-1.522792429919087,80.0,60.11999999995259,4.0,298.4269871143562,9,223500.0,2026-01-01 00-00-00_000,0.00818143258876012,1.4785720932738502,9.578853370208877,0.0,0.0,9.80665,0.005980885792299498,0.0016454803498473845,-0.0917134597524322,20.0,-3.0,42.0,301.3794794054698,-2.0,1.0
52.4070026528515,-1.522792429919087,80.0,60.11999999995259,4.0,298.4269871143562,9,223600.0,2026-01-01 00-00-00_000,0.21905383242522847,1.4594996296770748,9.671672362290531,0.0,0.0,9.80665,0.012905735009048264,0.013679666731497134,-0.10149954483029956,20.0,-3.0,42.0,302.020818929443,-2.0,1.0
52.4070026528515,-1.522792429919087,80.0,60.11999999995259,4.0,298.4269871143562,9,223700.0,2026-01-01 00-00-00_000,-0.3088628696253655,1.6619642708143347,10.197175242525285,0.0,0.0,9.80665,-0.0025668411868571615,-0.003066811415933719,-0.11700557448477893,20.0,-3.0,42.0,302.67891532178356,-2.0,1.0
52.4070026528515,-1.522792429919087,80.0,60.11999999995259,4.0,298.4269871143562,9,223800.0,2026-01-01 00-00-00_000,0.4063382658254911,1.8086329147096627,9.695964983027528,0.0,0.0,9.80665,-0.019265774840245064,0.02289347240753428,-0.1252266320797003,20.0,-3.0,42.0,303.35368269713064,-2.0,1.0
52.4070026528515,-1.522792429919087,80.0,60.11999999995259,4.0,298.4269871143562,9,223900.0,2026-01-01 00-00-00_000,-0.15187712946049609,2.072499517001715,9.521556954046014,0.0,0.0,9.80665,-0.0008850103932168893,0.00043139939045777403,-0.12231055446409589,20.0,-3.0,42.0,304.04503299446435,-2.0,1.0
52.40708159245262,-1.5230013942115421,80.0,60.11999999995814,4.0,304.75287598859813,9,224000.0,2026-01-01 00-00-00_000,0.0155481257665466,2.3199307902124136,10.13226963076534,0.0,0.0,9.80665,-0.017788326566602623,-0.01052269199651217,-0.12606671102900863,20.0,-3.0,42.0,304.75287598859813,-2.0,1.0
52.40708159245262,-1.5230013942115421,80.0,60.11999999995814,4.0,304.75287598859813,9,224100.0,2026-01-01 00-00-00_000,0.2308783437833205,2.400856289604467,9.940691304308821,0.0,0.0,9.80665,-0.012231246683608634,0.005662226204438457,-0.12713552752692694,20.0,-3.0,42.0,305.4771193019539,-2.0,1.0
52.40708159245262,-1.5230013942115421,80.0,60.11999999995814,4.0,304.75287598859813,9,224200.0,2026-01-01 00-00-00_000,-0.29867604472537856,2.5238663701542317,9.354852274062171,0.0,0.0,9.80665,0.010766236930261542,0.0026597436192719696,-0.13705902426495978,20.0,-3.0,42.0,306.2176684166174,-2.0,1.0
52.40708159245262,-1.5230013942115421,80.0,60.11999999995814,4.0,304.75287598859813,9,224300.0,2026-01-01 00-00-00_000,0.3969438798831948,2.220251959032328,9.950838811073828,0.0,0.0,9.80665,0.0061655855035848426,0.008083629815041276,-0.1345365516094101,20.0,-3.0,42.0,306.97442668667384,-2.0,1.0
52.40708159245262,-1.5230013942115421,80.0,60.11999999995814,4.0,304.75287598859813,9,224400.0,2026-01-01 00-00-00_000,-0.18642974918558147,1.9320624769577335,10.209266769916107,0.0,0.0,9.80665,-0.005860723596138619,-0.002525599301169182,-0.13036183347520397,20.0,-3.0,42.0,307.7472953508204,-2.0,1.0
52.40708159245262,-1.5230013942115421,80.0,60.11999999995814,4.0,304.75287598859813,9,224500.0,2026-01-01 00-00-00_000,-0.006075390893393734,1.9376334160723314,9.483497593577486,0.0,0.0,9.80665,-0.005769677193128628,0.012817927303002947,-0.13042062299396212,20.0,-3.0,42.0,308.53617354525534,-2.0,1.0
52.40708159245262,-1.5230013942115421,80.0,60.11999999995814,4.0,304.75287598859813,9,224600.0,2026-01-01 00-00-00_000,0.20976636732887127,1.92681401459194,9.719863389533675,0.0,0.0,9.80665,-0.00034345291783563795,-0.005874669686808439,-0.1519463978972271,20.0,-3.0,42.0,309.340958316841,-2.0,1.0
52.40708159245262,-1.5230013942115421,80.0,60.11999999995814,4.0,304.75287598859813,9,224700.0,2026-01-01 00-00-00_000,-0.25998858561941823,2.071043058323802,10.216330786360547,0.0,0.0,9.80665,-0.016896381535014965,0.0010462027752415957,-0.13920293383480292,20.0,-3.0,42.0,310.1615446365403,-2.0,1.0
52.40708159245262,-1.5230013942115421,80.0,60.11999999995814,4.0,304.75287598859813,9,224800.0,2026-01-01 00-00-00_000,0.3791107768869789,2.3545428483774287,9.755311435024797,0.0,0.0,9.80665,0.0053152834616829615,-0.012827122841786845,-0.14967054844960093,20.0,-3.0,42.0,310.9978254131231,-2.0,1.0
52.40708159245262,-1.5230013942115421,80.0,60.11999999995814,4.0,304.75287598859813,9,224900.0,2026-01-01 00-00-00_000,-0.1375616388889968,2.5882581942558196,9.5010810341879,0.0,0.0,9.80665,-0.002923509180608045,-0.008323806968805051,-0.1528205047649296,20.0,-3.0,42.0,311.84969150714267,-2.0,1.0
52.40717592936275,-1.5231923427140734,80.0,60.11999999996306,4.0,312.7170317451785,9,225000.0,2026-01-01 00-00-00_000,0.058567273564076934,2.8289915000450625,10.059998476947912,0.0,0.0,9.80665,0.018833294954531524,0.0017764509032091283,-0.1498546119631278,20.0,-3.0,42.0,312.7170317451785,-2.0,1.0
52.40717592936275,-1.5231923427140734,80.0,60.11999999996306,4.0,312.7170317451785,9,225100.0,2026-01-01 00-00-00_000,0.34938512243277764,2.8817911524524797,10.011231449788395,0.0,0.0,9.80665,-0.0099855212828324,-0.006880831729836605,-0.15541433636852658,20.0,-3.0,42.0,313.5997329343456,-2.0,1.0
52.40717592936275,-1.5231923427140734,80.0,60.11999999996306,4.0,312.7170317451785,9,225200.0,2026-01-01 00-00-00_000,-0.29196581612085676,2.9064954045319387,9.350913095822944,0.0,0.0,9.80665,0.010521158381513834,-0.004795327410198424,-0.14721914518042786,20.0,-3.0,42.0,314.4976798770665,-2.0,1.0
52.40717592936275,-1.5231923427140734,80.0,60.11999999996306,4.0,312.7170317451785,9,225300.0,2026-01-01 00-00-00_000,0.4992618201684819,2.6767337956023316,9.841909628774209,0.0,0.0,9.80665,-0.006225714440896847,-0.002344046134947873,-0.1498362964953518,20.0,-3.0,42.0,315.4107553861054,-2.0,1.0
52.40717592936275,-1.5231923427140734,80.0,60.11999999996306,4.0,312.7170317451785,9,225400.0,2026-01-01 00-00-00_000,-0.16215080387192243,2.6187078831286317,10.168124316786999,0.0,0.0,9.80665,0.010694299388780519,0.0022902062072378375,-0.1603495584791448,20.0,-3.0,42.0,316.33884029986143,-2.0,1.0
52.40717592936275,-1.5231923427140734,80.0,60.11999999996306,4.0,312.7170317451785,9,225500.0,2026-01-01 00-00-00_000,-0.013609863722423989,2.3663072017004216,9.617311540659944,0.0,0.0,9.80665,-0.009183527188735581,0.007465781324585735,-0.16561088347942138,20.0,-3.0,42.0,317.2818134979204,-2.0,1.0
52.40717592936275,-1.5231923427140734,80.0,60.11999999996306,4.0,312.7170317451785,9,225600.0,2026-01-01 00-00-00_000,0.1939569288334183,2.3879012337755436,9.66226352844721,0.0,0.0,9.80665,0.007851953858210808,0.007487111640233265,-0.14907738464015485,20.0,-3.0,42.0,318.2395519168613,-2.0,1.0
52.40717592936275,-1.5231923427140734,80.0,60.11999999996306,4.0,312.7170317451785,9,225700.0,2026-01-01 00-00-00_000,-0.19456920967694724,2.528284058983825,10.256301343057148,0.0,0.0,9.80665,-0.0038240654631507727,0.010068704506318407,-0.15102641299649294,20.0,-3.0,42.0,319.211930566317,-2.0,1.0
52.40717592936275,-1.5231923427140734,80.0,60.11999999996306,4.0,312.7170317451785,9,225800.0,2026-01-01 00-00-00_000,0.3635952975144617,2.7477109699492135,9.797196340204327,0.0,0.0,9.80665,-0.0076510777370919535,0.0018178768690148854,-0.16518349889613773,20.0,-3.0,42.0,320.1988225452862,-2.0,1.0
52.40717592936275,-1.5231923427140734,80.0,60.11999999996306,4.0,312.7170317451785,9,225900.0,2026-01-01 00-00-00_000,-0.1377351361309231,2.9681561277910578,9.539141208775032,0.0,0.0,9.80665,-0.0009402736901787962,-0.005743489196441963,-0.17193666392688453,20.0,-3.0,42.0,321.2000990586947,-2.0,1.0
52.40728696998351,-1.5233572746062807,80.0,60.11999999996741,4.0,322.21562943420383,9,226000.0,2026-01-01 00-00-00_000,0.07941379949312295,3.225688637946731,10.110286270650995,0.0,0.0,9.80665,0.005293282642741191,-0.016242046030808723,-0.1653023555979171,20.0,-3.0,42.0,322.21562943420383,-2.0,1.0
52.40728696998351,-1.5233572746062807,80.0,60.11999999996741,4.0,322.21562943420383,9,226100.0,2026-01-01 00-00-00_000,0.27698728276906165,3.3086276727344495,9.944333705219435,0.0,0.0,9.80665,0.004580346225516521,-0.003749900224184863,-0.16429315311382134,20.0,-3.0,42.0,323.245281139264,-2.0,1.0
52.40728696998351,-1.5233572746062807,80.0,60.11999999996741,4.0,322.21562943420383,9,226200.0,2026-01-01 00-00-00_000,-0.3356431267939422,3.256757359561499,9.393176055434973,0.0,0.0,9.80665,0.016264390370612784,-0.008273477120913865,-0.1822560777357818,20.0,-3.0,42.0,324.28891979841114,-2.0,1.0
52.40728696998351,-1.5233572746062807,80.0,60.11999999996741,4.0,322.21562943420383,9,226300.0,2026-01-01 00-00-00_000,0.39504943232333617,3.0338029237480075,9.906602016926001,0.0,0.0,9.80665,0.00873302165437069,-0.018565398738741076,-0.1663499932677796,20.0,-3.0,42.0,325.346409210803,-2.0,1.0
52.40728696998351,-1.5233572746062807,80.0,60.11999999996741,4.0,322.21562943420383,9,226400.0,2026-01-01 00-00-00_000,-0.17297188992940107,2.872087572953546,10.185129799189026,0.0,0.0,9.80665,-0.02567530781376564,0.016398065761201695,-0.1841832121154296,20.0,-3.0,42.0,326.4176113679948,-2.0,1.0
52.40728696998351,-1.5233572746062807,80.0,60.11999999996741,4.0,322.21562943420383,9,226500.0,2026-01-01 00-00-00_000,0.14352496584405441,2.868209144848449,9.48294765038868,0.0,0.0,9.80665,-0.0034281448509241026,-0.018806054425701848,-0.17671874984661465,20.0,-3.0,42.0,327.5023864719494,-2.0,1.0
52.40728696998351,-1.5233572746062807,80.0,60.11999999996741,4.0,322.21562943420383,9,226600.0,2026-01-01 00-00-00_000,0.3267349284113527,2.816949090946261,9.674086791014977,0.0,0.0,9.80665,-0.019272099667212196,0.0033598159040287285,-0.19170129530237898,20.0,-3.0,42.0,328.6005929532825,-2.0,1.0
52.40728696998351,-1.5233572746062807,80.0,60.11999999996741,4.0,322.21562943420383,9,226700.0,2026-01-01 00-00-00_000,-0.33197255019655275,2.947746575628901,10.259789057353276,0.0,0.0,9.80665,-0.003262472919932814,0.005378710285814413,-0.18943771702821666,20.0,-3.0,42.0,329.7120874897375,-2.0,1.0
52.40728696998351,-1.5233572746062807,80.0,60.11999999996741,4.0,322.21562943420383,9,226800.0,2026-01-01 00-00-00_000,0.42409303793837844,3.1683823734842886,9.713883321081864,0.0,0.0,9.80665,0.006769463401157432,-0.0025979883525140894,-0.1958378632617757,20.0,-3.0,42.0,330.83672502489037,-2.0,1.0
52.40728696998351,-1.5233572746062807,80.0,60.11999999996741,4.0,322.21562943420383,9,226900.0,2026-01-01 00-00-00_000,-0.18949844621892012,3.480379626440585,9.59981135581977,0.0,0.0,9.80665,-0.01275133439200911,0.025907314225081586,-0.1943243509780793,20.0,-3.0,42.0,331.9743587870805,-2.0,1.0
52.40741414543028,-1.5234870092873292,80.0,60.119999999971235,4.0,333.12484030856456,9,227000.0,2026-01-01 00-00-00_000,-0.005180335454563242,3.64925137941219,10.080073123383556,0.0,0.0,9.80665,-0.011192744545620383,-1.8453427497392057e-05,-0.18876124970273445,20.0,-3.0,42.0,333.12484030856456,-2.0,1.0
52.40741414543028,-1.5234870092873292,80.0,60.119999999971235,4.0,333.12484030856456,9,227100.0,2026-01-01 00-00-00_000,0.22609644650981608,3.7415550842815395,10.000578146701073,0.0,0.0,9.80665,0.0019983277933642925,-0.007972121620073679,-0.20605470350810323,20.0,-3.0,42.0,334.2880194448931,-2.0,1.0
52.40741414543028,-1.5234870092873292,80.0,60.119999999971235,4.0,333.12484030856456,9,227200.0,2026-01-01 00-00-00_000,-0.3727682221357491,3.6037285481824224,9.518309102684988,0.0,0.0,9.80665,-0.0023081744815401204,0.017574554272813032,-0.20352930484791662,20.0,-3.0,42.0,335.4637443945047,-2.0,1.0
52.40741414543028,-1.5234870092873292,80.0,60.119999999971235,4.0,333.12484030856456,9,227300.0,2026-01-01 00-00-00_000,0.4127750707405427,3.5145332554807482,9.877918104471874,0.0,0.0,9.80665,0.01633056151199599,-0.008315608587015452,-0.19905554962575694,20.0,-3.0,42.0,336.6518617185376,-2.0,1.0
52.40741414543028,-1.5234870092873292,80.0,60.119999999971235,4.0,333.12484030856456,9,227400.0,2026-01-01 00-00-00_000,-0.18772605876194876,3.322604346822308,10.118067395250018,0.0,0.0,9.80665,0.0037754111785458845,-0.014741847248951166,-0.20915612483653065,20.0,-3.0,42.0,337.8522163608535,-2.0,1.0
52.40741414543028,-1.5234870092873292,80.0,60.119999999971235,4.0,333.12484030856456,9,227500.0,2026-01-01 00-00-00_000,-0.007720968470912422,3.174443167429286,9.595563773569076,0.0,0.0,9.80665,0.005867181028646975,-0.010394562663844139,-0.19155322524537446,20.0,-3.0,42.0,339.06465166827405,-2.0,1.0
52.40741414543028,-1.5234870092873292,80.0,60.119999999971235,4.0,333.12484030856456,9,227600.0,2026-01-01 00-00-00_000,0.21237454254250382,3.226107373061729,9.711423378653746,0.0,0.0,9.80665,0.017993416543239608,-0.006720205266067224,-0.22120404896110016,20.0,-3.0,42.0,340.2890094110247,-2.0,1.0
52.40741414543028,-1.5234870092873292,80.0,60.119999999971235,4.0,333.12484030856456,9,227700.0,2026-01-01 00-00-00_000,-0.3452219475247819,3.3116497128876006,10.18874675188095,0.0,0.0,9.80665,-0.004425413832464608,0.0002367158806846229,-0.19172094777365017,20.0,-3.0,42.0,341.52512980338446,-2.0,1.0
52.40741414543028,-1.5234870092873292,80.0,60.119999999971235,4.0,333.12484030856456,9,227800.0,2026-01-01 00-00-00_000,0.4284295801220325,3.5806667418632,9.682582734830653,0.0,0.0,9.80665,0.0005537079426846904,0.0031904573670948457,-0.21893984756213095,20.0,-3.0,42.0,342.7728515245391,-2.0,1.0
52.40741414543028,-1.5234870092873292,80.0,60.119999999971235,4.0,333.12484030856456,9,227900.0,2026-01-01 00-00-00_000,-0.23562781090314305,3.8564450129773857,9.512772296881145,0.0,0.0,9.80665,-0.009317066296279071,-0.01562222353445907,-0.2080640451376678,20.0,-3.0,42.0,344.03201173963396,-2.0,1.0
52.40755460336938,-1.5235720673251207,80.0,60.11999999997461,4.0,345.30244612102575,9,228000.0,2026-01-01 00-00-00_000,0.0679541752289555,4.015504706408251,10.175013958804684,0.0,0.0,9.80665,0.003141522794532613,0.003318271531409749,-0.2049642690379917,20.0,-3.0,42.0,345.30244612102575,-2.0,1.0
52.40755460336938,-1.5235720673251207,80.0,60.11999999997461,4.0,345.30244612102575,9,228100.0,2026-01-01 00-00-00_000,0.20370130658157243,4.1207432913497595,9.93270766268502,0.0,0.0,9.80665,0.010883049420105647,0.022384506513475063,-0.2154466405914952,20.0,-3.0,42.0,346.58398886972725,-2.0,1.0
52.40755460336938,-1.5235720673251207,80.0,60.11999999997461,4.0,345.30244612102575,9,228200.0,2026-01-01 00-00-00_000,-0.2664346967237192,4.061790353215471,9.390630536686714,0.0,0.0,9.80665,0.014209570220504949,-0.007457654876915587,-0.2326877340038192,20.0,-3.0,42.0,347.8764727370457,-2.0,1.0
52.40755460336938,-1.5235720673251207,80.0,60.11999999997461,4.0,345.30244612102575,9,228300.0,2026-01-01 00-00-00_000,0.4169874287533225,3.8105435920659074,9.888410417657177,0.0,0.0,9.80665,0.00021281270448815726,-0.0015588858177400294,-0.22607734963960244,20.0,-3.0,42.0,349.1797290464094,-2.0,1.0
52.40755460336938,-1.5235720673251207,80.0,60.11999999997461,4.0,345.30244612102575,9,228400.0,2026-01-01 00-00-00_000,-0.1667509183965367,3.5786691999609457,10.095050915491795,0.0,0.0,9.80665,-0.006509610788216285,0.00682221353730243,-0.2247475861010297,20.0,-3.0,42.0,350.493587715381,-2.0,1.0
52.40755460336938,-1.5235720673251207,80.0,60.11999999997461,4.0,345.30244612102575,9,228500.0,2026-01-01 00-00-00_000,0.07982555262405173,3.5422662227777,9.522635093471484,0.0,0.0,9.80665,-0.007057254549748517,0.011983630522482676,-0.22264147487561403,20.0,-3.0,42.0,351.81787727785456,-2.0,1.0
52.40755460336938,-1.5235720673251207,80.0,60.11999999997461,4.0,345.30244612102575,9,228600.0,2026-01-01 00-00-00_000,0.1914803025722772,3.6094341915118373,9.731015085197475,0.0,0.0,9.80665,-0.013320359153572504,-0.006991125259252204,-0.22113475959586745,20.0,-3.0,42.0,353.1524249064322,-2.0,1.0
52.40755460336938,-1.5235720673251207,80.0,60.11999999997461,4.0,345.30244612102575,9,228700.0,2026-01-01 00-00-00_000,-0.2846734541436635,3.576652422021052,10.16203420592737,0.0,0.0,9.80665,0.0017922125567546973,-0.009975836135173912,-0.22177372264497433,20.0,-3.0,42.0,354.49705643497987,-2.0,1.0
52.40755460336938,-1.5235720673251207,80.0,60.11999999997461,4.0,345.30244612102575,9,228800.0,2026-01-01 00-00-00_000,0.4090357251692463,3.8115524915824723,9.826299141344867,0.0,0.0,9.80665,0.014134485124500936,-0.010448274772170555,-0.22074635082071692,20.0,-3.0,42.0,355.8515963813563,-2.0,1.0
52.40755460336938,-1.5235720673251207,80.0,60.11999999997461,4.0,345.30244612102575,9,228900.0,2026-01-01 00-00-00_000,-0.16210557153845234,4.131242919481971,9.456346862924262,0.0,0.0,9.80665,-0.023050310177749018,0.01089036970946141,-0.2416139450978129,20.0,-3.0,42.0,357.21586797031495,-2.0,1.0
52.40770301489776,-1.5236039841245421,80.0,60.1199999999776,4.0,358.589693156574,9,229000.0,2026-01-01 00-00-00_000,0.002480420034559734,4.261395846265125,10.11281974154363,0.0,0.0,9.80665,-0.02110699492740789,0.008902484393088779,-0.2279139402076153,20.0,-3.0,42.0,358.589693156574,-2.0,1.0
52.40770301489776,-1.5236039841245421,80.0,60.1199999999776,4.0,358.589693156574,9,229100.0,2026-01-01 00-00-00_000,0.2503513729059236,4.348844308185747,9.988788051052662,0.0,0.0,9.80665,0.014567868386260008,-0.02217065310447047,-0.25118009947243836,20.0,-3.0,42.0,359.9728926480522,-2.0,1.0
52.40770301489776,-1.5236039841245421,80.0,60.1199999999776,4.0,358.589693156574,9,229200.0,2026-01-01 00-00-00_000,-0.29134131051579815,4.359804166041307,9.449359423763344,0.0,0.0,9.80665,-0.015462099962135097,-0.02191669430785406,-0.23782560897737237,20.0,-3.0,42.0,1.365285929267543,-2.0,1.0
52.40770301489776,-1.5236039841245421,80.0,60.1199999999776,4.0,358.589693156574,9,229300.0,2026-01-01 00-00-00_000,0.34710198407154136,4.109764205045111,9.974926133967127,0.0,0.0,9.80665,0.003896428417456889,-0.012771336778609818,-0.24903703737433294,20.0,-3.0,42.0,2.7666912848958987,-2.0,1.0
52.40770301489776,-1.5236039841245421,80.0,60.1199999999776,4.0,358.589693156574,9,229400.0,2026-01-01 00-00-00_000,-0.19614212014255006,3.914016960766834,10.125106152329117,0.0,0.0,9.80665,-0.011960527896473316,-0.015438040805044984,-0.25620796656112976,20.0,-3.0,42.0,4.176925823485362,-2.0,1.0
52.40770301489776,-1.5236039841245421,80.0,60.1199999999776,4.0,358.589693156574,9,229500.0,2026-01-01 00-00-00_000,0.06725109181151713,3.7888275738191193,9.510799600677265,0.0,0.0,9.80665,0.008404758447043605,0.003927923749058906,-0.23635321224687256,20.0,-3.0,42.0,5.59580550132506,-2.0,1.0
52.40770301489776,-1.5236039841245421,80.0,60.1199999999776,4.0,358.589693156574,9,229600.0,2026-01-01 00-00-00_000,0.25223482835543737,3.811733107231296,9.730589335424035,0.0,0.0,9.80665,0.00841250946553181,0.0020050391754284063,-0.2453398763311799,20.0,-3.0,42.0,7.023145146463719,-2.0,1.0
52.40770301489776,-1.5236039841245421,80.0,60.1199999999776,4.0,358.589693156574,9,229700.0,2026-01-01 00-00-00_000,-0.25701814203272993,3.9352365489121475,10.174470145238391,0.0,0.0,9.80665,0.002294324362742295,0.019652656351874093,-0.23870679753585694,20.0,-3.0,42.0,8.45875848287568,-2.0,1.0
52.40770301489776,-1.5236039841245421,80.0,60.1199999999776,4.0,358.589693156574,9,229800.0,2026-01-01 00-00-00_000,0.37917563449886454,4.164629672802358,9.689482212778918,0.0,0.0,9.80665,0.008847962570937671,0.007834588126530956,-0.2604949240724184,20.0,-3.0,42.0,9.902458154771068,-2.0,1.0
52.40770301489776,-1.5236039841245421,80.0,60.1199999999776,4.0,358.589693156574,9,229900.0,2026-01-01 00-00-00_000,-0.171667359476032,4.275096188778709,9.488561315987843,0.0,0.0,9.80665,0.0011186929011549702,0.001015641227761551,-0.25898656846787205,20.0,-3.0,42.0,11.354055751046928,-2.0,1.0
52.40785173403769,-1.5235768857644376,80.0,60.11999999998024,4.0,12.813361829875532,9,230000.0,2026-01-01 00-00-00_000,0.012624867769979106,4.490280456465833,10.127711072711465,0.0,0.0,9.80665,0.006247166379267574,0.011753088858888037,-0.2514703289220809,20.0,-3.0,42.0,12.813361829875532,-2.0,1.0
52.40785173403769,-1.5235768857644376,80.0,60.11999999998024,4.0,12.813361829875532,9,230100.0,2026-01-01 00-00-00_000,0.2273518556597357,4.5888411234810285,9.960625228975651,0.0,0.0,9.80665,0.018829064464615675,-0.009274875975285975,-0.25727025152569233,20.0,-3.0,42.0,14.280185943427966,-2.0,1.0
52.40785173403769,-1.5235768857644376,80.0,60.11999999998024,4.0,12.813361829875532,9,230200.0,2026-01-01 00-00-00_000,-0.33857662032605695,4.594872693216321,9.43485607637612,0.0,0.0,9.80665,0.01158952200969834,-0.014404154144311567,-0.2527080689991843,20.0,-3.0,42.0,15.754336662728633,-2.0,1.0
52.40785173403769,-1.5235768857644376,80.0,60.11999999998024,4.0,12.813361829875532,9,230300.0,2026-01-01 00-00-00_000,0.4067837613764796,4.2790579725960605,9.879601707762271,0.0,0.0,9.80665,-0.005939816421395116,0.0001125793201926193,-0.25945893465886316,20.0,-3.0,42.0,17.235621602637764,-2.0,1.0
52.40785173403769,-1.5235768857644376,80.0,60.11999999998024,4.0,12.813361829875532,9,230400.0,2026-01-01 00-00-00_000,-0.18468473169723,4.123921899767845,10.114091899451397,0.0,0.0,9.80665,-0.0073839189218073455,0.00930822163790474,-0.25842428117688104,20.0,-3.0,42.0,18.723847446958757,-2.0,1.0
52.40785173403769,-1.5235768857644376,80.0,60.11999999998024,4.0,12.813361829875532,9,230500.0,2026-01-01 00-00-00_000,0.054411908930989177,4.074589282272692,9.544282096567501,0.0,0.0,9.80665,-0.0017445844177891826,-0.016656160390359366,-0.26597288538516534,20.0,-3.0,42.0,20.21881997366711,-2.0,1.0
52.40785173403769,-1.5235768857644376,80.0,60.11999999998024,4.0,12.813361829875532,9,230600.0,2026-01-01 00-00-00_000,0.2567004744831249,3.9625081593957914,9.801295171691372,0.0,0.0,9.80665,-0.0016451558161057027,0.008860658923825197,-0.24788077457356616,20.0,-3.0,42.0,21.72034408025769,-2.0,1.0
52.40785173403769,-1.5235768857644376,80.0,60.11999999998024,4.0,12.813361829875532,9,230700.0,2026-01-01 00-00-00_000,-0.2231336884686086,4.13083707522163,10.225510574187192,0.0,0.0,9.80665,0.001359211656253795,0.00850202937374036,-0.26169276821859766,20.0,-3.0,42.0,23.22822380920627,-2.0,1.0
52.40785173403769,-1.5235768857644376,80.0,60.11999999998024,4.0,12.813361829875532,9,230800.0,2026-01-01 00-00-00_000,0.3622857559594781,4.316497885881284,9.757553983549892,0.0,0.0,9.80665,-0.005384567056421675,-0.005305142520443736,-0.26960564974988493,20.0,-3.0,42.0,24.742262373543497,-2.0,1.0
52.40785173403769,-1.5235768857644376,80.0,60.11999999998024,4.0,12.813361829875532,9,230900.0,2026-01-01 00-00-00_000,-0.162882479364165,4.523816430265019,9.469023362206565,0.0,0.0,9.80665,0.007167155001328468,0.0014975703724826096,-0.2558839844538369,20.0,-3.0,42.0,26.262262182536574,-2.0,1.0
52.407991396677765,-1.5234890268723194,80.0,60.119999999982554,4.0,27.788024867476224,9,231000.0,2026-01-01 00-00-00_000,0.07272044163225824,4.758636723864449,9.995891274684118,0.0,0.0,9.80665,0.0010336146956237047,-0.0030004667989181806,-0.25844660398964736,20.0,-3.0,42.0,27.788024867476224,-2.0,1.0
52.407991396677765,-1.5234890268723194,80.0,60.119999999982554,4.0,27.788024867476224,9,231100.0,2026-01-01 00-00-00_000,0.26811564637316504,4.857366103813006,9.941717863216551,0.0,0.0,9.80665,0.004270724885702725,0.0006040970445112754,-0.2615354835919776,20.0,-3.0,42.0,29.319351307564375,-2.0,1.0
52.407991396677765,-1.5234890268723194,80.0,60.119999999982554,4.0,27.788024867476224,9,231200.0,2026-01-01 00-00-00_000,-0.29052828327401575,4.636000306824546,9.500055244916277,0.0,0.0,9.80665,0.0007333713593913176,0.007977937171783007,-0.2624195252760623,20.0,-3.0,42.0,30.85604165590121,-2.0,1.0
52.407991396677765,-1.5234890268723194,80.0,60.119999999982554,4.0,27.788024867476224,9,231300.0,2026-01-01 00-00-00_000,0.342517186986814,4.458466705886265,9.887394344560592,0.0,0.0,9.80665,0.006808655055793278,-0.008376992739943488,-0.268221083797841,20.0,-3.0,42.0,32.397895365566,-2.0,1.0
52.407991396677765,-1.5234890268723194,80.0,60.119999999982554,4.0,27.788024867476224,9,231400.0,2026-01-01 00-00-00_000,-0.05246084515374788,4.279901950603049,10.080979038481969,0.0,0.0,9.80665,-0.011279158674203944,0.010339341959791202,-0.26699778914409417,20.0,-3.0,42.0,33.94471121578971,-2.0,1.0
52.407991396677765,-1.5234890268723194,80.0,60.119999999982554,4.0,27.788024867476224,9,231500.0,2026-01-01 00-00-00_000,0.07010282805391134,4.1743393395616435,9.632186086805428,0.0,0.0,9.80665,0.016463201378045317,0.008617710779830704,-0.28435259076173586,20.0,-3.0,42.0,35.49628733821538,-2.0,1.0
52.407991396677765,-1.5234890268723194,80.0,60.119999999982554,4.0,27.788024867476224,9,231600.0,2026-01-01 00-00-00_000,0.20142538581743513,4.062778906030864,9.661371780114814,0.0,0.0,9.80665,0.004141118937249621,0.008993860654680014,-0.27994134122476305,20.0,-3.0,42.0,37.052421243243316,-2.0,1.0
52.407991396677765,-1.5234890268723194,80.0,60.119999999982554,4.0,27.788024867476224,9,231700.0,2026-01-01 00-00-00_000,-0.2837154555235048,4.274421062146836,10.244193441221695,0.0,0.0,9.80665,0.005175579897467698,-0.02022468221247715,-0.2781067491190054,20.0,-3.0,42.0,38.61290984645677,-2.0,1.0
52.407991396677765,-1.5234890268723194,80.0,60.119999999982554,4.0,27.788024867476224,9,231800.0,2026-01-01 00-00-00_000,0.3239891235347965,4.431120100349918,9.740840752114048,0.0,0.0,9.80665,0.00679580858523415,-0.019129471428982633,-0.26679695947117626,20.0,-3.0,42.0,40.17754949512607,-2.0,1.0
52.407991396677765,-1.5234890268723194,80.0,60.119999999982554,4.0,27.788024867476224,9,231900.0,2026-01-01 00-00-00_000,-0.12751107957398092,4.73087921695664,9.486696919270129,0.0,0.0,9.80665,0.011502019619406383,0.0068083884965438836,-0.2600625534420824,20.0,-3.0,42.0,41.74613599478607,-2.0,1.0
52.408111945777726,-1.5233439133996318,80.0,60.1199999999846,4.0,43.31846463588511,9,232000.0,2026-01-01 00-00-00_000,-0.0025625254507567405,4.922360222071965,10.145928524854106,0.0,0.0,9.80665,0.008054754797178473,-0.006175446742667193,-0.2717173121132132,20.0,-3.0,42.0,43.31846463588511,-2.0,1.0
52.408111945777726,-1.5233439133996318,80.0,60.1199999999846,4.0,43.31846463588511,9,232100.0,2026-01-01 00-00-00_000,0.3966668249308681,4.916154163759419,10.053035713747192,0.0,0.0,9.80665,0.0030729795293811552,-0.007235988844099767,-0.27315051490266534,20.0,-3.0,42.0,44.89433022050048,-2.0,1.0
52.408111945777726,-1.5233439133996318,80.0,60.1199999999846,4.0,43.31846463588511,9,232200.0,2026-01-01 00-00-00_000,-0.3615394698011786,4.804668013086353,9.42609107545044,0.0,0.0,9.80665,-0.0011055564599836828,-0.00798634716212863,-0.2626604090401148,20.0,-3.0,42.0,46.473527089117965,-2.0,1.0
52.408111945777726,-1.5233439133996318,80.0,60.1199999999846,4.0,43.31846463588511,9,232300.0,2026-01-01 00-00-00_000,0.3745362936875923,4.59493672697003,9.876366118554905,0.0,0.0,9.80665,-0.015717635184677708,-0.013854473643791304,-0.2750444932517529,20.0,-3.0,42.0,48.05584914747158,-2.0,1.0
52.408111945777726,-1.5233439133996318,80.0,60.1199999999846,4.0,43.31846463588511,9,232400.0,2026-01-01 00-00-00_000,-0.17131737021572319,4.399860688368426,10.175282821471772,0.0,0.0,9.80665,0.002857175233940822,-0.0031352546302129765,-0.267459803530898,20.0,-3.0,42.0,49.64108989344032,-2.0,1.0
52.408111945777726,-1.5233439133996318,80.0,60.1199999999846,4.0,43.31846463588511,9,232500.0,2026-01-01 00-00-00_000,0.04341548056151011,4.2691040408735095,9.623141005148103,0.0,0.0,9.80665,-0.002401320958365258,-0.007562109717977978,-0.26971236821567107,20.0,-3.0,42.0,51.22904244399757,-2.0,1.0
52.408111945777726,-1.5233439133996318,80.0,60.1199999999846,4.0,43.31846463588511,9,232600.0,2026-01-01 00-00-00_000,0.27911438064067706,4.248609148114544,9.675944197680963,0.0,0.0,9.80665,-0.0024094406045380595,-0.006883600030666808,-0.2841170592907107,20.0,-3.0,42.0,52.819499562210694,-2.0,1.0
52.408111945777726,-1.5233439133996318,80.0,60.1199999999846,4.0,43.31846463588511,9,232700.0,2026-01-01 00-00-00_000,-0.29916069270050005,4.379092928886345,10.151764400861806,0.0,0.0,9.80665,0.02475545935886864,0.004639672443942827,-0.2714744864696526,20.0,-3.0,42.0,54.41225368428633,-2.0,1.0
52.408111945777726,-1.5233439133996318,80.0,60.1199999999846,4.0,43.31846463588511,9,232800.0,2026-01-01 00-00-00_000,0.45337077857876573,4.636639376098487,9.803857357965677,0.0,0.0,9.80665,-0.017850430988688718,-0.012234420326848629,-0.27271223143961365,20.0,-3.0,42.0,56.00709694665932,-2.0,1.0
52.408111945777726,-1.5233439133996318,80.0,60.1199999999846,4.0,43.31846463588511,9,232900.0,2026-01-01 00-00-00_000,-0.19271425612932633,4.711576060587892,9.486006265708244,0.0,0.0,9.80665,0.0012933841586737966,0.011200794342047482,-0.28379459358329945,20.0,-3.0,42.0,57.603821213119375,-2.0,1.0
52.40820394373967,-1.5231506582583967,80.0,60.11999999998642,4.0,59.20221810197444,9,233000.0,2026-01-01 00-00-00_000,0.0550651067663266,4.995686050968598,10.090481710353659,0.0,0.0,9.80665,0.012855149476455623,-0.022809905341784474,-0.2831850606197084,20.0,-3.0,42.0,59.20221810197444,-2.0,1.0
52.40820394373967,-1.5231506582583967,80.0,60.11999999998642,4.0,59.20221810197444,9,233100.0,2026-01-01 00-00-00_000,0.2488309430553263,5.069348177298487,9.94066376302853,0.0,0.0,9.80665,0.010347027880170402,0.025252719682391494,-0.2853387112941906,20.0,-3.0,42.0,60.8020790132457,-2.0,1.0
52.40820394373967,-1.5231506582583967,80.0,60.11999999998642,4.0,59.20221810197444,9,233200.0,2026-01-01 00-00-00_000,-0.250013124695161,4.939566189979529,9.394170574011913,0.0,0.0,9.80665,0.013138065223175305,-0.014047528073706975,-0.2645345171530173,20.0,-3.0,42.0,62.403195155890955,-2.0,1.0
52.40820394373967,-1.5231506582583967,80.0,60.11999999998642,4.0,59.20221810197444,9,233300.0,2026-01-01 00-00-00_000,0.4109238333842606,4.668439162560411,9.856572053379049,0.0,0.0,9.80665,-0.011921893781200774,0.005699451413368418,-0.25883609185013556,20.0,-3.0,42.0,64.00535757505321,-2.0,1.0
52.40820394373967,-1.5231506582583967,80.0,60.11999999998642,4.0,59.20221810197444,9,233400.0,2026-01-01 00-00-00_000,-0.2592471741064099,4.396957205209107,10.163269563143633,0.0,0.0,9.80665,-0.00885214819274995,0.009051390378939705,-0.27014570300127194,20.0,-3.0,42.0,65.60835717933008,-2.0,1.0
52.40820394373967,-1.5231506582583967,80.0,60.11999999998642,4.0,59.20221810197444,9,233500.0,2026-01-01 00-00-00_000,0.028520344533317914,4.328272477581758,9.498896562912877,0.0,0.0,9.80665,0.006945354816082744,-0.00026669498857073557,-0.263403573785606,20.0,-3.0,42.0,67.211984768062,-2.0,1.0
52.40820394373967,-1.5231506582583967,80.0,60.11999999998642,4.0,59.20221810197444,9,233600.0,2026-01-01 00-00-00_000,0.24799803021948008,4.267356013278376,9.601236168674859,0.0,0.0,9.80665,-0.002197539288207779,0.007339761177679645,-0.28666298829393466,20.0,-3.0,42.0,68.81603105863377,-2.0,1.0
52.40820394373967,-1.5231506582583967,80.0,60.11999999998642,4.0,59.20221810197444,9,233700.0,2026-01-01 00-00-00_000,-0.3836335922591664,4.406111562803763,10.198293266007452,0.0,0.0,9.80665,0.017875857927494423,-0.0013275467030756322,-0.2647949294518099,20.0,-3.0,42.0,70.42028671378694,-2.0,1.0
52.40820394373967,-1.5231506582583967,80.0,60.11999999998642,4.0,59.20221810197444,9,233800.0,2026-01-01 00-00-00_000,0.35159555668114084,4.582133713810897,9.779808178071564,0.0,0.0,9.80665,0.0030544254778898413,-0.01814179510417529,-0.26029614605138135,20.0,-3.0,42.0,72.02454236894022,-2.0,1.0
52.40820394373967,-1.5231506582583967,80.0,60.11999999998642,4.0,59.20221810197444,9,233900.0,2026-01-01 00-00-00_000,-0.07891473981384402,4.767474973551481,9.537630973877304,0.0,0.0,9.80665,0.0027359567553063343,0.003278319246845217,-0.2630962080874575,20.0,-3.0,42.0,73.62858865951193,-2.0,1.0
52.40825992338235,-1.5229233645264293,80.0,60.11999999998802,4.0,75.2322162482439,9,234000.0,2026-01-01 00-00-00_000,0.15130523385417685,4.973616949020747,10.171300142833694,0.0,0.0,9.80665,0.0051886343265488515,0.011409324821717769,-0.28334904033509034,20.0,-3.0,42.0,75.2322162482439,-2.0,1.0
52.40825992338235,-1.5229233645264293,80.0,60.11999999998802,4.0,75.2322162482439,9,234100.0,2026-01-01 00-00-00_000,0.13702536678775395,5.074981123417527,9.972975647808761,0.0,0.0,9.80665,-0.0019295226352611726,-0.005838218301445939,-0.2671286164290923,20.0,-3.0,42.0,76.83521585252078,-2.0,1.0
52.40825992338235,-1.5229233645264293,80.0,60.11999999998802,4.0,75.2322162482439,9,234200.0,2026-01-01 00-00-00_000,-0.3941451445949913,4.936483871260724,9.510731803883095,0.0,0.0,9.80665,0.001983326713567932,-0.017495790569992172,-0.2765264384277843,20.0,-3.0,42.0,78.43737827168297,-2.0,1.0
52.40825992338235,-1.5229233645264293,80.0,60.11999999998802,4.0,75.2322162482439,9,234300.0,2026-01-01 00-00-00_000,0.45650751114901206,4.751455575430303,9.901567144788556,0.0,0.0,9.80665,-0.005947969546028127,-0.006356490895785548,-0.2668732312001768,20.0,-3.0,42.0,80.03849441432828,-2.0,1.0
52.40825992338235,-1.5229233645264293,80.0,60.11999999998802,4.0,75.2322162482439,9,234400.0,2026-01-01 00-00-00_000,-0.2052715714953791,4.441962357250357,10.14125958155222,0.0,0.0,9.80665,0.000431022420765464,0.00307881276278143,-0.28032052859933365,20.0,-3.0,42.0,81.63835532559955,-2.0,1.0
52.40825992338235,-1.5229233645264293,80.0,60.11999999998802,4.0,75.2322162482439,9,234500.0,2026-01-01 00-00-00_000,0.0674361895780565,4.276059980474955,9.553341090870045,0.0,0.0,9.80665,-0.004024859793996111,0.0028434093941211154,-0.2748534060826197,20.0,-3.0,42.0,83.23675221445461,-2.0,1.0
52.40825992338235,-1.5229233645264293,80.0,60.11999999998802,4.0,75.2322162482439,9,234600.0,2026-01-01 00-00-00_000,0.3066794616971983,4.275261422004188,9.789364338056007,0.0,0.0,9.80665,0.00337266869723175,0.011016837076632953,-0.2792062447648485,20.0,-3.0,42.0,84.83347648091467,-2.0,1.0
52.40825992338235,-1.5229233645264293,80.0,60.11999999998802,4.0,75.2322162482439,9,234700.0,2026-01-01 00-00-00_000,-0.19643809965943582,4.300819812238952,10.163234742934907,0.0,0.0,9.80665,-0.013347696886939514,0.0054475740990350555,-0.27054778098515103,20.0,-3.0,42.0,86.42831974328766,-2.0,1.0
52.40825992338235,-1.5229233645264293,80.0,60.11999999998802,4.0,75.2322162482439,9,234800.0,2026-01-01 00-00-00_000,0.3330896404260812,4.4964594021679325,9.774132913843419,0.0,0.0,9.80665,-0.014095593872840468,0.004931966000459982,-0.27477849823492834,20.0,-3.0,42.0,88.02107386536329,-2.0,1.0
52.40825992338235,-1.5229233645264293,80.0,60.11999999998802,4.0,75.2322162482439,9,234900.0,2026-01-01 00-00-00_000,-0.21729518695551397,4.719978238189989,9.494173017926,0.0,0.0,9.80665,0.0054179121235231565,-0.020604883524377143,-0.26471050842942917,20.0,-3.0,42.0,89.61153098357636,-2.0,1.0
52.40827548169583,-1.5226795698030815,80.0,60.119999999989425,4.0,91.19948353413366,9,235000.0,2026-01-01 00-00-00_000,0.08682386331029392,4.9072536086465535,10.081890472133276,0.0,0.0,9.80665,0.0030924056140629935,0.022452991941019042,-0.2665704792574441,20.0,-3.0,42.0,91.19948353413366,-2.0,1.0
52.40827548169583,-1.5226795698030815,80.0,60.119999999989425,4.0,91.19948353413366,9,235100.0,2026-01-01 00-00-00_000,0.30877119668569863,4.975396939688305,9.99586811931108,0.0,0.0,9.80665,-0.008805343181655007,0.0002731244431674358,-0.2693480419911932,20.0,-3.0,42.0,92.78472428010235,-2.0,1.0
52.40827548169583,-1.5226795698030815,80.0,60.119999999989425,4.0,91.19948353413366,9,235200.0,2026-01-01 00-00-00_000,-0.25567489289964,4.790766599091114,9.469885283189114,0.0,0.0,9.80665,-0.001432671064051234,0.008557133630428268,-0.2724430856483456,20.0,-3.0,42.0,94.36704633845602,-2.0,1.0
52.40827548169583,-1.5226795698030815,80.0,60.119999999989425,4.0,91.19948353413366,9,235300.0,2026-01-01 00-00-00_000,0.3661650407896113,4.679205346861949,9.943089807935317,0.0,0.0,9.80665,-0.009648168838221978,-0.0037523578167427724,-0.27400594168830855,20.0,-3.0,42.0,95.94624320707345,-2.0,1.0
52.40827548169583,-1.5226795698030815,80.0,60.119999999989425,4.0,91.19948353413366,9,235400.0,2026-01-01 00-00-00_000,-0.21990951769339173,4.46032352767937,10.085567731022405,0.0,0.0,9.80665,0.021239625707528176,-0.0017704793416914505,-0.2709818064670863,20.0,-3.0,42.0,97.52210879168882,-2.0,1.0
52.40827548169583,-1.5226795698030815,80.0,60.119999999989425,4.0,91.19948353413366,9,235500.0,2026-01-01 00-00-00_000,0.10501536815583642,4.233737624315737,9.50812840684304,0.0,0.0,9.80665,-0.01478127017676687,0.0003839185345667415,-0.26442443331203164,20.0,-3.0,42.0,99.09443743278791,-2.0,1.0
52.40827548169583,-1.5226795698030815,80.0,60.119999999989425,4.0,91.19948353413366,9,235600.0,2026-01-01 00-00-00_000,0.2087305434728168,4.162337539700652,9.675714025397257,0.0,0.0,9.80665,0.017974935328296388,0.015821758298574455,-0.2687157975011218,20.0,-3.0,42.0,100.66302393244797,-2.0,1.0
52.40827548169583,-1.5226795698030815,80.0,60.119999999989425,4.0,91.19948353413366,9,235700.0,2026-01-01 00-00-00_000,-0.3371398159663524,4.296740377775678,10.122207235923876,0.0,0.0,9.80665,-0.007379907340101992,0.015228562601383406,-0.2667431430609517,20.0,-3.0,42.0,102.22766358111721,-2.0,1.0
52.40827548169583,-1.5226795698030815,80.0,60.119999999989425,4.0,91.19948353413366,9,235800.0,2026-01-01 00-00-00_000,0.396922225003799,4.459553749008827,9.655309373079895,0.0,0.0,9.80665,0.005063168905526035,0.006081782979314692,-0.26863303189956955,20.0,-3.0,42.0,103.78815218433073,-2.0,1.0
52.40827548169583,-1.5226795698030815,80.0,60.119999999989425,4.0,91.19948353413366,9,235900.0,2026-01-01 00-00-00_000,-0.15341386738515148,4.6091551129064,9.384545924464714,0.0,0.0,9.80665,-0.0017692886162595028,0.02001399053016951,-0.2681759954197317,20.0,-3.0,42.0,105.3442860893586,-2.0,1.0
52.40824986288013,-1.5224380409218883,80.0,60.119999999990675,4.0,106.89586221178428,9,236000.0,2026-01-01 00-00-00_000,0.017322911888243968,4.807384053825087,10.14389108520287,0.0,0.0,9.80665,-0.002948252064672696,-0.0042312725863100096,-0.272074697034999,20.0,-3.0,42.0,106.89586221178428,-2.0,1.0
52.40824986288013,-1.5224380409218883,80.0,60.119999999990675,4.0,106.89586221178428,9,236100.0,2026-01-01 00-00-00_000,0.2397415422654075,4.912718982832208,10.044251659327164,0.0,0.0,9.80665,0.010219306237843416,0.005074938341183467,-0.2809043099288447,20.0,-3.0,42.0,108.44267806200793,-2.0,1.0
52.40824986288013,-1.5224380409218883,80.0,60.119999999990675,4.0,106.89586221178428,9,236200.0,2026-01-01 00-00-00_000,-0.2484456034214896,4.787620954732448,9.476525994396729,0.0,0.0,9.80665,0.009019332899851282,-0.0048444658766530835,-0.2605184497708162,20.0,-3.0,42.0,109.98453177167272,-2.0,1.0
52.40824986288013,-1.5224380409218883,80.0,60.119999999990675,4.0,106.89586221178428,9,236300.0,2026-01-01 00-00-00_000,0.36983242864982024,4.536782091076016,9.950650229255162,0.0,0.0,9.80665,-0.002026873667252786,0.01300672261082278,-0.259717955862466,20.0,-3.0,42.0,111.52122212000961,-2.0,1.0
52.40824986288013,-1.5224380409218883,80.0,60.119999999990675,4.0,106.89586221178428,9,236400.0,2026-01-01 00-00-00_000,-0.1568933441724005,4.252686934396115,10.065681323553559,0.0,0.0,9.80665,-0.008220315244210161,0.00018329538334250928,-0.2709749146193204,20.0,-3.0,42.0,113.05254856009776,-2.0,1.0
52.40824986288013,-1.5224380409218883,80.0,60.119999999990675,4.0,106.89586221178428,9,236500.0,2026-01-01 00-00-00_000,0.08080164035118897,4.105226276846612,9.486775151044949,0.0,0.0,9.80665,0.02159414363146921,0.009788217743380843,-0.24703745619241677,20.0,-3.0,42.0,114.5783112450373,-2.0,1.0
52.40824986288013,-1.5224380409218883,80.0,60.119999999990675,4.0,106.89586221178428,9,236600.0,2026-01-01 00-00-00_000,0.2685562996531516,4.071247610291877,9.671474358793821,0.0,0.0,9.80665,0.01491027388014298,0.01739437963485943,-0.2705684384964762,20.0,-3.0,42.0,116.09831105403043,-2.0,1.0
52.40824986288013,-1.5224380409218883,80.0,60.119999999990675,4.0,106.89586221178428,9,236700.0,2026-01-01 00-00-00_000,-0.26363407347252155,4.158726392797414,10.118223637721833,0.0,0.0,9.80665,0.002287175094603292,-0.021310313849769766,-0.25227471775532484,20.0,-3.0,42.0,117.61234961836766,-2.0,1.0
52.40824986288013,-1.5224380409218883,80.0,60.119999999990675,4.0,106.89586221178428,9,236800.0,2026-01-01 00-00-00_000,0.3823895960216677,4.330032559858347,9.792497999116847,0.0,0.0,9.80665,-0.0020929084986657295,0.021966381160738013,-0.25713578480868055,20.0,-3.0,42.0,119.12022934731624,-2.0,1.0
52.40824986288013,-1.5224380409218883,80.0,60.119999999990675,4.0,106.89586221178428,9,236900.0,2026-01-01 00-00-00_000,-0.09913039112902362,4.417485391162624,9.504096352060515,0.0,0.0,9.80665,0.0038095849132449796,0.003085116028309586,-0.25552665602010055,20.0,-3.0,42.0,120.62175345390682,-2.0,1.0
52.40818590186655,-1.522216388319443,80.0,60.11999999999178,4.0,122.11672598061517,9,237000.0,2026-01-01 00-00-00_000,0.08279152196968778,4.7140130267305045,10.182620345508926,0.0,0.0,9.80665,0.001702421133780015,-0.0034185470703372947,-0.24782684547496797,20.0,-3.0,42.0,122.11672598061517,-2.0,1.0
52.40818590186655,-1.522216388319443,80.0,60.11999999999178,4.0,122.11672598061517,9,237100.0,2026-01-01 00-00-00_000,0.2175227880467147,4.6510244081179115,9.921419558962187,0.0,0.0,9.80665,0.012843258608890391,-0.019713051033733452,-0.24837076915864958,20.0,-3.0,42.0,123.60495182493622,-2.0,1.0
52.40818590186655,-1.522216388319443,80.0,60.11999999999178,4.0,122.11672598061517,9,237200.0,2026-01-01 00-00-00_000,-0.2618933263989301,4.480565538198161,9.517685968862414,0.0,0.0,9.80665,-0.008768320551728484,-0.0032458063206737436,-0.25431121344472063,20.0,-3.0,42.0,125.0862367648453,-2.0,1.0
52.40818590186655,-1.522216388319443,80.0,60.11999999999178,4.0,122.11672598061517,9,237300.0,2026-01-01 00-00-00_000,0.4434585170792079,4.346614979537413,9.795780424376558,0.0,0.0,9.80665,0.001094131429823088,-0.023629816577208664,-0.2616993653943373,20.0,-3.0,42.0,126.56038748414596,-2.0,1.0
52.40818590186655,-1.522216388319443,80.0,60.11999999999178,4.0,122.11672598061517,9,237400.0,2026-01-01 00-00-00_000,-0.2021256419079867,4.113713605806564,10.07293493669855,0.0,0.0,9.80665,-0.006952343503963564,0.000749329755354752,-0.26170926047162674,20.0,-3.0,42.0,128.0272115976984,-2.0,1.0
52.40818590186655,-1.522216388319443,80.0,60.11999999999178,4.0,122.11672598061517,9,237500.0,2026-01-01 00-00-00_000,0.035637990333932376,3.889019165834595,9.594837264511007,0.0,0.0,9.80665,0.013954475125497495,-0.0018855316604246921,-0.2491527617837003,20.0,-3.0,42.0,129.48651767652706,-2.0,1.0
52.40818590186655,-1.522216388319443,80.0,60.11999999999178,4.0,122.11672598061517,9,237600.0,2026-01-01 00-00-00_000,0.27758541585533497,3.849801105667349,9.65508640437205,0.0,0.0,9.80665,0.018918468996020836,0.01847795029075965,-0.23672765609274996,20.0,-3.0,42.0,130.93811527280286,-2.0,1.0
52.40818590186655,-1.522216388319443,80.0,60.11999999999178,4.0,122.11672598061517,9,237700.0,2026-01-01 00-00-00_000,-0.3020201935042752,3.909859586707318,10.226950478327627,0.0,0.0,9.80665,-2.3592479714890624e-05,-0.003483726610116237,-0.2409333308581134,20.0,-3.0,42.0,132.3818149446983,-2.0,1.0
52.40818590186655,-1.522216388319443,80.0,60.11999999999178,4.0,122.11672598061517,9,237800.0,2026-01-01 00-00-00_000,0.3883489522058036,4.146518245870125,9.663391879665046,0.0,0.0,9.80665,0.006287779182859186,0.01081627563549713,-0.2467861250244246,20.0,-3.0,42.0,133.81742828111027,-2.0,1.0
52.40818590186655,-1.522216388319443,80.0,60.11999999999178,4.0,122.11672598061517,9,237900.0,2026-01-01 00-00-00_000,-0.10941541332630317,4.2874061947559525,9.563048926265688,0.0,0.0,9.80665,0.014954368825670524,0.011778397218008732,-0.24245100278058948,20.0,-3.0,42.0,135.24476792624887,-2.0,1.0
52.408089364759675,-1.5220290066396676,80.0,60.11999999999272,4.0,136.66364760408857,9,238000.0,2026-01-01 00-00-00_000,0.05156879125822591,4.474002494821118,10.173113451376755,0.0,0.0,9.80665,-0.0020993721824857873,0.020954037932900006,-0.2381478091635586,20.0,-3.0,42.0,136.66364760408857,-2.0,1.0
52.408089364759675,-1.5220290066396676,80.0,60.11999999999272,4.0,136.66364760408857,9,238100.0,2026-01-01 00-00-00_000,0.23621319067975277,4.445983246837124,9.964961605355382,0.0,0.0,9.80665,-0.008438848778079608,-0.0026629122641981294,-0.22838964875590378,20.0,-3.0,42.0,138.07388214267797,-2.0,1.0
52.408089364759675,-1.5220290066396676,80.0,60.11999999999272,4.0,136.66364760408857,9,238200.0,2026-01-01 00-00-00_000,-0.2920432843067943,4.233010888379394,9.450723259928102,0.0,0.0,9.80665,0.011298245501353612,0.007652165679726736,-0.24662296838626288,20.0,-3.0,42.0,139.47528749830627,-2.0,1.0
52.408089364759675,-1.5220290066396676,80.0,60.11999999999272,4.0,136.66364760408857,9,238300.0,2026-01-01 00-00-00_000,0.3848459195057977,4.0453390752261225,9.89327592760139,0.0,0.0,9.80665,0.005963037496128626,-0.015661667591046695,-0.23320488773483267,20.0,-3.0,42.0,140.86768077952172,-2.0,1.0
52.408089364759675,-1.5220290066396676,80.0,60.11999999999272,4.0,136.66364760408857,9,238400.0,2026-01-01 00-00-00_000,-0.24496395134182697,3.901974698474999,10.164895617978711,0.0,0.0,9.80665,-0.0011733536137399682,-0.011462596951767995,-0.23516320506886093,20.0,-3.0,42.0,142.25088027099991,-2.0,1.0
52.408089364759675,-1.5220290066396676,80.0,60.11999999999272,4.0,136.66364760408857,9,238500.0,2026-01-01 00-00-00_000,0.14045930694557088,3.6017535292979446,9.493142891474724,0.0,0.0,9.80665,0.015508380886950864,-0.0029141624212267224,-0.241803771097299,20.0,-3.0,42.0,143.62470545725893,-2.0,1.0
52.408089364759675,-1.5220290066396676,80.0,60.11999999999272,4.0,136.66364760408857,9,238600.0,2026-01-01 00-00-00_000,0.27746869675304653,3.499208199328758,9.687883169824017,0.0,0.0,9.80665,0.003265164903672418,-0.0003537345491124593,-0.24218715833684087,20.0,-3.0,42.0,144.98897704621766,-2.0,1.0
52.408089364759675,-1.5220290066396676,80.0,60.11999999999272,4.0,136.66364760408857,9,238700.0,2026-01-01 00-00-00_000,-0.3371314950818646,3.63997584098478,10.203409235255682,0.0,0.0,9.80665,-0.016897540437183084,-0.012544181323688081,-0.22225744179726692,20.0,-3.0,42.0,146.34351699259412,-2.0,1.0
52.408089364759675,-1.5220290066396676,80.0,60.11999999999272,4.0,136.66364760408857,9,238800.0,2026-01-01 00-00-00_000,0.3993369032302673,3.9221244046300168,9.778340393785477,0.0,0.0,9.80665,0.0043690483882513585,-0.00432939851254629,-0.22801183548387965,20.0,-3.0,42.0,147.68814852114178,-2.0,1.0
52.408089364759675,-1.5220290066396676,80.0,60.11999999999272,4.0,136.66364760408857,9,238900.0,2026-01-01 00-00-00_000,-0.2326725753242097,4.073618331311299,9.44100357308163,0.0,0.0,9.80665,0.00031355321044604844,0.007066337050038162,-0.23056337845218267,20.0,-3.0,42.0,149.02269614971954,-2.0,1.0
52.40796786991912,-1.5218857322345427,80.0,60.11999999999359,4.0,150.34698571219297,9,239000.0,2026-01-01 00-00-00_000,0.05155022955502639,4.094303563243955,10.058241970896043,0.0,0.0,9.80665,0.0197130944446872,-0.004775200130362171,-0.2262973627902203,20.0,-3.0,42.0,150.34698571219297,-2.0,1.0
52.40796786991912,-1.5218857322345427,80.0,60.11999999999359,4.0,150.34698571219297,9,239100.0,2026-01-01 00-00-00_000,0.3283203985297015,4.133425652483754,9.941348321079941,0.0,0.0,9.80665,0.0007432175544528348,-0.0016842328184498055,-0.21744001264909057,20.0,-3.0,42.0,151.66084438116468,-2.0,1.0
52.40796786991912,-1.5218857322345427,80.0,60.11999999999359,4.0,150.34698571219297,9,239200.0,2026-01-01 00-00-00_000,-0.330296915131806,4.011299316265404,9.530184251947126,0.0,0.0,9.80665,-0.0011530892023882116,-0.009210896895942152,-0.22267171850178052,20.0,-3.0,42.0,152.96410069052843,-2.0,1.0
52.40796786991912,-1.5218857322345427,80.0,60.11999999999359,4.0,150.34698571219297,9,239300.0,2026-01-01 00-00-00_000,0.3386899641679173,3.7316560541707515,9.931275938386069,0.0,0.0,9.80665,0.005279176235702298,0.014055651000779799,-0.2087327425912958,20.0,-3.0,42.0,154.25658455784685,-2.0,1.0
52.40796786991912,-1.5218857322345427,80.0,60.11999999999359,4.0,150.34698571219297,9,239400.0,2026-01-01 00-00-00_000,-0.24781323518135312,3.518267221995286,10.198428301767576,0.0,0.0,9.80665,0.003361821568016371,0.018132388855048785,-0.22170578855381848,20.0,-3.0,42.0,155.5381273065484,-2.0,1.0
52.40796786991912,-1.5218857322345427,80.0,60.11999999999359,4.0,150.34698571219297,9,239500.0,2026-01-01 00-00-00_000,-8.302846724382817,3.3195619328125017,9.515390257609374,0.0,0.0,9.80665,-0.01316690210622652,0.0020114899385836357,-0.22395301994091055,20.0,-3.0,42.0,156.80856168794014,-2.0,1.0
52.40796786991912,-1.5218857322345427,80.0,60.11999999999359,4.0,150.34698571219297,9,239600.0,2026-01-01 00-00-00_000,-16.482092071617792,2.8786895055407897,9.683069021490217,0.0,0.0,9.80665,0.0021100757007188895,-0.001257575259952281,-0.21662273448931102,20.0,-3.0,42.0,158.06772190303514,-2.0,1.0
52.40796786991912,-1.5218857322345427,80.0,60.11999999999359,4.0,150.34698571219297,9,239700.0,2026-01-01 00-00-00_000,-16.941357567566516,2.665111577448427,10.162496028631233,0.0,0.0,9.80665,-0.002362232713468661,0.016976600577763686,-0.22121932311171136,20.0,-3.0,42.0,159.3154436241897,-2.0,1.0
52.40796786991912,-1.5218857322345427,80.0,60.11999999999359,4.0,150.34698571219297,9,239800.0,2026-01-01 00-00-00_000,-16.339507873315313,2.466864747068955,9.656948358880658,0.0,0.0,9.80665,0.01496099020551421,0.004825465850397037,-0.21449012759734712,20.0,-3.0,42.0,160.5515640165495,-2.0,1.0
52.40796786991912,-1.5218857322345427,80.0,60.11999999999359,4.0,150.34698571219297,9,239900.0,2026-01-01 00-00-00_000,-16.891055842702638,2.259980845666382,9.451729580780283,0.0,0.0,9.80665,0.024916954783500367,-0.006938954035334165,-0.19987599855400723,20.0,-3.0,42.0,161.7759217593001,-2.0,1.0
