time,accelerometer x,accelerometer y,accelerometer z,gyroscope x,gyroscope y,gyroscope z,gravity x,gravity y,gravity z,magnetic field x,magnetic field y,magnetic field z,latitude,longitude,speed,accuracy,bearing
0.0,1.1216834783554075,7.134122371673584,6.536170482635498,-0.0149132627993822,-0.1085206121206283,-0.1190397888422012,1.4283958673477173,7.076735496520996,6.637008190155029,23.587501525878903,2.15625,-78.50625610351562,30.3424288,76.3785755,0.0,0.0,0.0
0.1,0.7277110560644092,7.185030267491396,6.671064419719107,-0.10856384697358674,-0.06954375970053489,-0.23191594733914803,1.4087544107144954,7.163464436542754,6.547560145375775,24.281251907348636,2.775000095367432,-78.60000610351562,30.34243004963161,76.37857656675868,0.019721589680448404,1.5841989605912785,5.970262928406507
0.2,0.7093523235073516,7.192647520988285,6.69364962444345,-0.004905086633995256,-0.001326552992212347,-0.2034827875931506,1.2255166209898343,7.154782894161402,6.593751236868432,23.943750381469727,3.468750238418579,-78.3375015258789,30.34243129926322,76.37857763351738,0.03944317936089681,3.168397921182557,11.940525856813014
0.30000000000000004,1.0270913614585055,7.28470393866784,6.9535996669351,0.13209615159670343,-0.11384919619772106,-0.0761644641850148,1.017817064802415,7.142446663291746,6.642275934112508,23.55000114440918,3.3937501907348637,-78.67500305175781,30.34243254889483,76.37857870027607,0.05916476904134522,4.752596881773836,17.910788785219523
0.4,1.0053647146133822,7.381603242560199,6.76409257455623,0.1364629470569257,-0.0809346278701699,-0.11807871419574766,0.9471190456866304,7.193999512412402,6.596947620860241,22.575000762939453,2.6062500476837167,-78.69375610351562,30.34243379852644,76.37857976703476,0.07888635872179361,6.336795842365114,23.88105171362603
0.5,1.07379949092865,7.881552001539347,6.988995027720143,0.180765418152235,-0.009041535229426082,-0.12516839524550216,0.9444063528290565,7.2303043478301126,6.557523567881703,23.08125114440918,2.2875001430511457,-78.30000305175781,30.342435048158052,76.37858083379345,0.09860794840224202,7.920994802956392,29.851314642032534
0.6000000000000001,0.7657645269838994,8.072961279220145,6.167693155392853,0.5693256859300674,-0.008443944564744378,-0.18916711741631986,0.8741891236778712,7.3399852507443635,6.444425498194346,22.98750114440918,-0.6375000476837158,-78.4312515258789,30.34243629778966,76.37858190055215,0.11832953808269044,9.505193763547672,35.82157757043905
0.7000000000000001,-0.06288261771840145,8.135325820585946,5.708031506554785,0.8924360335723345,0.17017979364482075,-0.2454790635220412,0.7869721327553444,7.619881619261498,6.122668669210286,24.525001525878903,-3.07500004768372,-77.38125610351562,30.34243754742127,76.37858296731083,0.13805112776313883,11.08939272413895,41.79184049884555
0.8,-0.2742376879421442,9.003871133134172,4.57081455127613,0.8139195374276589,0.26811607502419377,-0.2257111333163713,0.5569645267819618,8.110663881417215,5.484158551385046,26.568750381469727,-6.393750190734863,-75.35625457763672,30.34243879705288,76.37858403406953,0.15777271744358723,12.673591684730228,47.76210342725206
0.9,-0.612240168700573,9.0051908493042,3.448057765893208,0.8649616563444052,0.2760241070462017,-0.06968504322630004,0.16183871925733892,8.471036835726213,4.938020235068535,27.95625114440918,-10.256250381469723,-72.63750457763672,30.34244004668449,76.37858510082822,0.17749430712403563,14.257790645321506,53.73236635565856
1.0,-0.698028254007812,8.898176482088218,2.2919752807762936,0.7989411780571827,0.25609894683364237,0.01563013772009738,-0.08134652672367533,8.867476264733355,4.186852901807874,29.137500762939453,-13.875000953674316,-71.00625610351562,30.3424412963161,76.37858616758692,0.19721589680448404,15.841989605912785,59.70262928406507
1.1,-0.3153523124677539,8.8292645542276,2.0700962764976665,0.4484831882804554,-0.3276970453095381,0.09831335358248423,-0.23195380885515102,9.189622156326946,3.4155346192804874,28.087501525878903,-16.087501525878906,-70.29375457763672,30.34244254594771,76.3785872343456,0.21693748648493247,17.426188566504063,65.67289221247158
1.2000000000000002,0.05981932232527676,9.322264444711163,2.497350987211992,-0.011196895122669942,-0.08893435688901188,0.05366046179521029,-0.13296645130477205,9.379971948550272,2.8580508685851234,27.225000381469727,-16.575000762939446,-69.5250015258789,30.34244379557932,76.3785883011043,0.23665907616538087,19.010387527095343,71.6431551408781
1.3,-0.11291369524477969,9.444088796687163,2.883940083057501,-0.18450501794085883,-0.040859395416083556,-0.07991633859101105,-0.059814614658379894,9.419113114915927,2.7289374186373503,27.39375114440918,-15.356250762939451,-70.0875015258789,30.34244504521093,76.37858936786299,0.25638066584582925,20.59458648768662,77.61341806928459
1.4000000000000001,-0.1867396909721675,9.454426549559406,2.960816055531145,-0.027405853462599754,0.15020851749313488,-0.02465647993293535,-0.05200110507734104,9.392785173624826,2.8183500402497854,28.031251907348636,-15.43125057220459,-70.48125457763672,30.34244629484254,76.37859043462167,0.27610225552627765,22.1787854482779,83.5836809976911
1.5,0.010055646909451862,9.227385969419737,3.09414006697165,0.006206875274792591,-0.10850894213705486,0.07978629963016874,-0.14872629207716812,9.362327492196085,2.9146334380189676,27.693750381469727,-15.262500762939451,-70.63125610351562,30.34244754447415,76.37859150138037,0.29582384520672605,23.762984408869176,89.5539439260976
1.6,-0.17837833824898688,9.446941727997471,2.6452327382578895,-0.01700698183336883,-0.014088858398139253,-0.061605121066990426,-0.09785840413268518,9.359895008313703,2.924575285377419,27.562501907348636,-15.018750190734863,-70.91250610351562,30.34244879410576,76.37859256813906,0.31554543488717446,25.347183369460456,95.52420685450411
1.7000000000000002,-0.1971766249773258,9.14566863994926,2.9676463102532846,0.03951592089670026,-0.0339543037116527,-0.019559644602423865,-0.06921204977065726,9.359402091558032,2.926974342102554,27.412500381469734,-15.131250381469727,-70.03125,30.34245004373737,76.37859363489775,0.3352670245676229,26.931382330051736,101.49446978291063
1.8,-0.2940104529876666,9.317631291405867,2.7910441884830473,-0.11528837833873912,-0.04234247485207797,-0.11100924316912687,-0.09878073003426822,9.377218022170759,2.868520198395563,27.693750381469727,-15.637500762939451,-70.48125457763672,30.34245129336898,76.37859470165644,0.35498861424807127,28.515581290643013,107.46473271131713
1.9000000000000001,0.09167810122672393,9.46065569622218,2.850228208687148,0.10755938056828927,-0.09033978384473297,0.13913343397859274,-0.1839032585368865,9.347580441643839,2.959610873590966,27.037500381469727,-15.750000953674316,-70.7437515258789,30.34245254300059,76.37859576841514,0.37471020392851967,30.099780251234293,113.43499563972364
2.0,-0.10272440515020659,9.265228383218185,2.8996044457579777,-0.015445852465561868,0.018566867807692646,0.02193471782206916,-0.1177338722619144,9.361060052351519,2.9201139961589466,26.962501525878903,-15.412500381469728,-70.3125,30.3424537926322,76.37859683517382,0.3944317936089681,31.68397921182557,119.40525856813014
2.1,-0.12418427537210865,9.230283255529631,3.238219775162278,-0.0834629573117434,-0.0022510759298617683,-0.042233143926686804,-0.04153762459277167,9.366019408880518,2.9062582724235155,26.643751144409176,-15.037500381469721,-70.72500610351564,30.342455042263808,76.37859790193252,0.4141533832894165,33.268178172416846,125.37552149653665
2.2,0.013554392713880505,9.297843948921546,3.1924087561154235,-0.08578502364638617,-0.007781955068118761,-0.0575327137503911,-0.08135401099572453,9.335778221627125,3.0011681748842434,26.700000762939464,-14.643750190734862,-71.53125,30.34245629189542,76.37859896869121,0.43387497296986494,34.852377133008126,131.34578442494316
2.3000000000000003,-0.2241961134929995,9.069380779734033,3.510297288309358,-0.14610469166230894,0.0009756380916700006,-0.05223194156199492,-0.12196823437477251,9.3010542449027,3.105783465939683,26.94375038146974,-14.325000762939435,-71.7937545776367,30.34245754152703,76.3786000354499,0.45359656265031334,36.436576093599406,137.31604735334966
2.4000000000000004,-0.2459971599617831,9.107337473405408,3.479396634862097,-0.12805861935392038,-0.06328665333551663,-0.03926263891038893,-0.14364689662686445,9.265358658563299,3.209802471771287,27.168750762939453,-13.443750381469727,-71.45625305175781,30.342458791158638,76.37860110220859,0.47331815233076174,38.020775054190686,143.2863102817562
2.5,-0.1067067720789599,9.264311328942961,3.4585805427917693,-0.05879100767945936,-0.02767271309994898,0.06428337018616494,-0.2059770125355971,9.206355095612519,3.3720864112773223,27.337501525878903,-12.975000381469728,-72.54375457763672,30.34246004079025,76.37860216896729,0.4930397420112101,39.60497401478196,149.25657321016268
2.6,0.13006922313659286,9.295443576444567,3.284514287430927,-0.026020025555756027,-0.020771399888308652,0.10638950359439944,-0.17409253927008725,9.18443446214546,3.4331076067903856,26.1187515258789,-13.312500953674308,-71.75625610351564,30.34246129042186,76.37860323572598,0.5127613316916585,41.18917297537324,155.22683613856918
2.7,-0.026106116656249356,9.175640643767592,3.2896783284421214,0.07091426091621361,0.006108912068755782,0.04459045508055935,-0.0727165504182513,9.183332136561889,3.4396898135974894,26.550001144409187,-13.725000381469739,-72.16875457763672,30.342462540053468,76.37860430248466,0.532482921372107,42.77337193596452,161.19709906697568
2.8000000000000003,0.03885377309727443,9.13888959023717,3.5558840646879184,0.08367461169677269,0.023449190098058938,-0.002604754221866885,0.022862632796120753,9.206927323445637,3.3767374805206574,26.70000076293944,-14.006250381469732,-71.21250152587892,30.34246378968508,76.37860536924336,0.5522045110525553,44.3575708965558,167.1673619953822
2.9000000000000004,-0.19007620547415557,9.186383022992553,2.9893609021746874,0.08928372987701585,0.06547052619759677,-0.04008182336748239,0.02199786552482026,9.2261993078752,3.323723504976793,26.062501907348647,-14.118750572204586,-71.34375,30.34246503931669,76.37860643600204,0.5719261007330038,45.94176985714708,173.1376249237887
3.0,-0.23240745043943364,8.825533710041716,3.243662615280746,-0.07197065213916155,-0.021846797430633502,-0.23042419242536125,0.003559807774227329,9.23633324414565,3.295523957011155,26.981250762939453,-13.631250381469728,-71.36250305175781,30.342466288948298,76.37860750276074,0.5916476904134521,47.52596881773835,179.1078878521952
3.1,0.47129747400568894,9.770063346699509,3.400965999443268,-0.1369925583602228,-0.20886798214268582,0.2341479804350166,-0.17061479648522046,9.242718582689452,3.2731229944947797,25.650001525878906,-13.912500381469716,-71.85000610351562,30.34246753857991,76.37860856951943,0.6113692800939006,49.11016777832963,185.0781507806017
3.2,-0.0890669497078701,8.667842863584326,3.79179080785053,-0.06253939381206121,-0.13609069744803004,2.4778450954984765e-05,-0.07320840980474316,9.192171527631706,3.4159647539931286,25.331251144409187,-13.368750572204581,-72.41250610351562,30.34246878821152,76.37860963627813,0.6310908697743489,50.69436673892091,191.04841370900823
3.3000000000000003,-0.02704144581627517,9.233964183225623,3.3139485198008485,-0.07172653384415131,0.10297550157957286,-0.13079191331378617,0.12330258168120133,9.181937355250318,3.4419729566288244,26.5875015258789,-12.95625019073484,-72.52500152587889,30.34247003784313,76.37861070303681,0.6508124594547974,52.27856569951219,197.01867663741473
3.4000000000000004,0.20550497678082966,9.311811727012985,3.330804501399947,0.044546422493609274,-0.04817788363715936,0.24290977905402159,-0.07022128073663234,9.11984140089591,3.6047107688871196,25.875001907348633,-12.543750762939451,-73.125,30.34247128747474,76.37861176979551,0.6705340491352458,53.86276466010347,202.98893956582125
3.5,0.09849542811580277,8.813301263833946,3.836861401843201,-0.163217893998163,0.08672139907751766,-0.21642134099124555,0.09492744865531698,9.136035107421613,3.5628958899762937,25.70625114440918,-12.393750190734863,-73.21875,30.34247253710635,76.3786128365542,0.6902556388156942,55.446963620694746,208.95920249422772
3.6,0.18042581604525504,8.796191746071019,4.082489679772342,0.13976785492289268,0.07647574986196194,0.10257756624196912,0.07695360354637111,9.127356525791786,3.585488080978394,26.550001144409176,-12.262500762939457,-72.30000305175781,30.34247378673796,76.3786139033129,0.7099772284961425,56.840142741476974,214.92946542263425
3.7,-0.20066969522973083,9.3441391311758,3.5057098865509038,-0.12037289580600224,0.14780567218835577,0.10771709303085575,0.04052303594444477,9.100016705822707,3.654916410572233,26.79375076293945,-12.018750190734869,-72.52500152587889,30.342475036369567,76.37861497007158,0.729698818176591,56.22072185230246,220.89972835104075
3.8000000000000003,0.3400123411775644,10.513870172545836,1.9506963337869827,0.22376547341730507,0.11734204016241948,0.2546904568872925,0.09967074407772605,9.060721484097567,3.750168150121515,26.625001907348636,-12.975000381469728,-72.22500610351562,30.34247628600118,76.37861603683028,0.7494204078570393,55.60130096312795,226.86999127944728
3.9000000000000004,0.2533913827177344,9.775552286656199,2.1796592296931587,0.5488794166640505,-0.06480282276923723,0.15677835479781405,0.19735313287844453,9.133045221910468,3.5662990393938876,26.36250114440919,-15.225000381469728,-71.00625610351561,30.34247753563279,76.37861710358897,0.7691419975374878,54.981880073953434,232.84025420785377
4.0,0.16836020487971626,9.799426905657795,0.9629244481784991,0.1436920402023582,0.4928483209940039,-0.128987467171223,0.44056695725173234,9.322533908480436,3.011052447640484,28.35000038146973,-16.762500762939457,-69.63750457763672,30.342478785264397,76.37861817034766,0.7888635872179361,54.36245918477892,238.81051713626027
4.1000000000000005,-0.0033167207101799066,9.179073235368701,1.5934611912019392,0.028041867197964053,0.28796577864401923,-0.06618262671355309,0.23030404416436748,9.37385383605957,2.871902296267795,30.01875114440918,-17.137500762939453,-69.45000457763672,30.34248003489601,76.37861923710635,0.8085851768983846,53.7430382956044,244.7807800646668
4.2,0.11166929924950003,9.787088564846474,1.1012062027388805,0.17601581838310876,0.34675116338122464,-0.04705914057523112,0.07315843521597458,9.440481489792651,2.6537088327526637,31.068750381469727,-17.287500381469727,-67.76250457763672,30.34248128452762,76.37862030386503,0.828306766578833,53.123617406429894,250.7510429930733
4.3,-0.34748706497117027,9.627621970625754,0.8796163248751014,0.5605007052122827,-0.4747387687164587,-0.06649448447467061,-0.12040106711745743,9.466342700523274,2.558137966049956,29.32500076293948,-18.618751525878864,-67.25625610351562,30.342482534159227,76.37862137062373,0.8480283562592813,52.50419651725538,256.72130592147977
4.4,-0.7126450177492616,10.074283653278023,1.0951187018387443,0.1960028707981109,0.06569255298507215,-0.08480248093659934,-0.06813223689813577,9.583891748945593,2.077114915967281,29.887500762939453,-19.14375114440918,-65.38125610351562,30.34248378379084,76.37862243738242,0.8677499459397299,51.88477562808086,262.6915688498863
4.5,-0.6011195643908924,9.645129093713788,1.1420419177522911,0.15313063518494277,0.15968408348244784,-0.017427762010585393,-0.21177230561394667,9.65824322018635,1.6863097884906886,29.700000762939453,-20.90625,-66.20625305175781,30.34248503342245,76.37862350414112,0.8874715356201781,51.26535473890635,268.6618317782928
4.6000000000000005,0.23811701003766259,9.61186322395203,-0.14213757287960527,0.380001734946226,0.11252099743565966,0.18533039169537138,-0.32155013676430794,9.69638045542949,1.4307949338410346,30.67500114440918,-21.375,-64.40625,30.342486283054058,76.3786245708998,0.9071931253006267,50.5539052619477,274.6320947066993
4.7,0.1660949513938588,10.465413239500155,-2.379244492387892,0.45409665347955697,-0.11015196181173768,0.1747119057238833,-0.2654203456998601,9.736548288937191,1.1398248295516962,29.793750762939453,-22.70625114440918,-63.22500228881836,30.34248753268567,76.3786256376585,0.926914714981075,49.43129517002354,280.6023576351058
4.800000000000001,-0.4826667758346474,10.157037660729973,0.6345994661576378,-0.14490274756083238,-0.039048695825863206,-0.08832603326538849,-0.06340263806302093,9.784195699710285,0.659937795442997,30.262500762939453,-23.17500114440918,-63.20625305175781,30.34248878231728,76.37862670441719,0.9466363046615235,48.30868507809937,286.5726205635124
4.9,0.624679154327225,9.507636785495478,0.6482301354408264,-0.20012714063613843,0.48719106380460636,0.1064076561482855,-0.03992852340016487,9.795359535172297,0.46860866865910866,31.631250381469727,-22.61250114440918,-62.98125076293945,30.342490031948888,76.37862777117589,0.9663578943419718,47.186074986175214,292.5428834919189
5.0,0.8415619134902954,9.141794109904511,-0.3460574368145666,0.19808495498293544,-0.2753265069777831,0.2356344635262912,-0.08459533308124029,9.77677429201843,0.7601991503239438,29.906251907348636,-22.6875,-62.400001525878906,30.342491281580497,76.37862883793457,0.9860794840224202,46.063464894251055,298.51314642032537
5.1000000000000005,-0.02634548402792614,9.265804555657615,-0.12823168541501456,0.0066406757189522705,-0.030106333376982524,-0.2044836186125001,0.1840551042355552,9.789074387598037,0.5572517033507929,30.20625114440918,-23.64375114440918,-61.837501525878906,30.34249253121211,76.37862990469327,1.0058010737028686,44.94085480232689,304.48340934873187
5.2,-0.46643032452691263,11.425819045519072,1.7324609816572292,-0.43991189704028766,0.030557126571838646,-0.31883582316975867,0.11026742880997373,9.793629150357827,0.49297185072572586,30.375001907348636,-21.506250381469727,-62.41875076293945,30.342493780843718,76.37863097145195,1.025522663383317,43.81824471040274,310.45367227713837
5.300000000000001,0.13871879022464959,9.284262974463347,-0.41898820797943953,-0.10394713668531928,-0.792011786602638,0.2027757705129347,-0.17795873517779703,9.777133627711114,0.738739097370279,28.218751907348636,-20.325000762939453,-64.125,30.342495030475327,76.37863203821065,1.0452442530637656,42.695634618478564,316.4239352055449
5.4,-0.8959685211246055,9.41154091035999,0.7072747023524212,0.17511909838710724,0.035042560677951654,-0.0756197872172052,-0.1315605251626504,9.740678457311683,1.1278077931017458,27.900001525878903,-20.625,-63.58125305175781,30.34249628010694,76.37863310496934,1.064965842744214,41.57302452655441,322.39419813395136
5.5,-0.7134039842492877,10.523583842529447,0.8450663954011608,0.23821514402095426,0.04163395403740063,0.008885393701213943,-0.051082283834518134,9.769235046855156,0.8542251052506384,28.368751525878903,-21.20625114440918,-63.150001525878906,30.342497529738548,76.37863417172802,1.0846874324246623,40.450414434630254,328.36446106235786
5.6000000000000005,1.6789188153269368,9.880278678116087,1.5879408117125546,-0.4825515193640437,0.48034349706893453,0.050119266957412326,-0.1957033052753086,9.770353092333355,0.8198255818069804,28.500001907348636,-20.193750381469727,-63.35625076293945,30.34249980057588,76.37863368825079,1.163017619068087,39.03900424989365,332.88826667720906
5.7,0.3302807097462791,7.847623737438302,1.8674072818029748,0.21610886116285546,-0.47677512367029534,0.3920214472993006,-0.19934139803015258,9.748089937636541,1.0512637614208016,27.281251907348636,-20.15625,-63.65625381469727,30.342505618093206,76.37862782075479,1.444897329944493,36.62458214307426,332.38847996509304
5.800000000000001,-0.43668255751782187,8.901070478097248,2.733722699245003,-0.5922850949699817,0.6582146700652872,-0.39804979454826683,0.23240670865349786,9.747849992793174,1.0467373166155396,28.743751525878903,-18.731250762939453,-63.95625305175781,30.342511435610536,76.37862195325879,1.7267770408209016,34.21016003625484,331.888693252977
5.9,1.4202012872201595,7.92571332189262,6.120765488088187,-0.4981348721166789,-0.06276426150866753,0.043853013186968964,-0.019408180382889363,9.69822676609823,1.4536468332567942,29.55000114440918,-16.668750762939453,-64.96875,30.342517253127866,76.3786160857628,2.0086567516973073,31.795737929435443,331.388906540861
6.0,-0.07596072296428982,7.795413013734675,2.5305819950887654,-0.5256330206847202,-0.1626625716101981,0.22308702355071325,-0.16113071245594518,9.601074742440195,1.9906258298043313,28.031251907348636,-14.981250762939451,-66.9000015258789,30.342523070645193,76.3786102182668,2.2905364625737135,29.38131582261605,330.889119828745
6.1000000000000005,-1.3954572268376002,9.718309639829975,3.863142196540462,0.11496706622750977,0.2239216533046963,-0.11435397315816265,0.09064043380082223,9.427266647540382,2.699772140171371,28.500001907348636,-14.77500057220459,-66.4312515258789,30.342528888162523,76.3786043507708,2.572416173450122,26.96689371579663,330.38933311662896
6.2,-0.17496596462603822,11.692447471431201,4.886019347938327,-0.4978239003805035,0.8269999715502774,-0.17280880197956014,-0.004779026163063393,9.460612254645502,2.582057441123601,30.881250381469727,-13.237500190734863,-66.46875,30.342534705679853,76.3785984832748,2.854295884326528,24.552471608977235,329.88954640451294
6.300000000000001,0.8504308703220979,7.372038662315001,3.461434693117514,-0.20483711794824172,-0.4967447880957566,0.14188472248009631,-0.3976046233466465,9.38030915208649,2.8322889160598574,29.118751525878903,-12.600000381469728,-67.3125,30.34254052319718,76.3785926157788,3.1361755952029364,22.138049502157816,329.3897596923969
6.4,0.724300255683191,6.3842433913392815,0.30686104468394926,0.49489888311232016,-0.26571718051631504,0.10932223009944986,-0.20564711170495115,9.30892164235033,3.0776553874519617,28.856250762939453,-13.387500762939451,-68.00625610351562,30.34254634071451,76.3785867482828,3.418055306079342,19.723627395338422,328.8899729802809
6.5,0.2985277545739551,9.662540659265582,-0.6081049511621479,0.25145530357993245,-0.27644850099408075,0.10814677296897787,-0.06865060749012833,9.365552540622122,2.907207665689452,27.337501525878903,-14.756250381469728,-68.34375,30.34255215823184,76.3785808807868,3.6999350169557483,17.309205288519024,328.3901862681649
6.6000000000000005,-0.7705917832526283,12.238684099487948,0.294800061076926,0.10253978686795606,0.1260582136322384,-0.2764817555527013,0.16028394443015448,9.430795114352774,2.68417660836397,26.92500114440918,-15.375000953674316,-67.81875610351562,30.342560126391295,76.37857314319787,4.028922799484883,15.408369125512229,327.8043304463207
6.7,-0.13801455377584348,10.994025073887135,1.2853830424676935,0.21194211541434554,0.60020164332753,0.18875440200804514,0.05332542522936116,9.490677520508262,2.4687095304671893,29.55000114440918,-16.23750114440918,-66.69375610351562,30.342575751007203,76.37855874792992,4.525619051213374,15.335939632896851,326.91206177140407
6.800000000000001,0.41833901116459854,9.118279557406284,0.1001970736084355,-0.0027165732259171018,0.6783231420857243,0.30795821579430027,-0.03723917036680761,9.54881849135005,2.2336207052309596,30.168750762939453,-16.42500114440918,-65.23125457763672,30.342591375623112,76.37854435266196,5.022315302941869,15.263510140281472,326.01979309648743
6.9,0.3953936007028019,7.334183167873504,0.17898337902643474,0.5837814496776089,-0.16377082164076995,0.1441961469814277,0.05716924792004644,9.553411015409802,2.2134583016285427,29.36250114440918,-18.525001525878903,-65.00625610351562,30.342607000239017,76.37852995739401,5.519011554670358,15.191080647666094,325.1275244215708
7.0,0.6437450933390851,8.23189379257967,2.326045090969222,0.06149672276894757,1.002821198868609,-0.1312795359646893,0.19862898349489588,9.646184298861002,1.75551187454935,31.443750381469727,-18.9375,-64.57500457763672,30.342622624854926,76.37851556212605,6.015707806398849,15.118651155050717,324.23525574665416
7.1000000000000005,-0.8467945441932826,9.107849903102487,2.4351743372269565,0.2600703884319473,-0.015705107509636204,-0.17032236171983975,0.030692848658385015,9.674698598613316,1.6029936378066614,32.45625305175781,-18.46875,-63.93750381469727,30.342638249470834,76.3785011668581,6.512404058127344,15.04622166243534,323.3429870717375
7.2,0.3042786998150207,10.608860346436883,4.251177701307817,-0.09771094172577914,-0.24546300516505226,0.07175555972035566,-0.058781396887057864,9.68557898283204,1.5350214115459921,32.53125,-17.8125,-64.1812515258789,30.34265387408674,76.37848677159013,7.0091003098558335,14.97379216981996,322.4507183968209
7.300000000000001,1.291431832121406,9.024094584228072,1.9616934913884152,-0.31758128498041205,-0.13614655842437093,0.1327944205772007,-0.10912884108156597,9.638432632491654,1.805263985846242,31.256250381469727,-17.92500114440918,-65.2125015258789,30.342669498702648,76.37847237632218,7.5057965615843285,14.901362677204583,321.55844972190425
7.4,0.05973539141466724,10.046514560502635,1.787607547806297,0.03644408532824678,0.10313916331860351,-0.2602350332806147,0.040109774978326754,9.564318544214421,2.1661517013203,31.931251525878903,-18.881250381469727,-64.10625457763672,30.342685123318557,76.37845798105423,8.002492813312818,14.828933184589205,320.6661810469876
7.5,-0.4341848150166635,10.535241270088738,1.2234541890779338,0.03330833771910625,-0.679897963499858,-0.3379284419299291,0.058717136128233816,9.60068171620662,1.9983617015435595,32.32500076293945,-18.84375,-64.38750457763672,30.34270074793446,76.37844358578627,8.499189065041309,14.756503691973828,319.773912372071
7.6000000000000005,1.0506816203427536,11.380237040464177,2.875910175373273,-0.29576555757783957,0.2858496209141864,-0.060158924575771475,-0.1183863520486808,9.633418753176414,1.8312533651347236,32.587501525878906,-18.525001525878903,-63.95625305175781,30.342715274485723,76.37843126993756,8.94626385988669,15.217301549727162,319.03982911667845
7.7,0.3994727995869639,9.782272806039462,0.45296034347502845,0.011658206647419768,-0.6017773825526792,0.041743240990579675,-0.2409511427052388,9.617255247944662,1.902804426442687,31.968751907348636,-18.71250152587891,-64.25625610351562,30.34272262097309,76.37843255106888,9.068872120388578,19.164785233711765,319.34009426781415
7.800000000000001,-0.1441015901877197,8.307175621201425,1.5178281302036138,0.18220129245558758,-0.41848951339777024,-0.1763123448103388,-0.03306126490596341,9.633406690487586,1.8348581011631924,32.10000228881836,-19.61250114440918,-63.28125381469727,30.34272996746045,76.37843383220019,9.191480380890468,23.112268917696404,319.6403594189498
7.9,-0.5451991728350911,9.89601956212843,1.8645091557824927,0.302632002353085,0.24445858857263497,0.06700001756942282,-0.09170902639855998,9.675679523669453,1.5947036986726284,31.575000762939453,-19.61250114440918,-62.71875381469727,30.342737313947815,76.3784351133315,9.314088641392356,27.05975260168101,319.94062457008545
8.0,0.5546503911067943,10.27784430621305,0.689255730663141,-0.06838180977823702,-0.024284237573778983,0.08314758527666968,-0.08729012556550915,9.702992075121932,1.419396300310936,31.818750381469727,-18.84375,-63.75000381469727,30.34274466043518,76.37843639446281,9.436696901894244,31.007236285665613,320.2408897212211
8.1,0.1740487368964952,9.628717124323,1.109280797955524,0.14281171035195317,0.03807706907895002,0.3159874857174967,-0.08077535062053134,9.689955635458766,1.5061944963498215,30.76875114440918,-19.481250762939453,-63.056251525878906,30.342752006922545,76.37843767559413,9.559305162396132,34.95471996965021,320.54115487235674
8.200000000000001,1.1334150646183998,9.747704545871636,-0.06880094815246621,0.08367523488140498,0.08450746695685049,0.28199218228313466,0.19239347127450152,9.710516802933828,1.3561880267025797,30.543750762939453,-19.537500381469727,-62.83125305175781,30.34275935340991,76.37843895672543,9.681913422898022,38.90220365363489,320.84142002349245
8.3,-0.5188870725445732,9.276816078703998,0.18719641188049985,-0.21736562385593552,0.32783957366513633,-0.036638661511231824,0.3358382829907863,9.706412934843398,1.3576287694218814,31.406251907348636,-18.881250381469727,-62.775001525878906,30.342766699897272,76.37844023785675,9.80452168339991,42.84968733761949,321.1416851746281
8.4,-0.47910915095323314,8.591415929612728,3.088663032930288,-0.04327789114978069,0.4527858039422765,0.05811630756156372,0.3281594942809867,9.696764919716191,1.426607264286501,32.962501525878906,-17.90625,-63.01875305175781,30.342774046384637,76.37844151898805,9.927129943901798,46.7971710216041,321.44195032576374
8.5,-0.23646672262432938,9.451310409070866,0.9955274401012638,0.03997458315292334,0.08559174629194514,0.1088132965452282,0.11466396724962435,9.680333069317285,1.564678035404601,32.64375305175781,-17.400001525878906,-63.30000305175781,30.342781392872002,76.37844280011937,10.049738204403686,50.7446547055887,321.7422154768994
8.6,-0.10482556235699123,10.354622971346407,1.102159776903422,0.06172274074771313,-0.14662653844977133,-0.006078030968795852,0.03176259696735276,9.653359894084696,1.7268440347104461,31.687501907348636,-17.662500381469727,-64.3125,30.342788739359367,76.37844408125068,10.172346464905575,53.30812305133387,322.04248062803504
8.700000000000001,0.29244419414728723,9.832927789455908,2.136211051487237,-0.1013063781150564,-0.059583843526077,0.04662791965457468,0.0761114801449877,9.671046695017036,1.6234084670967035,32.681251525878906,-17.512500762939453,-64.05000305175781,30.342796085846732,76.378445362382,10.294954725407466,50.38193071355452,322.34274577917074
8.8,0.3031519161773336,8.90234036079034,0.7606087229251818,0.0051697604995239975,-0.019998588290426618,0.0451817371702442,0.09592881586741173,9.67277375996845,1.6120123209531552,33.22500228881836,-17.231250762939453,-64.4625015258789,30.342803432334094,76.3784466435133,10.417562985909354,47.45573837577521,322.6430109303064
8.9,0.1320153977275219,10.352144667276297,3.0591303945115045,0.10343913989603276,-0.00803818979902729,-0.03862016869796278,0.0788659734731491,9.656366638556056,1.7084319128111152,33.375,-17.850000381469727,-63.91875076293945,30.34281077882146,76.37844792464462,10.540171246411242,44.52954603799591,322.94327608144204
9.0,0.2950128329092593,10.377444633503046,2.0112698057418603,-0.31221452238295694,-0.10285678554574433,-0.23771970674156273,0.04901172849231302,9.67286654594873,1.6135440484618866,33.78750228881836,-17.0625,-65.10000610351562,30.342818125308824,76.37844920577592,10.66277950691313,41.6033537002166,323.2435412325777
9.1,-0.7057220032891713,9.219752171490642,0.9859620300660269,0.037763517815618305,-0.358136380572574,-0.02236428024234518,-0.14918076746733216,9.619821935086636,1.8992347839716315,33.22500228881836,-17.0625,-65.4937515258789,30.34282547179619,76.37845048690724,10.785387767415019,38.6771613624373,323.54380638371333
9.200000000000001,0.44131255918258394,7.94888913523654,2.596946618603888,-0.1543148814797608,0.06273614690932487,0.11811128187057043,-0.11980840229907547,9.621834695567664,1.8911091928136425,32.08125305175781,-17.92500114440918,-65.45625305175781,30.342832818283554,76.37845176803854,10.907996027916909,35.75096902465795,323.84407153484904
9.3,-0.43875324340055616,9.377855221725307,2.6724770841190026,0.3551613900382406,0.12530647560826547,0.09576464160258653,-0.07643034148333468,9.625687617528778,1.8736340810044698,31.80000114440918,-18.1875,-64.81875610351562,30.342840164770916,76.37845304916986,11.030604288418797,32.824776686878636,324.1443366859847
9.4,1.1982441520808065,9.175268721217252,3.4646220967108294,-0.6754909723982414,-0.3177358415056495,0.06581247709453665,0.029716774659276655,9.641952274454942,1.789473795702771,32.625,-17.137500762939453,-65.71875,30.34284751125828,76.37845433030117,11.153212548920685,29.898584349099337,324.44460183712033
9.5,-0.3663935376919403,10.325663925672886,1.8620096729480133,-0.12348399913534185,-0.22053615777038366,-0.055205755158668005,0.07022891553993356,9.565056408298961,2.162164837976474,30.993751525878903,-17.92500114440918,-65.41875457763672,30.342854857745646,76.37845561143249,11.275820809422573,26.972392011320032,324.744866988256
9.600000000000001,-0.5393460054362433,10.342761902844298,3.165726938499567,0.24630248908913896,-0.036609506238646936,-0.14086703410349224,0.19407685940915773,9.573564007499,2.116505665779114,32.45625305175784,-17.812500000000025,-65.02500152587888,30.34285772833458,76.37845720187777,11.347981198428995,24.54550965294712,325.0
9.700000000000001,0.17546685935164882,9.738466600141592,3.5245173692995584,-0.035512417395606025,0.23910507222033156,0.16978800969487143,0.06866957639573933,9.63504563743468,1.8252540380795066,33.31875228881836,-18.11250114440918,-64.7437515258789,30.34283529656775,76.37846054088192,11.134958621057025,24.94123797859988,325.0
9.8,0.271509393590845,7.809478640652971,2.214623718067623,0.10795788139212159,0.2625694170028188,0.11197210517226776,0.031158936657652656,9.604566735494927,1.9803310357587054,33.45000076293945,-18.01875114440918,-65.1187515258789,30.342812864800923,76.37846387988608,10.921936043685058,25.336966304252638,325.0
9.9,0.18698281815837967,9.007118937951766,2.776012972697964,0.3091716489715708,0.3456787525571349,0.1578682720558639,0.15791482113576338,9.578907898942727,2.0952260855491986,33.88125228881836,-19.181251525878903,-64.7437515258789,30.342790433034093,76.37846721889025,10.708913466313088,25.732694629905396,325.0
10.0,0.4286912323274536,9.96801107833075,2.975630609971591,0.013015472955214043,-0.03880359834659634,-0.06223863357664344,0.18838492195450515,9.60327330036753,1.9778781924357376,33.50625228881836,-18.881250381469727,-64.21875,30.342768001267267,76.3784705578944,10.49589088894112,26.128422955558154,325.0
10.100000000000001,0.062968802184745,10.34839353020348,2.6267601001139447,-0.11591954942846709,-0.07767999872932509,-0.11905350651928111,0.15983470084626125,9.60580737964527,1.96806757738315,34.012500762939474,-18.7875003814697,-64.23750305175777,30.342745569500437,76.37847389689857,10.28286831156915,26.52415128121092,325.0
10.200000000000001,0.6711180559656454,9.432240926248308,3.608497022097283,-0.10472204733892028,-0.06909496500964102,0.038085680323012495,0.10314366119629802,9.585822304971462,2.066801679424042,33.39375305175781,-19.068750381469727,-64.85625457763672,30.342723137733607,76.37847723590274,10.06984573419718,26.919879606863677,325.0
10.3,-0.6336845206912649,9.032761240081653,2.2185804186559825,0.0703314491217885,-0.01775699200978194,-0.014404843667026674,0.11022944134307623,9.56735402050892,2.150320495725663,33.60000228881836,-18.825000762939453,-64.33125305175781,30.34270070596678,76.37848057490689,9.856823156825213,27.315607932516436,325.0
10.4,0.2796630793884747,8.896171190308655,2.7130605516930184,0.02924600885412093,0.24003384922803028,0.030214046022049537,0.12110492274920374,9.554537870109403,2.2060150898542896,34.78125,-18.506250381469727,-63.93750381469727,30.34267827419995,76.37848391391105,9.643800579453243,27.711336258169194,325.0
10.5,0.2624770361360857,9.57611257923323,1.8853928504939168,0.047633531580090906,-0.126289039325575,0.0751353612494629,0.04941792111425009,9.573984187541518,2.122914093353276,34.3125,-19.23750114440918,-64.03125,30.34265584243312,76.37848725291522,9.430778002081276,28.107064583821952,325.0
10.600000000000001,0.1155552333072998,9.489554137115986,2.8718584915350656,-0.4123422441019901,0.05059959339056174,-0.029953020605711297,0.10600394762119147,9.578358465096288,2.1009660300692974,34.2937507629395,-17.643751144409165,-65.0250015258789,30.342635023523457,76.37849017149335,9.224403466192923,28.51197541057963,325.0058292514378
10.700000000000001,0.19430207318633194,9.318712679398216,2.657054567447189,0.17786500339071815,-0.21986070447607708,0.02224963277936063,0.14281942716082913,9.53078659483878,2.3051432372633296,33.67500305175781,-17.17500114440918,-65.4937515258789,30.342640652169216,76.37848619594536,9.127043199983095,29.067460455961033,325.1072462921251
10.8,0.17939688659526895,9.91906325801878,0.2918407063777497,0.11170553490816545,-0.07225616907718499,0.0509605164887212,0.16287945579627608,9.536596999173904,2.2797065185280276,33.20625305175781,-17.381250381469727,-65.51250457763672,30.34264628081497,76.37848222039736,9.02968293377327,29.622945501342432,325.20866333281253
10.9,0.5268343193778795,8.977206228687411,2.246057020982545,-0.1479315553400399,-0.19110653329393273,-0.06806930674821031,0.20166605359185388,9.558989603429639,2.1806543270600423,32.98125076293945,-18.056251525878903,-66.48750305175781,30.34265190946073,76.37847824484936,8.932322667563442,30.17843054672383,325.31008037349994
11.0,0.3459446086964149,10.145349498697618,3.3901972289390656,-0.4429104554272378,0.04089666669068939,0.11034440053548872,0.23296787769188101,9.597333621041487,2.0017971652731577,33.39375305175781,-16.42500114440918,-67.70625305175781,30.342657538106486,76.37847426930136,8.834962401353614,30.733915592105234,325.41149741418735
11.100000000000001,0.13013186162080403,9.88688142604083,2.638430506259719,0.27127296330852124,-0.564814439072919,-0.058478722021407914,0.24509831905364768,9.540751943283643,2.2548455144146478,32.21250152587897,-17.79375076293946,-67.78124999999999,30.342663166752246,76.37847029375337,8.737602135143785,31.289400637486644,325.51291445487476
11.200000000000001,0.7273746584074112,9.105439212386697,1.579014859972779,0.14853349865691579,0.16486870733868264,0.00860276402074682,0.25315850872445506,9.58480794915989,2.058563685827226,33.45000076293945,-19.106250762939453,-66.9375,30.342668795398005,76.37846631820537,8.640241868933957,31.844885682868043,325.6143314955621
11.3,0.08070657300229223,10.079051649764063,1.8722901091489077,0.021323544557924096,-0.0245897609724339,0.0033558529823344146,0.17488255493397759,9.62174636421391,1.8872731830505507,33.35625076293945,-19.856250762939453,-66.31875610351562,30.34267442404376,76.37846234265739,8.54288160272413,32.40037072824944,325.7157485362495
11.4,0.09839035158901191,10.951800756598331,3.0859652181777846,-0.08116949787787119,-0.09532095853312383,-0.09842658571904024,0.19859188499739247,9.652607100132933,1.7199199901693285,33.5625,-19.61250114440918,-66.76875305175781,30.34268005268952,76.37845836710939,8.445521336514302,32.955855773630844,325.81716557693693
11.5,0.11282115435187322,9.042787497615823,-0.3706556099313866,-0.17085860046473533,-0.11561167796740174,0.0856704526578562,0.12192921586365078,9.65893416885334,1.6912840424699864,33.09375,-19.05000114440918,-67.16250610351562,30.34268568133528,76.37845439156139,8.348161070304474,33.51134081901224,325.91858261762434
11.600000000000001,-0.2235855828428791,10.16534412131257,2.3352541789320775,-0.16712918582443695,0.024327442756340863,-0.024623989697691948,0.12842553897740228,9.613555133196295,1.9322054037883793,32.92500305175788,-19.593749999999968,-66.67500305175778,30.34269126463454,76.37845060065018,8.260537029851932,33.98472862871184,326.0394309088943
11.700000000000001,0.5585834106956599,10.288999971300646,3.092945090588051,-0.5484674644411681,-0.1838378163608469,0.09383564435440243,0.14054426517329008,9.635325583634641,1.8196306582361377,32.587479553278555,-18.43125289911404,-68.2875006100163,30.342696663330997,76.37844756138404,8.212548567318839,34.123903627107005,326.239382629536
11.8,0.19614258982625732,8.040396988186837,3.011859296803406,-0.1853828785030652,-0.04052814669435405,0.016630266975392723,0.16895335412216034,9.551627008686488,2.2153330676385785,33.00001235967504,-17.96251113880427,-68.24999176058917,30.342702062027453,76.37844452211787,8.164560104785744,34.26307862550217,326.43933435017766
11.9,0.4438558742572366,9.180799745236335,2.823954017718832,0.0895487843128482,0.020604173957517766,0.0802512888833096,0.3003120238054724,9.508299666978063,2.3816853777108293,33.33749603265897,-18.037518234224972,-67.19996200539175,30.34270746072391,76.37844148285173,8.11657164225265,34.40225362389733,326.6392860708193
12.0,0.7415248060785197,9.887309665431069,1.8134754817171326,-0.06691220389702626,0.004510536284933761,-0.007955839681036891,0.3288561195760434,9.521917679978673,2.3227350052249696,33.3750082399696,-18.61875427234917,-67.68750411998481,30.34271285942037,76.37843844358557,8.068583179719555,34.54142862229249,326.839237791461
12.100000000000001,1.047248399132586,9.940588880462224,4.774574137281155,-0.13314431138448352,0.008950528777346412,0.07818553593201663,0.39094553474685645,9.528624654223341,2.2853409932235595,33.31875503528864,-18.374995880154888,-66.95627777110789,30.342718258116825,76.37843540431942,8.02059471718646,34.680603620687656,327.03918951210267
12.200000000000001,0.23943853810235277,9.099605125091117,3.1424448566997056,-0.03683451178379943,-0.13386478874697746,-0.011263836467449235,0.4418178368745607,9.522027312395643,2.303490156395276,33.056248779408634,-18.393742904579277,-68.66252258289603,30.342723656813284,76.37843236505326,7.972606254653367,34.81977861908282,327.2391412327443
12.3,0.8375022915314959,8.024313625932253,3.153963877995166,0.2285509730438601,0.10618296079035573,0.009675307667241114,0.4688050223542902,9.466778917070348,2.5160914972182145,33.39374481178819,-18.281241760309776,-68.43747528120872,30.34272905550974,76.37842932578711,7.924617792120272,34.95895361747798,327.439092953386
12.4,0.5530578709236377,10.919282832862324,1.4700335244244982,0.2492122039913885,-0.055723027297079716,-0.057780371063869414,0.4757782422458845,9.48210402791651,2.4563135276282764,33.374998626764864,-18.093763732910144,-68.3062432864681,30.342734454206198,76.37842628652095,7.876629329587177,35.098128615873144,327.6390446740277
12.5,1.5914798878778296,10.365810233248242,2.055101942274554,-0.5643620982973612,-0.48834128244109687,-0.15302858355226523,0.5259535350567243,9.515972535875735,2.3108144829582016,32.793741150014114,-17.00626411437987,-68.45626266468315,30.342739852902653,76.3784232472548,7.828640867054084,35.237303614268306,327.8389963946694
12.600000000000001,0.6102685175645878,8.985189128574033,2.1276016729340377,0.06055273924303743,0.1318988171966482,0.10156159443407706,0.5376565419910866,9.494521879042125,2.3947835724458373,32.28751190174373,-16.687490387074636,-68.99999588057398,30.342742940086342,76.37842297630247,7.714618031443384,35.56997364747978,324.82602396720915
12.700000000000001,0.6599886982403681,8.448787023012523,1.265331148676339,-0.1761641853096455,-0.1334339446397171,-0.15826467990037685,0.6171302960204885,9.503413306451575,2.3397974639509345,31.949998016329484,-15.61875057220459,-69.43124191295357,30.34273647194529,76.37843414899773,7.327622497247874,36.70251289054191,308.53147507918413
12.8,0.049331771062247606,8.005125375594309,6.286058903865152,0.1539326503091867,0.19003416376418175,-0.012631435824963688,0.46885259106617144,9.497536617908038,2.397357967602166,32.34373214738441,-14.099989395169528,-69.80626663230362,30.34273000380424,76.378445321693,6.940626963052364,37.83505213360405,292.2369261911591
12.9,-0.11298879958049525,10.606184335078527,3.3592817772108825,-0.4769443344541088,-0.753398454983623,-0.17399236803846593,0.4013398497185953,9.527991132669897,2.2861903978710347,30.449989776639278,-11.399997825594621,-72.05623367298396,30.342723535663186,76.37845649438825,6.553631428856855,38.967591376666185,275.9423773031341
13.0,0.05671237783702778,9.486313516357162,4.868588833729091,-0.14257498155501236,0.06291890672863226,-0.23880098222221768,0.22577319505260166,9.340131007360625,2.9801570193157914,29.96250289911404,-10.256251754774713,-72.52499877940863,30.34271706752213,76.37846766708351,6.166635894661345,40.10013061972832,259.6478284151091
13.100000000000001,-0.9487767613111983,13.038381965205765,0.34049139456985983,0.3622645883793113,-0.11664521636317268,0.010042726614917598,0.1312459316218577,9.359443292252037,2.924709340160634,29.006240768544362,-10.631247634859754,-72.65623489413409,30.34271059938108,76.37847883977877,5.779640360465828,41.23266986279048,243.3532795270838
13.200000000000001,0.5684198753707188,9.004659291391636,3.5061649157781307,-0.025825794191325607,0.5617762754751268,0.11419350728903728,0.11043970473055766,9.431029883813506,2.6858022186914297,29.268740158109004,-9.806234092684479,-73.21877334639427,30.342704131240026,76.37849001247403,5.3926448262703195,42.365209105852614,227.0587306390588
13.3,-0.14475656283740604,8.48261198720189,2.5838120510172753,1.4080509533445469,-0.12034178556328431,0.2761492255913022,0.10737914377772678,9.483320840371615,2.4940822304906303,27.431240539578702,-10.368742332444514,-72.86251266468318,30.342697663098974,76.37850118516928,5.005649292074811,43.497748348914755,210.7641817510338
13.4,0.5457171651380535,8.58340915938052,1.9535120814171432,0.45828200914605366,0.25003570550630533,-0.13253516113212593,0.2532174613954036,9.52079034502426,2.336751493955782,27.937500533973804,-11.156239013699826,-71.43750274702906,30.342691194957922,76.37851235786454,4.618653757879301,44.63028759197689,194.46963286300877
13.5,-0.09137321598950764,9.143672205096617,1.5885407739608541,0.8300192731029313,0.015643636879498265,0.2665101951540537,0.19353409046880815,9.556788893765933,2.191008417885358,27.24376388541421,-12.581250190734863,-69.69373550415041,30.34268472681687,76.3785235305598,4.231658223683791,45.76282683503902,178.17508397498375
13.600000000000001,2.3636603359390884,7.7193013444021314,6.536201486071941,0.28317606495258685,0.2706212408760337,0.05570384713691439,0.39580180549741273,9.648168799256299,1.7105102180652525,28.181259765569127,-13.08750057220459,-67.93127075228843,30.342678258675818,76.37853470325506,3.8446626894882745,45.755475653944146,161.88053508695845
13.700000000000001,0.3417387142937508,9.860610969974982,0.5044426877316455,-0.2677890398203911,-0.9816984248036505,-0.5181083520599061,0.3990295993772446,9.687581545351613,1.4702733577502984,27.412493515014656,-13.631287460355052,-68.1187268065289,30.342671790534766,76.37854587595032,3.457667155292765,41.149827207467666,145.58598619893345
13.8,0.3493045942126537,9.584826121991723,-0.942241034052732,-0.671536468792933,0.02709675534500926,-0.13732320385183483,0.3542663325962024,9.614495429637463,1.897687628973221,27.54375762939454,-15.525012931809778,-67.46246719360347,30.342665322393714,76.37855704864558,3.0706716210972553,36.54417876099119,129.29143731090844
13.9,0.5708661991950388,10.993413361626484,1.1791102399064755,0.020314673012592058,0.4445113277536884,0.32643298992173364,0.5295384267151759,9.670562312053809,1.539506463199245,28.049990158109004,-15.900018425029684,-66.00002059936521,30.34265885425266,76.37856822134084,2.6836760869017464,31.938530314514715,112.99688842288342
14.0,2.087541685254112,9.959453194484869,3.53277919650425,-0.27615453300773385,-0.1951674697699374,0.2904057140162981,0.6520276121375099,9.70196574583289,1.271535278675727,27.35623016357424,-15.431247825594621,-67.29376007057726,30.34265238611161,76.3785793940361,2.2966805527062366,27.33288186803824,96.70233953485842
14.100000000000001,-0.20053039706520315,8.083046142840931,0.16789370117698538,0.32506226410985184,0.0169920272632317,-0.12960132578090944,0.8069513968433134,9.63785030408291,1.621923703297495,26.025009765569127,-16.837519378634195,-67.55624465942383,30.342645917970557,76.37859056673136,1.9096850185107206,22.727233421561678,80.40779064683312
14.200000000000001,0.7771959795594029,8.664143260530109,2.3379058281178997,-0.009353688286562883,0.5454441290654501,-0.125593077254814,0.8518299422935727,9.626643910448674,1.6650036842810505,27.168738403404145,-17.681257018959144,-67.38749908413739,30.342639449829505,76.37860173942661,1.5226894843152108,18.121584975085202,64.1132417588081
14.3,0.7162892032938375,10.89330722464314,2.051867709207422,-0.018683558417120466,-0.5400920465800896,-0.048782645590529757,0.5553172104188783,9.657863307549853,1.6086227104294804,25.893738784734143,-18.712479553138802,-67.96873764060436,30.34263298168845,76.37861291212188,1.135693950119701,13.515936528608727,47.81869287078308
14.4,0.15357651486976262,10.03348406429463,3.0064928111290588,-0.1431899482956388,-0.07276029954835629,-0.14696719206631312,0.5616588493559226,9.64800788143636,1.6645982861050224,25.20001586922443,-18.0750186156947,-67.94999771118165,30.342626513547398,76.37862408481713,0.7486984159241921,8.910288082132247,31.524143982758062
14.5,1.0806092214453147,9.250832704467642,2.618908228506501,-0.14191581650672924,0.07160905393649683,0.027423900861863606,0.5118864116989459,9.64099356865772,1.7203538668090954,24.862495651189242,-17.83125801086425,-68.94376571644096,30.342620045406345,76.3786352575124,0.36170288172868226,4.304639635655775,15.2295950947331
14.600000000000001,0.1642269383095148,9.015408323569266,2.031686240366268,0.32339424158197017,-0.0821483507695637,0.01978487191857178,0.4369547240215861,9.610602120586245,1.9015119197031762,24.074998016329477,-18.374993133544912,-68.90624313354492,30.342614,76.3786457,0.0,0.0,0.0
14.700000000000001,0.10343987079406398,9.245253366737588,1.4431770434499909,-0.010473578284559566,-0.27022091917416363,-0.14445268345167447,0.47576797532215126,9.62793028154303,1.8019262441194603,23.718739013699825,-18.000023345975183,-69.11249618530275,30.342614,76.3786457,0.0,0.0,0.0
14.8,0.3365560452659794,9.792647219019358,1.893463827806725,0.035975229638572144,-0.008080258023667448,-0.0039057039655480325,0.36561765429156484,9.630879113511376,1.8118636979391527,22.518764877319356,-18.506235275324414,-69.22500473000109,30.342614,76.3786457,0.0,0.0,0.0
14.9,0.7965050460853125,10.661649500009046,1.6593667527465494,-0.1779990630164941,-0.09971861027861037,-0.035925786416386586,0.3467262003889587,9.64629927394062,1.7317821185438464,22.518730545043965,-17.699993896484383,-69.5437339782715,30.342614,76.3786457,0.0,0.0,0.0
15.0,0.4395542724382597,9.052521098260222,1.8448652955055895,-0.21761004123222874,-0.17783314472699255,-0.07475718514808294,0.32649521505844115,9.630303694580041,1.8223668021032635,21.4687541199848,-16.087511138804246,-69.43123230002823,30.342614,76.3786457,0.0,0.0,0.0
15.100000000000001,0.14944255176047597,9.436312433619307,1.5506990948849086,0.2213630445697275,-0.01912345485675461,0.05590320871519259,0.34877871368463287,9.613437978851675,1.905378006844401,21.84375,-15.337490959139528,-68.02498916648327,30.342614,76.3786457,0.0,0.0,0.0
15.200000000000001,0.02914008688230495,9.562756234089795,0.986480904880219,0.13098863900002017,-0.05782268293247819,0.009154038489770948,0.3589273986820977,9.635585330743549,1.7880218778081678,21.0000041199848,-14.025018424959836,-66.46872802767905,30.342614,76.3786457,0.0,0.0,0.0
15.3,0.5750405964488329,9.843652929534993,0.8472925483679642,0.3204990821798733,-0.0003368485446318566,0.24001639001938496,0.37004331427831005,9.655748588750976,1.6733054682935349,20.793754882784565,-15.356253509479577,-64.87498764060436,30.342614,76.3786457,0.0,0.0,0.0
15.4,0.7817909711907213,10.350531948361963,-0.2392575861621245,0.3755788076070359,0.371450137134265,0.11899058557552454,0.4860819202701656,9.685291008009854,1.4590432176754446,21.918754882784555,-16.987532730074566,-62.362470092717594,30.342614,76.3786457,0.0,0.0,0.0
15.5,0.8676035372341203,9.578483253717422,-0.20756665672579694,0.014067865657797947,0.14778146907980283,0.006843595013272792,0.5924654938079217,9.718585182232118,1.1696781350734482,22.31249725352973,-18.468774719350016,-60.787517394963636,30.342614,76.3786457,0.0,0.0,0.0
15.600000000000001,0.1166868881099581,9.096219134156765,0.7692529765135334,0.027172235215943644,0.1792822858511559,-0.09471458413172477,0.649458175039534,9.730302545437869,1.0343134033817325,22.987509384099404,-20.10003196713519,-59.58750289911404,30.342614,76.3786457,0.0,0.0,0.0
15.700000000000001,-0.31765451694744856,8.608813787021532,2.5414918702503106,-0.12601340243422696,-0.1366005448402462,-0.12651907261662582,0.5842487614843995,9.739863065646782,0.9818566080791813,24.33750701895914,-21.843769226130078,-59.681247406173505,30.342614,76.3786457,0.0,0.0,0.0
15.8,-0.06223253935389553,9.745464200868549,1.2369127947157657,-0.08534521205026108,-0.19642905090361995,-0.0008057163658786934,0.422080168285731,9.739813524091291,1.062166692305476,24.112481918279055,-23.32500350954943,-60.13127700816843,30.342614,76.3786457,0.0,0.0,0.0
15.9,0.43838279811859854,9.843853571570714,2.0574531753052474,-0.2598942064679393,0.09262763043596947,0.03609833871721022,0.3533554812997855,9.720583240824823,1.247306105507461,24.243735046358793,-24.562510147038843,-60.843757934402674,30.342614,76.3786457,0.0,0.0,0.0
16.0,0.8843236751194622,10.115280267586032,2.4095724306277884,-0.2224308923236528,0.13802426415170335,0.1779670347967004,0.4109310972782554,9.703570611758263,1.35728582247384,24.450015869224465,-25.106254882784565,-63.375021667312865,30.342614,76.3786457,0.0,0.0,0.0
16.1,0.06037836065017289,9.010249890663374,0.8076393383751667,0.06089641833629259,0.0014690267743509842,0.12575330962657474,0.5292346215049528,9.664372194258808,1.5780309201405704,23.38125450131485,-25.53750312807971,-65.0999882506206,30.342614,76.3786457,0.0,0.0,0.0
16.2,0.6272479652842928,9.001289031750558,1.8989059726446083,0.2673591649927919,0.08690368759024221,0.2244892508466601,0.6439883837760685,9.64093194372094,1.6757342338831451,23.512498016329484,-26.418743896484383,-65.55000991821288,30.342614,76.3786457,0.0,0.0,0.0
16.3,0.48769169277159696,9.956613476354125,1.3353702693790384,0.20171927398196463,-0.11778471408845854,0.10472450014085309,0.7494977191491481,9.656912141131997,1.533829415644983,24.356249389704313,-26.099997634999443,-66.39376815818255,30.342614,76.3786457,0.0,0.0,0.0
16.400000000000002,0.8377070244485232,10.140142978612783,1.3867012663984806,0.004278323505617992,0.23859569687143053,-0.1494983314211269,0.8189664941191399,9.63954702358574,1.6058189721980278,25.162482528714396,-26.43749504089353,-67.57499908413736,30.342614,76.3786457,0.0,0.0,0.0
16.5,0.9957808607588391,9.720071917865875,0.8915385642082989,0.12775384411276502,0.14439811334074662,0.12736183011442842,0.7503854625465411,9.65421686455769,1.5502812400215311,25.406262893648865,-26.512522735679607,-67.21875549349936,30.342614,76.3786457,0.0,0.0,0.0
16.6,1.1322068731303385,9.461598405580014,0.7606480223274943,0.09720390102960948,0.23620325665236383,-0.015628752099700174,0.8034431927107645,9.663754495390306,1.4617265143566347,27.18749366751869,-25.68750602719376,-67.50000137351454,30.342614,76.3786457,0.0,0.0,0.0
16.7,0.28395480185953614,9.48810631573613,0.5010115877310061,0.005766838981237426,0.11678515013965891,-0.15555597797952397,0.8297014315206472,9.676315147937308,1.3604801221536111,27.600025100819742,-26.58747817990372,-67.31249038707466,30.342614,76.3786457,0.0,0.0,0.0
16.8,0.35180641512073013,9.78999002520914,1.0636997073088248,-0.17915348820657456,0.027692453182802893,-0.16229688253323715,0.747265949329107,9.691098079945695,1.3017227841029262,28.687514266884005,-24.95623466488899,-68.06251785289503,30.342614,76.3786457,0.0,0.0,0.0
16.900000000000002,0.361332349249591,9.69223504275258,2.2848104278053922,-0.535479124482874,0.041295139743641726,-0.14347131807581312,0.5421053573076542,9.707204049337859,1.283197692200869,30.281247787363814,-22.012484283419262,-70.03125411998482,30.342614,76.3786457,0.0,0.0,0.0
17.0,0.1362906079268847,9.240209359771203,3.494650214919295,-0.3549592772088957,0.28454639638208884,-0.25091701658994764,0.38103677936106906,9.663752664565385,1.6236812560647649,31.76251037600454,-20.193718795804184,-70.6875137329102,30.342614,76.3786457,0.0,0.0,0.0
17.1,-0.43479988389325647,9.522443033268106,2.8960622970183274,-0.22209087600228716,0.3135221604486369,-0.28239423614698056,0.11896006838292969,9.601620437800152,1.991197548551113,32.86875701909887,-18.993743286048957,-70.93126388583337,30.342614,76.3786457,0.0,0.0,0.0
17.2,-0.33043869311989155,9.287331214534209,2.606673076713295,-0.068404375629881,-0.27701562719129735,-0.05163931134913488,-0.17745914277209524,9.564885047048039,2.156760890031782,33.50624267561362,-18.600009994534766,-71.60625457763672,30.342614,76.3786457,0.0,0.0,0.0
17.3,0.0007861126405329516,9.74748091747244,2.399287113330509,0.13738235877023153,0.021919291293397973,0.11270961764685414,-0.26136217781747595,9.536923593150895,2.2691656022927105,32.99999588029458,-19.350008621299672,-71.4562461853027,30.342614,76.3786457,0.0,0.0,0.0
17.400000000000002,0.684786631052162,9.768081976604575,1.2086070809021365,0.05539481259537865,-0.07971066705769236,0.12012800035470704,-0.23953944424812798,9.546901818256213,2.229270947693882,33.00000961320478,-19.387499389704313,-71.25000823996965,30.342614,76.3786457,0.0,0.0,0.0
17.5,0.6321721697116113,9.773042531665112,2.8350378320959297,-0.013016129547367465,-0.07309439277242773,-0.006978736254999625,-0.12611932863103958,9.558350709689133,2.189158779130369,32.737519531138304,-20.043754882784576,-71.06249313354489,30.342614,76.3786457,0.0,0.0,0.0
17.6,-0.22269326582219243,9.045919955238025,1.648921262974523,0.08235283153176207,-0.22472084331516493,-0.05728646354754638,-0.04507438565537434,9.577443573272452,2.107352159021177,33.2249734497628,-20.30626113880429,-70.51877090465284,30.342614,76.3786457,0.0,0.0,0.0
17.7,-0.006859933192563114,9.514197830837325,1.0828713356151576,0.18875030396942732,-0.16260831461692313,-0.17724738815355962,-0.0767421296867549,9.583012552801662,2.0809469389321564,33.41252426141871,-21.33750427234917,-69.76876129172742,30.342614,76.3786457,0.0,0.0,0.0
17.8,-0.4698311145748089,10.18532190041924,2.2347093896580765,-0.12812001913576448,-0.23142982517376393,-0.08792097701211868,-0.23113067429028467,9.62009697087912,1.889618604173007,32.36250167824327,-21.075004882784597,-70.91251708939681,30.342614,76.3786457,0.0,0.0,0.0
17.900000000000002,-0.3184883360186092,9.906462165319974,2.182107135460526,-0.11189776061984116,-0.07492844696673019,-0.08567882351779776,-0.266211990706341,9.623408300228089,1.8680182377684784,32.343732147384365,-21.600009994534812,-71.2687626646832,30.342614,76.3786457,0.0,0.0,0.0
18.0,0.24961646735833126,9.399410802771317,0.7191357391653265,0.1777022142721274,-0.18293153866008846,0.044533779317361306,-0.33034268647432335,9.600918006896972,1.9706915378570562,31.293732910184122,-21.60000587468969,-70.9875057982281,30.342614,76.3786457,0.0,0.0,0.0
18.1,0.1171906794802656,9.14228491623582,1.672511122208078,0.11975824221521922,-0.03535735746175531,0.16016383159673134,-0.2765293995842507,9.617992852595904,1.8941988310870521,29.906254653818934,-21.99374877926891,-70.81875884998593,30.342614,76.3786457,0.0,0.0,0.0
18.2,-0.3882271800880133,9.9074978870371,2.7288058156856168,-0.02892519503109077,-0.036516661268102026,-0.01720076794569452,-0.10130214348745264,9.654435695790465,1.718136436892026,29.400011138943942,-21.093744506919762,-70.78127059936521,30.342614,76.3786457,0.0,0.0,0.0
18.3,-0.10554972602324975,9.804176006473655,1.4581058176897974,-0.21879466696893504,-0.1861030560224172,-0.01952571930866373,-0.11300548585876521,9.64174955993234,1.7872494819319447,28.387500762939453,-20.231238403264324,-71.06249862704425,30.342614,76.3786457,0.0,0.0,0.0
18.400000000000002,-0.14077952390296594,9.684620341540946,1.5629829703781775,-0.1430077079034509,-0.09595537097343476,0.05660048092887421,-0.1527712307263557,9.605565419551715,1.9698103875868567,27.693759994534812,-19.162501754844566,-71.32501281704756,30.342614,76.3786457,0.0,0.0,0.0
18.5,-0.1448452491950724,9.842200475978162,2.188825585679702,-0.16569863961999803,-0.08773408617757927,0.08705496604757637,-0.07269053880574966,9.60075160559785,1.997643809020743,27.61875976556915,-17.943764114379935,-71.56875335648655,30.342614,76.3786457,0.0,0.0,0.0
18.6,0.09936888611244674,8.729989929114913,1.4104823878525212,-0.09579027419522076,0.008084740796345701,0.10963560604751255,-0.0022662442056478127,9.572788129426925,2.1288372489451164,27.225016860989996,-18.318738021934298,-71.70000595059247,30.342614,76.3786457,0.0,0.0,0.0
18.7,0.2566741257744869,9.871152484247082,3.114026157533797,0.053875708265744726,-0.024314655600181957,0.2146109573765673,0.06133792376607153,9.544926215293607,2.2496591413069695,27.037518234364672,-18.956259384099386,-71.84998962357642,30.342614,76.3786457,0.0,0.0,0.0
18.8,0.787126640199055,9.749886489512559,2.7144227679925583,-0.1939498993469285,0.17498280848346867,0.19828260535331968,0.23147291857639438,9.572446980105473,2.117783941418222,27.41250312807972,-18.09375411998484,-71.70001693703244,30.342614,76.3786457,0.0,0.0,0.0
18.900000000000002,0.8259403740830821,8.374548714293606,3.1817818474321578,-0.043262614751749216,0.1883913015021598,0.02043180137470289,0.381661249449796,9.510206398896683,2.3623363863050573,27.862486038263828,-18.468765106285048,-70.85625457763672,30.342614,76.3786457,0.0,0.0,0.0
19.0,0.44950932108068575,9.972507882428118,1.5407077382743817,0.3758609053541977,0.05194272207711089,0.09385543204498406,0.4619710252335487,9.504817968972759,2.369682936456115,28.70624015810895,-20.212522125244217,-69.95624343883243,30.34261027541737,76.37865748707307,0.0,0.0,0.0
19.1,-0.1961486460913088,10.026949895652262,1.5661660418932883,0.2535804253389909,0.48381131798545296,-0.3509867261665201,0.5039005798308357,9.550451263784266,2.169119863140383,31.050020370539446,-21.39376350394461,-67.49998626708972,30.34260631309542,76.3786700265125,0.0,0.0,0.0
19.200000000000003,0.24389711430079136,9.710469686066165,2.57231175216789,0.12143970669285237,0.05906800298622514,-0.03327282809677401,0.2648851698532504,9.652808358604087,1.7098164982407091,31.912515487754774,-21.374967041099318,-66.67500167824328,30.342602350773472,76.37868256595192,0.0,0.0,0.0
19.3,0.11958070660938853,9.721784784883948,2.0910935113895195,-0.09880728080809165,0.10999336084939815,-0.05488396566333404,0.07570503276033988,9.673090612863149,1.6112075015242802,31.950013122614582,-20.79373565679403,-66.80625564586374,30.342598388451524,76.37869510539134,0.0,0.0,0.0
19.400000000000002,-0.25056898046841297,9.724322721214214,1.2583565569158264,0.21705605280474677,-0.020898641632932452,-0.014744050312248524,0.018705187179022902,9.657620640441602,1.7030569093015289,32.718755493219966,-22.23747093197878,-65.47500610351562,30.342594426129576,76.37870764483077,0.0,0.0,0.0
19.5,0.008926991117472971,10.120863911888888,1.0530333326553207,0.0735291734814653,-0.013488100702495467,-0.024967753976922774,0.007548177989843455,9.688913114281597,1.5150165597840857,33.450024109054446,-21.206271743774494,-65.02500564586373,30.34259046380763,76.37872018427018,0.0,0.0,0.0
19.6,0.2717399263090831,9.936027062459985,0.35183585435554815,0.0448675445045677,-0.11614426062014839,0.17737405695921238,-0.060758041195223864,9.70242051411411,1.4246856070204477,32.92497558593726,-23.100025100680284,-64.18124191295347,30.34258650148568,76.3787327237096,0.0,0.0,0.0
19.700000000000003,0.033582734577285625,9.107365550786866,0.6620097859274671,0.04693856115538577,-0.27667075062785745,-0.02953289292222335,0.058733954228098545,9.713209808952072,1.3492112169101476,32.681277618464186,-22.987497024564057,-63.93748321533196,30.342582539163732,76.37874526314903,0.0,0.0,0.0
19.8,-0.18025394465529632,9.510832891742858,0.6252584637143822,0.20677568942577998,0.014585131833475071,-0.07901428810296236,0.13611842818024267,9.732603364604564,1.1951064226249577,32.474999542068666,-23.587505645724047,-63.39373657209784,30.342578576841785,76.37875780258845,0.0,0.0,0.0
19.900000000000002,-0.1464719453374912,9.512034145698516,1.774359513511732,0.06600736166075438,0.07820442558427079,-0.02001309610829876,0.06304876159912456,9.749490094376426,1.0553740001317011,32.83126815790316,-24.074999389704313,-61.78125106794759,30.342574614519837,76.37877034202788,0.0,0.0,0.0
20.0,0.7053034203519346,9.466634207364399,0.7618601286819049,0.028525440648325278,-0.0856027548314858,0.21634951577789216,-0.004316502877592393,9.754830108369095,1.0068004963866706,32.606226043868716,-26.437497787363814,-62.100010528508605,30.34257065219789,76.3787828814673,0.0,0.0,0.0
20.1,0.6586666221618426,9.669004457507421,0.6551076260250004,-0.04870122830532383,-0.23998093097328024,0.002841814493603701,0.08423730681879417,9.7426575018284,1.1151714229881304,30.99374191281377,-27.956252517644327,-62.8500352478589,30.34256668987594,76.37879542090673,0.0,0.0,0.0
20.200000000000003,0.44081025474238555,10.474628254433798,-0.07072812684837625,-0.10622195501083065,-0.01634904919466328,-0.17225402711838628,0.23337957023292868,9.747989667850279,1.0452844290885652,30.91874801632947,-27.48748466488899,-65.51251281704756,30.34256272755399,76.37880796034615,0.0,0.0,0.0
20.3,0.2131483959769542,9.74989725364737,2.37294736443788,-0.1446103286328288,-0.16273462808177053,-0.02009191442993854,0.16186691621492919,9.742712057004974,1.1061732545917873,30.48752861022973,-25.518749771174033,-67.20002792347243,30.34255876523204,76.37882049978558,0.0,0.0,0.0
20.400000000000002,0.26305061067869906,9.480727255934498,1.0211240008703228,-0.1300581457868239,-0.2012675005620923,0.07110686723159818,0.11935745096728674,9.733211363461125,1.1918493562393584,29.73748878473411,-23.90623352061951,-68.64373519886279,30.342554802910094,76.378833039225,0.0,0.0,0.0
20.5,0.12853710912635807,9.429852019574245,1.4898714587223534,-0.06463776347068267,-0.08893521113481048,-0.05298286100640564,0.13509582140920423,9.69509477972214,1.4687414229676254,29.943759994534812,-22.93124877926892,-69.13125061001627,30.342550840588146,76.37884557866442,0.0,0.0,0.0
20.6,0.2224803424294896,9.30796337957107,2.3590346590570106,-0.06735589206005935,0.08492276321599705,-0.023608801454507472,0.17688613752640236,9.700565877766065,1.4276279606729414,29.25000053397379,-22.106254882784597,-67.91252944935134,30.342546878266198,76.37885811810385,0.0,0.0,0.0
20.700000000000003,0.16887946671049167,9.886757965337193,1.8360093077802124,-0.19357852524714902,-0.048971284266181844,-0.012663022304971206,0.1368629534662174,9.689334608103168,1.5061368316559145,29.887506256159416,-21.093758239829945,-68.3062515258789,30.34254291594425,76.37887065754327,0.0,0.0,0.0
20.8,0.46439599266634657,9.46559344023813,3.407486946890915,-0.33579119010994607,-0.25997942332361257,0.02522645105594618,0.1138649740963245,9.663999718819104,1.6626834520113078,28.537492141779442,-20.137481536809187,-69.63752517700213,30.342538953622302,76.3788831969827,0.0,0.0,0.0
20.900000000000002,0.354258387667238,9.15754640279298,3.5201235271729483,0.012689863679759422,0.36908625951533197,0.10436364596150417,0.20070304120195023,9.630799831251482,1.8378568268672824,29.493761138943988,-19.687497253529717,-68.84998962357633,30.342534991300354,76.37889573642212,0.0,0.0,0.0
21.0,0.2959926091446631,9.498931428817412,2.2111866489030416,0.2874616875217366,0.12725075524064014,0.04707355534529327,0.2471296194063589,9.600612327253303,1.9843275996101464,29.94376136790965,-19.65000976556915,-68.08124206531788,30.342531028978406,76.37890827586155,0.0,0.0,0.0
21.1,0.5590308983274237,9.209342757166668,1.533735352752682,0.2695776357910789,0.13942584970594105,0.12803784590653364,0.259555326277837,9.61911717946971,1.8908893518693635,30.356267242459722,-20.643775863619737,-66.9374972535297,30.34252706665646,76.37892081530097,0.0,0.0,0.0
21.200000000000003,0.367458108965055,9.565830244677548,1.458954604391062,0.15544581236478458,0.24716011435123048,-0.026396328526664407,0.3169866087599103,9.659885689138072,1.6602225639762591,31.25624488838946,-21.90000976556915,-66.71249877940862,30.342523104334507,76.3789333547404,0.0,0.0,0.0
21.3,0.41657777679687347,9.251527224387894,2.795260301521275,-0.2770995321636861,0.04537663848001762,-0.1342695652040055,0.3104572986380251,9.685852352568023,1.5027288801341714,31.33124565118919,-20.868743286048918,-66.78750610351562,30.34251914201256,76.37894589417982,0.0,0.0,0.0
21.400000000000002,0.22869354754726856,9.211712667589513,2.169590277163901,-0.02793004526601385,-0.19822787712763484,-0.04959025847601568,0.19111865183439755,9.67310688633353,1.6014584691977702,31.275004272488886,-20.962489166203834,-67.23750305175781,30.34251517969061,76.37895843361925,0.0,0.0,0.0
21.5,-0.2364274114370346,9.734531679099797,0.651424900417465,0.1788991986332438,-0.2108440700268291,-0.1397202477872793,0.1212260508020442,9.649872135027113,1.7423087737309757,30.824992523249207,-22.068766860989918,-66.9750019835308,30.342511217368664,76.37897097305867,0.0,0.0,0.0
21.6,-0.03544577302988347,10.906098495221034,-0.0403217623114423,0.11447129100692392,-0.128309941289184,-0.026494115009225744,0.05289394113148884,9.672257994466712,1.617041180890714,30.50624900823458,-23.737502517644327,-66.16875045765188,30.342507255046716,76.3789835124981,0.0,0.0,0.0
21.700000000000003,0.5445600576414557,10.339491585074665,1.4029399667254407,0.0641702195022604,0.03164120082868191,0.1991526417146578,0.003563821711382871,9.704508642703635,1.4116808624550836,29.681241912813817,-24.843769760103967,-66.93750274702907,30.342503292724768,76.37899605193752,0.0,0.0,0.0
21.8,1.2282243519589382,9.317629232786635,0.8306329080521786,-0.19734736803705602,-0.09335473376827837,0.1583243016232376,0.14847207220517106,9.720654884130699,1.2872936965065918,28.931237792968627,-24.1687521363143,-68.36250442527236,30.34249933040282,76.37900859137694,0.0,0.0,0.0
21.900000000000002,0.8229443245344209,8.547252601537103,1.4623986647777618,0.1366738258472885,0.05608845574516813,-0.023339979690457063,0.27619558819083906,9.68334140686677,1.5254177182354884,28.81875587468969,-25.518759384099425,-68.75624099709088,30.342495368080872,76.37902113081637,0.0,0.0,0.0
22.0,0.32460771656584847,9.717485914464183,1.955989103558316,0.06062862874005569,-0.014065189631805976,-0.1936061084270477,0.3596038284636916,9.701416828718871,1.3869180441242426,29.587500152504063,-25.275011138943988,-68.94374786354598,30.342491405758924,76.3790336702558,0.0,0.0,0.0
22.1,0.06443057695081025,9.677164478901334,2.8045577000073325,-0.0313000832423841,-0.43928704785160444,-0.11822243131932712,0.22157438119154244,9.720612021442221,1.2770828100736438,28.91252098083514,-24.825009002769438,-69.15001525878918,30.342487443436976,76.37904620969522,0.0,0.0,0.0
22.200000000000003,0.45436093014338613,9.871611654789081,2.242237066852937,-0.13422963645652475,-0.025906000190051737,-0.04173304947859491,0.1352217519066119,9.72849367134788,1.2282108490130026,29.212486419593855,-24.1687356567941,-70.46250564586373,30.342483481115025,76.37905874913463,0.0,0.0,0.0
22.3,0.814843666252694,9.301128770003364,1.240114732937574,-0.04818471633858852,-0.06678239035737664,0.01650483011444487,0.07532220350764242,9.70271027847281,1.4220135856021483,28.5187689971646,-23.39999191281377,-70.55625015292316,30.342479518793077,76.37907128857405,0.0,0.0,0.0
22.400000000000002,0.5183389573405738,9.863610564386834,0.34387543031110224,0.013542442957376189,-0.25095340685993367,0.0005952006812020457,0.13134866798290884,9.692167099931188,1.4882972928518314,27.749985427828445,-23.999995880154877,-70.87498901411887,30.34247555647113,76.37908382801348,0.0,0.0,0.0
22.5,0.7616757007734226,9.306068873311213,1.7869068297528419,0.0038303476270951852,0.0011553207089822683,0.0391998016200059,0.21910623861928394,9.698567064474691,1.4353284431109543,28.312503280583776,-24.300003891019163,-70.6499877929687,30.34247159414918,76.3790963674529,0.0,0.0,0.0
22.6,0.9931586101342399,9.300784458350392,2.134069565141764,0.05057005567948897,0.12595937278777844,0.13478242649894137,0.266787773460798,9.70946661660162,1.35109390680041,27.48750663762917,-23.062515106285122,-71.00626296997076,30.342467631827233,76.37910890689233,0.0,0.0,0.0
22.700000000000003,0.5218608772544792,8.414436827748892,2.051072903348964,0.20878566801548,0.06468136754242423,-0.03206361658997225,0.31359173395743867,9.698070023688532,1.421076014546058,27.825003509549436,-22.612503891019163,-71.0249946594238,30.342463669505285,76.37912144633175,0.0,0.0,0.0
22.8,0.13098934030614195,10.299281728568458,2.1156939241373025,-0.21628755574972797,0.02067470525737792,-0.2302613252628566,0.3325558890165155,9.701688049589507,1.3917569359658073,29.96252075186947,-20.77499877926891,-71.40001113880435,30.342459707183338,76.37913398577118,0.0,0.0,0.0
22.900000000000002,0.7386427716580736,10.341560566575264,2.901223473906858,-0.3131226339416122,-0.13998019277353949,-0.1801674756521194,0.0796294618098924,9.67829416279851,1.579435553418458,29.643760757474265,-18.374994506919734,-71.9625042723492,30.34245574486139,76.3791465252106,0.0,0.0,0.0
23.0,0.6949340825877551,8.876506815940802,2.092627233785256,0.04914537030103324,-0.3746015663035392,0.00035443670049647123,-0.05969698793821382,9.646257721723723,1.7653509992917997,29.306252899114043,-17.681261138804295,-71.98124771118161,30.34245178253944,76.37915906465003,0.0,0.0,0.0
23.1,0.3972207903642185,8.785157433377126,2.32400949445185,0.1332954672519409,-0.13413943634089087,-0.13086108679400274,-0.02711596932873712,9.639324900781919,1.8036237958256527,29.231238403404024,-17.662497634859733,-70.8937612917275,30.342447820217494,76.37917160408945,0.0,0.0,0.0
23.200000000000003,0.03418454871477158,9.726032796346761,2.271854107079278,-0.1395085317012114,-0.21117126456518032,-0.28908492374325345,-0.11101871124840841,9.651550886546255,1.7336634416982954,29.231261749239682,-16.6687590026297,-70.38749908413736,30.342443857895542,76.37918414352887,0.0,0.0,0.0
23.3,0.3556563491919705,9.68116670411556,3.2527779346982713,-0.06111108398548883,-0.4291911859621569,-0.07964230256318364,-0.3080490393950285,9.628095251574985,1.8371679761048172,28.593735427828367,-16.575003509549447,-69.82500457763672,30.342439895573595,76.3791966829683,0.0,0.0,0.0
23.400000000000002,0.5087190628113032,9.803243933816402,2.4990671938295517,0.08863010088271518,-0.3868987085772267,-0.010323655595114929,-0.33297167330494815,9.61167468034406,1.9170518543635973,27.262511749239682,-18.26249801632947,-68.71873764060433,30.342435933251647,76.37920922240772,0.0,0.0,0.0
23.5,1.2783567354195227,10.0334629223759,1.283026560954265,-0.04127782029686826,-0.20392553288012477,-0.12238198612520604,-0.29843225798384304,9.59207680085953,2.0182395524064805,26.756221542414167,-19.425010757474265,-68.88749359119679,30.3424319709297,76.37922176184715,0.0,0.0,0.0
23.6,1.1992770252507623,9.087955859781712,1.677174023417881,0.05825945538397863,-0.5375618094434257,-0.04989877444290843,-0.25427501188098406,9.590398129411017,2.03222641928953,24.637477416964046,-20.606263122614582,-68.6062600705773,30.34242800860775,76.37923430128657,0.0,0.0,0.0
23.700000000000003,0.7072289211387269,9.571866329054641,1.445241592609369,0.0891201590488628,-0.6283261183966199,-0.14136367043733536,-0.049182997900329616,9.62169215122808,1.89499213853566,22.931240539438978,-21.7312356567941,-68.7187637329102,30.342424046285803,76.379246840726,0.0,0.0,0.0
23.8,0.9109526940203175,10.544861603261221,0.49866596804010677,0.01958168448941438,-0.7385655857527909,-0.20898283094945067,-0.03463891775840472,9.6330208120683,1.8368711179494563,20.381232528714307,-22.087516632024325,-68.75628219582163,30.342420083963855,76.37925938016542,0.0,0.0,0.0
23.900000000000002,0.6642929068519554,9.188717748965201,1.907219345537554,0.01615552000431665,-0.6869836430556577,-0.14780458891692347,-0.09492359617751088,9.644625852186612,1.7727317623902044,17.887478790339,-22.537489395169498,-69.8062680052594,30.342416121641907,76.37927191960485,0.0,0.0,0.0
24.0,0.5849353618236748,9.372838940890718,1.4829942870821504,0.11491922908596654,-0.5595189483302678,-0.2921382423087272,-0.0790438174487871,9.662881380931267,1.6711859191936855,15.337474479689163,-22.050006637489446,-70.08750564586373,30.34241215931996,76.37928445904427,0.0,0.0,0.0
24.1,1.024426600498582,10.319884170144878,2.0560479165764707,-0.4282481138738002,-0.47319820207971425,-0.09397825842029672,-0.2221711259099604,9.654705093977817,1.7051857266829447,13.06872703556417,-21.09373764046457,-71.36252227760868,30.34240819699801,76.3792969984837,0.0,0.0,0.0
24.200000000000003,0.3721562751645927,10.188099230345149,0.15308639184100029,-0.2493859163166116,-0.767397668825259,-0.3104165107453299,-0.23605075746395385,9.598102252750829,1.9977348333441654,11.043745269719489,-20.58750701895917,-72.41249099709088,30.342404234676064,76.37930953792312,0.0,0.0,0.0
24.3,0.9595336581537631,9.240687158065468,3.1822843769950784,0.014138473282278033,-0.17617976698813137,-0.09583045426499584,-0.31322621799230543,9.53292516636815,2.2793847150683817,9.50622154234418,-20.77499191281377,-71.43751235995452,30.342400272354112,76.37932207736254,0.0,0.0,0.0
24.400000000000002,0.8838927877657231,9.847708922400292,3.269139049504545,0.0460339164198729,-0.5616328436135206,-0.1257880153528412,-0.35549930161114407,9.563738072172125,2.139677716440244,6.2624879264970765,-20.88749526971949,-72.01875442527235,30.342396310032164,76.37933461680197,0.0,0.0,0.0
24.5,0.6620163454768179,9.404495751907858,2.3869799824893736,-0.33669618000914797,-0.7543950270542789,-0.26542142984091915,-0.35035103384565347,9.501341993505724,2.4025204586386955,5.7187486267299334,-20.662485275324375,-72.1125057982281,30.342392347710216,76.3793471562414,0.0,0.0,0.0
24.6,0.5971169926228528,9.251786533080999,1.9817530469644107,0.055846369592338074,-0.5103776597699512,-0.1977694234885185,-0.3909678372613192,9.411773751651408,2.7269087493123836,4.537477035494319,-21.69376548775485,-71.17499755881722,30.34238838538827,76.37935969568082,0.0,0.0,0.0
24.700000000000003,0.8798732489526703,9.329793932513748,2.929703630462185,0.3089833713280108,-0.5448623258258123,-0.0839442473614675,-0.3744845869197316,9.43673648068833,2.6416196116781494,2.68123910903228,-23.156265106285048,-70.55624740589408,30.34238442306632,76.37937223512024,0.0,0.0,0.0
24.8,0.6157648823475377,9.93142024338824,5.2184558766726665,-0.25403166773913466,-0.454418825169187,-0.20934429604280333,-0.3093174144039867,9.497639472127254,2.422716181313376,1.8374808692895537,-23.28752098083514,-70.6500097658486,30.342380460744373,76.37938477455965,0.0,0.0,0.0
24.900000000000002,1.0284824841606837,8.924598655670657,4.579799363721708,0.36499051952932643,-0.37336269606124933,0.14923474095716052,-0.33158626148951376,9.43309903585951,2.660256103859,0.1499752867216516,-24.24376251217913,-70.46248916648324,30.342376498422425,76.37939731399908,0.0,0.0,0.0
25.0,0.6421681062272225,9.300035117454673,0.789070848710921,0.8364310311690315,-0.39960093699291516,0.017654399407141207,-0.16449555759970702,9.454233822583921,2.5999950950806174,-0.7875055170050684,-27.093775253184234,-68.02496994007366,30.342372536100477,76.3794098534385,0.0,0.0,0.0
25.1,0.8392418506630983,9.384393157110782,1.6853320523045383,0.4415831484422267,-0.6342477934400562,-0.03761795304833568,-0.010124398741803405,9.607481198659608,1.9659453349462308,-3.5812721633878124,-29.024969940213207,-65.39998642001288,30.34236857377853,76.37942239287793,0.0,0.0,0.0
25.200000000000003,-0.0786861061134447,9.713383520514515,0.11637593139276114,0.013073652888846708,-0.5448629693940081,-0.2579349279703871,0.06626473203439835,9.718169629916531,1.3126582379153422,-4.462523441307802,-29.100009994534812,-63.99373916620384,30.34236461145658,76.37943493231735,0.0,0.0,0.0
25.3,0.7130436877356091,10.363094630324714,1.871343553592237,0.4071965300864179,-0.7803592548886581,0.02922719654806543,-0.023432825171245626,9.736454113393414,1.1710185547560865,-7.293757152557433,-28.38749664309431,-61.76249801646916,30.34236064913463,76.37944747175678,0.0,0.0,0.0
25.400000000000002,0.9238385118228365,11.388841091923268,-0.608378174165416,-0.14427751000955708,-1.0109739530740052,0.31164711362025355,0.04559957309913096,9.774519385474242,0.7918718483112849,-11.212523918110035,-26.962486419593855,-60.787500915583216,30.342356686812682,76.3794600111962,0.0,0.0,0.0
25.5,0.45797095795760506,9.179898714469841,-0.60623788832743,-0.13770302013029687,0.22029412250610172,-0.054281123195886474,0.44306280656906394,9.744324059481936,1.0110427696496072,-11.606246643024479,-26.568728408869273,-60.01875854497778,30.342359271855024,76.37945520254158,0.0,0.0,0.0
25.6,0.9845736474271364,9.720389793722955,0.4895573273315108,0.11368640558016913,0.2974702281073845,0.07306002384618104,0.5667617852013204,9.755321278811188,0.8263504476587388,-11.962499198899593,-26.062485427828367,-59.32501312261458,30.342365382401212,76.37944105260556,0.0,0.0,0.0
25.700000000000003,1.5784023825722164,8.642132623122867,2.397075135949014,-0.08662419335366937,0.060566867256373426,0.1692429342107813,0.521550105600589,9.76443246215488,0.7444708273400491,-12.656250953674316,-24.299991531344094,-60.900001525878906,30.342371492947404,76.37942690266952,0.0,0.0,0.0
25.8,1.0099194716823858,8.751120295793886,3.2669073850107706,-0.1202329852562312,-0.07224721658583896,-0.05109203237334644,0.6290133958090927,9.752589264990988,0.8133730303654486,-13.331266670255134,-22.574995269719462,-60.618741912953475,30.342377603493592,76.3794127527335,0.0,0.0,0.0
25.900000000000002,0.5471467846547143,9.147979836543389,2.4204582920656765,-0.09100320705792056,-0.17558453844916402,-0.09446898441179777,0.6243128789409758,9.727041890960042,1.079470867922715,-14.306240959139505,-21.76875114440918,-59.92498657209792,30.34238371403978,76.37939860279747,0.0,0.0,0.0
26.0,0.36943112925068167,10.362830473207378,2.5198886467370225,-0.3432964036135908,-0.30050875565795665,-0.16404822871901106,0.5894287139785861,9.715763795164042,1.1945183855938284,-14.700015869154651,-20.512499389704313,-58.40625106794759,30.34238982458597,76.37938445286144,0.0,0.0,0.0
26.1,1.1648510546660193,10.528052520198926,2.485055141108375,-0.33488745684574084,-0.25429298854791144,0.07281840731376403,0.5028236755606753,9.701436007850548,1.3414833171643685,-15.731238403334173,-19.762499389704306,-56.98123016357404,30.34239593513216,76.37937030292541,0.0,0.0,0.0
26.200000000000003,0.7340109677951443,8.704008919748299,1.977798761720917,-0.04859259905710743,-0.2891161586721864,-0.027015245138489113,0.5789439049986334,9.65625138253604,1.6099123302535494,-16.68749862676486,-20.39999740589408,-55.03125244118274,30.342402045678348,76.37935615298939,0.0,0.0,0.0
26.3,0.4357130405246813,9.395904309661425,1.6577821428152026,0.346471719545938,0.015037622454389193,-0.03382279760346512,0.6713580948867985,9.643220272657471,1.6516574977610046,-16.35000862129971,-22.331264877319455,-53.512509002909134,30.342408156224536,76.37934200305335,0.0,0.0,0.0
26.400000000000002,2.0176779714799027,10.280650613009353,2.191148317291018,0.03863603259085121,-0.037378029223916316,0.01099278035768469,0.6527281434704328,9.687677688489913,1.3758751104624394,-15.768733711284522,-22.29374801632947,-53.47500228881836,30.342414266770724,76.37932785311733,0.0,0.0,0.0
26.5,0.923755935758761,9.534292234448547,0.1880401320377099,0.47661108418938897,-0.4217923607578939,0.09254178417035484,0.6523664474173932,9.701753036321517,1.273096999849579,-16.743735046358715,-23.21251251217913,-51.0750158693642,30.342420377316916,76.3793137031813,0.0,0.0,0.0
26.6,1.1146496712240148,9.467502790923934,0.8290412217378789,-0.2907206152637782,0.14763241214725334,-0.34000260701437596,0.8160583689537195,9.718563090143471,1.0262057534143239,-15.918756256089592,-24.67501350408431,-51.50625366205351,30.342426487863104,76.37929955324527,0.0,0.0,0.0
26.700000000000003,0.08836923484140681,9.371742288672927,1.417322142722048,-0.005448966804566177,-0.1312580961930293,-0.3007415211025881,0.5540538397000941,9.743777651569133,0.9602573849921645,-15.749980354309002,-26.475000381469727,-50.79375213645399,30.342432598409292,76.37928540330924,0.0,0.0,0.0
26.8,0.09260187966695595,9.765750165776819,2.714963522513354,-0.14461787258295086,-0.48265984967523307,-0.1470842841276942,0.3890613861140583,9.760296871453436,0.8690271073280018,-15.131258621229863,-27.768774490384587,-50.68123779296863,30.34243870895548,76.37927125337322,0.0,0.0,0.0
26.900000000000002,-0.40402852824820534,9.962160649248235,1.7229997100395462,0.0179098228557939,-0.13953409998666083,-0.19078897743646256,0.13331882720825317,9.744679046612676,1.0925984044780401,-15.074981536879129,-28.91249214177948,-50.21249328618866,30.342444819501672,76.37925710343718,0.0,0.0,0.0
27.0,0.3414910896777144,9.908693451742392,3.2482704829019156,-0.19108763075071716,-0.4194490850793411,-0.17606088607293233,-0.04163494996267256,9.730814721448304,1.2165016315884438,-15.43125057220459,-30.59999488838946,-49.33124481206757,30.34245093004786,76.37924295350116,0.0,0.0,0.0
27.1,1.616127477694566,9.147522109350653,2.6602205360300624,0.03207089056811507,0.011030037337889886,0.18613942783736015,-0.18803848373872978,9.716470413597893,1.3134822232923222,-15.562483100849049,-30.31873115547916,-49.46249877940861,30.34245704059405,76.37922880356513,0.0,0.0,0.0
27.200000000000003,0.9477155957778869,9.306165251612216,2.601678904873818,0.24464587500505489,-0.2872280923286112,0.07772362756811074,-0.07786435543961788,9.701229606400291,1.4319363438682717,-15.67499607088974,-30.73125762939456,-48.750007934402696,30.34246315114024,76.3792146536291,0.0,0.0,0.0
27.3,0.7951401157395604,9.99756349096996,1.0582253740874539,-0.19038586754886716,-0.4537713793148897,-0.18367369721857243,0.12145806365611123,9.716229517366209,1.3230675570903854,-15.73126312254473,-31.406275253184347,-48.150001525878906,30.34246926168643,76.37920050369307,0.0,0.0,0.0
27.400000000000002,0.6761953750908721,9.511489147624692,2.333792715282124,0.11746904338169123,-0.2529998179471683,-0.026844033810411984,0.03792184819262741,9.70199091257983,1.4283998281884658,-15.843750953674316,-31.968731307983322,-47.11875839233401,30.342475372232617,76.37918635375704,0.0,0.0,0.0
27.5,1.011559834978654,10.850092274557735,1.0820004026398422,0.07228811696286844,-0.606281506905688,0.06330487219757291,0.10330239238126825,9.72900929795528,1.2272062816013711,-16.21873489385465,-31.687484054453606,-45.4874824523925,30.342481482778805,76.37917220382101,0.0,0.0,0.0
27.6,1.2746955263995299,9.710989373228205,-0.11655115506137832,-0.02683769223315831,-0.5437377648348011,-0.09565221513317748,0.158648846934487,9.721533923411297,1.2793402069997744,-16.668760376004585,-31.762503509549447,-44.118725433293505,30.342487593324996,76.37915805388498,0.0,0.0,0.0
27.700000000000003,1.2010960531119783,9.749418338565494,0.7425450406802951,0.3456604751366438,-0.5508306963034373,-0.006013531280991151,0.22966481983198914,9.740126332865572,1.1169217339154542,-16.143756637489446,-32.06249588029458,-41.19376190174375,30.342493703871185,76.37914390394896,0.0,0.0,0.0
27.8,1.203409194875979,9.612458728255005,0.8988161730544072,0.02191562149612479,-0.5343541507609373,-0.2631147669441626,0.3106019115083937,9.770933906058621,0.7763078988458066,-16.53751136777001,-32.58750289911406,-39.58121871948212,30.342499814417373,76.37912975401292,0.0,0.0,0.0
27.900000000000002,0.696247694704867,10.110842545682745,0.7147533272131728,0.08126514480427316,-0.6855657942775151,-0.2770680907209061,0.15555048970147525,9.780130800194845,0.7036662909507825,-15.67498233797953,-32.86874877940863,-37.12497116094444,30.34250592496356,76.3791156040769,0.0,0.0,0.0
28.0,0.7359612610737222,10.110180493028116,0.6371242652949425,-0.10434609532947235,-0.7803634453784228,-0.16948386720064534,-0.021283176084418758,9.78653657901165,0.6272871566369974,-15.112512550409932,-33.52501251231883,-35.02500015264376,30.342512035509753,76.37910145414087,0.0,0.0,0.0
28.1,0.12089874702416556,9.9145903973713,0.10062864577437136,0.07331370907707041,-0.704839873304531,-0.1981123054246233,-0.17009089637898675,9.776318692029308,0.751694995076128,-14.60621231074877,-34.368741912953475,-32.77498092651349,30.34251814605594,76.37908730420484,0.0,0.0,0.0
28.200000000000003,0.11865128972173455,10.11958386631354,0.13453478091233,0.13593796997584404,-0.44554048914575056,-0.07144690044566096,-0.12479651288976794,9.782320410688293,0.6789656598282917,-13.50000782012942,-33.52499191295352,-30.39373329165385,30.34252425660213,76.37907315426881,0.0,0.0,0.0
28.3,1.5749040908132668,9.48494198647927,1.5446085657395008,-0.0814484001922331,-0.38691385597697087,0.07160855324859138,-0.1785181856020235,9.789819495055822,0.5458072500273059,-14.3249732971189,-33.31875503528865,-29.924998397799186,30.342530367148317,76.37905900433279,0.0,0.0,0.0
28.400000000000002,0.5938358356923847,9.241686535661843,0.1448895575402559,0.14178775169935873,-0.626109565834339,0.1583980535628625,-0.07983023265236164,9.793199107849734,0.5071361890372702,-14.306238212599371,-33.09375,-27.95625114440918,30.34253647769451,76.37904485439675,0.0,0.0,0.0
28.5,0.6301398929498603,9.158261136965848,0.202033382832441,-0.11603900270686415,-0.011427790952504846,-0.11005843384846556,0.24286538131277535,9.78697928497136,0.5712311481959724,-13.687509193364562,-32.85001876819885,-27.993752899114043,30.342542588240697,76.37903070446073,0.0,0.0,0.0
28.6,1.2154159650840846,9.85423376706593,2.9845600847747638,0.26802222098795186,-0.45967786068773303,0.2328808627900734,0.22196823031153196,9.79216337856475,0.48438741171583816,-13.368745079054449,-32.04374664309431,-27.018755264254324,30.342548698786885,76.3790165545247,0.0,0.0,0.0
28.700000000000003,0.6007615887899794,10.453524469266053,2.5497544643195833,-0.14264276721801689,-0.7461177401416306,-0.22208463600892234,0.3879476021881036,9.791084246864333,0.393138959181668,-12.656241340609231,-32.88749664323403,-26.55000114440918,30.342554809333073,76.37900240458868,0.0,0.0,0.0
28.8,0.5728078612434265,9.048069746820016,1.6993506113364414,0.29271570334820435,-0.6651632189062495,-0.02938351007862307,0.29663745499630284,9.776066684326914,0.7147801697235161,-12.056269798265006,-32.36250305175781,-24.506233902089154,30.342560919879265,76.37898825465264,0.0,0.0,0.0
28.900000000000002,0.844639710597029,8.893558885443099,1.11538809113647,-0.026844018778170428,-0.17112627793440405,0.12772765754447263,0.30426978105186975,9.782098092918734,0.6231200377750709,-12.187510566669554,-31.499999160738653,-22.76249664309433,30.342567030425453,76.37897410471662,0.0,0.0,0.0
29.0,0.6313008532548836,10.008337638217872,2.4678382675907415,0.03984024332032406,-0.040038917498316694,-0.037984486965115104,0.38527251105522275,9.784805327585058,0.5286061340474187,-12.018750190734863,-31.74375839233401,-21.918749389704313,30.34257314097164,76.37895995478058,0.0,0.0,0.0
29.1,0.9023116056162352,10.2491668319215,2.4571292652760253,-0.3645409196044162,-0.2625292981117705,-0.10020138320011304,0.4474489962499335,9.788086779128948,0.40433815967790454,-12.356269988999868,-33.46876510642482,-21.9375,30.342579251517833,76.37894580484455,0.0,0.0,0.0
29.200000000000003,1.1170381951124195,9.144096532926255,2.4840767011496006,0.050855755255368645,-0.4009487991218602,0.21805867438604878,0.3800728676295927,9.771674815213904,0.7348317533362464,-12.712492332444494,-33.318757782038325,-20.268744277954074,30.34258536206402,76.37893165490853,0.0,0.0,0.0
29.3,0.45118021518389106,8.926186420910318,2.0695494203413145,0.24977735638476495,-0.09637761799929678,-0.06854840604438193,0.5576588135346433,9.754136683601025,0.8462601048074422,-13.274990959139457,-34.31251785289512,-19.518718185368638,30.34259147261021,76.37891750497249,0.0,0.0,0.0
29.400000000000002,-0.04598056058684631,10.021837813749578,1.326861902968153,0.16559607299353604,-0.4094412817362544,-0.1521733759798363,0.5606146315497827,9.765638416532374,0.6986968407293929,-12.656260566669554,-35.700014495849665,-18.262470550509054,30.342597583156397,76.37890335503647,0.0,0.0,0.0
29.5,0.3454422419593588,10.412461493245003,0.19377351218218913,0.17031179264086163,-0.5256101258163715,0.12393487997627492,0.45733893590532154,9.782547595629698,0.51277317327631,-12.000010986370077,-35.60627548228959,-15.637489776569375,30.34260369370259,76.37888920510044,0.0,0.0,0.0
29.6,0.4758690223883068,9.563181439905662,1.8725716546659323,-0.2897248378351515,-0.13650180201798934,-0.11991501061611325,0.4974763695276751,9.785928117233697,0.3977687420434858,-12.281241340609183,-36.056257019098894,-15.61875606535473,30.342609804248777,76.37887505516441,0.0,0.0,0.0
29.700000000000003,0.37288085351525135,9.580717300573188,1.295686170431677,0.051703567168858156,-0.20163678980226218,0.00026111380807679156,0.5156157556240668,9.783144934182847,0.4408010568475984,-12.337496452359467,-36.43126251231883,-15.29999607088974,30.342615914794965,76.37886090522838,0.0,0.0,0.0
29.8,1.0200406779270919,8.386793103090872,2.064291463191814,-0.23548250621841404,-0.0785736792957226,-0.014071103293728744,0.5093905586035598,9.779138497723789,0.5285413455397279,-12.71250057220459,-37.36874877940861,-15.956250190734863,30.342622025341154,76.37884675529236,0.0,0.0,0.0
29.900000000000002,0.04637764469859261,9.891792081189944,2.14293365183774,0.03879152475292145,-0.058904615414772155,-0.05799597426054573,0.47924650400460406,9.767389953339993,0.7339273837761784,-11.925002937344845,-37.81874954206868,-16.10623565672425,30.342628135887345,76.37883260535632,0.0,0.0,0.0
30.0,1.0858428150582362,10.512436593645994,1.1717774436204518,0.280056447260737,-0.34978949679841426,0.24217160054960543,0.46973091915498244,9.761424243019668,0.81506250783547,-11.250012359675068,-36.86250167824328,-14.69996643066393,30.342634246433533,76.3788184554203,0.0,0.0,0.0
30.1,0.9753087698302613,9.831516612627949,-0.07336745074902595,-0.30610172192670637,-0.03587004279201558,-0.00532734214182061,0.5643197713721211,9.764687863349494,0.7088566453306097,-12.468744087219179,-36.89999328618862,-14.23124526978931,30.34264035697972,76.37880430548427,0.0,0.0,0.0
30.200000000000003,0.8872686432463297,10.263968980340712,0.41444116129430003,0.3661650737928,-0.25817632033411153,0.11198299802384265,0.7551647567771252,9.752711695714709,0.6962151131573265,-11.643750190734863,-36.44999664323403,-12.937491340609231,30.34264646752591,76.37879015554824,0.0,0.0,0.0
30.3,0.1819751726943641,9.364963061510613,0.6418054813905235,0.04070339593728954,-0.03673263959408159,-0.3662573803075616,0.7948641765015728,9.766728061392795,0.3867372232714241,-10.218748626764851,-36.22500228881836,-12.675013923645139,30.3426525780721,76.37877600561221,0.0,0.0,0.0
30.400000000000002,0.12955891861393093,9.44779134047977,-0.22069974899932024,0.3061218041298824,-0.24230946252108826,0.08944639828980805,0.5365493268039659,9.788276018648146,0.2685172586196543,-9.749994506849886,-35.41874938970431,-12.412492141709633,30.34265868861829,76.37876185567619,0.0,0.0,0.0
30.5,0.46843808908134554,9.539095932302802,1.0260221538879069,-0.07696433204570342,-0.00982326219751212,-0.0306254494935274,0.5021520676130877,9.793365143278123,0.09003383383432682,-9.356235656724252,-34.89377090437345,-12.843749580369325,30.342664799164478,76.37874770574015,0.0,0.0,0.0
30.6,0.6860315850968208,9.731854875341622,1.5325861432957855,-0.2837835563040744,0.011455520154976867,-0.14531252661985838,0.5058764187770609,9.793494266722474,0.04410413273594614,-8.549993324279725,-35.08124893177297,-13.443781967205272,30.342670909710666,76.37873355580413,0.0,0.0,0.0
30.700000000000003,1.548983183126274,9.484632359357454,1.5634942439470765,-0.13970496492775666,-0.34811352268586737,0.26520190817281825,0.39433344637201767,9.795284620855215,0.2589865253122463,-8.587521171569904,-34.93124328618866,-14.118784904480112,30.342677020256858,76.3787194058681,0.0,0.0,0.0
30.8,0.07298153564512283,9.72374405586058,1.486643127127273,-0.19463788034284155,-0.19067649775132683,-0.12963710031449016,0.5210765411211576,9.78028433145365,0.4946639510456659,-7.424980964674448,-33.918745269719466,-14.081236457824588,30.342683130803046,76.37870525593208,0.0,0.0,0.0
30.900000000000002,1.14138151753337,9.86087327752878,2.3441184893835945,-0.26000340357750285,-0.19556652580234618,-0.14920782942005978,0.5683049344909852,9.770323857201575,0.622935984059814,-6.037492141709631,-34.7437213135882,-14.231264495849661,30.342689241349234,76.37869110599604,0.0,0.0,0.0
31.0,0.5596833751566637,9.190939161661008,2.891089878340925,-0.7971648310602828,-0.05365195430720033,-0.07672801302052065,0.3775119958647466,9.763252307878819,0.8402448485305369,-6.993767948157688,-35.1375090026297,-16.462516632024258,30.342695351895426,76.37867695606,0.0,0.0,0.0
31.1,0.6322959229788894,9.264997763092698,1.9313603408400697,0.11309909841498256,-0.07945482551110335,0.041861259532280336,0.39107385503268244,9.679960878889636,1.5213450411251546,-5.85000450131487,-34.87500823996968,-16.649986419593784,30.342701462441614,76.37866280612398,0.0,0.0,0.0
31.200000000000003,1.1146751086407098,9.49702951582023,2.469448777752605,-0.07899808479952754,0.23617302013985678,0.1277949876846141,0.3605434041188231,9.654497572388216,1.6825376754544872,-6.150008335127527,-34.85624526971949,-15.787509994534814,30.342707572987802,76.37864865618795,0.0,0.0,0.0
31.3,0.2822644830388482,9.58700314948652,2.019015613887873,0.004807929384848742,-0.1682394020711717,-0.24825449986290507,0.4627162039867162,9.6668115419449,1.5839753901160052,-5.268730964674448,-35.512492523249165,-16.087498779268913,30.34271368353399,76.37863450625193,0.0,0.0,0.0
31.400000000000002,0.4173765280760023,9.065230364764473,4.108729324060604,-0.22479502140834912,-0.2874054453184378,-0.27745058905451503,0.3410363277126084,9.664256693479025,1.6297482179723817,-3.2812241458856897,-36.20625167824328,-15.974989395169501,30.342719794080182,76.37862035631589,0.0,0.0,0.0
31.5,0.4303634304764586,9.548618297812624,2.6377654530224453,-0.061261301994056466,-0.29555588696998925,-0.0997764501420025,0.10737011453801068,9.633312285346221,1.8323962503055473,-1.7999780988640004,-36.524997405894084,-16.218744506919734,30.34272590462637,76.37860620637987,0.0,0.0,0.0
31.6,0.20774913898796254,9.080960547570047,3.645877479847774,0.005624630581788373,-0.10145243754276967,-0.22282554919823275,0.02275304798139225,9.582792585773179,2.083253770075964,-0.3375000059604645,-37.85627273554002,-15.281274299579875,30.342732015172558,76.37859205644384,0.0,0.0,0.0
31.700000000000003,0.5496537893956246,9.562204367194514,2.9338342223458964,0.013127423022948441,-0.0455011498790036,0.024963529690721003,-0.09390170642267459,9.584283250645127,2.074376084495669,0.6187692618362064,-37.79999893177299,-15.993760185199827,30.342738125718746,76.37857790650781,0.0,0.0,0.0
31.8,0.9494150648125282,9.538412682881567,3.5789980222233453,-0.17478144864670592,-0.23477990096965345,-0.11093387354468603,-0.1326237930554829,9.552638017060156,2.213577758627106,2.3062748146126735,-38.175001678243284,-16.368743286049003,30.342744236264938,76.37856375657178,0.0,0.0,0.0
31.900000000000002,0.9430172326531242,9.014010599953322,3.430538782068076,0.1260354289769938,-0.4151372346696997,-0.004912920462454611,-0.11738006652822798,9.534837036481445,2.289851758207345,4.050024909980344,-38.55000717146326,-15.99375606535473,30.342750346811126,76.37854960663576,0.0,0.0,0.0
32.0,0.210931393622385,9.608518894473429,3.3687347993966745,0.10830073014289077,-0.3549696634070011,-0.23070266098589523,0.07640486034555019,9.486604576370407,2.4837170313762744,6.881259994499888,-38.08127914406369,-15.97500312807971,30.342756457357314,76.37853545669972,0.0,0.0,0.0
32.1,0.17879512314295812,9.850004361321526,2.5323733830203934,-0.08995244973220899,-0.4815349950050304,-0.2350393627412715,0.14155503315099274,9.479817419307746,2.506664920608242,10.331259803799902,-39.14999465942383,-15.843753700214435,30.342762567903502,76.3785213067637,0.0,0.0,0.0
32.2,1.077341350765655,9.382544922435628,1.7235611350789102,0.35477199089984457,-0.463154740263467,0.02993969454622634,0.06902232545872175,9.449363077079019,2.622035456925621,12.39373920443469,-38.96248092651369,-14.90622623439415,30.342768678449694,76.37850715682767,0.0,0.0,0.0
32.300000000000004,0.9733665226466658,9.434482617011904,2.3242991289202193,0.2967382118075222,-0.3499432419846277,-0.08503018061537018,0.1848457536586713,9.503050261725523,2.4141033948874937,14.925018043559957,-38.02501800525932,-13.425001564039848,30.342774788995882,76.37849300689165,0.0,0.0,0.0
32.4,0.9894835573964217,9.825294599145359,1.8567939993351135,0.05506946563288328,-0.3362644928010246,-0.18999162052314153,0.267264634949937,9.567143750047233,2.1374355728394003,17.418778228759738,-38.32498703002931,-13.33123920443469,30.34278089954207,76.37847885695561,0.0,0.0,0.0
32.5,0.1201145082026536,9.187207272223853,1.442851799053207,0.0817312411518217,-0.5054656863937455,-0.21493270421319247,0.16403775316998542,9.576628230791073,2.1051190976392746,21.000039825495293,-37.743747405894105,-11.362480964674633,30.34278701008826,76.37846470701959,0.0,0.0,0.0
32.6,0.039078593622916075,10.218281499191967,3.628529903265072,-0.17567282180639027,-0.48724034933382204,-0.28900804962521753,0.11207339447812906,9.607331259443548,1.9638988017368029,23.850009994534766,-38.47500503528863,-10.14371723176449,30.34279312063445,76.37845055708355,0.0,0.0,0.0
32.7,0.35383383167758337,9.663037593775199,0.11696561616252467,0.5682742523272247,-0.9807814604119537,0.06397157352620778,-0.06174015002870876,9.609451482894933,1.9557375473126497,25.912497634999458,-37.949991150014114,-7.649971256277087,30.34279923118064,76.37843640714753,0.0,0.0,0.0
32.800000000000004,0.6863922248445726,8.757267496181127,0.19108233571511424,0.24850723337016375,-0.27781480676842635,-0.06561712012373805,0.05651442188523993,9.662500376783374,1.6738983583098352,26.118724060058618,-36.01874618530274,-5.399998722097372,30.342805341726827,76.3784222572115,0.0,0.0,0.0
32.9,0.5980608406088799,8.888872618535022,1.8028190835137856,0.06348750059169847,-0.17083066052253504,0.07240006409304679,0.08531821715834387,9.734999634419221,1.1801830433051366,24.6375227356795,-36.43123229974883,-4.537508621194857,30.34281145227302,76.37840810727546,0.0,0.0,0.0
33.0,0.952735724825295,10.451237809759704,2.2060052067383844,-0.2678250493404033,-0.05435546707977606,-0.12147927898400937,0.1590649036448137,9.747911668246715,1.0598620120550362,23.587489166203895,-36.674993438553074,-4.5,30.342817562819207,76.37839395733944,0.0,0.0,0.0
33.1,1.316329285358159,9.32803726191603,2.8074156485531128,-0.34266279914660874,-0.5025071513344749,-0.007306236494839101,0.0655550232568366,9.725191751967493,1.259640698901176,23.15626098643987,-37.20000076293945,-5.212508335127487,30.342823673365395,76.3783798074034,0.0,0.0,0.0
33.2,1.1374962766652144,8.914960794708197,2.5896475104564467,-0.08688699444312668,-0.2951869968502194,-0.10941360526692191,0.1272645234087137,9.690663697813177,1.498368255269441,23.831262130709355,-36.562512359675004,-5.250004119880027,30.342829783911583,76.37836565746738,0.0,0.0,0.0
33.300000000000004,0.6811503767967224,9.423903285749766,2.2301237647124195,0.2388098294255304,-0.7652133193406134,-0.05275080993820852,0.1387383729339508,9.66461001875992,1.6572393575913664,24.31874900823459,-36.01875030500815,-5.174983711249677,30.342835894457775,76.37835150753135,0.0,0.0,0.0
33.4,0.2675399918410714,10.377099594495641,2.1677952511891054,0.17984537663830777,-0.6004918506420083,-0.21794943826840812,0.22459848315651823,9.684827942732577,1.5244875063290706,25.85626174923963,-34.85624252324925,-4.350014114379869,30.34281935109023,76.37835528456378,0.0,0.0,0.0
33.5,1.7115975911941297,10.887670305487921,0.8589676805694478,-0.1428412059388268,-0.5016670058471091,0.2513484496629142,0.17941187192428928,9.717788063028884,1.3049021742249116,26.98125625615939,-35.550005798228085,-4.837500095367432,30.34280161535016,76.37836000516936,0.0,0.0,0.0
33.6,1.5249893876096654,9.060259335223137,1.031221897017006,-0.20147364250462568,-0.9496560215209182,0.3121036552048927,0.33994515940790576,9.694738246825036,1.43760700705619,27.975005874689664,-35.62501785289494,-6.356269512162524,30.34278387961009,76.37836472577494,0.0,0.0,0.0
33.7,0.7437317193324865,9.524586407536445,1.3032173165571614,-0.10607048140147121,-0.07287163183610298,-0.24410735929366215,0.7974480993814634,9.667849712218592,1.4377270169191738,29.981257629394523,-35.60625625615939,-6.468738117197075,30.342766143870016,76.37836944638052,0.0,0.0,0.0
33.800000000000004,1.2994360682262143,10.591077707236899,1.4051178778208606,-0.16882177027077597,-0.10538004389210534,-0.39692001971868934,0.7355900071404716,9.66398630741817,1.4954743351661879,31.818772354209774,-35.98124252324925,-7.312493610382087,30.342748408129946,76.37837416698609,0.0,0.0,0.0
33.9,1.3327279702670263,9.889353209308236,2.2436664864593165,-0.13269908168781186,-0.7246895140899627,-0.12728679560737566,0.3688932315213992,9.664605217864699,1.621602113447889,34.55628585815426,-36.431237792968766,-8.437527465820285,30.342730672389873,76.37837888759168,0.0,0.0,0.0
34.0,0.691577285789646,9.527502152761889,1.8462419761837574,0.26823411007740794,-0.6385504458525998,-0.15319730806752524,0.33688520210028244,9.650796702185582,1.708485042741634,37.23752090437336,-35.4937391662039,-9.581254310649815,30.342712936649804,76.37838360819725,0.0,0.0,0.0
34.1,0.5358268419667274,9.720619925912821,1.7238195642548049,0.34680056109525725,-0.26377534065802827,-0.3078497963419691,0.3474988953749695,9.66140828487478,1.6451943998936778,38.81251922613008,-35.73750442499295,-9.093756866455072,30.34269520090973,76.37838832880283,0.0,0.0,0.0
34.2,0.8019138934735233,9.9701113075635,1.1703908947344177,0.10387749457943868,-0.5934743299662036,-0.09933121427825398,0.20672350704961406,9.70611072924565,1.3852221054058271,40.443739929143355,-35.212487792968766,-10.931238212599432,30.342677465169658,76.37839304940842,0.0,0.0,0.0
34.300000000000004,0.36057829096200417,9.443491052322448,0.7109219258245695,0.44013586686923734,-0.47257624459365943,-0.08487134771192265,0.1339400827647449,9.716532194211105,1.3195464415695415,42.05625976556911,-34.57501174937933,-9.543741149874412,30.342659729429588,76.37839777001399,0.0,0.0,0.0
34.4,-0.4716392037149717,9.681832758847987,-0.6460719037980077,0.1714092801979399,-0.4121243723271736,-0.0818892571798565,0.13201555257235706,9.76539833515695,0.8885712113887548,43.14376815790309,-33.956237945333136,-10.556249198899605,30.342641993689515,76.37840249061956,0.0,0.0,0.0
34.5,0.041114985447970515,10.322981055502247,0.8149944199518899,-0.01740924188041812,-0.12361309594345317,0.03451178367239263,0.05965245491127709,9.787108780010888,0.6158117080232134,43.42499618530274,-33.562502746749665,-11.118754692049693,30.342624257949442,76.37840721122515,0.0,0.0,0.0
34.6,0.5730870192977536,9.657816176150549,1.157354253081084,-0.04597142667423984,-0.3527481778919682,0.26323506484949083,0.050728717012853225,9.797758964807738,0.4141611170189444,42.693741302378484,-33.600003662053496,-12.243762931809748,30.342606522209373,76.37841193183073,0.0,0.0,0.0
34.7,0.5519492675525146,9.35851051755683,0.6030739634211779,0.11884199695856207,-0.08407867113947962,0.23839962365811607,0.2694438370522627,9.789465040486148,0.513807273236458,41.88748428355904,-33.95627090437336,-12.524988212599432,30.3425887864693,76.3784166524363,0.0,0.0,0.0
34.800000000000004,0.29600921633989324,9.003477207056566,1.1372747937647039,-0.046262026972648175,-0.042611995916286526,0.026075793379212918,0.5280472379370822,9.782233790420207,0.44653445801707364,41.23125350968912,-33.22500228881836,-12.67502491001503,30.342571050729227,76.37842137304189,0.0,0.0,0.0
34.9,-0.621315361535163,9.957112987979626,2.2361843585968018,-0.30523870277083853,-0.008405694130003265,-0.13648146460031949,0.6230888834667876,9.778510048936424,0.40357516318871584,41.04373703002931,-32.812512359675004,-13.80001529694999,30.342553314989157,76.37842609364746,0.0,0.0,0.0
35.0,-0.1874607260856206,9.733034137191304,2.750974214820446,-0.310225216162115,0.13898383562788857,0.03550838725616094,0.5166569336700678,9.772618542683317,0.6319605446540288,40.18124191295357,-33.37499038707466,-15.131258621229783,30.342535579249084,76.37843081425304,0.0,0.0,0.0
35.1,-0.15108723778318547,9.152760297336025,2.2839834670296146,-0.0023890079838692745,0.19724660534428098,0.14168790093429137,0.4542499083959209,9.748344813287769,0.9663093892088718,39.33748229974883,-32.39999465942383,-15.412519607529958,30.34251784350901,76.37843553485861,0.0,0.0,0.0
35.2,0.3681974152540204,9.183550932523165,2.122455267801621,0.092688266461821,0.30442895762067956,0.2122144831571756,0.5657766996748095,9.726583819923327,1.1152486345216386,38.26875305175781,-32.249998626764864,-15.35624389648438,30.34250010776894,76.3784402554642,0.0,0.0,0.0
35.300000000000004,0.6598590365933199,10.316176023146866,2.2668114616095503,0.29530145938221714,0.2758709914540519,0.33003030293789387,0.6684546771381883,9.712723024898413,1.1775067249914364,35.568739929143355,-31.931243286049,-13.18125057220459,30.34248237202887,76.37844497606977,0.0,0.0,0.0
35.4,1.1817882482434405,10.690068530202286,1.8999750350540692,-0.33122794386867954,0.04022163335574347,0.054334173687489884,0.9209680248808685,9.705941142056043,1.0567922591870214,34.612519531138226,-31.237506637629117,-13.293739776569428,30.342464636288796,76.37844969667535,0.0,0.0,0.0
35.5,0.06183492737575129,9.786113698712978,2.0676617572674396,0.058269070351782554,-0.14800352812875608,-0.06552700370777065,1.0194866047181534,9.671932526135244,1.2588310022154028,34.87498352061959,-30.375006027193738,-12.243742332444535,30.342446900548726,76.37845441728093,0.0,0.0,0.0
35.6,0.19216363193770036,9.165047502240064,1.0751824239738001,0.572616329857192,-0.5132792767034863,-0.14115856307677666,1.1105858003687203,9.682766823831644,1.0866699793855314,34.36875427234918,-29.981264495849597,-10.124994506849912,30.342429164808653,76.37845913788651,0.0,0.0,0.0
35.7,-0.15702683205595652,9.961488705760605,-1.184489805786302,-0.23559803920572353,0.06769909218410491,0.12175706412037957,0.9418806081831124,9.726411771051477,0.8243262127066844,34.124998626764864,-30.524974060058618,-9.15001018519978,30.34241142906858,76.37846385849208,0.0,0.0,0.0
35.800000000000004,0.010565478914305312,10.688157624060345,0.07669924617243018,-0.08104427016855315,0.35137835367286163,0.07384906640237189,1.007926376871929,9.714121412419027,0.8886673738578745,33.86249618530274,-30.131269607599805,-8.212493705749518,30.34239369332851,76.37846857909767,0.0,0.0,0.0
35.9,0.08826475538902846,10.00066009794477,0.5053257882833663,0.056757748569964905,0.20008884262984666,0.10991393868945962,1.0386610947142378,9.732706081333864,0.604910221119715,33.03751052850856,-30.187508773803707,-7.687525196082399,30.342375957588438,76.37847329970324,0.0,0.0,0.0
36.0,0.5945439357618882,8.853441455558626,1.788608501730217,-0.1826649358238909,0.36212478370256884,0.10312402549257361,1.0558560151349068,9.731084609181627,0.6012820667065935,31.837479553138856,-31.443747634999458,-7.5750208854675085,30.342358221848368,76.37847802030882,0.0,0.0,0.0
36.1,-0.2714406511175652,9.4944220736136,2.0923472834468186,-0.026973829210531142,0.2957563236019591,0.06714031424494936,1.0762736477102233,9.71766685235794,0.7608312569818413,31.3687474060338,-31.96877113333902,-7.387492046342239,30.342340486108295,76.37848274091441,0.0,0.0,0.0
36.2,0.778986008471097,9.54496360456029,3.4918288839427905,-0.4576924740213744,0.30438205520121686,-0.01285902099248356,1.1236817878320569,9.701849773147284,0.8841921946526401,30.281242294283597,-33.76877777082843,-7.893750190734863,30.342322750368222,76.37848746151998,0.0,0.0,0.0
36.300000000000004,0.7692437547443081,9.182182919898557,2.0075940458388866,0.21137884756638378,-0.0621806340290494,0.24300402102460097,1.0417222561669242,9.666790999333385,1.2798750775551022,28.91249488838949,-34.14372695917266,-7.631246261589699,30.342305014628153,76.37849218212556,0.0,0.0,0.0
36.4,-0.12698975416557431,9.65956817024756,1.2787683793456215,0.14712112937705873,0.43019528767573956,-0.050430488934474306,1.2751103728781223,9.636651696602128,1.2958999839874898,27.59999214177952,-33.54373016357424,-6.337483615882245,30.34228727888808,76.37849690273114,0.0,0.0,0.0
36.5,-0.3494725514425011,10.419717330932578,1.2569785103927025,-0.01917814527030069,0.5849050260148945,-0.20030115698771767,1.2434084263092888,9.656418387546521,1.1738357255425185,27.206218185368957,-33.29999481178821,-4.350031967135115,30.342269543148007,76.37850162333672,0.0,0.0,0.0
36.6,0.6326767505965413,9.869156402111283,1.7084484291452295,0.01881398693231162,0.32687453282469175,0.16056441275824615,0.9780351398255068,9.68841389912045,1.1612332570302748,25.21871345508848,-33.76875854469835,-4.687482147244754,30.342251807407937,76.37850634394229,0.0,0.0,0.0
36.7,-0.3751726468180558,9.233038198115253,1.5629390081638783,0.022863487465145136,0.33749145016490434,-0.016396271421790794,0.9635526943205637,9.680598425266579,1.2361093967111918,23.737512130709355,-34.331243438553074,-4.218756866455071,30.342234071667864,76.37851106454788,0.0,0.0,0.0
36.800000000000004,-0.32705450891089405,9.522017570509847,1.7928389249331425,0.11267140605157039,0.550285185684676,-0.05803837783704423,0.9708910605711893,9.674750494225972,1.2755098495772972,21.037515487754703,-35.71875137351453,-3.018752937309907,30.34221633592779,76.37851578515345,0.0,0.0,0.0
36.9,-0.7343595934560839,9.40669095261916,0.9178166969795475,0.3376063094723631,0.29233917022876,0.026217510109541375,0.8033962056906511,9.693547406751275,1.2490169017968866,20.47496879580434,-36.07499938970432,-2.4187390613660793,30.34219860018772,76.37852050575903,0.0,0.0,0.0
37.0,-0.7173581795685525,10.284052690038138,1.1343850111175582,0.08857614155947811,0.4750826646784922,0.09090016978395349,0.7538865392430182,9.718836642661186,1.0706177582296508,19.12501098643987,-37.256239929143355,-2.100020742416361,30.34218086444765,76.37852522636462,0.0,0.0,0.0
37.1,-0.6392705482563836,9.378720720830687,1.838156928674163,-0.26768750960688276,0.3526043319166178,0.042889893283412556,0.7082282571014193,9.726296981150357,1.033402522397176,17.38126411437987,-38.08124618530274,-3.300008430477457,30.342163128707575,76.37852994697019,0.0,0.0,0.0
37.2,-0.6241941032739408,9.294106972000506,0.7829358813753591,0.1495563314736457,0.23997454478449243,0.28637017699520523,0.7027956728322674,9.707416126469395,1.200981366887416,16.0124705505092,-38.64375854469835,-2.812469787604672,30.342145392967506,76.37853466757576,0.0,0.0,0.0
37.300000000000004,-0.36583546848715925,9.465968917723124,1.4114075173964349,-0.06803434031666823,0.5067294923926638,0.16173583264286592,0.8251797476731727,9.691866179313648,1.2477940329842663,13.668728790269254,-39.0,-2.0999822902609773,30.342127657227433,76.37853938818135,0.0,0.0,0.0
37.4,-0.5998242157706167,9.859517347015661,1.3893499907040348,-0.12579741838912523,0.5802611831889346,-0.01573669711468671,0.8965390693902147,9.682302110767441,1.2726496907808242,12.749980354309104,-39.69377563465384,-2.700006914138787,30.34210992148736,76.37854410878693,0.0,0.0,0.0
37.5,-0.10262767282916144,11.259941271534641,1.3572475237106825,-0.06012170667721717,0.35426908648725464,0.17535025716698055,0.8341800971064226,9.673905689776909,1.3747802683717936,10.743753318744709,-40.91250640852376,-3.168755540851265,30.34209218574729,76.3785488293925,0.0,0.0,0.0
37.6,0.31362522292147205,8.509416968389667,3.620324586166035,-0.2952148417258476,0.2809903245372367,0.11762411054175471,0.8677271452805896,9.657607011063682,1.4655853794005254,9.206235084519736,-42.30002365112303,-4.612537269585263,30.342074450007217,76.37855354999809,0.0,0.0,0.0
37.7,-0.13152770216699639,9.696962998832596,1.4304256624041927,0.30290433896258756,0.38531285313259633,0.10113235671386878,0.9613248186902463,9.593630031177726,1.7911119823874437,7.25625312804477,-43.23748107887807,-5.831243324279792,30.342056714267148,76.37855827060366,0.0,0.0,0.0
37.800000000000004,-0.6294644352844941,9.84780791645848,1.069882357220092,-0.3235017294807736,0.7980777727234671,0.008902227918374042,1.0017349335455104,9.525670056307588,2.10423504448408,6.506243515014655,-43.14374618530274,-6.581268043525033,30.342038978527075,76.37856299120924,0.0,0.0,0.0
37.9,0.5150276476332387,10.694456445363057,2.2488639045830943,-0.04124579040368152,0.5395965957851876,0.09614392819260532,0.8861686329391455,9.526907750496576,2.1501082308749027,4.3499907684046875,-43.19999801646918,-7.83751108170253,30.342021242787002,76.37856771181481,0.0,0.0,0.0
38.0,0.16846127375254033,8.528346963009474,2.3376578345908383,-0.22153382440790895,0.26195726888398135,0.023085032169469687,0.7741391108246076,9.528093433436355,2.18780814442817,3.9562474441423574,-43.743737792968766,-9.337514305114732,30.342003507046932,76.3785724324204,0.0,0.0,0.0
38.1,-0.08613857081709608,9.50149425057861,1.8068888122653382,0.1876532789090553,0.20335110831313385,-0.02613517277949525,0.7634005259529559,9.480441933667928,2.3893096367678455,3.131237783428527,-43.44375640852376,-9.487501564039848,30.34198577130686,76.37857715302597,0.0,0.0,0.0
38.2,-0.5263968934618013,9.41490709743278,2.3862490534908556,0.0643084934745368,0.45235184747044566,-0.17413239075239476,0.5950829317359809,9.49779572155116,2.368142664924531,3.112505683902413,-43.349995422363286,-9.881259994534767,30.341968035566786,76.37858187363155,0.0,0.0,0.0
38.300000000000004,-0.3066537224038349,10.158686766700189,3.1151300935298294,0.10010926796173619,0.18946640358714298,-0.11963735184699205,0.4447419867633215,9.543864173002545,2.210687068198619,3.731255540851265,-43.05001403791829,-9.956250190734863,30.341950299826717,76.37858659423713,0.0,0.0,0.0
38.400000000000006,-0.834797826790222,9.363397981732584,2.5694268732116816,0.0746305732741779,0.2027918522186927,-0.003072947722497562,0.208653698500094,9.543384872603536,2.2473609305782394,3.5625057315687196,-43.35000366205351,-11.531240387004717,30.341932564086644,76.37859131484271,0.0,0.0,0.0
38.5,-1.1134427957983593,9.345072471181203,0.8227726874296569,0.2359991112260751,0.22183738718851945,-0.023298246038613947,0.10910092545747536,9.536386165775413,2.2837909708256876,3.4687461185385513,-42.4687458802946,-11.193743515014656,30.341922362068654,76.37859343359686,0.0,0.0,0.0
38.6,-0.026469816818717365,9.000773052833857,2.3907379514212774,0.3578498057739393,0.5171515724838627,0.04304701910075451,-0.06081788679196698,9.57721941441522,2.107818798719507,2.550007057189935,-41.51249801646918,-9.656262359675008,30.34192300126049,76.37859180822333,0.0,0.0,0.0
38.7,0.020283555771718694,9.58823697262337,1.7666789194179893,0.317571767125915,0.16938672630868135,0.0036048517946570702,-0.12327470701521342,9.678850393747725,1.5731919616884575,1.5749780750309805,-40.44374816883356,-10.312513732910142,30.341923640452325,76.3785901828498,0.0,0.0,0.0
38.800000000000004,0.13494160424523247,9.172676903593132,2.2781214940741856,-0.09685137288443019,-0.0884405052141622,-0.10581864775784457,-0.13435418715577194,9.716754101739227,1.3179110775274423,1.2187637329101424,-38.962511138804246,-10.781239013699826,30.341924279644157,76.37858855747629,0.0,0.0,0.0
38.900000000000006,-0.4309968358937717,9.58906171672276,1.2562361375499773,-0.03582513448806265,-0.03920160376091059,-0.14102285788263622,-0.20754952519525768,9.719222586661552,1.2899118496845114,1.837500095367432,-38.54998931884754,-11.643748817429866,30.341924918835993,76.37858693210276,0.0,0.0,0.0
39.0,-0.7711471061013851,10.195941141711144,2.6025922505670476,-0.2717120828405527,-0.12072443243837783,-0.2166964530061059,-0.3017183288534266,9.709669198681052,1.342248024477619,1.8562541675550126,-37.106259002629656,-11.94373802186457,30.341925558027828,76.37858530672924,0.0,0.0,0.0
39.1,-0.3568033112960161,10.133886122496824,2.0332723853541457,-0.12955497724526072,-0.08333825486945381,0.01771348679564757,-0.442953898458298,9.681936727812973,1.4945336637797637,2.5124945545161665,-37.29374389648438,-11.981231536809373,30.341926197219664,76.37858368135572,0.0,0.0,0.0
39.2,-0.3085965127735305,9.530090840545098,1.9867577072373799,-0.06996526798411183,0.2081814066917448,-0.09091136458289663,-0.48884214456566105,9.632211948230108,1.7753483593775867,2.4000138282775745,-37.50000549321994,-11.45624607088976,30.3419268364115,76.37858205598219,0.0,0.0,0.0
39.300000000000004,-0.09026799185194878,9.510662181725671,2.948503281965212,0.002652588290482878,-0.053244204043327345,0.05709763546292258,-0.528272434838795,9.62562398020795,1.7996282713920426,1.4249986982293206,-37.85624252324925,-11.474999008164744,30.341927475603335,76.37858043060866,0.0,0.0,0.0
39.400000000000006,-0.24429554102481937,9.484587175431082,2.590473210171247,0.0637387962648532,0.04540758482895877,0.08702037960840522,-0.4933893055896694,9.640421515489104,1.7289358830839792,2.699990434653508,-37.57500625615944,-11.887496643024459,30.34192811479517,76.37857880523515,0.0,0.0,0.0
39.5,-1.0368883501932242,10.008378557137064,0.8385952098159439,0.25043540377166335,0.060076711053766524,0.098012449352388,-0.4103787515382683,9.636672779636562,1.7710161155687187,2.2874960231711197,-36.73124252324925,-11.418767242389713,30.341928753987002,76.37857717986162,0.0,0.0,0.0
39.6,0.45054530331610465,10.660317108870863,0.8098812158933079,-0.14344195000554594,-0.2800733042334567,0.1856655435212315,-0.31372802078132195,9.65160472471177,1.708343049029069,1.6312445306830397,-36.262514495849594,-12.37498584745919,30.341929393178837,76.3785755544881,0.0,0.0,0.0
39.7,0.25555437356179633,8.962007850166923,0.2789927247977371,-0.1271784809742422,0.03443494927540842,0.20833853994147503,-0.2147418127765881,9.656822866067703,1.6941157119021046,1.2374890851992058,-35.887495269719516,-12.187503700214435,30.341930032370673,76.37857392911458,0.0,0.0,0.0
39.800000000000004,0.4963397663928348,10.2378093146477,1.6876485696737982,0.13274534783374728,0.12175224634574133,0.061962728023632715,0.04958512293598828,9.662510169576901,1.6744627354508388,1.068750023841858,-34.93127212524412,-11.812501373304984,30.34193067156251,76.37857230374105,0.0,0.0,0.0
39.900000000000006,0.3063023929224887,9.841961661454029,1.4528809403963407,-0.030089161973384595,-0.18326283685830888,0.09054603245479503,0.09633724967822868,9.68319459743231,1.5481691433868452,0.41251238346023283,-34.181268005259476,-11.887491149874318,30.341931310754344,76.37857067836754,0.0,0.0,0.0
40.0,-0.09747100681910413,8.83781661831246,2.0174939200673654,-0.2741573921760192,0.041491083728483744,-0.13892480473126867,0.2198276409583557,9.666322346050409,1.6383698859761653,0.3374986326707599,-33.97498443592342,-12.187494087219244,30.34193194994618,76.37856905299401,0.0,0.0,0.0
40.1,0.5841591714576766,9.740315589936648,1.871524952814779,-0.19756129693677524,0.018991906522245833,0.02083007733512455,0.15775853165492437,9.640446515488048,1.7908779747113313,0.6374973010999411,-33.112483825627734,-12.806251945509574,30.341932589138015,76.37856742762048,0.0,0.0,0.0
40.2,0.15217275437872352,10.250186824829049,1.5143417485254669,0.060263999720711704,0.03096631408842168,0.13469106722794114,0.1374176203377897,9.615176177881231,1.9234993765438628,-0.8062775015874373,-31.649986419593926,-12.599972915649444,30.341933228329847,76.37856580224697,0.0,0.0,0.0
40.300000000000004,0.6472331700551128,10.787978339315991,1.9844772513008158,-0.03317789174702508,0.3491173406592305,0.023554167937316767,0.2739762092403793,9.623876486814973,1.8644869691150618,-0.993769261836113,-30.524969940213516,-12.581235084589586,30.341933867521682,76.37856417687344,0.0,0.0,0.0
40.400000000000006,1.7158804384386592,7.990412291985647,2.131381821248177,0.2549522604628913,0.1585646853283993,0.3213805697108443,0.2783417817483212,9.623511982540498,1.8656706541892625,-2.2312459278211105,-28.349977035634016,-11.775015678419862,30.341934506713518,76.37856255149991,0.0,0.0,0.0
40.5,-2.2998321213940307,12.891009841350336,2.5910651222101753,0.24127236919123787,0.28739927800296705,-0.2978328353862767,0.4635022205557553,9.620614030028344,1.8437031943477873,-1.5749876880610951,-26.287516860989836,-10.406251373304984,30.341935145905353,76.3785609261264,0.0,0.0,0.0
40.6,2.259888251505368,8.456172898318016,-1.3273484893201133,-0.5994477672219173,-0.1785164011910423,0.031871993330925594,0.32206575884145777,9.649436351974904,1.7187071397457212,-0.65622528076349,-25.81869956981396,-9.768718605069475,30.34193578509719,76.37855930075287,0.0,0.0,0.0
40.7,-1.9936358044399942,9.681863667944304,0.3299357540766712,-0.1572130382558154,-0.6061406341339394,-0.38663438889057167,-0.0870813031859639,9.6209902832718,1.8969942545781937,2.8312419509748086,-23.756247634859758,-6.993750095367432,30.341936424289024,76.37855767537934,0.0,0.0,0.0
40.800000000000004,0.9762147008147111,17.343434952144335,-0.12995199751470166,-0.1415202276455928,0.22080693225660133,0.0821824336922271,0.12014696913426325,9.714025067364647,1.338841914498007,0.4687211906890588,-24.037509994534766,-6.806245975522328,30.34193706348086,76.37855605000583,0.0,0.0,0.0
40.900000000000006,0.1790646062262524,4.872305821544178,-1.8988426423841676,-1.9014996556321595,-1.2802759446355423,-0.8157113535236808,-0.1313509674568456,9.720441813832558,1.2907640364331627,2.0812721633878124,-27.393758010864317,-8.493760185199873,30.341937702672695,76.3785544246323,0.0,0.0,0.0
41.0,0.9104281603311952,9.255736983273183,-3.4903037726833936,0.6484928794129203,-0.19620672392855126,0.40889184541178236,-0.267006457088461,9.572933575909214,2.1105789550969916,1.087497348783657,-26.54998466488907,-6.374996356957131,30.341938341864527,76.37855279925877,0.0,0.0,0.0
41.1,-0.989922482745329,13.73243880734668,-0.23262772983306132,1.2187357965537218,-0.25323924532177633,0.04413146993182396,-0.11776136730009687,9.696802372265164,1.4588650400170438,0.24374863266966842,-24.281258773803707,-4.5749865531921525,30.341938981056362,76.37855117388526,0.0,0.0,0.0
41.2,1.8956914500922353,13.382559973001644,0.8785020909206571,-0.2594409716763802,0.01572083970078228,0.08043929863292892,0.006521606970714352,9.803955357558932,0.2289686590901132,0.1687390166519546,-25.931258392333973,-5.343754119880027,30.341939620248198,76.37854954851173,0.0,0.0,0.0
41.300000000000004,0.03677950702125115,10.415545202011879,-0.6804550384106549,-0.6658179187259129,-0.10612291884423769,-0.029797834352503008,0.015334287243413767,9.80300337230972,0.26692991753594797,-0.7875192499195497,-28.83750289911404,-7.406287555687558,30.341940259440033,76.3785479231382,0.0,0.0,0.0
41.400000000000006,1.0070885643449345,7.3693926973303645,0.9707577247262172,-0.22350121805438994,0.1163978269474719,-0.021165297413264582,0.18838752333189926,9.770527613818155,0.8195271239941029,-2.062484893802189,-29.17500114440918,-8.287501754774723,30.34194089863187,76.37854629776469,0.0,0.0,0.0
41.5,-0.5186826781972225,9.772223204571807,3.4626228117570643,-0.4970721614747172,0.25716609511392563,-0.3003343965465623,0.08725297044836597,9.75299244329062,1.0207332616543239,-1.1812583351100245,-31.556280364934324,-10.3312817764701,30.341941537823704,76.37854467239116,0.0,0.0,0.0
41.6,0.24346037228511588,12.315100836648416,2.351555005689801,0.19431201813309137,-0.2173375709566579,0.017967085879053137,-0.07823564279752472,9.706337746622099,1.3968491780014598,-0.9000082755097454,-31.912490768544387,-10.931268424959836,30.34194217701554,76.37854304701764,0.0,0.0,0.0
41.7,-0.21314174131319066,10.32978343963623,1.9014028407719907,-0.03475037861096274,-0.017897829870921776,-0.05580660506990459,-0.09998490166701898,9.68901117340856,1.511073736516285,-1.33125419139687,-32.30626525878905,-10.162499008164744,30.34194281620737,76.37854142164412,0.0,0.0,0.0
41.800000000000004,0.15096021531378984,8.720160875385382,1.8941710022915406,-0.08420724299484694,-0.009479315715754572,-0.03840023979555059,-0.0306981897508999,9.699931701984983,1.4424516972353505,-2.0812392043997647,-33.18749038707466,-11.006233901949617,30.341943455399207,76.37853979627059,0.0,0.0,0.0
41.900000000000006,0.24370063974643147,8.234055963877122,1.8769158873132659,0.36666607004550555,0.20179898455818432,0.19745179206191807,-0.1215080272714356,9.681218889326512,1.5586578473518558,-2.30625696182257,-32.568731689452946,-11.006257247924866,30.341944094591042,76.37853817089707,0.0,0.0,0.0
42.0,0.7060480700752848,8.683685036662443,0.05632697403876271,0.6820941316763286,0.05959221114276407,0.3088415291830245,-0.008581145312233574,9.697098729885923,1.4616687710424647,-2.606267900473886,-31.31247993460859,-9.056235465989463,30.341944733782878,76.37853654552354,0.0,0.0,0.0
42.1,0.08528163513071903,10.450007387863284,-1.6016938860983418,0.4790488337126314,0.21693835252107938,0.1470367780549556,0.18751733663761766,9.74881805916827,1.0458440783714735,-3.562508478161172,-29.399990539578727,-7.66872282028201,30.341945372974713,76.37853492015002,0.0,0.0,0.0
42.2,1.5375883308900218,10.35330412153145,1.7784551844867023,-0.2181012249422697,0.06662792212191411,-0.08752833436201701,0.34330283001698386,9.792805508060276,0.3912120765461415,-4.181256961822503,-29.831245651189242,-7.9499989127973105,30.34194601216655,76.3785332947765,0.0,0.0,0.0
42.300000000000004,0.2082470069297604,9.745115608359828,-0.3825366887316524,-0.32336463859641124,-0.0025878068113952546,-0.1018172837914799,0.2872304388685315,9.798788040945945,0.26667385044774644,-4.368758335127487,-31.387510376004492,-9.075002136174586,30.341946651358384,76.37853166940297,0.0,0.0,0.0
42.400000000000006,-0.5633808666380834,8.947813716451973,0.14583853943870873,-0.26307051259173736,-0.521488861626937,-0.23995077717652818,0.26549613152895685,9.77761604081711,0.705706384577547,-2.7937418079410428,-31.987486038263757,-9.33750057220459,30.34194729055022,76.37853004402945,0.0,0.0,0.0
42.5,-0.5668662202928918,9.04528291725329,1.487553004169792,0.1904381933554153,0.10963420570481834,0.06311149722411707,0.10821853849684314,9.7749842486565,0.7798976016922728,-2.587493228912361,-31.425020370539258,-8.306245079054502,30.34194792974205,76.37852841865593,0.0,0.0,0.0
42.6,-0.2440636609512738,10.905412843213188,1.8121428507961206,-0.004475669595686987,0.1675040802736023,0.05407810935845494,0.08285867711228749,9.784358229282297,0.655633861075876,-2.8499973964586416,-31.687490920908765,-9.037493515014656,30.341948568933887,76.3785267932824,0.0,0.0,0.0
42.7,0.25562587505174367,10.462940458026832,-0.08486992999096224,-0.40684287720507917,-0.11311980564066303,-0.06377550455436488,0.06904500454302559,9.779583783285851,0.7247998565940594,-2.6250164795026483,-32.193741302378484,-10.443746261624625,30.341949208125722,76.37852516790888,0.0,0.0,0.0
42.800000000000004,0.46963536909659925,10.434466339552964,1.0962137065058406,-0.10755933215593479,0.2144350917986762,0.06868167500354144,0.06622037413937143,9.755342396075172,0.9996352349331556,-3.8062652015825584,-31.57498016357424,-10.42501529694999,30.341949847317558,76.37852354253536,0.0,0.0,0.0
42.900000000000006,0.7955028535651963,8.526631237584812,0.6570595842278681,-0.3468602895905182,-0.34176781259355543,0.13979900501130382,0.18539577052135892,9.760050137439425,0.9367130548025809,-3.8625015640223985,-31.818755874689717,-11.118776664720144,30.341950486509393,76.37852191716183,0.0,0.0,0.0
43.0,0.06266486025428002,9.636771536879776,1.3697736858748994,0.1679678997983632,0.1279869581514643,-0.011790175826341084,0.2842917711657179,9.721591854615617,1.2570406990984861,-4.949992046342239,-32.41874938970432,-11.456247444194744,30.34195112570123,76.3785202917883,0.0,0.0,0.0
43.1,0.5517322089881773,9.222267716166767,1.9057289789563019,-0.28017536549622746,0.007918290069291099,-0.06782647802224386,0.3434596291248034,9.721586512232976,1.2422416051582224,-5.0625,-32.474985809158554,-12.787486648559586,30.341951764893064,76.37851866641479,0.0,0.0,0.0
43.2,0.7920571225565434,9.170897473189209,3.5851016618143046,-0.13192971897837133,0.27487168812436025,-0.10839518161640188,0.2780980906571858,9.706106374108067,1.3727875479075675,-4.949994792917283,-33.375016479659806,-13.050018043559957,30.341952404084896,76.37851704104126,0.0,0.0,0.0
43.300000000000004,0.06142579128215693,8.655253024961015,0.8852344278978966,-0.12196627878456348,0.027800546621114197,0.11026088666809515,0.18162026472381074,9.69290140783636,1.4781763486484059,-5.062490386969885,-33.78750503528863,-13.94999389648438,30.34195304327673,76.37851541566775,0.0,0.0,0.0
43.400000000000006,-0.9071387139066747,10.861622036866757,2.2071291698920903,-0.13585664645472817,0.42439735714683235,-0.32374095124505753,0.21485800478529135,9.643912890727243,1.7660919640403203,-4.668750286102295,-33.937539825495676,-14.831254310649856,30.341953682468567,76.37851379029422,0.0,0.0,0.0
43.5,0.35158418424469046,10.061927505507763,2.9092588553304446,-0.6242774935825827,-0.1181292231540618,0.14134263894399834,-0.04218550862877094,9.649759539397575,1.7464724538496244,-4.462509708397547,-34.612509918212886,-15.506233902019467,30.341954321660403,76.37851216492069,0.0,0.0,0.0
43.6,-0.25705820371715105,10.751871167865117,0.2503432597757164,0.4352287078573201,0.20764174502612198,0.053294330148020534,-0.11962099691262465,9.55097072376974,2.2214393416996603,-4.293743419647224,-34.3124958802946,-15.243747825594621,30.341954960852238,76.37851053954718,0.0,0.0,0.0
43.7,0.14509544714230105,10.079789957672164,0.7849079691239753,0.5041680117669392,0.039064444731239434,-0.1358293435794995,-0.044198083914247316,9.612198641840024,1.9424565598696293,-4.4999986267299406,-33.787503662053496,-12.637528228759736,30.341955600044074,76.37850891417365,0.0,0.0,0.0
43.800000000000004,0.8791400379011922,7.941952479211499,2.125298343592444,0.5466600109239991,-0.18342615007768873,0.011144316888585908,-0.14391198026587415,9.71577014569319,1.3241349642904297,-4.200007152557366,-32.88748977677898,-12.149968986469354,30.34195623923591,76.37850728880012,0.0,0.0,0.0
43.900000000000006,-0.35661348590842035,8.969297393640582,-0.00811247702481313,0.7857198167546441,0.9174743861651298,0.14675335543532764,-0.21301875405712703,9.751831146542422,1.0131492139873965,-4.893757057190001,-30.95624565118919,-9.993717613233898,30.34195687842774,76.37850566342661,0.0,0.0,0.0
44.0,-0.018693936860592675,9.818729383812473,0.3021404823262621,0.15254525914162714,-0.4163325941947664,-0.26952872377614634,-0.07944193284584213,9.793280429575804,0.5034502849909577,-2.4562419509748086,-31.181230926513688,-7.125016956322344,30.341957517619576,76.37850403805308,0.0,0.0,0.0
44.1,-0.2433656694821032,11.179376902834836,0.23110521306956833,-0.268357562790961,-0.33700369095127536,-0.0816272961074703,-0.27209258614979426,9.802667609667616,-0.06326114030511691,-2.418756914138787,-31.46251388541421,-7.893752937309907,30.341958156811412,76.37850241267955,0.0,0.0,0.0
44.2,-0.8163770323136451,9.78154542458267,-1.1110720623771186,-0.49187322430466945,-0.4845853657711706,-0.010414156657247263,-0.3458128548841191,9.797940567432354,0.22614812370917167,-1.8937638044444471,-31.968767013633613,-8.699995269719517,30.341958796003247,76.37850078730604,0.0,0.0,0.0
44.300000000000004,-1.1492167711257937,9.281313911666938,0.5732812131732266,-0.05161347283049156,-0.2400049553649967,-0.03978820304422419,-0.36207211767590686,9.786756032632528,0.5084754376772472,-1.7250110101769567,-32.0624958802946,-8.756265487684853,30.341959435195083,76.37849916193251,0.0,0.0,0.0
44.400000000000006,0.48471575170887926,8.564980504975708,1.1052218843548471,0.147328764833198,-0.22036973945504423,0.36403606432731095,-0.41227574483849677,9.783630043298954,0.5300489455618452,-2.6625001430511475,-31.199993896484315,-8.024996452324523,30.341960074386918,76.37849753655898,0.0,0.0,0.0
44.5,0.33080815881461056,10.173608039066531,0.5172737862550659,0.40411687370127247,0.3144975470950152,0.38350617262423736,-0.18384410971575638,9.78851830072199,0.5670043302397106,-4.406255493185012,-29.868729553138856,-8.137500762939453,30.341960713578754,76.37849591118547,0.0,0.0,0.0
44.6,1.9956033748598767,11.205991562849865,1.732530134156363,-0.6764381324141743,0.6654718729865288,-0.0065446453598288715,0.1952416909384169,9.797877965811288,0.36559827460133915,-6.056273441342613,-30.281260147038843,-11.550029029860132,30.34196135277059,76.37849428581194,0.0,0.0,0.0
44.7,0.682688717157889,9.92388452955351,-0.803029177047009,-0.24675990917214516,-0.21651850346655108,0.09994889836632824,0.3309640535276786,9.770652180230195,0.771296366300586,-7.7625085258623505,-30.69374900823459,-13.331240577739672,30.34196199196242,76.37849266043841,0.0,0.0,0.0
44.800000000000004,1.0977242500299564,9.947053099066391,0.29988115053504827,-0.04192619226480087,-0.4140048584776157,-0.07760392295046468,0.5711062108968109,9.723655590473939,1.1378638445049756,-6.618754215247459,-31.12502113333902,-13.443758621229783,30.341962631154257,76.3784910350649,0.0,0.0,0.0
44.900000000000006,0.31141509956374663,8.997713099930843,1.2432451414108026,0.05574832833448791,-0.4049728030442127,-0.2125893858878912,0.5819697543461391,9.733331064532061,1.0458214214222656,-4.649986362457156,-31.275001525878903,-13.837508811964724,30.341963270346092,76.37848940969137,0.0,0.0,0.0
45.0,-0.6514875706094545,9.675925944948178,2.606287928337762,0.14126567014974054,0.13314004882976027,-0.4282542553559652,0.4771704533033255,9.734208680309859,1.0898021576735608,-3.3937515640223856,-32.231264495849594,-13.106257629394523,30.341963909537927,76.37848778431785,0.0,0.0,0.0
45.1,0.016414563880944248,9.915211507772778,1.8801616880531846,0.2039719024325668,-0.2981782210500924,-0.2691925347151138,0.06572139147356383,9.747372225737116,1.0744522434193176,-2.306226749418444,-33.45000762939453,-12.206258430494918,30.341964548729763,76.37848615894433,0.0,0.0,0.0
45.2,0.7075133012365606,9.91698396030771,0.938951908660667,0.21174761522481397,0.1901484120840744,0.25255718690847845,-0.2034566212937265,9.748227170406217,1.0490652874078559,-2.4375,-32.23123977677898,-11.212482719379496,30.3419651879216,76.3784845335708,0.0,0.0,0.0
45.300000000000004,0.4900726043990543,10.326626188312135,0.9490627373062632,-0.050373967273543666,-0.05391224971606686,0.10067027235302686,-0.026347274216754132,9.770756295514401,0.8376615674809504,-3.318728170398412,-32.13751586908473,-11.13749389648438,30.341965827113434,76.37848290819728,0.0,0.0,0.0
45.400000000000006,-0.46957812279096695,8.816962542756476,-2.2083121130800367,0.23137349212084052,-0.6949471619290082,0.04467132010717899,0.1467568008844323,9.777112484669356,0.7462674566908157,-3.975011129368891,-30.581255264254324,-9.037463302584044,30.341966466305266,76.37848128282376,0.0,0.0,0.0
45.5,-0.9202197974227598,11.393698849146993,-0.036009289204572845,0.3882045682629481,-0.1983970533670555,-0.21994786812955752,0.21515584591067496,9.790700012782835,0.5157895932829195,-3.6187555885349814,-30.412519607599805,-8.193755874619814,30.3419671054971,76.37847965745023,0.0,0.0,0.0
45.6,1.0159533547744963,9.551858548675435,1.9635722941151827,-0.5521043586830565,-0.03348178737552496,-0.09125591723972816,0.05129295849916303,9.806384873011792,-0.049847989931479465,-2.812491760257407,-31.7625186158344,-9.543761749239625,30.341972195775778,76.378479922874,0.10318432930581838,0.33311930502077464,3.5073621147137533
45.7,-0.6024566547615077,8.465459625877154,2.1831103313947984,0.34968193887541515,0.06924945081942223,-0.05128702804224729,-0.10155861080680018,9.7979649325904,0.3987127050408657,-3.337493228912361,-31.80000801086425,-9.20623645782472,30.341992498519133,76.37848665046941,0.5590213974441897,1.8047393500657283,19.001824055075105
45.800000000000004,0.041008717104425677,9.291065181109412,3.5645283104857017,0.24595486060786498,0.03404493952360499,-0.19589820957818987,0.01778098352076434,9.793946521304397,0.49863748360571697,-3.01872959136965,-31.893766250694156,-8.756250381469727,30.342012801262488,76.37849337806483,1.014858465582561,3.2763593951106817,34.49628599543646
45.900000000000006,-0.4324712568688728,9.451311820678486,2.5815502632995115,-0.4009533657058345,0.13142960771698387,-0.04812472583692117,-0.18593475171513676,9.792821921716449,0.4862185675169373,-3.5062583827938205,-33.281244507059405,-9.656252746609995,30.342033104005843,76.37850010566024,1.4706955337209322,4.7479794401556354,49.990747935797806
46.0,-0.6129156351089478,11.512366541878025,2.23865125918726,-0.15294310498621672,0.09307958606865205,0.08601314527363804,-0.2309111387662168,9.765167913768652,0.8709483564093289,-3.4125152492488118,-32.02501388555391,-9.881255874619816,30.342053406749198,76.37850683325564,1.9265326018592712,6.219599485200484,65.48520987615805
46.1,1.1047860735518868,9.497038004392472,0.9959580344838186,-0.19682574079080853,-0.08322720985253147,0.10294561771383516,-0.17354488111258026,9.75644213938548,0.9757572181230342,-3.84377083776633,-32.193753662053496,-10.181256065354678,30.342073709492556,76.37851356085106,2.3823696699976424,7.691219530245438,80.97967181651941
46.2,1.5031066808538514,7.798828393841781,2.4992847975031727,0.8801372245698278,-0.07001251235522549,0.2787447360358608,-0.0776542857489773,9.750604094561142,1.0439934839304161,-4.462486362457289,-31.049973678588895,-8.887498016329484,30.34209401223591,76.37852028844647,2.8382067381360137,9.162839575290391,96.47413375688076
46.300000000000004,0.4000924497204424,9.152098686233167,-0.49726785182256233,0.24063702652046612,0.4368936654590166,-0.027065712705151047,0.26783691034799556,9.781854041829037,0.6433827237710086,-4.950003032677339,-29.924997024564078,-9.05625057220459,30.342114314979266,76.37852701604187,3.294043806274385,10.634459620335345,111.96859569724211
46.400000000000006,-0.4495061878325633,10.311803736188818,1.3862517334286426,0.015120697424078303,0.5347938072528562,-0.20271496471743447,0.3494779928349768,9.771420664269842,0.7528089414215825,-5.118758335127567,-30.35627548215001,-9.168775482150007,30.34213461772262,76.37853374363729,3.7498808744127565,12.106079665380298,127.46305763760347
46.5,0.15679780229417958,11.34147220547765,3.244316207736852,-0.22292851300812824,0.2792174567223653,-0.021430312780327483,0.22418959459372517,9.794758638456836,0.4273704454813164,-5.4374890136998255,-29.606264495849597,-11.006236648559586,30.342154920465976,76.3785404712327,4.205717942551095,13.577699710425147,142.95751957796372
46.6,0.21399426504803612,8.011661657120902,1.9932659555873555,-0.2086292458102662,-0.17288667712333688,0.17639453240000041,0.08382896326959023,9.781020811737175,0.7034172318810937,-5.7937612724373935,-31.12503898609426,-10.724982528714483,30.342162009650842,76.37854938904653,4.541253428789575,14.944078377243898,155.46866289763685
46.7,0.6792276997623848,7.902316709506907,2.679845466384598,0.4516776631853891,0.5124985029045317,-0.04810638912383099,0.213218252847234,9.757086386171455,0.961302093961983,-5.66250312804477,-29.887489776639278,-10.01251312254461,30.342123002407153,76.37856594759143,4.457108381665185,15.94331509091218,157.57228929069387
46.800000000000004,0.12861072451266534,9.178860575450535,2.0994402384361717,0.020124278093625318,-0.3157920541113877,-0.07909039789557779,0.19966719368528454,9.785530249824467,0.611449041077671,-5.381251754739786,-30.300013504084188,-9.000005493219936,30.342083995163463,76.37858250613631,4.3729633345407946,16.94255180458046,159.67591568375087
46.900000000000006,0.4961563062132385,9.798856452023193,2.6020750716467633,-0.011384421201700808,-0.11123921750145191,0.009536711916878588,0.15790524440539033,9.784026788371914,0.6467427778461929,-4.406240386969792,-30.90001525878918,-9.074974670354049,30.342044987919778,76.37859906468121,4.2888182874164045,17.941788518248746,161.7795420768079
47.0,-0.14745547713688067,10.270711163672448,2.1570284249920193,-0.015134636312387664,0.07074807498985902,-0.07602255460923789,0.14842719901420098,9.781219176558169,0.6899931849156262,-4.931245975487404,-30.656249160738668,-8.943740768404687,30.34200598067609,76.3786156232261,4.204673240292021,18.941025231916957,163.88316846986476
47.1,0.03211305043414826,9.096212571718505,-0.7104001760419169,0.29173695597476945,-0.10859437966856608,0.21471406045906288,0.14112157505371098,9.77907233140634,0.7212220279220863,-5.4375109863350986,-30.187501907348636,-7.762485179887168,30.3419669734324,76.378632181771,4.1205281931676305,19.940261945585238,165.98679486292178
47.2,0.33412173176593707,10.161508570185303,0.43802880477321504,-0.09718186429886806,0.47714817838206447,0.012900705731310516,0.21827509559999067,9.789652330097576,0.5337198711178152,-5.981254405982322,-29.84998939516955,-7.837522068072554,30.34192796618871,76.37864874031588,4.0363831460432404,20.93949865925352,168.09042125597878
47.300000000000004,0.3242630720881887,7.7402540822853245,0.4144764495644764,-0.18326835118023943,-0.22641470985276385,0.3416061709486902,0.24949292641358484,9.79916735566799,0.2904491239990321,-7.12498949050206,-29.737518997164425,-7.5750085258623505,30.341888958945024,76.37866529886078,3.9522380989188504,21.938735372921805,170.1940476490358
47.400000000000006,0.9164458991276915,9.745313436678142,-0.6984313094968722,-0.2486431828927294,0.2450696097078679,0.23786639307557408,0.47701901149108206,9.784085842854266,0.46289944880719885,-8.043775482150009,-29.75624351501459,-9.468763732910276,30.341849951701334,76.37868185740567,3.8680930517944603,22.937972086590086,172.2976740420928
47.5,1.56181046250268,7.579849097554547,2.6169958864170533,-0.24606481878184755,0.31575899187380374,-0.05338316054359282,0.6381307843246784,9.755473508338824,0.7705704786749785,-9.206247444194744,-30.168748016329484,-8.96250057220459,30.341810944457645,76.37869841595057,3.7839480046700764,23.937208800258297,174.4013004351497
47.6,-0.07695184540841593,7.472825357022683,0.321988264810298,0.14571699408584238,0.10064058564104042,-0.21718990726984577,0.7269638968686158,9.755312320603418,0.6897072520571739,-8.662501754774711,-30.13125175484456,-8.981242523179398,30.3417813,76.378711,3.7200000286102295,24.69660186767578,176.0
47.7,-0.23110438784459622,10.147608800200787,0.9753313041232614,-0.392493107894728,0.1505693690235048,-0.34519703805952945,0.5858669488230052,9.752806071622649,0.8425372472454181,-7.72500312804477,-31.181274871854086,-9.731249389634467,30.3417813,76.378711,3.7200000286102295,24.69660186767578,176.0
47.800000000000004,0.6926168807133576,10.553722252120206,2.998305577697104,-0.03637981688939865,-0.06000340178893103,0.1357268166866341,0.2813605988683307,9.761024689628686,0.9018653819856669,-8.193758621229781,-31.743755645724004,-10.181273918109923,30.3417813,76.378711,3.7200000286102295,24.69660186767578,176.0
47.900000000000006,0.4517262898899505,9.060012010049144,0.508498919319431,-0.6175935156153048,-0.04335652263039144,0.2873295391887666,0.2744174519245858,9.741550082296763,1.0941342650955483,-8.831248817429866,-32.68124465942377,-12.03748252871431,30.3417813,76.378711,3.7200000286102295,24.69660186767578,176.0
48.0,0.2424410408811143,8.914386978390224,-0.438550747753936,0.45457830946791505,-0.10547826547313593,0.05730987040952423,0.4491986722582197,9.650115179429228,1.6863452897441917,-9.600003128079697,-31.199995269859215,-10.500008239760055,30.3417813,76.378711,3.7200000286102295,24.69660186767578,176.0
48.1,0.4792135913051171,11.335580283546957,0.6919829725471909,0.20836973244486792,0.1687156636925998,-0.1045475770594228,0.5550459845966428,9.712573277388845,1.236156558224892,-10.312497253459881,-30.956240158109004,-10.162525100680044,30.3417813,76.378711,3.7200000286102295,24.69660186767578,176.0
