time,seconds_elapsed,z,y,x
1789729829511848200,0.19984814453125,0,0,0
1789729829521784600,0.20978466796875,0.018035411834716797,0.019609928131103516,0.0430372953414917
1789729829531721000,0.219720947265625,0.04892587661743164,0.06458187103271484,0.03868412971496582
1789729829541657900,0.229657958984375,0.032067298889160156,0.1488051414489746,-0.027240633964538574
1789729829551599900,0.239599853515625,-0.03968954086303711,0.16777896881103516,-0.08576011657714844
1789729829561546000,0.2495458984375,-0.10417604446411133,0.07436895370483398,-0.020628690719604492
1789729829571492000,0.2594921875,-0.05867576599121094,-0.00830984115600586,0.03676104545593262
1789729829581444000,0.269444091796875,-0.006102561950683594,0.01845264434814453,0.008217453956604004
1789729829591396400,0.279396240234375,-0.06462955474853516,0.10095691680908203,-0.02985382080078125
1789729829601357300,0.289357421875,-0.16526031494140625,0.13318395614624023,-0.00887298583984375
1789729829611318000,0.299318115234375,-0.21196413040161133,0.13892602920532227,0.010686516761779785
1789729829621279000,0.309279052734375,-0.18863868713378906,0.1646432876586914,-0.0042362213134765625
1789729829631241000,0.319240966796875,-0.18887042999267578,0.15609073638916016,-0.03282511234283447
1789729829641222000,0.329221923828125,-0.17531633377075195,0.11998510360717773,-0.069862961769104
1789729829651203600,0.33920361328125,-0.07578611373901367,0.10129880905151367,-0.11539888381958008
1789729829661200400,0.349200439453125,-0.01419830322265625,0.08386468887329102,-0.1476883888244629
1789729829671215000,0.359215087890625,-0.03622913360595703,0.008098602294921875,-0.15150177478790283
1789729829681234400,0.369234375,-0.0331268310546875,-0.055350303649902344,-0.16608905792236328
1789729829691275300,0.379275146484375,0.02102947235107422,-0.09385538101196289,-0.1866588592529297
1789729829701316600,0.389316650390625,0.09168291091918945,-0.0855555534362793,-0.20468437671661377
1789729829711364000,0.399364013671875,0.2014460563659668,-0.060277462005615234,-0.19263815879821777
1789729829721411600,0.40941162109375,0.2717409133911133,-0.04671144485473633,-0.17368638515472412
1789729829731217000,0.419216796875,0.30017852783203125,-0.06291770935058594,-0.16126585006713867
1789729829741031200,0.42903125,0.3437986373901367,-0.08506584167480469,-0.19534075260162354
1789729829750850600,0.4388505859375,0.3279085159301758,-0.09434747695922852,-0.2262629270553589
1789729829760673300,0.44867333984375,0.2260117530822754,-0.08119630813598633,-0.2627142071723938
1789729829770498800,0.458498779296875,0.09996604919433594,-0.026922225952148438,-0.31441551446914673
1789729829780326700,0.46832666015625,0.009695053100585938,0.02169942855834961,-0.3678991198539734
1789729829790179800,0.478179931640625,-0.03248405456542969,0.00052642822265625,-0.35515058040618896
1789729829800033500,0.488033447265625,-0.06494617462158203,-0.037383079528808594,-0.30278611183166504
1789729829809888300,0.49788818359375,-0.036459922790527344,-0.03643035888671875,-0.2960391640663147
1789729829819759000,0.507759033203125,0.042685508728027344,-0.01706695556640625,-0.3110485076904297
1789729829829630200,0.517630126953125,0.13037919998168945,-0.045836448669433594,-0.2870113253593445
1789729829839504000,0.52750390625,0.19017267227172852,-0.05713033676147461,-0.2804262042045593
1789729829849380600,0.537380615234375,0.19521617889404297,-0.07961368560791016,-0.2718042731285095
1789729829859265000,0.54726513671875,0.1793208122253418,-0.09413337707519531,-0.2654784321784973
1789729829869149700,0.557149658203125,0.15193891525268555,-0.05402231216430664,-0.27000564336776733
1789729829879036000,0.567035888671875,0.06570863723754883,-0.0018854141235351562,-0.2606079578399658
1789729829888926500,0.576926513671875,-0.03267097473144531,-0.006739616394042969,-0.19536757469177246
1789729829898816800,0.586816650390625,-0.12111711502075195,-0.047183990478515625,-0.1220541000366211
1789729829908710100,0.596710205078125,-0.15864038467407227,-0.028255939483642578,-0.11094468832015991
1789729829926678800,0.6146787109375,0.02834033966064453,0.06001138687133789,-0.061214327812194824
1789729829936615000,0.624614990234375,0.18335914611816406,0.008842945098876953,0.025996387004852295
1789729829946552000,0.634552001953125,0.29157304763793945,-0.004879951477050781,0.0730714201927185
1789729829956488200,0.64448828125,0.31964969635009766,-0.01073455810546875,0.07614737749099731
1789729829966421000,0.6544208984375,0.31173133850097656,0.00742340087890625,0.06823146343231201
1789729829976354800,0.664354736328125,0.3106403350830078,0.030457496643066406,0.06607741117477417
1789729829986289400,0.674289306640625,0.3536343574523926,0.04904317855834961,0.06954687833786011
1789729829996225500,0.6842255859375,0.3273167610168457,-0.007311820983886719,0.13762319087982178
1789729830006163000,0.694162841796875,0.26070213317871094,-0.05701160430908203,0.15511304140090942
1789729830016101600,0.7041015625,0.17969083786010742,-0.029117107391357422,0.1112019419670105
1789729830026040800,0.714040771484375,0.06701803207397461,-0.0320892333984375,0.055176377296447754
1789729830035980300,0.723980224609375,-0.03986644744873047,-0.10456657409667969,0.035398125648498535
1789729830045915400,0.733915283203125,-0.08530664443969727,-0.12479782104492188,0.001423180103302002
1789729830055850800,0.743850830078125,-0.10798501968383789,-0.10788393020629883,0.0024515390396118164
1789729830065786000,0.7537861328125,-0.0088958740234375,-0.038518428802490234,0.012020885944366455
1789729830075722200,0.76372216796875,0.18565893173217773,0.05026435852050781,0.05911833047866821
1789729830085658400,0.773658447265625,0.26662254333496094,0.022085189819335938,0.14845770597457886
1789729830095595300,0.78359521484375,0.26724910736083984,-0.020458698272705078,0.22778308391571045
1789729830105532700,0.79353271484375,0.22640180587768555,0.04788780212402344,0.2566445469856262
1789729830115470800,0.803470947265625,0.12270927429199219,0.1200861930847168,0.26168859004974365
1789729830125407700,0.81340771484375,0.041098594665527344,0.1804523468017578,0.2596051096916199
1789729830137844000,0.825843994140625,0.04123258590698242,0.32041311264038086,0.25093138217926025
1789729830147780600,0.835780517578125,0.09241771697998047,0.30298757553100586,0.26665544509887695
1789729830157717000,0.845717041015625,0.17255830764770508,0.35053586959838867,0.26429903507232666
1789729830167653400,0.8556533203125,0.32936716079711914,0.362185001373291,0.24862980842590332
1789729830177589800,0.86558984375,0.5775141716003418,0.31827497482299805,0.2381734848022461
1789729830187529200,0.875529296875,0.7814288139343262,0.22706890106201172,0.2472345232963562
1789729830197468700,0.88546875,0.8159275054931641,0.1496119499206543,0.26220738887786865
1789729830207426300,0.89542626953125,0.659421443939209,0.10075044631958008,0.24985355138778687
1789729830217387000,0.905386962890625,0.43529319763183594,0.11510848999023438,0.2338085174560547
1789729830227373300,0.915373291015625,0.26042890548706055,0.1510753631591797,0.19952142238616943
1789729830237363200,0.92536328125,0.16030359268188477,0.1533827781677246,0.15702122449874878
1789729830247355400,0.93535546875,0.1656355857849121,0.12804031372070312,0.12140852212905884
1789729830257350400,0.945350341796875,0.24674463272094727,0.14111661911010742,0.046453893184661865
1789729830267347000,0.955346923828125,0.36551427841186523,0.13960742950439453,-0.0018120408058166504
1789729830277343500,0.965343505859375,0.3951249122619629,0.005351066589355469,0.06497704982757568
1789729830287340000,0.975340087890625,0.3505244255065918,-0.10830402374267578,0.14790302515029907
1789729830297353500,0.985353515625,0.21719980239868164,-0.0969686508178711,0.172654390335083
1789729830309339000,0.9973388671875,-0.16311120986938477,0.028428077697753906,0.06759506464004517
1789729830319149800,1.00714990234375,-0.23086977005004883,0.06719017028808594,0.03489631414413452
1789729830328973000,1.01697314453125,-0.17673492431640625,0.065521240234375,0.03232020139694214
1789729830338825500,1.026825439453125,-0.010027885437011719,-0.008088111877441406,0.035777270793914795
1789729830348701200,1.036701171875,0.20955562591552734,-0.1146688461303711,-0.016956686973571777
1789729830358603500,1.046603515625,0.3908658027648926,-0.20200157165527344,-0.14946894347667694
1789729830368535600,1.05653564453125,0.5087680816650391,-0.26479339599609375,-0.28680330514907837
1789729830378516500,1.0665166015625,0.4976162910461426,-0.3460350036621094,-0.33017927408218384
1789729830388529200,1.076529052734375,0.4049191474914551,-0.4197092056274414,-0.3497317433357239
1789729830398559700,1.086559814453125,0.31510257720947266,-0.4705324172973633,-0.38348013162612915
1789729830408596200,1.09659619140625,0.2221055030822754,-0.47425079345703125,-0.38294607400894165
1789729830418532900,1.106532958984375,0.13788604736328125,-0.4584226608276367,-0.3678719997406006
1789729830428469200,1.11646923828125,0.12139081954956055,-0.408935546875,-0.34326857328414917
1789729830438405600,1.126405517578125,0.11318683624267578,-0.24825096130371094,-0.362360417842865
1789729830448342000,1.136342041015625,0.058449745178222656,-0.08165264129638672,-0.35633373260498047
1789729830458278400,1.1462783203125,-0.007803916931152344,-0.012909889221191406,-0.30051344633102417
1789729830468214800,1.15621484375,-0.04561662673950195,0.05403709411621094,-0.26835477352142334
1789729830478151400,1.1661513671875,0.029838085174560547,0.11692333221435547,-0.256195068359375
1789729830488087800,1.176087890625,0.1783428192138672,0.06606864929199219,-0.25676432251930237
1789729830498024700,1.186024658203125,0.27528810501098633,-0.022400856018066406,-0.2430511713027954
1789729830507960300,1.195960205078125,0.23370075225830078,-0.10313796997070312,-0.2624847888946533
1789729830517896700,1.205896728515625,0.15140724182128906,-0.1829366683959961,-0.2682883143424988
1789729830527833600,1.21583349609375,0.008678436279296875,-0.21856117248535156,-0.21997320652008057
1789729830537770000,1.22577001953125,-0.1623058319091797,-0.19785594940185547,-0.19312576949596405
1789729830547706600,1.23570654296875,-0.2776916027069092,-0.13721942901611328,-0.20229920744895935
1789729830557643000,1.24564306640625,-0.23536348342895508,-0.10620498657226562,-0.25049903988838196
1789729830567579400,1.255579345703125,-0.20188021659851074,-0.15964412689208984,-0.29343265295028687
1789729830577515800,1.265515869140625,-0.23070001602172852,-0.22841453552246094,-0.36892247200012207
1789729830587452200,1.2754521484375,-0.29513001441955566,-0.25546836853027344,-0.4559169113636017
1789729830597388800,1.285388916015625,-0.37117791175842285,-0.2578239440917969,-0.49369367957115173
1789729830607325200,1.2953251953125,-0.5234315395355225,-0.29961395263671875,-0.45954856276512146
1789729830617261600,1.305261474609375,-0.6909949779510498,-0.33722877502441406,-0.4890555739402771
1789729830627198000,1.315197998046875,-0.7889792919158936,-0.29691219329833984,-0.5481193661689758
1789729830637134300,1.32513427734375,-0.8540835380554199,-0.30272960662841797,-0.5583595037460327
1789729830647070700,1.33507080078125,-0.8782446384429932,-0.3800668716430664,-0.48842117190361023
1789729830657006800,1.3450068359375,-0.8523530960083008,-0.43813419342041016,-0.4587911367416382
1789729830666943200,1.354943115234375,-0.8001871109008789,-0.4796915054321289,-0.49933260679244995
1789729830676879600,1.364879638671875,-0.733302116394043,-0.5217733383178711,-0.5317028760910034
1789729830686816000,1.37481591796875,-0.7153642177581787,-0.562251091003418,-0.5057133436203003
1789729830696752400,1.38475244140625,-0.7411906719207764,-0.5892963409423828,-0.46563583612442017
1789729830706689300,1.394689208984375,-0.7659142017364502,-0.6479949951171875,-0.44353216886520386
1789729830716626200,1.404626220703125,-0.7403757572174072,-0.6927900314331055,-0.43411290645599365
1789729830726562600,1.4145625,-0.724346399307251,-0.7096138000488281,-0.41105327010154724
1789729830736499000,1.4244990234375,-0.7610657215118408,-0.7152214050292969,-0.35328951478004456
1789729830746435300,1.434435302734375,-0.8053586483001709,-0.6882410049438477,-0.2964898347854614
1789729830756371700,1.444371826171875,-0.814133882522583,-0.6528120040893555,-0.28842592239379883
1789729830766308000,1.45430810546875,-0.8085336685180664,-0.6424579620361328,-0.2604544162750244
1789729830776244500,1.464244384765625,-0.7430217266082764,-0.6357517242431641,-0.25133511424064636
1789729830786180900,1.474180908203125,-0.5975985527038574,-0.6093244552612305,-0.21858850121498108
1789729830796117200,1.4841171875,-0.4971494674682617,-0.5543136596679688,-0.17693114280700684
1789729830806053400,1.494053466796875,-0.45979833602905273,-0.504364013671875,-0.12653839588165283
1789729830815989800,1.50398974609375,-0.3974120616912842,-0.42130279541015625,-0.09847897291183472
1789729830825926100,1.513926025390625,-0.28069138526916504,-0.30564403533935547,-0.05696114897727966
1789729830835862500,1.523862548828125,-0.24741888046264648,-0.22908687591552734,0.036774296313524246
1789729830845799000,1.533798828125,-0.2623481750488281,-0.22193622589111328,0.11020991206169128
1789729830855735300,1.5437353515625,-0.2713770866394043,-0.17165088653564453,0.11672108620405197
1789729830865671700,1.553671630859375,-0.2848498821258545,-0.11398124694824219,0.10935454070568085
1789729830875608000,1.563608154296875,-0.30446600914001465,-0.09602928161621094,0.0883958712220192
1789729830885544400,1.57354443359375,-0.22409892082214355,-0.09343719482421875,0.08268550038337708
1789729830895481000,1.583481201171875,-0.051178932189941406,-0.1490020751953125,0.12776203453540802
1789729830905417500,1.59341748046875,0.11799168586730957,-0.23428821563720703,0.13290002942085266
1789729830915353900,1.603353759765625,0.24264144897460938,-0.26879405975341797,0.09305083006620407
1789729830925290200,1.613290283203125,0.32999110221862793,-0.2463846206665039,0.02132987231016159
1789729830935227000,1.623226806640625,0.32931041717529297,-0.25827598571777344,-0.043009817600250244
1789729830945163300,1.633163330078125,0.2682011127471924,-0.23552799224853516,-0.05590716749429703
1789729830955099600,1.643099609375,0.14936184883117676,-0.17600536346435547,-0.023082293570041656
1789729830965036300,1.653036376953125,0.02001500129699707,-0.0821237564086914,0.02882368117570877
1789729830974972700,1.66297265625,-0.03977203369140625,0.027129173278808594,0.02438267320394516
1789729830984909000,1.672908935546875,-0.019079923629760742,0.11612987518310547,0.0144696906208992
1789729830994845400,1.682845458984375,0.01018977165222168,0.11600780487060547,0.058869704604148865
1789729831004782800,1.692782958984375,-0.040929317474365234,0.07045364379882812,0.08586492389440536
1789729831014719500,1.702719482421875,-0.08399152755737305,0.05564689636230469,0.016576990485191345
1789729831024656000,1.71265576171875,-0.07979249954223633,0.08127784729003906,-0.06993037462234497
1789729831034592300,1.72259228515625,-0.055120229721069336,0.03126239776611328,-0.05425746738910675
1789729831044528600,1.732528564453125,-0.05251169204711914,-0.036658287048339844,-0.0010226070880889893
1789729831054465000,1.742465087890625,-0.017334938049316406,-0.009136199951171875,0.0095929354429245
1789729831064401400,1.7524013671875,0.006035804748535156,0.050708770751953125,-0.014485269784927368
1789729831074337800,1.762337890625,0.008756160736083984,0.07625961303710938,-0.03299547731876373
1789729831084274200,1.772274169921875,0.04326438903808594,0.1009817123413086,-0.06268250942230225
1789729831094210600,1.78221044921875,0.09287548065185547,0.12950420379638672,-0.07493974268436432
1789729831104146700,1.792146728515625,0.15067672729492188,0.12866878509521484,-0.03904866427183151
1789729831114083000,1.8020830078125,0.20709490776062012,0.0966329574584961,0.06183096021413803
1789729831124019500,1.81201953125,0.22205162048339844,0.11168670654296875,0.1384638398885727
1789729831133955800,1.821955810546875,0.17412495613098145,0.1309375762939453,0.19030055403709412
1789729831143892200,1.831892333984375,0.13071036338806152,0.17141437530517578,0.2063596248626709
1789729831153828600,1.84182861328125,0.14272284507751465,0.12936878204345703,0.2113446295261383
1789729831163765000,1.851764892578125,0.15251636505126953,0.0109405517578125,0.18692418932914734
1789729831173701400,1.861701416015625,0.1576688289642334,-0.11662101745605469,0.12570032477378845
1789729831183638000,1.871637939453125,0.1822490692138672,-0.1708545684814453,0.04124835506081581
1789729831193574400,1.881574462890625,0.17749595642089844,-0.19806385040283203,-0.010602287948131561
1789729831203510800,1.8915107421875,0.1465928554534912,-0.2317829132080078,-0.042792074382305145
1789729831213447400,1.901447509765625,0.12637615203857422,-0.23219680786132812,-0.06812053918838501
1789729831223383800,1.9113837890625,0.07298469543457031,-0.1978435516357422,-0.07733593881130219
1789729831233320200,1.9213203125,-0.029337644577026367,-0.1670513153076172,-0.05225057899951935
1789729831243256800,1.9312568359375,-0.11899304389953613,-0.12077140808105469,-0.04489772021770477
1789729831253193200,1.941193115234375,-0.17293524742126465,-0.04738330841064453,-0.05948680639266968
1789729831263129600,1.951129638671875,-0.23237919807434082,0.008086204528808594,-0.059965476393699646
1789729831273066000,1.96106591796875,-0.2536463737487793,0.04865837097167969,-0.07723907381296158
1789729831283002600,1.971002685546875,-0.24001169204711914,0.07938003540039062,-0.09181826561689377
1789729831292939000,1.98093896484375,-0.251476526260376,0.11942672729492188,-0.0658629834651947
1789729831302875400,1.99087548828125,-0.27889323234558105,0.13117027282714844,-0.04141593724489212
1789729831312812000,2.00081201171875,-0.22360801696777344,0.14116191864013672,-0.06063993275165558
1789729831322748400,2.01074853515625,-0.1337110996246338,0.10455036163330078,-0.052495792508125305
1789729831332684800,2.020684814453125,-0.07999682426452637,0.040821075439453125,-0.010452352464199066
1789729831342621200,2.03062109375,-0.08062314987182617,0.014006614685058594,0.0015042871236801147
1789729831352557800,2.040557861328125,-0.05211043357849121,0.021099090576171875,-0.009402483701705933
1789729831362494200,2.050494140625,-0.02766728401184082,-0.02334117889404297,0.0017864108085632324
1789729831372430600,2.0604306640625,0.009386539459228516,-0.1349782943725586,-0.0077930837869644165
1789729831382367200,2.0703671875,0.05488753318786621,-0.22576904296875,-0.04747769236564636
1789729831392303600,2.0803037109375,0.10698485374450684,-0.26094627380371094,-0.09906262159347534
1789729831402240000,2.090239990234375,0.1544651985168457,-0.3146829605102539,-0.12531961500644684
1789729831412176400,2.10017626953125,0.19528722763061523,-0.36556053161621094,-0.13170677423477173
1789729831422113000,2.110113037109375,0.23746466636657715,-0.37857532501220703,-0.15681153535842896
1789729831432049400,2.12004931640625,0.23215818405151367,-0.3710765838623047,-0.15370233356952667
1789729831441985800,2.12998583984375,0.16420245170593262,-0.34829235076904297,-0.17221197485923767
1789729831451922400,2.13992236328125,0.07942819595336914,-0.2657461166381836,-0.1769912987947464
1789729831461858800,2.14985888671875,-0.019835710525512695,-0.15731048583984375,-0.1755712479352951
1789729831471795200,2.159795166015625,-0.10082364082336426,-0.060939788818359375,-0.16511951386928558
1789729831481731600,2.169731689453125,-0.16020536422729492,0.0074462890625,-0.12653377652168274
1789729831491668200,2.179668212890625,-0.20913195610046387,0.0652608871459961,-0.054935649037361145
1789729831501604600,2.1896044921875,-0.24397730827331543,0.11535072326660156,0.005614414811134338
1789729831511541000,2.199541015625,-0.25708794593811035,0.15598297119140625,0.07764212787151337
1789729831521477600,2.2094775390625,-0.2684969902038574,0.156951904296875,0.07929814606904984
1789729831531414000,2.2194140625,-0.24252891540527344,0.15647411346435547,-0.01192108541727066
1789729831541350400,2.229350341796875,-0.11491250991821289,0.15651226043701172,-0.07968935370445251
1789729831551287000,2.239287109375,-0.005129098892211914,0.12099170684814453,-0.04429473727941513
1789729831561223400,2.249223388671875,0.002675771713256836,0.059821128845214844,0.06752024590969086
1789729831571159800,2.259159912109375,0.017732620239257812,0.04670429229736328,0.12537869811058044
1789729831581096200,2.26909619140625,-0.0429532527923584,0.11630630493164062,0.13549867272377014
1789729831591032800,2.27903271484375,-0.17541098594665527,0.15479755401611328,0.138738214969635
1789729831600969200,2.28896923828125,-0.22484040260314941,0.1444234848022461,0.10664854943752289
1789729831610905600,2.298905517578125,-0.2343454360961914,0.13290119171142578,0.05844401568174362
1789729831620842200,2.30884228515625,-0.23031139373779297,0.07779312133789062,0.019012227654457092
1789729831630778600,2.318778564453125,-0.15079879760742188,0.02665233612060547,-0.01779910922050476
1789729831640715000,2.328715087890625,-0.05415463447570801,0.009480476379394531,-0.04529021680355072
1789729831650652400,2.33865234375,0.05406665802001953,0.003949165344238281,-0.03509923070669174
1789729831660588800,2.3485888671875,0.05461001396179199,-0.006962776184082031,-0.01987089216709137
1789729831670525200,2.358525146484375,-0.006468057632446289,-0.03950786590576172,-0.013766683638095856
1789729831680461800,2.3684619140625,-0.07282614707946777,-0.055255889892578125,-0.03587697446346283
1789729831690397400,2.3783974609375,-0.08389830589294434,-0.06366634368896484,-0.036224402487277985
1789729831700333300,2.388333251953125,-0.08803868293762207,-0.0647592544555664,-0.04822862893342972
1789729831710269700,2.398269775390625,-0.116180419921875,-0.02326202392578125,-0.0722041204571724
1789729831720206300,2.408206298828125,-0.17072772979736328,0.01785755157470703,-0.04205381125211716
1789729831730143200,2.418143310546875,-0.19534707069396973,0.011708259582519531,-0.0008417218923568726
1789729831740080600,2.42808056640625,-0.15270757675170898,0.010854721069335938,0.011288382112979889
1789729831750017000,2.43801708984375,-0.06907343864440918,0.0031900405883789062,0.013588033616542816
1789729831759953400,2.447953369140625,0.02306056022644043,-0.009190559387207031,0.02069856971502304
1789729831769890300,2.457890380859375,0.11727786064147949,-0.019395828247070312,0.009629301726818085
1789729831779826000,2.467825927734375,0.16682910919189453,-0.048793792724609375,-0.014513082802295685
1789729831789761300,2.47776123046875,0.177215576171875,-0.07824325561523438,-0.06107484549283981
1789729831799697200,2.487697265625,0.12293219566345215,-0.07469749450683594,-0.09060074388980865
1789729831809633300,2.49763330078125,0.04677224159240723,-0.07853507995605469,-0.08968987315893173
1789729831819569700,2.507569580078125,-0.032878875732421875,-0.049317359924316406,-0.08256560564041138
1789729831829506300,2.51750634765625,-0.09799718856811523,-0.017928123474121094,-0.06249085068702698
1789729831839443200,2.527443115234375,-0.11864471435546875,0.011031150817871094,-0.03441058099269867
1789729831849380400,2.53738037109375,-0.08642196655273438,0.030640602111816406,0.023174941539764404
1789729831859317200,2.547317138671875,-0.05825328826904297,0.04090404510498047,0.08932868391275406
1789729831869254400,2.55725439453125,-0.03190326690673828,0.037346839904785156,0.129280224442482
1789729831879190800,2.567190673828125,0.023781299591064453,0.0435943603515625,0.14150162041187286
1789729831889127400,2.57712744140625,0.06902098655700684,0.061593055725097656,0.1480930745601654
1789729831899063800,2.587063720703125,0.005353689193725586,0.043946266174316406,0.1850740909576416
1789729831909000200,2.597000244140625,-0.11003804206848145,0.029344558715820312,0.1698911190032959
1789729831918936800,2.606936767578125,-0.18987226486206055,0.08159160614013672,0.10968172550201416
1789729831928874500,2.61687451171875,-0.1949007511138916,0.11483573913574219,0.04648236930370331
1789729831938808300,2.626808349609375,-0.1611328125,0.06558895111083984,0.016985177993774414
1789729831948742700,2.63674267578125,-0.07665276527404785,-0.015590667724609375,0.008091464638710022
1789729831958677200,2.64667724609375,0.018927335739135742,-0.08153057098388672,-0.014405518770217896
1789729831968612900,2.65661279296875,0.10531306266784668,-0.11874866485595703,-0.01520189642906189
1789729831978549500,2.666549560546875,0.17342519760131836,-0.1254558563232422,-0.018234744668006897
1789729831988486700,2.676486572265625,0.235792875289917,-0.11174869537353516,-0.032581642270088196
1789729831998424600,2.686424560546875,0.26467299461364746,-0.11345672607421875,-0.04560624063014984
1789729832008363300,2.69636328125,0.23222947120666504,-0.14676666259765625,-0.021487653255462646
1789729832018301200,2.70630126953125,0.18086791038513184,-0.14482402801513672,0.004160478711128235
1789729832028237800,2.71623779296875,0.1339402198791504,-0.10331249237060547,-0.017598435282707214
1789729832038174200,2.72617431640625,0.06964397430419922,-0.053322792053222656,-0.05796150863170624
1789729832048110600,2.736110595703125,-0.0032291412353515625,-0.030010223388671875,-0.07947306334972382
1789729832058047000,2.746046875,-0.06415271759033203,-0.01849842071533203,-0.08043494820594788
1789729832067983600,2.755983642578125,-0.04772329330444336,-0.020822525024414062,-0.07568717002868652
1789729832077919700,2.765919677734375,0.052541494369506836,-0.04172325134277344,-0.058279141783714294
1789729832087856400,2.7758564453125,0.13775944709777832,-0.06257343292236328,-0.03526704013347626
1789729832097793000,2.78579296875,0.192216157913208,-0.078857421875,-0.04451613128185272
1789729832107729400,2.7957294921875,0.26208972930908203,-0.04387950897216797,-0.06432494521141052
1789729832117665800,2.805665771484375,0.24662423133850098,-0.03180408477783203,-0.05866321921348572
1789729832127602200,2.815602294921875,0.12521910667419434,0.014603614807128906,-0.03670381009578705
1789729832137538800,2.825538818359375,-0.0011432170867919922,0.10026264190673828,-0.012559056282043457
1789729832147475200,2.83547509765625,-0.07034111022949219,0.14501953125,0.0022827833890914917
1789729832157412000,2.845412109375,-0.045960426330566406,0.1426076889038086,0.005637332797050476
1789729832167347700,2.85534765625,-0.02787470817565918,0.12420177459716797,0.014097042381763458
1789729832177283300,2.865283447265625,0.005488157272338867,0.1135101318359375,0.0007741302251815796
1789729832187219200,2.87521923828125,0.08750438690185547,0.08423995971679688,0.009990669786930084
1789729832197155000,2.885155029296875,0.14304327964782715,0.05280017852783203,0.04352223128080368
1789729832207091500,2.895091552734375,0.16817474365234375,0.03324317932128906,0.08496212959289551
1789729832217028000,2.905028076171875,0.20604610443115234,0.04413127899169922,0.11338949203491211
1789729832226965000,2.914965087890625,0.2290503978729248,0.03752708435058594,0.15120334923267365
1789729832236902100,2.924902099609375,0.18802118301391602,0.03255176544189453,0.20152626931667328
1789729832246839600,2.934839599609375,0.1186830997467041,0.05769634246826172,0.19877412915229797
1789729832256776200,2.944776123046875,0.06342744827270508,0.11263465881347656,0.15051192045211792
1789729832266712000,2.954712158203125,0.014429807662963867,0.116973876953125,0.132552370429039
1789729832276647700,2.964647705078125,-0.07153058052062988,0.10009002685546875,0.13021935522556305
1789729832286583800,2.974583740234375,-0.16196060180664062,0.11220741271972656,0.11933010816574097
1789729832296520400,2.9845205078125,-0.2080855369567871,0.1272125244140625,0.12553100287914276
1789729832306457000,2.99445703125,-0.21338415145874023,0.1310558319091797,0.15555325150489807
1789729832316394000,3.00439404296875,-0.16887378692626953,0.12383270263671875,0.15968485176563263
1789729832326331400,3.014331298828125,-0.022508621215820312,0.09120368957519531,0.1597026288509369
1789729832336268500,3.0242685546875,0.12699270248413086,-0.004803657531738281,0.1611046940088272
1789729832346204000,3.034203857421875,0.21062755584716797,-0.08131790161132812,0.14335690438747406
1789729832356139300,3.04413916015625,0.18742728233337402,-0.09402942657470703,0.0851697325706482
1789729832366075000,3.054074951171875,0.0887453556060791,-0.1001424789428711,0.014471329748630524
1789729832376010800,3.0640107421875,-0.005408763885498047,-0.06629276275634766,-0.04393699765205383
1789729832385948200,3.0739482421875,-0.11010479927062988,-0.004604339599609375,-0.055590786039829254
1789729832395885600,3.083885498046875,-0.20501947402954102,0.07070255279541016,-0.049571871757507324
1789729832405823000,3.093822998046875,-0.2721884250640869,0.10548114776611328,-0.040042899549007416
1789729832415759600,3.103759521484375,-0.24184083938598633,0.10291481018066406,-0.04810122400522232
1789729832425696000,3.113696044921875,-0.15978217124938965,0.09874439239501953,-0.07821035385131836
1789729832435632400,3.12363232421875,-0.05870199203491211,0.1020040512084961,-0.0756310448050499
1789729832445569000,3.133569091796875,0.045554161071777344,0.0816030502319336,-0.06883212924003601
1789729832455505400,3.14350537109375,0.17975568771362305,0.025827407836914062,-0.05953973904252052
1789729832465441300,3.153441162109375,0.29031944274902344,-0.03922080993652344,-0.02286449447274208
1789729832475377000,3.163376953125,0.28388547897338867,-0.10884857177734375,0.030161317437887192
1789729832485313000,3.17331298828125,0.20653748512268066,-0.07440185546875,-0.006087303161621094
1789729832495249200,3.183249267578125,0.11254334449768066,0.04630088806152344,-0.08650340139865875
1789729832505185500,3.193185546875,0.022095918655395508,0.03793811798095703,-0.07725206762552261
1789729832515122200,3.2031220703125,-0.06034445762634277,0.01815509796142578,-0.06412848830223083
1789729832525059000,3.21305908203125,-0.165574312210083,0.07431602478027344,-0.06634505838155746
1789729832534996000,3.222995849609375,-0.27990007400512695,0.16775989532470703,-0.05606171488761902
1789729832544932900,3.232932861328125,-0.31641435623168945,0.1778736114501953,-0.014324989169836044
1789729832554870000,3.2428701171875,-0.29988956451416016,0.1295785903930664,0.00974704697728157
1789729832564806400,3.252806396484375,-0.3017871379852295,0.07564830780029297,-0.00881679356098175
1789729832574742500,3.262742431640625,-0.29911255836486816,0.01177978515625,-0.05799521505832672
1789729832584679000,3.272678955078125,-0.2402045726776123,-0.10659122467041016,-0.10066762566566467
1789729832594615000,3.282614990234375,-0.19637322425842285,-0.25745105743408203,-0.09291104972362518
1789729832604551200,3.29255126953125,-0.23362016677856445,-0.36950111389160156,-0.10967838764190674
1789729832614487600,3.302487548828125,-0.2421581745147705,-0.4293041229248047,-0.14485210180282593
1789729832624424000,3.312423828125,-0.23369383811950684,-0.45208740234375,-0.17821018397808075
1789729832634360800,3.32236083984375,-0.25025320053100586,-0.48819732666015625,-0.21772202849388123
1789729832644298200,3.33229833984375,-0.24843168258666992,-0.5023326873779297,-0.23430320620536804
1789729832654234600,3.342234619140625,-0.2634751796722412,-0.48561763763427734,-0.2106538563966751
1789729832664169700,3.352169677734375,-0.23340892791748047,-0.4410896301269531,-0.17609111964702606
1789729832674105000,3.36210498046875,-0.1628274917602539,-0.3694934844970703,-0.10204862058162689
1789729832684040700,3.372040771484375,-0.08714604377746582,-0.2832212448120117,-0.04694788157939911
1789729832693976800,3.381976806640625,0.03425335884094238,-0.22274208068847656,0.02853323519229889
1789729832703913500,3.39191357421875,0.14980602264404297,-0.17851924896240234,0.11703501641750336
1789729832713850400,3.401850341796875,0.18195676803588867,-0.10080337524414062,0.13818436861038208
1789729832723787800,3.411787841796875,0.16900897026062012,0.04310321807861328,0.0988074243068695
1789729832733725200,3.42172509765625,0.16501879692077637,0.2029409408569336,0.051680777221918106
1789729832743663400,3.431663330078125,0.11285686492919922,0.33383655548095703,0.077461838722229
1789729832753599000,3.441598876953125,0.038323402404785156,0.45308589935302734,0.1618606150150299
1789729832763534800,3.451534912109375,-0.002667665481567383,0.5494470596313477,0.21768222749233246
1789729832773470700,3.461470703125,-0.01595330238342285,0.6234760284423828,0.28899085521698
1789729832783406600,3.471406494140625,-0.00022339820861816406,0.6121139526367188,0.37464138865470886
1789729832793343200,3.48134326171875,0.0503695011138916,0.561762809753418,0.40308332443237305
1789729832803280100,3.491280029296875,0.15620779991149902,0.4401721954345703,0.3376155495643616
1789729832813217000,3.501217041015625,0.25314784049987793,0.31671810150146484,0.245053231716156
1789729832823154200,3.511154296875,0.3015730381011963,0.16311168670654297,0.17889738082885742
1789729832833091000,3.521091064453125,0.32381415367126465,0.017480850219726562,0.11136198788881302
1789729832843027500,3.53102734375,0.33078551292419434,-0.1018056869506836,0.04572024941444397
1789729832852964000,3.540964111328125,0.31200647354125977,-0.22852420806884766,-0.00586363673210144
1789729832862900500,3.550900390625,0.28335142135620117,-0.34655284881591797,-0.03857678174972534
1789729832872836900,3.5608369140625,0.2504558563232422,-0.4139556884765625,-0.04986520856618881
1789729832882773500,3.5707734375,0.21869277954101562,-0.45069026947021484,-0.053248025476932526
1789729832892710000,3.5807099609375,0.16195416450500488,-0.5043563842773438,-0.035396501421928406
1789729832902646300,3.590646240234375,0.11030268669128418,-0.5248603820800781,-0.06568043678998947
1789729832912583000,3.6005830078125,0.08653593063354492,-0.4983844757080078,-0.09204810112714767
1789729832922518500,3.6105185546875,0.0476531982421875,-0.4609975814819336,-0.08843772858381271
1789729832932454100,3.6204541015625,-0.010838508605957031,-0.40579700469970703,-0.05459269881248474
1789729832942390000,3.63039013671875,-0.08187031745910645,-0.30231285095214844,-0.04650745540857315
1789729832952326100,3.640326171875,-0.12744927406311035,-0.15843486785888672,-0.06332473456859589
1789729832962262500,3.650262451171875,-0.16660857200622559,-0.024381637573242188,-0.06156190484762192
1789729832972199400,3.660199462890625,-0.22046613693237305,0.0693349838256836,-0.04074103385210037
1789729832982136300,3.67013623046875,-0.2631947994232178,0.1824197769165039,-0.047865405678749084
1789729832992073500,3.680073486328125,-0.26656508445739746,0.3050823211669922,-0.08213317394256592
1789729833002011100,3.69001123046875,-0.2713165283203125,0.4277677536010742,-0.048769354820251465
1789729833011947500,3.699947509765625,-0.25875020027160645,0.49872493743896484,0.04481768608093262
1789729833021884000,3.7098837890625,-0.23478031158447266,0.547429084777832,0.12865479290485382
1789729833031820300,3.7198203125,-0.12698745727539062,0.5885076522827148,0.15521730482578278
1789729833041757200,3.729757080078125,0.019086360931396484,0.5817441940307617,0.23132377862930298
1789729833051693000,3.739693115234375,0.02137923240661621,0.4948873519897461,0.32625070214271545
1789729833061629000,3.74962890625,-0.10103130340576172,0.4148397445678711,0.3191605806350708
1789729833071564800,3.759564697265625,-0.18627238273620605,0.34490966796875,0.17298896610736847
1789729833081501200,3.769501220703125,-0.18684172630310059,0.16067981719970703,0.04973714053630829
1789729833091438000,3.77943798828125,-0.13015031814575195,-0.105194091796875,-0.03239884227514267
1789729833101374700,3.789374755859375,-0.03249073028564453,-0.3339262008666992,-0.10499121248722076
1789729833111311600,3.7993115234375,0.13318109512329102,-0.4631671905517578,-0.15409739315509796
1789729833121249300,3.809249267578125,0.32436347007751465,-0.5783205032348633,-0.14816437661647797
1789729833131184400,3.819184326171875,0.42142367362976074,-0.6644449234008789,-0.11925118416547775
1789729833141120000,3.8291201171875,0.46079158782958984,-0.6191835403442383,-0.09929531812667847
1789729833151056400,3.839056396484375,0.43501996994018555,-0.4993734359741211,-0.08179976791143417
1789729833160992800,3.84899267578125,0.3405454158782959,-0.3817129135131836,-0.06473159044981003
1789729833170929400,3.858929443359375,0.2676208019256592,-0.30371856689453125,-0.008399689570069313
1789729833180866300,3.8688662109375,0.16838574409484863,-0.2198171615600586,0.08333341032266617
1789729833190803700,3.8788037109375,-0.008208751678466797,-0.166961669921875,0.1321812868118286
1789729833200740400,3.888740234375,-0.16974472999572754,-0.10096359252929688,0.11865564435720444
1789729833210677000,3.898677001953125,-0.2127704620361328,-0.03289031982421875,0.09789428114891052
1789729833220613400,3.90861328125,-0.22081542015075684,-0.05406475067138672,0.1058754026889801
1789729833230549800,3.9185498046875,-0.19768714904785156,-0.15089702606201172,0.1436113864183426
1789729833240486400,3.928486328125,-0.1793975830078125,-0.20900821685791016,0.1286870837211609
1789729833250422800,3.9384228515625,-0.13344573974609375,-0.19583988189697266,0.08683076500892639
1789729833260359200,3.948359130859375,0.012896299362182617,-0.15738201141357422,0.05236474424600601
1789729833270295600,3.958295654296875,0.23656988143920898,-0.1726360321044922,0.06699299067258835
1789729833280232200,3.968232177734375,0.39771294593811035,-0.21118545532226562,0.09955562651157379
1789729833290168600,3.97816845703125,0.5353243350982666,-0.18655681610107422,0.11968502402305603
1789729833300105000,3.98810498046875,0.613567590713501,-0.12868595123291016,0.11791671812534332
1789729833310041600,3.99804150390625,0.6936843395233154,-0.0740365982055664,0.07544493675231934
1789729833319978000,4.00797802734375,0.7087728977203369,-0.04436683654785156,0.06591018289327621
1789729833329914400,4.017914306640625,0.6007378101348877,-0.017951011657714844,0.04936116933822632
1789729833339850800,4.027850830078125,0.41453981399536133,0.05315589904785156,-0.0213673934340477
1789729833349787400,4.037787353515625,0.262279748916626,0.1338520050048828,-0.15124717354774475
1789729833359723800,4.047723876953125,0.14446258544921875,0.20097827911376953,-0.22674445807933807
1789729833369660200,4.05766015625,-0.020906925201416016,0.2199859619140625,-0.26286107301712036
1789729833379596800,4.0675966796875,-0.13064956665039062,0.27228450775146484,-0.32406991720199585
1789729833389533200,4.077533203125,-0.10932564735412598,0.38286495208740234,-0.4656869173049927
1789729833399469600,4.087469482421875,-0.03871726989746094,0.46250152587890625,-0.4779965579509735
1789729833409406200,4.09740625,-0.10143470764160156,0.5110025405883789,-0.4149967432022095
1789729833419342600,4.107342529296875,-0.15773820877075195,0.6440458297729492,-0.39780646562576294
1789729833429279000,4.117279052734375,-0.15883922576904297,0.8502359390258789,-0.36198145151138306
1789729833439215400,4.12721533203125,-0.2741520404815674,0.9843416213989258,-0.18742108345031738
1789729833449152000,4.137152099609375,-0.48203372955322266,0.9939975738525391,0.009538531303405762
1789729833459088400,4.14708837890625,-0.6916408538818359,1.0400934219360352,0.05892723798751831
1789729833469024800,4.157024658203125,-0.9377033710479736,1.1296119689941406,-0.0011435449123382568
1789729833478961400,4.16696142578125,-1.187685251235962,1.2008466720581055,-0.04870149493217468
1789729833488897800,4.176897705078125,-1.3015700578689575,1.2214078903198242,-0.15256845951080322
1789729833498834200,4.186834228515625,-1.307826042175293,1.1799306869506836,-0.17625558376312256
1789729833508770600,4.1967705078125,-1.3180731534957886,1.0362224578857422,-0.09514355659484863
1789729833518707200,4.206707275390625,-1.3243019580841064,0.8912267684936523,-0.07113486528396606
1789729833528643600,4.2166435546875,-1.2470533847808838,0.825901985168457,-0.11390364170074463
1789729833538580000,4.226580078125,-1.1635241508483887,0.7534561157226562,-0.11715278029441833
1789729833548516600,4.2365166015625,-1.121819019317627,0.6661195755004883,-0.10588261485099792
1789729833558453000,4.246452880859375,-0.9997036457061768,0.5822763442993164,-0.13157717883586884
1789729833568389400,4.256389404296875,-0.8435523509979248,0.5031614303588867,-0.13208095729351044
1789729833578325800,4.26632568359375,-0.784414529800415,0.4040079116821289,-0.06525909900665283
1789729833588262400,4.276262451171875,-0.7369847297668457,0.3298225402832031,-0.03379690647125244
1789729833598198800,4.28619873046875,-0.691929817199707,0.32772350311279297,-0.10316994786262512
1789729833608135200,4.29613525390625,-0.7302525043487549,0.26372528076171875,-0.09058184921741486
1789729833618071800,4.30607177734375,-0.7909455299377441,0.12411689758300781,-0.12576335668563843
1789729833628008200,4.31600830078125,-0.8992977142333984,0.06250381469726562,-0.1634056568145752
1789729833637944600,4.325944580078125,-1.0506293773651123,0.06758308410644531,-0.1020360067486763
1789729833647881000,4.335880859375,-1.2245972156524658,0.09244728088378906,0.0069597214460372925
1789729833657817600,4.345817626953125,-1.40904700756073,0.20929431915283203,0.07333992421627045
1789729833667754000,4.35575390625,-1.5652518272399902,0.3108654022216797,0.06881099939346313
1789729833677690400,4.3656904296875,-1.67484450340271,0.2881126403808594,0.03981137275695801
1789729833687627000,4.375626953125,-1.7214548587799072,0.3690195083618164,0.06034451723098755
1789729833697563400,4.3855634765625,-1.683565378189087,0.4361419677734375,0.09601535648107529
1789729833707499800,4.395499755859375,-1.4848482608795166,0.40757179260253906,0.210720494389534
1789729833717436400,4.4054365234375,-1.0269889831542969,0.35199737548828125,0.40054547786712646
1789729833727373600,4.41537353515625,-0.5965650081634521,0.1955852508544922,0.4078797996044159
1789729833737310200,4.425310302734375,-0.39203405380249023,-0.006026268005371094,0.21223266422748566
1789729833747246600,4.43524658203125,-0.3494091033935547,-0.14794445037841797,0.2069227248430252
1789729833757183000,4.445182861328125,-0.5624446868896484,-0.3392906188964844,0.20363205671310425
1789729833767119600,4.45511962890625,-0.7528657913208008,-0.36911487579345703,0.11618407070636749
1789729833777055500,4.465055419921875,-0.995286226272583,-0.31348419189453125,0.0752929300069809
1789729833786991400,4.474991455078125,-1.097219467163086,-0.291107177734375,0.10922311991453171
1789729833796927500,4.484927490234375,-1.0424444675445557,-0.19195842742919922,0.16581282019615173
1789729833806864400,4.494864501953125,-0.9973471164703369,-0.11760616302490234,0.19484692811965942
1789729833816801300,4.50480126953125,-1.0021898746490479,-0.13086891174316406,0.24191731214523315
1789729833826738200,4.51473828125,-0.8892669677734375,-0.0045833587646484375,0.13855239748954773
1789729833836675000,4.524675048828125,-0.8968749046325684,0.004490852355957031,0.10646134614944458
1789729833846611500,4.534611572265625,-0.9829787015914917,0.028522491455078125,0.16283580660820007
1789729833856547000,4.544547119140625,-1.0158543586730957,0.18521404266357422,0.11327053606510162
1789729833866483700,4.554483642578125,-1.0542911291122437,0.2404956817626953,0.10270088911056519
1789729833876420000,4.564420166015625,-1.1099679470062256,0.20239925384521484,0.17976641654968262
1789729833886356500,4.5743564453125,-1.1595593690872192,0.2152566909790039,0.1902559995651245
1789729833896293000,4.584293212890625,-1.2516982555389404,0.21512126922607422,0.058335479348897934
1789729833906229500,4.5942294921875,-1.3150006532669067,0.12609195709228516,0.030243676155805588
1789729833916166000,4.604165771484375,-1.227083444595337,0.06812572479248047,0.30391746759414673
1789729833926102300,4.614102294921875,-1.149730920791626,0.18526840209960938,0.033706795424222946
1789729833936039000,4.624038818359375,-1.3714196681976318,-0.033570289611816406,0.14323650300502777
1789729833945975300,4.633975341796875,-1.2468805313110352,0.4075584411621094,-0.4314901828765869
1789729833955911700,4.64391162109375,-1.1356608867645264,0.4959678649902344,-0.7354439496994019
1789729833965848600,4.6538486328125,-1.0396018028259277,0.06732940673828125,-0.403971403837204
1789729833975785500,4.663785400390625,-0.9713499546051025,-0.12319278717041016,-0.17258745431900024
1789729833985722000,4.67372216796875,-0.8565316200256348,0.03809833526611328,-0.17980609834194183
1789729833995658800,4.68365869140625,-0.8070894479751587,0.13552093505859375,-0.2992900609970093
1789729834005595100,4.69359521484375,-0.7636315226554871,0.08539199829101562,-0.37169474363327026
1789729834015531800,4.70353173828125,-0.685189962387085,0.024288177490234375,-0.3340068757534027
1789729834025468200,4.71346826171875,-0.6704672574996948,0.03707408905029297,-0.321133017539978
1789729834035404500,4.723404541015625,-0.7965693473815918,0.0872650146484375,-0.3750436007976532
1789729834045341000,4.7333408203125,-0.8129903078079224,0.20276355743408203,-0.37928515672683716
1789729834055277600,4.743277587890625,-0.7052524089813232,0.33070850372314453,-0.3265744745731354
1789729834065214000,4.7532138671875,-0.5907291173934937,0.42377662658691406,-0.35123202204704285
1789729834075150300,4.763150390625,-0.45356786251068115,0.41426849365234375,-0.3781653344631195
1789729834085087000,4.7730869140625,-0.3427923917770386,0.30609989166259766,-0.4547327160835266
1789729834095023400,4.7830234375,-0.17899549007415771,0.21414470672607422,-0.5140690803527832
1789729834104959700,4.792959716796875,0.036336421966552734,0.189971923828125,-0.6595048904418945
1789729834114896100,4.802896240234375,0.2283930778503418,0.17093372344970703,-0.6343345642089844
1789729834124832800,4.812832763671875,0.31534242630004883,0.2884960174560547,-0.5204753279685974
1789729834134769200,4.82276904296875,0.3428307771682739,0.38477325439453125,-0.4468859136104584
1789729834144705500,4.83270556640625,0.27811098098754883,0.3822002410888672,-0.38385942578315735
1789729834154642200,4.84264208984375,0.14352238178253174,0.2660083770751953,-0.36692696809768677
1789729834164578600,4.85257861328125,0.030969619750976562,0.0900564193725586,-0.41806626319885254
1789729834174515000,4.862514892578125,-0.04582369327545166,-0.0928487777709961,-0.3752070665359497
1789729834184451300,4.872451416015625,-0.1933300495147705,-0.16950607299804688,-0.23792380094528198
1789729834194388000,4.882387939453125,-0.494437575340271,-0.07776165008544922,-0.083627849817276
1789729834204324400,4.892324462890625,-0.7597332000732422,-0.0015096664428710938,0.006394535303115845
1789729834214260700,4.9022607421875,-0.9234768152236938,-0.011219024658203125,0.1579062044620514
1789729834224197400,4.912197265625,-1.0019408464431763,-0.03968238830566406,0.2715754210948944
1789729834234133800,4.9221337890625,-0.9750218391418457,-0.09730911254882812,0.30050504207611084
1789729834244070100,4.932070068359375,-0.9019256234169006,-0.18433570861816406,0.2936822772026062
1789729834254006800,4.9420068359375,-0.8520048260688782,-0.2604541778564453,0.3217637538909912
1789729834263943200,4.951943115234375,-0.8543915748596191,-0.22934436798095703,0.304401159286499
1789729834273879600,4.961879638671875,-0.9124763011932373,-0.21999263763427734,0.3199942111968994
1789729834283816000,4.97181591796875,-0.9596102237701416,-0.1970348358154297,0.3729538917541504
1789729834293752600,4.981752685546875,-1.0062586069107056,-0.18825626373291016,0.34462377429008484
1789729834303689000,4.99168896484375,-0.9746413826942444,-0.2413311004638672,0.3044812083244324
1789729834313625300,5.001625244140625,-0.9908226728439331,-0.23191070556640625,0.3052884340286255
1789729834323562000,5.01156201171875,-1.2334078550338745,-0.06460094451904297,0.2306496649980545
1789729834333498400,5.021498291015625,-1.7036404609680176,0.09544086456298828,0.17663440108299255
1789729834343434800,5.031434814453125,-1.9633196592330933,0.28415966033935547,0.16725780069828033
1789729834353371100,5.04137109375,-2.1917366981506348,0.3413248062133789,0.18641486763954163
1789729834363307800,5.051307861328125,-2.451145648956299,0.4203615188598633,0.20130784809589386
1789729834373244200,5.061244140625,-2.722465991973877,0.6025819778442383,0.10753801465034485
1789729834383180500,5.0711806640625,-2.8043365478515625,0.6297626495361328,0.1829128861427307
1789729834393117200,5.0811171875,-2.534804105758667,0.5906839370727539,0.17512096464633942
1789729834403053600,5.091053466796875,-2.1128499507904053,0.5474910736083984,0.059633731842041016
1789729834412990200,5.100990234375,-1.7764078378677368,0.4188699722290039,0.07372881472110748
1789729834422926800,5.1109267578125,-1.5109946727752686,0.3722658157348633,0.019627131521701813
1789729834432863200,5.12086328125,-1.2200727462768555,0.35479068756103516,-0.08264122903347015
1789729834442799900,5.1307998046875,-0.9726705551147461,0.3160438537597656,-0.10524808615446091
1789729834452736500,5.140736572265625,-0.769805908203125,0.33722972869873047,-0.1398221254348755
1789729834462673000,5.1506728515625,-0.5263246893882751,0.36071109771728516,-0.30901503562927246
1789729834472609500,5.160609619140625,-0.2465394139289856,0.3551368713378906,-0.39003899693489075
1789729834482546200,5.170546142578125,-0.07870328426361084,0.32271671295166016,-0.3574957847595215
1789729834492482800,5.18048291015625,0.03489279747009277,0.26584529876708984,-0.38069990277290344
1789729834502419200,5.190419189453125,0.1790250539779663,0.20119571685791016,-0.4046458303928375
1789729834512355800,5.20035595703125,0.2383597493171692,0.12624645233154297,-0.3129655122756958
1789729834522292500,5.21029248046875,0.10469228029251099,0.12716388702392578,-0.22663220763206482
1789729834532228900,5.220228759765625,-0.05081462860107422,0.13243389129638672,-0.16092395782470703
1789729834542165500,5.23016552734375,-0.11311930418014526,0.1398782730102539,0.047691941261291504
1789729834552102100,5.24010205078125,-0.14745748043060303,0.07088947296142578,0.23635363578796387
1789729834562038500,5.25003857421875,-0.09724253416061401,-0.0024433135986328125,0.330289751291275
1789729834571975200,5.25997509765625,0.010501503944396973,-0.1732931137084961,0.38491976261138916
1789729834581912000,5.269912109375,0.031089484691619873,-0.34354400634765625,0.517118513584137
1789729834591848000,5.279847900390625,-0.10229504108428955,-0.4391508102416992,0.6107637286186218
1789729834601783600,5.289783447265625,-0.22247999906539917,-0.5367794036865234,0.7533791065216064
1789729834611719400,5.299719482421875,-0.3218229115009308,-0.6341257095336914,0.867369532585144
1789729834621656300,5.30965625,-0.5325906872749329,-0.695343017578125,0.8864145278930664
1789729834631593700,5.31959375,-0.6992309093475342,-0.7371301651000977,0.850533664226532
1789729834641531400,5.329531494140625,-0.7621758580207825,-0.7452020645141602,0.7925622463226318
1789729834651466800,5.339466796875,-0.7970693707466125,-0.7053718566894531,0.7839846611022949
1789729834661402000,5.349402099609375,-0.8291575908660889,-0.6584415435791016,0.7195720076560974
1789729834671337700,5.359337646484375,-0.8787215948104858,-0.654667854309082,0.6495702266693115
1789729834681273900,5.36927392578125,-0.8521597385406494,-0.6867837905883789,0.6626925468444824
1789729834691210200,5.379210205078125,-0.7322767972946167,-0.7188930511474609,0.592315673828125
1789729834701147400,5.3891474609375,-0.7500022649765015,-0.7701215744018555,0.4544045329093933
1789729834711085000,5.3990849609375,-0.9007149934768677,-0.842738151550293,0.321529358625412
1789729834721022700,5.409022705078125,-1.0623774528503418,-0.9460878372192383,0.21847140789031982
1789729834730959400,5.41895947265625,-1.1605178117752075,-1.0345773696899414,0.10336008667945862
1789729834740896000,5.42889599609375,-1.1723343133926392,-1.0938606262207031,0.08373938500881195
1789729834750832000,5.43883203125,-1.1642224788665771,-1.0952472686767578,0.09279748052358627
1789729834760768500,5.4487685546875,-1.0491077899932861,-1.0435667037963867,0.03546144813299179
1789729834770704600,5.45870458984375,-0.8474487066268921,-0.874455451965332,-0.0042570121586322784
1789729834780641000,5.46864111328125,-0.7217813730239868,-0.5570926666259766,0.05034663528203964
1789729834790577200,5.4785771484375,-0.6043136715888977,-0.19917678833007812,0.030965395271778107
1789729834800513500,5.488513427734375,-0.44008868932724,0.13241100311279297,-0.13614624738693237
1789729834810450200,5.4984501953125,-0.3197183609008789,0.4521598815917969,-0.34331411123275757
1789729834820386800,5.50838671875,-0.16199666261672974,0.7482585906982422,-0.49931663274765015
1789729834830323200,5.5183232421875,0.05252593755722046,1.0301570892333984,-0.6925923228263855
1789729834840259800,5.528259765625,0.19309765100479126,1.352278709411621,-0.8245378732681274
1789729834850196500,5.538196533203125,0.22046005725860596,1.6948871612548828,-0.7742264270782471
1789729834860132900,5.5481328125,0.32632386684417725,1.9404401779174805,-0.6257117986679077
1789729834870069500,5.558069580078125,0.5127493143081665,1.9547691345214844,-0.4135241210460663
1789729834880006100,5.568006103515625,0.5854291915893555,1.682906150817871,-0.251044899225235
1789729834889942500,5.577942626953125,0.6007770299911499,1.4001808166503906,-0.16398301720619202
1789729834899879200,5.587879150390625,0.44686388969421387,1.1854658126831055,-0.1351315826177597
1789729834909815800,5.59781591796875,0.102713942527771,0.8812179565429688,-0.061999350786209106
1789729834919752400,5.60775244140625,-0.2587848901748657,0.6507635116577148,0.014400064945220947
1789729834929688800,5.617688720703125,-0.6205906867980957,0.4586629867553711,0.04720987007021904
1789729834939625500,5.62762548828125,-0.9837891459465027,0.28134632110595703,0.1330266147851944
1789729834949562000,5.63756201171875,-1.2966012954711914,0.013978004455566406,0.25014960765838623
1789729834959498500,5.64749853515625,-1.4518816471099854,-0.23546600341796875,0.2591231167316437
1789729834969435100,5.65743505859375,-1.4150502681732178,-0.4431190490722656,0.1769525110721588
1789729834979371800,5.667371826171875,-1.3300299644470215,-0.5374536514282227,0.1612721085548401
1789729834989308200,5.67730810546875,-1.25081205368042,-0.4923877716064453,0.07387518882751465
1789729834999244800,5.687244873046875,-1.1957095861434937,-0.3607215881347656,-0.025466524064540863
1789729835009181400,5.697181396484375,-1.1938927173614502,-0.24537086486816406,-0.11554791033267975
1789729835019118000,5.7071181640625,-1.1771647930145264,-0.17723464965820312,-0.20947089791297913
1789729835029054500,5.717054443359375,-0.9353890419006348,-0.1776599884033203,-0.42912572622299194
1789729835038991000,5.7269912109375,-0.5488674640655518,-0.31848907470703125,-0.6434301733970642
1789729835048927500,5.736927490234375,-0.13210952281951904,-0.5162525177001953,-0.7407975792884827
1789729835058863900,5.74686376953125,0.1601696014404297,-0.6710281372070312,-0.7762893438339233
1789729835068800500,5.756800537109375,0.18788862228393555,-0.6855392456054688,-0.7798438668251038
1789729835078737000,5.76673681640625,-0.08680546283721924,-0.4576425552368164,-0.704336941242218
1789729835088673300,5.77667333984375,-0.5525413751602173,-0.17651081085205078,-0.6564114093780518
1789729835098609700,5.786609619140625,-1.0084675550460815,0.0913705825805664,-0.4937051832675934
1789729835108546300,5.79654638671875,-1.3456801176071167,0.3514232635498047,-0.31412363052368164
1789729835118482700,5.806482666015625,-1.5173416137695312,0.5731086730957031,-0.21082235872745514
1789729835128419000,5.816419189453125,-1.5620815753936768,0.771235466003418,-0.12930096685886383
1789729835138355700,5.826355712890625,-1.5398685932159424,0.8697500228881836,-0.05629970133304596
1789729835148292000,5.8362919921875,-1.312892198562622,0.9073753356933594,-0.1038617342710495
1789729835158228500,5.846228515625,-0.8996793031692505,0.8555526733398438,-0.2399987429380417
1789729835168164900,5.856164794921875,-0.469611257314682,0.7595434188842773,-0.3324996829032898
1789729835178101500,5.8661015625,-0.15476000308990479,0.7121315002441406,-0.4504960775375366
1789729835188038000,5.876037841796875,0.03415626287460327,0.7222118377685547,-0.5836463570594788
1789729835197974300,5.885974365234375,0.02357351779937744,0.8153162002563477,-0.6250240802764893
1789729835207911000,5.895910888671875,-0.20764386653900146,1.0649566650390625,-0.5049850344657898
1789729835217847300,5.905847412109375,-0.47235846519470215,1.289332389831543,-0.4288630485534668
1789729835227783700,5.91578369140625,-0.5819789171218872,1.4027557373046875,-0.29489433765411377
1789729835237720300,5.92572021484375,-0.46547746658325195,1.326725959777832,-0.006044439971446991
1789729835247656700,5.93565673828125,-0.19875109195709229,1.1214303970336914,0.35251444578170776
1789729835257593000,5.945593017578125,0.0808858871459961,0.8492422103881836,0.7641170024871826
1789729835267529700,5.95552978515625,0.33480381965637207,0.5149507522583008,1.218135118484497
1789729835277466400,5.96546630859375,0.492956280708313,0.17348289489746094,1.5204999446868896
1789729835287402800,5.97540283203125,0.43765902519226074,-0.11059284210205078,1.6251418590545654
1789729835297339400,5.98533935546875,0.21699655055999756,-0.3011131286621094,1.599644422531128
1789729835307276000,5.995276123046875,-0.09255170822143555,-0.4549589157104492,1.4816255569458008
1789729835317212400,6.00521240234375,-0.37132954597473145,-0.6814985275268555,1.3172191381454468
1789729835327149000,6.015149169921875,-0.3947489261627197,-0.9299707412719727,1.164170742034912
1789729835337085700,6.025085693359375,-0.16535377502441406,-1.116744041442871,0.9268243312835693
1789729835347022000,6.03502197265625,0.10935914516448975,-1.2756767272949219,0.7521337866783142
1789729835356958700,6.044958740234375,0.3340524435043335,-1.47869873046875,0.6546251177787781
1789729835366895600,6.0548955078125,0.4843398332595825,-1.6827239990234375,0.4764106571674347
1789729835376832500,6.06483251953125,0.5158382654190063,-1.8565549850463867,0.2921196222305298
1789729835386769200,6.07476904296875,0.688693642616272,-2.0026588439941406,0.09879948943853378
1789729835396705500,6.08470556640625,0.898635983467102,-2.1955161094665527,-0.0854097530245781
1789729835406642000,6.094641845703125,1.0787261724472046,-2.29195499420166,-0.13692638278007507
1789729835416578600,6.10457861328125,1.220517635345459,-2.2398619651794434,-0.1556604504585266
1789729835426515200,6.11451513671875,1.1759943962097168,-2.125730514526367,-0.15439553558826447
1789729835436451600,6.12445166015625,1.0518800020217896,-1.963942527770996,-0.15504376590251923
1789729835446388200,6.13438818359375,1.0139212608337402,-1.7472386360168457,-0.22264564037322998
1789729835456324600,6.14432470703125,1.1050398349761963,-1.4997444152832031,-0.3180656433105469
1789729835466261000,6.154260986328125,1.1546169519424438,-1.2171506881713867,-0.35685503482818604
1789729835476197600,6.16419775390625,1.015279769897461,-0.9236478805541992,-0.3280172049999237
1789729835486134300,6.17413427734375,0.8140468597412109,-0.5614919662475586,-0.16199991106987
1789729835496071000,6.18407080078125,0.5618995428085327,-0.1731281280517578,0.026061639189720154
1789729835506007300,6.19400732421875,0.3339167833328247,0.18254661560058594,0.12368404120206833
1789729835515943700,6.203943603515625,0.35540318489074707,0.4439849853515625,0.24600611627101898
1789729835525880300,6.21388037109375,0.5689866542816162,0.5231084823608398,0.4675086736679077
1789729835535817000,6.22381689453125,1.0043036937713623,0.42986011505126953,0.7037488222122192
1789729835545753300,6.23375341796875,1.512786626815796,0.14756011962890625,0.8726667165756226
1789729835555690000,6.24368994140625,2.0694572925567627,-0.32113170623779297,1.0454497337341309
1789729835565626600,6.253626708984375,2.7864177227020264,-0.8525638580322266,1.184524416923523
1789729835575563000,6.26356298828125,3.348498582839966,-1.3698225021362305,1.3532216548919678
1789729835585499600,6.273499755859375,3.669881820678711,-1.6743974685668945,1.4292993545532227
1789729835595436000,6.28343603515625,3.6871745586395264,-1.730484962463379,1.3596185445785522
1789729835605372400,6.293372314453125,3.339329957962036,-1.7399215698242188,1.180014967918396
1789729835615308800,6.303308837890625,2.6922683715820312,-1.7806777954101562,0.8807350993156433
1789729835625245400,6.313245361328125,2.0633647441864014,-1.810401439666748,0.5849345922470093
1789729835635181800,6.323181884765625,1.5136325359344482,-1.8871722221374512,0.38980576395988464
1789729835645118200,6.3331181640625,1.1350278854370117,-1.9907598495483398,0.20171168446540833
1789729835655054800,6.343054931640625,0.8498620986938477,-2.053933620452881,-0.0020600780844688416
1789729835664991200,6.3529912109375,0.5522041320800781,-2.016879081726074,-0.18874326348304749
1789729835674927600,6.362927734375,0.13893818855285645,-1.8456025123596191,-0.20828992128372192
1789729835684864000,6.372864013671875,-0.18594789505004883,-1.517789363861084,-0.09619736671447754
1789729835694800600,6.382800537109375,-0.08143806457519531,-1.1245307922363281,0.005601085722446442
1789729835704737000,6.392737060546875,0.2618241310119629,-0.8343353271484375,0.03113597258925438
1789729835714673400,6.40267333984375,0.51141357421875,-0.6715459823608398,-0.0012003649026155472
1789729835724610000,6.412610107421875,0.6590969562530518,-0.5207586288452148,-0.07728180289268494
1789729835734546400,6.42254638671875,0.8709399700164795,-0.3497905731201172,-0.20369043946266174
1789729835744482800,6.43248291015625,1.048609733581543,-0.1818246841430664,-0.39927035570144653
1789729835754419500,6.44241943359375,1.1490473747253418,-0.059101104736328125,-0.6120851039886475
1789729835764355800,6.45235595703125,1.1742169857025146,0.042652130126953125,-0.7789095640182495
1789729835774292500,6.46229248046875,1.1227328777313232,0.19501972198486328,-0.9451606273651123
1789729835784229000,6.47222900390625,1.1792514324188232,0.37795257568359375,-1.1620522737503052
1789729835794165500,6.48216552734375,1.2878310680389404,0.5989484786987305,-1.3115050792694092
1789729835804102100,6.49210205078125,1.2064008712768555,0.8724784851074219,-1.3080968856811523
1789729835814038800,6.502038818359375,0.8823850154876709,1.223893165588379,-1.2225933074951172
1789729835823975400,6.511975341796875,0.4764382839202881,1.6894216537475586,-1.084067463874817
1789729835833911800,6.521911865234375,0.19696474075317383,2.227092742919922,-0.8633812665939331
1789729835843848400,6.531848388671875,0.23406219482421875,2.7063465118408203,-0.7002477645874023
1789729835853785000,6.54178515625,0.6414840221405029,2.9364070892333984,-0.5239061117172241
1789729835863721500,6.551721435546875,1.210693597793579,2.816852569580078,-0.3132816553115845
1789729835873658000,6.561658203125,1.6235852241516113,2.5414600372314453,-0.04159381985664368
1789729835883594800,6.5715947265625,1.9492621421813965,2.271040916442871,0.15191982686519623
1789729835893531100,6.58153125,2.106011152267456,1.8792037963867188,0.39675384759902954
1789729835903467800,6.5914677734375,2.1623806953430176,1.4406967163085938,0.679738461971283
1789729835913404400,6.601404296875,2.2022509574890137,0.9962444305419922,0.9086252450942993
1789729835923340800,6.6113408203125,2.143650531768799,0.5046615600585938,1.1074023246765137
1789729835933277400,6.62127734375,2.0271353721618652,0.05135154724121094,1.0799146890640259
1789729835943214000,6.631214111328125,2.035407543182373,-0.42476558685302734,0.8557615280151367
1789729835953150700,6.641150634765625,1.9943203926086426,-0.9876775741577148,0.7560535669326782
1789729835963087000,6.651087158203125,1.567690372467041,-1.4732942581176758,0.8367694616317749
1789729835973023700,6.661023681640625,0.9206571578979492,-1.792262077331543,0.9177713394165039
1789729835982960400,6.67096044921875,0.2945864200592041,-2.026721954345703,0.9995697140693665
1789729835992896800,6.680896728515625,-0.2144174575805664,-2.2805228233337402,1.0765703916549683
1789729836002833400,6.69083349609375,-0.6692025661468506,-2.5311365127563477,1.0669071674346924
1789729836012770000,6.70077001953125,-1.1753891706466675,-2.8756837844848633,0.90092533826828
1789729836022706400,6.71070654296875,-1.677390694618225,-3.288760185241699,0.726146399974823
1789729836032643000,6.72064306640625,-2.027888774871826,-3.7191176414489746,0.5471292734146118
1789729836042579700,6.730579833984375,-2.169968843460083,-4.032966136932373,0.3998863101005554
1789729836052516400,6.740516357421875,-2.433414936065674,-3.954326629638672,0.35690832138061523
1789729836062452700,6.75045263671875,-2.324338436126709,-3.881269931793213,0.4412584900856018
1789729836072389400,6.760389404296875,-2.041806936264038,-3.4272289276123047,0.5932927131652832
1789729836082326000,6.770325927734375,-2.487516164779663,-2.9201345443725586,0.615374743938446
1789729836092262400,6.780262451171875,-3.324657917022705,-2.580306053161621,0.5964955687522888
1789729836102199000,6.790198974609375,-3.8689115047454834,-2.2611865997314453,0.7003166079521179
1789729836112135700,6.8001357421875,-3.555044174194336,-1.8807792663574219,0.5909969806671143
1789729836122072600,6.810072509765625,-2.9046945571899414,-1.629791259765625,0.24794542789459229
1789729836132009000,6.820009033203125,-2.34731388092041,-1.5567278861999512,-0.03350578248500824
1789729836141945000,6.829945068359375,-1.650541067123413,-1.313058853149414,-0.14719942212104797
1789729836151881700,6.8398818359375,-1.505831003189087,-0.7284002304077148,0.003918826580047607
1789729836161818400,6.849818359375,-2.044478416442871,-0.18972396850585938,0.2323591113090515
1789729836171755000,6.859755126953125,-2.70463228225708,0.10470199584960938,0.2484450489282608
1789729836181691400,6.86969140625,-3.123100757598877,0.29070472717285156,0.14401668310165405
1789729836191628000,6.8796279296875,-2.9675164222717285,0.5643062591552734,-0.05916423723101616
1789729836201564700,6.889564697265625,-2.677034616470337,0.8255949020385742,-0.3351445198059082
1789729836211501600,6.89950146484375,-2.6518514156341553,1.2408838272094727,-0.6305683255195618
1789729836221438000,6.90943798828125,-2.642035484313965,1.783940315246582,-0.8786251544952393
1789729836231374300,6.919374267578125,-2.340418577194214,2.2611608505249023,-1.0634865760803223
1789729836241311000,6.92931103515625,-1.963771104812622,2.545673370361328,-1.1409192085266113
1789729836251247400,6.939247314453125,-1.6947274208068848,2.644717216491699,-1.1834683418273926
1789729836261184000,6.94918408203125,-1.6165581941604614,2.6399707794189453,-1.088791847229004
1789729836271120600,6.95912060546875,-1.653450846672058,2.6490707397460938,-0.8156535029411316
1789729836281057300,6.969057373046875,-1.9809911251068115,2.7655487060546875,-0.7228025794029236
1789729836290994000,6.978993896484375,-2.273366689682007,2.8612327575683594,-0.7060474753379822
1789729836300930300,6.988930419921875,-2.400477647781372,2.798410415649414,-0.49244287610054016
1789729836310866700,6.99886669921875,-2.502603530883789,2.751619338989258,-0.25670304894447327
1789729836320803800,7.008803955078125,-2.599681854248047,2.722797393798828,-0.3125147223472595
1789729836330739700,7.01873974609375,-2.4549200534820557,2.5182762145996094,-0.21048806607723236
1789729836340675600,7.028675537109375,-2.1087753772735596,2.078580856323242,0.04362061992287636
1789729836350611700,7.03861181640625,-1.8069932460784912,1.7505779266357422,-0.007978450506925583
1789729836360547800,7.0485478515625,-1.5224261283874512,1.751260757446289,-0.2525576055049896
1789729836370484200,7.058484130859375,-1.1740913391113281,1.725682258605957,-0.3213382065296173
1789729836380420900,7.0684208984375,-0.937936544418335,1.4819536209106445,-0.17460273206233978
1789729836390357800,7.078357666015625,-1.1374359130859375,1.3088960647583008,0.04819336161017418
1789729836400295400,7.08829541015625,-1.6475932598114014,1.1968517303466797,0.16463276743888855
1789729836410232300,7.098232421875,-2.1209285259246826,1.1246747970581055,0.2755607068538666
1789729836420169000,7.1081689453125,-2.322195053100586,0.973088264465332,0.3382420539855957
1789729836430105600,7.118105712890625,-2.179041862487793,0.6535940170288086,0.30374807119369507
1789729836440042000,7.1280419921875,-2.0028533935546875,0.3883485794067383,0.05196787416934967
1789729836449978600,7.137978515625,-1.235933542251587,0.4082822799682617,-0.45259004831314087
1789729836459915000,7.1479150390625,-1.232534646987915,-0.14541339874267578,0.25343412160873413
1789729836469851400,7.157851318359375,-1.5524563789367676,-0.39528465270996094,0.24666161835193634
1789729836479788000,7.1677880859375,-1.7840442657470703,-0.47004222869873047,0.2434605062007904
1789729836489724400,7.177724365234375,-2.0458290576934814,-0.5251522064208984,0.3977794647216797
1789729836499660800,7.187660888671875,-2.9360857009887695,-0.46209239959716797,0.5607813596725464
1789729836509597200,7.19759716796875,-3.542351722717285,-0.4827117919921875,0.5393261909484863
1789729836519533800,7.207533935546875,-3.400829792022705,-0.6010913848876953,0.5569363832473755
1789729836529470200,7.21747021484375,-2.7055931091308594,-0.7035541534423828,0.48312944173812866
1789729836539406600,7.227406494140625,-2.1236181259155273,-0.9752225875854492,0.42860060930252075
1789729836549343200,7.23734326171875,-1.6628856658935547,-1.5329818725585938,0.3336411416530609
1789729836559279600,7.247279541015625,-1.1524977684020996,-2.103425979614258,0.1953120231628418
1789729836569216000,7.257216064453125,-1.3314106464385986,-2.1845622062683105,0.3274344205856323
1789729836579152600,7.267152587890625,-1.4216854572296143,-2.2602224349975586,0.3160683512687683
1789729836589089300,7.27708935546875,-1.3975532054901123,-2.3658018112182617,0.21789425611495972
1789729836599025700,7.287025634765625,-1.5484365224838257,-2.1786117553710938,0.06821116805076599
1789729836608962300,7.29696240234375,-1.5163170099258423,-1.8972015380859375,0.05539534613490105
1789729836618899000,7.30689892578125,-0.862488865852356,-1.5293159484863281,0.09090577065944672
1789729836628835600,7.316835693359375,-0.13017475605010986,-1.2772159576416016,0.17336054146289825
1789729836638772000,7.32677197265625,0.34913361072540283,-1.151139259338379,0.24758952856063843
1789729836648709600,7.336709716796875,0.6957564353942871,-1.1799030303955078,0.28027284145355225
1789729836658646300,7.346646240234375,0.961653470993042,-1.2391042709350586,0.3511699438095093
1789729836668583000,7.3565830078125,1.1036961078643799,-1.2401599884033203,0.5196827054023743
1789729836678519600,7.36651953125,0.9123859405517578,-1.3401460647583008,0.6255412697792053
1789729836688456200,7.376456298828125,0.42704105377197266,-1.391505241394043,0.7030041813850403
1789729836698393000,7.38639306640625,0.06944048404693604,-1.4263935089111328,0.5748000144958496
1789729836708328700,7.39632861328125,-0.16127896308898926,-1.3891010284423828,0.3748471140861511
1789729836718264600,7.4062646484375,-0.28658103942871094,-1.2651424407958984,0.17494714260101318
1789729836728200400,7.416200439453125,-0.14540410041809082,-1.0623817443847656,-0.009336486458778381
1789729836738137600,7.4261376953125,-0.002808213233947754,-0.8299884796142578,-0.03994949907064438
1789729836748075500,7.436075439453125,0.24129188060760498,-0.6312456130981445,-0.05245005339384079
1789729836758012000,7.446011962890625,0.4863567352294922,-0.49364376068115234,-0.2292236089706421
1789729836767949000,7.455948974609375,0.6265976428985596,-0.4274730682373047,-0.4846080541610718
1789729836777884700,7.465884765625,0.6646758317947388,-0.46617984771728516,-0.6904757022857666
1789729836787821000,7.475821044921875,0.7238855361938477,-0.3293485641479492,-0.7094534635543823
1789729836797757700,7.4857578125,0.9440793991088867,0.1122884750366211,-0.6033552885055542
1789729836807694000,7.495694091796875,1.0948171615600586,0.6196527481079102,-0.5815672874450684
1789729836817630500,7.50563037109375,0.9880023002624512,1.1504087448120117,-0.48592710494995117
1789729836827566800,7.51556689453125,0.8006478548049927,1.6290664672851562,-0.5054556131362915
1789729836837503700,7.525503662109375,0.6798895597457886,2.0110979080200195,-0.44708889722824097
1789729836847441200,7.535441162109375,0.7125192880630493,2.2517738342285156,-0.14253529906272888
1789729836857377800,7.545377685546875,1.031516432762146,2.1887893676757812,0.125968337059021
1789729836867314200,7.555314208984375,1.5606663227081299,1.8237829208374023,0.2585441768169403
1789729836877250300,7.565250244140625,2.048015594482422,1.2984437942504883,0.30562180280685425
1789729836887187000,7.57518701171875,2.290631055831909,0.8354692459106445,0.3935246765613556
1789729836897123800,7.585123779296875,2.0522842407226562,0.5625143051147461,0.6278627514839172
1789729836907060500,7.595060546875,1.43770170211792,0.3981304168701172,0.8736055493354797
1789729836916997000,7.6049970703125,0.8457117080688477,0.3577709197998047,1.1642446517944336
1789729836926932500,7.614932373046875,0.4026010036468506,0.3587045669555664,1.4035335779190063
1789729836936868400,7.624868408203125,0.15846610069274902,0.27997398376464844,1.5359402894973755
1789729836946804200,7.63480419921875,0.09819269180297852,0.23223114013671875,1.560100793838501
1789729836956740600,7.64474072265625,0.15868186950683594,0.16574668884277344,1.4435392618179321
1789729836966677800,7.654677734375,0.11872315406799316,0.016694068908691406,1.3099170923233032
1789729836976615200,7.664615234375,-0.015155196189880371,-0.2881612777709961,1.1856820583343506
1789729836986552800,7.674552734375,-0.03196060657501221,-0.7576007843017578,1.075368046760559
1789729836996489700,7.68448974609375,0.24941909313201904,-1.3055896759033203,0.8846355676651001
1789729837006426400,7.69442626953125,0.7616459131240845,-1.7852120399475098,0.4859398305416107
1789729837016362800,7.70436279296875,1.2246155738830566,-1.990647315979004,-0.1761104166507721
1789729837026299400,7.71429931640625,1.1711909770965576,-1.818608283996582,-0.8690943717956543
1789729837036236000,7.724236083984375,0.4375556707382202,-1.415236473083496,-1.2357373237609863
1789729837046172400,7.73417236328125,-0.455430269241333,-0.8361644744873047,-1.1104633808135986
1789729837056109000,7.744109130859375,-0.8888633251190186,-0.19220829010009766,-0.6770063042640686
1789729837066045700,7.754045654296875,-0.8456470370292664,0.3306589126586914,-0.22908461093902588
1789729837075982000,7.763982177734375,-0.4043048620223999,0.5627460479736328,0.09332537651062012
1789729837085918700,7.773918701171875,0.28926563262939453,0.4511289596557617,0.12666453421115875
1789729837095855400,7.78385546875,0.8486164808273315,0.06243133544921875,-0.02611585706472397
1789729837105791700,7.793791748046875,1.2431470155715942,-0.24950408935546875,-0.23514419794082642
1789729837115728400,7.803728271484375,1.3928375244140625,-0.42531776428222656,-0.37453871965408325
1789729837125665000,7.8136650390625,1.172795057296753,-0.44600582122802734,-0.34699559211730957
1789729837135601700,7.8236015625,0.7800387144088745,-0.2967510223388672,-0.3698634207248688
1789729837145538600,7.83353857421875,0.3091620206832886,0.0298919677734375,-0.4066835045814514
1789729837155474700,7.843474609375,-0.15375566482543945,0.4168548583984375,-0.4640771150588989
1789729837165411000,7.8534111328125,-0.42328858375549316,0.7518548965454102,-0.40287452936172485
1789729837175347200,7.86334716796875,-0.6004863977432251,0.9873085021972656,-0.3036801517009735
1789729837185283600,7.87328369140625,-0.5778162479400635,0.9848871231079102,-0.16566970944404602
1789729837195220000,7.883219970703125,-0.08717966079711914,0.9022960662841797,-0.15903957188129425
1789729837205156600,7.893156494140625,0.565960168838501,0.7666664123535156,-0.27213212847709656
1789729837215093200,7.90309326171875,1.0186368227005005,0.5692682266235352,-0.35374170541763306
1789729837225030000,7.91302978515625,0.9959074258804321,0.4383563995361328,-0.36547666788101196
1789729837234966500,7.922966552734375,0.6226811408996582,0.6061038970947266,-0.3473448157310486
1789729837244903200,7.932903076171875,0.16756045818328857,1.0493640899658203,-0.18938294053077698
1789729837254839800,7.94283984375,-0.16243696212768555,1.5661249160766602,0.15965138375759125
1789729837264776400,7.9527763671875,-0.09413421154022217,1.9257287979125977,0.6436216831207275
1789729837274713000,7.962713134765625,0.488589882850647,1.9828424453735352,1.029873251914978
1789729837284650200,7.972650146484375,1.318567156791687,1.7106389999389648,1.1568001508712769
1789729837294587100,7.982587158203125,1.9867709875106812,1.266164779663086,1.1298794746398926
1789729837304522800,7.992522705078125,2.219143867492676,0.7037878036499023,1.1183336973190308
1789729837314458600,8.002458740234376,1.9166203737258911,0.38458824157714844,0.9199201464653015
1789729837324394800,8.012394775390625,1.1403461694717407,0.28977394104003906,0.5958402156829834
1789729837334331100,8.0223310546875,0.325130820274353,0.21683502197265625,0.3895074725151062
1789729837344268000,8.03226806640625,-0.25950193405151367,0.1997089385986328,0.31687691807746887
1789729837354205000,8.042204833984375,-0.6206389665603638,0.28351593017578125,0.24839603900909424
1789729837364142000,8.05214208984375,-0.9721349477767944,0.3792591094970703,0.2842300832271576
1789729837374079200,8.062079345703125,-1.2622735500335693,0.3221883773803711,0.4452414810657501
1789729837384016600,8.0720166015625,-1.1769661903381348,0.09377574920654297,0.46364182233810425
1789729837393952500,8.081952392578126,-0.7915026545524597,-0.16016292572021484,0.23916056752204895
1789729837403888400,8.091888427734375,-0.47569072246551514,-0.3924093246459961,-0.07452067732810974
1789729837413824300,8.10182421875,-0.6110196709632874,-0.5840167999267578,-0.34444692730903625
1789729837423761000,8.111760986328125,-1.0828707218170166,-0.8822650909423828,-0.3404898941516876
1789729837433698000,8.121697998046875,-1.2683258056640625,-1.199864387512207,-0.18960712850093842
1789729837443635000,8.131635009765626,-1.0889006853103638,-1.4197673797607422,0.044375479221343994
1789729837453572400,8.141572265625,-0.6237030029296875,-1.4737873077392578,0.19106525182724
1789729837463509000,8.151509033203125,-0.0928349494934082,-1.454345703125,0.18681371212005615
1789729837473445600,8.161445556640626,0.1654413938522339,-1.3960132598876953,0.08671744167804718
1789729837483382000,8.171382080078125,-0.009176254272460938,-1.2939214706420898,-0.08776211738586426
1789729837493318700,8.181318603515624,-0.3784869909286499,-1.2140064239501953,-0.262563556432724
1789729837503255300,8.19125537109375,-0.769676685333252,-1.1145401000976562,-0.32045310735702515
1789729837513191400,8.20119140625,-1.1216285228729248,-0.9015426635742188,-0.243711918592453
1789729837523128300,8.21112841796875,-1.1516036987304688,-0.6297245025634766,-0.19060967862606049
1789729837533065000,8.22106494140625,-0.8042417764663696,-0.43561649322509766,-0.25776636600494385
1789729837543001600,8.231001708984374,-0.3075343370437622,-0.38183021545410156,-0.35764190554618835
1789729837552937700,8.240937744140625,0.15561985969543457,-0.33751964569091797,-0.5413801670074463
1789729837562873600,8.25087353515625,0.4584437608718872,-0.22453022003173828,-0.6352416276931763
1789729837572809700,8.260809814453125,0.50011146068573,0.028380393981933594,-0.5908752083778381
1789729837582746400,8.270746337890625,0.370418906211853,0.33031749725341797,-0.41218841075897217
1789729837592682800,8.280682861328126,0.34861838817596436,0.4235992431640625,-0.19744092226028442
1789729837602619600,8.29061962890625,0.6235426664352417,0.3326120376586914,-0.05482714623212814
1789729837612557800,8.300557861328125,0.8736988306045532,0.1670694351196289,-0.09480168670415878
1789729837622494500,8.310494384765626,0.8899192810058594,-0.06623172760009766,-0.13915462791919708
1789729837632431000,8.32043115234375,0.68985915184021,-0.15688323974609375,-0.065781369805336
1789729837642367200,8.3303671875,0.3190131187438965,-0.14774036407470703,0.0756596177816391
1789729837652303000,8.34030322265625,0.12356245517730713,-0.06956863403320312,0.24090951681137085
1789729837662239500,8.350239501953125,-0.06985688209533691,0.11587333679199219,0.4389614462852478
1789729837672175900,8.36017578125,-0.4205487370491028,0.38466930389404297,0.5101879835128784
1789729837682112500,8.370112548828125,-0.7003606557846069,0.6702594757080078,0.43946465849876404
1789729837692049200,8.380049072265624,-0.8001880645751953,0.9060754776000977,0.41119736433029175
1789729837701986300,8.389986328125,-0.7177696824073792,0.8582763671875,0.5563404560089111
1789729837711923200,8.399923095703125,-0.36531198024749756,0.6589126586914062,0.6717953681945801
1789729837721860000,8.409860107421874,0.08796608448028564,0.42492008209228516,0.7269304394721985
1789729837731797000,8.419796875,0.5431256294250488,0.16536808013916016,0.7000070214271545
1789729837741733400,8.4297333984375,0.919115424156189,-0.13229656219482422,0.5888499617576599
1789729837751670000,8.439669921875,0.8527448177337646,-0.4422731399536133,0.3008873462677002
1789729837761606400,8.4496064453125,0.49920153617858887,-0.49422740936279297,-0.04661770164966583
1789729837771542800,8.459542724609374,0.1647484302520752,-0.2716026306152344,-0.21520449221134186
1789729837781479400,8.4694794921875,-0.2675873041152954,0.0006380081176757812,-0.08701573312282562
1789729837791415800,8.479415771484375,-0.5244013071060181,0.14365386962890625,0.2362690567970276
1789729837801352700,8.489352783203126,-0.5354149341583252,0.14339065551757812,0.6668888330459595
1789729837811289900,8.499289794921875,-0.4865264892578125,0.1241140365600586,0.8415184617042542
1789729837821226500,8.5092265625,-0.26506900787353516,0.021274566650390625,0.7383390665054321
1789729837831163100,8.5191630859375,-0.08576321601867676,-0.13897037506103516,0.588690459728241
1789729837841099500,8.529099609375,-0.1764516830444336,-0.22278118133544922,0.4451603293418884
1789729837851036000,8.539035888671876,-0.524381160736084,-0.12004470825195312,0.3535541296005249
1789729837860972300,8.54897216796875,-0.8766156435012817,0.068878173828125,0.36892879009246826
1789729837870908700,8.55890869140625,-1.2575064897537231,0.14098644256591797,0.5334595441818237
1789729837880845000,8.568844970703125,-1.410219430923462,0.10413169860839844,0.7543280720710754
1789729837890781400,8.578781494140625,-1.320703387260437,0.34316539764404297,0.9365548491477966
1789729837900719000,8.588718994140624,-1.09006929397583,0.49625492095947266,0.993910551071167
1789729837910656000,8.598656005859375,-0.6562819480895996,0.25508975982666016,1.0292400121688843
1789729837920592400,8.60859228515625,-0.11548960208892822,-0.2433462142944336,0.9722546935081482
1789729837930528500,8.618528564453126,0.4591822624206543,-0.8124151229858398,0.8064290285110474
1789729837940465400,8.62846533203125,0.7958829402923584,-1.2710456848144531,0.5186842083930969
1789729837950402300,8.63840234375,0.6865053176879883,-1.5101547241210938,0.05136765539646149
1789729837960339000,8.6483388671875,0.21609461307525635,-1.3606843948364258,-0.41463544964790344
1789729837970275300,8.658275390625,-0.5350942611694336,-0.9807024002075195,-0.5995299816131592
1789729837980212000,8.6682119140625,-1.2657428979873657,-0.4102802276611328,-0.65522700548172
1789729837990148600,8.678148681640625,-1.8535547256469727,0.4371061325073242,-0.5303326845169067
1789729838000086300,8.688086181640625,-2.134143352508545,1.15765380859375,-0.3804740607738495
1789729838010020900,8.698020751953125,-1.8605005741119385,1.6275320053100586,-0.17250211536884308
1789729838019956000,8.7079560546875,-1.0939607620239258,1.6865921020507812,0.03409130871295929
1789729838029891300,8.717891357421875,-0.1422039270401001,1.3802595138549805,0.189874067902565
1789729838039827200,8.7278271484375,0.7538602352142334,0.7706727981567383,0.20020338892936707
1789729838049763800,8.737763916015625,1.3902058601379395,-0.010623931884765625,0.07924960553646088
1789729838059701000,8.747700927734375,1.7185662984848022,-0.6528253555297852,-0.15603750944137573
1789729838069639000,8.757638916015624,1.7424960136413574,-0.9915485382080078,-0.43268775939941406
1789729838079576800,8.767576904296876,1.4493602514266968,-1.017806053161621,-0.5201327204704285
1789729838089514800,8.7775146484375,0.9740637540817261,-0.8271770477294922,-0.2713214159011841
1789729838099451400,8.787451416015625,0.6143836975097656,-0.6799745559692383,0.042390599846839905
1789729838109388000,8.797387939453126,0.5082709789276123,-0.6907243728637695,0.13419419527053833
1789729838119324400,8.807324462890625,0.572356104850769,-0.5346527099609375,-0.0688333511352539
1789729838129261000,8.817260986328124,0.4127922058105469,-0.38478755950927734,-0.2929786443710327
1789729838139198000,8.827197998046875,0.05317866802215576,-0.3006763458251953,-0.2780953645706177
1789729838149134600,8.837134521484375,-0.4404618740081787,-0.19307422637939453,-0.24498146772384644
1789729838159071000,8.847071044921876,-0.7707864046096802,-0.07567787170410156,-0.34096431732177734
1789729838169007600,8.857007568359375,-0.7939567565917969,-0.0390625,-0.38545510172843933
1789729838178944500,8.866944580078124,-0.6623565554618835,-0.08804512023925781,-0.34035801887512207
1789729838188880600,8.876880615234375,-0.5085210800170898,-0.2824420928955078,-0.21748752892017365
1789729838198817000,8.886817138671875,-0.36402130126953125,-0.6433277130126953,-0.03100017085671425
1789729838208753200,8.896753173828126,-0.09562969207763672,-0.9933614730834961,0.09469162672758102
1789729838218689500,8.906689453125,0.38410258293151855,-1.2659540176391602,0.1539834439754486
1789729838228626000,8.9166259765625,0.8444627523422241,-1.3735475540161133,0.07942597568035126
1789729838238562800,8.926562744140625,0.9823294878005981,-1.2476940155029297,-0.10872124135494232
1789729838248499500,8.93649951171875,0.6750144958496094,-0.869563102722168,-0.3306114077568054
1789729838258436400,8.946436279296876,0.1482456922531128,-0.34888458251953125,-0.48219946026802063
1789729838268373000,8.956373046875,-0.29406654834747314,0.24309062957763672,-0.4816243052482605
1789729838278310000,8.966309814453124,-0.4783165454864502,0.6963663101196289,-0.2930941879749298
1789729838288246500,8.97624658203125,-0.39862000942230225,0.9587745666503906,0.008165717124938965
1789729838298183700,8.98618359375,0.07586705684661865,1.1593847274780273,0.12495619058609009
1789729838308120300,8.996120361328124,0.6702542304992676,1.3022193908691406,-0.05021632835268974
1789729838318057000,9.006056884765625,0.8705310821533203,1.2528696060180664,-0.23451083898544312
1789729838327993300,9.015993408203125,0.5470168590545654,1.1100778579711914,-0.21588164567947388
1789729838337930200,9.02593017578125,0.0992574691772461,0.9036931991577148,-0.07168276607990265
1789729838347866600,9.03586669921875,-0.031192302703857422,0.6439895629882812,0.1760304868221283
1789729838357802800,9.045802734375,0.2198580503463745,0.39515018463134766,0.34803441166877747
1789729838367739100,9.0557392578125,0.49493730068206787,0.22768402099609375,0.3555247485637665
1789729838377675500,9.065675537109374,0.5340540409088135,0.214508056640625,0.25949063897132874
1789729838387612000,9.07561181640625,0.2664663791656494,0.32409191131591797,0.18120422959327698
1789729838397548500,9.085548583984375,-0.1446152925491333,0.4136009216308594,0.27952396869659424
1789729838407485400,9.0954853515625,-0.18150687217712402,0.36225414276123047,0.3883032202720642
1789729838417422000,9.105422119140625,0.21164965629577637,0.08684921264648438,0.3830302953720093
1789729838427359000,9.11535888671875,0.7097150087356567,-0.4030780792236328,0.3615890145301819
1789729838437295600,9.125295654296876,1.1229677200317383,-0.8687601089477539,0.2227337658405304
1789729838447232500,9.135232421875,1.2665783166885376,-1.1125669479370117,-0.01600656658411026
1789729838457169200,9.145169189453124,1.0273984670639038,-1.1542682647705078,-0.1520303636789322
1789729838467106000,9.15510595703125,0.3211718797683716,-1.053365707397461,-0.1211651861667633
1789729838477042700,9.165042724609375,-0.5697293281555176,-0.8040647506713867,0.08542263507843018
1789729838486979600,9.1749794921875,-1.226787805557251,-0.5154991149902344,0.40988630056381226
1789729838496916000,9.184916015625,-1.3522206544876099,-0.27103710174560547,0.5151639580726624
1789729838506852600,9.1948525390625,-1.0229557752609253,-0.11411762237548828,0.35377198457717896
1789729838516789200,9.204789306640626,-0.7869926691055298,-0.052475929260253906,0.10590245574712753
1789729838526726000,9.214725830078125,-0.724948525428772,0.1793375015258789,-0.06266431510448456
1789729838536662300,9.224662353515624,-0.7031998634338379,0.41416358947753906,0.028002949431538582
1789729838546599000,9.234598876953125,-0.5496262311935425,0.5425300598144531,0.2833379805088043
1789729838556535600,9.24453564453125,-0.19023489952087402,0.5958213806152344,0.4687732458114624
1789729838566472000,9.254471923828126,0.43569159507751465,0.6596603393554688,0.45090579986572266
1789729838576408600,9.26440869140625,1.0643019676208496,0.7423801422119141,0.2903484106063843
1789729838586345200,9.27434521484375,1.4477219581604004,0.8571910858154297,0.16384509205818176
1789729838596281600,9.284281494140625,1.5194551944732666,0.8505430221557617,0.1346212774515152
1789729838606218200,9.29421826171875,1.329249620437622,0.8423490524291992,0.1257370114326477
1789729838616155000,9.30415478515625,1.0544995069503784,0.8473567962646484,0.11978143453598022
1789729838626091500,9.314091552734375,0.8371467590332031,0.8921098709106445,0.08104163408279419
1789729838636028000,9.32402783203125,0.683669924736023,0.9550838470458984,-0.0002213120460510254
1789729838645964500,9.333964599609375,0.5034403800964355,1.0313701629638672,-0.06720851361751556
1789729838655901200,9.343901123046875,0.18009305000305176,1.0639457702636719,0.009573101997375488
1789729838665837600,9.353837646484376,-0.038126587867736816,1.0726776123046875,0.18188758194446564
1789729838675774200,9.363774169921875,0.0033112764358520508,0.9645910263061523,0.34961679577827454
1789729838685710800,9.3737109375,0.200639009475708,0.691802978515625,0.4857768416404724
1789729838695647500,9.3836474609375,0.4100522994995117,0.3474559783935547,0.5218446254730225
1789729838705584000,9.393584228515625,0.5874396562576294,-0.042250633239746094,0.44097843766212463
1789729838715520800,9.403520751953126,0.693195104598999,-0.3913764953613281,0.29443126916885376
1789729838725457400,9.41345751953125,0.6149300336837769,-0.6234979629516602,0.13169461488723755
1789729838735394000,9.42339404296875,0.27888739109039307,-0.8076953887939453,0.04059690982103348
1789729838745331000,9.4333310546875,-0.218927264213562,-0.9694032669067383,-0.06480922549962997
1789729838755267600,9.443267578125,-0.5292224884033203,-0.9668207168579102,-0.2828785181045532
1789729838765204200,9.453204345703124,-0.5447585582733154,-0.7860984802246094,-0.5070043802261353
1789729838775140900,9.463140869140625,-0.6639978885650635,-0.5092010498046875,-0.6407002210617065
1789729838785077500,9.473077392578125,-0.9120586514472961,-0.2507772445678711,-0.5692996382713318
1789729838795014100,9.48301416015625,-0.8060396909713745,-0.005489349365234375,-0.38260796666145325
1789729838804950800,9.49295068359375,-0.39071667194366455,0.1901683807373047,-0.18753185868263245
1789729838814887400,9.502887451171874,0.0037817955017089844,0.3903055191040039,-0.08322089165449142
1789729838824824000,9.512823974609375,0.4073214530944824,0.3767862319946289,0.20314465463161469
1789729838834760700,9.5227607421875,0.7398636341094971,0.03233623504638672,0.5777795910835266
1789729838844697600,9.532697509765624,0.9863702058792114,-0.47289466857910156,0.7310755848884583
1789729838854634200,9.54263427734375,1.3313143253326416,-0.8714466094970703,0.7189310193061829
1789729838864571000,9.55257080078125,1.4600856304168701,-1.2335691452026367,0.593271791934967
1789729838874507500,9.562507568359376,1.149819016456604,-1.5064888000488281,0.47506481409072876
1789729838884444200,9.572444091796875,0.5496834516525269,-1.6506876945495605,0.4057343602180481
1789729838894380800,9.582380859375,-0.09530997276306152,-1.717294692993164,0.36992424726486206
1789729838904317400,9.5923173828125,-0.4873870611190796,-1.5883722305297852,0.16216599941253662
1789729838914254000,9.602254150390625,-0.5014934539794922,-1.1257047653198242,-0.19953098893165588
1789729838924190700,9.612190673828126,-0.42482876777648926,-0.638941764831543,-0.45860791206359863
1789729838934127600,9.622127685546875,-0.4396402835845947,-0.18587112426757812,-0.48398712277412415
1789729838944064500,9.632064453125,-1.073218822479248,-0.10017967224121094,0.13361261785030365
1789729838954001200,9.642001220703126,-1.4510140419006348,0.39385128021240234,-0.21073441207408905
1789729838963937500,9.6519375,-0.9732809066772461,0.7935848236083984,-0.9149320721626282
1789729838973874000,9.6618740234375,-0.05928504467010498,0.39698219299316406,-0.7866907715797424
1789729838983810300,9.671810302734375,0.957316517829895,-0.3229818344116211,-0.35849106311798096
1789729838993747000,9.681746826171874,1.6224241256713867,-0.8012714385986328,0.21004395186901093
1789729839003684400,9.691684326171876,2.038147449493408,-0.9682674407958984,0.37735897302627563
1789729839013621000,9.70162109375,2.3736908435821533,-0.8712148666381836,0.32400432229042053
1789729839023557600,9.7115576171875,2.573369026184082,-0.6981916427612305,0.32168319821357727
1789729839033494300,9.721494384765625,2.451543092727661,-0.41367244720458984,0.3767545521259308
1789729839043431000,9.731430908203125,1.884321928024292,0.03643321990966797,0.5535791516304016
1789729839053367600,9.741367431640626,1.237227201461792,0.38469791412353516,0.7427213191986084
1789729839063304200,9.75130419921875,0.8348748683929443,0.4357128143310547,0.9618844985961914
1789729839073240600,9.761240478515624,0.9666762351989746,0.11017322540283203,1.0152156352996826
1789729839083177000,9.771177001953125,1.5108139514923096,-0.4264822006225586,0.9966645240783691
1789729839093113300,9.78111328125,2.2186503410339355,-0.8337411880493164,0.795128345489502
1789729839103049700,9.7910498046875,2.7711122035980225,-1.001969337463379,0.46544358134269714
1789729839112986400,9.800986328125,2.8912572860717773,-1.0293951034545898,0.30464866757392883
1789729839122923000,9.810923095703124,2.4665470123291016,-0.9386482238769531,0.2989625334739685
1789729839132859600,9.820859619140625,1.7340331077575684,-0.6169328689575195,0.2986021041870117
1789729839142796300,9.83079638671875,1.1193301677703857,-0.19736003875732422,0.1286889761686325
1789729839152733000,9.84073291015625,0.6534117460250854,0.1775531768798828,-0.0634651929140091
1789729839162669600,9.850669677734375,0.3236379623413086,0.4445171356201172,-0.24564209580421448
1789729839172606200,9.860606201171874,0.09445536136627197,0.6045999526977539,-0.38191911578178406
1789729839182542800,9.87054296875,0.005302071571350098,0.8091764450073242,-0.48937851190567017
1789729839192479500,9.8804794921875,0.03461647033691406,0.9222497940063477,-0.5305477380752563
1789729839202416000,9.890416015625,0.11434268951416016,0.8628826141357422,-0.38612791895866394
1789729839212353000,9.90035302734375,0.25073814392089844,0.8179817199707031,-0.14595076441764832
1789729839222289700,9.91028955078125,0.534328818321228,0.7727336883544922,-0.02485012263059616
1789729839232226300,9.920226318359376,0.746169924736023,0.5950756072998047,-0.09393677860498428
1789729839242163000,9.930162841796875,1.0814930200576782,0.5168924331665039,-0.27421098947525024
1789729839252099600,9.940099609375,1.2886463403701782,0.33878421783447266,-0.28783905506134033
1789729839262036200,9.9500361328125,1.493456482887268,0.24663639068603516,-0.41895127296447754
1789729839271972900,9.959972900390625,1.4538393020629883,0.4854907989501953,-0.5327050685882568
1789729839281909500,9.969909423828126,1.1968642473220825,0.8226604461669922,-0.5274694561958313
1789729839291847200,9.97984716796875,0.7080287933349609,1.127100944519043,-0.4375017285346985
1789729839301783800,9.98978369140625,0.35146021842956543,1.5145082473754883,-0.44672268629074097
1789729839311720400,9.999720458984376,0.13531649112701416,1.839644432067871,-0.4589500427246094
1789729839321657000,10.009656982421875,0.06138157844543457,1.9120769500732422,-0.3444432318210602
1789729839331593700,10.01959375,0.22066044807434082,1.706563949584961,-0.16872626543045044
1789729839341530400,10.0295302734375,0.7298169136047363,1.2304801940917969,0.007174454629421234
1789729839351467000,10.039467041015625,1.3124780654907227,0.6934213638305664,0.09360495209693909
1789729839361403600,10.049403564453126,1.7964375019073486,0.3400611877441406,0.10581496357917786
1789729839371340000,10.059340087890625,1.9024536609649658,0.20941162109375,0.056908950209617615
1789729839381276700,10.069276611328124,1.4229166507720947,0.1958627700805664,0.026486903429031372
1789729839391213300,10.07921337890625,0.7649567127227783,0.2601938247680664,-0.00027789175510406494
1789729839401150500,10.089150390625,0.2580413818359375,0.23191070556640625,-0.04100581258535385
1789729839411087000,10.099087158203124,0.158372163772583,0.0045757293701171875,-0.04663143306970596
1789729839421023700,10.109023681640625,0.4394052028656006,-0.3832406997680664,0.01826481521129608
1789729839430960400,10.11896044921875,0.9524400234222412,-0.9298791885375977,0.05593472719192505
1789729839440896800,10.128896728515626,1.4046566486358643,-1.4619207382202148,-0.022625476121902466
1789729839450833400,10.13883349609375,1.560115098953247,-1.7774391174316406,-0.12333731353282928
1789729839460770300,10.148770263671874,1.28202486038208,-1.9249534606933594,-0.14552877843379974
1789729839470707500,10.15870751953125,0.7306559085845947,-1.8897628784179688,-0.05193963646888733
1789729839480643300,10.168643310546875,0.19388747215270996,-1.7382550239562988,0.10105153918266296
1789729839490579200,10.1785791015625,-0.21979665756225586,-1.5057497024536133,0.21944227814674377
1789729839500515600,10.188515625,-0.46535730361938477,-1.232579231262207,0.2925536632537842
1789729839510452000,10.198451904296874,-0.5861268043518066,-0.9877147674560547,0.3528463542461395
1789729839520388900,10.208388916015625,-0.44037890434265137,-0.8569097518920898,0.3353577256202698
1789729839530326500,10.218326416015625,-0.15120840072631836,-0.8636846542358398,0.22778502106666565
1789729839540263700,10.228263671875,0.24624180793762207,-0.8955984115600586,0.09828664362430573
1789729839550200300,10.238200439453125,0.6183005571365356,-0.8264875411987305,-0.06179923564195633
1789729839560137000,10.248136962890625,0.8676869869232178,-0.7336702346801758,-0.11918916553258896
1789729839570073600,10.258073486328126,0.9459091424942017,-0.6461715698242188,-0.06641917675733566
1789729839580010000,10.268010009765625,0.8480864763259888,-0.5376062393188477,0.006538748741149902
1789729839589947100,10.277947021484374,0.7161606550216675,-0.44349193572998047,0.04737861454486847
1789729839599883500,10.287883544921876,0.6874672174453735,-0.4471397399902344,0.055460527539253235
1789729839609820000,10.29781982421875,0.7571728229522705,-0.5268230438232422,0.06126183271408081
1789729839619756300,10.30775634765625,0.8510897159576416,-0.47687530517578125,-0.012217670679092407
1789729839629693000,10.31769287109375,1.0342977046966553,-0.3359518051147461,-0.0922265350818634
1789729839639629300,10.32762939453125,1.1674116849899292,-0.1978321075439453,-0.040921345353126526
1789729839649565700,10.337565673828125,1.2006984949111938,0.01863384246826172,0.0689840167760849
1789729839659502300,10.34750244140625,1.1585456132888794,0.2797203063964844,0.14600513875484467
1789729839669439500,10.357439453125,1.0397565364837646,0.4087657928466797,0.19584472477436066
1789729839679377000,10.367376953125,0.9519891738891602,0.4615621566772461,0.279160737991333
1789729839689313500,10.3773134765625,1.0491688251495361,0.37166309356689453,0.323108434677124
1789729839699250200,10.387250244140626,1.2417633533477783,0.1080160140991211,0.32813915610313416
1789729839709186800,10.397186767578125,1.3695502281188965,-0.3294486999511719,0.2387828528881073
1789729839719123500,10.40712353515625,1.4768025875091553,-0.5629415512084961,0.07057876139879227
1789729839729060400,10.417060302734376,1.6144475936889648,-0.8344326019287109,-0.1398417204618454
1789729839738997000,10.4269970703125,1.5701749324798584,-0.7693109512329102,-0.4124607443809509
1789729839748933600,10.43693359375,1.390122413635254,-0.31352806091308594,-0.6802290678024292
1789729839758870500,10.44687060546875,1.0993669033050537,0.27660083770751953,-0.6660351157188416
1789729839768806700,10.456806640625,0.7111613750457764,0.6861343383789062,-0.4051630198955536
1789729839778743000,10.466742919921876,0.4833800792694092,0.8186521530151367,-0.07893052697181702
1789729839788679200,10.47667919921875,0.7031307220458984,0.8926019668579102,0.07740644365549088
1789729839798615600,10.486615478515626,1.0344018936157227,0.9387617111206055,-0.06529951095581055
1789729839808552000,10.496552001953125,1.2669706344604492,1.0307331085205078,-0.24029098451137543
1789729839818489900,10.50648974609375,1.2936885356903076,0.9695405960083008,-0.1865496188402176
1789729839828427000,10.516427001953126,1.2630605697631836,0.6695652008056641,0.034518033266067505
1789729839838363600,10.52636376953125,1.383749008178711,0.4108152389526367,0.13206472992897034
1789729839848300300,10.53630029296875,1.608457326889038,0.4146690368652344,0.031080514192581177
1789729839858237000,10.54623681640625,1.6859996318817139,0.4123106002807617,0.02813684195280075
1789729839868173600,10.556173583984375,1.5587430000305176,0.24140548706054688,0.2836647927761078
1789729839878108400,10.5661083984375,1.421062707901001,-0.0039997100830078125,0.5233047604560852
1789729839888043800,10.576043701171875,1.3474900722503662,-0.2229318618774414,0.5889120101928711
1789729839897979600,10.585979736328126,1.3177027702331543,-0.4008674621582031,0.4540799856185913
1789729839907916000,10.595916015625,1.3042256832122803,-0.47845458984375,0.23741227388381958
1789729839917853200,10.605853271484374,1.2063112258911133,-0.4946260452270508,0.019600197672843933
1789729839927790600,10.61579052734375,0.9957447052001953,-0.46631431579589844,-0.11507222056388855
1789729839937728500,10.625728515625,0.6705420017242432,-0.536473274230957,-0.14427661895751953
1789729839947666400,10.63566650390625,0.3688547611236572,-0.6515684127807617,-0.24971404671669006
1789729839957604600,10.6456044921875,0.19616031646728516,-0.7011041641235352,-0.46936336159706116
1789729839967539500,10.65553955078125,0.12962651252746582,-0.6539487838745117,-0.6578428149223328
1789729839977474600,10.665474609375,0.1363818645477295,-0.5248880386352539,-0.7132328748703003
1789729839987410000,10.675409912109375,0.06848549842834473,-0.42653656005859375,-0.6563306450843811
1789729839997346000,10.685345947265626,0.05195188522338867,-0.2965269088745117,-0.6268379092216492
1789729840007282700,10.69528271484375,0.1779036521911621,-0.11114883422851562,-0.5763625502586365
1789729840017220000,10.70522021484375,0.3413715362548828,0.04040718078613281,-0.47880008816719055
1789729840027158000,10.715157958984374,0.38553380966186523,0.20287132263183594,-0.4743174910545349
1789729840037096200,10.72509619140625,0.24515318870544434,0.32573795318603516,-0.45615866780281067
1789729840047033900,10.735033935546875,-0.17323970794677734,0.20670509338378906,-0.2704331576824188
1789729840056970500,10.744970458984374,-0.36351048946380615,-0.1355915069580078,0.0519554503262043
1789729840066907100,10.7549072265625,-0.03577423095703125,-0.4757547378540039,0.3252570629119873
1789729840076843800,10.76484375,0.44400596618652344,-0.6573381423950195,0.3129395842552185
1789729840086780400,10.774780517578124,0.7899675369262695,-0.5721464157104492,0.09706509113311768
1789729840096717000,10.784717041015625,0.7899734973907471,-0.4197244644165039,0.048322685062885284
1789729840106653700,10.79465380859375,0.44466137886047363,-0.33344554901123047,0.1608242392539978
1789729840116590300,10.80459033203125,0.016358375549316406,-0.27834129333496094,0.3706316649913788
1789729840126527200,10.81452734375,-0.31203174591064453,-0.21959304809570312,0.5129176378250122
1789729840136463600,10.824463623046874,-0.37198519706726074,-0.13982582092285156,0.4461551904678345
1789729840146400000,10.83439990234375,-0.23058462142944336,-0.0009737014770507812,0.3090176582336426
1789729840156336600,10.844336669921875,-0.1104745864868164,0.1317901611328125,0.16294699907302856
1789729840166273000,10.85427294921875,-0.1251838207244873,0.16745758056640625,0.0893973708152771
1789729840176209400,10.86420947265625,-0.25823163986206055,0.08016204833984375,0.13340547680854797
1789729840186146000,10.87414599609375,-0.30046701431274414,0.0713186264038086,0.08637148141860962
1789729840196082700,10.884082763671875,0.017000675201416016,0.2002277374267578,0.08088915050029755
1789729840206019600,10.89401953125,0.5073792934417725,0.1690959930419922,0.1848437488079071
1789729840215956200,10.903956298828126,1.0282011032104492,0.1082601547241211,0.24806924164295197
1789729840225893400,10.913893310546875,1.481931209564209,0.13350772857666016,0.2256464809179306
1789729840235830800,10.923830810546875,1.608642578125,0.153045654296875,0.14588399231433868
1789729840245767400,10.933767333984376,1.4985675811767578,0.11461639404296875,0.06500506401062012
1789729840255704000,10.9437041015625,1.2137360572814941,0.09559440612792969,0.06300468742847443
1789729840265640700,10.953640625,0.839017391204834,0.01569366455078125,0.0389704555273056
1789729840275577300,10.963577392578125,0.6152293682098389,0.033557891845703125,-0.011150270700454712
1789729840285513500,10.973513427734375,0.5007431507110596,0.005732536315917969,-0.03437568247318268
1789729840295449600,10.98344970703125,0.34270405769348145,-0.027133941650390625,-0.06334972381591797
1789729840305386000,10.993385986328125,0.16449451446533203,0.028308868408203125,-0.14976049959659576
1789729840315322400,11.003322265625,-0.14176535606384277,0.14325618743896484,-0.1159321591258049
1789729840325259000,11.013259033203125,-0.5189716815948486,0.23459529876708984,-0.16345667839050293
1789729840335196200,11.023196044921875,-0.7715877294540405,0.42014503479003906,-0.2867807447910309
1789729840345133000,11.033133056640626,-0.7697634696960449,0.5566015243530273,-0.3704516887664795
1789729840355070200,11.0430703125,-0.519883394241333,0.5218973159790039,-0.31761103868484497
1789729840365007400,11.05300732421875,-0.12183642387390137,0.3204383850097656,-0.21549257636070251
1789729840374944300,11.0629443359375,0.2656080722808838,0.04250144958496094,-0.10326968133449554
1789729840384881400,11.07288134765625,0.5335655212402344,-0.3101158142089844,0.08775481581687927
1789729840394817300,11.0828173828125,0.6433994770050049,-0.7662830352783203,0.3385723829269409
1789729840404754200,11.092754150390626,0.7035307884216309,-1.1968259811401367,0.509672999382019
1789729840414690800,11.10269091796875,0.569730281829834,-1.3774890899658203,0.5141525268554688
1789729840424627700,11.112627685546874,0.294903039932251,-1.146291732788086,0.19478964805603027
1789729840434564400,11.122564453125,-0.14699649810791016,-0.6612339019775391,-0.16660550236701965
1789729840444501200,11.132501220703125,-0.7587707042694092,-0.287200927734375,-0.3086373805999756
1789729840454438000,11.14243798828125,-1.37550950050354,-0.18488121032714844,-0.13049739599227905
1789729840464374500,11.15237451171875,-1.79852294921875,-0.12299156188964844,0.09837819635868073
1789729840474311200,11.162311279296874,-1.84788978099823,0.1452169418334961,0.024221375584602356
1789729840484247800,11.172247802734375,-1.5522428750991821,0.4732322692871094,-0.1053265780210495
1789729840494184400,11.182184326171875,-1.096784234046936,0.5590143203735352,-0.15693873167037964
1789729840504121000,11.19212109375,-0.6034868955612183,0.41412353515625,-0.05662558972835541
1789729840514057700,11.2020576171875,-0.06236624717712402,0.11928176879882812,0.07246240973472595
1789729840523994400,11.211994384765624,0.28782081604003906,-0.11352825164794922,0.08194684982299805
1789729840533931300,11.22193115234375,0.2586498260498047,-0.151092529296875,-0.04461175203323364
1789729840543868000,11.231867919921875,-0.11699438095092773,-0.08910751342773438,-0.23169124126434326
1789729840553804500,11.241804443359374,-0.5963480472564697,-0.007587432861328125,-0.28683897852897644
1789729840563741200,11.2517412109375,-0.7808128595352173,-0.17961978912353516,-0.14991255104541779
1789729840573677800,11.261677734375,-0.48639166355133057,-0.49852943420410156,0.1602877825498581
1789729840583614500,11.271614501953126,0.29842567443847656,-0.5302963256835938,0.3273274004459381
1789729840593551000,11.281551025390625,1.1571176052093506,-0.46434688568115234,0.42822265625
1789729840603487700,11.29148779296875,1.7309212684631348,-0.35344505310058594,0.445393830537796
1789729840613424400,11.30142431640625,1.7643063068389893,-0.09184932708740234,0.24987901747226715
1789729840623361800,11.31136181640625,1.146547794342041,0.045248985290527344,-0.027828574180603027
1789729840633298700,11.321298583984374,0.5454785823822021,0.31525230407714844,-0.8597218990325928
1789729840643234600,11.331234619140625,-0.029749155044555664,1.2593765258789062,-1.3321399688720703
1789729840653170700,11.341170654296874,-0.7242114543914795,0.9934043884277344,-0.531165599822998
1789729840663106600,11.3511064453125,-0.4229717254638672,0.2926301956176758,-0.03421656787395477
1789729840673043200,11.361043212890625,0.6493175029754639,0.41306400299072266,0.07756035029888153
1789729840682980600,11.370980712890624,1.3929414749145508,0.6799497604370117,0.09089180827140808
1789729840692918500,11.38091845703125,1.7831497192382812,0.46428680419921875,0.36702901124954224
1789729840702855200,11.390855224609375,1.9621257781982422,-0.15114402770996094,0.6841346025466919
1789729840712791800,11.400791748046874,2.11023211479187,-0.5311260223388672,0.6242653131484985
1789729840722728400,11.410728515625,1.9846646785736084,-0.5180740356445312,0.2510390877723694
1789729840732665000,11.4206650390625,1.6365562677383423,-0.4875497817993164,-0.10304949432611465
1789729840742602000,11.43060205078125,1.2583757638931274,-0.47982311248779297,-0.13123616576194763
1789729840752538600,11.44053857421875,0.7489304542541504,-0.4994964599609375,-0.010561272501945496
1789729840762475300,11.450475341796874,0.40584003925323486,-0.3432025909423828,0.01505310833454132
1789729840772412000,11.460411865234375,0.4909796714782715,0.12202072143554688,-0.07038912177085876
1789729840782348500,11.4703486328125,0.7374676465988159,0.3540515899658203,-0.0477997362613678
1789729840792285200,11.48028515625,0.6949342489242554,0.13042545318603516,0.1480981558561325
1789729840802221800,11.490221923828125,0.726489782333374,-0.2297658920288086,0.30358612537384033
1789729840812158500,11.500158447265624,0.9493416547775269,-0.5565433502197266,0.20041914284229279
1789729840822095000,11.51009521484375,1.1204227209091187,-0.7975587844848633,0.07313767075538635
1789729840832031700,11.52003173828125,1.0161566734313965,-0.9407358169555664,0.10050024092197418
1789729840841968600,11.52996875,0.7314188480377197,-0.9975423812866211,0.24342882633209229
1789729840851905300,11.5399052734375,0.3554137945175171,-0.9769725799560547,0.32678115367889404
1789729840861842000,11.549842041015625,-0.001395106315612793,-0.8234949111938477,0.3795331120491028
1789729840871778600,11.559778564453126,-0.1559746265411377,-0.5827398300170898,0.44961220026016235
1789729840881715200,11.569715087890625,-0.12402284145355225,-0.4774627685546875,0.5298348665237427
1789729840891651800,11.57965185546875,0.10760068893432617,-0.5100498199462891,0.680741012096405
1789729840901588500,11.58958837890625,0.6101478338241577,-0.6328468322753906,0.8037859797477722
1789729840911525000,11.599525146484375,1.2423758506774902,-0.7820472717285156,0.6942456364631653
1789729840921461800,11.609461669921876,1.662908911705017,-0.836639404296875,0.4104665517807007
1789729840931398700,11.619398681640625,1.6205146312713623,-0.7874984741210938,0.1770326942205429
1789729840941335300,11.629335205078124,1.2251254320144653,-0.6820058822631836,0.01928040385246277
1789729840951272000,11.63927197265625,0.7678835391998291,-0.5025033950805664,-0.14192518591880798
1789729840961208600,11.64920849609375,0.3946266174316406,-0.1503734588623047,-0.2045484483242035
1789729840971145500,11.6591455078125,0.20007479190826416,0.23582935333251953,-0.1699187159538269
1789729840981082400,11.669082275390625,0.2368413209915161,0.48383617401123047,-0.0740952119231224
1789729840991019500,11.67901953125,0.3865898847579956,0.5267734527587891,0.005471378564834595
1789729841000956400,11.688956298828124,0.6090555191040039,0.5586185455322266,-0.10096173733472824
1789729841010893300,11.698893310546875,0.8539102077484131,0.5913944244384766,-0.2127251923084259
1789729841020829400,11.708829345703125,1.1456283330917358,0.603550910949707,-0.29140645265579224
1789729841030765800,11.718765869140626,1.4197213649749756,0.6281843185424805,-0.3260396718978882
1789729841040702000,11.728701904296875,1.5288822650909424,0.6742677688598633,-0.3750944435596466
1789729841050638300,11.738638427734376,1.491336703300476,0.78216552734375,-0.32053351402282715
1789729841060575000,11.748574951171875,1.4416996240615845,0.9850807189941406,-0.2370387464761734
1789729841070512000,11.75851220703125,1.380883812904358,1.2013359069824219,-0.1646825224161148
1789729841080449800,11.76844970703125,1.2419852018356323,1.3854894638061523,-0.036491796374320984
1789729841090386700,11.77838671875,1.0318934917449951,1.220351219177246,0.4023171365261078
1789729841100323300,11.7883232421875,1.0991851091384888,0.6571321487426758,0.9449804425239563
1789729841110260000,11.798260009765626,1.5893141031265259,-0.16277599334716797,1.283808946609497
1789729841120196600,11.808196533203125,2.2730371952056885,-1.0158138275146484,1.222868800163269
1789729841130134000,11.818134033203124,2.6955275535583496,-1.395273208618164,0.7146729230880737
1789729841140070000,11.82806982421875,2.2271430492401123,-1.2507152557373047,0.0030519217252731323
1789729841150006000,11.838006103515625,0.9036495685577393,-0.8967199325561523,-0.3442188501358032
1789729841159942100,11.847942138671876,-0.6248985528945923,-0.6578683853149414,-0.25558650493621826
1789729841169878800,11.857878662109375,-1.8342732191085815,-0.6671667098999023,-0.02646203339099884
1789729841179816000,11.86781591796875,-2.2039947509765625,-0.5808753967285156,-0.001958593726158142
1789729841189753000,11.877753173828125,-1.63217031955719,-0.3474435806274414,-0.31992414593696594
1789729841199690000,11.88768994140625,-0.7345085144042969,-0.1486797332763672,-0.6123425960540771
1789729841209627100,11.897627197265624,-0.21982884407043457,-0.0988168716430664,-0.7115592956542969
1789729841219564000,11.90756396484375,-0.31752872467041016,-0.16192626953125,-0.6149836778640747
1789729841229500700,11.917500732421875,-0.48945343494415283,-0.25059986114501953,-0.6483877897262573
1789729841239437300,11.927437255859376,-0.35145092010498047,-0.16337966918945312,-0.8219698667526245
1789729841249374000,11.9373740234375,-0.058974504470825195,0.02995777130126953,-0.8495894074440002
1789729841259310600,11.947310546875,0.1244281530380249,0.2427530288696289,-0.7242966294288635
1789729841269247200,11.957247314453125,0.18915283679962158,0.4822196960449219,-0.569494366645813
1789729841279184100,11.96718408203125,0.24638581275939941,0.6363315582275391,-0.38005101680755615
1789729841289120800,11.977120849609374,0.48874759674072266,0.6147975921630859,-0.1780666708946228
1789729841299057400,11.987057373046875,0.957115888595581,0.5130643844604492,-0.062241025269031525
1789729841308994000,11.996994140625,1.480179786682129,0.5450849533081055,-0.04028898477554321
1789729841318930700,12.0069306640625,1.9646024703979492,0.833064079284668,-0.02788129448890686
1789729841328867300,12.016867431640625,2.1105904579162598,1.109548568725586,0.10179848968982697
1789729841338804000,12.026803955078124,1.6591126918792725,1.1955585479736328,0.30715635418891907
1789729841348739800,12.03673974609375,1.0015904903411865,1.3038616180419922,0.3836473226547241
1789729841358676700,12.0466767578125,0.5867414474487305,1.369410514831543,0.3103976547718048
1789729841368613400,12.05661328125,0.4440622329711914,1.185257911682129,0.2895595133304596
1789729841378550000,12.066550048828125,0.6448235511779785,0.9001340866088867,0.2751597464084625
1789729841388486700,12.076486572265624,1.080923080444336,0.5130958557128906,0.21855959296226501
1789729841398423300,12.08642333984375,1.4417076110839844,0.0254669189453125,0.14344564080238342
1789729841408360000,12.09635986328125,1.5816514492034912,-0.3815155029296875,0.004059910774230957
1789729841418296600,12.106296630859376,1.5185463428497314,-0.6747121810913086,-0.11234243214130402
1789729841428233200,12.116233154296875,1.272718906402588,-0.8396186828613281,-0.14718346297740936
1789729841438169900,12.126169921875,0.8945519924163818,-0.9881868362426758,-0.1821216642856598
1789729841448106800,12.136106689453126,0.4452059268951416,-1.0549964904785156,-0.20591893792152405
1789729841458043400,12.14604345703125,0.2126607894897461,-1.0201845169067383,-0.20284469425678253
1789729841467980000,12.15597998046875,0.32379841804504395,-1.099264144897461,-0.15845075249671936
1789729841477917000,12.1659169921875,0.5615453720092773,-1.3525772094726562,-0.10666202008724213
1789729841487853600,12.175853515625,0.8575921058654785,-1.598991870880127,-0.07880076766014099
1789729841497790500,12.18579052734375,1.0593056678771973,-1.6934194564819336,-0.10456398129463196
1789729841507727000,12.19572705078125,1.1176602840423584,-1.4930229187011719,-0.1371653527021408
1789729841517664000,12.2056640625,0.8736236095428467,-1.1820716857910156,-0.0280667245388031
1789729841527600600,12.2156005859375,0.4067525863647461,-0.8887557983398438,0.263540118932724
1789729841537537500,12.22553759765625,0.029009103775024414,-0.6307830810546875,0.540870189666748
1789729841547474200,12.23547412109375,-0.04778122901916504,-0.5030937194824219,0.6536214351654053
1789729841557411000,12.2454111328125,0.09014725685119629,-0.4266996383666992,0.5760232210159302
1789729841567347700,12.25534765625,0.298412561416626,-0.39710521697998047,0.36920279264450073
1789729841577284600,12.26528466796875,0.5336403846740723,-0.3214120864868164,0.10482332110404968
1789729841587221200,12.27522119140625,0.6730284690856934,-0.26929569244384766,-0.02559340000152588
1789729841597158100,12.285158203125,0.6656651496887207,-0.3216819763183594,0.11332100629806519
1789729841607095000,12.295094970703126,0.7971057891845703,-0.5281963348388672,0.36524534225463867
1789729841617031700,12.30503173828125,1.2875359058380127,-0.7291355133056641,0.4135220944881439
1789729841626968600,12.314968505859374,1.7589941024780273,-0.8115816116333008,0.19225606322288513
1789729841636905200,12.3249052734375,1.9609858989715576,-0.7052593231201172,-0.08417567610740662
1789729841646842000,12.334842041015625,1.6927330493927002,-0.47786903381347656,-0.2143963873386383
1789729841656778800,12.34477880859375,0.8803222179412842,-0.2453899383544922,-0.13820898532867432
1789729841666715600,12.354715576171875,0.03733110427856445,0.05688762664794922,0.03836175799369812
1789729841676652300,12.36465234375,-0.4649074077606201,0.3016843795776367,0.2910967469215393
1789729841686589200,12.374589111328126,-0.3762819766998291,0.5373687744140625,0.3612578511238098
1789729841696525800,12.38452587890625,0.10200953483581543,0.8438749313354492,0.251326322555542
1789729841706462700,12.394462646484374,0.43590235710144043,1.1286649703979492,0.18502482771873474
1789729841716399400,12.4043994140625,0.4096348285675049,1.2672348022460938,0.32955124974250793
1789729841726336300,12.414336181640625,0.3315601348876953,1.2678194046020508,0.5618568062782288
1789729841736273000,12.42427294921875,0.48148107528686523,1.2149677276611328,0.6864467859268188
1789729841746209800,12.434209716796875,0.884376049041748,1.0511608123779297,0.7575116157531738
1789729841756146400,12.444146484375,1.429110050201416,0.7805061340332031,0.8310943245887756
1789729841766082600,12.45408251953125,1.9466915130615234,0.537999153137207,0.8204469680786133
1789729841776019000,12.46401904296875,2.265101432800293,0.4298219680786133,0.6988860964775085
1789729841785955300,12.473955322265626,2.272136688232422,0.5697469711303711,0.494926780462265
1789729841795892000,12.48389208984375,1.8503749370574951,0.790135383605957,0.3521774411201477
1789729841805828900,12.493828857421875,1.0830938816070557,0.8606233596801758,0.32114121317863464
1789729841815765800,12.503765869140626,0.49338722229003906,0.8840770721435547,0.29296162724494934
1789729841825702700,12.51370263671875,0.33741211891174316,0.8424654006958008,0.15876638889312744
1789729841835639600,12.5236396484375,0.4891939163208008,0.7283544540405273,0.004213154315948486
1789729841845576400,12.533576416015626,0.7952919006347656,0.552525520324707,-0.10821306705474854
1789729841855513000,12.54351318359375,0.9912960529327393,0.4162302017211914,-0.2303813248872757
1789729841865450000,12.553449951171874,0.9224643707275391,0.2397937774658203,-0.2502342462539673
1789729841875387000,12.563386962890625,0.7370820045471191,-0.1246633529663086,-0.17802536487579346
1789729841885323800,12.57332373046875,0.53035569190979,-0.5091428756713867,-0.2470579296350479
1789729841895260700,12.5832607421875,0.25356006622314453,-0.564204216003418,-0.4591866135597229
1789729841905197600,12.593197509765625,-0.06215620040893555,-0.29453086853027344,-0.6037248373031616
1789729841915134200,12.60313427734375,-0.3769698143005371,0.06341171264648438,-0.37977099418640137
1789729841925070300,12.6130703125,-0.6520754098892212,0.29517078399658203,0.1267140507698059
1789729841935006200,12.623006103515625,-0.8592973947525024,0.26815128326416016,0.6476470232009888
1789729841944942600,12.632942626953126,-0.5539863109588623,0.08114337921142578,0.8532375693321228
1789729841954879200,12.642879150390625,0.264066219329834,-0.25034427642822266,0.6914144158363342
1789729841964816400,12.65281640625,0.8868560791015625,-0.6924505233764648,0.42662298679351807
1789729841974753300,12.662753173828126,0.9492127895355225,-1.1742305755615234,0.29742431640625
1789729841984690700,12.672690673828125,0.6780881881713867,-1.5995664596557617,0.30514007806777954
1789729841994627800,12.6826279296875,0.3026597499847412,-1.934255599975586,0.34931349754333496
1789729842004565000,12.69256494140625,0.008805990219116211,-2.1131820678710938,0.3220931887626648
1789729842014501600,12.702501708984375,-0.12794017791748047,-2.1245293617248535,0.2344105839729309
1789729842024438300,12.712438232421874,-0.2675832509994507,-1.9544086456298828,0.07550656795501709
1789729842034375000,12.722375,-0.43263113498687744,-1.490626335144043,-0.20148363709449768
1789729842044311600,12.7323115234375,-0.7384675741195679,-0.7378940582275391,-0.3966577649116516
1789729842054248200,12.742248291015626,-1.151049017906189,0.058455467224121094,-0.4205353856086731
1789729842064184800,12.752184814453125,-1.4268615245819092,0.7875070571899414,-0.3392713665962219
1789729842074121500,12.76212158203125,-1.2866872549057007,1.2974109649658203,-0.16196775436401367
1789729842084058400,12.772058349609376,-0.5437936782836914,1.4808330535888672,0.05885583162307739
1789729842093995000,12.7819951171875,0.598881721496582,1.384434700012207,0.13812196254730225
1789729842103931600,12.791931640625,1.8467774391174316,1.0492706298828125,-0.010349452495574951
1789729842113868300,12.801868408203125,2.8387863636016846,0.6309738159179688,-0.1862320601940155
1789729842123805000,12.811804931640625,3.332228183746338,0.2640800476074219,-0.19543004035949707
1789729842133741600,12.821741455078126,3.2607319355010986,0.05068778991699219,-0.044559210538864136
1789729842143678200,12.83167822265625,2.6859288215637207,0.09177875518798828,0.17164075374603271
1789729842153614800,12.84161474609375,1.8259162902832031,0.33368873596191406,0.35252875089645386
1789729842163551500,12.851551513671875,0.935633659362793,0.6442604064941406,0.5045772790908813
1789729842173488000,12.861488037109375,0.144514799118042,0.8313283920288086,0.7571051120758057
1789729842183425000,12.871425048828126,-0.3988943099975586,0.8911676406860352,1.0440614223480225
1789729842193361700,12.881361572265625,-0.5481119155883789,0.8455934524536133,1.1606086492538452
1789729842203298600,12.891298583984375,-0.2934436798095703,0.7082834243774414,1.1172257661819458
1789729842213235500,12.9012353515625,0.09706997871398926,0.3873863220214844,1.0380406379699707
1789729842223172000,12.911172119140625,0.43682098388671875,-0.019804954528808594,0.8673787713050842
1789729842233109000,12.92110888671875,0.5994126796722412,-0.30565357208251953,0.562718391418457
1789729842243045600,12.931045654296875,0.5155041217803955,-0.4653511047363281,0.255132257938385
1789729842252982500,12.940982421875,0.26834702491760254,-0.5077838897705078,0.04248720407485962
1789729842262919200,12.950919189453124,-0.007507801055908203,-0.4512348175048828,-0.05466353893280029
1789729842272856000,12.96085595703125,-0.23178982734680176,-0.43847084045410156,-0.022736072540283203
1789729842282792700,12.970792724609375,-0.20581960678100586,-0.5215015411376953,0.13580536842346191
1789729842292729600,12.9807294921875,0.10527515411376953,-0.6815242767333984,0.3525982201099396
1789729842302666200,12.990666259765625,0.4882371425628662,-0.8885269165039062,0.5687066912651062
1789729842312603100,13.00060302734375,0.8228597640991211,-1.2844152450561523,0.7360348701477051
1789729842322539800,13.010539794921876,1.137317419052124,-1.7622222900390625,0.9232571721076965
1789729842332476700,13.0204765625,1.4407899379730225,-2.2512102127075195,1.0327619314193726
1789729842342413300,13.030413330078124,1.5678601264953613,-2.5062952041625977,0.9404462575912476
1789729842352350200,13.04035009765625,1.340019941329956,-2.494546890258789,0.6863069534301758
1789729842362286800,13.050286865234375,0.781651496887207,-2.1793222427368164,0.36068180203437805
1789729842372223700,13.0602236328125,-0.05577993392944336,-1.6450862884521484,0.20063388347625732
1789729842382160400,13.070160400390625,-1.064327359199524,-0.9732341766357422,0.2227029800415039
1789729842392097300,13.08009716796875,-1.8931713104248047,-0.16145038604736328,0.22307127714157104
1789729842402034000,13.090033935546876,-2.2017645835876465,0.619502067565918,0.1520063281059265
1789729842411970800,13.099970703125,-1.8900418281555176,1.1927547454833984,0.07834050059318542
1789729842421907500,13.109907470703124,-1.2407771348953247,1.4235897064208984,-0.019420117139816284
1789729842431844400,13.11984423828125,-0.5445950031280518,1.3064918518066406,-0.10523158311843872
1789729842441781000,13.129781005859375,0.17314577102661133,0.8318338394165039,-0.10687725245952606
1789729842451718000,13.1397177734375,1.0131466388702393,0.126129150390625,-0.04807804524898529
1789729842461654500,13.149654541015625,1.9119744300842285,-0.5679073333740234,-0.07654714584350586
1789729842471591400,13.15959130859375,2.7325432300567627,-1.0635137557983398,-0.11312633752822876
1789729842481528000,13.169528076171876,3.424835681915283,-1.3278231620788574,-0.13290008902549744
1789729842491465000,13.17946484375,3.8755476474761963,-1.3756499290466309,0.01940426230430603
1789729842501401600,13.189401611328124,3.951106309890747,-1.2301445007324219,0.2880699634552002
1789729842511338500,13.19933837890625,3.6956753730773926,-0.898585319519043,0.4666801691055298
1789729842521275100,13.209275146484375,3.1133804321289062,-0.46320152282714844,0.44074517488479614
1789729842531212300,13.21921240234375,2.316030740737915,0.00434112548828125,0.3570573627948761
1789729842541149400,13.2291494140625,1.4508635997772217,0.49944210052490234,0.30734238028526306
1789729842551086000,13.239086181640625,0.680234432220459,0.9143390655517578,0.1889209747314453
1789729842561022700,13.249022705078126,0.26668238639831543,1.2029123306274414,-0.0704863965511322
1789729842570959400,13.25895947265625,0.17638468742370605,1.3008813858032227,-0.23713232576847076
1789729842580896000,13.26889599609375,0.44777631759643555,1.2722959518432617,-0.3139289617538452
1789729842590833000,13.2788330078125,0.9825382232666016,1.0936698913574219,-0.32022780179977417
1789729842600769500,13.28876953125,1.520214319229126,0.8633432388305664,-0.3755831718444824
1789729842610706400,13.29870654296875,1.9049830436706543,0.7187013626098633,-0.4772298336029053
1789729842620643300,13.308643310546875,2.0913331508636475,0.568882942199707,-0.4780445396900177
1789729842630580200,13.318580322265625,2.1383209228515625,0.4460773468017578,-0.4279469847679138
1789729842640516900,13.328516845703126,2.1238067150115967,0.3633251190185547,-0.3524739146232605
1789729842650453800,13.338453857421875,2.0783755779266357,0.26410675048828125,-0.2175276130437851
1789729842660390400,13.348390380859374,2.036714553833008,0.14882278442382812,-0.043714024126529694
1789729842670327300,13.358327392578126,2.076479196548462,0.09838008880615234,0.021053887903690338
1789729842680264000,13.368263916015625,2.0885865688323975,0.08532524108886719,-0.024121373891830444
1789729842690200600,13.37820068359375,1.9205312728881836,0.12313556671142578,-0.06593210995197296
1789729842700137200,13.38813720703125,1.5966782569885254,0.3049440383911133,-0.0904344916343689
1789729842710073900,13.398073974609375,1.134732961654663,0.4231109619140625,0.022150598466396332
1789729842720010500,13.408010498046876,0.6984610557556152,0.30689048767089844,0.3375815153121948
1789729842729947600,13.41794775390625,0.6140918731689453,0.1363544464111328,0.6625508069992065
1789729842739884500,13.427884521484375,0.8418958187103271,0.0896615982055664,0.6683437824249268
1789729842749821400,13.437821533203126,0.8986165523529053,0.24885845184326172,0.3079093098640442
1789729842759758000,13.447758056640625,0.5064518451690674,0.8146018981933594,-0.32650935649871826
1789729842769695000,13.457695068359374,-0.3246448040008545,2.0078821182250977,-1.064380168914795
1789729842779631600,13.467631591796875,-1.7211532592773438,3.3553686141967773,-1.2250770330429077
1789729842789568500,13.477568603515625,-3.3598289489746094,4.186099052429199,-0.4863085448741913
1789729842799505200,13.487505126953126,-4.034141540527344,4.91990852355957,0.249195396900177
1789729842809441800,13.49744189453125,-2.9248228073120117,5.217008590698242,0.23019304871559143
1789729842819378400,13.50737841796875,-0.19916820526123047,4.329190254211426,-0.012417376041412354
1789729842829315000,13.517315185546876,3.1950228214263916,2.56520938873291,0.3156054615974426
1789729842839251700,13.527251708984375,6.31860876083374,1.0621461868286133,0.9286254644393921
1789729842849188400,13.537188232421874,7.706358909606934,0.047814369201660156,1.439777135848999
1789729842859125200,13.547125244140625,7.100629806518555,-0.6660594940185547,1.6110435724258423
1789729842869062000,13.557061767578125,4.807483673095703,-0.8965330123901367,1.3152109384536743
1789729842878998500,13.56699853515625,1.5170598030090332,-0.641657829284668,0.5811523795127869
1789729842888935200,13.57693505859375,-1.4867311716079712,-0.10768508911132812,-0.13759036362171173
1789729842898871800,13.586871826171874,-3.290341377258301,0.4795656204223633,-0.3772943615913391
1789729842908808400,13.596808349609375,-4.031018257141113,0.7124729156494141,-0.13650213181972504
1789729842918745000,13.6067451171875,-3.9032349586486816,0.7336435317993164,0.15732502937316895
1789729842928682000,13.616681884765624,-2.9874305725097656,0.5638084411621094,0.30517247319221497
1789729842938618600,13.62661865234375,-1.71820068359375,0.2703533172607422,0.3168046176433563
1789729842948555500,13.636555419921875,-0.6337422132492065,-0.17445087432861328,0.11213544011116028
1789729842958492200,13.6464921875,0.10849952697753906,-0.5699348449707031,-0.15220120549201965
1789729842968429000,13.656428955078125,0.36751890182495117,-0.9313774108886719,-0.2895444333553314
1789729842978365700,13.66636572265625,0.3006157875061035,-1.1023578643798828,-0.38946226239204407
1789729842988302600,13.676302490234375,0.12695860862731934,-1.1532926559448242,-0.36649322509765625
1789729842998239200,13.6862392578125,-0.18908977508544922,-1.259425163269043,-0.21622073650360107
1789729843008176000,13.696176025390624,-0.5575733184814453,-1.4568843841552734,-0.09510469436645508
1789729843018112800,13.70611279296875,-0.6522262096405029,-1.502781867980957,-0.15578418970108032
1789729843028049700,13.716049560546875,-0.3466010093688965,-1.4836854934692383,-0.257342129945755
1789729843037986300,13.725986328125,0.2889866828918457,-1.4205102920532227,-0.18991351127624512
1789729843047923200,13.735923095703125,0.9518654346466064,-1.4353752136230469,-0.02700681984424591
1789729843057859800,13.74585986328125,1.2486248016357422,-1.4443655014038086,0.1202666163444519
1789729843067796700,13.755796630859376,0.9821312427520752,-1.3331918716430664,0.1370316743850708
1789729843077733600,13.765733642578125,0.32356834411621094,-1.1295185089111328,0.1917858123779297
1789729843087670500,13.77567041015625,-0.5588259696960449,-0.9532499313354492,0.2504284083843231
1789729843097607400,13.785607421875,-1.3080954551696777,-0.7065162658691406,0.313370943069458
1789729843107544300,13.79554443359375,-1.7647277116775513,-0.4146432876586914,0.31967705488204956
1789729843117481200,13.805481201171874,-2.0115387439727783,-0.32839393615722656,0.32030001282691956
1789729843127418000,13.815418212890625,-1.9389865398406982,-0.35199451446533203,0.2607913613319397
1789729843137354800,13.825354736328125,-1.6519395112991333,-0.43093299865722656,0.09477153420448303
1789729843147291600,13.835291748046876,-1.179846167564392,-0.563410758972168,-0.04408985376358032
1789729843157228500,13.845228515625,-0.6657100319862366,-0.7143354415893555,-0.15051785111427307
1789729843167165400,13.85516552734375,-0.25057995319366455,-0.7410211563110352,-0.25729987025260925
1789729843177102300,13.865102294921876,0.011191964149475098,-0.6441812515258789,-0.37491896748542786
1789729843187039200,13.875039306640625,0.049517273902893066,-0.4290275573730469,-0.6167531609535217
1789729843196976000,13.88497607421875,-0.3087245225906372,0.14588165283203125,-1.0039376020431519
1789729843206912800,13.894912841796875,-0.9747740030288696,1.1881608963012695,-1.5218966007232666
1789729843216849700,13.904849609375,-1.9908146858215332,2.5357131958007812,-1.8789570331573486
1789729843226786300,13.914786376953124,-3.112175703048706,3.9485301971435547,-1.5726962089538574
1789729843236723200,13.92472314453125,-4.083434581756592,4.804675102233887,-0.5253685712814331
1789729843246659800,13.934659912109375,-4.208721160888672,4.949213981628418,0.68143230676651
1789729843256596700,13.9445966796875,-2.5840299129486084,4.094326019287109,1.5211204290390015
1789729843266533400,13.954533447265625,0.41773974895477295,1.8589839935302734,1.898008108139038
1789729843276470300,13.96447021484375,3.4261765480041504,-0.8804855346679688,2.0817887783050537
1789729843286407000,13.974406982421876,5.677674293518066,-3.0936365127563477,1.8821741342544556
1789729843296343800,13.98434375,6.457974433898926,-4.552892684936523,1.376196026802063
1789729843306280400,13.994280517578124,5.6680378913879395,-5.233064651489258,0.8093057870864868
1789729843316217300,14.00421728515625,3.7052805423736572,-5.053265571594238,0.34392035007476807
1789729843326153500,14.014153564453125,1.1887987852096558,-4.203243255615234,0.024853140115737915
1789729843336090600,14.024090576171876,-1.23050856590271,-2.974172592163086,-0.2429070919752121
1789729843346027800,14.03402783203125,-2.9944229125976562,-1.6098155975341797,-0.2079910933971405
1789729843355964700,14.043964599609374,-3.8730878829956055,-0.5428018569946289,0.06011343002319336
1789729843365900000,14.053900146484375,-3.5452098846435547,0.10410404205322266,0.17184776067733765
1789729843375836000,14.0638359375,-1.989583969116211,0.28606510162353516,-0.01546323299407959
1789729843385772000,14.07377197265625,0.017691373825073242,0.04876422882080078,-0.4496156573295593
1789729843395709200,14.083709228515625,1.708016276359558,-0.32072925567626953,-0.9251646399497986
1789729843405646600,14.093646484375,2.729858875274658,-0.7413969039916992,-1.2123456001281738
1789729843415584000,14.103583984375,2.8713021278381348,-1.1284894943237305,-1.3906129598617554
1789729843425521400,14.113521484375,1.9878394603729248,-1.4550676345825195,-1.3165433406829834
1789729843435458800,14.123458740234375,0.48422908782958984,-1.7856450080871582,-1.1661319732666016
1789729843445395200,14.133395263671876,-0.7389701008796692,-1.7422990798950195,-1.0154263973236084
1789729843455331600,14.14333154296875,-1.4472639560699463,-1.4987602233886719,-0.8385945558547974
1789729843465268000,14.15326806640625,-1.8285658359527588,-1.0503206253051758,-0.591886579990387
1789729843475204600,14.16320458984375,-2.0953712463378906,-0.4906120300292969,-0.36574167013168335
1789729843485141500,14.1731416015625,-2.219682216644287,0.1250600814819336,-0.16731929779052734
1789729843495078400,14.183078369140626,-2.3128445148468018,0.7580976486206055,-0.06657391786575317
1789729843505015300,14.193015380859375,-2.2336552143096924,1.2433757781982422,-0.013182520866394043
1789729843514953200,14.202953125,-1.9975563287734985,1.482844352722168,0.00022029876708984375
1789729843524889900,14.212889892578126,-1.6208351850509644,1.505244255065918,-0.04396325349807739
1789729843534826800,14.22282666015625,-1.1255377531051636,1.4992599487304688,-0.24694833159446716
1789729843544763400,14.232763427734374,-0.7178863286972046,1.3974428176879883,-0.44608837366104126
1789729843554700300,14.2427001953125,-0.4945836067199707,1.3048772811889648,-0.5668268203735352
1789729843564637000,14.252636962890625,-0.40752267837524414,1.243168830871582,-0.5213467478752136
1789729843574573800,14.26257373046875,-0.3794306516647339,1.1981382369995117,-0.2715291678905487
1789729843584510500,14.272510498046875,-0.3581453561782837,1.3755550384521484,-0.06653499603271484
1789729843594447400,14.282447265625,-0.3106415271759033,1.7704944610595703,0.10436636209487915
1789729843604384000,14.292384033203126,-0.22273719310760498,2.1604623794555664,0.3463315963745117
1789729843614321000,14.30232080078125,-0.024054408073425293,2.4379425048828125,0.6144487261772156
1789729843624257500,14.312257568359374,0.26091325283050537,2.4955053329467773,0.9237419366836548
1789729843634194400,14.3221943359375,0.7411322593688965,2.3163909912109375,1.2320072650909424
1789729843644131000,14.332131103515625,1.3330683708190918,1.9334735870361328,1.4217432737350464
1789729843654068000,14.34206787109375,1.8734502792358398,1.4845705032348633,1.4284991025924683
1789729843664004600,14.352004638671875,2.097700834274292,0.9856557846069336,1.3464899063110352
1789729843673941500,14.36194140625,2.013018846511841,0.5226879119873047,1.2791626453399658
1789729843683878100,14.371878173828126,1.6599464416503906,0.20810699462890625,1.1495699882507324
1789729843693815000,14.38181494140625,1.0038119554519653,0.030531883239746094,0.9691838622093201
1789729843703751700,14.391751708984375,0.20046842098236084,-0.023291587829589844,0.8386003375053406
1789729843713688600,14.4016884765625,-0.5208141803741455,-0.16746807098388672,0.809420108795166
1789729843723625200,14.411625244140625,-0.986102819442749,-0.43210697174072266,0.6990055441856384
1789729843733562000,14.42156201171875,-1.118851900100708,-0.7974605560302734,0.4757600426673889
1789729843743498800,14.431498779296875,-1.0781583786010742,-1.177347183227539,0.2281857132911682
1789729843753435600,14.441435546875,-1.0335206985473633,-1.5194330215454102,-0.09176510572433472
1789729843763372500,14.45137255859375,-1.1112569570541382,-1.706946849822998,-0.4202353358268738
1789729843773309200,14.46130908203125,-1.264570713043213,-1.699681282043457,-0.6810840368270874
1789729843783246000,14.47124609375,-1.4850354194641113,-1.5914058685302734,-0.840815544128418
1789729843793182700,14.4811826171875,-1.800934076309204,-1.4899406433105469,-0.8217677474021912
1789729843803119600,14.49111962890625,-2.072737216949463,-1.3186664581298828,-0.6252735257148743
1789729843813056300,14.50105615234375,-2.134716510772705,-1.1231069564819336,-0.4401020407676697
1789729843822993200,14.5109931640625,-1.9511711597442627,-0.9727687835693359,-0.32695209980010986
1789729843832929800,14.5209296875,-1.5804446935653687,-0.841618537902832,-0.2802655100822449
1789729843842866700,14.53086669921875,-1.1380529403686523,-0.7825279235839844,-0.2568485140800476
1789729843852803300,14.54080322265625,-0.7072115540504456,-0.8120813369750977,-0.174127459526062
1789729843862740200,14.550740234375,-0.26863348484039307,-0.8703584671020508,-0.03453338146209717
1789729843872676900,14.5606767578125,0.2739168405532837,-0.9144401550292969,0.10288900136947632
1789729843882613800,14.57061376953125,0.7263673543930054,-1.0069208145141602,0.2511264681816101
1789729843892550400,14.58055029296875,1.0345159769058228,-1.0737543106079102,0.31790316104888916
1789729843902487300,14.5904873046875,1.2225942611694336,-0.9692420959472656,0.2676007151603699
1789729843912424000,14.600423828125,1.2563040256500244,-0.7055139541625977,0.20965313911437988
1789729843922360800,14.61036083984375,1.1240267753601074,-0.35903453826904297,0.2115868330001831
1789729843932297500,14.62029736328125,0.8323214054107666,-0.005949974060058594,0.22413402795791626
1789729843942234400,14.630234375,0.5244550704956055,0.3589754104614258,0.1805102825164795
1789729843952171000,14.6401708984375,0.32322537899017334,0.716832160949707,0.14800459146499634
1789729843962108000,14.65010791015625,0.26709532737731934,0.9934282302856445,0.1418134570121765
1789729843972044500,14.66004443359375,0.26679527759552,1.1766462326049805,0.16529154777526855
1789729843981981400,14.6699814453125,0.37922203540802,1.2352705001831055,0.15224987268447876
1789729843991918000,14.67991796875,0.5417904853820801,1.1883554458618164,0.05502462387084961
1789729844001855000,14.68985498046875,0.669141411781311,1.0528125762939453,-0.0743858814239502
1789729844011792000,14.6997919921875,0.6767998933792114,0.8745126724243164,-0.19176694750785828
1789729844021728800,14.709728759765625,0.5840842723846436,0.5919656753540039,-0.23165521025657654
1789729844031665700,14.719665771484374,0.6430968046188354,0.3467979431152344,-0.2609379291534424
1789729844041602600,14.7296025390625,0.9057073593139648,0.20793437957763672,-0.3030381202697754
1789729844051539500,14.73953955078125,1.1456716060638428,0.13623428344726562,-0.2990686297416687
1789729844061476400,14.749476318359376,1.270899772644043,0.13607025146484375,-0.291830837726593
1789729844071413200,14.759413330078125,1.266784429550171,0.22406768798828125,-0.3050682246685028
1789729844081350100,14.76935009765625,1.1510275602340698,0.3811674118041992,-0.2829160690307617
1789729844091287000,14.779287109375,1.0219721794128418,0.5788869857788086,-0.2046646624803543
1789729844101224200,14.78922412109375,1.017753005027771,0.7048559188842773,-0.13831427693367004
1789729844111161000,14.7991611328125,1.0204998254776,0.6991395950317383,-0.074011892080307
1789729844121098000,14.809097900390626,0.950358510017395,0.5737485885620117,0.05480849742889404
1789729844131034600,14.81903466796875,0.9473743438720703,0.4243440628051758,0.16818660497665405
1789729844140971500,14.828971435546874,1.0762922763824463,0.23849964141845703,0.2654065489768982
1789729844150908200,14.838908203125,1.2129900455474854,0.04203033447265625,0.36021602153778076
1789729844160845000,14.848844970703125,1.2155811786651611,-0.15342235565185547,0.49386557936668396
1789729844170781700,14.85878173828125,1.0748862028121948,-0.3072671890258789,0.5741370916366577
1789729844180718600,14.868718505859375,0.741576075553894,-0.4001350402832031,0.6074038743972778
1789729844190655700,14.87865576171875,0.29321980476379395,-0.4696035385131836,0.595055878162384
1789729844200592400,14.88859228515625,-0.12368440628051758,-0.4910135269165039,0.5212682485580444
1789729844210528800,14.89852880859375,-0.5150542259216309,-0.4471569061279297,0.44423842430114746
1789729844220465400,14.90846533203125,-0.8963288068771362,-0.4092874526977539,0.369061678647995
1789729844230402000,14.918402099609375,-1.182234525680542,-0.41986083984375,0.2716268301010132
1789729844240338400,14.92833837890625,-1.2309414148330688,-0.43309593200683594,0.15834730863571167
1789729844250275300,14.938275390625,-0.9715544581413269,-0.43497562408447266,0.042282551527023315
1789729844260212700,14.948212646484375,-0.5302430391311646,-0.49108123779296875,-0.06091350317001343
1789729844270150100,14.958150146484375,-0.1378178596496582,-0.5760774612426758,-0.15044274926185608
1789729844280086800,14.968086669921876,0.17618036270141602,-0.6379938125610352,-0.21593046188354492
1789729844290024000,14.97802392578125,0.3730795383453369,-0.6724271774291992,-0.26093989610671997
1789729844299960300,14.987960205078124,0.40227794647216797,-0.648259162902832,-0.27836132049560547
1789729844309896700,14.997896728515625,0.316575288772583,-0.612950325012207,-0.2535826563835144
1789729844319833600,15.00783349609375,0.20650732517242432,-0.6353015899658203,-0.13064654171466827
1789729844329771000,15.01777099609375,0.14185357093811035,-0.6479883193969727,0.004250824451446533
1789729844339707600,15.027707763671875,0.13163328170776367,-0.6390571594238281,-0.014855295419692993
1789729844349644500,15.03764453125,0.12045502662658691,-0.6013002395629883,-0.09314015507698059
1789729844359581200,15.047581298828124,0.05391645431518555,-0.5778789520263672,-0.17602869868278503
1789729844369518000,15.05751806640625,-0.1400240659713745,-0.5232524871826172,-0.25457438826560974
1789729844379454700,15.067454833984375,-0.297698974609375,-0.4300241470336914,-0.26987898349761963
1789729844389391600,15.0773916015625,-0.3194471597671509,-0.3460044860839844,-0.14967265725135803
1789729844399328300,15.087328369140625,-0.23522377014160156,-0.2906074523925781,-0.08864501118659973
1789729844409265200,15.09726513671875,-0.14354324340820312,-0.21875286102294922,-0.10305802524089813
1789729844419201800,15.107201904296875,-0.15098464488983154,-0.14496612548828125,-0.16963399946689606
1789729844429140000,15.117139892578125,-0.2610793113708496,-0.073760986328125,-0.21456173062324524
1789729844439074800,15.12707470703125,-0.4242746829986572,0.019350051879882812,-0.19022317230701447
1789729844449010000,15.137010009765625,-0.5292413234710693,0.0895233154296875,-0.1012546718120575
1789729844458945300,15.1469453125,-0.41699445247650146,0.1584787368774414,-0.044941991567611694
1789729844468881400,15.15688134765625,-0.17125236988067627,0.18990325927734375,-0.05028676986694336
1789729844478818300,15.166818359375,0.06054425239562988,0.15227031707763672,-0.0037936270236968994
1789729844488755700,15.176755615234375,0.2673543691635132,0.10251903533935547,0.06042155623435974
1789729844498693600,15.186693603515625,0.4030953645706177,0.052318572998046875,0.09661737084388733
1789729844508632000,15.196632080078125,0.5641871690750122,0.015893936157226562,0.14700403809547424
1789729844518570200,15.2065703125,0.7154566049575806,0.021730422973632812,0.15427294373512268
1789729844528507100,15.216507080078125,0.7811967134475708,0.13887691497802734,0.16625922918319702
1789729844538444000,15.226444091796875,0.545233964920044,0.32187366485595703,0.24844440817832947
1789729844548381000,15.236380859375,0.14972412586212158,0.5498113632202148,0.3405553996562958
1789729844558317600,15.246317626953125,-0.20628845691680908,0.7564411163330078,0.4587433636188507
1789729844568254500,15.25625439453125,-0.3923898935317993,0.8611459732055664,0.5157757997512817
1789729844578191400,15.26619140625,-0.26328909397125244,1.0099735260009766,0.4470251798629761
1789729844588127000,15.276126953125,-0.024387598037719727,1.0159034729003906,0.4039812684059143
1789729844598062800,15.286062744140626,0.20566105842590332,0.8810510635375977,0.4363093972206116
1789729844607999000,15.2959990234375,0.45572805404663086,0.6626100540161133,0.49859490990638733
1789729844617936400,15.305936279296875,0.7789771556854248,0.4461984634399414,0.4522140324115753
1789729844627873800,15.315873779296876,1.021286964416504,0.2287130355834961,0.3196004629135132
1789729844637811500,15.3258115234375,1.0196670293807983,-0.021192550659179688,0.2278866171836853
1789729844647749400,15.335749267578125,0.8287204504013062,-0.2626066207885742,0.22664815187454224
1789729844657685800,15.345685791015624,0.5607352256774902,-0.45674896240234375,0.22574034333229065
1789729844667622100,15.3556220703125,0.27977073192596436,-0.5887870788574219,0.17298805713653564
1789729844677558500,15.36555859375,0.059908270835876465,-0.6201496124267578,0.11367335915565491
1789729844687495000,15.375494873046875,-0.12148725986480713,-0.5724105834960938,0.0648689866065979
1789729844697431800,15.385431884765625,-0.344610333442688,-0.4933605194091797,0.08020210266113281
1789729844707369200,15.395369140625,-0.5326844453811646,-0.43292999267578125,0.10644164681434631
1789729844717306400,15.405306396484375,-0.5385919809341431,-0.4196329116821289,0.032288193702697754
1789729844727243800,15.415243896484375,-0.4014894962310791,-0.4035024642944336,-0.14552955329418182
1789729844737180400,15.425180419921874,-0.2723841667175293,-0.38490962982177734,-0.2826906442642212
1789729844747117300,15.435117431640625,-0.21911394596099854,-0.42143726348876953,-0.31801947951316833
1789729844757054000,15.445053955078125,-0.1765531301498413,-0.46286678314208984,-0.26543357968330383
1789729844766990800,15.454990966796874,-0.12257969379425049,-0.4017801284790039,-0.27044403553009033
1789729844776927500,15.464927490234375,-0.12231218814849854,-0.27655887603759766,-0.2586495876312256
1789729844786865200,15.474865234375,-0.20852041244506836,-0.17307090759277344,-0.17712455987930298
1789729844796800800,15.48480078125,-0.25626373291015625,-0.13399982452392578,-0.07472595572471619
1789729844806736600,15.494736572265625,-0.1796947717666626,-0.05645942687988281,-0.18250757455825806
1789729844816672500,15.504672607421876,-0.1379857063293457,0.04976844787597656,-0.33987560868263245
1789729844826609200,15.514609130859375,-0.2162696123123169,0.024442672729492188,-0.34775495529174805
1789729844836546300,15.52454638671875,-0.2751535177230835,-0.17282390594482422,-0.2564932405948639
1789729844846483500,15.5344833984375,-0.20751869678497314,-0.3364439010620117,-0.32228994369506836
1789729844856421000,15.544421142578125,-0.09676682949066162,-0.3426227569580078,-0.4950242042541504
1789729844866359000,15.554359130859375,-0.21348488330841064,-0.2612438201904297,-0.5211132168769836
1789729844876296200,15.564296142578126,-0.4847613573074341,-0.21648406982421875,-0.40429580211639404
1789729844886232800,15.57423291015625,-0.673618733882904,-0.028677940368652344,-0.36269575357437134
1789729844896170200,15.584170166015625,-0.7429753541946411,0.2685518264770508,-0.38147565722465515
1789729844906106000,15.594106201171876,-0.8375939726829529,0.5030403137207031,-0.28733906149864197
1789729844916042200,15.604042236328125,-1.0049960613250732,0.6584138870239258,-0.022537976503372192
1789729844925979000,15.613978759765626,-1.1281852722167969,0.7589569091796875,0.1003757119178772
1789729844935916000,15.623916015625,-1.057927131652832,0.8264150619506836,0.08184218406677246
1789729844945853000,15.63385302734375,-0.8986929655075073,0.7221126556396484,0.18879956007003784
1789729844955790000,15.6437900390625,-0.6526868343353271,0.4340333938598633,0.34326988458633423
1789729844965727200,15.653727294921875,-0.3733079433441162,0.20580673217773438,0.2506764531135559
1789729844975664400,15.663664306640625,-0.3173334002494812,0.1301870346069336,0.06092643737792969
1789729844985601300,15.673601318359376,-0.5350368022918701,0.10435771942138672,-0.030324935913085938
1789729844995538000,15.683537841796875,-0.8949999809265137,0.14063453674316406,-0.00007063150405883789
1789729845005474800,15.693474853515625,-1.2971841096878052,0.28702449798583984,-0.010246694087982178
1789729845015411500,15.703411376953126,-1.5918431282043457,0.5102272033691406,-0.04446876049041748
1789729845025348400,15.713348388671875,-1.7715901136398315,0.6716365814208984,0.060105979442596436
1789729845035285200,15.72328515625,-1.808699607849121,0.6828012466430664,0.28288745880126953
1789729845045222100,15.73322216796875,-1.647835612297058,0.7468938827514648,0.29889971017837524
1789729845055159000,15.743158935546875,-1.5172932147979736,0.870814323425293,0.15048480033874512
1789729845065095700,15.753095703125,-1.5035780668258667,0.8275060653686523,0.15497392416000366
1789729845075032600,15.763032470703125,-1.387080192565918,0.6603765487670898,0.18864578008651733
1789729845084969500,15.772969482421875,-1.227562665939331,0.5462675094604492,0.09367680549621582
1789729845094905600,15.782905517578126,-1.1693167686462402,0.5400485992431641,-0.06829172372817993
1789729845104842000,15.792842041015625,-1.2092845439910889,0.5960731506347656,-0.0376361608505249
1789729845114778400,15.8027783203125,-1.280147910118103,0.5372409820556641,0.06483054161071777
1789729845124715000,15.812715087890625,-1.271798849105835,0.5430097579956055,0.12228089570999146
1789729845134651600,15.822651611328125,-1.1903272867202759,0.4816417694091797,0.20680421590805054
1789729845144588800,15.8325888671875,-1.1020808219909668,0.2814779281616211,0.29544371366500854
1789729845154526000,15.84252587890625,-1.0332765579223633,0.08860111236572266,0.26903724670410156
1789729845164463400,15.85246337890625,-1.0202995538711548,-0.06576251983642578,0.19780713319778442
1789729845174400500,15.862400390625,-1.1319892406463623,-0.17192935943603516,0.21803653240203857
1789729845184338000,15.872337890625,-1.2227060794830322,-0.2059469223022461,0.2498806118965149
1789729845194274800,15.88227490234375,-1.214531421661377,-0.2062215805053711,0.2014327049255371
1789729845204211500,15.89221142578125,-1.193803071975708,-0.22295188903808594,0.11750948429107666
1789729845214148400,15.9021484375,-1.1072200536727905,-0.2274761199951172,0.052993595600128174
1789729845224085000,15.9120849609375,-0.9174240231513977,-0.3155641555786133,-0.011161625385284424
1789729845234022000,15.92202197265625,-0.6533862352371216,-0.374847412109375,-0.150382399559021
1789729845243959000,15.931958984375,-0.45875734090805054,-0.4294252395629883,-0.2587147355079651
1789729845253895700,15.941895751953124,-0.39121800661087036,-0.5413532257080078,-0.29877182841300964
1789729845263832600,15.95183251953125,-0.3692218065261841,-0.6480989456176758,-0.3142421245574951
1789729845273769500,15.96176953125,-0.3110696077346802,-0.7016515731811523,-0.33209145069122314
1789729845283705900,15.971705810546876,-0.22792136669158936,-0.6613683700561523,-0.3428668975830078
1789729845293642500,15.981642578125,-0.09411108493804932,-0.5346260070800781,-0.36263152956962585
1789729845303580000,15.991579833984375,0.04075658321380615,-0.40537261962890625,-0.36189985275268555
1789729845313516800,16.001516845703126,0.07381153106689453,-0.38119029998779297,-0.2816545367240906
1789729845323453700,16.01145361328125,0.14490067958831787,-0.38046741485595703,-0.23743346333503723
1789729845333390300,16.021390380859376,0.44187843799591064,-0.3793792724609375,-0.334397554397583
1789729845343327200,16.0313271484375,0.76036536693573,-0.4523611068725586,-0.4427369236946106
1789729845353263900,16.041263916015627,0.959761381149292,-0.6353597640991211,-0.5400040149688721
1789729845363200800,16.05120068359375,1.155996322631836,-0.8302221298217773,-0.6014829874038696
1789729845373137400,16.061137451171874,1.2588951587677002,-1.029815673828125,-0.6142914295196533
1789729845383074300,16.07107421875,1.329183578491211,-1.1479101181030273,-0.6629557609558105
1789729845393011000,16.081010986328124,1.4286984205245972,-1.1153602600097656,-0.6955916881561279
1789729845402948900,16.090948974609375,1.4960495233535767,-1.0210657119750977,-0.6451639533042908
1789729845412884700,16.100884765625,1.4768738746643066,-0.8820409774780273,-0.5696362257003784
1789729845422820600,16.110820556640626,1.3227723836898804,-0.6911888122558594,-0.5053858757019043
1789729845432756700,16.1207568359375,1.0750453472137451,-0.45082569122314453,-0.45057612657546997
1789729845442693000,16.130693115234376,0.774620771408081,-0.22057342529296875,-0.41338273882865906
1789729845452629800,16.140629638671875,0.5025317668914795,-0.04072761535644531,-0.41667258739471436
1789729845462567000,16.15056689453125,0.20622491836547852,0.04132843017578125,-0.42914268374443054
1789729845472504300,16.16050439453125,-0.018237948417663574,0.059581756591796875,-0.47303587198257446
1789729845482442000,16.17044189453125,-0.035547614097595215,0.023899078369140625,-0.4702383875846863
1789729845492379400,16.18037939453125,0.148795485496521,-0.07059288024902344,-0.3948080241680145
1789729845502316800,16.19031689453125,0.42324233055114746,-0.14773082733154297,-0.3711797893047333
1789729845512253200,16.200253173828123,0.6764545440673828,-0.23903369903564453,-0.35532963275909424
1789729845522190600,16.210190673828127,0.8609760999679565,-0.3376436233520508,-0.38405001163482666
1789729845532127500,16.22012744140625,0.9278606176376343,-0.37198352813720703,-0.42500168085098267
1789729845542064000,16.230064208984373,0.8618301153182983,-0.33007335662841797,-0.4169869124889374
1789729845552001000,16.2400009765625,0.751347541809082,-0.19498729705810547,-0.36006960272789
1789729845561937700,16.249937744140624,0.6521235704421997,-0.059937477111816406,-0.24113686382770538
1789729845571874600,16.25987451171875,0.5917595624923706,0.04649543762207031,-0.11606869101524353
1789729845581811200,16.269811279296874,0.5558687448501587,0.1721210479736328,-0.043320655822753906
1789729845591748000,16.279748046875,0.45353758335113525,0.3264455795288086,-0.0103951096534729
1789729845601684700,16.289684814453125,0.3751119375228882,0.47605323791503906,0.042527973651885986
1789729845611621600,16.29962158203125,0.3469357490539551,0.5086193084716797,0.1493242383003235
1789729845621558300,16.309558349609375,0.43926501274108887,0.47681236267089844,0.2292047142982483
1789729845631495200,16.3194951171875,0.6755754947662354,0.4306507110595703,0.2835862636566162
1789729845641431800,16.329431884765626,0.9904029369354248,0.35753822326660156,0.25921541452407837
1789729845651368700,16.33936865234375,1.193882942199707,0.3620433807373047,0.21710526943206787
1789729845661305300,16.349305419921876,1.1458396911621094,0.35308265686035156,0.24020493030548096
1789729845671242200,16.3592421875,0.9660072326660156,0.36215972900390625,0.2959340214729309
1789729845681179000,16.369178955078127,0.7278884649276733,0.4590187072753906,0.2731982469558716
1789729845691115800,16.37911572265625,0.4834613800048828,0.6320476531982422,0.2007383108139038
1789729845701052700,16.389052734375,0.23418879508972168,0.7955770492553711,0.27269989252090454
1789729845710990300,16.398990234375,0.1312863826751709,0.7896890640258789,0.34990859031677246
1789729845720927500,16.408927490234376,0.2624518871307373,0.6550321578979492,0.33485162258148193
1789729845730864400,16.418864501953124,0.48398756980895996,0.40310096740722656,0.21663033962249756
1789729845740801300,16.42880126953125,0.583271861076355,-0.026273727416992188,0.052904605865478516
1789729845750738000,16.438738037109374,0.5180590152740479,-0.4872102737426758,-0.07016754150390625
1789729845760674800,16.4486748046875,0.29081642627716064,-0.8313159942626953,-0.25147750973701477
1789729845770611200,16.458611083984376,-0.11007416248321533,-0.8934516906738281,-0.47503024339675903
1789729845780548400,16.46854833984375,-0.7189695835113525,-0.6803960800170898,-0.64751136302948
1789729845790485500,16.478485595703123,-1.431532621383667,-0.36605262756347656,-0.5635237693786621
1789729845800422400,16.48842236328125,-2.0043997764587402,-0.0836172103881836,-0.3963407874107361
1789729845810359000,16.498359130859374,-2.228714942932129,0.1266021728515625,-0.3079651892185211
1789729845820296000,16.5082958984375,-2.0914061069488525,0.2621183395385742,-0.3990832269191742
1789729845830232600,16.518232666015624,-1.7750340700149536,0.31546497344970703,-0.47103509306907654
1789729845840169700,16.528169677734375,-1.268747329711914,0.21425151824951172,-0.3000975251197815
1789729845850106600,16.538106689453127,-0.6578440070152283,-0.08085250854492188,-0.1196635365486145
1789729845860043300,16.548043212890626,-0.12326192855834961,-0.3245697021484375,-0.18695330619812012
1789729845869980200,16.557980224609373,0.24243509769439697,-0.4507904052734375,-0.27619385719299316
1789729845879916800,16.567916748046876,0.2391148805618286,-0.6198196411132812,-0.17185837030410767
1789729845889853700,16.577853759765624,0.06168532371520996,-0.7401094436645508,-0.03027498722076416
1789729845899790300,16.587790283203127,-0.14659738540649414,-0.7440423965454102,0.01414942741394043
1789729845909727200,16.597727294921874,-0.3194272518157959,-0.5521631240844727,-0.08037883043289185
1789729845919663900,16.607663818359374,-0.5250961780548096,-0.25516414642333984,-0.09102588891983032
1789729845929600800,16.617600830078125,-0.7552604675292969,-0.05365467071533203,0.04176062345504761
1789729845939537400,16.627537353515624,-0.8857818841934204,0.09807205200195312,0.14896661043167114
1789729845949474300,16.637474365234375,-0.8501206040382385,0.3147115707397461,0.07652485370635986
1789729845959412000,16.647411865234375,-0.6681946516036987,0.4572639465332031,-0.056572675704956055
1789729845969348900,16.657348876953126,-0.4274415969848633,0.4441823959350586,-0.15090012550354004
1789729845979285800,16.66728564453125,-0.24836945533752441,0.32073116302490234,-0.26243722438812256
1789729845989222400,16.677222412109376,-0.12831616401672363,0.23516178131103516,-0.5180082321166992
1789729845999159300,16.6871591796875,-0.12840723991394043,0.23058223724365234,-0.7110334634780884
1789729846009096000,16.697095947265623,-0.2849231958389282,0.22818660736083984,-0.769402265548706
1789729846019032800,16.70703271484375,-0.46811044216156006,0.2402477264404297,-0.7246655821800232
1789729846028969500,16.716969482421874,-0.593498945236206,0.3362464904785156,-0.7033746242523193
1789729846038906400,16.72690625,-0.674486517906189,0.5209732055664062,-0.6124923229217529
1789729846048843000,16.736843017578124,-0.6617628335952759,0.6389236450195312,-0.400969535112381
1789729846058780000,16.74677978515625,-0.4947923421859741,0.6111068725585938,-0.16760575771331787
1789729846068716500,16.756716552734375,-0.28626930713653564,0.5688714981079102,-0.035914838314056396
1789729846078653400,16.7666533203125,-0.1156303882598877,0.4976463317871094,0.04668009281158447
1789729846088590000,16.776590087890625,-0.11909699440002441,0.38323211669921875,0.13237226009368896
1789729846098527000,16.78652685546875,-0.2591860294342041,0.2713041305541992,0.18810886144638062
1789729846108463600,16.796463623046876,-0.3964003324508667,0.27684974670410156,0.1994783878326416
1789729846118400500,16.806400390625,-0.5144830942153931,0.37094879150390625,0.1908310055732727
1789729846128337400,16.81633740234375,-0.6477424502372742,0.4410734176635742,0.25684094429016113
1789729846138274300,16.8262744140625,-0.6724796891212463,0.43700313568115234,0.2967337369918823
1789729846148211200,16.836211181640625,-0.5881342887878418,0.34913063049316406,0.28536462783813477
1789729846158148000,16.846148193359376,-0.5040475130081177,0.27554798126220703,0.21279919147491455
1789729846168085000,16.8560849609375,-0.46550434827804565,0.2306079864501953,0.1548064947128296
1789729846178021600,16.866021728515626,-0.4775660037994385,0.08288002014160156,0.15669751167297363
1789729846187958500,16.87595849609375,-0.5380535125732422,-0.07890129089355469,0.14164233207702637
1789729846197895400,16.8858955078125,-0.6301860809326172,-0.19005680084228516,0.06532555818557739
1789729846207832300,16.895832275390624,-0.70113205909729,-0.2338409423828125,0.023861169815063477
1789729846217769200,16.905769287109376,-0.7576786875724792,-0.24149513244628906,0.07149636745452881
1789729846227706000,16.9157060546875,-0.7878008484840393,-0.22992992401123047,0.13720840215682983
1789729846237643000,16.92564306640625,-0.7817590236663818,-0.2184133529663086,0.19548910856246948
1789729846247580000,16.935579833984374,-0.8021742105484009,-0.1902780532836914,0.24291855096817017
1789729846257516800,16.945516845703125,-0.8125056028366089,-0.12150001525878906,0.2707914113998413
1789729846267453700,16.95545361328125,-0.7467596530914307,-0.08620357513427734,0.3110520839691162
1789729846277390600,16.965390625,-0.6067632436752319,-0.1753063201904297,0.3553520441055298
1789729846287327500,16.975327392578127,-0.48896288871765137,-0.32657432556152344,0.2983337640762329
1789729846297264000,16.98526416015625,-0.4779198169708252,-0.43475341796875,0.19114136695861816
1789729846307201000,16.995200927734373,-0.6099199056625366,-0.5044889450073242,0.07404178380966187
1789729846317138000,17.005137939453125,-0.8508063554763794,-0.4787178039550781,-0.018032491207122803
1789729846327074800,17.01507470703125,-1.024172306060791,-0.36582088470458984,-0.10207563638687134
1789729846337011700,17.02501171875,-1.1491059064865112,-0.2754554748535156,-0.12581318616867065
1789729846346948600,17.034948486328126,-1.1540191173553467,-0.22606182098388672,-0.179131418466568
1789729846356885500,17.044885498046874,-1.0447405576705933,-0.19820404052734375,-0.2713126838207245
1789729846366822400,17.054822509765625,-0.8924998044967651,-0.1916332244873047,-0.3200972080230713
1789729846376759300,17.06475927734375,-0.7859257459640503,-0.1755514144897461,-0.32895341515541077
1789729846386696200,17.0746962890625,-0.7191288471221924,-0.15726184844970703,-0.30053383111953735
1789729846396633300,17.08463330078125,-0.7361011505126953,-0.14859867095947266,-0.27776458859443665
1789729846406570800,17.09457080078125,-0.8018929362297058,-0.05492401123046875,-0.30335742235183716
1789729846416507600,17.104507568359374,-0.8110401034355164,0.0636444091796875,-0.2494187355041504
1789729846426444500,17.114444580078125,-0.8708841800689697,-0.005284309387207031,-0.18961024284362793
1789729846436381400,17.12438134765625,-1.0051788091659546,-0.10767173767089844,-0.1922776699066162
1789729846446318300,17.134318359375,-1.056095838546753,-0.10608959197998047,-0.25516074895858765
1789729846456255200,17.144255126953126,-0.9563078284263611,-0.07060718536376953,-0.2309189885854721
1789729846466192000,17.15419189453125,-0.8039851188659668,-0.0018472671508789062,-0.25329655408859253
1789729846476128800,17.164128662109373,-0.5464374423027039,0.17236709594726562,-0.14982622861862183
1789729846486065400,17.1740654296875,-0.2420508861541748,0.18374061584472656,-0.01760488748550415
1789729846496002300,17.184002197265624,0.06300139427185059,0.07001972198486328,0.05276951193809509
1789729846505939000,17.19393896484375,0.4044616222381592,0.10613536834716797,-0.05146971344947815
1789729846515876000,17.2038759765625,0.563225269317627,0.03715324401855469,-0.20542317628860474
1789729846525813200,17.213813232421874,0.41301393508911133,-0.1376352310180664,-0.17778843641281128
1789729846535750400,17.22375048828125,-0.08816885948181152,-0.22226238250732422,-0.045847952365875244
1789729846545686800,17.233686767578124,-0.13295185565948486,0.21650981903076172,-0.4358077049255371
1789729846555623700,17.243623779296875,-0.027669906616210938,0.23530864715576172,-0.20287513732910156
1789729846565560600,17.253560546875,0.1650702953338623,0.046486854553222656,0.09861922264099121
1789729846575498000,17.263498046875,0.2730907201766968,0.07299613952636719,0.21246549487113953
1789729846585434000,17.27343408203125,0.47510361671447754,0.19453716278076172,0.10634340345859528
1789729846595370200,17.283370361328124,0.8251008987426758,0.16870498657226562,0.15013611316680908
1789729846605306600,17.293306640625,1.0008203983306885,-0.007214546203613281,0.18068192899227142
1789729846615243300,17.3032431640625,1.0757007598876953,-0.0674428939819336,0.16368280351161957
1789729846625180200,17.31318017578125,1.0821601152420044,-0.06886768341064453,0.03937561810016632
1789729846635117600,17.32311767578125,1.1688745021820068,-0.05375194549560547,0.05355168879032135
1789729846645055700,17.3330556640625,1.2398757934570312,-0.0646371841430664,0.14831024408340454
1789729846654992600,17.34299267578125,1.292792558670044,-0.043605804443359375,0.23700299859046936
1789729846664929500,17.352929443359375,1.3213329315185547,-0.10507774353027344,0.29130521416664124
1789729846674866400,17.362866455078127,1.4023993015289307,-0.2130413055419922,0.27367427945137024
1789729846684803000,17.372802978515626,1.435687780380249,-0.3153200149536133,0.18155449628829956
1789729846694740500,17.382740478515625,1.289529800415039,-0.3335075378417969,-0.07238183915615082
1789729846704676600,17.392676513671876,1.0893158912658691,-0.37790489196777344,-0.28659528493881226
1789729846714612700,17.40261279296875,0.9861757755279541,-0.42234325408935547,-0.3543155789375305
1789729846724549000,17.412549072265627,0.9020681381225586,-0.3787202835083008,-0.37952545285224915
1789729846734485800,17.42248583984375,0.9162769317626953,-0.2378387451171875,-0.3757379651069641
1789729846744423000,17.4324228515625,1.018312931060791,-0.15329837799072266,-0.32151055335998535
1789729846754360000,17.442360107421877,1.0702388286590576,-0.0965108871459961,-0.2450815588235855
1789729846764297500,17.45229736328125,0.8403346538543701,-0.1247262954711914,-0.17131352424621582
1789729846774235000,17.46223486328125,0.699080228805542,0.02156352996826172,-0.26083114743232727
1789729846784172000,17.472172119140627,0.6743862628936768,0.046271324157714844,-0.14166945219039917
1789729846794109000,17.48210888671875,0.7288310527801514,0.0050716400146484375,0.12018629908561707
1789729846804045800,17.4920458984375,0.9867367744445801,0.029584884643554688,0.24540548026561737
1789729846813982500,17.501982421875,1.3505611419677734,-0.04120922088623047,0.28021785616874695
1789729846823919400,17.51191943359375,1.616607427597046,-0.15796756744384766,0.22655260562896729
1789729846833856300,17.521856201171875,1.661238431930542,-0.33323192596435547,0.15269102156162262
1789729846843793200,17.531793212890626,1.5166606903076172,-0.4643230438232422,0.03511665761470795
1789729846853730000,17.54172998046875,1.3040196895599365,-0.5009584426879883,-0.07354816794395447
1789729846863667000,17.5516669921875,1.0221648216247559,-0.4502601623535156,-0.1387108862400055
1789729846873603800,17.561603759765624,0.6694211959838867,-0.30003929138183594,-0.10080647468566895
1789729846883540500,17.57154052734375,0.2745184898376465,-0.15741634368896484,-0.04449298977851868
1789729846893477600,17.5814775390625,-0.007749795913696289,-0.035964012145996094,0.014368578791618347
1789729846903414500,17.59141455078125,-0.12216663360595703,0.05286884307861328,0.06945213675498962
1789729846913351400,17.601351318359374,-0.026098012924194336,0.13545799255371094,0.1121206283569336
1789729846923288300,17.611288330078125,0.16016507148742676,0.1683359146118164,0.1625121533870697
1789729846933225200,17.62122509765625,0.3987610340118408,0.10077285766601562,0.20727400481700897
1789729846943162600,17.63116259765625,0.5871317386627197,0.09964847564697266,0.12960503995418549
1789729846953098200,17.64109814453125,0.6398191452026367,0.12880325317382812,0.011033371090888977
1789729846963034600,17.65103466796875,0.5398190021514893,0.13331890106201172,-0.004188820719718933
1789729846972971300,17.66097119140625,0.3375272750854492,0.20228195190429688,0.08186975121498108
1789729846982909400,17.670909423828125,0.18616700172424316,0.2596282958984375,0.18107940256595612
1789729846992846300,17.680846435546876,0.1784820556640625,0.25051116943359375,0.2942046523094177
1789729847002783700,17.69078369140625,0.17435336112976074,0.15094280242919922,0.3894175589084625
1789729847012719900,17.700719970703126,0.23277735710144043,0.027678489685058594,0.41249024868011475
1789729847022656000,17.710656005859374,0.2648813724517822,-0.11971378326416016,0.3533079922199249
1789729847032592400,17.72059228515625,0.22834038734436035,-0.20966053009033203,0.2760274410247803
1789729847042528800,17.73052880859375,0.09750795364379883,-0.18359088897705078,0.2510136365890503
1789729847052465400,17.74046533203125,-0.2125406265258789,-0.09014225006103516,0.31782394647598267
1789729847062402300,17.75040234375,-0.586664080619812,0.00672149658203125,0.43579182028770447
1789729847072339500,17.76033935546875,-0.9017776250839233,0.1213693618774414,0.623457670211792
1789729847082276900,17.77027685546875,-0.8744568824768066,0.2707996368408203,0.7421311140060425
1789729847092214300,17.78021435546875,-0.5896191596984863,0.3589038848876953,0.7731554508209229
1789729847102151700,17.790151611328124,-0.24804377555847168,0.3541116714477539,0.7781789302825928
1789729847112089000,17.800089111328123,0.07105469703674316,0.3230857849121094,0.7520779371261597
1789729847122026000,17.81002587890625,0.3254880905151367,0.2848386764526367,0.7133544087409973
1789729847131963000,17.819962890625,0.49472665786743164,0.2631034851074219,0.7381999492645264
1789729847141899800,17.829899658203125,0.5125362873077393,0.22428512573242188,0.7333183288574219
1789729847151836400,17.83983642578125,0.4071080684661865,0.30241870880126953,0.6756265163421631
1789729847161773300,17.849773193359376,0.37453341484069824,0.23969078063964844,0.6608879566192627
1789729847171710200,17.859710205078127,0.501551628112793,0.17245006561279297,0.6816070079803467
1789729847181647000,17.869647216796874,0.7382574081420898,0.2601299285888672,0.7075247168540955
1789729847191584000,17.879583984375,0.9233391284942627,0.34858226776123047,0.7327441573143005
1789729847201521000,17.88952099609375,0.9358835220336914,0.37313270568847656,0.7925493717193604
1789729847211457800,17.899457763671876,0.798670768737793,0.35105133056640625,0.8838546276092529
1789729847221394700,17.909394775390624,0.5663776397705078,0.33095741271972656,0.9107527136802673
1789729847231331600,17.91933154296875,0.3392784595489502,0.2417764663696289,0.8001724481582642
1789729847241268500,17.9292685546875,0.13440227508544922,0.019606590270996094,0.5985181331634521
1789729847251205400,17.939205322265625,-0.017435669898986816,-0.23723793029785156,0.3582112789154053
1789729847261142300,17.949142333984376,-0.16819322109222412,-0.3616018295288086,0.16292226314544678
1789729847271079000,17.959078857421876,-0.271570086479187,-0.43050289154052734,0.016167208552360535
1789729847281016000,17.96901611328125,-0.2884472608566284,-0.5040407180786133,-0.02997449040412903
1789729847290953000,17.978952880859374,-0.30130696296691895,-0.6135530471801758,-0.044817954301834106
1789729847300889900,17.988889892578126,-0.31987035274505615,-0.6896076202392578,-0.07098467648029327
1789729847310826800,17.99882666015625,-0.32830512523651123,-0.7345037460327148,-0.15626956522464752
1789729847320763600,18.008763671875,-0.3943060636520386,-0.700404167175293,-0.23705489933490753
1789729847330699800,18.01869970703125,-0.5380551815032959,-0.6087942123413086,-0.22993117570877075
1789729847340636000,18.028635986328126,-0.699235200881958,-0.4809284210205078,-0.16041146218776703
1789729847350572500,18.038572509765626,-0.800286054611206,-0.33335113525390625,-0.05353999137878418
1789729847360509000,18.048509033203125,-0.8469971418380737,-0.18984413146972656,0.03395804762840271
1789729847370445800,18.05844580078125,-0.8470439910888672,-0.10050582885742188,0.1335480809211731
1789729847380383000,18.068383056640624,-0.7478458881378174,-0.048478126525878906,0.23871701955795288
1789729847390320000,18.078320068359375,-0.5481908321380615,-0.029148101806640625,0.2947101593017578
1789729847400257500,18.088257568359374,-0.27953433990478516,-0.04046154022216797,0.337435781955719
1789729847410195000,18.09819482421875,-0.018303513526916504,-0.07805728912353516,0.34282171726226807
1789729847420132400,18.10813232421875,0.18476176261901855,-0.07293319702148438,0.3107984960079193
1789729847430069500,18.118069580078124,0.26532411575317383,-0.03477764129638672,0.22204211354255676
1789729847440006400,18.12800634765625,0.2923506498336792,0.022073745727539062,0.1184416115283966
1789729847449943300,18.137943359375,0.2961510419845581,0.1933145523071289,0.04991823434829712
1789729847459880200,18.147880126953126,0.29755866527557373,0.37369251251220703,0.022148847579956055
1789729847469816800,18.15781689453125,0.3054831027984619,0.5298852920532227,-0.04312250018119812
1789729847479754000,18.16775390625,0.30985939502716064,0.6285953521728516,-0.1435908079147339
1789729847489690000,18.177690185546876,0.3366389274597168,0.7202005386352539,-0.2558843195438385
1789729847499626200,18.187626220703127,0.37446677684783936,0.8021783828735352,-0.3090493679046631
1789729847509562600,18.197562744140626,0.4097343683242798,0.8122367858886719,-0.3280460834503174
1789729847519499300,18.207499267578125,0.43907248973846436,0.7956476211547852,-0.2848871946334839
1789729847529436200,18.217436279296876,0.5093010663986206,0.7760763168334961,-0.21072274446487427
1789729847539373000,18.227373046875,0.6226571798324585,0.8080043792724609,-0.1746605634689331
1789729847549310500,18.237310546875,0.5891424417495728,0.8360862731933594,-0.13340893387794495
1789729847559248000,18.247247802734375,0.4463057518005371,0.7458839416503906,-0.055214911699295044
1789729847569185300,18.257185302734374,0.2973659038543701,0.5764179229736328,-0.013473957777023315
1789729847579123000,18.267123046875,0.2532989978790283,0.3807411193847656,-0.01044490933418274
1789729847589059800,18.277059814453125,0.19438743591308594,0.2210369110107422,-0.03221726417541504
1789729847598996700,18.286996826171876,-0.02235889434814453,0.01590728759765625,-0.05268824100494385
1789729847608933600,18.29693359375,-0.23474812507629395,-0.17227649688720703,-0.13473594188690186
1789729847618870300,18.306870361328127,-0.4001758098602295,-0.2527017593383789,-0.17443817853927612
1789729847628807200,18.31680712890625,-0.543560266494751,-0.3353614807128906,-0.12892885506153107
1789729847638744000,18.326744140625,-0.5742390155792236,-0.41779613494873047,-0.011752322316169739
1789729847648681000,18.336680908203125,-0.5708214044570923,-0.4833526611328125,0.0964435487985611
1789729847658617900,18.346617919921876,-0.6409609317779541,-0.40299510955810547,0.1896233856678009
1789729847668554800,18.3565546875,-0.8382687568664551,-0.2724151611328125,0.2640794813632965
1789729847678491600,18.36649169921875,-0.9952258467674255,-0.1988210678100586,0.3564756512641907
1789729847688428500,18.376428466796874,-1.0609524250030518,-0.18657588958740234,0.47720855474472046
1789729847698365400,18.386365478515625,-1.0485315322875977,-0.19237422943115234,0.5655593872070312
1789729847708302300,18.39630224609375,-1.0038524866104126,-0.20657825469970703,0.5893836617469788
1789729847718239200,18.4062392578125,-0.8865662813186646,-0.2482757568359375,0.5650978088378906
1789729847728176000,18.416176025390627,-0.6860179901123047,-0.3439178466796875,0.5206848382949829
1789729847738112800,18.42611279296875,-0.4458214044570923,-0.45549869537353516,0.4906982183456421
1789729847748049700,18.436049560546873,-0.27365314960479736,-0.5212764739990234,0.42390692234039307
1789729847757986600,18.445986572265625,-0.1245194673538208,-0.5440950393676758,0.3287202715873718
1789729847767923500,18.45592333984375,-0.07078802585601807,-0.5291585922241211,0.24229338765144348
1789729847777860400,18.4658603515625,-0.08092606067657471,-0.4694538116455078,0.21913674473762512
1789729847787797200,18.47579736328125,-0.122184157371521,-0.36731719970703125,0.23124924302101135
1789729847797734100,18.485734130859374,-0.13584375381469727,-0.19635486602783203,0.24170319736003876
1789729847807671000,18.495671142578125,-0.15480005741119385,0.0077571868896484375,0.25651541352272034
1789729847817608000,18.50560791015625,-0.18054437637329102,0.1998281478881836,0.16640973091125488
1789729847827544800,18.515544921875,-0.20511019229888916,0.37540531158447266,0.04517897218465805
1789729847837481700,18.525481689453127,-0.24879562854766846,0.47263050079345703,0.013808056712150574
1789729847847418600,18.535418701171874,-0.22463977336883545,0.5135011672973633,-0.02418610453605652
1789729847857355300,18.545355224609374,-0.03726387023925781,0.5077400207519531,-0.07967059314250946
1789729847867292200,18.555292236328125,0.284226655960083,0.45741939544677734,-0.16125743091106415
1789729847877229000,18.56522900390625,0.6815241575241089,0.4072408676147461,-0.22449292242527008
1789729847887166000,18.575166015625,1.0086520910263062,0.27260303497314453,-0.22673344612121582
1789729847897102800,18.585102783203126,1.1646709442138672,0.15322589874267578,-0.1770605444908142
1789729847907039700,18.595039794921874,1.0607479810714722,0.09412860870361328,-0.13902734220027924
1789729847916976600,18.6049765625,0.7435438632965088,0.13135051727294922,-0.11444440484046936
1789729847926913500,18.61491357421875,0.3604367971420288,0.1674509048461914,-0.10040661692619324
1789729847936850400,18.624850341796876,0.03425610065460205,0.16263866424560547,-0.1230020672082901
1789729847946787300,18.634787353515627,-0.20931458473205566,0.15821266174316406,-0.14411237835884094
1789729847956724200,18.64472412109375,-0.3792605400085449,0.1807851791381836,-0.1419474482536316
1789729847966661000,18.6546611328125,-0.48159313201904297,0.2209463119506836,-0.11597542464733124
1789729847976597800,18.66459765625,-0.4981740713119507,0.24536895751953125,-0.05586639791727066
1789729847986534700,18.67453466796875,-0.45571136474609375,0.24937152862548828,0.03183790296316147
1789729847996471600,18.684471435546875,-0.3152710199356079,0.17071914672851562,0.15441608428955078
1789729848006408400,18.694408447265626,-0.16588640213012695,0.016393661499023438,0.23060718178749084
1789729848016345300,18.704345458984374,-0.003333449363708496,-0.1731719970703125,0.2675975561141968
1789729848026282200,18.7142822265625,0.16287541389465332,-0.3649568557739258,0.23124392330646515
1789729848036219100,18.72421923828125,0.2897522449493408,-0.46868896484375,0.11586315184831619
1789729848046156000,18.734156005859376,0.23523759841918945,-0.46097755432128906,-0.029544953256845474
1789729848056093200,18.74409326171875,0.0009055137634277344,-0.37769222259521484,-0.09635502099990845
1789729848066030800,18.75403076171875,-0.2800779342651367,-0.2350025177001953,-0.11988434195518494
1789729848075968000,18.763968017578126,-0.479946494102478,0.022726058959960938,-0.12510202825069427
1789729848085905000,18.77390478515625,-0.5055345296859741,0.27622127532958984,-0.09923425316810608
1789729848095842000,18.783842041015625,-0.3982963562011719,0.3774528503417969,-0.006041833199560642
1789729848105778400,18.7937783203125,-0.18840789794921875,0.3671875,0.06435192376375198
1789729848115714800,18.80371484375,0.10309958457946777,0.33583736419677734,0.06972777098417282
1789729848125651500,18.8136513671875,0.37419795989990234,0.31378173828125,-0.004477617796510458
1789729848135588000,18.823588134765625,0.5008983612060547,0.30038928985595703,-0.08279280364513397
1789729848145524700,18.833524658203125,0.45553040504455566,0.3026294708251953,-0.10349630564451218
1789729848155462000,18.8434619140625,0.2733578681945801,0.33501338958740234,-0.10273470729589462
1789729848165399000,18.85339892578125,0.09090566635131836,0.3621664047241211,-0.13851763308048248
1789729848175336200,18.863336181640626,-0.014925241470336914,0.3726072311401367,-0.16149401664733887
1789729848185273300,18.8732734375,-0.030992507934570312,0.3188295364379883,-0.18899394571781158
1789729848195210500,18.88321044921875,0.04772067070007324,0.29445838928222656,-0.2061092108488083
1789729848205148000,18.89314794921875,0.17435264587402344,0.22055625915527344,-0.1824566274881363
1789729848215085000,18.9030849609375,0.25002455711364746,0.12781047821044922,-0.15752606093883514
1789729848225021200,18.913021240234375,0.08617544174194336,-0.014420509338378906,-0.1074119359254837
1789729848234957000,18.92295703125,-0.21596765518188477,-0.23081493377685547,-0.01833423227071762
1789729848244893200,18.93289306640625,-0.43792474269866943,-0.5288619995117188,0.05285543203353882
1789729848254830000,18.942830078125,-0.5474969148635864,-0.7654333114624023,0.021058574318885803
1789729848264767200,18.952767333984376,-0.6018500328063965,-0.8376245498657227,-0.07819822430610657
1789729848274704600,18.96270458984375,-0.6658675670623779,-0.7834138870239258,-0.12187708169221878
1789729848284642300,18.972642333984375,-0.7385367155075073,-0.703516960144043,-0.03910234570503235
1789729848294579700,18.982579833984374,-0.7956862449645996,-0.5532159805297852,0.01666843891143799
1789729848304516900,18.992516845703125,-0.7945466041564941,-0.37102508544921875,0.04198157787322998
1789729848314453800,19.002453857421877,-0.6964890956878662,-0.18801498413085938,-0.021528929471969604
1789729848324390700,19.012390625,-0.4930579662322998,-0.03496837615966797,-0.06878270208835602
1789729848334327600,19.02232763671875,-0.22689688205718994,0.13070964813232422,-0.10763043165206909
1789729848344264400,19.032264404296875,0.043562889099121094,0.28730106353759766,-0.11257266998291016
1789729848354201300,19.042201416015626,0.30532026290893555,0.3381319046020508,-0.027520030736923218
1789729848364138200,19.05213818359375,0.47257113456726074,0.38831043243408203,0.0013782978057861328
1789729848374075100,19.0620751953125,0.7248201370239258,0.4399271011352539,-0.05127498507499695
1789729848384011800,19.07201171875,0.8981690406799316,0.4429779052734375,-0.08011776208877563
1789729848393948700,19.08194873046875,0.9766452312469482,0.38613128662109375,-0.02289760112762451
1789729848403885600,19.091885498046874,0.9818623065948486,0.33837127685546875,0.017746448516845703
1789729848413822500,19.101822509765626,1.0032634735107422,0.3633384704589844,0.061514824628829956
1789729848423759400,19.11175927734375,0.9165360927581787,0.3986320495605469,0.15182361006736755
1789729848433696300,19.1216962890625,0.7074871063232422,0.45673179626464844,0.26393991708755493
1789729848443633200,19.131633056640624,0.49499988555908203,0.5574216842651367,0.3399949371814728
1789729848453570000,19.141570068359375,0.3527677059173584,0.6343154907226562,0.3644484281539917
1789729848463507000,19.1515068359375,0.2838261127471924,0.6113500595092773,0.36658433079719543
1789729848473443800,19.16144384765625,0.28080153465270996,0.47202110290527344,0.3731919825077057
1789729848483380700,19.171380615234376,0.4020521640777588,0.2641162872314453,0.30297228693962097
1789729848493317600,19.181317626953124,0.5179264545440674,0.07099342346191406,0.18578335642814636
1789729848503254300,19.191254150390623,0.6084682941436768,-0.10051345825195312,0.0822111964225769
1789729848513191200,19.201191162109374,0.6087100505828857,-0.18871116638183594,0.021464645862579346
1789729848523128000,19.211128173828126,0.42128944396972656,-0.20342540740966797,0.028954684734344482
1789729848533065000,19.22106494140625,0.2340257167816162,-0.1922769546508789,0.09734806418418884
1789729848543001900,19.231001953125,0.1582198143005371,-0.2840909957885742,0.19266748428344727
1789729848552938800,19.240938720703124,0.17906498908996582,-0.43793582916259766,0.2526007294654846
1789729848562875600,19.250875732421875,0.34293532371520996,-0.6587190628051758,0.3080594539642334
1789729848572812500,19.2608125,0.6236405372619629,-0.8968009948730469,0.3379368782043457
1789729848582749400,19.27074951171875,0.9320032596588135,-1.1006097793579102,0.35459280014038086
1789729848592686300,19.280686279296877,1.128864049911499,-1.216217041015625,0.3554610311985016
1789729848602623200,19.290623291015624,1.0778396129608154,-1.244192123413086,0.3440597355365753
1789729848612560100,19.30056005859375,0.7391765117645264,-1.1219749450683594,0.37232762575149536
1789729848622497000,19.3104970703125,0.23427271842956543,-0.8126001358032227,0.3581705689430237
1789729848632434000,19.320433837890626,-0.18250858783721924,-0.4058809280395508,0.32017093896865845
1789729848642370800,19.330370849609373,-0.5601739883422852,-0.022800445556640625,0.2167816162109375
1789729848652308000,19.340307861328125,-0.7814750671386719,0.34703731536865234,0.10105854272842407
1789729848662244900,19.350244873046876,-0.7749226093292236,0.4506044387817383,0.17695662379264832
1789729848672181800,19.360181640625,-0.5457842350006104,0.3696107864379883,0.19880840182304382
1789729848682119000,19.370118896484374,-0.18247747421264648,0.42174530029296875,0.034531235694885254
1789729848692055800,19.380055908203126,0.11460638046264648,0.4365673065185547,-0.13628017902374268
1789729848701992700,19.38999267578125,0.23606634140014648,0.3827056884765625,-0.22005246579647064
1789729848711929900,19.399929931640624,0.07108831405639648,0.24588966369628906,-0.3671543598175049
1789729848721866800,19.40986669921875,-0.11862611770629883,0.20116901397705078,-0.4972184896469116
1789729848731803600,19.4198037109375,-0.1351560354232788,0.15999984741210938,-0.5372893810272217
1789729848741740800,19.42974072265625,-0.10299539566040039,0.09556961059570312,-0.4717598855495453
1789729848751677700,19.439677734375,-0.14938068389892578,0.10072994232177734,-0.49979472160339355
1789729848761614600,19.449614501953125,-0.20704293251037598,0.2564706802368164,-0.5210822820663452
1789729848771551700,19.4595517578125,-0.1463794708251953,0.39261627197265625,-0.39806443452835083
1789729848781488600,19.469488525390624,-0.055680274963378906,0.4350309371948242,-0.2816472053527832
1789729848791425500,19.479425537109375,-0.01776432991027832,0.4415273666381836,-0.1955958604812622
1789729848801362700,19.48936279296875,0.08433783054351807,0.33615779876708984,-0.1675744354724884
1789729848811299600,19.499299560546874,0.2180725336074829,0.17676162719726562,-0.12272682785987854
1789729848821236500,19.509236572265625,0.29695141315460205,0.025653839111328125,-0.120394267141819
1789729848831173600,19.519173583984376,0.38545238971710205,-0.019189834594726562,-0.16042594611644745
1789729848841110500,19.529110595703123,0.49402058124542236,0.013153076171875,-0.13578170537948608
1789729848851047000,19.539046875,0.5265895128250122,0.1006622314453125,-0.07543756067752838
1789729848860983300,19.5489833984375,0.5749582052230835,0.2048358917236328,0.06640587747097015
1789729848870920000,19.558919921875,0.7278326749801636,0.17981338500976562,0.16604585945606232
1789729848880856600,19.568856689453124,0.9044185876846313,0.1213827133178711,0.2086658775806427
1789729848890793500,19.57879345703125,1.1052582263946533,0.017577171325683594,0.19132736325263977
1789729848900730600,19.588730712890627,1.4032799005508423,-0.11976909637451172,0.201899915933609
1789729848910667800,19.598667724609374,1.7049202919006348,-0.3196554183959961,0.21871431171894073
1789729848920605000,19.60860498046875,1.9390686750411987,-0.45820140838623047,0.21525005996227264
1789729848930542000,19.6185419921875,2.0175225734710693,-0.5168685913085938,0.21289825439453125
1789729848940479500,19.6284794921875,1.832948923110962,-0.5149049758911133,0.13736465573310852
1789729848950416600,19.638416748046875,1.557915449142456,-0.36116981506347656,0.05259384587407112
1789729848960353500,19.648353515625,1.2109225988388062,-0.17491436004638672,0.06163438782095909
1789729848970290400,19.65829052734375,0.8522651195526123,-0.04625701904296875,0.10629606992006302
1789729848980227300,19.668227294921873,0.5636831521987915,0.0997018814086914,0.09969092160463333
1789729848990164200,19.678164306640625,0.4046825170516968,0.19158077239990234,0.09295377880334854
1789729849000101400,19.688101318359376,0.3818923234939575,0.16736698150634766,0.12772361934185028
1789729849010038300,19.698038330078123,0.49170660972595215,0.036650657653808594,0.1253962218761444
1789729849019975200,19.70797509765625,0.7353121042251587,-0.12685108184814453,0.09712110459804535
1789729849029912000,19.717912109375,0.8535499572753906,-0.31650447845458984,0.04625576734542847
1789729849039849000,19.727848876953125,0.7960017919540405,-0.3939342498779297,-0.019092589616775513
1789729849049785900,19.737785888671876,0.553703784942627,-0.3713865280151367,-0.07135730981826782
1789729849059722800,19.74772265625,0.17973124980926514,-0.29653167724609375,-0.1370917409658432
1789729849069659000,19.757658935546875,-0.09010529518127441,-0.09251785278320312,-0.22186270356178284
1789729849079595300,19.76759521484375,-0.1693364381790161,0.08286094665527344,-0.21580545604228973
1789729849089531600,19.77753173828125,-0.16363465785980225,0.15560626983642578,-0.11038365960121155
1789729849099468300,19.78746826171875,-0.0850151777267456,0.10444355010986328,-0.028825804591178894
1789729849109405000,19.797405029296876,0.04814255237579346,-0.0011625289916992188,-0.0546393021941185
1789729849119342000,19.807342041015627,0.2905271053314209,-0.1112356185913086,-0.12668061256408691
1789729849129279200,19.817279296875,0.42739927768707275,-0.15452957153320312,-0.18483436107635498
1789729849139216600,19.827216552734374,0.3430076837539673,-0.08358287811279297,-0.19637422263622284
1789729849149154300,19.837154296875,0.18308770656585693,0.10859012603759766,-0.19738152623176575
1789729849159091700,19.847091796875,0.03469431400299072,0.27138710021972656,-0.10604795813560486
1789729849169029000,19.857029052734376,-0.17601919174194336,0.3693685531616211,-0.03598983585834503
1789729849178966000,19.866966064453123,-0.3250516653060913,0.47239017486572266,0.0033377944491803646
1789729849188903000,19.87690283203125,-0.24573945999145508,0.49926185607910156,0.04261254519224167
1789729849198839800,19.88683984375,0.0048857927322387695,0.4019317626953125,0.17077422142028809
1789729849208776700,19.896776611328125,0.1825714111328125,0.2923603057861328,0.31735488772392273
1789729849218713300,19.90671337890625,0.10849332809448242,0.2825345993041992,0.33557504415512085
1789729849228650200,19.916650146484375,-0.11420333385467529,0.31251049041748047,0.2867375612258911
1789729849238587100,19.926587158203127,-0.4132019281387329,0.30604076385498047,0.23316282033920288
1789729849248524000,19.93652392578125,-0.7587173581123352,0.37366390228271484,0.22469079494476318
1789729849258461000,19.9464609375,-0.9997220039367676,0.4201650619506836,0.20704346895217896
1789729849268397800,19.956397705078125,-0.971257209777832,0.37412071228027344,0.17377549409866333
1789729849278334700,19.966334716796876,-0.8716722130775452,0.28582763671875,0.1363849937915802
1789729849288271600,19.976271728515623,-0.7698861360549927,0.2150421142578125,0.12054376304149628
1789729849298208500,19.98620849609375,-0.6756340265274048,0.09482574462890625,0.1261601597070694
1789729849308145400,19.9961455078125,-0.46633195877075195,-0.10585308074951172,0.1341637820005417
1789729849318082300,20.006082275390625,-0.12727415561676025,-0.2676811218261719,0.15108150243759155
1789729849328019200,20.016019287109376,0.15443801879882812,-0.48207950592041016,0.13067403435707092
1789729849337955800,20.025955810546876,0.24378955364227295,-0.6298532485961914,0.10566412657499313
1789729849347892700,20.035892822265627,0.1657494306564331,-0.7112264633178711,0.09018371254205704
1789729849357829600,20.04582958984375,0.017140865325927734,-0.7428770065307617,0.07475580275058746
1789729849367766500,20.0557666015625,-0.14914321899414062,-0.7174692153930664,0.007300674915313721
1789729849377703400,20.065703369140625,-0.35686546564102173,-0.6157331466674805,-0.06495582312345505
1789729849387640300,20.075640380859376,-0.5781189203262329,-0.4709444046020508,-0.04577943682670593
1789729849397577200,20.0855771484375,-0.6959883570671082,-0.31162261962890625,-0.08224712312221527
1789729849407514400,20.095514404296875,-0.7163801789283752,-0.19985198974609375,-0.17458286881446838
1789729849417451300,20.105451171875,-0.6463955044746399,-0.1475076675415039,-0.21389108896255493
1789729849427388200,20.11538818359375,-0.515944242477417,-0.10680770874023438,-0.20783309638500214
1789729849437325300,20.1253251953125,-0.30366289615631104,-0.11143779754638672,-0.20193839073181152
1789729849447262200,20.13526220703125,-0.1310027837753296,-0.1639995574951172,-0.18467257916927338
1789729849457199000,20.14519921875,-0.11382555961608887,-0.17607784271240234,-0.19006551802158356
1789729849467136300,20.15513623046875,-0.17594319581985474,-0.19788455963134766,-0.16085954010486603
1789729849477073200,20.1650732421875,-0.3037923574447632,-0.21734237670898438,-0.16397345066070557
1789729849487010000,20.175010009765625,-0.4986867904663086,-0.09093379974365234,-0.2027387171983719
1789729849496947200,20.184947265625,-0.7195392847061157,0.10711383819580078,-0.22965553402900696
1789729849506884000,20.194884033203124,-0.9615190625190735,0.3362417221069336,-0.17708581686019897
1789729849516821000,20.204821044921875,-1.1294176578521729,0.5536537170410156,-0.05993394926190376
1789729849526758100,20.214758056640626,-1.0480296611785889,0.6328983306884766,0.042135089635849
1789729849536695000,20.224695068359374,-0.6174561381340027,0.5955991744995117,0.07429210096597672
1789729849546632000,20.2346318359375,-0.044565439224243164,0.4116086959838867,0.046426452696323395
1789729849556569000,20.244569091796876,0.3840146064758301,0.1690235137939453,-0.01568821258842945
1789729849566506000,20.254506103515624,0.5954891443252563,-0.03490734100341797,-0.11178567260503769
1789729849576443000,20.26444287109375,0.6523240804672241,-0.15139102935791016,-0.1664143055677414
1789729849586380000,20.274380126953126,0.6360952854156494,-0.17726421356201172,-0.1266174167394638
1789729849596317000,20.28431689453125,0.544608473777771,-0.04839134216308594,0.03469089791178703
1789729849606253800,20.29425390625,0.37028658390045166,0.17282867431640625,0.22952574491500854
1789729849616191000,20.30419091796875,0.1933431625366211,0.3883647918701172,0.4011725187301636
1789729849626128100,20.314128173828124,0.04345417022705078,0.4956378936767578,0.506821870803833
1789729849636065000,20.32406494140625,-0.07641041278839111,0.5452690124511719,0.545844554901123
1789729849646002000,20.334001953125,-0.20484650135040283,0.5137538909912109,0.5578017234802246
1789729849655939000,20.34393896484375,-0.31336355209350586,0.37284088134765625,0.5557431578636169
1789729849665876000,20.3538759765625,-0.36272937059402466,0.16350936889648438,0.5640081763267517
1789729849675813400,20.3638134765625,-0.31707853078842163,-0.07109355926513672,0.5100963115692139
1789729849685749200,20.373749267578123,-0.21644842624664307,-0.3524808883666992,0.4572218656539917
1789729849695685600,20.383685546875,-0.07523488998413086,-0.575627326965332,0.38728517293930054
1789729849705622300,20.393622314453125,0.010358691215515137,-0.7671384811401367,0.3423132002353668
1789729849715559000,20.403558837890625,0.024574995040893555,-0.9104347229003906,0.3238312602043152
1789729849725496000,20.41349609375,0.011353492736816406,-0.9340343475341797,0.34608304500579834
1789729849735433700,20.423433837890624,-0.05797690153121948,-0.8621406555175781,0.3354635536670685
1789729849745371400,20.433371337890627,-0.17660045623779297,-0.6925516128540039,0.3184298276901245
1789729849755308300,20.443308349609374,-0.256760835647583,-0.4015464782714844,0.34095528721809387
1789729849765245200,20.4532451171875,-0.3546130657196045,-0.16378116607666016,0.39028775691986084
1789729849775182600,20.4631826171875,-0.4116310477256775,-0.038748741149902344,0.4342152774333954
1789729849785118700,20.47311865234375,-0.3995708227157593,0.016885757446289062,0.4492819905281067
1789729849795054800,20.483054931640623,-0.3836510181427002,-0.010947227478027344,0.40387147665023804
1789729849804991200,20.4929912109375,-0.30434346199035645,-0.0861043930053711,0.2842254042625427
1789729849814928000,20.502927978515626,-0.1746111512184143,-0.20379352569580078,0.16686178743839264
1789729849824865500,20.512865478515625,-0.03404593467712402,-0.3117094039916992,0.08755433559417725
1789729849834803000,20.522802978515625,0.02735590934753418,-0.3385591506958008,0.04169383645057678
1789729849844740400,20.532740234375,-0.07380557060241699,-0.24662399291992188,0.03800144046545029
1789729849854677800,20.542677734375,-0.38096415996551514,-0.05763530731201172,0.08188780397176743
1789729849864614700,20.55261474609375,-0.7690351605415344,0.24300003051757812,0.17761331796646118
1789729849874551600,20.562551513671874,-1.0833110809326172,0.5791635513305664,0.2602611184120178
1789729849884488400,20.572488525390625,-1.239992380142212,0.9177980422973633,0.33889198303222656
1789729849894425300,20.58242529296875,-1.241755723953247,1.1922426223754883,0.39401429891586304
1789729849904362200,20.5923623046875,-1.0702444314956665,1.285649299621582,0.40054795145988464
1789729849914299100,20.602299072265627,-0.724101185798645,1.2700347900390625,0.2960210144519806
1789729849924236000,20.612236083984374,-0.3254597783088684,1.1191930770874023,0.21486839652061462
1789729849934172700,20.622172607421874,0.15272486209869385,0.9167699813842773,0.08837132155895233
1789729849944109600,20.632109619140625,0.5040440559387207,0.7364816665649414,-0.02372925728559494
1789729849954046500,20.64204638671875,0.7170335054397583,0.5802993774414062,-0.03938194736838341
1789729849963983400,20.6519833984375,0.7647093534469604,0.41207313537597656,-0.002062559127807617
1789729849973920300,20.661920166015626,0.8519973754882812,0.2363443374633789,0.09365560114383698
1789729849983857200,20.671857177734374,0.9360061883926392,0.05983924865722656,0.12394869327545166
1789729849993794000,20.6817939453125,1.0294815301895142,-0.029577255249023438,0.10610201954841614
1789729850003731000,20.69173095703125,0.9150712490081787,-0.022986412048339844,0.040658675134181976
1789729850013667800,20.701667724609376,0.4190669059753418,0.019980430603027344,0.009729310870170593
1789729850023604700,20.711604736328123,-0.24106276035308838,0.06942367553710938,0.019394800066947937
1789729850033541600,20.721541748046874,-0.6925745606422424,0.10494232177734375,0.0445580780506134
1789729850043478500,20.731478515625,-0.8945176601409912,0.13427066802978516,0.03606155514717102
1789729850053415400,20.74141552734375,-0.9273200035095215,0.1407909393310547,0.03977601230144501
1789729850063352600,20.7513525390625,-0.8237478733062744,0.04790973663330078,0.11341805756092072
1789729850073289500,20.76128955078125,-0.5953576564788818,-0.08725166320800781,0.1551540642976761
1789729850083226400,20.771226318359375,-0.33656060695648193,-0.1886768341064453,0.05464006960391998
1789729850093163500,20.78116357421875,-0.24097251892089844,-0.2734832763671875,-0.04894648492336273
1789729850103100400,20.791100341796874,-0.281874418258667,-0.2915067672729492,-0.17639049887657166
1789729850113037300,20.801037353515625,-0.4146937131881714,-0.21884632110595703,-0.2155619114637375
1789729850122974500,20.810974365234376,-0.5916730165481567,-0.1580953598022461,-0.19489093124866486
1789729850132911400,20.820911376953124,-0.6600671410560608,-0.07776737213134766,-0.15482141077518463
1789729850142848300,20.83084814453125,-0.5390222072601318,-0.07346343994140625,-0.13850264251232147
1789729850152785400,20.840785400390626,-0.2957037687301636,-0.11669349670410156,-0.15316744148731232
1789729850162722300,20.850722412109373,-0.08512723445892334,-0.15997886657714844,-0.15679651498794556
1789729850172659200,20.8606591796875,-0.021031975746154785,-0.1843433380126953,-0.07785242795944214
1789729850182596000,20.87059619140625,0.013738512992858887,-0.2065420150756836,-0.013182058930397034
1789729850192533200,20.880533203125,0.07666027545928955,-0.22899913787841797,0.00005804002285003662
1789729850202470100,20.89047021484375,0.09353232383728027,-0.27799129486083984,-0.01413048803806305
1789729850212407000,20.900406982421874,0.008648276329040527,-0.33658885955810547,-0.03928408771753311
1789729850222344200,20.91034423828125,-0.12254905700683594,-0.38770008087158203,-0.056612685322761536
1789729850232281000,20.920281005859376,-0.1777559518814087,-0.4166698455810547,-0.10256387293338776
1789729850242218000,20.930218017578124,-0.1295931339263916,-0.33973121643066406,-0.13267609477043152
1789729850252155100,20.940155029296875,0.0073087215423583984,-0.2240285873413086,-0.09954875707626343
1789729850262092000,20.950092041015626,0.2528797388076782,-0.15105152130126953,-0.010042496025562286
1789729850272029000,20.96002880859375,0.5180330276489258,-0.199859619140625,0.07657858729362488
1789729850281966000,20.969966064453125,0.7779613733291626,-0.3082599639892578,0.12146951258182526
1789729850291903000,20.979903076171876,1.0683872699737549,-0.4525766372680664,0.13105446100234985
1789729850301840000,20.98983984375,1.2337195873260498,-0.5542478561401367,0.11393336206674576
1789729850311777000,20.999777099609375,1.2079585790634155,-0.5943794250488281,0.11992359161376953
1789729850321714000,21.0097138671875,1.0646395683288574,-0.5180091857910156,0.15642060339450836
1789729850331650800,21.01965087890625,0.895627498626709,-0.41118526458740234,0.20790544152259827
1789729850341588000,21.029587890625,0.6656813621520996,-0.23305988311767578,0.2588362693786621
1789729850351524900,21.03952490234375,0.41790997982025146,-0.009691238403320312,0.24611620604991913
1789729850361461800,21.049461669921875,0.20893466472625732,0.17571353912353516,0.1633455455303192
1789729850371399000,21.05939892578125,0.1126096248626709,0.28786563873291016,0.06508265435695648
1789729850381336000,21.069336181640626,0.12252223491668701,0.3009519577026367,-0.008531391620635986
1789729850391272700,21.079272705078125,0.3011273145675659,0.28209495544433594,-0.020140156149864197
1789729850401209900,21.0892099609375,0.6441777944564819,0.20216655731201172,0.001176193356513977
1789729850411147000,21.09914697265625,1.0958149433135986,0.12268829345703125,0.0006026774644851685
1789729850421084000,21.109083984375,1.4932745695114136,0.08097648620605469,0.011549189686775208
1789729850431020800,21.119020751953126,1.6761653423309326,0.05259418487548828,0.12075351178646088
1789729850440958000,21.1289580078125,1.768601655960083,0.0017194747924804688,0.27412545680999756
1789729850450893800,21.138893798828125,1.7917126417160034,-0.11216354370117188,0.34844210743904114
1789729850460830000,21.148829833984376,1.7237414121627808,-0.17413711547851562,0.3649293780326843
1789729850470766600,21.1587666015625,1.6218513250350952,-0.15317153930664062,0.3318900465965271
1789729850480703200,21.168703125,1.4525444507598877,-0.08289337158203125,0.23421752452850342
1789729850490640400,21.178640380859374,1.2245421409606934,0.02007579803466797,0.1737017035484314
1789729850500577500,21.18857763671875,0.988785982131958,0.16557598114013672,0.18375998735427856
1789729850510515000,21.198514892578125,0.7909780740737915,0.2869987487792969,0.25596871972084045
1789729850520452600,21.20845263671875,0.756310224533081,0.3464193344116211,0.28391456604003906
1789729850530390000,21.21839013671875,0.8156057596206665,0.30565357208251953,0.2795822024345398
1789729850540327400,21.228327392578127,0.9599708318710327,0.2101612091064453,0.303102046251297
1789729850550264300,21.238264404296874,1.319270133972168,-0.026643753051757812,0.29161545634269714
1789729850560201200,21.248201171875,1.595584750175476,-0.24266815185546875,0.2682054042816162
1789729850570137600,21.2581376953125,1.6738669872283936,-0.36426353454589844,0.187435582280159
1789729850580073700,21.26807373046875,1.5802178382873535,-0.39623546600341797,0.10743868350982666
1789729850590010400,21.27801025390625,1.3779863119125366,-0.3671236038208008,0.07893061637878418
1789729850599947300,21.287947265625,1.1635960340499878,-0.2575817108154297,0.050131767988204956
1789729850609884700,21.297884765625,0.8292077779769897,-0.14847087860107422,0.06876671314239502
1789729850619823000,21.307822998046873,0.510002613067627,-0.08208751678466797,0.12108349800109863
1789729850629760000,21.317760009765625,0.36440789699554443,-0.0556640625,0.13135215640068054
1789729850639697000,21.32769677734375,0.3683701753616333,-0.04766082763671875,0.08227476477622986
1789729850649633800,21.3376337890625,0.42521166801452637,-0.08701610565185547,0.04941213130950928
1789729850659570700,21.34757080078125,0.4552769660949707,-0.12851810455322266,0.07968887686729431
1789729850669507600,21.357507568359374,0.46254491806030273,-0.11986923217773438,0.06298315525054932
1789729850679444500,21.367444580078125,0.4786064624786377,-0.10665607452392578,0.0203077495098114
1789729850689381400,21.37738134765625,0.4830141067504883,-0.041255950927734375,-0.010648518800735474
1789729850699318300,21.387318359375,0.384845495223999,0.07384204864501953,0.01620417833328247
1789729850709255200,21.397255126953127,0.20660340785980225,0.2100992202758789,0.09288552403450012
1789729850719192000,21.407192138671874,0.01298069953918457,0.29135894775390625,0.13735327124595642
1789729850729128700,21.417128662109373,-0.17896723747253418,0.28699302673339844,0.23205500841140747
1789729850739065600,21.427065673828125,-0.25181519985198975,0.14252853393554688,0.24643969535827637
1789729850749002500,21.43700244140625,-0.1309833526611328,-0.027146339416503906,0.22103828191757202
1789729850758939400,21.446939453125,-0.010403156280517578,-0.2104024887084961,0.19519934058189392
1789729850768876300,21.456876220703126,0.016364336013793945,-0.34302234649658203,0.23574399948120117
1789729850778813200,21.466813232421874,0.0036554336547851562,-0.4134340286254883,0.22800347208976746
1789729850788750000,21.47675,-0.04495668411254883,-0.42193603515625,0.235842764377594
1789729850798687000,21.48668701171875,-0.21341919898986816,-0.4163856506347656,0.26851215958595276
1789729850808624000,21.4966240234375,-0.3336658477783203,-0.29616451263427734,0.2832165062427521
1789729850818561000,21.50656103515625,-0.33724474906921387,-0.17373943328857422,0.2581956386566162
1789729850828498000,21.516497802734374,-0.38785743713378906,-0.10393619537353516,0.260528564453125
1789729850838435000,21.52643505859375,-0.47855204343795776,-0.04798316955566406,0.2279823124408722
1789729850848372000,21.5363720703125,-0.5333414077758789,-0.06513500213623047,0.16033625602722168
1789729850858308900,21.546308837890624,-0.4824334383010864,-0.0736684799194336,0.07827749848365784
1789729850868246000,21.55624609375,-0.361661434173584,-0.0521240234375,0.08930981159210205
1789729850878183000,21.566182861328127,-0.13096880912780762,-0.04864978790283203,0.12705719470977783
1789729850888119800,21.576119873046874,0.12712442874908447,-0.09005546569824219,0.1494130939245224
1789729850898057000,21.586056884765625,0.28197646141052246,-0.0954742431640625,0.14179423451423645
1789729850907993900,21.595993896484377,0.36631155014038086,-0.010255813598632812,0.17812882363796234
1789729850917930800,21.6059306640625,0.40436387062072754,0.019576072692871094,0.17245960235595703
1789729850927868000,21.615867919921875,0.4071533679962158,-0.03194618225097656,0.15527616441249847
1789729850937804800,21.6258046875,0.4744759798049927,-0.1119089126586914,0.11521145701408386
1789729850947741700,21.63574169921875,0.6380841732025146,-0.2227649688720703,0.0984879732131958
1789729850957678800,21.645678955078125,0.7897220849990845,-0.2835350036621094,0.10651975870132446
1789729850967615700,21.65561572265625,0.909034013748169,-0.32085514068603516,0.17756572365760803
1789729850977552600,21.665552734375,1.045203685760498,-0.33745479583740234,0.26761192083358765
1789729850987489800,21.67548974609375,1.098057508468628,-0.34302711486816406,0.33755454421043396
1789729850997426700,21.6854267578125,1.1674329042434692,-0.2968635559082031,0.3380034863948822
1789729851007363600,21.695363525390626,1.2152702808380127,-0.27560997009277344,0.31757327914237976
1789729851017300700,21.70530078125,1.2009902000427246,-0.26007938385009766,0.27883508801460266
1789729851027237600,21.715237548828124,1.0883512496948242,-0.14978599548339844,0.20272782444953918
1789729851037174500,21.725174560546876,0.8717218637466431,0.019403457641601562,0.14657464623451233
1789729851047111700,21.735111572265627,0.5920766592025757,0.18085861206054688,0.1151479184627533
1789729851057048600,21.745048583984374,0.3160446882247925,0.19649982452392578,0.1805737167596817
1789729851066985700,21.75498583984375,0.3027312755584717,0.043010711669921875,0.21929606795310974
1789729851076923000,21.7649228515625,0.4845597743988037,-0.2473297119140625,0.19957849383354187
1789729851086860300,21.7748603515625,0.5740187168121338,-0.5756521224975586,0.07217100262641907
1789729851096797200,21.784797119140624,0.5435631275177002,-0.6942319869995117,-0.09886343777179718
1789729851106734300,21.794734375,0.360390305519104,-0.7126359939575195,-0.21478410065174103
1789729851116671200,21.804671142578126,0.02987360954284668,-0.7193489074707031,-0.20051103830337524
1789729851126608100,21.814608154296874,-0.29483890533447266,-0.6057901382446289,-0.15801146626472473
1789729851136545000,21.824544921875,-0.5969074964523315,-0.47021961212158203,-0.14584597945213318
1789729851146482000,21.83448193359375,-0.7754251956939697,-0.3030538558959961,-0.21876533329486847
1789729851156419000,21.844419189453124,-0.9034295082092285,-0.15257740020751953,-0.2634885311126709
1789729851166356000,21.85435595703125,-0.916994571685791,-0.021086692810058594,-0.24989226460456848
1789729851176292900,21.86429296875,-0.8573404550552368,0.10583114624023438,-0.23804987967014313
1789729851186229800,21.874229736328125,-0.697816014289856,0.21135711669921875,-0.23553574085235596
1789729851196167000,21.8841669921875,-0.5497136116027832,0.27384185791015625,-0.1851896196603775
1789729851206103800,21.894103759765624,-0.4550018906593323,0.2550067901611328,-0.1321968138217926
1789729851216041000,21.904041015625,-0.35330021381378174,0.20515823364257812,-0.16047391295433044
1789729851225977900,21.913977783203126,-0.1932295560836792,0.1887226104736328,-0.1965537667274475
1789729851235914800,21.923914794921874,-0.10433661937713623,0.25551700592041016,-0.19296200573444366
1789729851245851600,21.9338515625,-0.27710485458374023,0.3885641098022461,-0.13443584740161896
1789729851255788800,21.943788818359376,-0.5790994167327881,0.5712747573852539,-0.1560165137052536
1789729851265725400,21.953725341796876,-0.8620480895042419,0.7991189956665039,-0.18171170353889465
1789729851275662000,21.963662109375,-1.1496316194534302,1.1248455047607422,-0.1636963188648224
1789729851285598700,21.9735986328125,-1.4441578388214111,1.433802604675293,-0.10580630600452423
1789729851295535400,21.983535400390625,-1.66965913772583,1.6642522811889648,0.009992152452468872
1789729851305472300,21.99347216796875,-1.7210299968719482,1.7879695892333984,0.09448082745075226
1789729851315409700,22.00340966796875,-1.5578339099884033,1.8481950759887695,0.09087395668029785
1789729851325347000,22.01334716796875,-1.2907133102416992,1.8113794326782227,0.10425443947315216
1789729851335284500,22.023284423828127,-1.0828536748886108,1.6727685928344727,0.15349726378917694
1789729851345221600,22.0332216796875,-0.8539467453956604,1.4468355178833008,0.16628625988960266
1789729851355158500,22.043158447265625,-0.5294750332832336,1.2290315628051758,0.1531209796667099
1789729851365095000,22.053094970703125,-0.2343693971633911,1.0235347747802734,0.13325217366218567
1789729851375031600,22.063031494140624,-0.11619007587432861,0.837061882019043,0.2433159053325653
1789729851384968200,22.07296826171875,-0.05842757225036621,0.6669120788574219,0.385591983795166
1789729851394904800,22.08290478515625,0.033484578132629395,0.5582008361816406,0.46284833550453186
1789729851404841700,22.092841796875,0.09136128425598145,0.5224971771240234,0.5018458366394043
1789729851414779000,22.10277880859375,0.004884004592895508,0.5142679214477539,0.62778639793396
1789729851424716300,22.11271630859375,-0.16069209575653076,0.4476804733276367,0.7638905048370361
1789729851434653400,22.1226533203125,-0.31447625160217285,0.31365966796875,0.8307907581329346
1789729851444590800,22.1325908203125,-0.4683382511138916,0.1581096649169922,0.8578366041183472
1789729851454528000,22.142528076171875,-0.6199672818183899,0.012526512145996094,0.847235918045044
1789729851464465200,22.152465087890626,-0.60077965259552,-0.10148334503173828,0.8593488335609436
1789729851474402000,22.162402099609373,-0.5340448617935181,-0.23442649841308594,0.8756223917007446
1789729851484339200,22.172339111328125,-0.6127718687057495,-0.3313941955566406,0.8552037477493286
1789729851494276000,22.182276123046876,-0.6869513988494873,-0.3923072814941406,0.8091481924057007
1789729851504213000,22.192212890625,-0.6540297865867615,-0.48410797119140625,0.8108327984809875
1789729851514150100,22.202150146484374,-0.44641369581222534,-0.5638227462768555,0.7951142191886902
1789729851524087000,22.212087158203126,-0.2086700201034546,-0.6460456848144531,0.8050112724304199
1789729851534024000,22.22202392578125,-0.08953070640563965,-0.7808742523193359,0.8240047693252563
1789729851543960800,22.2319609375,-0.0065757036209106445,-0.8723897933959961,0.7688026428222656
1789729851553897700,22.241897705078124,0.021993279457092285,-0.9491300582885742,0.6867245435714722
1789729851563834600,22.251834716796875,0.006660342216491699,-0.9774436950683594,0.6082145571708679
1789729851573771300,22.261771240234374,0.06898105144500732,-1.0410337448120117,0.5858644843101501
1789729851583708200,22.271708251953125,0.20791327953338623,-1.0850543975830078,0.5428136587142944
1789729851593645000,22.28164501953125,0.3925708532333374,-1.0262794494628906,0.4450802803039551
1789729851603582000,22.29158203125,0.5542218685150146,-0.9059553146362305,0.3488481044769287
1789729851613518800,22.301518798828123,0.5914492607116699,-0.7196063995361328,0.29879656434059143
1789729851623455700,22.311455810546875,0.5125905275344849,-0.4934663772583008,0.2731684446334839
1789729851633392600,22.321392578125,0.41300082206726074,-0.2726631164550781,0.24133886396884918
1789729851643329500,22.33132958984375,0.3546912670135498,-0.0951080322265625,0.21100205183029175
1789729851653266400,22.341266357421876,0.28521883487701416,0.0013294219970703125,0.179988294839859
1789729851663203600,22.35120361328125,0.336553692817688,0.06485748291015625,0.1456269472837448
1789729851673140500,22.361140380859375,0.5522948503494263,0.08110427856445312,0.1506005972623825
1789729851683077400,22.371077392578126,0.8077257871627808,0.09050846099853516,0.17845375835895538
1789729851693014300,22.38101416015625,1.0277574062347412,0.11440467834472656,0.19111639261245728
1789729851702951400,22.390951416015625,1.1840999126434326,0.13598251342773438,0.22527235746383667
1789729851712888300,22.400888427734376,1.278504729270935,0.15772724151611328,0.2267194241285324
1789729851722825200,22.4108251953125,1.2859779596328735,0.21803569793701172,0.2028939425945282
1789729851732762400,22.420762451171875,1.190456748008728,0.2621173858642578,0.1489238440990448
1789729851742699300,22.43069921875,1.1292396783828735,0.29979991912841797,0.12948010861873627
1789729851752636200,22.44063623046875,1.19394850730896,0.2951850891113281,0.1106647327542305
1789729851762573300,22.4505732421875,1.3355385065078735,0.21445465087890625,0.08255947381258011
1789729851772510200,22.46051025390625,1.4338942766189575,0.1193399429321289,0.04892838001251221
1789729851782447000,22.470447021484375,1.4278171062469482,0.054808616638183594,-0.01576755940914154
1789729851792384300,22.48038427734375,1.2711999416351318,0.08267021179199219,-0.04833834245800972
1789729851802321200,22.490321044921874,0.934180736541748,0.24590206146240234,-0.01622038334608078
1789729851812258600,22.500258544921873,0.6139935255050659,0.5351591110229492,0.05508696287870407
1789729851822196200,22.5101962890625,0.46059703826904297,0.7474451065063477,0.17412209510803223
1789729851832133400,22.52013330078125,0.5088721513748169,0.8949661254882812,0.29708030819892883
1789729851842070300,22.5300703125,0.666799783706665,0.9728498458862305,0.3850119113922119
1789729851852007200,22.540007080078126,0.8231409788131714,0.8950300216674805,0.4342900812625885
1789729851861944300,22.5499443359375,0.8612772226333618,0.7143926620483398,0.4378070831298828
1789729851871881200,22.559881103515625,0.8043023347854614,0.46959590911865234,0.4019714593887329
1789729851881817300,22.5698173828125,0.7756819725036621,0.2398204803466797,0.337600439786911
1789729851891754000,22.57975390625,0.7214510440826416,-0.001399993896484375,0.3078746795654297
1789729851901691100,22.589691162109375,0.6070606708526611,-0.1610260009765625,0.30959567427635193
1789729851911628500,22.599628662109374,0.4410189390182495,-0.2274913787841797,0.36633896827697754
1789729851921565700,22.609565673828126,0.21125948429107666,-0.2750730514526367,0.4500027596950531
1789729851931503000,22.619503173828125,0.08210420608520508,-0.2917623519897461,0.47282731533050537
1789729851941440000,22.62943994140625,0.056192636489868164,-0.23468971252441406,0.4752049744129181
1789729851951377200,22.639377197265624,-0.039452552795410156,-0.14455795288085938,0.4935299754142761
1789729851961313800,22.649313720703127,-0.137298583984375,-0.08330345153808594,0.5289590358734131
1789729851971250700,22.659250732421874,-0.18408477306365967,-0.1485910415649414,0.5778911113739014
1789729851981187800,22.669187744140626,-0.18811869621276855,-0.3160991668701172,0.6080694198608398
1789729851991124700,22.679124755859377,-0.07589340209960938,-0.5162181854248047,0.5216503739356995
1789729852001061600,22.6890615234375,0.14237451553344727,-0.6487903594970703,0.4132523834705353
1789729852010999000,22.6989990234375,0.2547801733016968,-0.7646455764770508,0.31295886635780334
1789729852020936000,22.70893603515625,0.23695862293243408,-0.8305940628051758,0.20545917749404907
1789729852030872800,22.718872802734374,0.13527977466583252,-0.8468217849731445,0.10387872159481049
1789729852040809200,22.728809326171874,-0.10769522190093994,-0.7392921447753906,0.04075053334236145
1789729852050746400,22.738746337890625,-0.4248008728027344,-0.5055551528930664,0.056911349296569824
1789729852060683800,22.748683837890624,-0.7446545362472534,-0.22677993774414062,0.12478327751159668
1789729852070621000,22.758620849609375,-0.9459896087646484,0.006491661071777344,0.20525750517845154
1789729852080557600,22.7685576171875,-0.9922630786895752,0.2351512908935547,0.25352102518081665
1789729852090494000,22.778493896484374,-0.9149170517921448,0.385101318359375,0.3277278244495392
1789729852100430600,22.7884306640625,-0.7780340909957886,0.4229469299316406,0.41207417845726013
1789729852110367700,22.79836767578125,-0.6313613057136536,0.3608274459838867,0.43758007884025574
1789729852120305400,22.808305419921876,-0.40264004468917847,0.2563037872314453,0.4126144051551819
1789729852130242800,22.818242919921875,-0.186026930809021,0.0949850082397461,0.39505839347839355
1789729852140179700,22.8281796875,-0.07654464244842529,-0.039386749267578125,0.457634836435318
1789729852150117000,22.8381171875,0.06973814964294434,-0.1923055648803711,0.5018260478973389
1789729852160053200,22.84805322265625,0.2745852470397949,-0.33304309844970703,0.49838006496429443
1789729852169989400,22.8579892578125,0.4193258285522461,-0.40712833404541016,0.5104708671569824
1789729852179926000,22.867926025390624,0.41066110134124756,-0.3361949920654297,0.48751333355903625
1789729852189862400,22.8778623046875,0.05772054195404053,-0.051306724548339844,0.5232805609703064
1789729852199799300,22.88779931640625,-0.5095464587211609,0.3210163116455078,0.5525034666061401
1789729852209736400,22.897736328125,-0.9363449811935425,0.6166057586669922,0.6340968012809753
1789729852219673600,22.907673583984376,-1.0380194187164307,0.7644681930541992,0.7096539735794067
1789729852229611300,22.917611328125,-0.7829389572143555,0.7910261154174805,0.7681925296783447
1789729852239549200,22.927549072265624,-0.3103044033050537,0.6074104309082031,0.8653049468994141
1789729852249486600,22.937486572265627,0.1911526918411255,0.25873279571533203,0.9008011817932129
1789729852259422700,22.947422607421874,0.5936013460159302,-0.07113075256347656,0.8640127778053284
1789729852269359000,22.957359130859373,0.8060581684112549,-0.2869424819946289,0.7645379304885864
1789729852279296000,22.9672958984375,0.770980715751648,-0.31956958770751953,0.6547663807868958
1789729852289233200,22.977233154296876,0.42559921741485596,-0.2549152374267578,0.5991849899291992
1789729852299171000,22.987171142578124,-0.07224929332733154,-0.05899238586425781,0.5797298550605774
1789729852309108500,22.9971083984375,-0.45998096466064453,0.15626811981201172,0.6224410533905029
1789729852319045600,23.007045654296874,-0.6910971403121948,0.31238555908203125,0.650054931640625
1789729852328982500,23.016982421875,-0.7624034881591797,0.2830238342285156,0.632479190826416
1789729852338919400,23.02691943359375,-0.6696704030036926,0.0592041015625,0.5570782423019409
1789729852348856600,23.036856689453124,-0.3589951992034912,-0.3395414352416992,0.41374894976615906
1789729852358794000,23.0467939453125,-0.05099081993103027,-0.7005987167358398,0.3155873417854309
1789729852368730000,23.056730224609375,0.1983656883239746,-0.9719982147216797,0.291192889213562
1789729852378666800,23.066666748046874,0.4731903076171875,-1.1615610122680664,0.36545491218566895
1789729852388603100,23.07660302734375,0.7146164178848267,-1.2246761322021484,0.44970521330833435
1789729852398540000,23.0865400390625,0.7906180620193481,-1.1906909942626953,0.46624332666397095
1789729852408477000,23.096476806640624,0.7848254442214966,-0.9594802856445312,0.42252635955810547
1789729852418414000,23.1064140625,0.6031795740127563,-0.6460981369018555,0.3812464475631714
1789729852428351200,23.116351318359374,0.23032748699188232,-0.3744020462036133,0.3584843575954437
1789729852438288600,23.12628857421875,-0.047306180000305176,-0.07169532775878906,0.25112348794937134
1789729852448225800,23.136225830078125,-0.19696056842803955,0.19789505004882812,0.2693312466144562
1789729852458163200,23.1461630859375,-0.20847880840301514,0.43950366973876953,0.20953768491744995
1789729852468100400,23.156100341796876,-0.07941222190856934,0.610173225402832,0.15288624167442322
1789729852478037200,23.166037353515627,0.27839016914367676,0.7073287963867188,0.154032364487648
1789729852487974700,23.175974609375,0.7930452823638916,0.7948112487792969,0.14249330759048462
1789729852497911000,23.1859111328125,1.257655143737793,0.8763113021850586,0.20867200195789337
1789729852507847400,23.195847412109377,1.3283194303512573,0.9776239395141602,0.25910061597824097
1789729852517783800,23.20578369140625,1.233630895614624,1.0559568405151367,0.2912030816078186
1789729852527720700,23.215720703125,1.0516180992126465,1.0689811706542969,0.3225080370903015
1789729852537657600,23.22565771484375,0.9802234172821045,1.0771236419677734,0.3539513051509857
1789729852547594800,23.2355947265625,0.999454140663147,1.013594627380371,0.4306790828704834
1789729852557532200,23.2455322265625,1.1007786989212036,0.8998546600341797,0.5460454225540161
1789729852567470000,23.255469970703125,1.176235318183899,0.8479423522949219,0.6725174784660339
1789729852577407200,23.2654072265625,1.1309828758239746,0.7811241149902344,0.7595891952514648
1789729852587344600,23.2753447265625,1.0483007431030273,0.7593088150024414,0.8117257952690125
1789729852597280800,23.28528076171875,0.9795843362808228,0.6870498657226562,0.8885981440544128
1789729852607217400,23.295217529296874,0.9190493822097778,0.5359773635864258,0.9197337031364441
1789729852617154600,23.305154541015625,0.832297682762146,0.29451656341552734,0.9177216291427612
1789729852627091500,23.315091552734376,0.7638248205184937,-0.013031005859375,0.8597291111946106
1789729852637029000,23.325029052734376,0.725990891456604,-0.35074615478515625,0.8325114846229553
1789729852646966300,23.33496630859375,0.6934511661529541,-0.5849323272705078,0.7962477207183838
1789729852656903200,23.344903076171875,0.669944167137146,-0.7328329086303711,0.7621152997016907
1789729852666840000,23.354840087890626,0.6354546546936035,-0.7638759613037109,0.7729473114013672
1789729852676777200,23.364777099609373,0.4440279006958008,-0.7380390167236328,0.7788169980049133
1789729852686713600,23.374713623046876,0.22236669063568115,-0.6573457717895508,0.7750189304351807
1789729852696650500,23.384650390625,0.075417160987854,-0.5405683517456055,0.7927634716033936
1789729852706588000,23.394587890625,0.015845060348510742,-0.4639911651611328,0.7827949523925781
1789729852716525000,23.404525146484374,0.07861292362213135,-0.40827369689941406,0.7627707123756409
1789729852726461400,23.41446142578125,0.21828055381774902,-0.4355316162109375,0.7592650651931763
1789729852736397600,23.4243974609375,0.37138867378234863,-0.4907999038696289,0.7564287781715393
1789729852746334200,23.434334228515624,0.42851996421813965,-0.5764703750610352,0.709022045135498
1789729852756270800,23.444270751953123,0.4495028257369995,-0.6565876007080078,0.6879914402961731
1789729852766207700,23.454207763671874,0.5184776782989502,-0.7264595031738281,0.6778809428215027
1789729852776145000,23.464144775390626,0.5355576276779175,-0.7838354110717773,0.6658813953399658
1789729852786082300,23.474082275390625,0.5562334060668945,-0.7595510482788086,0.6220691204071045
1789729852796020000,23.48402001953125,0.5865449905395508,-0.6994876861572266,0.5714994668960571
1789729852805958000,23.4939580078125,0.5443239212036133,-0.594508171081543,0.5297127962112427
1789729852815895300,23.503895263671875,0.44915056228637695,-0.4519929885864258,0.4890124201774597
1789729852825832200,23.513832275390627,0.40802836418151855,-0.3436145782470703,0.47582948207855225
1789729852835769600,23.52376953125,0.5121382474899292,-0.2670135498046875,0.43756669759750366
1789729852845705700,23.533705810546873,0.6311159133911133,-0.21282386779785156,0.41535285115242004
1789729852855641900,23.543641845703124,0.6454859972000122,-0.12124919891357422,0.36436566710472107
1789729852865578800,23.553578857421876,0.6113228797912598,-0.02552509307861328,0.3400404453277588
1789729852875516200,23.56351611328125,0.5025085210800171,0.1035013198852539,0.3576511740684509
1789729852885453300,23.573453369140626,0.3520711660385132,0.25681209564208984,0.37279319763183594
1789729852895391500,23.5833916015625,0.2195981740951538,0.40143489837646484,0.41230112314224243
1789729852905327900,23.593327880859373,0.19026648998260498,0.4897928237915039,0.44303572177886963
1789729852915264300,23.60326416015625,0.24874281883239746,0.5790786743164062,0.4529784321784973
1789729852925200600,23.61320068359375,0.3687194585800171,0.6162385940551758,0.48999980092048645
1789729852935137300,23.62313720703125,0.5095241069793701,0.600921630859375,0.5064241886138916
1789729852945074000,23.633073974609374,0.65909743309021,0.5136327743530273,0.49196091294288635
1789729852955011300,23.64301123046875,0.7877993583679199,0.40436840057373047,0.48604917526245117
1789729852964949200,23.65294921875,0.9858102798461914,0.29903125762939453,0.5327596068382263
1789729852974887200,23.66288720703125,1.1621448993682861,0.2305135726928711,0.612372875213623
1789729852984824000,23.672823974609376,1.2441158294677734,0.13629150390625,0.7224521040916443
1789729852994761000,23.682760986328127,1.2081084251403809,0.04273414611816406,0.8373651504516602
1789729853004698000,23.692697998046874,1.021531581878662,0.029138565063476562,0.9294288158416748
1789729853014634500,23.702634521484374,0.7486472129821777,0.10798454284667969,0.9694324731826782
1789729853024571100,23.712571044921877,0.39752912521362305,0.23695087432861328,1.0045461654663086
1789729853034508300,23.72250830078125,0.08317065238952637,0.3691129684448242,1.0023910999298096
1789729853044445700,23.73244580078125,-0.11606991291046143,0.4954547882080078,0.9538006782531738
1789729853054382800,23.7423828125,-0.13427329063415527,0.5157384872436523,0.9323832988739014
1789729853064320800,23.75232080078125,0.09702920913696289,0.4584684371948242,0.8920276165008545
1789729853074256600,23.762256591796874,0.3797708749771118,0.3537607192993164,0.8437477350234985
1789729853084192500,23.772192626953125,0.574172854423523,0.22229576110839844,0.7657928466796875
1789729853094128600,23.782128662109375,0.7093956470489502,0.118255615234375,0.6773951053619385
1789729853104065000,23.79206494140625,0.8544206619262695,-0.0017108917236328125,0.6780403852462769
1789729853114002200,23.802002197265626,0.9428744316101074,-0.06479549407958984,0.7556374073028564
1789729853123940000,23.811940185546874,0.9224264621734619,-0.05327320098876953,0.9113789200782776
1789729853133878500,23.82187841796875,0.7853107452392578,0.029371261596679688,1.0629292726516724
1789729853143816200,23.831816162109376,0.48666131496429443,0.1188974380493164,1.1982940435409546
1789729853153753000,23.841753173828124,0.07745563983917236,0.28197765350341797,1.2654834985733032
1789729853163690500,23.8516904296875,-0.311134934425354,0.37711334228515625,1.2907849550247192
1789729853173626600,23.861626708984375,-0.5430318117141724,0.4431791305541992,1.3033974170684814
1789729853183562800,23.871562744140626,-0.6215180158615112,0.4369926452636719,1.359234094619751
1789729853193499100,23.8814990234375,-0.5428879261016846,0.3086376190185547,1.399015188217163
1789729853203435500,23.891435546875,-0.25235629081726074,0.06027698516845703,1.4344819784164429
1789729853213372700,23.90137255859375,0.10819506645202637,-0.28954124450683594,1.4552807807922363
1789729853223310000,23.91131005859375,0.39032793045043945,-0.5981130599975586,1.3770861625671387
1789729853233248300,23.921248291015626,0.5721681118011475,-0.7827539443969727,1.2253559827804565
1789729853243186200,23.931186279296874,0.4405388832092285,-0.8679990768432617,1.1665058135986328
1789729853253123000,23.941123046875,0.05575728416442871,-0.8344640731811523,1.1205732822418213
1789729853263060200,23.951060302734376,-0.33065009117126465,-0.7579574584960938,1.1520860195159912
1789729853272996900,23.960996826171876,-0.3916194438934326,-0.6213302612304688,1.1904699802398682
1789729853282933500,23.97093359375,-0.14057767391204834,-0.4752492904663086,1.2373089790344238
1789729853292870100,23.9808701171875,0.07388186454772949,-0.38253116607666016,1.2030235528945923
1789729853302808000,23.99080810546875,0.1209268569946289,-0.34312915802001953,1.1307951211929321
1789729853312745200,24.0007451171875,0.09695899486541748,-0.32306957244873047,1.055915355682373
1789729853322682000,24.01068212890625,0.10073566436767578,-0.3004589080810547,0.9609729051589966
1789729853332619000,24.020618896484375,0.1343322992324829,-0.2250823974609375,0.8934254050254822
1789729853342556200,24.03055615234375,0.030865788459777832,-0.10910701751708984,0.8650447130203247
1789729853352493000,24.0404931640625,-0.13826406002044678,0.01881122589111328,0.8375227451324463
1789729853362430000,24.050429931640625,-0.27301251888275146,0.08704280853271484,0.7915878295898438
1789729853372367000,24.0603671875,-0.3354170322418213,0.0455780029296875,0.7856534719467163
1789729853382304000,24.070303955078124,-0.33049988746643066,-0.03601360321044922,0.7947814464569092
1789729853392241000,24.080240966796875,-0.2353355884552002,-0.05757904052734375,0.7875586748123169
1789729853402178000,24.090177978515626,-0.19365525245666504,-0.10809993743896484,0.7874408960342407
1789729853412115000,24.100114990234374,-0.184492826461792,-0.16153717041015625,0.7801665663719177
1789729853422051800,24.1100517578125,-0.2538334131240845,-0.09154605865478516,0.7493624091148376
1789729853431989000,24.119989013671876,-0.5525456666946411,0.008496284484863281,0.7217933535575867
1789729853441926000,24.12992578125,-0.9139865636825562,0.16785812377929688,0.7145134806632996
1789729853451862800,24.13986279296875,-1.068787932395935,0.4204273223876953,0.7835098505020142
1789729853461800000,24.149800048828126,-1.0675159692764282,0.6560335159301758,0.8895557522773743
1789729853471736800,24.15973681640625,-1.1423768997192383,0.8125925064086914,0.9303416013717651
1789729853481673700,24.169673828125,-1.1617543697357178,0.9265403747558594,0.9842092990875244
1789729853491611000,24.17961083984375,-1.0480093955993652,0.9551496505737305,1.061051845550537
1789729853501547800,24.1895478515625,-0.882780134677887,0.9942235946655273,1.1566754579544067
1789729853511484700,24.199484619140627,-0.688584566116333,0.883392333984375,1.1689910888671875
1789729853521421800,24.209421875,-0.6112465858459473,0.6756134033203125,1.162530541419983
1789729853531358700,24.219358642578126,-0.4194948673248291,0.488372802734375,1.0747016668319702
1789729853541295600,24.229295654296877,-0.0698239803314209,0.2828531265258789,1.0416045188903809
1789729853551232800,24.239232666015624,0.13880276679992676,0.039127349853515625,1.0512909889221191
1789729853561169700,24.249169677734375,0.17097806930541992,-0.14042091369628906,0.9886023998260498
1789729853571106600,24.2591064453125,0.19994795322418213,-0.294342041015625,0.9104108810424805
1789729853581043700,24.269043701171874,0.169258713722229,-0.4252777099609375,0.8417194485664368
1789729853590980600,24.278980712890625,0.0041387081146240234,-0.4686317443847656,0.7288666367530823
1789729853600917500,24.28891748046875,-0.3210299015045166,-0.3692951202392578,0.6957885026931763
1789729853610854700,24.298854736328124,-0.8003271818161011,-0.3013172149658203,0.7188656330108643
1789729853620791600,24.30879150390625,-1.3438358306884766,-0.34479713439941406,0.5569379925727844
1789729853630728400,24.318728515625,-1.714133381843567,-0.22598743438720703,0.34250712394714355
1789729853640665600,24.32866552734375,-1.8142749071121216,-0.16225433349609375,0.3010862469673157
1789729853650603300,24.338603271484374,-1.757675290107727,-0.1987018585205078,0.2893562316894531
1789729853660540400,24.34854052734375,-1.3507931232452393,-0.18729305267333984,0.31205371022224426
1789729853670477300,24.358477294921876,-0.7080358266830444,-0.1414928436279297,0.45276445150375366
1789729853680414500,24.36841455078125,-0.39234745502471924,-0.21107864379882812,0.81477290391922
1789729853690351400,24.378351318359375,-0.3569784164428711,-0.12817001342773438,0.9297618865966797
1789729853700288300,24.388288330078126,-0.26125144958496094,0.08075237274169922,0.832665205001831
1789729853710225400,24.398225341796874,-0.41279685497283936,-0.019715309143066406,0.9443439245223999
1789729853720162300,24.408162353515625,-0.6629629135131836,0.03767967224121094,1.0032905340194702
1789729853730099200,24.41809912109375,-0.7697124481201172,0.28877830505371094,1.1430964469909668
1789729853740036000,24.4280361328125,-0.7787984609603882,0.5204563140869141,1.1444236040115356
1789729853749973200,24.43797314453125,-0.6108241081237793,0.7732000350952148,1.1884117126464844
1789729853759910100,24.44791015625,-0.5460779666900635,0.9389410018920898,1.209850549697876
1789729853769847000,24.457846923828125,-0.4201009273529053,0.9511299133300781,1.2184836864471436
1789729853779784200,24.4677841796875,-0.18500351905822754,0.8387174606323242,1.2990423440933228
1789729853789721000,24.47772119140625,0.04715895652770996,0.6280956268310547,1.3800175189971924
1789729853799658000,24.487657958984375,0.17258787155151367,0.46973228454589844,1.4286682605743408
1789729853809595100,24.49759521484375,0.34007716178894043,0.2600822448730469,1.3049252033233643
1789729853819532000,24.507531982421874,0.5875189304351807,0.03398609161376953,1.0042710304260254
1789729853829469000,24.517468994140625,0.7479326725006104,-0.17873573303222656,0.7682962417602539
1789729853839406000,24.527406005859376,0.6443231105804443,-0.4239530563354492,0.5652375221252441
1789729853849343000,24.537343017578124,0.15746068954467773,-0.3943929672241211,0.408460408449173
1789729853859280000,24.54727978515625,-0.4760901927947998,-0.17663955688476562,0.33737778663635254
1789729853869217000,24.557217041015626,-1.1091488599777222,0.2021350860595703,0.4774262011051178
1789729853879154000,24.56715380859375,-1.7534464597702026,0.5925121307373047,0.6869410872459412
1789729853889090800,24.5770908203125,-2.5470123291015625,0.8500967025756836,0.8412147164344788
1789729853899028000,24.587028076171876,-2.5975754261016846,1.1633872985839844,0.674872636795044
1789729853908964900,24.59696484375,-2.2369706630706787,1.1322507858276367,0.91045081615448
1789729853918901800,24.60690185546875,-1.5105700492858887,0.9974384307861328,1.1866159439086914
1789729853928839000,24.6168388671875,-0.5303981304168701,0.7188024520874023,1.3684985637664795
1789729853938775800,24.62677587890625,0.332838773727417,0.3679084777832031,1.4604201316833496
1789729853948713700,24.636713623046877,0.8623359203338623,0.045680999755859375,1.5122402906417847
1789729853958650600,24.646650634765624,1.0361371040344238,-0.1839914321899414,1.452957272529602
1789729853968587800,24.656587890625,0.9814460277557373,-0.3256521224975586,1.3912197351455688
1789729853978524700,24.666524658203127,0.8553931713104248,-0.27834606170654297,1.3460508584976196
1789729853988461600,24.676461669921874,0.6090977191925049,-0.10853099822998047,1.2652100324630737
1789729853998398700,24.686398681640625,0.23072314262390137,0.1656503677368164,1.2880020141601562
1789729854008335600,24.696335693359377,-0.18009352684020996,0.4833822250366211,1.3904273509979248
1789729854018272500,24.7062724609375,-0.4221721887588501,0.8003549575805664,1.462316870689392
1789729854028209700,24.716209716796875,-0.5401351451873779,1.100245475769043,1.4481987953186035
1789729854038146600,24.726146484375,-0.6134096384048462,1.2470169067382812,1.393154263496399
1789729854048083500,24.73608349609375,-0.5265119075775146,1.2241573333740234,1.3461066484451294
1789729854058020600,24.7460205078125,-0.22626304626464844,1.0838041305541992,1.2930324077606201
1789729854067957500,24.75595751953125,0.12926697731018066,0.844019889831543,1.260331630706787
1789729854077894400,24.765894287109376,0.4820690155029297,0.5253181457519531,1.277225375175476
1789729854087831600,24.77583154296875,0.8914508819580078,0.23409461975097656,1.292402982711792
1789729854097768400,24.7857685546875,1.244659662246704,-0.07413482666015625,1.3269319534301758
1789729854107705300,24.795705322265626,1.37962007522583,-0.2520408630371094,1.3669579029083252
1789729854117642200,24.805642333984373,1.2286748886108398,-0.2709026336669922,1.378192663192749
1789729854127579400,24.815579345703124,1.0276052951812744,-0.23744773864746094,1.341077208518982
1789729854137516300,24.825516357421876,0.7537441253662109,-0.19367313385009766,1.3051097393035889
1789729854147453200,24.835453125,0.43498992919921875,-0.16724491119384766,1.2787810564041138
1789729854157390300,24.845390380859374,0.11867213249206543,-0.15486812591552734,1.2193284034729004
1789729854167327500,24.855327392578126,-0.16427397727966309,-0.15105342864990234,1.126175880432129
1789729854177265000,24.865264892578125,-0.28885960578918457,-0.05263328552246094,1.041622519493103
1789729854187202000,24.8752021484375,-0.21213769912719727,0.03489208221435547,1.0081303119659424
1789729854197140200,24.88514013671875,0.007848978042602539,0.051177024841308594,1.0061239004135132
1789729854207075000,24.895074951171875,0.22472810745239258,-0.04245567321777344,0.9919915199279785
1789729854217010000,24.905010009765626,0.5408768653869629,-0.20094776153564453,0.9141741991043091
1789729854226945500,24.914945556640625,0.8134708404541016,-0.3725147247314453,0.8478243350982666
1789729854236882000,24.9248818359375,0.901364803314209,-0.5577077865600586,0.8356001377105713
1789729854246819000,24.934819091796875,0.8198657035827637,-0.6490516662597656,0.877831220626831
1789729854256757000,24.944757080078126,0.5349516868591309,-0.6583452224731445,0.9637606143951416
1789729854266695200,24.954695068359374,0.10500907897949219,-0.4513378143310547,0.9088296890258789
1789729854276633900,24.9646337890625,-0.3573620319366455,-0.2662010192871094,0.8992830514907837
1789729854286572300,24.974572265625,-0.662678599357605,-0.1447772979736328,0.9526585340499878
1789729854296509200,24.98450927734375,-0.9289813041687012,0.04288768768310547,0.9340037703514099
1789729854306446600,24.994446533203124,-1.1326879262924194,0.23509597778320312,0.8909173011779785
1789729854316383000,25.004383056640624,-1.1874631643295288,0.2817115783691406,0.9399818181991577
1789729854326319400,25.0143193359375,-1.0317983627319336,0.2763481140136719,1.0167372226715088
1789729854336256000,25.024256103515626,-0.7600394487380981,0.21632671356201172,1.0950353145599365
1789729854346192600,25.034192626953125,-0.5106536149978638,0.09396839141845703,1.158644676208496
1789729854356129500,25.044129638671876,-0.2456519603729248,-0.00743865966796875,1.2071137428283691
1789729854366067200,25.054067138671876,0.06006312370300293,-0.07930660247802734,1.2427732944488525
1789729854376004900,25.0640048828125,0.2960655689239502,-0.11093616485595703,1.222206711769104
1789729854385942500,25.073942626953126,0.39719295501708984,-0.09576702117919922,1.1824311017990112
1789729854395879400,25.08387939453125,0.5398566722869873,-0.0194549560546875,1.1962459087371826
1789729854405815300,25.093815185546877,0.7349240779876709,0.04399871826171875,1.2416203022003174
1789729854415751400,25.10375146484375,0.979290246963501,0.18317317962646484,1.1843359470367432
1789729854425687800,25.113687744140623,1.2081694602966309,0.3739757537841797,1.1002235412597656
1789729854435624700,25.123624755859375,1.4335205554962158,0.4752998352050781,1.029977798461914
1789729854445561900,25.133561767578126,1.7419071197509766,0.5325899124145508,0.9085142612457275
1789729854455499300,25.143499267578125,2.1431996822357178,0.5427007675170898,0.8786240816116333
1789729854465437200,25.153437255859377,2.4162795543670654,0.48555660247802734,0.8591268062591553
1789729854475374800,25.163374755859376,2.497051239013672,0.4968271255493164,0.8503059148788452
1789729854485312500,25.1733125,2.4994702339172363,0.5306625366210938,0.8735098838806152
1789729854495249700,25.183249755859375,2.395172357559204,0.5799646377563477,0.9778542518615723
1789729854505186600,25.1931865234375,2.1728601455688477,0.7195377349853516,1.1291297674179077
1789729854515123200,25.203123291015626,1.8030171394348145,0.833256721496582,1.2727248668670654
1789729854525059800,25.213059814453125,1.483586311340332,0.848724365234375,1.319351315498352
1789729854534996500,25.22299658203125,1.431694746017456,0.7573060989379883,1.328642725944519
1789729854544933600,25.23293359375,1.424222707748413,0.5282201766967773,1.3099801540374756
1789729854554871000,25.24287109375,1.6142380237579346,0.26445579528808594,1.2080849409103394
1789729854564810000,25.25281005859375,1.9826416969299316,-0.14456653594970703,1.2243648767471313
1789729854574744600,25.26274462890625,2.2822959423065186,-0.5560855865478516,1.1741982698440552
1789729854584679400,25.272679443359376,2.4018259048461914,-0.6911373138427734,1.0304286479949951
1789729854594615000,25.282614990234375,2.2224934101104736,-0.7175321578979492,0.9645139575004578
1789729854604551400,25.292551513671874,1.8785808086395264,-0.6849040985107422,0.976692795753479
1789729854614488800,25.30248876953125,1.5080838203430176,-0.606846809387207,0.9436617493629456
1789729854624426800,25.3124267578125,1.1512867212295532,-0.5091152191162109,0.904633641242981
1789729854634365200,25.322365234375,0.7669641971588135,-0.4533205032348633,0.8316958546638489
1789729854644304000,25.332303955078125,0.4813826084136963,-0.407867431640625,0.753749430179596
1789729854654242000,25.342241943359376,0.16409873962402344,-0.4109067916870117,0.7015641331672668
1789729854664179000,25.352178955078124,-0.18134737014770508,-0.4503192901611328,0.5980957746505737
1789729854674115800,25.36211572265625,-0.5259895324707031,-0.41115283966064453,0.5375015139579773
1789729854684053000,25.372052978515626,-0.6737690567970276,-0.4105539321899414,0.617104172706604
1789729854693990100,25.381990234375,-0.5845698118209839,-0.44383907318115234,0.7824189066886902
1789729854703926300,25.39192626953125,-0.2970614433288574,-0.5377235412597656,0.9534140825271606
1789729854713862400,25.4018623046875,0.12096869945526123,-0.6497344970703125,1.0017945766448975
1789729854723799000,25.411799072265627,0.47097694873809814,-0.6801643371582031,0.9808017015457153
1789729854733735700,25.421735595703126,0.6075516939163208,-0.581761360168457,0.9193933010101318
1789729854743672600,25.431672607421874,0.4510561227798462,-0.4263477325439453,0.8729867935180664
1789729854753609700,25.441609619140625,0.18423211574554443,-0.2541322708129883,0.8822638392448425
1789729854763547100,25.451547119140624,0.03207576274871826,-0.13868331909179688,0.9046068787574768
1789729854773485600,25.461485595703124,0.21019458770751953,-0.18483924865722656,0.8825676441192627
1789729854783423200,25.47142333984375,0.5919386148452759,-0.39498043060302734,0.8009606599807739
1789729854793360400,25.4813603515625,0.9499430656433105,-0.6211357116699219,0.6287060379981995
1789729854803296300,25.491296142578125,1.1194077730178833,-0.8065032958984375,0.42297449707984924
1789729854813232400,25.501232421875,1.1725808382034302,-0.9491071701049805,0.3055962324142456
1789729854823168800,25.511168701171876,1.1669868230819702,-1.027822494506836,0.3256411850452423
1789729854833105400,25.52110546875,1.1889084577560425,-1.026331901550293,0.3450218141078949
1789729854843042800,25.531042724609375,1.0559711456298828,-0.9544820785522461,0.36789900064468384
1789729854852981000,25.54098095703125,0.7620722055435181,-0.7858200073242188,0.2740230858325958
1789729854862919400,25.55091943359375,0.3249768614768982,-0.5032625198364258,0.1505792737007141
1789729854872856600,25.560856689453125,-0.29737675189971924,-0.25688934326171875,0.04432790353894234
1789729854882793500,25.57079345703125,-0.8400946259498596,0.0042858123779296875,-0.11450988054275513
1789729854892730400,25.58073046875,-1.1611993312835693,0.10856342315673828,-0.16920660436153412
1789729854902667500,25.59066748046875,-1.2326529026031494,0.022925376892089844,-0.1516369730234146
1789729854912604400,25.6006044921875,-1.2316467761993408,-0.02766704559326172,-0.18734987080097198
1789729854922541300,25.610541259765625,-1.2812843322753906,-0.1127157211303711,-0.3831491470336914
1789729854932478500,25.620478515625,-1.3992245197296143,-0.24649620056152344,-0.5933033227920532
1789729854942415600,25.63041552734375,-1.563894510269165,-0.23992443084716797,-0.7846604585647583
1789729854952352800,25.640352783203124,-1.5653717517852783,0.050324440002441406,-0.7686594724655151
1789729854962289700,25.65028955078125,-0.8874891400337219,0.38196849822998047,-0.48251962661743164
1789729854972226600,25.6602265625,0.11228322982788086,0.5599136352539062,0.11364728212356567
1789729854982163700,25.670163818359374,0.9037193059921265,0.6425704956054688,0.4142383933067322
1789729854992100600,25.6801005859375,1.4257757663726807,0.8177633285522461,0.3970901668071747
1789729855002037500,25.69003759765625,1.4326354265213013,0.6885976791381836,0.31774547696113586
1789729855011974700,25.699974609375,1.1740660667419434,0.5339555740356445,0.29537028074264526
1789729855021911600,25.70991162109375,0.8550347685813904,0.5007410049438477,0.2686668038368225
1789729855031849000,25.719848876953126,0.3784525990486145,0.5392360687255859,0.21345043182373047
1789729855041785900,25.729785888671874,-0.2934104800224304,0.7621850967407227,0.21236354112625122
1789729855051723000,25.739722900390625,-0.853801965713501,1.0978355407714844,0.2579212784767151
1789729855061660000,25.749659912109376,-1.2426432371139526,1.3451957702636719,0.2957197427749634
1789729855071596800,25.7595966796875,-1.438007116317749,1.5593223571777344,0.26747840642929077
1789729855081535000,25.769534912109375,-1.3914124965667725,1.6277265548706055,0.31325167417526245
1789729855091470300,25.77947021484375,-1.1350455284118652,1.3591794967651367,0.3505859971046448
1789729855101405700,25.78940576171875,-0.6725640296936035,0.8234224319458008,0.2658247947692871
1789729855111342600,25.799342529296876,-0.30350756645202637,0.2311420440673828,0.09546923637390137
1789729855121279700,25.80927978515625,-0.19456100463867188,-0.3362579345703125,-0.08082175254821777
1789729855131217400,25.819217529296875,-0.18563508987426758,-0.7232379913330078,-0.25314009189605713
1789729855141155600,25.829155517578126,-0.15835148096084595,-0.925471305847168,-0.28028756380081177
1789729855151094000,25.839093994140626,-0.3435269296169281,-1.0199918746948242,-0.19117629528045654
1789729855161029600,25.849029541015625,-0.6519542932510376,-0.9902505874633789,-0.13481122255325317
1789729855170966000,25.858966064453124,-1.0082459449768066,-0.8553657531738281,-0.07723498344421387
1789729855180903000,25.86890283203125,-1.3684117794036865,-0.5938253402709961,-0.04617929458618164
1789729855190839800,25.87883984375,-1.548725962638855,-0.23682880401611328,-0.04842418432235718
1789729855200777000,25.88877685546875,-1.5597326755523682,0.12217903137207031,0.031626343727111816
1789729855210714000,25.898714111328125,-1.456570029258728,0.28950977325439453,0.174285888671875
1789729855220651500,25.908651611328125,-1.1671364307403564,0.3061380386352539,0.23005765676498413
1789729855230588700,25.918588623046876,-0.7252454161643982,0.23685169219970703,0.21199584007263184
1789729855240526000,25.928526123046876,-0.31932127475738525,0.1032094955444336,0.23598140478134155
1789729855250463200,25.938463134765627,-0.07683855295181274,-0.08513259887695312,0.24114829301834106
1789729855260400600,25.948400634765626,0.029208660125732422,-0.20374107360839844,0.22880840301513672
1789729855270337500,25.958337646484374,-0.07442492246627808,-0.1737537384033203,0.30845022201538086
1789729855280274700,25.968274658203125,-0.26864272356033325,-0.05268669128417969,0.3926267623901367
1789729855290211300,25.97821142578125,-0.38116881251335144,0.10914993286132812,0.4926466941833496
1789729855300148200,25.988148193359375,-0.5325604677200317,0.26859092712402344,0.6130175590515137
1789729855310085000,25.998085205078127,-0.7227905988693237,0.3349599838256836,0.7146971821784973
1789729855320022500,26.0080224609375,-0.6601013541221619,0.33253955841064453,0.8658058643341064
1789729855329960000,26.0179599609375,-0.1687678098678589,0.19446754455566406,0.9211462140083313
1789729855339896800,26.027896728515625,0.47914594411849976,-0.06023120880126953,0.9853197336196899
1789729855349833700,26.037833740234376,1.0100303888320923,-0.4054994583129883,1.0332591533660889
1789729855359770600,26.0477705078125,1.2988989353179932,-0.7626256942749023,1.0545949935913086
1789729855369707800,26.057707763671875,1.3942312002182007,-0.9714632034301758,1.0166438817977905
1789729855379644700,26.067644775390626,1.3524969816207886,-1.0919151306152344,0.958310604095459
1789729855389581600,26.07758154296875,1.325090765953064,-1.0379858016967773,0.9269492626190186
1789729855399519700,26.087519775390625,1.3912433385849,-0.8675336837768555,0.8246078491210938
1789729855409455000,26.097455078125,1.314221739768982,-0.6931924819946289,0.7329301238059998
1789729855419390700,26.107390625,1.1223589181900024,-0.5194873809814453,0.6386847496032715
1789729855429326600,26.11732666015625,1.04172945022583,-0.34604835510253906,0.5590647459030151
1789729855439263000,26.127262939453125,0.9765053987503052,-0.2658557891845703,0.5164538025856018
1789729855449199900,26.137199951171876,0.974315881729126,-0.3071165084838867,0.46150511503219604
1789729855459137500,26.147137451171876,1.1826716661453247,-0.4216423034667969,0.41080307960510254
1789729855469075500,26.157075439453124,1.6047552824020386,-0.6382904052734375,0.4069199562072754
1789729855479014000,26.167013916015627,2.024120330810547,-0.8977642059326172,0.41091811656951904
1789729855488952000,26.1769521484375,2.300276279449463,-1.1312713623046875,0.3884473443031311
1789729855498890000,26.186889892578126,2.2780251502990723,-1.2555055618286133,0.33410340547561646
1789729855508825900,26.196825927734373,2.009143352508545,-1.206019401550293,0.2952691912651062
1789729855518761700,26.20676171875,1.5809684991836548,-1.0162372589111328,0.2918715476989746
1789729855528697900,26.21669775390625,1.2139288187026978,-0.7648820877075195,0.2392328977584839
1789729855538634500,26.226634521484375,0.9443744421005249,-0.5543680191040039,0.13762784004211426
1789729855548571600,26.236571533203126,0.6577730178833008,-0.350616455078125,0.07785940170288086
1789729855558509600,26.246509521484374,0.4989476203918457,-0.24404144287109375,0.058094143867492676
1789729855568447700,26.25644775390625,0.6581213474273682,-0.3322601318359375,-0.014860093593597412
1789729855578385700,26.2663857421875,1.0617928504943848,-0.48370838165283203,0.01611703634262085
1789729855588322600,26.276322509765624,1.4761799573898315,-0.6654090881347656,0.01400822401046753
1789729855598259700,26.286259765625,1.798953652381897,-0.791865348815918,-0.09171316027641296
1789729855608196600,26.296196533203126,1.889902949333191,-0.7942266464233398,-0.22424781322479248
1789729855618133500,26.306133544921874,1.7040939331054688,-0.7014408111572266,-0.2942071557044983
1789729855628070700,26.316070556640625,1.396988868713379,-0.5205459594726562,-0.33036401867866516
1789729855638007600,26.326007568359376,1.1093565225601196,-0.2729043960571289,-0.3249105215072632
1789729855647944400,26.3359443359375,0.9271249771118164,0.008181571960449219,-0.28423744440078735
1789729855657881600,26.345881591796875,0.8517371416091919,0.29160118103027344,-0.2163183093070984
1789729855667818500,26.355818603515626,0.8806880712509155,0.5390634536743164,-0.1966060996055603
1789729855677755400,26.36575537109375,0.9522260427474976,0.6932363510131836,-0.18662816286087036
1789729855687692300,26.3756923828125,1.119820237159729,0.7638177871704102,-0.14163810014724731
1789729855697629400,26.38562939453125,1.3589975833892822,0.7817792892456055,-0.10732361674308777
1789729855707566300,26.39556640625,1.5892122983932495,0.7778205871582031,-0.060408949851989746
1789729855717503200,26.405503173828127,1.7344897985458374,0.7753915786743164,0.02045804262161255
1789729855727440400,26.4154404296875,1.8158388137817383,0.8052091598510742,0.12355536222457886
1789729855737377300,26.425377197265625,1.772445797920227,0.8477325439453125,0.25301623344421387
1789729855747314200,26.435314208984376,1.447370171546936,0.8959684371948242,0.3339191675186157
1789729855757251300,26.445251220703124,1.0487066507339478,0.9531478881835938,0.35495537519454956
1789729855767188200,26.455188232421875,0.8211483955383301,0.9888687133789062,0.382987380027771
1789729855777125000,26.465125,0.7767659425735474,0.9580717086791992,0.4827783703804016
1789729855787062300,26.475062255859374,0.939486026763916,0.7819137573242188,0.5189036726951599
1789729855796999200,26.484999267578125,1.2926560640335083,0.4507484436035156,0.521754801273346
1789729855806936300,26.494936279296876,1.6079975366592407,0.02886486053466797,0.4952353239059448
1789729855816873200,26.504873291015624,1.8123935461044312,-0.285675048828125,0.3691949248313904
1789729855826810400,26.514810302734375,1.9035335779190063,-0.510162353515625,0.23613983392715454
1789729855836747500,26.52474755859375,1.77937912940979,-0.6830825805664062,0.15576529502868652
1789729855846684700,26.5346845703125,1.4187710285186768,-0.7754144668579102,0.08760058879852295
1789729855856621600,26.54462158203125,1.0095739364624023,-0.7890310287475586,0.04562729597091675
1789729855866558700,26.554558837890625,0.6732667684555054,-0.8049240112304688,0.08052438497543335
1789729855876496000,26.564495849609376,0.5225590467453003,-0.9017248153686523,0.09990882873535156
1789729855886432800,26.574432861328123,0.4951024055480957,-1.0290584564208984,0.04340702295303345
1789729855896370000,26.584369873046874,0.4524080753326416,-1.1319169998168945,0.00609666109085083
1789729855906307000,26.59430712890625,0.35817837715148926,-1.1266260147094727,-0.06766921281814575
1789729855916244200,26.604244140625,0.18982470035552979,-1.0395536422729492,-0.09219217300415039
1789729855926181000,26.61418115234375,0.03653097152709961,-0.8993597030639648,-0.06271672248840332
1789729855936118300,26.6241181640625,0.07454979419708252,-0.7516164779663086,-0.009285569190979004
1789729855946055400,26.634055419921875,0.23805272579193115,-0.6348562240600586,0.01849120855331421
1789729855955992600,26.64399267578125,0.40895581245422363,-0.5611896514892578,-0.0438610315322876
1789729855965929500,26.653929443359374,0.4609832763671875,-0.44930362701416016,-0.1271810531616211
1789729855975866600,26.66386669921875,0.42197859287261963,-0.3683633804321289,-0.18006831407546997
1789729855985803800,26.6738037109375,0.36267971992492676,-0.20815277099609375,-0.22523322701454163
1789729855995741000,26.683740966796876,0.30177080631256104,0.012091636657714844,-0.2224389612674713
1789729856005677800,26.693677734375,0.40180885791778564,0.3400001525878906,-0.26020246744155884
1789729856015615000,26.703614990234374,0.5952099561691284,0.6866559982299805,-0.26007014513015747
1789729856025552100,26.71355224609375,0.772209882736206,0.963282585144043,-0.2179068922996521
1789729856035489000,26.723489013671873,0.8561011552810669,1.1268501281738281,-0.11813968420028687
1789729856045426200,26.73342626953125,0.9230861663818359,1.2085075378417969,0.19631332159042358
1789729856055363300,26.74336328125,0.9590326547622681,1.1554222106933594,0.5599741339683533
1789729856065300500,26.753300537109375,0.949210524559021,0.9794702529907227,0.9156402945518494
1789729856075237400,26.7632373046875,0.9760401248931885,0.718968391418457,1.167224645614624
1789729856085174500,26.773174560546874,1.0089508295059204,0.4934844970703125,1.2735960483551025
1789729856095111700,26.783111572265625,0.904212236404419,0.2837953567504883,1.3232629299163818
1789729856105048800,26.793048828125,0.6475181579589844,0.02325439453125,1.3444511890411377
1789729856114985700,26.80298583984375,0.30295586585998535,-0.20615386962890625,1.2475686073303223
1789729856124922600,26.812922607421875,-0.12615692615509033,-0.3464498519897461,1.0804167985916138
1789729856134859800,26.82285986328125,-0.5701396465301514,-0.36373138427734375,0.9163401126861572
1789729856144796700,26.832796630859374,-0.9293355345726013,-0.3462514877319336,0.7421808242797852
1789729856154733600,26.842733642578125,-1.173499584197998,-0.2532215118408203,0.5110812187194824
1789729856164670700,26.852670654296876,-1.165710687637329,-0.16844654083251953,0.3144363760948181
1789729856174607600,26.862607666015624,-0.9717402458190918,-0.1518411636352539,0.2794872522354126
1789729856184544500,26.87254443359375,-0.5684807300567627,-0.22999000549316406,0.2829551696777344
1789729856194481400,26.8824814453125,-0.029601693153381348,-0.39847755432128906,0.2441975474357605
1789729856204418600,26.89241845703125,0.48227351903915405,-0.5811586380004883,0.21733617782592773
1789729856214355500,26.90235546875,0.8407975435256958,-0.7521543502807617,0.22844690084457397
1789729856224292400,26.912292236328124,1.0555212497711182,-0.8496208190917969,0.36765408515930176
1789729856234229500,26.9222294921875,1.1064729690551758,-0.8713436126708984,0.5290151834487915
1789729856244166400,26.93216650390625,0.9827688932418823,-0.7718286514282227,0.6462200284004211
1789729856254103300,26.942103271484374,0.6594557166099548,-0.613037109375,0.7321778535842896
1789729856264041200,26.952041259765625,0.354991614818573,-0.43530845642089844,0.7426121234893799
1789729856273978400,26.961978271484377,0.17482781410217285,-0.32927417755126953,0.6780703067779541
1789729856283915500,26.97191552734375,-0.05866461992263794,-0.2516059875488281,0.5999640822410583
1789729856293852400,26.981852294921875,-0.2793300747871399,-0.20914077758789062,0.43975958228111267
1789729856303789300,26.991789306640626,-0.3331833481788635,-0.27799224853515625,0.234491229057312
1789729856313726500,27.0017265625,-0.09789729118347168,-0.4220876693725586,0.07308322191238403
1789729856323663600,27.01166357421875,0.23888349533081055,-0.5961818695068359,-0.05685320496559143
1789729856333600500,27.0216005859375,0.5833308696746826,-0.7696056365966797,-0.21581831574440002
1789729856343538000,27.031537841796876,0.8190219402313232,-0.8878889083862305,-0.33763498067855835
1789729856353474800,27.041474853515624,0.8285260200500488,-0.9203281402587891,-0.39437949657440186
1789729856363411700,27.05141162109375,0.6941384077072144,-0.8407573699951172,-0.36846667528152466
1789729856373348900,27.061348876953126,0.505233645439148,-0.6132698059082031,-0.24332600831985474
1789729856383285800,27.07128564453125,0.3520371913909912,-0.2762327194213867,-0.031166300177574158
1789729856393222700,27.08122265625,0.330305814743042,0.0005750656127929688,0.2286161631345749
1789729856403159800,27.091159912109376,0.5367717742919922,0.14328765869140625,0.39357686042785645
1789729856413096700,27.1010966796875,0.9096310138702393,0.1258544921875,0.44893044233322144
1789729856423034000,27.1110341796875,1.2541698217391968,-0.0012989044189453125,0.4261864423751831
1789729856432971300,27.12097119140625,1.5838656425476074,-0.13051128387451172,0.30074968934059143
1789729856442908400,27.130908447265625,1.771283745765686,-0.25954627990722656,0.1718427538871765
1789729856452845300,27.14084521484375,1.74325692653656,-0.29527854919433594,0.06634014844894409
1789729856462782200,27.1507822265625,1.6417542695999146,-0.1926116943359375,0.03325052931904793
1789729856472719400,27.16071923828125,1.5808179378509521,-0.028575897216796875,0.059051014482975006
1789729856482656500,27.170656494140626,1.4780185222625732,0.08179378509521484,0.08486004918813705
1789729856492593400,27.180593505859374,1.3214079141616821,0.13863372802734375,0.0702684223651886
1789729856502530600,27.190530517578125,1.1602014303207397,0.1087646484375,0.0038585811853408813
1789729856512467500,27.200467529296876,1.023756980895996,0.052364349365234375,-0.09574064612388611
1789729856522404600,27.210404541015624,0.8762010335922241,-0.018256187438964844,-0.21238398551940918
1789729856532341500,27.220341552734375,0.7217812538146973,-0.05252361297607422,-0.34375375509262085
1789729856542278100,27.230278076171874,0.5556060075759888,-0.06695365905761719,-0.4352526366710663
1789729856552215000,27.240215087890626,0.38803601264953613,-0.025565147399902344,-0.47293609380722046
1789729856562153000,27.250153076171873,0.28792834281921387,0.08350658416748047,-0.47614842653274536
1789729856572089900,27.26008984375,0.3452579975128174,0.1356363296508789,-0.4355044364929199
1789729856582027000,27.270027099609376,0.48587536811828613,0.2740154266357422,-0.24544496834278107
1789729856591964000,27.2799638671875,0.6687459945678711,0.4360809326171875,0.00831015408039093
1789729856601900800,27.28990087890625,0.888026237487793,0.40417003631591797,0.09762278944253922
1789729856611838000,27.299837890625,1.0887830257415771,0.19305706024169922,0.04922012984752655
1789729856621774800,27.30977490234375,1.2838748693466187,-0.043758392333984375,-0.04016381502151489
1789729856631711700,27.319711669921876,1.5186744928359985,-0.31345653533935547,-0.09740258753299713
1789729856641649000,27.32964892578125,1.655287504196167,-0.45842838287353516,-0.09414100646972656
1789729856651585800,27.339585693359375,1.7448643445968628,-0.4456329345703125,-0.044800519943237305
1789729856661522700,27.349522705078126,1.8561856746673584,-0.2876100540161133,0.09308498352766037
1789729856671459600,27.35945947265625,1.891330361366272,-0.039969444274902344,0.26528406143188477
1789729856681396700,27.369396728515625,1.8153409957885742,0.23490047454833984,0.4806286692619324
1789729856691333600,27.379333740234376,1.5462521314620972,0.35071277618408203,0.44499069452285767
1789729856701270500,27.3892705078125,1.212708592414856,0.3823823928833008,0.37430089712142944
1789729856711207700,27.399207763671875,1.0129977464675903,0.31853675842285156,0.37429195642471313
1789729856721144600,27.40914453125,0.9004470109939575,0.18345069885253906,0.4682745933532715
1789729856731081500,27.41908154296875,0.9236838817596436,0.027334213256835938,0.5885968208312988
1789729856741018600,27.4290185546875,1.0277397632598877,-0.11908245086669922,0.7997471690177917
1789729856750955800,27.438955810546876,1.1050372123718262,-0.22272777557373047,1.0790611505508423
1789729856760893000,27.448892822265623,1.1875717639923096,-0.32205772399902344,1.2965574264526367
1789729856770829800,27.458829833984375,1.2535572052001953,-0.41465187072753906,1.4517730474472046
1789729856780767000,27.46876708984375,1.2848191261291504,-0.5385560989379883,1.524652361869812
1789729856790704000,27.4787041015625,1.2481211423873901,-0.6193103790283203,1.5354111194610596
1789729856800641300,27.488641357421876,1.1744078397750854,-0.6303834915161133,1.4700175523757935
1789729856810578200,27.498578125,1.0394554138183594,-0.5930957794189453,1.38130784034729
1789729856820515300,27.508515380859375,0.9347604513168335,-0.5073442459106445,1.2691115140914917
1789729856830452500,27.518452392578126,0.8576303720474243,-0.3971261978149414,1.1378371715545654
1789729856840389400,27.528389404296874,0.7602949142456055,-0.2792348861694336,1.0297868251800537
1789729856850326500,27.538326416015625,0.5802619457244873,-0.17272663116455078,0.9917429089546204
1789729856860263700,27.548263671875,0.514580488204956,-0.12273120880126953,0.9029837846755981
1789729856870200800,27.558200927734376,0.7531790733337402,-0.20810699462890625,0.8808577656745911
1789729856880137700,27.5681376953125,1.170992374420166,-0.3622293472290039,0.8954275250434875
1789729856890075000,27.578074951171875,1.6173362731933594,-0.49484920501708984,0.8907005786895752
1789729856900012000,27.588011962890626,1.9434341192245483,-0.6544485092163086,0.8894874453544617
1789729856909949200,27.59794921875,2.166785955429077,-0.8103580474853516,0.8522999882698059
1789729856919886000,27.607885986328125,2.303936719894409,-0.9127073287963867,0.8121025562286377
1789729856929823200,27.6178232421875,2.236506938934326,-0.8757009506225586,0.845471203327179
1789729856939760400,27.627760498046875,1.8722223043441772,-0.7423324584960938,0.8851001262664795
1789729856949697500,27.637697509765626,1.34562087059021,-0.5359706878662109,0.8619053959846497
1789729856959634400,27.647634521484374,0.7943809032440186,-0.2606973648071289,0.8037757277488708
1789729856969571600,27.657571533203125,0.29904282093048096,0.017122268676757812,0.7552502751350403
1789729856979508700,27.6675087890625,-0.12389886379241943,0.26695823669433594,0.6910173892974854
1789729856989445600,27.677445556640624,-0.36751794815063477,0.4604654312133789,0.6689257025718689
1789729856999382800,27.6873828125,-0.3942711353302002,0.5786323547363281,0.6460433602333069
1789729857009320000,27.69731982421875,-0.24072259664535522,0.6142072677612305,0.6121231913566589
1789729857019257000,27.707257080078126,0.039332032203674316,0.49046802520751953,0.5493128895759583
1789729857029194000,27.717194091796873,0.3278520107269287,0.3291969299316406,0.4798735976219177
1789729857039131100,27.727131103515624,0.6134361028671265,0.17075634002685547,0.42341741919517517
1789729857049068300,27.737068359375,0.9060624837875366,0.07690238952636719,0.3880488872528076
1789729857059006000,27.747005859375,1.058040976524353,0.035125732421875,0.4015364646911621
1789729857068942800,27.75694287109375,1.002843976020813,-0.07658767700195312,0.4657267928123474
1789729857078879500,27.76687939453125,0.9931312799453735,-0.15993976593017578,0.5418336987495422
1789729857088816400,27.77681640625,1.0845941305160522,-0.2461709976196289,0.6778610944747925
1789729857098753300,27.786753173828124,1.2004876136779785,-0.27106571197509766,0.7840378284454346
1789729857108690400,27.7966904296875,1.2140121459960938,-0.18248939514160156,0.8787767887115479
1789729857118627300,27.80662744140625,0.9546284675598145,-0.0713348388671875,0.9209499359130859
1789729857128564200,27.816564208984374,0.5349501371383667,0.09650325775146484,0.9050369262695312
1789729857138501400,27.82650146484375,0.17842614650726318,0.3240642547607422,0.8272092938423157
1789729857148438300,27.836438232421877,-0.08317255973815918,0.6092367172241211,0.7572183609008789
1789729857158375200,27.846375244140624,-0.254971444606781,0.9114761352539062,0.7167901992797852
1789729857168312300,27.856312255859375,-0.3425964117050171,1.113652229309082,0.7183224558830261
1789729857178249200,27.866249267578127,-0.17813801765441895,1.1776552200317383,0.7686607241630554
1789729857188186400,27.876186279296874,0.2665928602218628,1.0005130767822266,0.7931351661682129
1789729857198123500,27.88612353515625,0.7808865308761597,0.6966867446899414,0.7478443384170532
1789729857208060400,27.896060302734377,1.0038810968399048,0.2970438003540039,0.5829727649688721
1789729857217997800,27.905997802734376,0.9076348543167114,-0.045166969299316406,0.44456303119659424
1789729857227935500,27.915935546875,0.6317934989929199,-0.29392147064208984,0.36159586906433105
1789729857237873000,27.925872802734375,0.3505377769470215,-0.40390586853027344,0.42174866795539856
1789729857247809800,27.935809814453126,0.0038199424743652344,-0.34671783447265625,0.5756577849388123
1789729857257747000,27.945746826171874,-0.41463518142700195,-0.2205667495727539,0.7492138743400574
1789729857267683800,27.955683837890625,-0.7519470453262329,-0.11142349243164062,0.909392237663269
1789729857277621200,27.965621337890624,-0.9605954885482788,-0.06447410583496094,0.9891720414161682
1789729857287558000,27.975557861328124,-1.040664792060852,0.0018434524536132812,0.9480577707290649
1789729857297494500,27.98549462890625,-0.9989136457443237,0.1329946517944336,0.9433645009994507
1789729857307431200,27.99543115234375,-0.8843492269515991,0.2021780014038086,1.035233974456787
1789729857317367800,28.005367919921873,-0.707043468952179,0.2046976089477539,1.1005576848983765
1789729857327304700,28.0153046875,-0.4806966781616211,0.20514965057373047,1.0889040231704712
1789729857337242000,28.0252421875,-0.3087778687477112,0.2177572250366211,1.1021488904953003
1789729857347180000,28.035179931640624,-0.21169376373291016,0.19463253021240234,1.1065731048583984
1789729857357117700,28.04511767578125,-0.15290743112564087,0.10239410400390625,1.1041016578674316
1789729857367054800,28.055054931640626,-0.08388638496398926,0.017660140991210938,1.062867283821106
1789729857376991700,28.06499169921875,0.005599856376647949,-0.004647254943847656,0.9962557554244995
1789729857386928600,28.0749287109375,0.06123781204223633,-0.041174888610839844,0.9774143695831299
1789729857396865800,28.08486572265625,0.05961596965789795,-0.13492202758789062,0.986908495426178
1789729857406802700,28.094802734375,0.08452451229095459,-0.22600936889648438,1.0053637027740479
1789729857416739600,28.104739501953127,0.19133001565933228,-0.30969810485839844,1.0275129079818726
1789729857426676700,28.1146767578125,0.2926461696624756,-0.39325904846191406,1.0672639608383179
1789729857436613600,28.124613525390625,0.3389889597892761,-0.4552497863769531,1.1109141111373901
1789729857446550500,28.134550537109376,0.3447261452674866,-0.4742136001586914,1.1137809753417969
1789729857456487700,28.14448779296875,0.3332129120826721,-0.454986572265625,1.104554295539856
1789729857466424600,28.154424560546875,0.30542176961898804,-0.34977149963378906,1.1480929851531982
1789729857476361500,28.164361572265626,0.2788538932800293,-0.21602725982666016,1.1641114950180054
1789729857486298600,28.174298583984374,0.24758273363113403,-0.09676361083984375,1.1488900184631348
1789729857496235500,28.184235595703125,0.21737897396087646,0.017709732055664062,1.0504168272018433
1789729857506172400,28.19417236328125,0.18484491109848022,0.0892486572265625,0.956430196762085
1789729857516109600,28.204109619140624,0.14919531345367432,0.05350208282470703,0.8899201154708862
1789729857526046500,28.21404638671875,0.15599030256271362,-0.0032367706298828125,0.7900943160057068
1789729857535983600,28.223983642578126,0.21573704481124878,-0.028415679931640625,0.6889069676399231
1789729857545920800,28.233920654296874,0.27068179845809937,0.006411552429199219,0.6496497392654419
1789729857555858000,28.24385791015625,0.2369632124900818,0.12482643127441406,0.6693810820579529
1789729857565794800,28.253794921875,0.09419846534729004,0.2620267868041992,0.7411382794380188
1789729857575732000,28.26373193359375,0.0030484795570373535,0.34386634826660156,0.8203170895576477
1789729857585669000,28.273669189453123,-0.019106924533843994,0.3465127944946289,0.8661766052246094
1789729857595606300,28.283606201171875,0.023137569427490234,0.27729129791259766,0.9598153829574585
1789729857605543200,28.293543212890626,0.14907759428024292,0.16263580322265625,1.0252324342727661
1789729857615480300,28.303480224609373,0.370031476020813,0.03357410430908203,1.0967364311218262
1789729857625417500,28.31341748046875,0.43317657709121704,-0.026018142700195312,1.1154769659042358
1789729857635354600,28.323354736328124,0.397909939289093,0.02794647216796875,1.09563148021698
1789729857645291500,28.33329150390625,0.15744507312774658,0.07364368438720703,1.096937656402588
1789729857655228700,28.343228759765626,-0.02515476942062378,0.1327648162841797,1.0407822132110596
1789729857665165800,28.353165771484374,-0.07288140058517456,0.21231651306152344,0.9521638751029968
1789729857675102700,28.363102783203125,-0.04898858070373535,0.2883739471435547,0.873678982257843
1789729857685039900,28.373039794921876,-0.07417947053909302,0.3491697311401367,0.8289263844490051
1789729857694977000,28.38297705078125,-0.1119384765625,0.3996562957763672,0.7808567881584167
1789729857704914200,28.3929140625,-0.12219429016113281,0.4023323059082031,0.6891610026359558
1789729857714851000,28.40285107421875,-0.11714297533035278,0.3250112533569336,0.6315702795982361
1789729857724788200,28.412788330078126,-0.049632251262664795,0.15487098693847656,0.5574602484703064
1789729857734725400,28.422725341796873,0.09732729196548462,-0.024225234985351562,0.441830039024353
1789729857744662500,28.43266259765625,0.20733308792114258,-0.15345478057861328,0.31164854764938354
1789729857754599400,28.442599365234376,0.10379773378372192,-0.177276611328125,0.2241688370704651
1789729857764536600,28.45253662109375,-0.15489667654037476,-0.11854171752929688,0.220658540725708
1789729857774473700,28.4624736328125,-0.3893086314201355,0.0027093887329101562,0.27765411138534546
1789729857784410600,28.47241064453125,-0.5640415549278259,0.15967845916748047,0.3203042447566986
1789729857794347800,28.48234765625,-0.7035002708435059,0.2576942443847656,0.33775338530540466
1789729857804285000,28.492284912109376,-0.7412375807762146,0.27425575256347656,0.3899590075016022
1789729857814222000,28.50222216796875,-0.5907286405563354,0.22949790954589844,0.4018031656742096
1789729857824159000,28.512158935546875,-0.39876797795295715,0.13370132446289062,0.3610028326511383
1789729857834096000,28.52209619140625,-0.29375332593917847,0.09122467041015625,0.3679325580596924
1789729857844033800,28.53203369140625,-0.32679229974746704,0.08003520965576172,0.36121875047683716
1789729857853971200,28.54197119140625,-0.38429486751556396,0.08558464050292969,0.3182724416255951
1789729857863908400,28.551908447265625,-0.4533293545246124,0.11708641052246094,0.3096267879009247
1789729857873845200,28.56184521484375,-0.4452713131904602,0.20478248596191406,0.2733297049999237
1789729857883782400,28.571782470703123,-0.3321335017681122,0.3099985122680664,0.24039360880851746
1789729857893719600,28.581719482421875,-0.30222347378730774,0.38524436950683594,0.23654413223266602
1789729857903656400,28.591656494140626,-0.3521761894226074,0.4569559097290039,0.30836912989616394
1789729857913593600,28.601593505859373,-0.364385187625885,0.5088052749633789,0.434312641620636
1789729857923530800,28.61153076171875,-0.18626272678375244,0.5505619049072266,0.531579315662384
1789729857933467600,28.621467529296876,0.05388981103897095,0.5893669128417969,0.630497932434082
1789729857943404500,28.631404541015623,0.279788076877594,0.49559497833251953,0.794315755367279
1789729857953341400,28.641341552734374,0.46048635244369507,0.29256439208984375,0.9917500615119934
1789729857963278000,28.651278076171874,0.6431009769439697,0.022050857543945312,1.161266803741455
1789729857973215000,28.661215087890625,0.8175755739212036,-0.2160015106201172,1.3200030326843262
1789729857983151900,28.67115185546875,0.9431124925613403,-0.4363737106323242,1.445486068725586
1789729857993089000,28.681089111328124,1.0331203937530518,-0.6653413772583008,1.5249401330947876
1789729858003027200,28.691027099609375,1.03304922580719,-0.8465518951416016,1.5590171813964844
1789729858012964400,28.70096435546875,0.8543793559074402,-0.8652410507202148,1.5167750120162964
1789729858022901500,28.710901611328126,0.5549343824386597,-0.7955818176269531,1.4539384841918945
1789729858032838700,28.720838623046873,0.2158336639404297,-0.7116231918334961,1.3743053674697876
1789729858042775600,28.730775634765624,-0.10989397764205933,-0.6586627960205078,1.243582010269165
1789729858052712700,28.740712646484376,-0.2795717716217041,-0.6030960083007812,1.0477254390716553
1789729858062649900,28.75064990234375,-0.30824849009513855,-0.5688114166259766,0.8018611669540405
1789729858072586500,28.76058642578125,-0.3458368480205536,-0.6083307266235352,0.561428427696228
1789729858082523100,28.770523193359374,-0.29771775007247925,-0.621119499206543,0.31952357292175293
1789729858092459800,28.780459716796877,-0.20836877822875977,-0.5738716125488281,0.08783887326717377
1789729858102397200,28.790397216796876,-0.2284548431634903,-0.5265445709228516,-0.00880327820777893
1789729858112334800,28.8003349609375,-0.2833155393600464,-0.5340986251831055,-0.009552553296089172
1789729858122272300,28.810272216796875,-0.24784624576568604,-0.4937105178833008,-0.07849763333797455
1789729858132209400,28.82020947265625,-0.09277093410491943,-0.6350231170654297,-0.03022874891757965
1789729858142146300,28.830146240234374,0.06226164102554321,-0.7259664535522461,-0.002457141876220703
1789729858152082200,28.840082275390625,0.43432748317718506,-0.929387092590332,0.08849075436592102
1789729858162018300,28.850018310546876,0.5489657521247864,-1.094618797302246,0.15059906244277954
1789729858171954700,28.85995458984375,0.2568512260913849,-0.9563484191894531,0.15040001273155212
1789729858181891300,28.869891357421874,-0.2857207655906677,-0.6631002426147461,0.31503474712371826
1789729858191828500,28.879828369140625,-0.8453164100646973,-0.3416175842285156,0.5333225727081299
1789729858201766100,28.88976611328125,-1.359222650527954,0.00095367431640625,0.6533257961273193
1789729858211704000,28.8997041015625,-1.747086763381958,0.3502979278564453,0.7150865793228149
1789729858221642000,28.90964208984375,-1.8113465309143066,0.5869617462158203,0.7316207885742188
1789729858231580200,28.919580078125,-1.4726872444152832,0.7590246200561523,0.7677438855171204
1789729858241517300,28.929517333984375,-0.995355486869812,0.7710685729980469,0.8465440273284912
1789729858251454200,28.9394541015625,-0.19490480422973633,0.7428865432739258,0.9316776394844055
1789729858261391400,28.949391357421874,0.9348192811012268,0.6382226943969727,1.0221920013427734
1789729858271328500,28.95932861328125,1.8250477313995361,0.3013734817504883,0.9927517175674438
1789729858281265400,28.969265380859376,2.311037540435791,0.014700889587402344,0.8975964784622192
1789729858291202300,28.979202392578124,2.4918484687805176,-0.1594829559326172,0.7400858402252197
1789729858301139500,28.989139404296875,2.624981164932251,-0.25207042694091797,0.772707998752594
1789729858311076400,28.999076416015626,2.6774234771728516,-0.1363668441772461,0.9792978763580322
1789729858321013200,29.00901318359375,2.5840818881988525,0.1607341766357422,1.1706286668777466
1789729858330950400,29.018950439453125,2.4556000232696533,0.3924875259399414,1.2295809984207153
1789729858340887300,29.02888720703125,2.355637550354004,0.4920034408569336,1.0859894752502441
1789729858350824200,29.03882421875,2.397268772125244,0.5239238739013672,0.836941123008728
1789729858360761300,29.04876123046875,2.332773208618164,0.5885438919067383,0.5770670175552368
1789729858370698200,29.0586982421875,2.131833791732788,0.580683708190918,0.435943067073822
1789729858380635100,29.06863525390625,1.8523610830307007,0.6130647659301758,0.3070679306983948
1789729858390572000,29.078572021484376,1.639268398284912,0.47800350189208984,0.2520643174648285
1789729858400509200,29.08850927734375,1.6161015033721924,0.41263484954833984,0.28745055198669434
1789729858410446300,29.0984462890625,1.757927417755127,0.2519512176513672,0.3508336842060089
1789729858420383500,29.108383544921875,1.7889933586120605,0.06788921356201172,0.3758727014064789
1789729858430320400,29.1183203125,1.7633779048919678,-0.07495307922363281,0.34948447346687317
1789729858440257500,29.128257568359373,1.7154209613800049,-0.336700439453125,0.33901044726371765
1789729858450194700,29.138194580078125,1.4738106727600098,-0.5329351425170898,0.25643762946128845
1789729858460131800,29.1481318359375,1.2075557708740234,-0.6277618408203125,0.19104990363121033
1789729858470068700,29.15806884765625,1.0960683822631836,-0.7217779159545898,0.1700267493724823
1789729858480006000,29.168005859375,1.1415388584136963,-0.800786018371582,0.23156467080116272
1789729858489943000,29.177943115234374,1.3055386543273926,-0.8579196929931641,0.2753848433494568
1789729858499880200,29.187880126953125,1.5340311527252197,-0.900726318359375,0.34948405623435974
1789729858509817000,29.197817138671876,1.6285157203674316,-0.9104156494140625,0.38092362880706787
1789729858519754200,29.207754150390624,1.4940805435180664,-0.8966646194458008,0.4238443076610565
1789729858529691400,29.21769140625,1.2469180822372437,-0.8927984237670898,0.4343809187412262
1789729858539628300,29.227628173828126,1.0063000917434692,-0.9105100631713867,0.44513070583343506
1789729858549565400,29.2375654296875,0.8868194818496704,-0.9639034271240234,0.47359710931777954
1789729858559503600,29.247503662109374,0.9149524569511414,-1.0337591171264648,0.4486357569694519
1789729858569441000,29.25744091796875,0.8926938772201538,-1.0890331268310547,0.42505791783332825
1789729858579378000,29.2673779296875,0.7556642889976501,-0.9840221405029297,0.4051584303379059
1789729858589315000,29.277315185546875,0.555957555770874,-0.7597017288208008,0.2831197679042816
1789729858599252200,29.287252197265627,0.31982728838920593,-0.5071029663085938,0.17244243621826172
1789729858609189000,29.297189208984374,0.12811696529388428,-0.18082332611083984,0.11987185478210449
1789729858619126300,29.307126220703125,0.061903685331344604,0.14730358123779297,0.11288061738014221
1789729858629063000,29.31706298828125,0.14461225271224976,0.39128684997558594,0.1346110701560974
1789729858638999600,29.32699951171875,0.3863084018230438,0.5560903549194336,0.20943942666053772
1789729858648936400,29.3369365234375,0.8094404935836792,0.6060075759887695,0.307106614112854
1789729858658873000,29.346873046875,1.262648582458496,0.5173549652099609,0.38733237981796265
1789729858668810200,29.356810302734374,1.6180274486541748,0.34780406951904297,0.34701007604599
1789729858678747400,29.366747314453125,1.8477067947387695,0.1979846954345703,0.24903196096420288
1789729858688684800,29.376684814453125,1.8639538288116455,0.11089420318603516,0.1829705834388733
1789729858698622200,29.386622314453124,1.7878999710083008,0.07212638854980469,0.11758413910865784
1789729858708559600,29.3965595703125,1.7784225940704346,0.048089027404785156,0.03047117590904236
1789729858718497000,29.4064970703125,1.7877497673034668,0.06966590881347656,-0.019996851682662964
1789729858728434200,29.41643408203125,1.8213770389556885,0.11498355865478516,-0.03209418058395386
1789729858738371300,29.426371337890625,1.7498586177825928,0.13838672637939453,0.00791853666305542
1789729858748308500,29.43630859375,1.604209542274475,0.26416492462158203,0.09295517206192017
1789729858758245600,29.44624560546875,1.4954338073730469,0.3415966033935547,0.18083617091178894
1789729858768182500,29.4561826171875,1.5444260835647583,0.38517284393310547,0.25832223892211914
1789729858778119700,29.46611962890625,1.6130610704421997,0.4187583923339844,0.3717718720436096
1789729858788056800,29.476056884765626,1.5408899784088135,0.4590797424316406,0.500944972038269
1789729858797994000,29.485993896484374,1.4073777198791504,0.5300817489624023,0.6672934889793396
1789729858807931000,29.495930908203125,1.3893182277679443,0.576807975769043,0.7942981123924255
1789729858817868000,29.505867919921876,1.5240143537521362,0.5228290557861328,0.8639684915542603
1789729858827805200,29.51580517578125,1.6802687644958496,0.4232826232910156,0.9026383757591248
1789729858837742000,29.5257421875,1.808958649635315,0.2542610168457031,0.8939457535743713
1789729858847679200,29.53567919921875,1.9038398265838623,0.018297195434570312,0.8348177075386047
1789729858857616400,29.545616455078125,1.896185040473938,-0.22703266143798828,0.7405497431755066
1789729858867553500,29.555553466796876,1.814490795135498,-0.44812870025634766,0.6457682251930237
1789729858877490400,29.565490478515624,1.7424018383026123,-0.6282548904418945,0.5688901543617249
1789729858887427600,29.575427490234375,1.6446013450622559,-0.7746572494506836,0.4850282073020935
1789729858897364700,29.58536474609375,1.5071382522583008,-0.887420654296875,0.4347541928291321
1789729858907302000,29.595302001953126,1.3254729509353638,-0.9761857986450195,0.4038708209991455
1789729858917238800,29.60523876953125,1.0988655090332031,-1.0242271423339844,0.35700953006744385
1789729858927176000,29.615176025390625,0.9091009497642517,-1.0123910903930664,0.2610287666320801
1789729858937113000,29.625113037109376,0.7010962963104248,-0.9526033401489258,0.20187604427337646
1789729858947050200,29.63505029296875,0.5931008458137512,-0.9594898223876953,0.19658136367797852
1789729858956987100,29.644987060546875,0.8111910820007324,-0.9851264953613281,0.16437876224517822
1789729858966924300,29.65492431640625,1.2124416828155518,-0.9770994186401367,0.10220068693161011
1789729858976861400,29.664861328125,1.4991378784179688,-0.9261293411254883,-0.002412647008895874
1789729858986798600,29.674798583984376,1.5377788543701172,-0.8657646179199219,-0.09700220823287964
1789729858996735500,29.684735595703124,1.4870812892913818,-0.7958688735961914,-0.23267589509487152
1789729859006672400,29.69467236328125,1.393376111984253,-0.6661434173583984,-0.3317500650882721
1789729859016609300,29.704609375,1.2655155658721924,-0.3978548049926758,-0.38966622948646545
1789729859026546200,29.714546142578126,1.1398380994796753,-0.12761497497558594,-0.42737913131713867
1789729859036483000,29.724483154296873,1.0606276988983154,0.10385799407958984,-0.4875296354293823
1789729859046420000,29.734419921875,0.964564323425293,0.2631874084472656,-0.5545443892478943
1789729859056356900,29.74435693359375,0.8714476823806763,0.33144569396972656,-0.555180013179779
1789729859066294000,29.7542939453125,0.8703479170799255,0.30167484283447266,-0.5450050830841064
1789729859076231400,29.7642314453125,0.8697656393051147,0.23381805419921875,-0.503597617149353
1789729859086168600,29.77416845703125,0.8477249145507812,0.14939594268798828,-0.48344531655311584
1789729859096105700,29.784105712890625,0.7621158361434937,0.10340690612792969,-0.4294872283935547
1789729859106043000,29.79404296875,0.5527249574661255,0.0910196304321289,-0.32428452372550964
1789729859115980000,29.80397998046875,0.24833878874778748,0.0954580307006836,-0.2658742070198059
1789729859125917200,29.813917236328123,0.05797579884529114,0.25295162200927734,-0.21399366855621338
1789729859135854300,29.823854248046874,-0.15285566449165344,0.3695707321166992,-0.15764912962913513
1789729859145791700,29.833791748046874,-0.35888391733169556,0.5289897918701172,-0.09935712814331055
1789729859155729000,29.84372900390625,-0.47440311312675476,0.642634391784668,-0.10213315486907959
1789729859165666000,29.853666015625,-0.4118172228336334,0.6771125793457031,-0.11496353149414062
1789729859175603200,29.863603271484376,-0.25889852643013,0.6445770263671875,-0.16704189777374268
1789729859185540400,29.873540283203123,-0.06931924819946289,0.5189990997314453,-0.2454543113708496
1789729859195477500,29.8834775390625,0.20179906487464905,0.32221317291259766,-0.2946270704269409
1789729859205414000,29.893413818359374,0.4978124499320984,0.08313274383544922,-0.3528822064399719
1789729859215350000,29.90335009765625,0.7794740200042725,-0.07628059387207031,-0.36304187774658203
1789729859225286700,29.91328662109375,0.9835495948791504,-0.23041343688964844,-0.30041953921318054
1789729859235223300,29.923223388671875,1.2108685970306396,-0.2958412170410156,-0.21524715423583984
1789729859245160400,29.933160400390626,1.3582209348678589,-0.3350801467895508,-0.13119393587112427
1789729859255097900,29.943097900390626,1.4057871103286743,-0.3601722717285156,-0.05472230911254883
1789729859265035300,29.95303515625,1.4260257482528687,-0.34246826171875,-0.013064205646514893
1789729859274973200,29.96297314453125,1.4144234657287598,-0.31309986114501953,-0.0021425485610961914
1789729859284910800,29.972910888671876,1.301201343536377,-0.24091243743896484,-0.05932724475860596
1789729859294848500,29.9828486328125,1.100191593170166,-0.16171932220458984,-0.1456722617149353
1789729859304785700,29.99278564453125,0.9047147035598755,-0.06581592559814453,-0.20196276903152466
1789729859314722600,30.00272265625,0.7137399315834045,0.034854888916015625,-0.24481278657913208
1789729859324659500,30.012659423828126,0.5940764546394348,0.11639881134033203,-0.2789948284626007
1789729859334596000,30.02259619140625,0.6013714671134949,0.17885398864746094,-0.2809871435165405
1789729859344533200,30.032533203125,0.6852332353591919,0.16241455078125,-0.2581648528575897
1789729859354470400,30.042470458984376,0.7326992154121399,0.07913970947265625,-0.23242750763893127
1789729859364407600,30.052407470703123,0.7318861484527588,0.0033168792724609375,-0.20698702335357666
1789729859374344700,30.0623447265625,0.710913896560669,-0.11994361877441406,-0.15645623207092285
1789729859384281900,30.07228173828125,0.6072348356246948,-0.30000877380371094,-0.07922405004501343
1789729859394219000,30.082218994140625,0.5322229862213135,-0.41713428497314453,0.011855781078338623
1789729859404156200,30.09215625,0.4812074303627014,-0.5431623458862305,0.17657917737960815
1789729859414093600,30.102093505859376,0.5579902529716492,-0.7164239883422852,0.3682715594768524
1789729859424030500,30.112030517578123,0.8361776471138,-0.9442033767700195,0.5452405214309692
1789729859433967400,30.12196728515625,1.2312288284301758,-1.1742238998413086,0.7041425704956055
1789729859443904300,30.131904296875,1.512040376663208,-1.3542594909667969,0.7620326280593872
1789729859453841400,30.14184130859375,1.638594150543213,-1.50836181640625,0.6778888702392578
1789729859463778800,30.15177880859375,1.58991277217865,-1.5933589935302734,0.6253871917724609
1789729859473716200,30.16171630859375,1.396065354347229,-1.5302562713623047,0.5830254554748535
1789729859483653400,30.1716533203125,1.199967384338379,-1.3598175048828125,0.5109663605690002
1789729859493590300,30.18159033203125,1.1575251817703247,-1.1610565185546875,0.43167832493782043
1789729859503527400,30.19152734375,1.2358815670013428,-0.9604320526123047,0.309787392616272
1789729859513465300,30.20146533203125,1.2995002269744873,-0.7794885635375977,0.13986724615097046
1789729859523401000,30.21140087890625,1.2667638063430786,-0.6348123550415039,-0.03848469257354736
1789729859533336800,30.2213369140625,1.239695429801941,-0.5524063110351562,-0.1462925672531128
1789729859543273000,30.23127294921875,1.2629897594451904,-0.5152931213378906,-0.17515972256660461
1789729859553209600,30.241209716796874,1.459808349609375,-0.3920326232910156,-0.2596217393875122
1789729859563147000,30.25114697265625,1.6845097541809082,-0.11630058288574219,-0.4231429398059845
1789729859573084700,30.261084716796876,1.640591025352478,0.04840850830078125,-0.43166112899780273
1789729859583022600,30.271022705078124,1.2588074207305908,0.12621021270751953,-0.4108217656612396
1789729859592960800,30.280960693359376,0.7936087250709534,0.13912677764892578,-0.4398963451385498
1789729859602899000,30.29089892578125,0.49868452548980713,0.3289909362792969,-0.3229750394821167
1789729859612835000,30.3008349609375,0.22219932079315186,0.5520105361938477,-0.1044124960899353
1789729859622771200,30.310771240234374,-0.14848774671554565,0.8009557723999023,0.041360437870025635
1789729859632707300,30.320707275390625,-0.5550820827484131,0.9995479583740234,0.11045169830322266
1789729859642644000,30.33064404296875,-0.8447409868240356,1.074141502380371,0.08483868837356567
1789729859652581000,30.3405810546875,-0.9454967975616455,1.010915756225586,0.06072497367858887
1789729859662518500,30.3505185546875,-0.7469151020050049,0.8723878860473633,0.06503623723983765
1789729859672456200,30.360456298828126,-0.045286476612091064,0.8709630966186523,0.23666250705718994
1789729859682395000,30.370394775390626,0.6268084049224854,0.7018861770629883,0.30666404962539673
1789729859692332300,30.380332275390625,0.8659482598304749,0.5203371047973633,0.1615734100341797
1789729859702269400,30.39026953125,1.0673229694366455,0.3882732391357422,0.02968388795852661
1789729859712206600,30.40020654296875,1.0457158088684082,-0.04097938537597656,-0.18438589572906494
1789729859722143500,30.4101435546875,0.8617560267448425,-0.39611339569091797,-0.5144271850585938
1789729859732080600,30.42008056640625,0.6722145080566406,-0.6241178512573242,-0.7545866966247559
1789729859742017800,30.430017822265626,0.3511865735054016,-0.6723184585571289,-0.7870412468910217
1789729859751954700,30.43995458984375,-0.035014212131500244,-0.5313243865966797,-0.664676308631897
1789729859761892000,30.44989208984375,-0.3412487506866455,-0.36164093017578125,-0.39670389890670776
1789729859771829200,30.459829345703124,-0.5762892961502075,-0.2207021713256836,-0.003226637840270996
1789729859781766100,30.46976611328125,-0.5736740827560425,0.05144214630126953,0.2098570466041565
1789729859791703300,30.479703369140626,-0.3722617030143738,0.17229938507080078,0.4458693265914917
1789729859801640400,30.489640380859374,-0.21597979962825775,0.2328329086303711,0.6016172170639038
1789729859811577300,30.499577392578125,-0.13609707355499268,0.32866954803466797,0.6401014924049377
1789729859821514500,30.509514404296876,-0.1551782190799713,0.3952932357788086,0.665992021560669
1789729859831451600,30.51945166015625,-0.24411961436271667,0.4113588333129883,0.6861290335655212
1789729859841388800,30.529388916015623,-0.2510007917881012,0.44872283935546875,0.6357050538063049
1789729859851325700,30.53932568359375,-0.1923222541809082,0.4691762924194336,0.5423272848129272
1789729859861262800,30.549262939453126,-0.09045544266700745,0.4990987777709961,0.4382975101470947
1789729859871200000,30.559199951171873,0.02493375539779663,0.5050344467163086,0.3492514491081238
1789729859881137200,30.56913720703125,0.13181445002555847,0.44162559509277344,0.24625736474990845
1789729859891074000,30.579073974609376,0.22167620062828064,0.3186626434326172,0.05902296304702759
1789729859901011500,30.589011474609375,0.27118417620658875,0.24159812927246094,-0.17917847633361816
1789729859910948600,30.598948486328126,0.2989674210548401,0.17940807342529297,-0.320395290851593
1789729859920885500,30.608885498046874,0.3169744610786438,0.11534500122070312,-0.42317110300064087
1789729859930822700,30.61882275390625,0.3500508964061737,0.027864456176757812,-0.4975980520248413
1789729859940759800,30.628759765625,0.3372708261013031,-0.061496734619140625,-0.5420879125595093
1789729859950696700,30.63869677734375,0.32486826181411743,-0.15035247802734375,-0.49773895740509033
1789729859960634400,30.64863427734375,0.34277862310409546,-0.28896331787109375,-0.38782039284706116
1789729859970570800,30.65857080078125,0.3876568675041199,-0.41516971588134766,-0.33753702044487
1789729859980507100,30.668507080078125,0.4551917612552643,-0.4669046401977539,-0.29795539379119873
1789729859990443800,30.67844384765625,0.4297824501991272,-0.4897346496582031,-0.2489318996667862
1789729860000380400,30.68838037109375,0.352616548538208,-0.4670143127441406,-0.24852566421031952
1789729860010317300,30.6983173828125,0.22021810710430145,-0.4274892807006836,-0.26975560188293457
1789729860020254700,30.708254638671875,0.07458056509494781,-0.395111083984375,-0.2832774817943573
1789729860030192400,30.7181923828125,-0.08622667193412781,-0.3340921401977539,-0.30733877420425415
1789729860040130300,30.72813037109375,-0.25637656450271606,-0.27567195892333984,-0.32642874121665955
1789729860050068000,30.73806787109375,-0.4098851680755615,-0.2844209671020508,-0.3999081254005432
1789729860060005000,30.748005126953124,-0.47232571244239807,-0.2836799621582031,-0.44250813126564026
1789729860069942300,30.7579423828125,-0.40167236328125,-0.2997293472290039,-0.44542196393013
1789729860079879200,30.767879150390623,-0.2647988200187683,-0.3683805465698242,-0.3894791305065155
1789729860089816300,30.77781640625,-0.12605559825897217,-0.42255210876464844,-0.38791805505752563
1789729860099753500,30.78775341796875,-0.08659122884273529,-0.40012168884277344,-0.36965411901474
1789729860109690400,30.7976904296875,-0.09437720477581024,-0.3347291946411133,-0.25121045112609863
1789729860119627800,30.807627685546876,-0.04032514616847038,-0.24084854125976562,-0.10624372959136963
1789729860129565000,30.81756494140625,0.021617386490106583,-0.21897125244140625,0.04029393196105957
1789729860139501800,30.827501708984375,0.08759979158639908,-0.20919227600097656,0.11723622679710388
1789729860149438500,30.8374384765625,0.19406935572624207,-0.22818946838378906,0.18479928374290466
1789729860159375400,30.847375244140625,0.4074450731277466,-0.27108192443847656,0.21911820769309998
1789729860169312000,30.85731201171875,0.6908730864524841,-0.29473876953125,0.15507066249847412
1789729860179249000,30.867248779296876,0.8548579216003418,-0.28240203857421875,0.04382595419883728
1789729860189186000,30.87718603515625,0.8947371244430542,-0.2699089050292969,-0.008720576763153076
1789729860199123500,30.88712353515625,0.8993490934371948,-0.19512081146240234,0.011581391096115112
1789729860209060600,30.897060546875,0.8813654184341431,-0.1322927474975586,-0.040784239768981934
1789729860218998000,30.906998046875,0.8397329449653625,-0.10051250457763672,-0.14727790653705597
1789729860228935200,30.91693505859375,0.7225810289382935,-0.07098674774169922,-0.1780099868774414
1789729860238873000,30.926873046875,0.5696305632591248,-0.046057701110839844,-0.1265992671251297
1789729860248810000,30.93681005859375,0.5115278959274292,-0.054325103759765625,-0.07534965872764587
1789729860258747100,30.9467470703125,0.6687914729118347,-0.07180309295654297,-0.025448381900787354
1789729860268684300,30.956684326171874,0.8842660784721375,-0.11292266845703125,0.0917748510837555
1789729860278621200,30.96662109375,1.0452181100845337,-0.0893087387084961,0.21397662162780762
1789729860288558000,30.97655810546875,1.131540060043335,-0.03945636749267578,0.377984881401062
1789729860298495700,30.986495849609376,1.06371009349823,-0.030422210693359375,0.6032981872558594
1789729860308432600,30.9964326171875,1.0377922058105469,0.0048160552978515625,0.7679570913314819
1789729860318369800,31.006369873046875,1.040400505065918,0.013578414916992188,0.8884784579277039
1789729860328306400,31.016306396484374,1.0080429315567017,0.019762039184570312,0.9956069588661194
1789729860338243000,31.0262431640625,0.9128732681274414,0.02570343017578125,1.048276424407959
1789729860348180000,31.036179931640625,0.795441746711731,-0.05933189392089844,1.0567727088928223
1789729860358116900,31.046116943359376,0.7782696485519409,-0.1561908721923828,1.0594730377197266
1789729860368054000,31.056053955078124,0.8736169934272766,-0.21228504180908203,1.00831139087677
1789729860377991200,31.0659912109375,0.9659157991409302,-0.2803306579589844,0.9482071995735168
1789729860387928600,31.075928466796874,1.0479103326797485,-0.36518096923828125,0.9076898097991943
1789729860397865700,31.08586572265625,1.1457278728485107,-0.45497703552246094,0.8367096781730652
1789729860407803100,31.09580322265625,1.192446231842041,-0.4900674819946289,0.7035791873931885
1789729860417740300,31.105740234375,1.100295066833496,-0.41802215576171875,0.5080386996269226
1789729860427677700,31.115677734375,0.884271502494812,-0.3201417922973633,0.27783554792404175
1789729860437614800,31.12561474609375,0.6703187227249146,-0.23196697235107422,0.060832858085632324
1789729860447552300,31.13555224609375,0.4388614892959595,-0.19143390655517578,-0.11103007197380066
1789729860457489400,31.145489501953126,0.4796442985534668,-0.16479015350341797,-0.19118160009384155
1789729860467426300,31.15542626953125,0.5350053310394287,-0.032550811767578125,-0.2739136815071106
1789729860477363500,31.165363525390624,0.7223169803619385,-0.04131793975830078,-0.3489038348197937
1789729860487300600,31.175300537109376,0.8150851130485535,-0.1023092269897461,-0.2939353287220001
1789729860497237500,31.185237548828123,0.33182889223098755,-0.1815471649169922,-0.06671780347824097
1789729860507174700,31.195174560546874,0.20368123054504395,-0.2254648208618164,-0.15891948342323303
1789729860517111800,31.20511181640625,0.4886537790298462,0.037878990173339844,-0.24175706505775452
1789729860527049000,31.215049072265625,0.7719135284423828,0.029259681701660156,0.035026371479034424
1789729860536985900,31.22498583984375,1.0165660381317139,-0.03623199462890625,0.3468632996082306
1789729860546923000,31.234923095703124,1.0366038084030151,0.0967559814453125,0.5571818351745605
1789729860556860200,31.244860107421875,0.9108912944793701,0.2941150665283203,0.6368767023086548
1789729860566797300,31.25479736328125,0.7928067445755005,0.36507511138916016,0.6509175300598145
1789729860576734200,31.264734130859374,0.915850043296814,0.21726226806640625,0.694415807723999
1789729860586671400,31.27467138671875,1.2396098375320435,0.016153335571289062,0.7626909613609314
1789729860596608500,31.2846083984375,1.6363615989685059,-0.19072532653808594,0.7760335206985474
1789729860606545700,31.294545654296876,1.887277603149414,-0.2608299255371094,0.6847131252288818
1789729860616482600,31.304482666015623,1.9122354984283447,-0.4009532928466797,0.5607147216796875
1789729860626419700,31.314419677734374,1.8268367052078247,-0.42992687225341797,0.38668161630630493
1789729860636356900,31.32435693359375,1.7428910732269287,-0.5706548690795898,0.2132946252822876
1789729860646293800,31.334293701171877,1.609789490699768,-0.6078166961669922,0.1500585377216339
1789729860656231000,31.34423095703125,1.5837033987045288,-0.7135028839111328,0.20466524362564087
1789729860666168000,31.35416796875,1.400790810585022,-0.6700315475463867,0.29491546750068665
1789729860676105200,31.364105224609375,1.216705322265625,-0.5180263519287109,0.23040953278541565
1789729860686042000,31.3740419921875,1.1164170503616333,-0.4320058822631836,0.22895804047584534
1789729860695979300,31.383979248046874,0.9028487205505371,-0.4211883544921875,0.22838586568832397
1789729860705917000,31.3939169921875,0.909115195274353,-0.1624736785888672,0.130849689245224
1789729860715854000,31.40385400390625,1.2625858783721924,-0.0672006607055664,0.20048651099205017
1789729860725791200,31.413791259765624,1.4295035600662231,-0.2406625747680664,0.4421357214450836
1789729860735728400,31.423728271484375,1.4580931663513184,-0.3191041946411133,0.40771719813346863
1789729860745665500,31.43366552734375,1.2041934728622437,-0.23757648468017578,0.23042652010917664
1789729860755602400,31.4436025390625,0.8846514225006104,-0.25107860565185547,0.12848123908042908
1789729860765539600,31.45353955078125,0.5586651563644409,-0.3346271514892578,0.1444132924079895
1789729860775476700,31.463476806640625,0.3957099914550781,-0.38969898223876953,0.15306168794631958
1789729860785414000,31.473413818359376,0.38159286975860596,-0.4475107192993164,0.22542205452919006
1789729860795351300,31.483351318359375,0.44035303592681885,-0.4775247573852539,0.3642539381980896
1789729860805288000,31.493287841796874,0.5505944490432739,-0.4520072937011719,0.5496007204055786
1789729860815224800,31.503224853515626,0.5757399797439575,-0.35041236877441406,0.6780396699905396
1789729860825161500,31.513161376953125,0.5372778177261353,-0.21637439727783203,0.6985037326812744
1789729860835098400,31.523098388671876,0.5024163722991943,-0.11688899993896484,0.7182120084762573
1789729860845035300,31.53303515625,0.5498009920120239,-0.09242057800292969,0.7386225461959839
1789729860854972400,31.542972412109375,0.6571922302246094,-0.12357425689697266,0.7597335577011108
1789729860864909600,31.55290966796875,0.7735179662704468,-0.1527099609375,0.7332450747489929
1789729860874847000,31.562846923828126,0.854934811592102,-0.17011547088623047,0.7187298536300659
1789729860884784000,31.5727841796875,0.8452367782592773,-0.1803884506225586,0.6952012777328491
1789729860894721500,31.582721435546876,0.8246952295303345,-0.21440982818603516,0.6320453882217407
1789729860904659000,31.592658935546876,0.7035290002822876,-0.28618717193603516,0.5768164396286011
1789729860914596400,31.602596435546875,0.5981099605560303,-0.42169952392578125,0.5144660472869873
1789729860924533200,31.612533203125,0.5062745809555054,-0.5777654647827148,0.4345192611217499
1789729860934470100,31.62247021484375,0.4626758098602295,-0.6827917098999023,0.31157058477401733
1789729860944407000,31.632406982421877,0.3751105070114136,-0.6796989440917969,0.19902649521827698
1789729860954344000,31.642343994140624,0.3204221725463867,-0.5616292953491211,0.1176152378320694
1789729860964280800,31.65228076171875,0.32276904582977295,-0.33612728118896484,0.08467485010623932
1789729860974217700,31.6622177734375,0.3074634075164795,-0.13483619689941406,0.11320656538009644
1789729860984155000,31.67215478515625,0.28695619106292725,-0.040993690490722656,0.11305966973304749
1789729860994092000,31.682092041015625,0.4047585725784302,-0.053902626037597656,0.09611883759498596
1789729861004029200,31.692029296875,0.6815370321273804,-0.1566152572631836,0.08924254775047302
1789729861013966600,31.701966552734376,1.0422385931015015,-0.26624202728271484,0.08402378857135773
1789729861023903700,31.71190380859375,1.279147982597351,-0.37383556365966797,0.1277940273284912
1789729861033841700,31.721841552734375,1.556614637374878,-0.4445037841796875,0.0940948948264122
1789729861043778800,31.73177880859375,1.7518885135650635,-0.502802848815918,0.10188617557287216
1789729861053716000,31.741716064453126,1.811274528503418,-0.6427431106567383,0.15603651106357574
1789729861063653000,31.751653076171873,1.87998628616333,-0.596348762512207,0.2395082712173462
1789729861073590300,31.76159033203125,1.9952812194824219,-0.5269088745117188,0.32938262820243835
1789729861083527200,31.771527099609376,2.0560171604156494,-0.5137367248535156,0.40367066860198975
1789729861093464800,31.78146484375,2.0464532375335693,-0.4804420471191406,0.39650559425354004
1789729861103401200,31.791401123046874,1.8778395652770996,-0.4365386962890625,0.351399302482605
1789729861113337900,31.801337890625,1.6249606609344482,-0.40789127349853516,0.31364449858665466
1789729861123274500,31.8112744140625,1.4173753261566162,-0.3820619583129883,0.32402488589286804
1789729861133212000,31.8212119140625,1.1939728260040283,-0.4017801284790039,0.38831138610839844
1789729861143149600,31.831149658203124,1.0236358642578125,-0.4262094497680664,0.4066027104854584
1789729861153087000,31.8410869140625,0.8416211605072021,-0.41947269439697266,0.45522060990333557
1789729861163024100,31.851024169921875,0.6972813606262207,-0.2595958709716797,0.4552721679210663
1789729861172961300,31.860961181640626,0.6360182762145996,-0.09273433685302734,0.4579423666000366
1789729861182898400,31.8708984375,0.5708847045898438,-0.021486282348632812,0.4662882685661316
1789729861192835600,31.880835693359376,0.5192735195159912,0.055126190185546875,0.31258606910705566
1789729861202772500,31.8907724609375,0.5995445251464844,0.13971900939941406,0.23433250188827515
1789729861212709600,31.900709716796875,0.7200262546539307,0.06512832641601562,0.2758219242095947
1789729861222646800,31.910646728515626,0.8917946815490723,-0.11550331115722656,0.23275010287761688
1789729861232584000,31.920583984375,1.1226284503936768,-0.27542972564697266,0.11531423777341843
1789729861242520800,31.930520751953125,1.3732264041900635,-0.43175697326660156,0.05850071460008621
1789729861252458000,31.9404580078125,1.6450321674346924,-0.6546659469604492,0.09473615884780884
1789729861262395100,31.95039501953125,1.736140251159668,-0.6748170852661133,0.19107729196548462
1789729861272332000,31.96033203125,1.6524443626403809,-0.5961837768554688,0.26972806453704834
1789729861282269200,31.970269287109375,1.4023027420043945,-0.44788169860839844,0.3699325919151306
1789729861292206300,31.980206298828126,1.0133864879608154,-0.2632169723510742,0.46825724840164185
1789729861302143500,31.9901435546875,0.7289788722991943,-0.13473129272460938,0.5886581540107727
1789729861312080400,32.000080322265624,0.6399822235107422,-0.10481452941894531,0.6647202968597412
1789729861322017500,32.010017578125,0.6948871612548828,-0.139556884765625,0.7162784934043884
1789729861331955200,32.019955078125,0.7662670612335205,-0.18134307861328125,0.7249069213867188
1789729861341892400,32.02989233398438,0.7794101238250732,-0.20611286163330078,0.7156005501747131
1789729861351829500,32.03982958984375,0.7399826049804688,-0.19201374053955078,0.7159099578857422
1789729861361766400,32.04976635742187,0.6944961547851562,-0.15793514251708984,0.7023575305938721
1789729861371703600,32.05970361328125,0.6772799491882324,-0.0605621337890625,0.6725108623504639
1789729861381640700,32.069640625,0.7139706611633301,0.02123260498046875,0.6564276218414307
1789729861391577600,32.07957763671875,0.8267204761505127,0.05147075653076172,0.6505405902862549
1789729861401514800,32.0895146484375,0.940889835357666,0.06089305877685547,0.6397915482521057
1789729861411452000,32.09945190429688,1.0437850952148438,0.04200458526611328,0.6403994560241699
1789729861421389300,32.10938940429688,1.163182020187378,-0.019532203674316406,0.6405296921730042
1789729861431326200,32.119326171875,1.2899425029754639,-0.10173702239990234,0.6224726438522339
1789729861441263600,32.129263671875,1.324514389038086,-0.1458759307861328,0.6274791955947876
1789729861451200500,32.13920043945313,1.3071560859680176,-0.15758895874023438,0.6971502304077148
1789729861461136100,32.14913623046875,1.2698144912719727,-0.1988058090209961,0.7837733626365662
1789729861471072000,32.15907202148438,1.196756362915039,-0.15608882904052734,0.8715034127235413
1789729861481008000,32.16900805664063,1.0903089046478271,0.030564308166503906,0.9476044774055481
1789729861490945000,32.178945068359376,0.9400856494903564,0.20368194580078125,1.0304194688796997
1789729861500882400,32.18888232421875,0.8366696834564209,0.29334449768066406,1.057800054550171
1789729861510820600,32.19882055664063,0.7425613403320312,0.3107166290283203,1.0781282186508179
1789729861520759300,32.20875927734375,0.6132276058197021,0.21274948120117188,1.0796282291412354
1789729861530697500,32.218697509765626,0.5913481712341309,0.16902446746826172,0.9865460991859436
1789729861540634600,32.22863452148437,0.556931734085083,0.03505134582519531,0.9645986557006836
1789729861550571800,32.23857177734375,0.5925233364105225,-0.10283756256103516,0.9466271996498108
1789729861560509000,32.24850903320313,0.7244930267333984,-0.2732734680175781,0.9515650272369385
1789729861570446300,32.2584462890625,0.8599808216094971,-0.45060062408447266,0.9141037464141846
1789729861580383000,32.26838305664062,0.9049980640411377,-0.5176420211791992,0.7978968620300293
1789729861590320400,32.2783203125,0.75173020362854,-0.4106473922729492,0.5874647498130798
1789729861600257300,32.28825732421875,0.4210062026977539,-0.24520587921142578,0.39621418714523315
1789729861610194400,32.2981943359375,0.058576345443725586,-0.06614303588867188,0.32163751125335693
1789729861620131600,32.30813159179687,-0.20519113540649414,0.04270648956298828,0.32808077335357666
1789729861630069000,32.31806909179687,-0.21845650672912598,0.11365222930908203,0.30517423152923584
1789729861640005600,32.328005615234375,-0.03690314292907715,0.1660757064819336,0.22483542561531067
1789729861649942500,32.33794262695312,0.27886247634887695,0.15041255950927734,0.17543669044971466
1789729861659879200,32.347879150390625,0.6017706394195557,0.10957527160644531,0.16627255082130432
1789729861669816000,32.35781616210937,0.7683899402618408,0.0741872787475586,0.14602477848529816
1789729861679753000,32.3677529296875,0.7980525493621826,0.07471942901611328,0.12639907002449036
1789729861689690600,32.37769067382813,0.8051035404205322,0.08730030059814453,0.13209116458892822
1789729861699628500,32.38762866210938,0.929236888885498,0.008005142211914062,0.16138377785682678
1789729861709565700,32.397565673828126,1.1573216915130615,-0.054083824157714844,0.1541440784931183
1789729861719502800,32.4075029296875,1.3033051490783691,-0.02738475799560547,0.1525154858827591
1789729861729439700,32.41743969726563,1.3074655532836914,0.03172016143798828,0.16123048961162567
1789729861739377000,32.427376953125,1.1773147583007812,0.061309814453125,0.17850254476070404
1789729861749314000,32.43731396484375,0.9631922245025635,0.05521583557128906,0.14599449932575226
1789729861759251200,32.44725122070312,0.695026159286499,0.07826805114746094,0.04342354089021683
1789729861769188000,32.45718798828125,0.36871933937072754,0.16846752166748047,-0.020138658583164215
1789729861779125200,32.467125244140625,0.029433727264404297,0.25957489013671875,0.024132803082466125
1789729861789062700,32.477062744140625,-0.2613945007324219,0.2862539291381836,0.09156721830368042
1789729861799000000,32.487,-0.4778478145599365,0.2664499282836914,0.11663499474525452
1789729861808936400,32.4969365234375,-0.5740094184875488,0.2715606689453125,0.06436586380004883
1789729861818872800,32.50687280273438,-0.7369275093078613,0.20195388793945312,0.08825275301933289
1789729861828809500,32.5168095703125,-0.869685173034668,0.05260276794433594,0.1602456271648407
1789729861838746000,32.52674609375,-0.8055425882339478,-0.09106063842773438,0.34824955463409424
1789729861848683000,32.53668310546875,-0.5568139553070068,-0.2583637237548828,0.5095125436782837
1789729861858621000,32.546620849609376,-0.33580946922302246,-0.3210163116455078,0.5974842309951782
1789729861868559000,32.55655908203125,-0.34773993492126465,-0.3247385025024414,0.7044628858566284
1789729861878496800,32.56649682617188,-0.48228955268859863,-0.2953767776489258,0.7914087772369385
1789729861888434200,32.57643408203125,-0.6250094175338745,-0.2443218231201172,0.8097530603408813
1789729861898370800,32.586370849609374,-0.7400035858154297,-0.16393089294433594,0.7306386232376099
1789729861908307700,32.5963076171875,-0.9004517793655396,-0.013334274291992188,0.627253532409668
1789729861918245400,32.60624536132813,-1.0438921451568604,0.059627532958984375,0.6037555932998657
1789729861928182300,32.616182373046875,-1.054124116897583,0.088775634765625,0.5303105115890503
1789729861938119400,32.62611938476562,-0.9009789228439331,-0.05704784393310547,0.5320228934288025
1789729861948055600,32.6360556640625,-0.5318088531494141,-0.17728900909423828,0.48546040058135986
1789729861957991400,32.645991455078125,-0.18632841110229492,-0.18936729431152344,0.5189837217330933
1789729861967928000,32.65592797851563,-0.03792619705200195,-0.18510818481445312,0.6203080415725708
1789729861977865000,32.665864990234375,0.0877838134765625,-0.23907184600830078,0.773630678653717
1789729861987802400,32.67580224609375,0.28630805015563965,-0.25127124786376953,0.8045778274536133
1789729861997740300,32.685740234375,0.3040919303894043,-0.1362781524658203,0.7364441156387329
1789729862007678200,32.69567822265625,0.0735013484954834,0.05809974670410156,0.6783882975578308
1789729862017616600,32.70561669921875,-0.25143134593963623,0.1749420166015625,0.6876129508018494
1789729862027553500,32.71555346679688,-0.38082778453826904,0.15802669525146484,0.7284854650497437
1789729862037490400,32.725490478515624,-0.27343106269836426,0.15848159790039062,0.7393300533294678
1789729862047427600,32.73542749023437,-0.17603373527526855,0.25988292694091797,0.7113057374954224
1789729862057364500,32.74536450195313,-0.2130444049835205,0.3353433609008789,0.7436463832855225
1789729862067301400,32.75530126953125,-0.28421568870544434,0.2894096374511719,0.815962553024292
1789729862077238500,32.76523852539062,-0.23581278324127197,0.16522979736328125,0.8473880887031555
1789729862087176200,32.77517626953125,-0.07036244869232178,0.034148216247558594,0.8358117938041687
1789729862097113600,32.78511352539063,0.026332378387451172,-0.09014511108398438,0.804886519908905
1789729862107051000,32.79505102539063,-0.11892688274383545,-0.25087833404541016,0.7595065832138062
1789729862116987400,32.8049873046875,-0.3350449800491333,-0.4213275909423828,0.6826133131980896
1789729862126923800,32.814923828125,-0.432858943939209,-0.5771036148071289,0.6191479563713074
1789729862136860200,32.82486010742188,-0.4763847589492798,-0.6940183639526367,0.511547327041626
1789729862146797600,32.834797607421876,-0.5319417715072632,-0.7790079116821289,0.4316495656967163
1789729862156735500,32.84473559570313,-0.5875675678253174,-0.8197364807128906,0.36469677090644836
1789729862166673700,32.85467358398437,-0.6835850477218628,-0.7681264877319336,0.24831070005893707
1789729862176610000,32.864610107421875,-0.6043363809585571,-0.6312103271484375,0.17035995423793793
1789729862186546400,32.87454638671875,-0.3258512020111084,-0.4212379455566406,0.0913953185081482
1789729862196483300,32.8844833984375,0.183371901512146,-0.1772594451904297,0.017959672957658768
1789729862206420700,32.89442065429687,0.7393560409545898,-0.034241676330566406,0.03273490443825722
1789729862216358700,32.904358642578124,1.2202004194259644,0.12653446197509766,0.008271187543869019
1789729862226296000,32.914296142578124,1.5052204132080078,0.2684459686279297,-0.08002463728189468
1789729862236233200,32.92423315429688,1.7010245323181152,0.4390888214111328,-0.11850033700466156
1789729862246170400,32.93417041015625,1.8348959684371948,0.6167230606079102,-0.15305018424987793
1789729862256107300,32.944107177734374,1.848541021347046,0.6558437347412109,-0.09002198278903961
1789729862266044400,32.95404443359375,1.8803977966308594,0.6119194030761719,-0.036910828202962875
1789729862275981600,32.96398168945313,1.823412537574768,0.5066623687744141,0.0015195757150650024
1789729862285919000,32.9739189453125,1.6848435401916504,0.4479255676269531,0.11031400412321091
1789729862295855900,32.98385595703125,1.4956821203231812,0.44774913787841797,0.27094829082489014
1789729862305793500,32.99379345703125,1.2002826929092407,0.40355396270751953,0.43632975220680237
1789729862315730000,33.00372998046875,0.8570442199707031,0.42578125,0.557296872138977
1789729862325666300,33.01366625976563,0.377058744430542,0.47423553466796875,0.5907511115074158
1789729862335602700,33.023602783203124,-0.11942720413208008,0.4133758544921875,0.5590455532073975
1789729862345539300,33.03353930664063,-0.5619845390319824,0.3491230010986328,0.42791375517845154
1789729862355476500,33.0434765625,-0.9233697652816772,0.2197856903076172,0.2894728481769562
1789729862365413600,33.05341357421875,-1.1731079816818237,0.0807199478149414,0.19872106611728668
1789729862375350800,33.06335083007812,-1.2071250677108765,-0.09200763702392578,0.21585166454315186
1789729862385288400,33.07328833007813,-1.1006684303283691,-0.2508974075317383,0.2972664535045624
1789729862395226000,33.08322607421875,-0.8948599100112915,-0.41069698333740234,0.2898481488227844
1789729862405163800,33.09316381835937,-0.677365243434906,-0.5599241256713867,0.29801154136657715
1789729862415101400,33.10310131835938,-0.5504921674728394,-0.7419805526733398,0.3140239417552948
1789729862425038600,33.11303857421875,-0.5027968287467957,-0.894866943359375,0.33309710025787354
1789729862434975700,33.122975830078126,-0.5265604257583618,-0.9685182571411133,0.3241448998451233
1789729862444913000,33.13291284179687,-0.5718387365341187,-1.0060844421386719,0.2724173069000244
1789729862454849800,33.14284985351563,-0.6559279561042786,-1.0625324249267578,0.2944723665714264
1789729862464787000,33.152786865234376,-0.7433370351791382,-1.1353759765625,0.345087468624115
1789729862474724000,33.16272412109375,-0.8585100173950195,-1.1193904876708984,0.454298734664917
1789729862484661000,33.17266088867188,-0.9119013547897339,-1.072031021118164,0.5928705930709839
1789729862494598100,33.18259814453125,-0.8016439080238342,-1.0100650787353516,0.7482789158821106
1789729862504535300,33.192535400390625,-0.6684263944625854,-0.9455928802490234,0.8431506752967834
1789729862514472400,33.20247241210937,-0.4504433870315552,-0.8499622344970703,0.8607060313224792
1789729862524409300,33.21240942382813,-0.2718852758407593,-0.7806100845336914,0.647000789642334
1789729862534346500,33.222346435546875,-0.21505343914031982,-0.737278938293457,0.5960792303085327
1789729862544283600,33.23228369140625,-0.22726118564605713,-0.8318958282470703,0.6732966303825378
1789729862554220800,33.242220703125,-0.1082388162612915,-0.8394088745117188,0.6833497881889343
1789729862564157700,33.25215771484375,0.11474049091339111,-0.7864503860473633,0.5916832685470581
1789729862574094800,33.2620947265625,0.3918570280075073,-0.8622236251831055,0.5424511432647705
1789729862584032000,33.27203198242187,0.6838064193725586,-0.9449882507324219,0.4988282322883606
1789729862593969200,33.28196923828125,0.9250082969665527,-0.8894529342651367,0.4317309856414795
1789729862603906000,33.291906005859374,1.0337098836898804,-0.7607383728027344,0.39486202597618103
1789729862613843200,33.30184326171875,0.9381248950958252,-0.5805215835571289,0.3997606337070465
1789729862623780400,33.3117802734375,0.7294176816940308,-0.26261329650878906,0.41352951526641846
1789729862633717200,33.32171728515625,0.49278724193573,0.06643962860107422,0.45359331369400024
1789729862643654400,33.331654296875,0.2580069303512573,0.35214710235595703,0.5327162742614746
1789729862653591600,33.34159155273438,0.0670391321182251,0.5783596038818359,0.5773569345474243
1789729862663528700,33.35152880859375,0.19116806983947754,0.7406272888183594,0.614065408706665
1789729862673465600,33.361465576171874,0.5364741086959839,0.7384748458862305,0.759645402431488
1789729862683402800,33.37140283203125,0.8694827556610107,0.6459159851074219,0.8781235218048096
1789729862693340000,33.38133984375,1.1669687032699585,0.5392141342163086,1.041535496711731
1789729862703277000,33.391277099609376,1.2780647277832031,0.4945526123046875,1.1019682884216309
1789729862713214200,33.40121411132812,1.3626593351364136,0.3995504379272461,1.2531065940856934
1789729862723151400,33.4111513671875,1.4854717254638672,0.165863037109375,1.404873251914978
1789729862733088500,33.42108862304688,1.6041131019592285,-0.029486656188964844,1.5436471700668335
1789729862743025700,33.431025634765625,1.6115267276763916,-0.16281509399414062,1.5700746774673462
1789729862752962800,33.440962890625,1.5839805603027344,-0.22705745697021484,1.5178202390670776
1789729862762900200,33.45090014648437,1.4767203330993652,-0.3061199188232422,1.4436713457107544
1789729862772837400,33.46083740234375,1.2309622764587402,-0.43076324462890625,1.2876276969909668
1789729862782774500,33.4707744140625,1.1529539823532104,-0.4260435104370117,1.1471697092056274
1789729862792711700,33.480711669921874,1.1755467653274536,-0.4977893829345703,1.0138015747070312
1789729862802648800,33.49064892578125,1.244710922241211,-0.5934371948242188,0.9229384660720825
1789729862812586000,33.5005859375,1.2853208780288696,-0.639094352722168,0.7949884533882141
1789729862822523100,33.510523193359376,1.269743800163269,-0.7258481979370117,0.6671825051307678
1789729862832460500,33.52046044921875,1.1532524824142456,-0.8082637786865234,0.60235595703125
1789729862842397700,33.53039770507812,1.0723057985305786,-0.7573175430297852,0.6318761110305786
1789729862852334800,33.5403349609375,0.918779730796814,-0.695124626159668,0.6491639018058777
1789729862862272000,33.55027197265625,0.924709677696228,-0.6265134811401367,0.7108159065246582
1789729862872209400,33.56020947265625,0.9516118764877319,-0.7284069061279297,0.8656395673751831
1789729862882146300,33.57014624023437,0.981484055519104,-0.8424739837646484,0.9426590204238892
1789729862892083700,33.58008374023437,1.0611562728881836,-1.0258817672729492,0.9477717876434326
1789729862902020900,33.590020751953126,1.1455104351043701,-1.1757431030273438,0.9207175970077515
1789729862911958000,33.5999580078125,1.202252745628357,-1.2230186462402344,0.8140009641647339
1789729862921895000,33.60989501953125,1.110217809677124,-1.2731561660766602,0.6989851593971252
1789729862931832000,33.61983203125,0.6862384080886841,-1.218277931213379,0.5274392366409302
1789729862941769200,33.629769287109376,0.2291475534439087,-0.9765958786010742,0.3625776171684265
1789729862951706400,33.63970629882812,-0.0044564008712768555,-0.7320346832275391,0.3072340190410614
1789729862961643300,33.64964331054688,0.07725381851196289,-0.5156307220458984,0.37636464834213257
1789729862971580400,33.659580322265626,0.48869872093200684,-0.34935569763183594,0.45168790221214294
1789729862981517600,33.669517578125,0.8831585645675659,-0.3413715362548828,0.46135252714157104
1789729862991454700,33.67945483398437,1.0860235691070557,-0.3266592025756836,0.34902775287628174
1789729863001391600,33.6893916015625,1.0716215372085571,-0.25470542907714844,0.20716702938079834
1789729863011328800,33.699328857421875,0.9741537570953369,-0.1559925079345703,0.07119220495223999
1789729863021266000,33.70926586914062,0.8276231288909912,-0.11840343475341797,-0.003191933035850525
1789729863031203600,33.71920361328125,0.8014029264450073,-0.11035633087158203,-0.04801169037818909
1789729863041140700,33.729140625,0.9326368570327759,-0.03876209259033203,-0.024245604872703552
1789729863051078000,33.73907788085938,0.9836578369140625,0.016869544982910156,0.050325989723205566
1789729863061014800,33.749014892578124,0.9361302852630615,0.11354923248291016,0.10212458670139313
1789729863070952200,33.7589521484375,0.8842912912368774,0.32961559295654297,0.07602721452713013
1789729863080888800,33.76888891601563,0.7432634830474854,0.6069517135620117,0.03399583697319031
1789729863090825500,33.77882543945312,0.6208553314208984,0.9354963302612305,0.10545322299003601
1789729863100762000,33.78876220703125,0.4609403610229492,1.0831298828125,0.29423344135284424
1789729863110699000,33.79869897460937,0.26811909675598145,1.1052818298339844,0.42487841844558716
1789729863120636200,33.80863623046875,0.19620072841644287,1.1793394088745117,0.48373785614967346
1789729863130573600,33.81857348632813,0.12652456760406494,1.1596565246582031,0.4706222712993622
1789729863140511000,33.828510986328126,-0.13997387886047363,1.0302848815917969,0.37289607524871826
1789729863150448400,33.838448486328126,-0.48338258266448975,1.1005048751831055,0.33627092838287354
1789729863160385800,33.8483857421875,-0.6346707344055176,1.1074705123901367,0.44530898332595825
1789729863170323200,33.8583232421875,-0.5851280689239502,1.1277847290039062,0.6988790035247803
1789729863180260600,33.86826049804687,-0.5500392913818359,1.1273574829101562,0.9997789263725281
1789729863190197800,33.87819775390625,-0.5851202011108398,1.050745964050293,1.2297663688659668
1789729863200135000,33.88813500976563,-0.4738953113555908,0.8044557571411133,1.305996060371399
1789729863210071800,33.89807177734375,-0.20955884456634521,0.41236305236816406,1.2621431350708008
1789729863220009000,33.90800903320312,0.09572231769561768,0.015497207641601562,1.158235788345337
1789729863229946000,33.91794604492188,0.2903764247894287,-0.3146486282348633,1.098712682723999
1789729863239883300,33.92788330078125,0.3333386182785034,-0.5973215103149414,1.0432534217834473
1789729863249820200,33.93782006835937,0.26346778869628906,-0.7941522598266602,0.9421888589859009
1789729863259757300,33.94775732421875,0.08093225955963135,-0.8452205657958984,0.828790009021759
1789729863269694500,33.957694580078126,-0.17021238803863525,-0.7696695327758789,0.769031286239624
1789729863279631400,33.96763134765625,-0.4242258071899414,-0.6965818405151367,0.7096925377845764
1789729863289568500,33.97756860351563,-0.5663328766822815,-0.6211490631103516,0.6769646406173706
1789729863299505700,33.987505615234376,-0.6094086170196533,-0.5268640518188477,0.625262975692749
1789729863309442800,33.99744287109375,-0.5982359647750854,-0.49030208587646484,0.6211884021759033
1789729863319379700,34.00737963867188,-0.5321288704872131,-0.4587860107421875,0.6161669492721558
1789729863329316900,34.01731689453125,-0.4873312711715698,-0.4394798278808594,0.5766160488128662
1789729863339254000,34.02725390625,-0.4137444496154785,-0.39157867431640625,0.4845390319824219
1789729863349191200,34.03719116210937,-0.34014391899108887,-0.29833030700683594,0.4107145071029663
1789729863359128000,34.04712817382813,-0.3248143196105957,-0.255218505859375,0.3878118395805359
1789729863369065200,34.057065185546875,-0.30630481243133545,-0.2667226791381836,0.3530200719833374
1789729863379002400,34.06700244140625,-0.28447437286376953,-0.23946571350097656,0.28813910484313965
1789729863388939500,34.076939453125,-0.2827451229095459,-0.13292980194091797,0.24159502983093262
1789729863398876400,34.08687646484375,-0.31739580631256104,-0.0238189697265625,0.22632265090942383
1789729863408813600,34.0968134765625,-0.2630261182785034,0.04945945739746094,0.24322950839996338
1789729863418750700,34.10675073242187,-0.2350519895553589,0.09857654571533203,0.3016814589500427
1789729863428687600,34.1166875,-0.27824437618255615,0.1879405975341797,0.36874154210090637
1789729863438625000,34.126625,-0.31883323192596436,0.32941532135009766,0.44769346714019775
1789729863448562200,34.136562255859374,-0.3453943729400635,0.42256927490234375,0.5746737122535706
1789729863458499300,34.14649926757812,-0.4255601167678833,0.5727376937866211,0.6955486536026001
1789729863468436500,34.1564365234375,-0.46773648262023926,0.7680644989013672,0.8312139511108398
1789729863478373600,34.16637353515625,-0.33746206760406494,0.8557529449462891,0.9373783469200134
1789729863488310800,34.176310791015624,-0.12165236473083496,0.8481035232543945,1.04519522190094
1789729863498248000,34.186248046875,0.09585344791412354,0.7692489624023438,1.1405593156814575
1789729863508185300,34.19618530273438,0.31178104877471924,0.6123561859130859,1.1807805299758911
1789729863518122500,34.20612255859375,0.5766143798828125,0.3871622085571289,1.2274906635284424
1789729863528059600,34.2160595703125,0.8566615581512451,0.13885879516601562,1.2374401092529297
1789729863537996800,34.22599682617187,1.1154152154922485,-0.025732040405273438,1.2230126857757568
1789729863547934000,34.23593383789063,1.276737928390503,-0.06479740142822266,1.2570971250534058
1789729863557871000,34.24587109375,1.214421272277832,-0.058071136474609375,1.2625813484191895
1789729863567808300,34.255808349609374,0.9843368530273438,-0.0009679794311523438,1.1802716255187988
1789729863577745700,34.26574560546875,0.6250405311584473,0.12128734588623047,1.0204098224639893
1789729863587682800,34.27568286132812,0.2642251253128052,0.2114238739013672,0.9076290130615234
1789729863597620000,34.285619873046876,0.053153038024902344,0.24400997161865234,0.9033644795417786
1789729863607557000,34.29555712890625,0.008710861206054688,0.20515060424804688,0.9075978994369507
1789729863617494300,34.30549438476562,0.029389381408691406,0.14767169952392578,0.8927770853042603
1789729863627431400,34.31543139648438,0.09585285186767578,0.059624671936035156,0.8695735335350037
1789729863637368600,34.32536865234375,0.1464918851852417,-0.0686178207397461,0.7766519784927368
1789729863647305700,34.3353056640625,0.18861794471740723,-0.15815258026123047,0.6866974830627441
1789729863657243100,34.3452431640625,0.3671771287918091,-0.24041461944580078,0.6553670167922974
1789729863667180300,34.35518017578125,0.5531492233276367,-0.31589221954345703,0.6696404218673706
1789729863677117400,34.36511743164063,0.4957878589630127,-0.28938961029052734,0.5149940252304077
1789729863687055000,34.37505517578125,0.14909589290618896,-0.20147228240966797,0.24762657284736633
1789729863696991200,34.3849912109375,-0.2806546688079834,-0.11118412017822266,0.02997201681137085
1789729863706927400,34.39492724609375,-0.7412199974060059,0.020524024963378906,-0.13793402910232544
1789729863716863700,34.40486376953125,-0.9908989071846008,0.06036567687988281,-0.14861640334129333
1789729863726800400,34.41480029296875,-1.0058643817901611,0.07533454895019531,-0.10320630669593811
1789729863736737500,34.424737548828126,-0.9793566465377808,0.09636592864990234,-0.03472276031970978
1789729863746675000,34.434675048828126,-0.8270779848098755,0.1205902099609375,-0.012505605816841125
1789729863756612600,34.444612548828125,-0.5151859521865845,0.025701522827148438,0.10388745367527008
1789729863766550500,34.45455053710938,-0.14973092079162598,-0.07153892517089844,0.2601480782032013
1789729863776488200,34.46448828125,0.1792372465133667,-0.07363700866699219,0.38038361072540283
1789729863786425900,34.47442578125,0.5052614212036133,-0.08153915405273438,0.4294012784957886
1789729863796363000,34.484363037109375,0.7918300628662109,-0.1384754180908203,0.43871551752090454
1789729863806300400,34.494300537109375,0.910891056060791,-0.05085277557373047,0.49205079674720764
1789729863816237300,34.5042373046875,0.8442646265029907,0.018796920776367188,0.5254229307174683
1789729863826174000,34.514174072265625,0.783729076385498,0.10194873809814453,0.5179585218429565
1789729863836110800,34.52411083984375,0.6729985475540161,0.15340137481689453,0.5583235621452332
1789729863846047700,34.5340478515625,0.48915231227874756,0.23560619354248047,0.575165867805481
1789729863855985200,34.543985107421875,0.27810585498809814,0.24840068817138672,0.5835137963294983
1789729863865922300,34.55392236328125,0.0907660722732544,0.2304058074951172,0.5830707550048828
1789729863875859700,34.56385961914062,0.06913578510284424,0.16510677337646484,0.6261535882949829
1789729863885796900,34.573796875,0.20606517791748047,0.08838462829589844,0.6819977760314941
1789729863895734300,34.583734375,0.29198431968688965,-0.050055503845214844,0.715808629989624
1789729863905671400,34.59367138671875,0.28610581159591675,-0.10428428649902344,0.6704248189926147
1789729863915608800,34.60360888671875,0.28383493423461914,-0.01473236083984375,0.5477328300476074
1789729863925546000,34.6135458984375,0.08889728784561157,0.0008249282836914062,0.5498881340026855
1789729863935483000,34.62348291015625,-0.11829119920730591,0.10277462005615234,0.5391318202018738
1789729863945420000,34.633419921875,-0.17967301607131958,0.14746570587158203,0.45443737506866455
1789729863955357200,34.64335717773437,-0.20831477642059326,0.08727550506591797,0.40917035937309265
1789729863965294300,34.65329443359375,-0.13062137365341187,-0.09902572631835938,0.3610861599445343
1789729863975231200,34.663231201171875,-0.043097078800201416,-0.3155221939086914,0.30626875162124634
1789729863985168400,34.67316845703125,0.08254587650299072,-0.5095739364624023,0.2867095172405243
1789729863995105500,34.68310546875,0.35685962438583374,-0.7698822021484375,0.3735867738723755
1789729864005042700,34.69304272460938,0.521108090877533,-1.0129623413085938,0.5057440400123596
1789729864014979600,34.7029794921875,0.529992401599884,-1.0000419616699219,0.5871658325195312
1789729864024916700,34.71291674804687,0.40667402744293213,-0.7915458679199219,0.4328346252441406
1789729864034854000,34.72285400390625,0.22370976209640503,-0.6483869552612305,0.37818631529808044
1789729864044790800,34.732790771484375,-0.0022835135459899902,-0.5701875686645508,0.43756580352783203
1789729864054728000,34.74272802734375,-0.22754572331905365,-0.41088199615478516,0.242634117603302
1789729864064665000,34.7526650390625,-0.7270097732543945,-0.4762868881225586,0.009870238602161407
1789729864074602200,34.76260229492188,-0.9978101253509521,-0.26599788665771484,-0.3415355682373047
1789729864084539100,34.7725390625,-1.032410979270935,-0.16060638427734375,-0.5764042735099792
1789729864094476300,34.78247631835937,-1.0251158475875854,-0.1790304183959961,-0.4877174496650696
1789729864104413400,34.792413330078126,-0.7777887582778931,0.04218482971191406,-0.4427885413169861
1789729864114350600,34.8023505859375,-0.3204289674758911,0.294281005859375,-0.40373045206069946
1789729864124287500,34.81228759765625,0.0015957355499267578,0.4979867935180664,-0.2523353397846222
1789729864134224600,34.822224609375,0.10308405756950378,0.6459836959838867,-0.13511532545089722
1789729864144161800,34.832161865234376,0.12075409293174744,0.7431354522705078,-0.06997252255678177
1789729864154099200,34.84209912109375,0.16506049036979675,0.7370872497558594,-0.10824733972549438
1789729864164036400,34.85203637695312,0.28447580337524414,0.6664218902587891,-0.0958290696144104
1789729864173973500,34.86197338867188,0.3025909662246704,0.5481367111206055,-0.1268877387046814
1789729864183910700,34.87191064453125,0.3106688857078552,0.4039936065673828,-0.1419389545917511
1789729864193847800,34.881847900390625,0.37511539459228516,0.2149982452392578,-0.11027216911315918
1789729864203785000,34.89178491210937,0.4401305317878723,0.06960296630859375,0.00208263099193573
1789729864213722000,34.90172216796875,0.3831321597099304,0.05599784851074219,0.17042770981788635
1789729864223659500,34.91165942382813,0.2712922692298889,0.08538532257080078,0.25106650590896606
1789729864233596700,34.9215966796875,0.2518268823623657,0.12182998657226562,0.28105428814888
1789729864243533800,34.931533935546874,0.3963446021080017,0.155731201171875,0.25087934732437134
1789729864253471000,34.94147094726563,0.5044105648994446,0.12494564056396484,0.19584441184997559
1789729864263408000,34.951408203125,0.592150866985321,0.017737388610839844,0.1441284418106079
1789729864273345300,34.96134521484375,0.6785606145858765,-0.11311817169189453,0.10263532400131226
1789729864283282400,34.97128247070312,0.6685221195220947,-0.24367523193359375,0.11168822646141052
1789729864293219600,34.98121948242188,0.6074668169021606,-0.2664070129394531,0.11404374241828918
1789729864303157000,34.99115698242188,0.5215359926223755,-0.30826759338378906,0.07496517896652222
1789729864313094100,35.00109423828125,0.4602428376674652,-0.4122037887573242,0.03533041477203369
1789729864323031300,35.01103125,0.4376262426376343,-0.5182743072509766,0.0015485882759094238
1789729864332968400,35.02096850585937,0.40825003385543823,-0.5500192642211914,0.014216184616088867
1789729864342905600,35.03090551757813,0.33142489194869995,-0.47182655334472656,0.05720376968383789
1789729864352842800,35.0408427734375,0.2034396231174469,-0.40824031829833984,0.05271422863006592
1789729864362780000,35.05077978515625,0.10083091259002686,-0.3973808288574219,-0.011032462120056152
1789729864372717300,35.06071728515625,0.09578359127044678,-0.4510164260864258,-0.066983163356781
1789729864382654500,35.07065454101563,0.24306094646453857,-0.5092439651489258,-0.07723987102508545
1789729864392591600,35.080591552734376,0.4240756630897522,-0.6486177444458008,-0.06024491786956787
1789729864402528800,35.09052880859375,0.5466981530189514,-0.79248046875,-0.06436425447463989
1789729864412466000,35.1004658203125,0.6000421643257141,-0.9145088195800781,-0.07612335681915283
1789729864422403000,35.11040307617188,0.5849055051803589,-0.9621734619140625,-0.05777716636657715
1789729864432340200,35.12034033203125,0.5452587604522705,-0.9739599227905273,-0.0612940788269043
1789729864442277000,35.13027709960937,0.5260584354400635,-0.9738035202026367,-0.08943551778793335
1789729864452213800,35.1402138671875,0.4834442436695099,-0.9210271835327148,-0.11641371250152588
1789729864462150700,35.15015063476562,0.4784802794456482,-0.8754491806030273,-0.15870332717895508
1789729864472087600,35.16008764648438,0.5271909236907959,-0.8537235260009766,-0.21626830101013184
1789729864482024700,35.170024658203126,0.6119963526725769,-0.8294124603271484,-0.27518579363822937
1789729864491962000,35.179962158203125,0.786047101020813,-0.8312044143676758,-0.34720319509506226
1789729864501899300,35.18989916992187,0.9578770995140076,-0.8495597839355469,-0.43689408898353577
1789729864511836700,35.19983666992187,1.1362286806106567,-0.8271217346191406,-0.49731630086898804
1789729864521773800,35.20977392578125,1.2745428085327148,-0.7640285491943359,-0.5914326906204224
1789729864531711700,35.21971166992188,1.3590223789215088,-0.7129459381103516,-0.7153568267822266
1789729864541649000,35.22964892578125,1.439502239227295,-0.633148193359375,-0.8128374814987183
1789729864551586000,35.2395859375,1.4868569374084473,-0.5270462036132812,-0.899000883102417
1789729864561523200,35.24952319335937,1.4602057933807373,-0.3325681686401367,-0.9426518082618713
1789729864571460400,35.25946044921875,1.4067378044128418,-0.08813667297363281,-1.0054566860198975
1789729864581397200,35.269397216796875,1.3738011121749878,0.1559772491455078,-1.0750879049301147
1789729864591334400,35.27933447265625,1.31571626663208,0.32093048095703125,-1.1176464557647705
1789729864601271600,35.289271484375,1.3278776407241821,0.42128753662109375,-1.144957423210144
1789729864611208400,35.29920849609375,1.5187677145004272,0.39978790283203125,-1.1886063814163208
1789729864621145600,35.3091455078125,1.7788784503936768,0.26602840423583984,-1.1278440952301025
1789729864631082800,35.31908276367187,1.979354977607727,0.07254886627197266,-0.9867311716079712
1789729864641020000,35.32902001953125,2.1070556640625,-0.09703445434570312,-0.8655283451080322
1789729864650956800,35.338956787109375,2.1700429916381836,-0.223785400390625,-0.7997183799743652
1789729864660894000,35.34889404296875,2.1275691986083984,-0.2529144287109375,-0.7519919276237488
1789729864670831000,35.3588310546875,1.9681843519210815,-0.21081256866455078,-0.7373573780059814
1789729864680768300,35.368768310546876,1.6814899444580078,-0.059149742126464844,-0.7323387861251831
1789729864690705200,35.378705078125,1.3084492683410645,0.13292407989501953,-0.8212176561355591
1789729864700642300,35.38864233398437,1.1398699283599854,0.2223377227783203,-0.9279448390007019
1789729864710579500,35.398579345703126,1.144092321395874,0.2070770263671875,-1.0135027170181274
1789729864720516400,35.408516357421874,1.351789951324463,0.08719062805175781,-1.0810205936431885
1789729864730453500,35.41845361328125,1.6189616918563843,-0.13988113403320312,-1.081911563873291
1789729864740390700,35.428390625,1.8135044574737549,-0.39070892333984375,-1.0600639581680298
1789729864750327800,35.438327880859376,1.8780746459960938,-0.6320180892944336,-1.0044820308685303
1789729864760265000,35.44826489257812,1.7395153045654297,-0.7467947006225586,-0.9135234355926514
1789729864770202400,35.45820239257812,1.4371840953826904,-0.7399272918701172,-0.8348841667175293
1789729864780139500,35.46813940429688,1.114094853401184,-0.6185445785522461,-0.779668927192688
1789729864790076700,35.47807666015625,0.9226953983306885,-0.5379428863525391,-0.7372967600822449
1789729864800013800,35.488013916015625,0.940032958984375,-0.5122127532958984,-0.6976608037948608
1789729864809951000,35.49795092773437,1.0464141368865967,-0.5269184112548828,-0.7108545899391174
1789729864819888000,35.50788818359375,1.186803936958313,-0.6368732452392578,-0.7370655536651611
1789729864829825300,35.5178251953125,1.3524916172027588,-0.7606182098388672,-0.7750070691108704
1789729864839762700,35.5277626953125,1.5362249612808228,-0.8624668121337891,-0.7684720158576965
1789729864849699800,35.537699951171874,1.6603323221206665,-0.8711919784545898,-0.7033175230026245
1789729864859637000,35.54763696289063,1.557120680809021,-0.801640510559082,-0.585698664188385
1789729864869574100,35.55757421875,1.3224470615386963,-0.680333137512207,-0.5336723923683167
1789729864879511300,35.56751123046875,1.047176480293274,-0.5764446258544922,-0.4932750463485718
1789729864889448400,35.57744848632812,0.7750482559204102,-0.4584217071533203,-0.3898240923881531
1789729864899385600,35.58738549804688,0.533831000328064,-0.31168270111083984,-0.32298725843429565
1789729864909323000,35.59732299804688,0.35191047191619873,-0.1886444091796875,-0.27092212438583374
1789729864919260200,35.60726025390625,0.2515585422515869,-0.041367530822753906,-0.230943500995636
1789729864929197300,35.617197265625,0.15761268138885498,0.15391063690185547,-0.21607935428619385
1789729864939134500,35.62713452148437,0.047559380531311035,0.44727039337158203,-0.28060948848724365
1789729864949071600,35.63707153320313,0.008696675300598145,0.7382392883300781,-0.2690301537513733
1789729864959008800,35.6470087890625,0.16096389293670654,0.8762588500976562,-0.21266645193099976
1789729864968946000,35.65694580078125,0.49947619438171387,0.8447608947753906,-0.2623804211616516
1789729864978883000,35.66688305664063,0.9514883756637573,0.6559581756591797,-0.32741594314575195
1789729864988820500,35.67682055664063,1.497676134109497,0.37933349609375,-0.3491576910018921
1789729864998757600,35.686757568359376,2.0866520404815674,0.09105205535888672,-0.3305513858795166
1789729865008694800,35.69669482421875,2.5503134727478027,-0.14263534545898438,-0.21159625053405762
1789729865018632000,35.7066318359375,2.639432907104492,-0.27706241607666016,-0.08261615037918091
1789729865028569000,35.71656909179688,2.3732404708862305,-0.16202545166015625,0.03475069999694824
1789729865038506200,35.72650634765625,1.8576544523239136,0.1281881332397461,0.1268535852432251
1789729865048443400,35.736443359375,1.1928718090057373,0.48153114318847656,0.18059003353118896
1789729865058380800,35.746380859375,0.6718055009841919,0.798253059387207,0.20792067050933838
1789729865068318000,35.75631787109375,0.5058200359344482,0.9688682556152344,0.11300575733184814
1789729865078255000,35.766255126953126,0.707046389579773,0.9865531921386719,0.040003418922424316
1789729865088192300,35.776192138671874,1.053969383239746,0.8896036148071289,-0.012984514236450195
1789729865098129400,35.78612939453125,1.3840473890304565,0.8619346618652344,-0.08388662338256836
1789729865108066600,35.79606665039063,1.5414788722991943,0.7981166839599609,-0.28787124156951904
1789729865118003700,35.806003662109376,1.6424702405929565,0.691309928894043,-0.503099799156189
1789729865127940900,35.81594091796875,1.8277478218078613,0.565739631652832,-0.6949837803840637
1789729865137877800,35.82587768554688,2.0150656700134277,0.3663778305053711,-0.8092215061187744
1789729865147815000,35.83581494140625,2.110227584838867,0.2505826950073242,-0.8430219888687134
1789729865157752000,35.845751953125,1.99141526222229,0.13881683349609375,-0.7972098588943481
1789729865167689000,35.85568896484375,1.5638313293457031,0.1382455825805664,-0.7904574275016785
1789729865177626000,35.86562622070313,1.144500732421875,0.03608417510986328,-0.8737751841545105
1789729865187563300,35.875563232421875,0.9012999534606934,-0.030640602111816406,-1.0034927129745483
1789729865197500400,35.88550048828125,0.6092442274093628,-0.0996541976928711,-1.0932281017303467
1789729865207437300,35.89543725585938,0.282092809677124,-0.21085739135742188,-1.2809486389160156
1789729865217374500,35.90537451171875,0.025742828845977783,-0.48772144317626953,-1.449232816696167
1789729865227311600,35.9153115234375,-0.2431333065032959,-0.7235708236694336,-1.6072359085083008
1789729865237248800,35.92524877929687,-0.5357934832572937,-0.8249073028564453,-1.774641752243042
1789729865247186200,35.93518627929687,-0.7234193086624146,-0.8326330184936523,-1.782812237739563
1789729865257123800,35.94512377929688,-0.7933928370475769,-0.7258272171020508,-1.608829379081726
1789729865267061200,35.95506127929688,-0.8095005750656128,-0.6225042343139648,-1.335615873336792
1789729865276998100,35.964998046875,-0.2320624589920044,-0.5787992477416992,-0.9271668195724487
1789729865286934800,35.97493481445313,0.7150866985321045,-0.6299619674682617,-0.6474257707595825
1789729865296871700,35.98487158203125,1.3688735961914062,-0.9039506912231445,-0.5626192092895508
1789729865306808300,35.99480834960937,1.5130949020385742,-1.1976022720336914,-0.6230016350746155
1789729865316745500,36.004745361328126,1.2021499872207642,-1.4263801574707031,-0.8977669477462769
1789729865326683100,36.01468310546875,0.6130462288856506,-1.5289087295532227,-1.1978442668914795
1789729865336621000,36.02462109375,-0.28551822900772095,-1.4250335693359375,-1.3683180809020996
1789729865346558500,36.03455834960938,-1.0974273681640625,-1.131052017211914,-1.4279589653015137
1789729865356495400,36.044495361328124,-1.56390380859375,-0.7857646942138672,-1.4332489967346191
1789729865366432500,36.0544326171875,-1.8275172710418701,-0.3919076919555664,-1.416304111480713
1789729865376369700,36.06436962890625,-1.8611749410629272,0.052188873291015625,-1.3023303747177124
1789729865386306800,36.074306884765626,-1.6392152309417725,0.3569154739379883,-1.1168372631072998
1789729865396244200,36.084244140625,-1.2994157075881958,0.4861459732055664,-0.9818019866943359
1789729865406181400,36.09418139648437,-0.8124656081199646,0.42568016052246094,-1.0215033292770386
1789729865416118300,36.1041181640625,-0.31234195828437805,0.25258827209472656,-1.1557612419128418
1789729865426055700,36.1140556640625,0.07186686992645264,0.05821800231933594,-1.2760015726089478
1789729865435992600,36.12399267578125,0.2668913006782532,-0.05429267883300781,-1.3883354663848877
1789729865445930000,36.13392993164062,0.30192363262176514,-0.02042102813720703,-1.4496140480041504
1789729865455867000,36.14386694335938,0.1886734962463379,0.20252609252929688,-1.3525118827819824
1789729865465803800,36.1538037109375,-0.06698727607727051,0.5422229766845703,-1.1926188468933105
1789729865475740700,36.16374072265625,-0.43432629108428955,0.8118371963500977,-1.0621755123138428
1789729865485677600,36.173677490234375,-0.6072527766227722,1.0161895751953125,-1.0182054042816162
1789729865495614500,36.18361450195312,-0.5726019144058228,1.059798240661621,-0.9401315450668335
1789729865505551400,36.19355126953125,-0.5201312899589539,0.871368408203125,-0.8946465253829956
1789729865515488800,36.20348876953125,-0.3884892463684082,0.5948972702026367,-0.9008366465568542
1789729865525426000,36.213426025390625,-0.15097427368164062,0.2331094741821289,-0.9408069252967834
1789729865535363300,36.22336328125,0.057479679584503174,-0.09417247772216797,-0.9830668568611145
1789729865545300500,36.23330053710937,0.12123823165893555,-0.2721996307373047,-1.0439865589141846
1789729865555238000,36.24323779296875,0.04089313745498657,-0.27021312713623047,-1.074094533920288
1789729865565175300,36.25317529296875,-0.09559464454650879,-0.14594173431396484,-1.0377206802368164
1789729865575112400,36.263112548828126,-0.188795804977417,0.08112907409667969,-0.9766704440116882
1789729865585049900,36.2730498046875,-0.1916530728340149,0.34129810333251953,-0.9798932671546936
1789729865594987000,36.28298706054687,-0.06537032127380371,0.40976810455322266,-1.0323387384414673
1789729865604924400,36.29292431640625,0.19872790575027466,0.3801116943359375,-1.076804280281067
1789729865614861600,36.30286157226563,0.4839003086090088,0.23573875427246094,-1.0619107484817505
1789729865624798700,36.312798828125,0.6385729908943176,0.07717037200927734,-1.0427969694137573
1789729865634735900,36.32273583984375,0.655123770236969,-0.0907125473022461,-1.0435631275177002
1789729865644672800,36.3326728515625,0.618480920791626,-0.25340843200683594,-0.9832064509391785
1789729865654610000,36.34260986328125,0.6086265444755554,-0.42520904541015625,-0.8255715370178223
1789729865664547000,36.352547119140624,0.7185894250869751,-0.5751743316650391,-0.6436040997505188
1789729865674484200,36.36248413085937,0.8871843814849854,-0.7489690780639648,-0.5559936761856079
1789729865684421000,36.372421142578126,0.9526097774505615,-0.9442653656005859,-0.5143698453903198
1789729865694358300,36.382358154296874,0.8967551589012146,-1.0485286712646484,-0.5834376811981201
1789729865704295400,36.39229541015625,0.7823575139045715,-0.9780616760253906,-0.6730865836143494
1789729865714232600,36.40223266601563,0.5756230354309082,-0.8047409057617188,-0.7567882537841797
1789729865724169500,36.41216943359375,0.36728590726852417,-0.5430536270141602,-0.8475349545478821
1789729865734106600,36.42210668945312,0.32991230487823486,-0.2409076690673828,-0.870205819606781
1789729865744043800,36.43204370117188,0.48401176929473877,0.02962970733642578,-0.9237500429153442
1789729865753981000,36.44198095703125,0.6766531467437744,0.06535530090332031,-1.0418169498443604
1789729865763917800,36.45191772460937,0.717861533164978,0.027136802673339844,-1.193073034286499
1789729865773855000,36.46185498046875,0.854009747505188,-0.08676815032958984,-1.2950682640075684
1789729865783792000,36.47179223632813,0.9920637607574463,-0.2519350051879883,-1.3225243091583252
1789729865793729300,36.481729248046875,1.3077329397201538,-0.3271503448486328,-1.265907645225525
1789729865803666400,36.49166650390625,1.6711152791976929,-0.38716697692871094,-1.1645228862762451
1789729865813603600,36.501603515625,1.893051266670227,-0.4135589599609375,-1.0350356101989746
1789729865823540700,36.51154077148438,1.9251326322555542,-0.3469877243041992,-0.8865671753883362
1789729865833478100,36.52147802734375,1.8725461959838867,-0.22610759735107422,-0.7747493386268616
1789729865843415300,36.531415283203124,1.8475849628448486,-0.10857582092285156,-0.6381593942642212
1789729865853353500,36.541353515625,1.8809763193130493,0.024527549743652344,-0.49636006355285645
1789729865863290400,36.55129028320312,1.9650700092315674,0.09408950805664062,-0.46187663078308105
1789729865873227500,36.5612275390625,2.062952995300293,0.021460533142089844,-0.4357447624206543
1789729865883164400,36.571164306640625,2.159134864807129,-0.14275455474853516,-0.43393778800964355
1789729865893101600,36.5811015625,2.182560920715332,-0.2737913131713867,-0.4781452417373657
1789729865903039200,36.591039306640624,2.107222557067871,-0.3355550765991211,-0.5181869268417358
1789729865912977000,36.600976806640624,1.9126605987548828,-0.3090505599975586,-0.45729804039001465
1789729865922913000,36.6109130859375,1.693770170211792,-0.24237918853759766,-0.40888285636901855
1789729865932849400,36.62084936523438,1.4337677955627441,-0.2145547866821289,-0.38926100730895996
1789729865942786000,36.6307861328125,1.22795569896698,-0.1824493408203125,-0.35765379667282104
1789729865952722700,36.64072265625,1.0687626600265503,-0.2320423126220703,-0.4075305461883545
1789729865962659800,36.650659912109376,0.9129867553710938,-0.3151893615722656,-0.4155297875404358
1789729865972597000,36.66059692382812,0.814539909362793,-0.4172945022583008,-0.46575868129730225
1789729865982534700,36.67053466796875,0.8135555982589722,-0.4903850555419922,-0.5253827571868896
1789729865992472300,36.680472412109374,0.8772516250610352,-0.5632085800170898,-0.5235600471496582
1789729866002410200,36.69041015625,0.9808522462844849,-0.5810985565185547,-0.517107367515564
1789729866012348200,36.70034814453125,1.039921522140503,-0.5659580230712891,-0.5103408098220825
1789729866022285300,36.710285400390624,0.9796156883239746,-0.4511117935180664,-0.5702767372131348
1789729866032222500,36.72022241210937,0.8203355073928833,-0.34893798828125,-0.6464710235595703
1789729866042159600,36.73015966796875,0.6846665143966675,-0.2496175765991211,-0.760243833065033
1789729866052095500,36.74009545898438,0.580837607383728,-0.17438602447509766,-0.8501306772232056
1789729866062031400,36.75003125,0.41686034202575684,-0.07042598724365234,-0.9643727540969849
1789729866071968000,36.759968017578124,0.22928392887115479,-0.025934219360351562,-1.093933343887329
1789729866081904600,36.76990454101563,0.14126110076904297,-0.03087615966796875,-1.1950469017028809
1789729866091842000,36.77984204101563,0.12323713302612305,0.022332191467285156,-1.2332286834716797
1789729866101780000,36.78978002929688,-0.04238283634185791,0.07115745544433594,-1.242384672164917
1789729866111718100,36.79971826171875,-0.13762855529785156,0.08932971954345703,-1.3280723094940186
1789729866121656300,36.80965625,-0.05925571918487549,0.08415699005126953,-1.3960762023925781
1789729866131594000,36.819593994140625,-0.009570002555847168,0.06038856506347656,-1.456883192062378
1789729866141531600,36.82953173828125,0.0020459890365600586,0.11362743377685547,-1.512986183166504
1789729866151468000,36.83946801757813,0.016875624656677246,0.18866920471191406,-1.4930856227874756
1789729866161404200,36.84940405273438,0.11959218978881836,0.3043956756591797,-1.480602741241455
1789729866171340800,36.8593408203125,0.17321932315826416,0.4866971969604492,-1.398471474647522
1789729866181277400,36.86927734375,0.02710402011871338,0.7281312942504883,-1.286077857017517
1789729866191214600,36.87921459960938,-0.13428521156311035,0.9521923065185547,-1.2202248573303223
1789729866201152000,36.889152099609376,-0.1438429355621338,1.0827465057373047,-1.154977798461914
1789729866211089400,36.89908935546875,-0.0074013471603393555,1.1464290618896484,-1.0547716617584229
1789729866221027300,36.90902734375,0.16775286197662354,1.155196189880371,-0.8997213840484619
1789729866230965000,36.918965087890626,0.32063817977905273,1.0922365188598633,-0.7514470815658569
1789729866240903000,36.92890283203125,0.3930819034576416,0.9527111053466797,-0.6549018621444702
1789729866250840000,36.938840087890625,0.39745020866394043,0.7701940536499023,-0.5857323408126831
1789729866260777200,36.94877709960937,0.38830292224884033,0.6069364547729492,-0.5338049530982971
1789729866270714400,36.95871435546875,0.3943161964416504,0.4173860549926758,-0.4431253671646118
1789729866280651500,36.96865161132813,0.4248383045196533,0.1847400665283203,-0.37196874618530273
1789729866290588400,36.97858837890625,0.5682544708251953,-0.07657814025878906,-0.41569918394088745
1789729866300525300,36.988525390625,0.7246536016464233,-0.3258819580078125,-0.5318341851234436
1789729866310462500,36.99846240234375,0.8062000274658203,-0.4890918731689453,-0.6781647801399231
1789729866320400000,37.00839990234375,0.6931376457214355,-0.5973262786865234,-0.829215407371521
1789729866330337300,37.018337158203124,0.5733211040496826,-0.6958026885986328,-0.9958006143569946
1789729866340274400,37.0282744140625,0.4889329671859741,-0.8058557510375977,-1.0735697746276855
1789729866350211800,37.0382119140625,0.3799246549606323,-0.8389883041381836,-1.084568977355957
1789729866360148700,37.048148681640626,0.32289576530456543,-0.7739095687866211,-1.1172432899475098
1789729866370086000,37.0580859375,0.3403286933898926,-0.6587753295898438,-1.1957446336746216
1789729866380023000,37.06802294921875,0.31468796730041504,-0.49870872497558594,-1.225032091140747
1789729866389960200,37.07796020507813,0.16002166271209717,-0.24129772186279297,-1.2477357387542725
1789729866399897000,37.08789697265625,0.005728363990783691,-0.008402824401855469,-1.3205280303955078
1789729866409834200,37.09783422851562,0.014983177185058594,0.05692577362060547,-1.4007112979888916
1789729866419772000,37.10777197265625,0.254901647567749,-0.009019851684570312,-1.4442760944366455
1789729866429709000,37.117708984375,0.6409343481063843,-0.1678476333618164,-1.4525744915008545
1789729866439646200,37.12764624023438,1.0037683248519897,-0.31450557708740234,-1.4004853963851929
1789729866449582600,37.13758251953125,1.1998564004898071,-0.38242053985595703,-1.311694622039795
1789729866459519200,37.147519287109375,1.1610549688339233,-0.34093761444091797,-1.2322710752487183
1789729866469456100,37.1574560546875,0.9964960813522339,-0.2954225540161133,-1.15535306930542
1789729866479393300,37.16739331054688,0.723607063293457,-0.2170085906982422,-1.094321370124817
1789729866489330400,37.177330322265625,0.28685426712036133,-0.09349346160888672,-1.115084171295166
1789729866499268000,37.18726806640625,-0.1952962875366211,0.08502769470214844,-1.181854486465454
1789729866509205500,37.19720556640625,-0.5205218195915222,0.1682415008544922,-1.2590250968933105
1789729866519143200,37.20714306640625,-0.6070976257324219,0.14697742462158203,-1.3014692068099976
1789729866529080600,37.21708056640625,-0.5383342504501343,0.11692523956298828,-1.2731868028640747
1789729866539018000,37.22701806640625,-0.3123016953468323,-0.010549545288085938,-1.3370327949523926
1789729866548955100,37.236955078125,-0.1587834358215332,-0.16607284545898438,-1.396126627922058
1789729866558892000,37.24689208984375,-0.049155354499816895,-0.2565317153930664,-1.444443941116333
1789729866568829200,37.2568291015625,-0.02866363525390625,-0.3515596389770508,-1.4139972925186157
1789729866578768000,37.26676782226563,-0.10551416873931885,-0.3389596939086914,-1.4245781898498535
1789729866588702500,37.27670239257812,-0.2391362190246582,-0.2643413543701172,-1.4597218036651611
1789729866598637300,37.28663720703125,-0.4564955234527588,-0.1492462158203125,-1.4480735063552856
1789729866608573000,37.29657299804688,-0.751978874206543,0.04456901550292969,-1.3861515522003174
1789729866618509300,37.30650927734375,-1.0201306343078613,0.30268287658691406,-1.3487821817398071
1789729866628446500,37.31644653320313,-1.1677286624908447,0.5127553939819336,-1.3296072483062744
1789729866638384400,37.32638427734375,-1.1776468753814697,0.6678466796875,-1.3061773777008057
1789729866648323000,37.336322998046874,-0.996403157711029,0.7395343780517578,-1.3404772281646729
1789729866658262300,37.34626220703125,-0.6378868818283081,0.7088460922241211,-1.3608388900756836
1789729866668201200,37.356201171875,-0.2917414903640747,0.6332187652587891,-1.3746509552001953
1789729866678138600,37.366138671875,-0.02551555633544922,0.5771942138671875,-1.4283733367919922
1789729866688075000,37.37607495117187,0.12335348129272461,0.5168428421020508,-1.4295284748077393
1789729866698012200,37.38601220703125,0.22327041625976562,0.5357275009155273,-1.4481308460235596
1789729866707949600,37.39594946289063,0.2876068353652954,0.6096134185791016,-1.4389324188232422
1789729866717887000,37.40588696289063,0.34872961044311523,0.6521949768066406,-1.4737880229949951
1789729866727824100,37.41582421875,0.3977149724960327,0.6419763565063477,-1.5003823041915894
1789729866737761300,37.42576123046875,0.4661902189254761,0.6316471099853516,-1.5532293319702148
1789729866747698400,37.43569848632813,0.5838443040847778,0.5685262680053711,-1.6018095016479492
1789729866757635600,37.445635498046876,0.5968351364135742,0.29727840423583984,-1.5994014739990234
1789729866767572500,37.455572509765624,0.5563817024230957,-0.01914215087890625,-1.5732263326644897
1789729866777509600,37.46550952148438,0.5515551567077637,-0.24932098388671875,-1.4365360736846924
1789729866787446800,37.47544677734375,0.5070085525512695,-0.4583148956298828,-1.3425437211990356
1789729866797384000,37.485384033203125,0.2793090343475342,-0.6318912506103516,-1.3018006086349487
1789729866807320800,37.49532080078125,-0.10817885398864746,-0.6837320327758789,-1.2843513488769531
1789729866817258000,37.50525805664063,-0.5196390151977539,-0.6757030487060547,-1.2666596174240112
1789729866827195100,37.515195068359375,-0.8384107351303101,-0.6408720016479492,-1.2762032747268677
1789729866837132500,37.525132568359375,-0.9765557646751404,-0.6053342819213867,-1.3197695016860962
1789729866847071000,37.53507104492188,-0.982347846031189,-0.5953779220581055,-1.416689157485962
1789729866857006600,37.54500659179688,-0.9068045020103455,-0.6253623962402344,-1.5231983661651611
1789729866866942000,37.55494189453125,-0.7520383596420288,-0.5878429412841797,-1.581345558166504
1789729866876878000,37.56487817382813,-0.555591344833374,-0.4474201202392578,-1.547303318977356
1789729866886815000,37.57481494140625,-0.3643002510070801,-0.31471729278564453,-1.4475152492523193
1789729866896752400,37.58475244140625,-0.21405518054962158,-0.21402645111083984,-1.364658236503601
1789729866906690800,37.59469091796875,-0.11863863468170166,-0.17406654357910156,-1.3219863176345825
1789729866916629200,37.60462915039062,-0.07511985301971436,-0.18490982055664062,-1.2640776634216309
1789729866926567700,37.614567626953125,-0.057477593421936035,-0.20786476135253906,-1.195394515991211
1789729866936504800,37.6245048828125,-0.14215564727783203,-0.1996603012084961,-1.1412898302078247
1789729866946442000,37.63444189453125,-0.21802330017089844,-0.16985034942626953,-1.107804536819458
1789729866956379000,37.64437890625,-0.3034288287162781,-0.11828231811523438,-1.1234050989151
1789729866966316000,37.65431591796875,-0.2407757043838501,-0.09988117218017578,-1.1622395515441895
1789729866976253200,37.66425317382812,-0.032959699630737305,-0.1601848602294922,-1.1914106607437134
1789729866986190300,37.6741904296875,0.20487797260284424,-0.24181842803955078,-1.2744510173797607
1789729866996127200,37.684127197265624,0.396054744720459,-0.2588615417480469,-1.3914706707000732
1789729867006065000,37.69406494140625,0.47960424423217773,-0.271270751953125,-1.4790124893188477
1789729867016002000,37.704001953125,0.458396315574646,-0.21448898315429688,-1.5359244346618652
1789729867025939200,37.71393920898438,0.36489009857177734,-0.08612442016601562,-1.5648152828216553
1789729867035876400,37.72387646484375,0.24875080585479736,0.020478248596191406,-1.5219206809997559
1789729867045813200,37.73381323242187,0.19110262393951416,0.07428455352783203,-1.4976997375488281
1789729867055750400,37.74375048828125,0.18020176887512207,0.10167503356933594,-1.4468934535980225
1789729867065687600,37.7536875,0.11978602409362793,0.10275077819824219,-1.4048430919647217
1789729867075624700,37.763624755859375,0.020891547203063965,0.15184688568115234,-1.4532434940338135
1789729867085561600,37.7735615234375,-0.07688796520233154,0.2490100860595703,-1.4246162176132202
1789729867095499000,37.7834990234375,-0.23243629932403564,0.3799886703491211,-1.3737258911132812
1789729867105437400,37.7934375,-0.39987432956695557,0.5138931274414062,-1.383514165878296
1789729867115373300,37.803373291015625,-0.5141963958740234,0.6056966781616211,-1.4258583784103394
1789729867125309200,37.81330908203125,-0.4657789468765259,0.6962766647338867,-1.4058606624603271
1789729867135245300,37.82324536132813,-0.3793799877166748,0.8211250305175781,-1.299107551574707
1789729867145182200,37.83318212890625,-0.3653360605239868,1.0060510635375977,-1.178666591644287
1789729867155119000,37.843119140625,-0.27197349071502686,1.2215032577514648,-1.0090134143829346
1789729867165056800,37.85305688476563,-0.25356805324554443,1.3877668380737305,-0.987019419670105
1789729867174994400,37.86299438476563,-0.3154710531234741,1.571929931640625,-0.9926919937133789
1789729867184932600,37.8729326171875,-0.33141326904296875,1.6812772750854492,-1.0932655334472656
1789729867194870800,37.882870849609375,-0.39120161533355713,1.547144889831543,-1.165777564048767
1789729867204808400,37.892808349609375,-0.3515113592147827,1.357102394104004,-1.309131383895874
1789729867214745600,37.90274560546875,-0.7542225122451782,1.2963762283325195,-1.3657641410827637
1789729867224682800,37.91268286132812,-0.960373044013977,0.5948762893676758,-1.1351995468139648
1789729867234620000,37.92261987304688,-0.5680134296417236,0.3027381896972656,-1.0465224981307983
1789729867244557000,37.93255712890625,-0.11164617538452148,-0.14640426635742188,-0.9836854338645935
1789729867254494200,37.942494140625,0.572638988494873,-0.5585546493530273,-0.7931464910507202
1789729867264431000,37.95243115234375,1.1770823001861572,-0.7395143508911133,-0.7416938543319702
1789729867274368300,37.9623681640625,1.4138765335083008,-0.9915447235107422,-0.6350234746932983
1789729867284305400,37.972305419921874,1.3661699295043945,-0.9961462020874023,-0.7277640104293823
1789729867294242300,37.9822421875,0.74688720703125,-0.8725929260253906,-0.8501942157745361
1789729867304179500,37.992179443359376,-0.01046895980834961,-0.7039070129394531,-1.020555019378662
1789729867314116600,38.00211669921875,-0.7049366235733032,-0.5487041473388672,-1.175062894821167
1789729867324053800,38.0120537109375,-1.2518082857131958,-0.3609590530395508,-1.4505140781402588
1789729867333990700,38.02199072265625,-1.482871413230896,-0.1509857177734375,-1.7473807334899902
1789729867343927800,38.031927734375,-1.4726074934005737,-0.00896453857421875,-1.8407015800476074
1789729867353865000,38.04186499023437,-1.2748188972473145,0.0699758529663086,-1.7087821960449219
1789729867363802000,38.05180200195313,-1.0140364170074463,0.12362289428710938,-1.4710497856140137
1789729867373739300,38.0617392578125,-0.7786312103271484,0.17724990844726562,-1.2196896076202393
1789729867383676400,38.071676513671875,-0.5596301555633545,0.1482067108154297,-1.0298162698745728
1789729867393613600,38.08161352539062,-0.7585265636444092,0.04207801818847656,-1.1009836196899414
1789729867403550700,38.09155078125,-0.5042259693145752,0.13440418243408203,-1.2739057540893555
1789729867413487900,38.10148779296875,-0.2410290241241455,-0.12115001678466797,-1.1720670461654663
1789729867423425300,38.11142529296875,-0.08519291877746582,-0.32331275939941406,-1.0494908094406128
1789729867433363000,38.121363037109376,-0.04242420196533203,-0.37226295471191406,-1.025020718574524
1789729867443300900,38.13130078125,-0.14497947692871094,-0.356414794921875,-1.082493543624878
1789729867453238800,38.14123876953125,-0.44382596015930176,-0.2249317169189453,-1.212190866470337
1789729867463174100,38.151174072265626,-0.7937314510345459,-0.005312919616699219,-1.3701430559158325
1789729867473110300,38.1611103515625,-1.0012006759643555,0.20069599151611328,-1.4285553693771362
1789729867483047000,38.171046875,-1.0931627750396729,0.34827423095703125,-1.4087214469909668
1789729867492983600,38.18098364257813,-1.0806872844696045,0.5166168212890625,-1.3983681201934814
1789729867502921200,38.19092114257813,-0.9493708610534668,0.5766181945800781,-1.3262314796447754
1789729867512859100,38.20085913085938,-0.6967447996139526,0.6354446411132812,-1.1753454208374023
1789729867522797300,38.21079736328125,-0.46005725860595703,0.7829427719116211,-0.978675127029419
1789729867532735200,38.2207353515625,-0.4253871440887451,0.9919452667236328,-0.7787364721298218
1789729867542672600,38.23067260742187,-0.3935723304748535,1.1355009078979492,-0.6368590593338013
1789729867552609800,38.24060986328125,-0.3626713752746582,1.256821632385254,-0.5258997678756714
1789729867562547000,38.250546875,-0.3776736259460449,1.3516244888305664,-0.45981383323669434
1789729867572484000,38.260484130859375,-0.2610323429107666,1.3175878524780273,-0.36832544207572937
1789729867582421200,38.27042114257812,-0.04866743087768555,1.1739864349365234,-0.26442980766296387
1789729867592358400,38.2803583984375,0.13158893585205078,0.9373979568481445,-0.17347002029418945
1789729867602295600,38.29029565429688,0.23329830169677734,0.6196441650390625,-0.06371623277664185
1789729867612232700,38.300232666015624,0.35538792610168457,0.27088451385498047,-0.023147404193878174
1789729867622170400,38.31017041015625,0.4876439571380615,0.019759178161621094,-0.08702433109283447
1789729867632106800,38.32010668945313,0.41744279861450195,-0.09806156158447266,-0.2417450249195099
1789729867642043600,38.330043701171874,0.18011140823364258,-0.178009033203125,-0.3942345380783081
1789729867651981600,38.339981689453126,-0.004472494125366211,-0.33696842193603516,-0.47789883613586426
1789729867661919200,38.349919189453125,-0.12021589279174805,-0.5249233245849609,-0.47112688422203064
1789729867671855400,38.35985546875,-0.14165735244750977,-0.7206611633300781,-0.4499954581260681
1789729867681791700,38.36979174804687,-0.10756516456604004,-0.9701051712036133,-0.44115185737609863
1789729867691728100,38.37972802734375,-0.08579039573669434,-1.1349239349365234,-0.4878109395503998
1789729867701665300,38.38966528320312,-0.112030029296875,-1.1508865356445312,-0.5622550845146179
1789729867711603000,38.39960302734375,-0.35995006561279297,-1.0728540420532227,-0.6231178641319275
1789729867721540600,38.40954052734375,-0.6792480945587158,-0.8614234924316406,-0.6266962289810181
1789729867731478500,38.419478515625,-0.8811256885528564,-0.7070074081420898,-0.5852290987968445
1789729867741416200,38.429416259765624,-0.9543323516845703,-0.5683870315551758,-0.548600971698761
1789729867751353300,38.43935327148437,-0.8959025144577026,-0.37606048583984375,-0.5217993259429932
1789729867761289700,38.449289794921874,-0.6649707555770874,-0.2355031967163086,-0.5498557686805725
1789729867771226600,38.4592265625,-0.43655073642730713,-0.14714908599853516,-0.5724393129348755
1789729867781163500,38.46916357421875,-0.4024372100830078,-0.0252838134765625,-0.6294806003570557
1789729867791101000,38.479100830078124,-0.500373125076294,0.07040691375732422,-0.6781755685806274
1789729867801038000,38.4890380859375,-0.666448712348938,0.05188560485839844,-0.7194406986236572
1789729867810975500,38.4989755859375,-0.8353269100189209,0.025139808654785156,-0.7485477924346924
1789729867820912600,38.50891259765625,-0.8426910638809204,0.023911476135253906,-0.8299999237060547
1789729867830850000,38.51885009765625,-0.654066801071167,-0.03809642791748047,-0.8729501366615295
1789729867840787200,38.528787109375,-0.22560715675354004,-0.156768798828125,-0.8457304239273071
1789729867850724600,38.538724609375,0.11446380615234375,-0.2542085647583008,-0.7916757464408875
1789729867860661800,38.54866186523437,0.31424403190612793,-0.23087024688720703,-0.7646477222442627
1789729867870599200,38.55859912109375,0.3325076103210449,-0.21888351440429688,-0.7565980553627014
1789729867880536300,38.568536376953126,0.1349031925201416,-0.11995887756347656,-0.7788547277450562
1789729867890473700,38.5784736328125,-0.0714120864868164,0.08565330505371094,-0.8927130103111267
1789729867900411100,38.5884111328125,-0.27835631370544434,0.2624082565307617,-1.014325499534607
1789729867910348300,38.59834838867187,-0.4674649238586426,0.5210123062133789,-1.0460772514343262
1789729867920285400,38.60828540039063,-0.5642191171646118,0.8186759948730469,-1.004525065422058
1789729867930222800,38.61822290039063,-0.49770545959472656,0.957097053527832,-0.8896034359931946
1789729867940160000,38.628159912109375,-0.30353236198425293,0.8983144760131836,-0.7571122646331787
1789729867950097200,38.63809716796875,0.0019025802612304688,0.8069992065429688,-0.6888024210929871
1789729867960034600,38.64803466796875,0.3573191165924072,0.7397565841674805,-0.6256088018417358
1789729867969971200,38.65797119140625,0.6641011238098145,0.6859216690063477,-0.5556113719940186
1789729867979908600,38.66790869140625,0.8016343116760254,0.6182737350463867,-0.4532927870750427
1789729867989845800,38.677845703125,0.73105788230896,0.7324075698852539,-0.39986318349838257
1789729867999783200,38.687783203125,0.5301740169525146,0.7893009185791016,-0.3293839693069458
1789729868009720000,38.697719970703126,0.20574283599853516,0.8304843902587891,-0.37387514114379883
1789729868019657000,38.707656982421874,-0.09803390502929688,0.8116464614868164,-0.4836985766887665
1789729868029593900,38.71759375,-0.3490746021270752,0.7577638626098633,-0.6175912618637085
1789729868039530800,38.72753076171875,-0.4833035469055176,0.6026763916015625,-0.7057989835739136
1789729868049467600,38.73746752929687,-0.36494994163513184,0.40640735626220703,-0.7382164001464844
1789729868059405300,38.7474052734375,-0.12746143341064453,0.18976593017578125,-0.7938400506973267
1789729868069343200,38.75734326171875,0.0629889965057373,-0.012259483337402344,-0.8128555417060852
1789729868079280600,38.76728076171875,0.3133699893951416,-0.16962718963623047,-0.7967696189880371
1789729868089217800,38.7772177734375,0.5161373615264893,-0.32421398162841797,-0.7339317798614502
1789729868099155000,38.787155029296876,0.5764603614807129,-0.3667478561401367,-0.7030919790267944
1789729868109092000,38.797092041015624,0.41768527030944824,-0.28769683837890625,-0.632148265838623
1789729868119029800,38.80702978515625,0.3415858745574951,-0.1225137710571289,-0.48516833782196045
1789729868128966000,38.8169658203125,0.3689546585083008,0.05484199523925781,-0.322094202041626
1789729868138902300,38.82690234375,0.14301633834838867,0.18302154541015625,-0.29006391763687134
1789729868148839000,38.8368388671875,-0.2057492733001709,0.13212966918945312,-0.4361030161380768
1789729868158775800,38.84677587890625,-0.5424761772155762,-0.14635944366455078,-0.6166229248046875
1789729868168713500,38.85671337890625,-0.8123514652252197,-0.2855501174926758,-0.8490487337112427
1789729868178651100,38.86665112304688,-0.8309193849563599,-0.32157325744628906,-0.9869901537895203
1789729868188589000,38.87658911132812,-0.8750035762786865,-0.33669281005859375,-1.0539312362670898
1789729868198526700,38.88652661132812,-0.8038814663887024,-0.1828470230102539,-0.8233153820037842
1789729868208464100,38.89646411132812,-0.5094091892242432,0.07677078247070312,-0.7459858059883118
1789729868218401300,38.9064013671875,-0.30084919929504395,0.19982624053955078,-0.5533304214477539
1789729868228338400,38.91633837890625,-0.1519792079925537,0.23412227630615234,-0.46144425868988037
1789729868238275600,38.926275634765624,0.05015242099761963,0.14635276794433594,-0.2883051633834839
1789729868248212700,38.93621264648438,0.3630692958831787,0.01802349090576172,-0.06321758031845093
1789729868258150000,38.94614990234375,0.668007493019104,-0.23214244842529297,0.11166990548372269
1789729868268087000,38.956087158203125,0.9564533233642578,-0.4844808578491211,0.22358566522598267
1789729868278024400,38.9660244140625,0.9724686145782471,-0.6959085464477539,0.13113485276699066
1789729868287961600,38.97596166992187,1.0276414155960083,-0.7344732284545898,0.049795717000961304
1789729868297898800,38.98589868164063,1.066802978515625,-0.7392053604125977,0.277382493019104
1789729868307836000,38.9958359375,0.7986065149307251,-0.7125759124755859,0.42628014087677
1789729868317773000,39.00577294921875,0.47030436992645264,-0.4345560073852539,0.39734479784965515
1789729868327710200,39.01571020507812,0.41624879837036133,-0.16143321990966797,0.30775171518325806
1789729868337647400,39.0256474609375,0.3652578592300415,-0.0822305679321289,0.21533085405826569
1789729868347584800,39.035584716796876,0.21629178524017334,-0.024339675903320312,0.14624689519405365
1789729868357522000,39.04552197265625,0.13897931575775146,0.07951831817626953,0.09993598610162735
1789729868367459000,39.055458984375,0.23918449878692627,0.023886680603027344,0.09937379509210587
1789729868377396200,39.06539624023438,0.4566490650177002,-0.08570384979248047,0.16067589819431305
1789729868387333400,39.07533349609375,0.6391886472702026,-0.21817970275878906,0.2695344388484955
1789729868397270500,39.0852705078125,0.7828576564788818,-0.43807125091552734,0.4192368686199188
1789729868407207700,39.09520776367187,1.007597804069519,-0.6759004592895508,0.5135532021522522
1789729868417145000,39.10514501953125,1.5316181182861328,-0.8866500854492188,0.6168507933616638
1789729868427082200,39.11508227539063,2.0661020278930664,-1.0831222534179688,0.688294529914856
1789729868437019400,39.125019287109374,2.3505730628967285,-1.1608810424804688,0.6926528215408325
1789729868446956500,39.13495654296875,2.224297046661377,-1.101283073425293,0.6469170451164246
1789729868456893700,39.14489379882812,1.7743839025497437,-0.8896770477294922,0.5587377548217773
1789729868466830800,39.154830810546876,1.2746074199676514,-0.6545572280883789,0.48357531428337097
1789729868476768000,39.16476806640625,0.9996212720870972,-0.5171546936035156,0.4170953035354614
1789729868486705200,39.174705078125,0.9242922067642212,-0.5368680953979492,0.3760932683944702
1789729868496642600,39.184642578125,1.0184777975082397,-0.6274814605712891,0.3241625726222992
1789729868506579700,39.19457983398438,1.1247491836547852,-0.7582054138183594,0.23587647080421448
1789729868516516900,39.204516845703125,1.172454833984375,-0.8553638458251953,0.21587985754013062
1789729868526454000,39.2144541015625,1.0891464948654175,-0.8762350082397461,0.15664973855018616
1789729868536391200,39.22439111328125,0.8683532476425171,-0.849761962890625,0.11276881396770477
1789729868546328300,39.23432836914063,0.6069120168685913,-0.6707019805908203,0.15652503073215485
1789729868556265500,39.244265380859375,0.26673364639282227,-0.47045326232910156,0.19921821355819702
1789729868566203000,39.254202880859374,-0.010069608688354492,-0.29863548278808594,0.18771308660507202
1789729868576140000,39.26414013671875,-0.1072695255279541,-0.10931777954101562,0.05066192150115967
1789729868586077200,39.2740771484375,-0.13729214668273926,-0.05995464324951172,-0.14584237337112427
1789729868596014300,39.284014404296876,-0.07528543472290039,-0.04724884033203125,-0.25981205701828003
1789729868605951500,39.293951416015624,0.22814810276031494,-0.033039093017578125,-0.3356058597564697
1789729868615888600,39.303888671875,0.6045513153076172,-0.08958244323730469,-0.3764577805995941
1789729868625825800,39.31382568359375,0.8793288469314575,-0.10754776000976562,-0.4076898992061615
1789729868635763200,39.32376318359375,1.0608737468719482,-0.056563377380371094,-0.3726232647895813
1789729868645700400,39.333700439453125,1.185909390449524,0.05545520782470703,-0.3049563765525818
1789729868655637500,39.34363745117187,1.1966803073883057,0.17061996459960938,-0.2951612174510956
1789729868665574700,39.35357470703125,1.061885952949524,0.3271493911743164,-0.3051210641860962
1789729868675511800,39.36351171875,0.9470438957214355,0.5037574768066406,-0.28445154428482056
1789729868685449000,39.373448974609374,0.8188334703445435,0.6338596343994141,-0.257046103477478
1789729868695386000,39.38338623046875,0.7734701633453369,0.6486291885375977,-0.15516439080238342
1789729868705323500,39.39332348632813,0.9412804841995239,0.6345462799072266,-0.0600396990776062
1789729868715260700,39.4032607421875,1.1735551357269287,0.555419921875,0.026218116283416748
1789729868725197800,39.41319775390625,1.274172067642212,0.4970684051513672,0.13864794373512268
1789729868735135000,39.42313500976562,1.243950605392456,0.5621719360351562,0.2239266037940979
1789729868745072000,39.43307202148438,1.0194607973098755,0.6838836669921875,0.23337559401988983
1789729868755009300,39.44300927734375,0.7008472681045532,0.7264928817749023,0.2137947678565979
1789729868764947000,39.45294702148438,0.42148470878601074,0.7504854202270508,0.1816183626651764
1789729868774884000,39.462884033203125,0.2729243040084839,0.6629648208618164,0.1336754560470581
1789729868784821200,39.4728212890625,0.2473357915878296,0.41643810272216797,0.14068615436553955
1789729868794758400,39.48275830078125,0.376118540763855,0.061275482177734375,0.1241154670715332
1789729868804695800,39.49269580078125,0.6690421104431152,-0.3981189727783203,0.12998628616333008
1789729868814632200,39.50263208007812,1.0754098892211914,-0.7808256149291992,0.11645495891571045
1789729868824568800,39.51256884765625,1.2891576290130615,-0.9565896987915039,0.05151674151420593
1789729868834505500,39.52250537109375,1.1687158346176147,-0.9070634841918945,0.030623793601989746
1789729868844442600,39.53244262695313,0.7587785720825195,-0.6630477905273438,0.05713003873825073
1789729868854379800,39.5423798828125,0.3488208055496216,-0.36214256286621094,0.06282204389572144
1789729868864317000,39.55231689453125,0.19428730010986328,-0.20190715789794922,0.09826132655143738
1789729868874254600,39.562254638671874,0.18348157405853271,-0.1268463134765625,0.16827073693275452
1789729868884192300,39.57219213867187,0.3076061010360718,-0.089141845703125,0.21846839785575867
1789729868894130000,39.5821298828125,0.4754316806793213,-0.09383583068847656,0.2905545234680176
1789729868904067800,39.59206787109375,0.5287573337554932,-0.14354705810546875,0.313256174325943
1789729868914005000,39.6020048828125,0.47916531562805176,-0.16160964965820312,0.2622372508049011
1789729868923942100,39.61194213867188,0.5456734895706177,-0.21485424041748047,0.21809664368629456
1789729868933879300,39.62187939453125,0.798905611038208,-0.2772369384765625,0.20857176184654236
1789729868943816400,39.63181640625,1.052258014678955,-0.2727794647216797,0.25908368825912476
1789729868953753600,39.64175366210937,1.274633765220642,-0.25458621978759766,0.37081438302993774
1789729868963691000,39.65169091796875,1.3838295936584473,-0.27782630920410156,0.40186381340026855
1789729868973627100,39.661627197265624,1.3422478437423706,-0.24211692810058594,0.3738568425178528
1789729868983563500,39.6715634765625,1.1175649166107178,-0.07086849212646484,0.33412736654281616
1789729868993500000,39.6815,0.8081731796264648,0.18585872650146484,0.2732784152030945
1789729869003437000,39.69143701171875,0.4571082592010498,0.4088582992553711,0.22030997276306152
1789729869013374500,39.70137451171875,0.3160005807876587,0.4814319610595703,0.17230510711669922
1789729869023312000,39.711311767578124,0.4278477430343628,0.38231372833251953,0.14506414532661438
1789729869033249800,39.721249755859375,0.6487487554550171,0.15683746337890625,0.11358410120010376
1789729869043187700,39.73118774414063,0.8686273097991943,-0.09479808807373047,0.10124307870864868
1789729869053125600,39.74112573242188,1.0781605243682861,-0.27980804443359375,0.1010771095752716
1789729869063063000,39.75106298828125,1.1476279497146606,-0.34125804901123047,0.09513232111930847
1789729869073000200,39.761000244140625,1.0721807479858398,-0.2590446472167969,0.10753262042999268
1789729869082937300,39.77093725585937,0.7747834920883179,-0.12487125396728516,0.0706556886434555
1789729869092874500,39.78087451171875,0.48207294940948486,-0.021413803100585938,-0.03236714005470276
1789729869102811600,39.79081176757813,0.2362513542175293,0.028716087341308594,-0.18469789624214172
1789729869112748800,39.800748779296875,0.027665376663208008,0.050253868103027344,-0.3275449573993683
1789729869122686000,39.81068603515625,-0.13364946842193604,0.0909423828125,-0.48809319734573364
1789729869132623400,39.82062329101562,-0.3431607484817505,0.1551961898803711,-0.6224848031997681
1789729869142560500,39.830560546875,-0.6413205862045288,0.20331096649169922,-0.7717280983924866
1789729869152497700,39.84049755859375,-0.8309417963027954,0.30257320404052734,-0.8733702898025513
1789729869162434800,39.85043481445312,-0.9071990251541138,0.35239315032958984,-0.893099844455719
1789729869172372000,39.8603720703125,-0.9478451013565063,0.36221885681152344,-0.8314679265022278
1789729869182309000,39.87030908203125,-0.8159793615341187,0.3463935852050781,-0.7361272573471069
1789729869192246300,39.880246337890625,-0.3864542245864868,0.309173583984375,-0.5826090574264526
1789729869202183700,39.89018359375,0.009101033210754395,0.19463443756103516,-0.4040265679359436
1789729869212120800,39.90012084960937,0.13921797275543213,0.16024017333984375,-0.2884494662284851
1789729869222058000,39.91005810546875,0.15681159496307373,0.17965316772460938,-0.19475950300693512
1789729869231995100,39.9199951171875,0.046332478523254395,0.19807910919189453,-0.08455707132816315
1789729869241932300,39.929932373046874,-0.1495664119720459,0.3355827331542969,0.005099132657051086
1789729869251869400,39.93986938476562,-0.3509708642959595,0.5376167297363281,0.10900120437145233
1789729869261806600,39.949806640625,-0.561354398727417,0.7281484603881836,0.23316776752471924
1789729869271744000,39.959743896484376,-0.6962875723838806,0.9337368011474609,0.3603363037109375
1789729869281681200,39.96968115234375,-0.8333710432052612,0.9824228286743164,0.4441257417201996
1789729869291618300,39.97961840820312,-0.7600353956222534,0.9510478973388672,0.5814208388328552
1789729869301555500,39.98955541992188,-0.428078293800354,0.7914266586303711,0.6334108114242554
1789729869311492600,39.99949267578125,0.08013594150543213,0.45491981506347656,0.6264029145240784
1789729869321429800,40.0094296875,0.3812105655670166,-0.004215240478515625,0.4236208498477936
1789729869331367000,40.01936694335937,0.4219229221343994,-0.3994894027709961,0.2353726029396057
1789729869341304000,40.02930395507813,0.22283577919006348,-0.6973018646240234,0.1277879923582077
1789729869351241500,40.03924145507813,-0.11769747734069824,-0.7946672439575195,0.14819711446762085
1789729869361178600,40.0491787109375,-0.5402505397796631,-0.7847223281860352,0.18993139266967773
1789729869371115800,40.05911572265625,-0.9693810939788818,-0.74359130859375,0.23611199855804443
1789729869381053000,40.06905297851562,-1.2840137481689453,-0.723419189453125,0.17664074897766113
1789729869390990000,40.078989990234376,-1.525831699371338,-0.7284555435180664,0.10523755103349686
1789729869400927200,40.08892724609375,-1.5473464727401733,-0.6673927307128906,-0.09775106608867645
1789729869410864400,40.09886450195312,-1.413727879524231,-0.5618782043457031,-0.19057482481002808
1789729869420801800,40.1088017578125,-1.1260559558868408,-0.4146604537963867,-0.11675001680850983
1789729869430739000,40.11873901367188,-0.7619664669036865,-0.21691608428955078,0.022104747593402863
1789729869440676000,40.128676025390625,-0.34178221225738525,-0.02911090850830078,0.1290641576051712
1789729869450613200,40.13861328125,0.08364677429199219,0.18869495391845703,0.16371525824069977
1789729869460550400,40.14855029296875,0.32574760913848877,0.3117246627807617,0.2290182113647461
1789729869470487600,40.15848754882813,0.33188021183013916,0.44541358947753906,0.2608484625816345
1789729869480424700,40.1684248046875,0.08008074760437012,0.5592327117919922,0.3100441098213196
1789729869490362000,40.178362060546874,-0.10149669647216797,0.6635646820068359,0.32860198616981506
1789729869500299300,40.18829931640625,-0.08313381671905518,0.6941680908203125,0.3815097212791443
1789729869510236400,40.198236328125,0.03783559799194336,0.6438522338867188,0.4431082010269165
1789729869520173800,40.208173828125,0.11795032024383545,0.5840587615966797,0.47563230991363525
1789729869530111500,40.21811157226563,0.14703452587127686,0.5360164642333984,0.4819679260253906
1789729869540049000,40.228048828125,0.03427541255950928,0.5450773239135742,0.45402291417121887
1789729869549985800,40.23798583984375,-0.24453377723693848,0.578155517578125,0.344679057598114
1789729869559923000,40.2479228515625,-0.4587373733520508,0.588109016418457,0.20340628921985626
1789729869569859800,40.25785986328125,-0.45228099822998047,0.48688316345214844,0.11807848513126373
1789729869579796700,40.26779663085937,-0.29830431938171387,0.22915935516357422,0.11172403395175934
1789729869589734000,40.27773388671875,-0.07557308673858643,-0.14210128784179688,0.08725124597549438
1789729869599670800,40.2876708984375,0.20984292030334473,-0.5890026092529297,0.03403192758560181
1789729869609608000,40.29760791015625,0.41593027114868164,-0.9328508377075195,-0.0517510324716568
1789729869619545600,40.307545654296874,0.40828001499176025,-1.1144905090332031,-0.06826629489660263
1789729869629483500,40.3174833984375,0.31509828567504883,-1.1484479904174805,-0.11813639104366302
1789729869639421000,40.3274208984375,0.17978978157043457,-1.0992116928100586,-0.14882171154022217
1789729869649358000,40.33735815429687,0.042601823806762695,-0.9234638214111328,-0.11640403419733047
1789729869659295200,40.34729516601563,-0.03252577781677246,-0.7953987121582031,-0.1874350905418396
1789729869669232400,40.357232421875,0.0029096603393554688,-0.7647743225097656,-0.24020694196224213
1789729869679170000,40.367170166015626,0.11288678646087646,-0.7763843536376953,-0.22739923000335693
1789729869689106400,40.3771064453125,0.2967287302017212,-0.8041858673095703,-0.21612349152565002
1789729869699042800,40.38704272460937,0.5451440811157227,-0.8582401275634766,-0.20182432234287262
1789729869708979200,40.396979248046875,0.8114254474639893,-0.9487590789794922,-0.21601341664791107
1789729869718916400,40.40691625976562,0.9623827934265137,-1.0308713912963867,-0.254432737827301
1789729869728853800,40.41685375976562,0.9777244329452515,-1.0116024017333984,-0.2529566287994385
1789729869738791700,40.426791748046874,0.8572031259536743,-0.9054174423217773,-0.19011622667312622
1789729869748729300,40.43672924804687,0.5939376354217529,-0.6905202865600586,-0.07509302347898483
1789729869758667300,40.446667236328125,0.2730567455291748,-0.3879671096801758,0.08387358486652374
1789729869768604400,40.4566044921875,0.05878031253814697,-0.06427860260009766,0.22615043818950653
1789729869778541600,40.46654150390625,-0.014745712280273438,0.12779998779296875,0.32691285014152527
1789729869788479000,40.47647900390625,0.041925787925720215,0.16000843048095703,0.38945430517196655
1789729869798416100,40.486416015625,0.14591193199157715,0.1089773178100586,0.3854457139968872
1789729869808353300,40.496353271484374,0.23605835437774658,-0.042022705078125,0.33120718598365784
1789729869818290400,40.50629052734375,0.3401573896408081,-0.13049697875976562,0.2848776578903198
1789729869828227600,40.5162275390625,0.36451590061187744,-0.1713113784790039,0.28937456011772156
1789729869838164700,40.526164794921876,0.3000671863555908,-0.12882041931152344,0.3143010437488556
1789729869848102000,40.53610180664062,0.2398909330368042,0.032660484313964844,0.2859136760234833
1789729869858039300,40.54603930664062,0.0926436185836792,0.1982259750366211,0.2049497365951538
1789729869867976400,40.5559765625,-0.06961643695831299,0.34677696228027344,0.05032423138618469
1789729869877913600,40.56591357421875,-0.23447060585021973,0.5528354644775391,-0.11925220489501953
1789729869887850800,40.575850830078124,-0.45938193798065186,0.8000164031982422,-0.18454337120056152
1789729869897788000,40.58578784179687,-0.6212694644927979,0.9622831344604492,-0.270161509513855
1789729869907725000,40.59572509765625,-0.566583514213562,1.0019874572753906,-0.38193392753601074
1789729869917662200,40.605662109375,-0.21217727661132812,0.9358158111572266,-0.47189322113990784
1789729869927599600,40.615599609375,0.3547484874725342,0.8416767120361328,-0.4559052586555481
1789729869937536800,40.62553686523437,0.8884985446929932,0.6822261810302734,-0.38613051176071167
1789729869947474000,40.63547387695313,1.2500004768371582,0.5518531799316406,-0.2563216984272003
1789729869957411000,40.6454111328125,1.2542182207107544,0.5262346267700195,-0.07564230263233185
1789729869967348200,40.65534814453125,0.8952071666717529,0.7130451202392578,0.08342957496643066
1789729869977285400,40.66528540039062,0.3203999996185303,1.0533370971679688,0.19635415077209473
1789729869987222500,40.67522241210938,-0.26780617237091064,1.3428754806518555,0.3659263849258423
1789729869997160000,40.68515991210938,-0.5438927412033081,1.6045007705688477,0.5029959678649902
1789729870007097000,40.69509716796875,-0.4604198932647705,1.7381601333618164,0.676303505897522
1789729870017034200,40.7050341796875,-0.1096106767654419,1.6217365264892578,0.88420569896698
1789729870026971400,40.71497143554687,0.3188232183456421,1.1569490432739258,1.0339924097061157
1789729870036908500,40.724908447265626,0.7668406963348389,0.48006248474121094,1.0557067394256592
1789729870046845700,40.734845703125,1.083317756652832,-0.17501258850097656,1.030409336090088
1789729870056782800,40.74478295898437,1.1152523756027222,-0.8206157684326172,1.0412189960479736
1789729870066720000,40.75471997070313,0.8788406848907471,-1.2772951126098633,1.1288987398147583
1789729870076657400,40.76465747070313,0.5220427513122559,-1.5497417449951172,1.2355031967163086
1789729870086594600,40.774594482421875,0.167183518409729,-1.7881431579589844,1.2866076231002808
1789729870096531700,40.78453173828125,-0.00009763240814208984,-1.8749675750732422,1.3252841234207153
1789729870106468900,40.79446875,0.2011502981185913,-1.7507753372192383,1.107074499130249
1789729870116406000,40.80440600585938,0.812676191329956,-1.3187360763549805,0.776412844657898
1789729870126343200,40.81434326171875,1.1629726886749268,-0.6424388885498047,0.27207067608833313
1789729870136280300,40.8242802734375,0.6704111099243164,0.025321006774902344,-0.24636727571487427
1789729870146217700,40.8342177734375,-0.0839242935180664,0.8615493774414062,-0.9521123766899109
1789729870156155000,40.84415478515625,-0.4456700086593628,1.9966402053833008,-1.639140248298645
1789729870166092000,40.854092041015626,-0.4119601249694824,2.8711490631103516,-2.2953975200653076
1789729870176029200,40.864029296875,0.22833728790283203,3.348616600036621,-2.548861503601074
1789729870185966300,40.87396630859375,1.2748377323150635,3.1162757873535156,-1.764822006225586
1789729870195903500,40.88390356445313,2.241570472717285,2.3939390182495117,-0.5077848434448242
1789729870205840600,40.893840576171876,3.1878795623779297,1.3650531768798828,0.5132474899291992
1789729870215778000,40.903778076171875,3.529468059539795,0.1870126724243164,0.9803143739700317
1789729870225715200,40.91371508789062,1.9970718622207642,-0.24634456634521484,0.9696364402770996
1789729870235652400,40.92365234375,-1.1045997142791748,-0.17912673950195312,0.5406599044799805
1789729870245589500,40.93358959960938,-3.72727632522583,0.09893321990966797,0.2508346140384674
1789729870255526700,40.943526611328124,-5.305530071258545,-0.060652732849121094,0.5136712789535522
1789729870265463800,40.9534638671875,-5.230717658996582,-0.5629873275756836,1.25162935256958
1789729870275401000,40.96340087890625,-3.6627037525177,-1.006241798400879,2.025205135345459
1789729870285338400,40.97333837890625,-1.955744981765747,-1.4872961044311523,1.9663504362106323
1789729870295275500,40.983275634765626,-0.55980384349823,-1.8793487548828125,1.367030143737793
1789729870305212700,40.99321264648437,0.39170897006988525,-2.081273078918457,0.3881244957447052
1789729870315150000,41.00315014648437,0.29644250869750977,-2.7076234817504883,-0.3930204510688782
1789729870325088300,41.013088134765624,-0.1600322723388672,-2.549318790435791,-1.3260079622268677
1789729870335025700,41.023025634765624,-0.3910977840423584,-2.206833839416504,-1.9451072216033936
1789729870344962800,41.032962890625,-0.4089871048927307,-1.902512550354004,-2.1604859828948975
1789729870354900000,41.04289990234375,-0.6036391258239746,-1.5122623443603516,-2.154020071029663
1789729870364837000,41.052837158203126,-1.0857216119766235,-0.9451885223388672,-2.111415386199951
1789729870374774300,41.06277416992187,-1.009217381477356,-0.3041391372680664,-1.950158953666687
1789729870384711400,41.07271142578125,-0.8694882392883301,0.11137104034423828,-1.7876514196395874
1789729870394648600,41.08264868164063,-0.9797481298446655,0.43544960021972656,-1.7968519926071167
1789729870404585700,41.092585693359375,-0.8393678069114685,0.8976402282714844,-1.7848821878433228
1789729870414523100,41.102523193359374,-0.46899592876434326,1.5090532302856445,-1.7399989366531372
1789729870424460300,41.11246020507812,-0.44258737564086914,2.645893096923828,-2.1215593814849854
1789729870434397400,41.1223974609375,-1.2204457521438599,4.2710113525390625,-2.367729902267456
1789729870444334600,41.13233447265625,-2.827770709991455,5.887642860412598,-1.9254761934280396
1789729870454271700,41.142271728515624,-4.611370086669922,7.656310081481934,-0.8460904955863953
1789729870464209400,41.15220947265625,-5.380034446716309,9.715495109558105,-0.3485383093357086
1789729870474146600,41.162146484375,-4.393486022949219,9.594283103942871,0.37099921703338623
1789729870484083700,41.17208374023438,-0.6488729119300842,6.750048637390137,1.356203556060791
1789729870494020900,41.182020751953125,4.130366802215576,3.219508171081543,2.1807050704956055
1789729870503958300,41.191958251953125,8.46548080444336,-0.34339237213134766,2.4409120082855225
1789729870513895400,41.2018955078125,11.150127410888672,-3.687676429748535,2.2229199409484863
1789729870523832600,41.21183251953125,11.466436386108398,-6.2526326179504395,1.66508948802948
1789729870533769000,41.22176904296875,9.554292678833008,-7.687021255493164,0.9153792858123779
1789729870543705600,41.23170556640625,6.367007255554199,-7.861714839935303,-0.0012465715408325195
1789729870553642200,41.24164233398437,2.4986233711242676,-7.044765949249268,-0.4648774266242981
1789729870563579100,41.2515791015625,-0.882034182548523,-5.781136512756348,-0.2955196499824524
1789729870573516300,41.261516357421876,-2.922302722930908,-4.975963592529297,0.22254645824432373
1789729870583453700,41.27145361328125,-3.697732448577881,-4.773270606994629,0.4440993368625641
1789729870593391000,41.28139111328125,-3.662658929824829,-4.874101638793945,0.19235488772392273
1789729870603329000,41.2913291015625,-2.6058473587036133,-4.990400314331055,0.1832342892885208
1789729870613266700,41.3012666015625,-1.0030163526535034,-5.19699764251709,0.3072826564311981
1789729870623204600,41.31120458984375,0.3917217254638672,-5.348691463470459,-0.02934768795967102
1789729870633142000,41.32114208984375,0.786064863204956,-5.320648193359375,-0.660499095916748
1789729870643079200,41.3310791015625,0.18611860275268555,-5.0115203857421875,-1.2863013744354248
1789729870653016300,41.34101635742188,-1.0563074350357056,-4.046413898468018,-0.863656222820282
1789729870662953700,41.35095361328125,-2.6026127338409424,-2.5607142448425293,0.08944331109523773
1789729870672891000,41.360890869140626,-3.756898880004883,-1.2543725967407227,0.7247462272644043
1789729870682828000,41.370828125,-4.080534934997559,-0.30131053924560547,0.9319854974746704
1789729870692765200,41.38076513671875,-3.7933263778686523,0.1958456039428711,0.7638429403305054
1789729870702702300,41.39070239257813,-3.4212701320648193,0.23753929138183594,0.5561633110046387
1789729870712639500,41.400639404296875,-2.9558568000793457,0.45748233795166016,0.4643186330795288
1789729870722576600,41.41057666015625,-2.3535218238830566,0.81396484375,0.28441479802131653
1789729870732514000,41.42051416015625,-2.1061103343963623,1.201089859008789,0.24741236865520477
1789729870742451200,41.430451171875,-1.643807291984558,1.924448013305664,0.47935768961906433
1789729870752388400,41.440388427734376,-0.9456905126571655,2.598353385925293,0.5523988604545593
1789729870762325500,41.450325439453124,-0.6228958964347839,3.139216423034668,0.2592398524284363
1789729870772262700,41.4602626953125,-0.5057687759399414,3.6286354064941406,-0.432373046875
1789729870782199800,41.47019970703125,-0.4097198247909546,4.00225830078125,-1.006894826889038
1789729870792137000,41.480136962890626,-0.2812928259372711,4.219747543334961,-1.1491765975952148
1789729870802074000,41.49007421875,-0.3968200385570526,4.243247985839844,-0.8806619644165039
1789729870812011500,41.50001147460937,-0.9654126167297363,4.168896675109863,-0.37217825651168823
1789729870821948700,41.50994873046875,-1.57400381565094,3.9684667587280273,0.21773380041122437
1789729870831885800,41.5198857421875,-1.6511621475219727,3.9363155364990234,0.5009544491767883
1789729870841823000,41.529822998046875,-1.5516154766082764,3.8928442001342773,0.42451339960098267
1789729870851760000,41.53976000976562,-1.3815771341323853,3.565898895263672,0.5666171312332153
1789729870861697300,41.549697265625,-0.8868478536605835,3.312302589416504,0.9086120128631592
1789729870871634400,41.55963452148438,-0.3730568289756775,3.4996538162231445,1.3535419702529907
1789729870881571800,41.56957177734375,0.24558806419372559,3.543487548828125,1.6893035173416138
1789729870891509000,41.579509033203124,0.839870035648346,3.2547521591186523,1.9048411846160889
1789729870901446100,41.58944604492188,1.2270177602767944,2.574094772338867,1.8263001441955566
1789729870911383300,41.59938330078125,1.4932241439819336,1.7820234298706055,1.4624594449996948
1789729870921320400,41.609320556640625,1.550264596939087,1.1512212753295898,1.0260974168777466
1789729870931257600,41.61925756835937,1.00010347366333,0.7722225189208984,0.4635571837425232
1789729870941194800,41.62919482421875,0.06374579668045044,0.5566501617431641,-0.07137076556682587
1789729870951132200,41.63913208007813,-0.5945334434509277,0.5667524337768555,-0.3739985525608063
1789729870961069300,41.6490693359375,-0.9866885542869568,0.7134790420532227,-0.3731815218925476
1789729870971006500,41.65900634765625,-1.3566187620162964,0.7476730346679688,-0.26262837648391724
1789729870980943600,41.66894360351562,-1.6665034294128418,0.5809421539306641,-0.06859655678272247
1789729870990880800,41.678880859375,-1.7418121099472046,0.15876293182373047,0.02545122802257538
1789729871000818000,41.68881787109375,-1.540879249572754,-0.4347667694091797,0.009470723569393158
1789729871010755000,41.698755126953124,-1.4303244352340698,-0.8218851089477539,-0.07112914323806763
1789729871020692500,41.7086923828125,-1.799269676208496,-0.9264125823974609,-0.10534016788005829
1789729871030629600,41.71862963867188,-2.3899307250976562,-0.9536466598510742,0.10320504754781723
1789729871040566800,41.72856689453125,-2.756122589111328,-1.1131525039672852,0.45102834701538086
1789729871050504200,41.738504150390625,-2.819493293762207,-1.4732885360717773,0.8890013694763184
1789729871060441300,41.74844140625,-2.298588514328003,-1.815904140472412,1.2089574337005615
1789729871070378800,41.75837866210937,-1.285332441329956,-2.146697521209717,1.187515139579773
1789729871080316000,41.76831591796875,-0.3642081022262573,-2.409977912902832,1.0310271978378296
1789729871090253300,41.77825341796875,-0.007222771644592285,-2.3708600997924805,0.7027963995933533
1789729871100191000,41.78819091796875,-0.3455233573913574,-2.1213316917419434,0.35146549344062805
1789729871110128600,41.79812866210938,-1.009881854057312,-1.7518553733825684,0.10725374519824982
1789729871120065800,41.808065673828125,-1.5863832235336304,-1.2996549606323242,0.059963397681713104
1789729871130003000,41.8180029296875,-1.6621544361114502,-0.7829704284667969,0.17729413509368896
1789729871139940600,41.827940673828124,-1.1078295707702637,-0.3499288558959961,0.20000776648521423
1789729871149877200,41.83787719726563,-0.09517514705657959,-0.20675373077392578,0.17256423830986023
1789729871159814100,41.847814208984374,0.948905348777771,-0.13670063018798828,0.11511874198913574
1789729871169750800,41.85775073242188,1.758963942527771,-0.08822441101074219,-0.06064213812351227
1789729871179687700,41.867687744140625,1.9670814275741577,0.019171714782714844,-0.355942964553833
1789729871189624800,41.87762475585937,1.473069667816162,0.2790975570678711,-0.5717598795890808
1789729871199562800,41.887562744140624,0.7132303714752197,0.7477550506591797,-0.6090459227561951
1789729871209501000,41.8975009765625,0.2436351776123047,1.242025375366211,-0.4839514195919037
1789729871219438000,41.90743798828125,0.2891988754272461,1.6856060028076172,-0.31558263301849365
1789729871229375200,41.91737524414062,0.5326526165008545,1.9991369247436523,-0.10986790060997009
1789729871239312400,41.9273125,0.7999422550201416,2.235048294067383,0.08388416469097137
1789729871249249500,41.93724951171875,0.9384161233901978,2.4436845779418945,0.16837474703788757
1789729871259187200,41.947187255859376,0.9273611307144165,2.5994653701782227,0.16173051297664642
1789729871269123800,41.95712377929687,0.927356481552124,2.633878707885742,0.18614812195301056
1789729871279060700,41.967060791015626,0.9217222929000854,2.5546998977661133,0.24004220962524414
1789729871288997400,41.97699731445312,0.9413967132568359,2.4362850189208984,0.24777920544147491
1789729871298934500,41.9869345703125,1.0147162675857544,2.211531639099121,0.1832762360572815
1789729871308872000,41.996871826171876,0.9750233888626099,1.8731060028076172,0.12896719574928284
1789729871318809300,42.006809326171876,0.8625328540802002,1.514256477355957,0.03037358820438385
1789729871328746800,42.016746826171875,0.7798181772232056,1.1036624908447266,-0.11353819072246552
1789729871338684200,42.02668408203125,0.558573842048645,0.8060903549194336,-0.05908139795064926
1789729871348621600,42.03662158203125,0.32426655292510986,0.7266092300415039,0.04080377519130707
1789729871358559000,42.04655908203125,0.33869874477386475,0.6975679397583008,0.047840237617492676
1789729871368496400,42.05649633789063,0.43016910552978516,0.6183280944824219,0.06047973781824112
1789729871378433500,42.06643359375,0.42990076541900635,0.527073860168457,-0.06255781650543213
1789729871388370700,42.07637060546875,0.22884917259216309,0.526824951171875,-0.15289843082427979
1789729871398307800,42.08630786132812,-0.04442441463470459,0.6110658645629883,-0.1332438886165619
1789729871408245200,42.09624536132812,0.0368039608001709,0.5985832214355469,0.023154795169830322
1789729871418182400,42.10618237304688,0.48895299434661865,0.34346866607666016,0.31543636322021484
1789729871428119600,42.11611962890625,1.0071278810501099,-0.037604331970214844,0.5137296915054321
1789729871438056700,42.126056640625,1.5703121423721313,-0.45722007751464844,0.5827409625053406
1789729871447993900,42.13599389648437,1.983234167098999,-0.8760671615600586,0.5176034569740295
1789729871457931000,42.14593090820313,1.9108352661132812,-1.192091941833496,0.4035769999027252
1789729871467868200,42.1558681640625,1.3768123388290405,-1.2471494674682617,0.27013906836509705
1789729871477805300,42.165805419921874,0.5795272588729858,-1.1383686065673828,0.1790042519569397
1789729871487742700,42.17574267578125,-0.15052998065948486,-0.9481840133666992,0.25783687829971313
1789729871497680000,42.18567993164063,-0.4919140338897705,-0.7977714538574219,0.39679887890815735
1789729871507617000,42.195616943359376,-0.46072256565093994,-0.6965398788452148,0.3470165431499481
1789729871517554200,42.20555419921875,-0.2535126209259033,-0.6902427673339844,0.23034928739070892
1789729871527491300,42.2154912109375,-0.01565837860107422,-0.7815475463867188,0.17239153385162354
1789729871537428500,42.22542846679688,0.27524006366729736,-0.9109821319580078,0.11736337840557098
1789729871547365600,42.23536572265625,0.4836684465408325,-1.109969139099121,0.013627178966999054
1789729871557303000,42.245302978515625,0.7129427194595337,-1.3046140670776367,-0.043044913560152054
1789729871567240200,42.255240234375,0.8641989231109619,-1.4858341217041016,0.0004859939217567444
1789729871577177300,42.26517724609375,0.71976637840271,-1.5916433334350586,0.09594649076461792
1789729871587114500,42.27511450195313,0.4175068140029907,-1.5477399826049805,0.2227109968662262
1789729871597051600,42.2850517578125,0.1457122564315796,-1.389719009399414,0.33492714166641235
1789729871606988800,42.29498876953125,0.20402514934539795,-1.191640853881836,0.5362681150436401
1789729871616926000,42.30492602539063,0.24863922595977783,-1.0850591659545898,0.6865577697753906
1789729871626863400,42.31486328125,0.023468315601348877,-1.0382518768310547,0.6668422818183899
1789729871636800500,42.324800537109375,-0.2840363383293152,-0.9930191040039062,0.6464146971702576
1789729871646737700,42.33473754882812,-0.48817747831344604,-0.9871921539306641,0.5738849639892578
1789729871656674800,42.3446748046875,-0.5609578490257263,-1.025406837463379,0.5026412010192871
1789729871666612000,42.35461206054688,-0.5100992918014526,-1.0886077880859375,0.44792354106903076
1789729871676549000,42.364549072265625,-0.45772552490234375,-1.1722898483276367,0.42155689001083374
1789729871686486300,42.374486328125,-0.4946068823337555,-1.1476268768310547,0.3734472095966339
1789729871696423700,42.38442358398437,-0.6117615103721619,-1.0365848541259766,0.37869930267333984
1789729871706360800,42.39436083984375,-0.7503895163536072,-0.8753824234008789,0.3813675343990326
1789729871716298200,42.40429833984375,-0.773185670375824,-0.6547002792358398,0.41582417488098145
1789729871726235400,42.4142353515625,-0.6780720353126526,-0.4226408004760742,0.46210193634033203
1789729871736172800,42.4241728515625,-0.7990726232528687,-0.24378299713134766,0.4440375864505768
1789729871746110000,42.43410986328125,-1.0101954936981201,0.013570785522460938,0.33469483256340027
1789729871756047400,42.44404736328125,-1.200571894645691,0.26090431213378906,0.23166915774345398
1789729871765984500,42.45398461914063,-1.4744184017181396,0.41704463958740234,0.09343793988227844
1789729871775922000,42.463921875,-1.7966828346252441,0.5181512832641602,-0.12710563838481903
1789729871785859000,42.473859130859374,-1.751025676727295,0.6696281433105469,-0.2968866229057312
1789729871795796500,42.48379638671875,-1.4894214868545532,0.7973613739013672,-0.3327503800392151
1789729871805734400,42.493734375,-1.2293174266815186,0.9826507568359375,-0.17986926436424255
1789729871815671600,42.50367163085937,-1.0087486505508423,1.2181262969970703,0.022657841444015503
1789729871825608700,42.51360864257813,-0.791252851486206,1.4199962615966797,0.21912091970443726
1789729871835545900,42.5235458984375,-0.423727810382843,1.528554916381836,0.4034261107444763
1789729871845483000,42.53348291015625,-0.018041908740997314,1.5033140182495117,0.568305253982544
1789729871855420200,42.54342016601562,0.39197713136672974,1.3205890655517578,0.7403818368911743
1789729871865357600,42.55335766601563,0.78685063123703,1.0976858139038086,1.0181281566619873
1789729871875294700,42.563294677734376,1.060411810874939,0.7580404281616211,1.1806644201278687
1789729871885231900,42.57323193359375,1.2132072448730469,0.3137331008911133,1.2756924629211426
1789729871895169000,42.5831689453125,1.2551844120025635,-0.1561908721923828,1.1168720722198486
1789729871905106200,42.59310620117188,1.210679531097412,-0.6015110015869141,0.9186345338821411
1789729871915043300,42.603043212890626,1.0788954496383667,-0.981755256652832,0.7077856063842773
1789729871924980500,42.61298046875,0.8078891634941101,-1.1443748474121094,0.5431382656097412
1789729871934918000,42.62291796875,0.16819804906845093,-0.9966773986816406,0.3302183151245117
1789729871944855000,42.63285498046875,-0.7310505509376526,-0.6870765686035156,0.1585773378610611
1789729871954792200,42.64279223632813,-1.4847161769866943,-0.3945751190185547,0.09345972537994385
1789729871964729300,42.652729248046874,-1.7679224014282227,-0.2549152374267578,0.07989802956581116
1789729871974666500,42.66266650390625,-1.5076992511749268,-0.06463241577148438,0.04538498818874359
1789729871984603600,42.67260375976562,-0.8926082849502563,-0.11798381805419922,0.037433817982673645
1789729871994540800,42.682540771484376,-0.07917773723602295,-0.3646202087402344,-0.04047210514545441
1789729872004478200,42.692478271484376,0.6245844960212708,-0.7040882110595703,-0.09471727162599564
1789729872014415400,42.70241528320312,1.0833593606948853,-0.9619617462158203,-0.1757470667362213
1789729872024352500,42.7123525390625,1.2704622745513916,-1.195939064025879,-0.21074634790420532
1789729872034289700,42.72228955078125,1.129394769668579,-1.3081636428833008,-0.23748615384101868
1789729872044226800,42.732226806640625,0.8622044920921326,-1.246230125427246,-0.30009162425994873
1789729872054164000,42.7421640625,0.5106603503227234,-1.139470100402832,-0.3713988959789276
1789729872064101000,42.75210107421875,0.10685086250305176,-1.083430290222168,-0.4419541358947754
1789729872074038500,42.76203857421875,-0.28049224615097046,-1.008427619934082,-0.5360094904899597
1789729872083975700,42.7719755859375,-0.6591399908065796,-0.8258781433105469,-0.663772463798523
1789729872093912800,42.781912841796874,-1.0130128860473633,-0.5525693893432617,-0.7330290675163269
1789729872103850000,42.79185009765625,-1.2398312091827393,-0.1551198959350586,-0.7257859706878662
1789729872113787400,42.80178735351563,-1.3054475784301758,0.23956871032714844,-0.623062014579773
1789729872123724500,42.811724609375,-1.148024082183838,0.5239353179931641,-0.46994730830192566
1789729872133662000,42.821661865234375,-0.66771399974823,0.5809812545776367,-0.3491760790348053
1789729872143599600,42.831599609375,-0.023159503936767578,0.3225584030151367,-0.35062259435653687
1789729872153537300,42.841537353515626,0.5020686984062195,-0.17667198181152344,-0.4325840473175049
1789729872163474700,42.851474609375,0.800033450126648,-0.5506105422973633,-0.5775452256202698
1789729872173411800,42.86141186523437,0.8309923410415649,-0.7231292724609375,-0.6428038477897644
1789729872183349000,42.87134887695313,0.7294445633888245,-0.7855453491210938,-0.6102979779243469
1789729872193286000,42.881285888671876,0.6131861209869385,-0.644984245300293,-0.5850508213043213
1789729872203222500,42.89122241210937,0.4184621572494507,-0.37369346618652344,-0.5564781427383423
1789729872213159400,42.901159423828126,0.029552996158599854,0.06632423400878906,-0.592170774936676
1789729872223097000,42.91109716796875,-0.5652151703834534,0.6678543090820312,-0.6027167439460754
1789729872233034800,42.92103466796875,-1.2347701787948608,1.2446794509887695,-0.4785291254520416
1789729872242972200,42.93097216796875,-1.5567631721496582,1.725724220275879,-0.3615112602710724
1789729872252909800,42.940909912109376,-1.1721975803375244,1.9847068786621094,-0.35125231742858887
1789729872262847000,42.950846923828124,-0.24224048852920532,1.8831586837768555,-0.3867146670818329
1789729872272784100,42.9607841796875,0.5388587117195129,1.4763078689575195,-0.37335604429244995
1789729872282721300,42.97072119140625,0.9730573296546936,1.0106487274169922,-0.297743558883667
1789729872292658400,42.980658447265625,1.3332772254943848,0.5051946640014648,-0.2133568376302719
1789729872302595800,42.990595947265625,1.7091302871704102,-0.0570831298828125,-0.046479906886816025
1789729872312532700,43.00053271484375,1.9356211423873901,-0.46393680572509766,0.1417824625968933
1789729872322469600,43.0104697265625,1.8040685653686523,-0.5656566619873047,0.26118624210357666
1789729872332406500,43.02040649414062,1.2405102252960205,-0.4059333801269531,0.34030765295028687
1789729872342344000,43.03034399414062,0.5093382000923157,-0.08026313781738281,0.336252897977829
1789729872352281300,43.04028125,-0.0916891098022461,0.23261547088623047,0.2484481781721115
1789729872362218800,43.05021875,-0.5048168301582336,0.4711894989013672,0.16023379564285278
1789729872372156200,43.06015625,-0.8193442225456238,0.6001977920532227,0.09222772717475891
1789729872382093600,43.070093505859376,-0.9823693633079529,0.6369190216064453,0.06748539209365845
1789729872392031000,43.080031005859375,-0.8793882131576538,0.6293087005615234,0.017473548650741577
1789729872401968000,43.08996801757812,-0.7256022095680237,0.5533590316772461,-0.10364805161952972
1789729872411905500,43.09990551757812,-0.5540040731430054,0.45208740234375,-0.1980573832988739
1789729872421842700,43.1098427734375,-0.3766289949417114,0.35865211486816406,-0.22218427062034607
1789729872431779800,43.11977978515625,-0.3663972020149231,0.3587331771850586,-0.2623194456100464
1789729872441717000,43.129717041015624,-0.47882843017578125,0.5237102508544922,-0.26829612255096436
1789729872451654100,43.13965405273437,-0.602537214756012,0.688420295715332,-0.1426926851272583
1789729872461591600,43.14959155273438,-0.522984504699707,0.8075103759765625,0.03869856894016266
1789729872471528700,43.15952880859375,-0.3266885280609131,0.7926721572875977,0.15021567046642303
1789729872481465900,43.1694658203125,-0.06181216239929199,0.6179771423339844,0.24710121750831604
1789729872491403000,43.17940307617187,0.149139404296875,0.23850059509277344,0.3196790814399719
1789729872501340200,43.18934008789063,0.36411213874816895,-0.07528209686279297,0.35896071791648865
1789729872511277300,43.19927734375,0.6139957904815674,-0.3119068145751953,0.4074569642543793
1789729872521214500,43.20921435546875,0.7416485548019409,-0.48398780822753906,0.4741451144218445
1789729872531151600,43.21915161132812,0.6826677322387695,-0.706782341003418,0.5725451707839966
1789729872541089000,43.22908911132812,0.5194516181945801,-0.9970664978027344,0.5335394144058228
1789729872551026700,43.23902661132813,0.3269772529602051,-1.1827287673950195,0.4808715879917145
1789729872560964000,43.24896411132813,0.02438032627105713,-1.2544946670532227,0.43021097779273987
1789729872570901200,43.2589013671875,-0.3229018449783325,-1.226736068725586,0.46513035893440247
1789729872580837600,43.26883764648438,-0.6228179931640625,-1.240224838256836,0.4386744201183319
1789729872590774000,43.27877392578125,-0.8632316589355469,-1.4711074829101562,0.36602601408958435
1789729872600711000,43.2887109375,-0.813571572303772,-1.528909683227539,0.1994706094264984
1789729872610647800,43.298647705078125,-0.4477962255477905,-1.3423118591308594,0.050012052059173584
1789729872620585000,43.3085849609375,-0.20440220832824707,-1.2371320724487305,0.07215765118598938
1789729872630522400,43.3185224609375,-0.25177013874053955,-1.0174102783203125,0.004268944263458252
1789729872640460000,43.3284599609375,-0.548531711101532,-0.6114606857299805,-0.16748031973838806
1789729872650398500,43.3383984375,-0.7050763964653015,-0.19820022583007812,-0.26865220069885254
1789729872660336400,43.34833642578125,-0.7174153327941895,-0.054778099060058594,-0.2390764355659485
1789729872670273500,43.3582734375,-0.4390159249305725,-0.07316207885742188,-0.1678709089756012
1789729872680211000,43.3682109375,0.025844931602478027,-0.107666015625,-0.22227025032043457
1789729872690148000,43.37814819335937,0.3541213274002075,-0.20660114288330078,-0.35589131712913513
1789729872700085200,43.38808520507813,0.4999011754989624,-0.22218990325927734,-0.3780028522014618
1789729872710022100,43.398022216796875,0.5382528305053711,-0.06667900085449219,-0.33444368839263916
1789729872719959300,43.40795922851562,0.14813649654388428,0.1780385971069336,-0.2634923458099365
1789729872729896400,43.417896484375,-0.45641404390335083,0.4215250015258789,-0.2191939651966095
1789729872739833300,43.427833251953125,-0.8224692940711975,0.6407585144042969,-0.052109494805336
1789729872749771300,43.437771240234376,-0.7635540962219238,0.4994230270385742,0.15570732951164246
1789729872759708700,43.447708740234376,-0.4006791114807129,0.0295562744140625,0.32585641741752625
1789729872769646300,43.457646240234375,0.06507253646850586,-0.3836374282836914,0.33972275257110596
1789729872779583000,43.4675830078125,0.4350137710571289,-0.5139455795288086,0.3475825786590576
1789729872789520100,43.47752001953125,0.534049391746521,-0.5155820846557617,0.22009000182151794
1789729872799457800,43.48745776367188,0.15914535522460938,-0.19082069396972656,0.009749531745910645
1789729872809395500,43.4973955078125,-0.545925498008728,0.30267810821533203,-0.07230503112077713
1789729872819331600,43.50733154296875,-1.0961635112762451,0.7865095138549805,-0.12919777631759644
1789729872829268000,43.51726806640625,-1.1369788646697998,0.8960304260253906,-0.0938103049993515
1789729872839204600,43.52720458984375,-0.6837264895439148,0.6398277282714844,-0.05507804453372955
1789729872849141200,43.53714135742187,0.014076590538024902,0.24083900451660156,-0.05429479479789734
1789729872859078400,43.54707836914063,0.9145498275756836,-0.13896942138671875,0.06682717800140381
1789729872869016300,43.55701635742187,1.6510101556777954,-0.3844642639160156,0.34530484676361084
1789729872878954500,43.56695458984375,1.8739079236984253,-0.5244312286376953,0.5717685222625732
1789729872888892700,43.576892578125,1.572807788848877,-0.48632240295410156,0.6662755608558655
1789729872898830800,43.58683081054688,0.9317750930786133,-0.174957275390625,0.5872613191604614
1789729872908766700,43.5967666015625,0.11612451076507568,-0.03646278381347656,0.5618661642074585
1789729872918702800,43.60670288085937,-0.34356939792633057,-0.2573251724243164,0.4921953082084656
1789729872928639200,43.61663916015625,-0.22777938842773438,-0.6231689453125,0.477277934551239
1789729872938576600,43.62657666015625,0.030312776565551758,-1.0118799209594727,0.32468682527542114
1789729872948514300,43.636514404296875,0.050083160400390625,-1.170039176940918,0.18504798412322998
1789729872958452200,43.6464521484375,-0.15351569652557373,-1.157552719116211,0.13343937695026398
1789729872968390700,43.656390625,-0.46350598335266113,-1.1511497497558594,0.09990079700946808
1789729872978328600,43.66632861328125,-0.7645342350006104,-1.073958396911621,0.01244962215423584
1789729872988264700,43.6762646484375,-0.929300844669342,-0.9238157272338867,-0.11060889065265656
1789729872998202600,43.68620263671875,-1.0759570598602295,-0.8062515258789062,-0.30848458409309387
1789729873008139800,43.696139892578124,-1.1111912727355957,-0.6375131607055664,-0.5956251621246338
1789729873018077000,43.70607690429687,-1.0322173833847046,-0.42497825622558594,-0.8339752554893494
1789729873028014000,43.71601416015625,-0.9912631511688232,-0.1044321060180664,-0.9784093499183655
1789729873037951500,43.725951416015626,-1.0588726997375488,0.27868175506591797,-1.1001918315887451
1789729873047888000,43.73588793945312,-1.103084921836853,0.6290359497070312,-1.0926291942596436
1789729873057824300,43.74582421875,-1.060081124305725,0.9301729202270508,-1.013541340827942
1789729873067761200,43.75576123046875,-0.7959854602813721,1.1966028213500977,-0.9587347507476807
1789729873077698000,43.765697998046875,-0.1469409465789795,1.3152837753295898,-0.8373890519142151
1789729873087635200,43.77563525390625,0.6138856410980225,1.1368951797485352,-0.5187398195266724
1789729873097572900,43.78557275390625,1.1690959930419922,0.8563604354858398,-0.12214910984039307
1789729873107510800,43.7955107421875,1.5365734100341797,0.635075569152832,0.24867606163024902
1789729873117449000,43.80544897460938,1.6697378158569336,0.5532712936401367,0.5140973925590515
1789729873127386600,43.81538671875,1.6131656169891357,0.5391511917114258,0.6158322095870972
1789729873137323800,43.82532373046875,1.4847121238708496,0.45020294189453125,0.5746421813964844
1789729873147260200,43.83526025390625,1.3630046844482422,0.3499622344970703,0.45916908979415894
1789729873157196500,43.84519653320312,1.2471411228179932,0.33243560791015625,0.3182566165924072
1789729873167133200,43.85513330078125,1.068558692932129,0.3787069320678711,0.27954229712486267
1789729873177070300,43.8650703125,0.8140578269958496,0.41966915130615234,0.35410118103027344
1789729873187008300,43.87500830078125,0.8108000755310059,0.4506721496582031,0.4516749978065491
1789729873196946400,43.88494653320313,1.0061984062194824,0.2847576141357422,0.4726131856441498
1789729873206884400,43.89488427734375,1.0562633275985718,0.06524181365966797,0.3619355261325836
1789729873216821800,43.90482177734375,0.9723926782608032,-0.09321117401123047,0.23112556338310242
1789729873226759000,43.914759033203126,0.6221046447753906,-0.1711883544921875,0.17254357039928436
1789729873236696300,43.9246962890625,0.18187236785888672,-0.05577373504638672,0.0452602282166481
1789729873246633500,43.93463354492187,-0.04665780067443848,0.1670083999633789,-0.001978520303964615
1789729873256570600,43.94457055664063,-0.3242325782775879,0.33962059020996094,0.016924425959587097
1789729873266507800,43.9545078125,-0.7353030443191528,0.589385986328125,-0.04509258270263672
1789729873276445000,43.96444482421875,-1.0667338371276855,0.8522491455078125,-0.11124909669160843
1789729873286382000,43.97438208007812,-1.3297868967056274,1.150080680847168,-0.21415375173091888
1789729873296319700,43.98431982421875,-1.5006213188171387,1.4545507431030273,-0.12605594098567963
1789729873306257000,43.9942568359375,-1.1880087852478027,1.4405441284179688,0.1239398866891861
1789729873316194600,44.00419458007813,-0.6288853883743286,1.0605669021606445,0.34155774116516113
1789729873326131200,44.01413110351562,0.20108282566070557,0.5993223190307617,0.17844004929065704
1789729873336068000,44.02406811523438,0.9441481828689575,-0.049396514892578125,0.1529121994972229
1789729873346005200,44.034005126953126,1.4196405410766602,-0.606989860534668,0.18690121173858643
1789729873355942700,44.043942626953125,1.3836582899093628,-0.7833442687988281,0.1027798056602478
1789729873365880300,44.05388037109375,0.776126503944397,-0.4981536865234375,0.2279064655303955
1789729873375817700,44.063817626953124,-0.09720098972320557,0.09345149993896484,0.32862600684165955
1789729873385755000,44.0737548828125,-0.6194021701812744,0.43532657623291016,0.3953598141670227
1789729873395692300,44.0836923828125,-0.6965173482894897,0.6315650939941406,0.5377764105796814
1789729873405628700,44.093628662109374,-0.26174497604370117,0.9741497039794922,0.33711981773376465
1789729873415565000,44.10356494140625,0.26209568977355957,0.9868535995483398,-0.09138599038124084
1789729873425502000,44.113501953125,0.7582882046699524,0.5555639266967773,-0.1645856499671936
1789729873435438800,44.12343896484375,1.2252705097198486,0.018175125122070312,-0.0015117526054382324
1789729873445376000,44.1333759765625,1.6477570533752441,-0.3623056411743164,0.3297335207462311
1789729873455313400,44.1433134765625,1.9831466674804688,-0.9115962982177734,0.8038730621337891
1789729873465250800,44.153250732421874,2.0716516971588135,-1.5055809020996094,1.1481375694274902
1789729873475189000,44.16318896484375,1.7462475299835205,-1.7812271118164062,1.160035252571106
1789729873485127200,44.17312719726562,1.085991621017456,-1.9662890434265137,0.890311598777771
1789729873495064600,44.18306469726563,0.33974575996398926,-1.9555511474609375,0.5380983948707581
1789729873505001700,44.193001708984376,-0.5991078019142151,-1.5768489837646484,0.22035974264144897
1789729873514939100,44.202939208984375,-1.6681485176086426,-1.059762954711914,0.03969120979309082
1789729873524876000,44.2128759765625,-2.189903497695923,-0.6025485992431641,0.2945370078086853
1789729873534813700,44.22281372070312,-2.0868568420410156,-0.13344764709472656,0.5794994831085205
1789729873544750800,44.23275073242188,-1.6923635005950928,0.4909038543701172,0.6888896226882935
1789729873554688000,44.24268798828125,-1.3940553665161133,0.6800117492675781,0.4832747280597687
1789729873564625400,44.25262548828125,-0.7977899312973022,0.1696310043334961,0.08045946061611176
1789729873574562600,44.2625625,-0.10844135284423828,-0.43207836151123047,-0.09141704440116882
1789729873584499700,44.27249975585938,0.1451018899679184,-1.0991411209106445,-0.15831130743026733
1789729873594436900,44.282436767578126,-0.06758897006511688,-1.5186853408813477,-0.18680846691131592
1789729873604374000,44.2923740234375,-0.3642476201057434,-1.2135562896728516,-0.33600813150405884
1789729873614311200,44.30231127929687,-0.9579527974128723,-0.5606107711791992,-0.2545212507247925
1789729873624248300,44.31224829101563,-1.5435130596160889,0.03569602966308594,-0.23050835728645325
1789729873634186000,44.32218603515625,-1.9059358835220337,0.5326824188232422,-0.17550206184387207
1789729873644123400,44.33212329101563,-1.874530553817749,0.7036886215209961,-0.10710787773132324
1789729873654060500,44.342060546875,-1.415074110031128,0.5734386444091797,-0.08106169104576111
1789729873663997700,44.351997802734374,-0.7884284257888794,0.38393402099609375,-0.050099730491638184
1789729873673934800,44.36193481445312,-0.2898249328136444,0.1519336700439453,0.09777489304542542
1789729873683872300,44.37187231445313,0.29493582248687744,-0.08664512634277344,0.38439494371414185
1789729873693809400,44.381809326171876,0.6986902952194214,-0.3031425476074219,0.6488971710205078
1789729873703746600,44.39174658203125,0.7849792242050171,-0.4259910583496094,0.7272646427154541
1789729873713683700,44.40168359375,0.6608160734176636,-0.3742074966430664,0.5791394710540771
1789729873723620900,44.41162084960938,0.21168653666973114,-0.16495609283447266,0.3686509132385254
1789729873733558000,44.42155810546875,-0.3992170989513397,0.23489093780517578,0.12601806223392487
1789729873743495200,44.4314951171875,-0.8512133359909058,0.7078580856323242,-0.07539156079292297
1789729873753433000,44.44143310546875,-1.1449248790740967,1.0961475372314453,-0.15661779046058655
1789729873763370000,44.45136987304687,-1.151338815689087,1.4000825881958008,-0.10802146792411804
1789729873773307000,44.46130688476563,-0.7600008249282837,1.5101346969604492,0.043067216873168945
1789729873783243800,44.471243896484374,0.022762387990951538,1.2882566452026367,0.14825020730495453
1789729873793180700,44.4811806640625,0.8567192554473877,0.8617076873779297,0.3116515278816223
1789729873803118000,44.4911181640625,1.3207279443740845,0.2713651657104492,0.655858039855957
1789729873813055500,44.501055419921876,1.454223871231079,-0.22452449798583984,0.910730242729187
1789729873822993000,44.510992919921875,1.5119762420654297,-0.5738420486450195,0.9707531929016113
1789729873832930300,44.520930419921875,1.3365130424499512,-0.8894901275634766,0.7814449667930603
1789729873842867500,44.53086743164062,0.8813037872314453,-1.0210685729980469,0.4504179060459137
1789729873852805600,44.5408056640625,0.28918033838272095,-0.9450407028198242,0.2140507996082306
1789729873862742800,44.55074267578125,-0.5482680201530457,-0.6974334716796875,-0.05994716286659241
1789729873872680000,44.56067993164063,-1.2626309394836426,-0.3165264129638672,-0.26657187938690186
1789729873882617000,44.5706171875,-1.6412678956985474,-0.007770538330078125,-0.4355289340019226
1789729873892554200,44.58055419921875,-1.628246784210205,0.011859893798828125,-0.5678664445877075
1789729873902491600,44.59049169921875,-1.069800853729248,-0.29751014709472656,-0.6644534468650818
1789729873912428800,44.6004287109375,-0.1569385528564453,-0.6964511871337891,-0.7039647102355957
1789729873922366000,44.61036596679688,0.49531692266464233,-1.0347051620483398,-0.6807462573051453
1789729873932303000,44.62030322265625,0.815364420413971,-1.2387781143188477,-0.5839115977287292
1789729873942240300,44.630240234375,0.8983413577079773,-1.2303848266601562,-0.5299254059791565
1789729873952177400,44.64017749023437,0.6692407727241516,-1.1200017929077148,-0.5505695939064026
1789729873962114600,44.65011450195313,0.33212071657180786,-0.9507827758789062,-0.6770036816596985
1789729873972052000,44.660052001953126,0.1193234920501709,-0.7514629364013672,-0.817784309387207
1789729873981989000,44.669989013671874,-0.04759097099304199,-0.5100526809692383,-0.8474159240722656
1789729873991926300,44.67992626953125,-0.20336106419563293,-0.26218128204345703,-0.7532678842544556
1789729874001863400,44.68986352539063,-0.10400581359863281,-0.017210960388183594,-0.5681102275848389
1789729874011800600,44.699800537109375,-0.04506421089172363,0.18679332733154297,-0.3826131820678711
1789729874021737700,44.70973779296875,-0.01227879524230957,0.3501310348510742,-0.18730056285858154
1789729874031675000,44.7196748046875,0.18114495277404785,0.3247337341308594,-0.021282456815242767
1789729874041612000,44.72961206054688,0.509209394454956,0.14193439483642578,0.08694036304950714
1789729874051549400,44.73954956054688,0.895165741443634,-0.1862335205078125,0.25093182921409607
1789729874061486600,44.749486572265624,1.0010285377502441,-0.6405105590820312,0.42814376950263977
1789729874071423700,44.759423828125,0.9256546497344971,-1.0414981842041016,0.4797423183917999
1789729874081361200,44.76936108398438,0.6042853593826294,-1.253030776977539,0.4067094027996063
1789729874091298300,44.77929833984375,0.037209004163742065,-1.2084312438964844,0.2766875922679901
1789729874101235700,44.789235595703126,-0.5176763534545898,-0.9750022888183594,0.16126802563667297
1789729874111172900,44.7991728515625,-1.1242897510528564,-0.603179931640625,0.06641244888305664
1789729874121110300,44.8091103515625,-1.7393649816513062,-0.16231536865234375,0.0034888237714767456
1789729874131047700,44.81904760742187,-2.104783535003662,0.3046541213989258,0.23620352149009705
1789729874140984800,44.82898486328125,-2.033186197280884,0.7738361358642578,0.6188570857048035
1789729874150922200,44.838922119140626,-1.5425584316253662,0.8483552932739258,0.8569022417068481
1789729874160859400,44.848859375,-0.9555395841598511,0.710540771484375,0.740589439868927
1789729874170796800,44.858796875,-0.4571657180786133,0.5304031372070312,0.3798099756240845
1789729874180734000,44.86873388671875,-0.07791435718536377,0.3774127960205078,0.0167730450630188
1789729874190671400,44.87867138671875,0.2005370855331421,0.1798381805419922,-0.17163316905498505
1789729874200608500,44.8886083984375,0.27309173345565796,0.15035057067871094,-0.23953872919082642
1789729874210546000,44.8985458984375,0.10423129796981812,0.39348411560058594,-0.170615553855896
1789729874220483000,44.908483154296874,-0.3963221311569214,0.6768598556518555,-0.036270320415496826
1789729874230420500,44.91842041015625,-0.7236506938934326,1.0222291946411133,0.021348178386688232
1789729874240358000,44.92835791015625,-0.6835150718688965,1.2957830429077148,0.2321794033050537
1789729874250295000,44.938294921875,-0.2483031153678894,1.5690889358520508,0.5278720855712891
1789729874260232400,44.948232421875,0.24708092212677002,1.7051620483398438,0.9801856279373169
1789729874270169600,44.958169677734375,0.5043178796768188,1.7228164672851562,1.3255215883255005
1789729874280107000,44.96810693359375,0.6152613162994385,1.4932661056518555,1.449028491973877
1789729874290044200,44.97804418945312,0.898446798324585,0.8978786468505859,1.5331599712371826
1789729874299981600,44.98798168945312,1.2367830276489258,0.10006427764892578,1.5972836017608643
1789729874309918700,44.997918701171876,1.368954062461853,-0.5725154876708984,1.6002769470214844
1789729874319856400,45.0078564453125,1.1965830326080322,-1.0415143966674805,1.4416098594665527
1789729874329793500,45.01779345703125,0.7409235239028931,-1.214273452758789,1.188394546508789
1789729874339730700,45.02773071289062,0.21676695346832275,-1.1606378555297852,0.9426717162132263
1789729874349667800,45.03766772460938,-0.345861554145813,-0.9837512969970703,0.7022936940193176
1789729874359605200,45.04760522460938,-0.9091330766677856,-0.5855836868286133,0.4387914538383484
1789729874369542400,45.05754248046875,-1.4645655155181885,-0.09268951416015625,0.21011048555374146
1789729874379479600,45.0674794921875,-1.8280529975891113,0.1634378433227539,0.10588592290878296
1789729874389416700,45.07741674804687,-1.7092103958129883,0.07420539855957031,0.023102939128875732
1789729874399353900,45.08735375976563,-1.0114485025405884,-0.2542400360107422,0.09053778648376465
1789729874409291000,45.097291015625,-0.21554076671600342,-0.7596874237060547,0.32899653911590576
1789729874419228200,45.107228271484374,0.32088136672973633,-1.225111961364746,0.6604032516479492
1789729874429165300,45.11716528320313,0.6825085878372192,-1.4245033264160156,0.9113366603851318
1789729874439102700,45.12710278320313,0.728119969367981,-1.4358329772949219,0.9803853631019592
1789729874449040000,45.137039794921876,0.43531036376953125,-1.2026166915893555,0.908178448677063
1789729874458977300,45.146977294921875,-0.028335928916931152,-0.7731504440307617,0.7535402774810791
1789729874468915200,45.156915283203126,-0.5114632844924927,-0.23579692840576172,0.5809866189956665
1789729874478852400,45.166852294921874,-0.8105758428573608,0.16144180297851562,0.5416651368141174
1789729874488789500,45.17678955078125,-0.7416093945503235,0.30011749267578125,0.6151305437088013
1789729874498727000,45.18672680664063,-0.19570720195770264,0.2169208526611328,0.6830341219902039
1789729874508663800,45.196663818359376,0.39750075340270996,-0.06633472442626953,0.8567665219306946
1789729874518600700,45.2066005859375,0.8662217855453491,-0.29376983642578125,0.8310180902481079
1789729874528537600,45.21653759765625,1.0037424564361572,-0.363037109375,0.6794828176498413
1789729874538474500,45.226474609375,0.77256178855896,-0.3583087921142578,0.5014292001724243
1789729874548412000,45.23641186523437,0.38848352432250977,-0.33941078186035156,0.23156610131263733
1789729874558349300,45.24634936523437,0.11657345294952393,-0.4304313659667969,0.04863747954368591
1789729874568286500,45.25628637695313,0.1279815435409546,-0.6432008743286133,0.04880642890930176
1789729874578223900,45.26622387695313,0.18821704387664795,-0.7770528793334961,0.12222923338413239
1789729874588161300,45.27616137695313,-0.024411559104919434,-0.7152299880981445,0.10016021132469177
1789729874598098700,45.2860986328125,-0.41990506649017334,-0.5605096817016602,-0.1173795759677887
1789729874608036000,45.2960361328125,-0.7160845994949341,-0.2695131301879883,-0.5062614679336548
1789729874617973500,45.30597338867187,-1.0498859882354736,0.04089164733886719,-0.7196187376976013
1789729874627911400,45.315911376953125,-1.033419132232666,0.3710336685180664,-0.7275210022926331
1789729874637848300,45.32584838867187,-0.5921555161476135,0.6012048721313477,-0.5526366233825684
1789729874647785000,45.335784912109375,0.14423751831054688,0.692866325378418,-0.2888222932815552
1789729874657721900,45.34572192382812,0.8956221342086792,0.6312322616577148,-0.24758292734622955
1789729874667658800,45.35565869140625,1.3538671731948853,0.34442901611328125,-0.34317266941070557
1789729874677596000,45.365595947265625,1.5038093328475952,0.016576766967773438,-0.4663589596748352
1789729874687533000,45.37553295898437,1.399127721786499,-0.2522697448730469,-0.5444138646125793
1789729874697470700,45.385470703125,1.1391035318374634,-0.2616720199584961,-0.5445692539215088
1789729874707408400,45.39540844726562,0.7072955369949341,0.03822803497314453,-0.6612016558647156
1789729874717345800,45.405345703125,0.08921778202056885,0.44661998748779297,-0.7718542814254761
1789729874727284000,45.415283935546874,-0.6148364543914795,0.914179801940918,-0.8611648678779602
1789729874737220900,45.42522094726562,-0.9537715315818787,1.1332788467407227,-0.8010368347167969
1789729874747157500,45.435157470703125,-0.720423698425293,1.073624610900879,-0.5639342069625854
1789729874757094400,45.44509448242187,-0.1282065510749817,0.7809982299804688,-0.31567859649658203
1789729874767031300,45.45503125,0.4895963668823242,0.3795919418334961,-0.12667657434940338
1789729874776968400,45.464968505859375,0.9390141367912292,0.14122295379638672,0.07296401262283325
1789729874786905600,45.47490551757812,0.994091272354126,0.09367942810058594,0.1644258201122284
1789729874796843300,45.48484326171875,0.4746197462081909,0.20565032958984375,0.11278395354747772
1789729874806781000,45.49478100585937,-0.10216915607452393,0.39839744567871094,-0.026394695043563843
1789729874816718300,45.50471826171875,-0.4557849168777466,0.46419525146484375,-0.07724600285291672
1789729874826657300,45.5146572265625,-0.5306240916252136,0.4345226287841797,-0.061886850744485855
1789729874836592600,45.524592529296875,-0.545303463935852,0.41956329345703125,-0.02046571485698223
1789729874846528000,45.534528076171874,-0.5783282518386841,0.4217967987060547,0.08783067762851715
1789729874856464100,45.544464111328125,-0.44980794191360474,0.47234630584716797,0.20601297914981842
1789729874866400800,45.55440087890625,-0.2718127369880676,0.35132884979248047,0.36976417899131775
1789729874876338000,45.564337890625,0.03964000940322876,0.19290924072265625,0.5128370523452759
1789729874886275800,45.57427587890625,0.38703227043151855,0.0016984939575195312,0.6593295931816101
1789729874896214000,45.58421411132812,0.573752224445343,-0.24865245819091797,0.7474631667137146
1789729874906152700,45.594152587890626,0.7668096423149109,-0.5151233673095703,0.7963536381721497
1789729874916091400,45.60409130859375,0.967510461807251,-0.7167072296142578,0.726378858089447
1789729874926028800,45.61402880859375,1.0759631395339966,-0.6866750717163086,0.5379154086112976
1789729874935966000,45.62396606445313,0.7891581654548645,-0.44248485565185547,0.348579466342926
1789729874945903400,45.6339033203125,0.427978515625,0.1372966766357422,0.1327827423810959
1789729874955840300,45.64384033203125,-0.0010922551155090332,0.6554841995239258,0.10628686845302582
1789729874965777200,45.65377709960938,-0.1440933644771576,0.8785552978515625,0.19965463876724243
1789729874975714300,45.66371435546875,0.031033337116241455,0.7836818695068359,0.2532661557197571
1789729874985651700,45.673651611328125,0.6224169135093689,0.2713756561279297,0.3510833978652954
1789729874995589400,45.68358935546875,1.4179108142852783,-0.5022420883178711,0.6704307794570923
1789729875005526800,45.69352685546875,2.1798534393310547,-1.231088638305664,1.058038592338562
1789729875015464400,45.70346435546875,2.4345619678497314,-1.8344192504882812,1.3621591329574585
1789729875025401000,45.71340112304687,2.195085287094116,-2.123971939086914,1.4551620483398438
1789729875035338500,45.72333837890625,1.52200186252594,-2.1147398948669434,1.2265300750732422
1789729875045276000,45.73327587890625,0.32412323355674744,-1.878626823425293,0.7549730539321899
1789729875055213300,45.74321337890625,-1.0257692337036133,-1.5230951309204102,0.12247325479984283
1789729875065150500,45.753150390625,-2.0422956943511963,-1.1818370819091797,-0.3803025484085083
1789729875075087600,45.76308764648437,-2.3449716567993164,-0.9958658218383789,-0.6029105186462402
1789729875085024300,45.773024169921875,-2.1553244590759277,-0.996180534362793,-0.5770589709281921
1789729875094961000,45.7829609375,-1.917983889579773,-0.9699497222900391,-0.5115100741386414
1789729875104897800,45.792897705078126,-1.6035453081130981,-0.9007244110107422,-0.40676385164260864
1789729875114834700,45.80283471679687,-1.2149654626846313,-0.874720573425293,-0.21260413527488708
1789729875124772000,45.81277221679687,-0.8820615410804749,-0.6671895980834961,-0.0211651548743248
1789729875134709800,45.82270971679687,-0.8014308214187622,-0.34062862396240234,0.0710834264755249
1789729875144648200,45.832648193359375,-0.7411099672317505,0.03068828582763672,0.08208415657281876
1789729875154585900,45.8425859375,-0.47166600823402405,0.4610786437988281,-0.05508183315396309
1789729875164523300,45.852523193359374,-0.2384706288576126,0.8883066177368164,-0.32779258489608765
1789729875174460200,45.86246020507812,-0.11837858706712723,1.3195209503173828,-0.6432924866676331
1789729875184397000,45.87239697265625,-0.305806040763855,1.7068862915039062,-0.8931617140769958
1789729875194334200,45.882334228515624,-0.4180304706096649,1.9645776748657227,-0.9449772834777832
1789729875204271000,45.89227099609375,-0.05160880088806152,1.9592609405517578,-0.731908917427063
1789729875214208000,45.9022080078125,0.5357767343521118,1.670130729675293,-0.18459880352020264
1789729875224145200,45.912145263671874,1.1734347343444824,1.2769899368286133,0.4659266769886017
1789729875234082600,45.92208251953125,1.9899983406066895,0.8967266082763672,1.0450235605239868
1789729875244020000,45.93202001953125,2.417311191558838,0.5382251739501953,1.4505248069763184
1789729875253957400,45.94195727539063,2.504129409790039,0.30854129791259766,1.5845142602920532
1789729875263894800,45.95189477539063,2.2938859462738037,0.04231739044189453,1.516218900680542
1789729875273832200,45.96183227539063,1.8431854248046875,-0.1741323471069336,1.2696340084075928
1789729875283769600,45.97176953125,1.2232424020767212,-0.29988861083984375,0.8770270943641663
1789729875293707000,45.98170703125,0.52833491563797,-0.41342830657958984,0.49161186814308167
1789729875303644400,45.99164453125,-0.03977915644645691,-0.49756431579589844,0.21424314379692078
1789729875313581800,46.00158178710937,-0.25643008947372437,-0.5855264663696289,0.03714671730995178
1789729875323519200,46.01151928710937,-0.06925654411315918,-0.7561254501342773,-0.01498462911695242
1789729875333456400,46.02145629882813,0.4474271535873413,-1.0953311920166016,0.025602370500564575
1789729875343393800,46.03139379882813,0.9650301337242126,-1.3807992935180664,0.008401315659284592
1789729875353331000,46.0413310546875,1.3076910972595215,-1.5818662643432617,-0.050780802965164185
1789729875363268000,46.05126806640625,1.6471669673919678,-1.6823797225952148,-0.168071448802948
1789729875373205200,46.06120532226562,1.710550308227539,-1.5777387619018555,-0.3268487751483917
1789729875383142400,46.071142333984376,1.611986756324768,-1.270939826965332,-0.5072405338287354
1789729875393080300,46.08108032226563,1.203459620475769,-0.8077211380004883,-0.659358561038971
1789729875403017000,46.09101684570312,0.5346069931983948,-0.2931194305419922,-0.785153329372406
1789729875412953300,46.100953369140626,0.07260167598724365,0.20638275146484375,-0.9496060609817505
1789729875422890000,46.11088989257812,0.25394195318222046,0.4904003143310547,-0.8950291872024536
1789729875432827000,46.12082690429688,0.7262638807296753,0.4018669128417969,-0.6977229118347168
1789729875442763800,46.130763671875,1.3534748554229736,0.1711883544921875,-0.4481111764907837
1789729875452701200,46.140701171875,1.9707577228546143,-0.11058425903320312,-0.2040836662054062
1789729875462638600,46.150638671875,2.3440074920654297,-0.2763051986694336,0.02091987431049347
1789729875472576500,46.16057641601562,2.6663968563079834,-0.33849334716796875,0.18905037641525269
1789729875482514400,46.170514404296874,2.8040196895599365,-0.5081987380981445,0.26883986592292786
1789729875492452400,46.180452392578125,2.692812919616699,-0.6829366683959961,0.19046442210674286
1789729875502389800,46.1903896484375,2.4796950817108154,-0.7030801773071289,0.07075607776641846
1789729875512327200,46.2003271484375,2.1599364280700684,-0.7220783233642578,0.04957626760005951
1789729875522264300,46.21026440429687,1.735940933227539,-0.6367912292480469,-0.049851998686790466
1789729875532201500,46.22020141601563,1.4917640686035156,-0.5686769485473633,-0.16830839216709137
1789729875542138600,46.230138671875,1.626258134841919,-0.6440086364746094,-0.2011999934911728
1789729875552075800,46.24007568359375,1.7097251415252686,-0.7117795944213867,-0.18165719509124756
1789729875562013000,46.25001293945313,1.7322888374328613,-0.6524667739868164,-0.19252325594425201
1789729875571950000,46.2599501953125,1.7560791969299316,-0.46395015716552734,-0.19200699031352997
1789729875581887500,46.269887451171876,1.6591203212738037,-0.29225635528564453,-0.24060669541358948
1789729875591824600,46.27982470703125,1.690386176109314,-0.1540699005126953,-0.28327229619026184
1789729875601761800,46.28976171875,1.966843605041504,-0.07346725463867188,-0.261671781539917
1789729875611699000,46.29969897460938,2.3152832984924316,-0.07460212707519531,-0.08459846675395966
1789729875621636000,46.309635986328125,2.615445137023926,-0.08122920989990234,0.011817589402198792
1789729875631573200,46.3195732421875,2.7704436779022217,-0.05546855926513672,-0.010906055569648743
1789729875641510400,46.32951049804687,2.641831874847412,0.13642024993896484,-0.12953437864780426
1789729875651447600,46.33944750976563,2.214287281036377,0.5063877105712891,-0.35005682706832886
1789729875661385000,46.349385009765626,1.6932868957519531,1.0213308334350586,-0.47712403535842896
1789729875671322000,46.359322021484374,1.3359668254852295,1.4499139785766602,-0.4856857359409332
1789729875681259500,46.36925952148437,1.301710605621338,1.7426557540893555,-0.49601513147354126
1789729875691196700,46.37919677734375,1.5472047328948975,1.7686786651611328,-0.5055007934570312
1789729875701134000,46.38913403320313,2.126781702041626,1.3660001754760742,-0.4375089704990387
1789729875711071200,46.3990712890625,2.8172447681427,0.7068653106689453,-0.29578927159309387
1789729875721008600,46.409008544921875,3.307617664337158,-0.010985374450683594,-0.039912596344947815
1789729875730945800,46.41894580078125,3.376120090484619,-0.6307907104492188,0.2809058725833893
1789729875740883200,46.42888330078125,3.197542667388916,-1.0985822677612305,0.6795734167098999
1789729875750820400,46.4388203125,2.869095802307129,-1.3720026016235352,1.0713064670562744
1789729875760757800,46.4487578125,2.269223928451538,-1.3102970123291016,1.2909114360809326
1789729875770695000,46.45869482421875,1.3402929306030273,-0.9109439849853516,1.234604001045227
1789729875780632300,46.46863232421875,0.2149728536605835,-0.3262758255004883,0.9332022070884705
1789729875790569700,46.47856982421875,-0.7929118275642395,0.3943767547607422,0.5851657390594482
1789729875800507000,46.4885068359375,-1.537235975265503,1.0555610656738281,0.20850715041160583
1789729875810444300,46.4984443359375,-1.7527031898498535,1.2875385284423828,0.0010163187980651855
1789729875820381400,46.50838134765625,-1.06523859500885,1.0220613479614258,0.06696385145187378
1789729875830318800,46.51831884765625,0.07437598705291748,0.36975574493408203,0.5143468379974365
1789729875840256000,46.52825610351562,1.0831396579742432,-0.36316871643066406,0.9505615234375
1789729875850193400,46.538193359375,1.8549046516418457,-0.9286880493164062,1.283183217048645
1789729875860130600,46.54813061523438,2.2532291412353516,-1.4525766372680664,1.4617583751678467
1789729875870068000,46.55806787109375,2.1513900756835938,-1.8309040069580078,1.4177988767623901
1789729875880005000,46.568005126953125,1.703172206878662,-1.9667816162109375,1.1876156330108643
1789729875889942500,46.577942626953124,1.0003585815429688,-1.975693702697754,0.8496090769767761
1789729875899880000,46.5878798828125,0.2847611904144287,-1.8503270149230957,0.4940357804298401
1789729875909817000,46.59781713867188,-0.22694534063339233,-1.6929597854614258,0.2673271596431732
1789729875919754500,46.60775439453125,-0.6544393301010132,-1.4479122161865234,0.19382122159004211
1789729875929691600,46.617691650390626,-1.0840468406677246,-1.1528759002685547,0.1542983055114746
1789729875939629000,46.627629150390625,-1.2450218200683594,-0.941340446472168,0.1464642584323883
1789729875949566200,46.63756616210937,-1.1577039957046509,-0.908604621887207,0.1716574728488922
1789729875959504000,46.64750390625,-0.9660980105400085,-0.9037809371948242,0.20595476031303406
1789729875969441300,46.65744116210937,-0.799385666847229,-0.8504810333251953,0.20055964589118958
1789729875979378400,46.66737841796875,-0.848198652267456,-0.6654081344604492,0.12673714756965637
1789729875989314800,46.67731469726562,-1.178857445716858,-0.40399837493896484,-0.0076638758182525635
1789729875999251700,46.68725170898438,-1.4599971771240234,-0.16441059112548828,-0.2154514491558075
1789729876009188900,46.69718896484375,-1.5394259691238403,-0.0015497207641601562,-0.3738102912902832
1789729876019127000,46.707126953125,-1.5144108533859253,0.18274402618408203,-0.4887310266494751
1789729876029065000,46.71706494140625,-1.3609682321548462,0.3239250183105469,-0.62298983335495
1789729876039002000,46.72700219726563,-1.0321054458618164,0.41501522064208984,-0.7398202419281006
1789729876048939300,46.736939208984374,-0.4458456039428711,0.42029762268066406,-0.8409271836280823
1789729876058876400,46.74687646484375,0.17611676454544067,0.3517770767211914,-0.7604846358299255
1789729876068813600,46.7568134765625,0.6294583678245544,0.3240995407104492,-0.5938670635223389
1789729876078750700,46.766750732421876,0.7956842184066772,0.46117115020751953,-0.5284162759780884
1789729876088687900,46.77668798828125,0.639843761920929,0.8007411956787109,-0.5991559028625488
1789729876098625300,46.78662524414062,0.33122122287750244,1.330550193786621,-0.6860873699188232
1789729876108562400,46.7965625,0.18270891904830933,1.7111625671386719,-0.8191938400268555
1789729876118500400,46.80650024414062,0.47878456115722656,1.7256717681884766,-0.8413093090057373
1789729876128437500,46.8164375,1.020859718322754,1.520564079284668,-0.6780519485473633
1789729876138374700,46.826374755859376,1.465981364250183,1.442561149597168,-0.5504077672958374
1789729876148312000,46.83631201171875,1.6773734092712402,1.6082878112792969,-0.4913630187511444
1789729876158249200,46.84624926757812,1.7744697332382202,1.7736291885375977,-0.4133244752883911
1789729876168186400,46.85618627929688,1.9851174354553223,1.800149917602539,-0.2511526048183441
1789729876178123800,46.86612377929688,2.237781524658203,1.6547212600708008,-0.06702396273612976
1789729876188061200,46.87606127929688,2.5444869995117188,1.3423166275024414,0.1608532965183258
1789729876197998300,46.885998291015625,2.871528148651123,0.9513015747070312,0.35146671533584595
1789729876207935500,46.895935546875,3.091722249984741,0.5196304321289062,0.5343908071517944
1789729876217872600,46.90587255859375,3.2065930366516113,0.054139137268066406,0.6998542547225952
1789729876227809800,46.91580981445313,3.109516143798828,-0.3663597106933594,0.7601157426834106
1789729876237747000,46.925746826171874,2.917985439300537,-0.7488718032836914,0.6976889967918396
1789729876247684000,46.93568408203125,2.68865966796875,-1.1575803756713867,0.617412805557251
1789729876257621200,46.94562133789063,2.3946609497070312,-1.5322694778442383,0.5373309254646301
1789729876267558700,46.95555859375,2.010376214981079,-1.7387313842773438,0.32911375164985657
1789729876277495800,46.965495849609376,1.5193582773208618,-1.8008370399475098,0.07452920079231262
1789729876287433000,46.97543286132812,0.9053985476493835,-1.7473058700561523,-0.15140652656555176
1789729876297370000,46.9853701171875,0.3684144616127014,-1.6069622039794922,-0.36080673336982727
1789729876307307300,46.99530737304688,0.033242642879486084,-1.449319839477539,-0.46570223569869995
1789729876317244400,47.005244384765625,-0.028643906116485596,-1.4059524536132812,-0.48054373264312744
1789729876327181600,47.015181640625,0.13182449340820312,-1.4026851654052734,-0.42984288930892944
1789729876337119000,47.02511889648437,0.47713661193847656,-1.4157629013061523,-0.24896188080310822
1789729876347056000,47.03505615234375,0.921908438205719,-1.543355941772461,0.04178072512149811
1789729876356993500,47.04499365234375,1.4021332263946533,-1.7065372467041016,0.28526946902275085
1789729876366930700,47.0549306640625,1.7303028106689453,-1.7882075309753418,0.40458017587661743
1789729876376868000,47.0648681640625,1.969024658203125,-1.8483057022094727,0.5022055506706238
1789729876386805200,47.07480517578125,2.1355302333831787,-1.8677940368652344,0.5186147689819336
1789729876396742700,47.08474267578125,2.064162492752075,-1.8419265747070312,0.5013929605484009
1789729876406679800,47.0946796875,2.007126569747925,-1.734858512878418,0.3689091205596924
1789729876416617200,47.1046171875,1.8141474723815918,-1.565913200378418,0.34759390354156494
1789729876426554600,47.1145546875,1.55680251121521,-1.3113393783569336,0.309062659740448
1789729876436491800,47.12449169921875,1.3887810707092285,-1.030980110168457,0.28046098351478577
1789729876446429200,47.13442919921875,1.3761496543884277,-0.8061056137084961,0.23338323831558228
1789729876456366300,47.14436645507813,1.3883378505706787,-0.6772851943969727,0.1707601249217987
1789729876466303700,47.1543037109375,1.4455472230911255,-0.6228322982788086,0.10116174817085266
1789729876476241000,47.164240966796875,1.479940414428711,-0.5709600448608398,0.008392006158828735
1789729876486178300,47.17417822265625,1.3652182817459106,-0.5336132049560547,-0.022768527269363403
1789729876496115500,47.18411547851562,1.3227579593658447,-0.4485454559326172,-0.004321500658988953
1789729876506052900,47.19405297851562,1.2864795923233032,-0.34702587127685547,0.07432469725608826
1789729876515990000,47.203989990234376,1.1619938611984253,-0.25548648834228516,0.13799673318862915
1789729876525927400,47.213927490234376,0.9872844219207764,-0.07829761505126953,0.10622340440750122
1789729876535864800,47.22386474609375,0.79311603307724,0.1510791778564453,0.05996747314929962
1789729876545802000,47.23380200195312,0.8079899549484253,0.3371610641479492,0.04979489743709564
1789729876555739400,47.24373950195312,1.099855661392212,0.379730224609375,0.16078616678714752
1789729876565676500,47.25367651367188,1.4863466024398804,0.27897071838378906,0.312234103679657
1789729876575614000,47.26361401367188,1.7814277410507202,0.1258106231689453,0.38820910453796387
1789729876585551000,47.273551025390624,1.9611469507217407,0.025363922119140625,0.28379756212234497
1789729876595488500,47.283488525390624,2.0332436561584473,-0.00116729736328125,0.040977880358695984
1789729876605425700,47.29342578125,1.921313762664795,0.14626121520996094,-0.22734439373016357
1789729876615363000,47.30336303710938,1.510223388671875,0.5246562957763672,-0.5078759789466858
1789729876625300200,47.31330029296875,1.0190640687942505,0.9545326232910156,-0.7962880730628967
1789729876635237600,47.323237548828125,0.7132086753845215,1.2330131530761719,-1.0332365036010742
1789729876645175000,47.333175048828124,0.8103454113006592,1.4251079559326172,-1.250821590423584
1789729876655112700,47.34311279296875,1.1947510242462158,1.3158349990844727,-1.2130283117294312
1789729876665050000,47.35305004882812,1.4680684804916382,1.1016483306884766,-0.9746413826942444
1789729876674987500,47.36298754882812,1.579784870147705,0.7922534942626953,-0.6113094687461853
1789729876684924400,47.37292431640625,1.47597074508667,0.34947681427001953,-0.11671733856201172
1789729876694861600,47.382861572265625,1.2723093032836914,-0.10225772857666016,0.2607561945915222
1789729876704798700,47.392798828125,1.1245256662368774,-0.42191410064697266,0.5434057116508484
1789729876714736000,47.40273608398437,0.9474507570266724,-0.6241388320922852,0.6878707408905029
1789729876724673300,47.41267333984375,0.4597662687301636,-0.6205873489379883,0.5946969389915466
1789729876734611000,47.42261083984375,-0.24176765978336334,-0.523655891418457,0.42481306195259094
1789729876744548000,47.432548095703126,-0.9430643320083618,-0.47661495208740234,0.22656068205833435
1789729876754485200,47.4424853515625,-1.3958247900009155,-0.49115848541259766,0.022784918546676636
1789729876764422100,47.45242211914063,-1.4298679828643799,-0.5361385345458984,-0.11340056359767914
1789729876774359300,47.462359375,-1.1812970638275146,-0.6020498275756836,-0.17961692810058594
1789729876784296400,47.47229638671875,-0.8468910455703735,-0.6936912536621094,-0.22568999230861664
1789729876794233900,47.48223388671875,-0.5668082237243652,-0.6939878463745117,-0.2735586166381836
1789729876804171800,47.492171875,-0.35148903727531433,-0.6462392807006836,-0.3281954824924469
1789729876814109200,47.502109130859374,-0.19249598681926727,-0.5291109085083008,-0.3590037524700165
1789729876824046300,47.51204638671875,-0.07907524704933167,-0.39782047271728516,-0.344504177570343
1789729876833983500,47.5219833984375,-0.09179908037185669,-0.22622108459472656,-0.3778183162212372
1789729876843920600,47.531920654296876,-0.1381939947605133,0.01661396026611328,-0.45263341069221497
1789729876853858300,47.5418583984375,-0.1801338642835617,0.2660369873046875,-0.4484493136405945
1789729876863795500,47.55179541015625,-0.2011595070362091,0.39549732208251953,-0.36544373631477356
1789729876873732600,47.56173266601562,-0.13501250743865967,0.42455387115478516,-0.2156561017036438
1789729876883670000,47.571669921875,0.10207483172416687,0.40851688385009766,0.022922635078430176
1789729876893607700,47.58160766601563,0.36854779720306396,0.34988880157470703,0.3802679181098938
1789729876903544300,47.59154443359375,0.5541785955429077,0.26780033111572266,0.7064756155014038
1789729876913481000,47.60148095703125,0.5851253271102905,0.27206993103027344,0.8833388686180115
1789729876923417600,47.61141748046875,0.4651585817337036,0.26680564880371094,0.8330274224281311
1789729876933355000,47.62135498046875,0.33453887701034546,0.034590721130371094,0.6765263080596924
1789729876943292700,47.631292724609374,0.2232077717781067,-0.4478912353515625,0.4441583752632141
1789729876953231000,47.64123120117188,0.06095004081726074,-0.9528999328613281,0.17375022172927856
1789729876963168000,47.65116796875,-0.09276032447814941,-1.4228839874267578,-0.012476086616516113
1789729876973105000,47.66110498046875,-0.22650384902954102,-1.815018653869629,-0.10147607326507568
1789729876983042000,47.6710419921875,-0.3452107310295105,-2.0030713081359863,-0.24724620580673218
1789729876992979000,47.68097900390625,-0.47040751576423645,-1.975822925567627,-0.2191959023475647
1789729877002916000,47.690916015625,-0.561132550239563,-1.8751335144042969,0.015054702758789062
1789729877012853200,47.70085327148438,-0.5449745059013367,-1.6609077453613281,0.29990601539611816
1789729877022790700,47.710790771484376,-0.5595583915710449,-1.2763853073120117,0.5414721965789795
1789729877032728000,47.72072802734375,-0.830952525138855,-0.8724031448364258,0.6769459843635559
1789729877042665500,47.73066552734375,-1.209596872329712,-0.5298385620117188,0.6722363233566284
1789729877052603000,47.74060278320312,-1.4198548793792725,-0.2456512451171875,0.5477932691574097
1789729877062540300,47.75054028320312,-1.5680655241012573,-0.016783714294433594,0.3666383624076843
1789729877072477700,47.76047778320312,-1.5047763586044312,0.059281349182128906,0.24191641807556152
1789729877082415000,47.7704150390625,-1.2477185726165771,0.06187629699707031,0.1599177122116089
1789729877092352500,47.7803525390625,-1.0163530111312866,0.04851531982421875,0.07594335079193115
1789729877102290000,47.7902900390625,-0.8350077867507935,0.14102935791015625,-0.011138319969177246
1789729877112227300,47.800227294921875,-0.636803388595581,0.23867416381835938,-0.08555960655212402
1789729877122164500,47.81016455078125,-0.4027649760246277,0.3005962371826172,-0.11687374114990234
1789729877132102000,47.82010180664062,-0.0482904314994812,0.2549715042114258,-0.04568856954574585
1789729877142039000,47.8300390625,0.4395662546157837,-0.015414237976074219,0.13820385932922363
1789729877151976400,47.8399765625,1.023254632949829,-0.5104331970214844,0.37344712018966675
1789729877161913600,47.84991357421875,1.4903345108032227,-1.0458345413208008,0.6378883123397827
1789729877171850800,47.85985083007812,1.7289307117462158,-1.5977935791015625,0.8538281321525574
1789729877181788000,47.86978784179688,1.7250044345855713,-2.1066455841064453,0.9202662706375122
1789729877191725000,47.87972509765625,1.4356811046600342,-2.5461177825927734,0.7581508755683899
1789729877201662200,47.889662109375,1.0364570617675781,-2.853888511657715,0.5333135724067688
1789729877211599400,47.89959936523437,0.5828132629394531,-3.0729775428771973,0.3523217439651489
1789729877221536500,47.90953662109375,0.09145092964172363,-3.1030092239379883,0.11292529106140137
1789729877231474000,47.91947387695313,-0.4748666286468506,-2.896261215209961,-0.16636884212493896
1789729877241411000,47.9294111328125,-0.9332172870635986,-2.6129703521728516,-0.35124075412750244
1789729877251348200,47.93934814453125,-1.1464118957519531,-2.405935287475586,-0.4476110637187958
1789729877261285400,47.94928540039062,-1.060373306274414,-2.2580862045288086,-0.48915353417396545
1789729877271222500,47.959222412109376,-0.745638906955719,-2.162074089050293,-0.46393075585365295
1789729877281159700,47.96915966796875,-0.42849862575531006,-2.1464691162109375,-0.4556891918182373
1789729877291097000,47.97909716796875,-0.15210801362991333,-2.070085048675537,-0.5447022318840027
1789729877301034200,47.9890341796875,0.16089403629302979,-2.0095977783203125,-0.596786379814148
1789729877310971600,47.9989716796875,0.4604887366294861,-1.9389877319335938,-0.6496129035949707
1789729877320908800,48.00890869140625,0.6136361360549927,-1.758397102355957,-0.6927937269210815
1789729877330846200,48.01884619140625,0.5364248156547546,-1.4518442153930664,-0.7104324102401733
1789729877340783600,48.02878369140625,0.3127431869506836,-1.0796985626220703,-0.7226486802101135
1789729877350720800,48.038720703125,0.14297878742218018,-0.6806344985961914,-0.706510066986084
1789729877360658200,48.048658203125,0.10043299198150635,-0.2977466583251953,-0.657313883304596
1789729877370595300,48.05859521484375,0.0726780891418457,0.0954732894897461,-0.552476704120636
1789729877380532700,48.06853271484375,-0.054664015769958496,0.5448064804077148,-0.4606935977935791
1789729877390470000,48.078469970703125,-0.20535558462142944,1.014801025390625,-0.49926790595054626
1789729877400407300,48.0884072265625,-0.33620619773864746,1.4772329330444336,-0.5455248355865479
1789729877410344400,48.09834448242187,-0.4321296215057373,1.9134368896484375,-0.5575664043426514
1789729877420281900,48.10828173828125,-0.4264460802078247,2.2640438079833984,-0.560084879398346
1789729877430219000,48.118218994140626,-0.34628361463546753,2.4792699813842773,-0.612065315246582
1789729877440156400,48.128156494140626,-0.207983136177063,2.5476837158203125,-0.6720348000526428
1789729877450093800,48.13809375,0.07640290260314941,2.4386472702026367,-0.644709587097168
1789729877460031200,48.14803125,0.47996020317077637,2.114071846008301,-0.4561746120452881
1789729877469969000,48.157968994140624,0.9345526695251465,1.6502656936645508,-0.12997323274612427
1789729877479906600,48.167906494140624,1.3985401391983032,1.0777225494384766,0.28497931361198425
1789729877489844000,48.17784399414062,1.9073759317398071,0.5412187576293945,0.7178325653076172
1789729877499781000,48.18778100585938,2.3354759216308594,0.013014793395996094,1.100174903869629
1789729877509718500,48.19771850585938,2.5557284355163574,-0.43157386779785156,1.2899688482284546
1789729877519655700,48.20765576171875,2.5559332370758057,-0.7598934173583984,1.270914077758789
1789729877529592300,48.21759228515625,2.298647880554199,-0.9938573837280273,1.2330883741378784
1789729877539529500,48.22752954101563,1.7307380437850952,-1.106684684753418,1.019435167312622
1789729877549466600,48.237466552734375,0.9992014169692993,-1.035104751586914,0.6552320122718811
1789729877559403500,48.24740356445312,0.16559839248657227,-0.8567438125610352,0.3241908550262451
1789729877569341000,48.2573408203125,-0.49204838275909424,-0.6205043792724609,0.07721066474914551
1789729877579278000,48.26727807617188,-0.82521653175354,-0.48580169677734375,-0.07616093754768372
1789729877589215500,48.277215576171876,-0.8058648705482483,-0.5645885467529297,-0.10220915079116821
1789729877599153700,48.28715356445313,-0.50556480884552,-0.7754602432250977,-0.019186079502105713
1789729877609091300,48.29709130859375,-0.09324800968170166,-1.0471172332763672,0.08355182409286499
1789729877619028500,48.30702856445313,0.15853190422058105,-1.2940988540649414,0.1825689673423767
1789729877628966000,48.3169658203125,0.19336485862731934,-1.3806381225585938,0.14878451824188232
1789729877638903000,48.326903076171874,0.00047779083251953125,-1.3333969116210938,0.05515044927597046
1789729877648840400,48.33684033203125,-0.24313652515411377,-1.226658821105957,-0.00127410888671875
1789729877658777600,48.34677758789063,-0.6136733293533325,-1.1011848449707031,0.058183491230010986
1789729877668714800,48.35671484375,-1.053709626197815,-0.8803291320800781,0.0053160786628723145
1789729877678652000,48.36665185546875,-1.405727744102478,-0.6978530883789062,-0.1858157515525818
1789729877688589000,48.37658911132812,-1.5431071519851685,-0.5604286193847656,-0.41123098134994507
1789729877698526200,48.38652612304688,-1.3190650939941406,-0.4173011779785156,-0.4740479588508606
1789729877708463400,48.39646337890625,-0.9793059825897217,-0.4142122268676758,-0.27625560760498047
1789729877718400800,48.40640087890625,-0.4337288737297058,-0.2379741668701172,-0.1872330904006958
1789729877728338000,48.416337890625,0.04584181308746338,-0.08060359954833984,0.03167545795440674
1789729877738275600,48.426275634765624,0.34898674488067627,0.09082412719726562,0.28081202507019043
1789729877748213200,48.43621313476562,0.5151050090789795,0.30209922790527344,0.36692121624946594
1789729877758150400,48.446150390625,0.5421146154403687,0.6317405700683594,0.3519788682460785
1789729877768086300,48.45608618164062,0.290053129196167,1.0219793319702148,0.3255700469017029
1789729877778022100,48.46602221679687,-0.13428771495819092,1.5636825561523438,0.06413909792900085
1789729877787958800,48.475958740234375,-0.6877530813217163,2.1494083404541016,-0.1508951187133789
1789729877797895700,48.48589575195312,-1.0890207290649414,2.657825469970703,-0.33246079087257385
