time,seconds_elapsed,z,y,x
1789729829591396400,0.279396240234375,-0.11903978884220123,-0.10852061212062836,-0.01491326279938221
1789729829601357300,0.289357421875,-0.12756165862083435,-0.1255643367767334,-0.01384802907705307
1789729829611318000,0.299318115234375,-0.14567062258720398,-0.1362166702747345,-0.03834838792681694
1789729829621279000,0.309279052734375,-0.164844810962677,-0.12130340933799744,-0.07137060910463333
1789729829631241000,0.319240966796875,-0.18401899933815002,-0.09467258304357529,-0.10758853703737259
1789729829641222000,0.329221923828125,-0.20212796330451965,-0.06484606117010117,-0.14487169682979584
1789729829651203600,0.33920361328125,-0.21384553611278534,-0.031823836266994476,-0.16298064589500427
1789729829661200400,0.349200439453125,-0.2170412242412567,-0.004127778112888336,-0.15658925473690033
1789729829671215000,0.359215087890625,-0.2191716879606247,-0.005193010903894901,-0.1384802907705307
1789729829681234400,0.369234375,-0.2276935577392578,-0.037150003015995026,-0.12356702983379364
1789729829691275300,0.379275146484375,-0.23195448517799377,-0.06910699605941772,-0.10865376889705658
1789729829701316600,0.389316650390625,-0.2287587970495224,-0.10532491654157639,-0.10119713842868805
1789729829711364000,0.399364013671875,-0.22130216658115387,-0.13195574283599854,-0.08841434121131897
1789729829721411600,0.40941162109375,-0.2191716879606247,-0.14899946749210358,-0.06710968166589737
1789729829731217000,0.419216796875,-0.23088926076889038,-0.17136935889720917,-0.04367455467581749
1789729829741031200,0.42903125,-0.24367205798625946,-0.18095645308494568,-0.01491326279938221
1789729829750850600,0.4388505859375,-0.24686774611473083,-0.15006470680236816,0.01171756349503994
1789729829760673300,0.44867333984375,-0.24473728239536285,-0.10212921351194382,0.02556559257209301
1789729829770498800,0.458498779296875,-0.23621542751789093,-0.057389430701732635,0.02450035884976387
1789729829780326700,0.46832666015625,-0.22236739099025726,-0.020106272771954536,0.012782796286046505
1789729829790179800,0.478179931640625,-0.20532366633415222,-0.0009320789249613881,-0.0031956990715116262
1789729829800033500,0.488033447265625,-0.19041040539741516,-0.004127778112888336,-0.01704372838139534
1789729829809888300,0.49788818359375,-0.18295377492904663,-0.025432437658309937,-0.02450035884976387
1789729829819759000,0.507759033203125,-0.1744319051504135,-0.058454662561416626,-0.0213046595454216
1789729829829630200,0.517630126953125,-0.16164910793304443,-0.09041165560483932,-0.0021304660476744175
1789729829839504000,0.52750390625,-0.1446053832769394,-0.11171631515026093,0.03089175745844841
1789729829849380600,0.537380615234375,-0.12862688302993774,-0.12876003980636597,0.06710968166589737
1789729829859265000,0.54726513671875,-0.11477886140346527,-0.14260807633399963,0.09906667470932007
1789729829869149700,0.557149658203125,-0.09986559301614761,-0.14473854005336761,0.1267627328634262
1789729829879036000,0.567035888671875,-0.08495233207941055,-0.12876003980636597,0.14274121820926666
1789729829888926500,0.576926513671875,-0.07643046975135803,-0.11597724258899689,0.1384802907705307
1789729829898816800,0.586816650390625,-0.07536523789167404,-0.10745538026094437,0.11291470378637314
1789729829908710100,0.596710205078125,-0.07536523789167404,-0.10106398165225983,0.07669677585363388
1789729829926678800,0.6146787109375,-0.06098458915948868,-0.1149120107293129,0.0053261648863554
1789729829936615000,0.624614990234375,-0.06631075590848923,-0.12130340933799744,0.0005326165119186044
1789729829946552000,0.634552001953125,-0.07802832126617432,-0.10905323177576065,0.01704372838139534
1789729829956488200,0.64448828125,-0.0908111184835434,-0.09946613013744354,0.043141938745975494
1789729829966421000,0.6544208984375,-0.10306129604578018,-0.10106398165225983,0.07083799690008163
1789729829976354800,0.664354736328125,-0.11051792651414871,-0.09573781490325928,0.09746882319450378
1789729829986289400,0.674289306640625,-0.11424624174833298,-0.08668334037065506,0.12250179797410965
1789729829996225500,0.6842255859375,-0.12170287221670151,-0.07549838721752167,0.1496652364730835
1789729830006163000,0.694162841796875,-0.13927921652793884,-0.058454662561416626,0.1704372763633728
1789729830016101600,0.7041015625,-0.1536598652601242,-0.03874785080552101,0.1821548491716385
1789729830026040800,0.714040771484375,-0.15845340490341187,-0.02703028731048107,0.17842653393745422
1789729830035980300,0.723980224609375,-0.15898603200912476,-0.02916075475513935,0.16351327300071716
1789729830045915400,0.733915283203125,-0.1552577167749405,-0.03235645219683647,0.14007814228534698
1789729830055850800,0.743850830078125,-0.1430075317621231,-0.03288906812667847,0.11824086308479309
1789729830065786000,0.7537861328125,-0.1318225860595703,-0.033954303711652756,0.10439283400774002
1789729830075722200,0.76372216796875,-0.12436595559120178,-0.025432437658309937,0.11451254785060883
1789729830085658400,0.773658447265625,-0.12117026001214981,-0.012117025442421436,0.15339355170726776
1789729830095595300,0.78359521484375,-0.12809427082538605,-0.006790860556066036,0.20079642534255981
1789729830105532700,0.79353271484375,-0.13608351349830627,-0.011051792651414871,0.245536208152771
1789729830115470800,0.803470947265625,-0.1424749195575714,-0.015312724746763706,0.2780258059501648
1789729830125407700,0.81340771484375,-0.14886631071567535,-0.02276935614645481,0.2972000241279602
1789729830137844000,0.825843994140625,-0.14993155002593994,-0.019041040912270546,0.3174394369125366
1789729830147780600,0.835780517578125,-0.15632294118404388,-0.014780107885599136,0.3217003643512726
1789729830157717000,0.845717041015625,-0.16697527468204498,-0.011584409512579441,0.3419398069381714
1789729830167653400,0.8556533203125,-0.17869283258914948,-0.013714875094592571,0.37602725625038147
1789729830177589800,0.86558984375,-0.18827994167804718,-0.022236740216612816,0.4335498511791229
1789729830187529200,0.875529296875,-0.19041040539741516,-0.017975807189941406,0.5262250900268555
1789729830197468700,0.88546875,-0.1872147023677826,0.006524552125483751,0.63700932264328
1789729830207426300,0.89542626953125,-0.1850842386484146,0.026763979345560074,0.7328802943229675
1789729830217387000,0.905386962890625,-0.1861494779586792,0.037416309118270874,0.7967942953109741
1789729830227373300,0.915373291015625,-0.19147562980651855,0.034220609813928604,0.8298165202140808
1789729830237363200,0.92536328125,-0.20106273889541626,0.031024912372231483,0.8383383750915527
1789729830247355400,0.93535546875,-0.21064983308315277,0.041677240282297134,0.8351426720619202
1789729830257350400,0.945350341796875,-0.2170412242412567,0.07363422960042953,0.8383383750915527
1789729830267347000,0.955346923828125,-0.21491076052188873,0.10772168636322021,0.8521864414215088
1789729830277343500,0.965343505859375,-0.2191716879606247,0.12156971544027328,0.8766867518424988
1789729830287340000,0.975340087890625,-0.23728065192699432,0.15033100545406342,0.8937305212020874
1789729830297353500,0.985353515625,-0.25752007961273193,0.19933173060417175,0.8905348181724548
1789729830309339000,0.9973388671875,-0.28787922859191895,0.27549588680267334,0.7999899983406067
1789729830319149800,1.00714990234375,-0.29640108346939087,0.28721344470977783,0.7302172183990479
1789729830328973000,1.01697314453125,-0.3049229383468628,0.2989310026168823,0.6449986100196838
1789729830338825500,1.026825439453125,-0.31770575046539307,0.3021267056465149,0.5858781337738037
1789729830348701200,1.036701171875,-0.32942330837249756,0.2904091477394104,0.5693670511245728
1789729830358603500,1.046603515625,-0.32889068126678467,0.2786915898323059,0.6013240218162537
1789729830368535600,1.05653564453125,-0.3049229383468628,0.270169734954834,0.6631075739860535
1789729830378516500,1.0665166015625,-0.2692376375198364,0.26377832889556885,0.7382065057754517
1789729830388529200,1.076529052734375,-0.23515018820762634,0.2664414048194885,0.8015878796577454
1789729830398559700,1.086559814453125,-0.20212796330451965,0.27230018377304077,0.8447297811508179
1789729830408596200,1.09659619140625,-0.164844810962677,0.30585503578186035,0.8740236759185791
1789729830418532900,1.106532958984375,-0.12436595559120178,0.3442034125328064,0.8857412338256836
1789729830428469200,1.11646923828125,-0.08495233207941055,0.3740299344062805,0.8862738609313965
1789729830438405600,1.126405517578125,-0.05246272683143616,0.42196542024612427,0.8931978940963745
1789729830448342000,1.136342041015625,-0.030092833563685417,0.44540056586265564,0.89692622423172
1789729830458278400,1.1462783203125,-0.027962366119027138,0.4075847864151001,0.888404369354248
1789729830468214800,1.15621484375,-0.04234301298856735,0.34899696707725525,0.8750889301300049
1789729830478151400,1.1661513671875,-0.06151720881462097,0.3021267056465149,0.8596430420875549
1789729830488087800,1.176087890625,-0.07057169079780579,0.27230018377304077,0.8585777878761292
1789729830498024700,1.186024658203125,-0.06790860742330551,0.28348514437675476,0.8777520060539246
1789729830507960300,1.195960205078125,-0.05459319427609444,0.3207682967185974,0.8995893001556396
1789729830517896700,1.205896728515625,-0.03648423030972481,0.34633389115333557,0.9123721122741699
1789729830527833600,1.21583349609375,-0.022103585302829742,0.37243208289146423,0.9123721122741699
1789729830537770000,1.22577001953125,-0.017310036346316338,0.3995955288410187,0.8947957158088684
1789729830547706600,1.23570654296875,-0.012516488321125507,0.41450878977775574,0.8575125932693481
1789729830557643000,1.24564306640625,-0.013581721112132072,0.39107367396354675,0.8282186985015869
1789729830567579400,1.255579345703125,-0.011451254598796368,0.3436708152294159,0.8111749291419983
1789729830577515800,1.265515869140625,-0.006657706573605537,0.30638766288757324,0.8058487772941589
1789729830587452200,1.2754521484375,0.0050598569214344025,0.2685718834400177,0.8010552525520325
1789729830597388800,1.285388916015625,0.03169068321585655,0.2371474951505661,0.7957290410995483
1789729830607325200,1.2953251953125,0.06204982474446297,0.19773387908935547,0.7845441102981567
1789729830617261600,1.305261474609375,0.07430000603199005,0.1194392517209053,0.7584459185600281
1789729830627198000,1.315197998046875,0.08069140464067459,0.03049229457974434,0.7254236936569214
1789729830637134300,1.32513427734375,0.09187635034322739,-0.05579157918691635,0.6876079440116882
1789729830647070700,1.33507080078125,0.09613727778196335,-0.13728190958499908,0.6375419497489929
1789729830657006800,1.3450068359375,0.09240896254777908,-0.20385897159576416,0.5869433879852295
1789729830666943200,1.354943115234375,0.09240896254777908,-0.24007689952850342,0.5400731563568115
1789729830676879600,1.364879638671875,0.09986559301614761,-0.2752295732498169,0.4990616738796234
1789729830686816000,1.37481591796875,0.10199606418609619,-0.3151758313179016,0.46444159746170044
1789729830696752400,1.38475244140625,0.09400681406259537,-0.34233927726745605,0.42982152104377747
1789729830706689300,1.394689208984375,0.07643046975135803,-0.35565468668937683,0.38827744126319885
1789729830716626200,1.404626220703125,0.06364767253398895,-0.339676171541214,0.3387441039085388
1789729830726562600,1.4145625,0.06364767253398895,-0.27736005187034607,0.2892107665538788
1789729830736499000,1.4244990234375,0.07110430300235748,-0.19586972892284393,0.2338186502456665
1789729830746435300,1.434435302734375,0.06844121962785721,-0.13781452178955078,0.17469821870326996
1789729830756371700,1.444371826171875,0.05991935729980469,-0.10798799991607666,0.11877348273992538
1789729830766308000,1.45430810546875,0.05352795869112015,-0.09467258304357529,0.06870753318071365
1789729830776244500,1.464244384765625,0.05033225938677788,-0.09147688746452332,0.023967742919921875
1789729830786180900,1.474180908203125,0.05086487531661987,-0.09200949966907501,-0.0053261648863554
1789729830796117200,1.4841171875,0.05619104206562042,-0.08615072071552277,-0.016511112451553345
1789729830806053400,1.494053466796875,0.0588541254401207,-0.0936073511838913,-0.021837277337908745
1789729830815989800,1.50398974609375,0.05459319427609444,-0.12876003980636597,-0.030359141528606415
1789729830825926100,1.513926025390625,0.05246272683143616,-0.1580539494752884,-0.02876129187643528
1789729830835862500,1.523862548828125,0.04713656008243561,-0.1681736707687378,-0.021837277337908745
1789729830845799000,1.533798828125,0.023701434955000877,-0.18255430459976196,-0.026098208501935005
1789729830855735300,1.5437353515625,-0.008255556225776672,-0.19746756553649902,-0.04047885537147522
1789729830865671700,1.553671630859375,-0.03435376659035683,-0.18308693170547485,-0.0633813664317131
1789729830875608000,1.563608154296875,-0.05459319427609444,-0.14154283702373505,-0.10492545366287231
1789729830885544400,1.57354443359375,-0.07270215451717377,-0.08508548885583878,-0.15658925473690033
1789729830895481000,1.583481201171875,-0.08495233207941055,-0.009986559860408306,-0.20399212837219238
1789729830905417500,1.59341748046875,-0.09187635034322739,0.08268871158361435,-0.23168818652629852
1789729830915353900,1.603353759765625,-0.09347419440746307,0.17110306024551392,-0.23807957768440247
1789729830925290200,1.613290283203125,-0.08282186836004257,0.24620197713375092,-0.22156846523284912
1789729830935227000,1.623226806640625,-0.06204982474446297,0.3037245571613312,-0.1906767040491104
1789729830945163300,1.633163330078125,-0.03595161437988281,0.33994248509407043,-0.15073047578334808
1789729830955099600,1.643099609375,-0.014114337973296642,0.34100770950317383,-0.11131685227155685
1789729830965036300,1.653036376953125,-0.0018641578499227762,0.30585503578186035,-0.07935985922813416
1789729830974972700,1.66297265625,-0.0077229393646121025,0.24194104969501495,-0.05645735189318657
1789729830984909000,1.672908935546875,-0.019440501928329468,0.17802706360816956,-0.038881003856658936
1789729830994845400,1.682845458984375,-0.027429750189185143,0.13541774451732635,-0.0213046595454216
1789729831004782800,1.692782958984375,-0.030092833563685417,0.11091738939285278,-0.013315413147211075
1789729831014719500,1.702719482421875,-0.030092833563685417,0.08481918275356293,-0.0159784946590662
1789729831024656000,1.71265576171875,-0.016777420416474342,0.06138405203819275,-0.021837277337908745
1789729831034592300,1.72259228515625,0.009853405877947807,0.044872939586639404,-0.02876129187643528
1789729831044528600,1.732528564453125,0.031158065423369408,0.03528584539890289,-0.033554840832948685
1789729831054465000,1.742465087890625,0.04447348043322563,0.01877473294734955,-0.03728315606713295
1789729831064401400,1.7524013671875,0.05565842613577843,0.000665770610794425,-0.03089175745844841
1789729831074337800,1.762337890625,0.06844121962785721,-0.02489982172846794,-0.02023942768573761
1789729831084274200,1.772274169921875,0.07749570161104202,-0.06804175674915314,-0.0063913981430232525
1789729831094210600,1.78221044921875,0.08069140464067459,-0.12449911236763,0.01118494663387537
1789729831104146700,1.792146728515625,0.0801587849855423,-0.1793586164712906,0.03302222490310669
1789729831114083000,1.8020830078125,0.07270215451717377,-0.21610915660858154,0.05432688444852829
1789729831124019500,1.81201953125,0.05991935729980469,-0.22250054776668549,0.0745663121342659
1789729831133955800,1.821955810546875,0.0370168462395668,-0.21238084137439728,0.0846860259771347
1789729831143892200,1.831892333984375,0.006657706573605537,-0.21291345357894897,0.07350108027458191
1789729831153828600,1.84182861328125,-0.026897134259343147,-0.20439158380031586,0.0532616525888443
1789729831163765000,1.851764892578125,-0.05299534276127815,-0.16018441319465637,0.03089175745844841
1789729831173701400,1.861701416015625,-0.06737598776817322,-0.10692276805639267,0.007456631399691105
1789729831183638000,1.871637939453125,-0.0695064514875412,-0.055258963257074356,-0.01118494663387537
1789729831193574400,1.881574462890625,-0.05938674136996269,-0.0025299284607172012,-0.018641578033566475
1789729831203510800,1.8915107421875,-0.04660394415259361,0.03688369318842888,-0.02236989326775074
1789729831213447400,1.901447509765625,-0.03169068321585655,0.058720968663692474,-0.01438064593821764
1789729831223383800,1.9113837890625,-0.017310036346316338,0.0768299326300621,0.0053261648863554
1789729831233320200,1.9213203125,-0.00452724052593112,0.07629731297492981,0.027163442224264145
1789729831243256800,1.9312568359375,-0.00452724052593112,0.04753602296113968,0.044207170605659485
1789729831253193200,1.941193115234375,-0.008255556225776672,0.013981183059513569,0.058055199682712555
1789729831263129600,1.951129638671875,-0.011983871459960938,-0.007323476951569319,0.06551183015108109
1789729831273066000,1.96106591796875,-0.014646953903138638,-0.02703028731048107,0.060185667127370834
1789729831283002600,1.971002685546875,-0.017310036346316338,-0.033954303711652756,0.051663801074028015
1789729831292939000,1.98093896484375,-0.019973119720816612,-0.033954303711652756,0.03728315606713295
1789729831302875400,1.99087548828125,-0.0370168462395668,-0.04407401755452156,0.015445878729224205
1789729831312812000,2.00081201171875,-0.0583215095102787,-0.060585130006074905,-0.012250179424881935
1789729831322748400,2.01074853515625,-0.07216953486204147,-0.06537867337465286,-0.035685304552316666
1789729831332684800,2.020684814453125,-0.08175663650035858,-0.05898727849125862,-0.05432688444852829
1789729831342621200,2.03062109375,-0.09773512929677963,-0.06697652488946915,-0.07190322875976562
1789729831352557800,2.040557861328125,-0.11424624174833298,-0.08881380409002304,-0.08788172155618668
1789729831362494200,2.050494140625,-0.12543119490146637,-0.09946613013744354,-0.10119713842868805
1789729831372430600,2.0604306640625,-0.12969212234020233,-0.09094426780939102,-0.11344731599092484
1789729831382367200,2.0703671875,-0.12649641931056976,-0.06750914454460144,-0.1177082508802414
1789729831392303600,2.0803037109375,-0.10945269465446472,-0.039813082665205,-0.11504516750574112
1789729831402240000,2.090239990234375,-0.08761541545391083,-0.020106272771954536,-0.10492545366287231
1789729831412176400,2.10017626953125,-0.06364767253398895,-0.005193010903894901,-0.09214265644550323
1789729831422113000,2.110113037109375,-0.03169068321585655,0.015046416781842709,-0.07030537724494934
1789729831432049400,2.12004931640625,0.009320789016783237,0.04647079110145569,-0.04154408723115921
1789729831441985800,2.12998583984375,0.04979964345693588,0.07949301600456238,-0.006924014538526535
1789729831451922400,2.13992236328125,0.08388710021972656,0.08055824786424637,0.02876129187643528
1789729831461858800,2.14985888671875,0.10998530685901642,0.04860125854611397,0.06178351491689682
1789729831471795200,2.159795166015625,0.12596380710601807,0.004926702938973904,0.09001219272613525
1789729831481731600,2.169731689453125,0.1339530497789383,-0.04993279650807381,0.1065233051776886
1789729831491668200,2.179668212890625,0.13927921652793884,-0.09147688746452332,0.10758853703737259
1789729831501604600,2.1896044921875,0.14140968024730682,-0.09999874979257584,0.09800143539905548
1789729831511541000,2.199541015625,0.13501828908920288,-0.09573781490325928,0.07137060910463333
1789729831521477600,2.2094775390625,0.12063764035701752,-0.08934641629457474,0.035685304552316666
1789729831531414000,2.2194140625,0.10359390825033188,-0.09573781490325928,0.004260932095348835
1789729831541350400,2.229350341796875,0.08814803510904312,-0.11970555782318115,-0.012782796286046505
1789729831551287000,2.239287109375,0.07749570161104202,-0.12769481539726257,-0.004260932095348835
1789729831561223400,2.249223388671875,0.06471290439367294,-0.11118369549512863,0.0079892473295331
1789729831571159800,2.259159912109375,0.04979964345693588,-0.08561810106039047,0.01118494663387537
1789729831581096200,2.26909619140625,0.03648423030972481,-0.03342168778181076,0.009587096981704235
1789729831591032800,2.27903271484375,0.022636201232671738,0.01770949922502041,-0.01384802907705307
1789729831600969200,2.28896923828125,0.0034620072692632675,0.04114462435245514,-0.05752258375287056
1789729831610905600,2.298905517578125,-0.014114337973296642,0.061916667968034744,-0.09374050796031952
1789729831620842200,2.30884228515625,-0.022636201232671738,0.066177599132061,-0.1278279572725296
1789729831630778600,2.318778564453125,-0.022103585302829742,0.05392742156982422,-0.15179570019245148
1789729831640715000,2.328715087890625,-0.018375270068645477,0.040612008422613144,-0.15605664253234863
1789729831650652400,2.33865234375,-0.016244804486632347,0.031024912372231483,-0.14061075448989868
1789729831660588800,2.3485888671875,-0.023168819025158882,0.02623136341571808,-0.11344731599092484
1789729831670525200,2.358525146484375,-0.03275591507554054,0.015046416781842709,-0.09161003679037094
1789729831680461800,2.3684619140625,-0.04021254554390907,-0.0030625448562204838,-0.08308817446231842
1789729831690397400,2.3783974609375,-0.04287562891840935,-0.004660394508391619,-0.08308817446231842
1789729831700333300,2.388333251953125,-0.03648423030972481,0.019307348877191544,-0.08681648969650269
1789729831710269700,2.398269775390625,-0.025831900537014008,0.03901416063308716,-0.09267527610063553
1789729831720206300,2.408206298828125,-0.020505735650658607,0.04007939249277115,-0.10332760214805603
1789729831730143200,2.418143310546875,-0.021570969372987747,0.02942706272006035,-0.12090394645929337
1789729831740080600,2.42808056640625,-0.025831900537014008,0.011850717477500439,-0.13688243925571442
1789729831750017000,2.43801708984375,-0.03222329914569855,-0.014780107885599136,-0.14433906972408295
1789729831759953400,2.447953369140625,-0.04021254554390907,-0.03448691964149475,-0.1390129029750824
1789729831769890300,2.457890380859375,-0.0482017956674099,-0.03235645219683647,-0.12516488134860992
1789729831779826000,2.467825927734375,-0.05406057462096214,-0.02063889056444168,-0.1070559173822403
1789729831789761300,2.47776123046875,-0.0583215095102787,-0.008921326138079166,-0.08841434121131897
1789729831799697200,2.487697265625,-0.05352795869112015,-0.001997311832383275,-0.07243584841489792
1789729831809633300,2.49763330078125,-0.04607132822275162,-0.001997311832383275,-0.0639139786362648
1789729831819569700,2.507569580078125,-0.0375494658946991,-0.004127778112888336,-0.0644465982913971
1789729831829506300,2.51750634765625,-0.029560215771198273,-0.015312724746763706,-0.0745663121342659
1789729831839443200,2.527443115234375,-0.023168819025158882,-0.031823836266994476,-0.08947957307100296
1789729831849380400,2.53738037109375,-0.019973119720816612,-0.043541401624679565,-0.10758853703737259
1789729831859317200,2.547317138671875,-0.023168819025158882,-0.04940018057823181,-0.12037133425474167
1789729831869254400,2.55725439453125,-0.03328853100538254,-0.05259587988257408,-0.13528458774089813
1789729831879190800,2.567190673828125,-0.04340824484825134,-0.04300878196954727,-0.14487169682979584
1789729831889127400,2.57712744140625,-0.04979964345693588,-0.008388710208237171,-0.14646953344345093
1789729831899063800,2.587063720703125,-0.06045197322964668,0.03262276202440262,-0.14487169682979584
1789729831909000200,2.597000244140625,-0.07962616533041,0.06138405203819275,-0.15605664253234863
1789729831918936800,2.606936767578125,-0.09507204592227936,0.07523208111524582,-0.17523083090782166
1789729831928874500,2.61687451171875,-0.1014634445309639,0.07949301600456238,-0.19653549790382385
1789729831938808300,2.626808349609375,-0.10039821267127991,0.07203638553619385,-0.2114487588405609
1789729831948742700,2.63674267578125,-0.09613727778196335,0.04966649040579796,-0.21730753779411316
1789729831958677200,2.64667724609375,-0.08495233207941055,0.019307348877191544,-0.20878566801548004
1789729831968612900,2.65661279296875,-0.07216953486204147,-0.014247491955757141,-0.18801362812519073
1789729831978549500,2.666549560546875,-0.0583215095102787,-0.04513924941420555,-0.16511112451553345
1789729831988486700,2.676486572265625,-0.04394086077809334,-0.06484606117010117,-0.1374150663614273
1789729831998424600,2.686424560546875,-0.027962366119027138,-0.059519894421100616,-0.10545806586742401
1789729832008363300,2.69636328125,-0.014114337973296642,-0.044606633484363556,-0.0750989317893982
1789729832018301200,2.70630126953125,-0.0061250897124409676,-0.03555215150117874,-0.055924732238054276
1789729832028237800,2.71623779296875,-0.002929390873759985,-0.02276935614645481,-0.0426093190908432
1789729832038174200,2.72617431640625,0.002929390873759985,-0.010519175790250301,-0.03515268862247467
1789729832048110600,2.736110595703125,0.012516488321125507,-0.004660394508391619,-0.037815771996974945
1789729832058047000,2.746046875,0.024766668677330017,-0.001997311832383275,-0.049533337354660034
1789729832067983600,2.755983642578125,0.0375494658946991,-0.008921326138079166,-0.06497921794652939
1789729832077919700,2.765919677734375,0.0482017956674099,-0.022236740216612816,-0.07243584841489792
1789729832087856400,2.7758564453125,0.05991935729980469,-0.02596505545079708,-0.0639139786362648
1789729832097793000,2.78579296875,0.07216953486204147,-0.030758604407310486,-0.049533337354660034
1789729832107729400,2.7957294921875,0.08601756393909454,-0.03235645219683647,-0.025032976642251015
1789729832117665800,2.805665771484375,0.10039821267127991,-0.016910573467612267,0.0079892473295331
1789729832127602200,2.815602294921875,0.10465914756059647,-0.008388710208237171,0.0319569893181324
1789729832137538800,2.825538818359375,0.09986559301614761,-0.015312724746763706,0.03302222490310669
1789729832147475200,2.83547509765625,0.09400681406259537,-0.015312724746763706,0.016511112451553345
1789729832157412000,2.845412109375,0.09134373068809509,-0.006258244160562754,-0.0037283156998455524
1789729832167347700,2.85534765625,0.0902784988284111,0.004394086077809334,-0.01704372838139534
1789729832177283300,2.865283447265625,0.09400681406259537,0.0011983871227130294,-0.027163442224264145
1789729832187219200,2.87521923828125,0.1014634445309639,-0.015845341607928276,-0.02982652559876442
1789729832197155000,2.885155029296875,0.11318100988864899,-0.027562905102968216,-0.020772043615579605
1789729832207091500,2.895091552734375,0.12063764035701752,-0.03608476743102074,-0.0079892473295331
1789729832217028000,2.905028076171875,0.12330072373151779,-0.04513924941420555,0.007456631399691105
1789729832226965000,2.914965087890625,0.12117026001214981,-0.03768261894583702,0.032489608973264694
1789729832236902100,2.924902099609375,0.11371362209320068,-0.016910573467612267,0.058055199682712555
1789729832246839600,2.934839599609375,0.09560466557741165,-0.007323476951569319,0.07616416364908218
1789729832256776200,2.944776123046875,0.07802832126617432,-0.007856093347072601,0.08894696086645126
1789729832266712000,2.954712158203125,0.06684337556362152,-0.0009320789249613881,0.0958709716796875
1789729832276647700,2.964647705078125,0.05725627392530441,0.009187635034322739,0.09480573982000351
1789729832286583800,2.974583740234375,0.0482017956674099,0.009720250964164734,0.08149032294750214
1789729832296520400,2.9845205078125,0.04074516147375107,0.00226362026296556,0.05965305119752884
1789729832306457000,2.99445703125,0.03328853100538254,-0.006790860556066036,0.033554840832948685
1789729832316394000,3.00439404296875,0.021038351580500603,-0.024367205798625946,0.010119713842868805
1789729832326331400,3.014331298828125,0.00719032296910882,-0.04194355010986328,-0.0015978495357558131
1789729832336268500,3.0242685546875,-0.008788172155618668,-0.043541401624679565,0.0079892473295331
1789729832346204000,3.034203857421875,-0.024234050884842873,-0.02276935614645481,0.036750540137290955
1789729832356139300,3.04413916015625,-0.03435376659035683,0.0001331541279796511,0.06924014538526535
1789729832366075000,3.054074951171875,-0.03595161437988281,0.015579032711684704,0.09001219272613525
1789729832376010800,3.0640107421875,-0.025831900537014008,0.02303566411137581,0.0958709716796875
1789729832385948200,3.0739482421875,-0.009320789016783237,0.027829213067889214,0.09214265644550323
1789729832395885600,3.083885498046875,0.002929390873759985,0.01983996480703354,0.07669677585363388
1789729832405823000,3.093822998046875,0.006657706573605537,-0.00359516148455441,0.0532616525888443
1789729832415759600,3.103759521484375,0.008255556225776672,-0.02809552103281021,0.025032976642251015
1789729832425696000,3.113696044921875,0.010386021807789803,-0.05259587988257408,0.0031956990715116262
1789729832435632400,3.12363232421875,0.013049104250967503,-0.06963960826396942,-0.00585878174751997
1789729832445569000,3.133569091796875,0.013049104250967503,-0.08348763734102249,-0.004260932095348835
1789729832455505400,3.14350537109375,0.00719032296910882,-0.09200949966907501,0.007456631399691105
1789729832465441300,3.153441162109375,-0.0018641578499227762,-0.06697652488946915,0.031424373388290405
1789729832475377000,3.163376953125,-0.011983871459960938,-0.007856093347072601,0.06071828305721283
1789729832485313000,3.17331298828125,-0.030625449493527412,0.04753602296113968,0.08308817446231842
1789729832495249200,3.183249267578125,-0.04607132822275162,0.0768299326300621,0.09320788830518723
1789729832505185500,3.193185546875,-0.05565842613577843,0.08641702681779861,0.08894696086645126
1789729832515122200,3.2031220703125,-0.06204982474446297,0.1205044835805893,0.08255556225776672
1789729832525059000,3.21305908203125,-0.0695064514875412,0.1423417627811432,0.07563154399394989
1789729832534996000,3.222995849609375,-0.08495233207941055,0.1205044835805893,0.05965305119752884
1789729832544932900,3.232932861328125,-0.11477886140346527,0.06777545064687729,0.03941362351179123
1789729832554870000,3.2428701171875,-0.1552577167749405,0.011850717477500439,0.02023942768573761
1789729832564806400,3.252806396484375,-0.1968017965555191,-0.02703028731048107,0.0021304660476744175
1789729832574742500,3.262742431640625,-0.22716094553470612,-0.048867564648389816,-0.02556559257209301
1789729832584679000,3.272678955078125,-0.2383458912372589,-0.04993279650807381,-0.05432688444852829
1789729832594615000,3.282614990234375,-0.22662831842899323,-0.008388710208237171,-0.08042509108781815
1789729832604551200,3.29255126953125,-0.19893226027488708,0.04434032365679741,-0.11025162041187286
1789729832614487600,3.302487548828125,-0.1659100502729416,0.06937330216169357,-0.1390129029750824
1789729832624424000,3.312423828125,-0.12702903151512146,0.07043853402137756,-0.16138280928134918
1789729832634360800,3.32236083984375,-0.08175663650035858,0.061916667968034744,-0.17629607021808624
1789729832644298200,3.33229833984375,-0.024234050884842873,0.036351077258586884,-0.18428531289100647
1789729832654234600,3.342234619140625,0.04021254554390907,-0.006258244160562754,-0.18748101592063904
1789729832664169700,3.352169677734375,0.10359390825033188,-0.06378082931041718,-0.18535055220127106
1789729832674105000,3.36210498046875,0.16218173503875732,-0.11970555782318115,-0.17363297939300537
1789729832684040700,3.372040771484375,0.2085193693637848,-0.17456506192684174,-0.15552401542663574
1789729832693976800,3.381976806640625,0.24313943088054657,-0.2209026962518692,-0.13049104809761047
1789729832703913500,3.39191357421875,0.26391148567199707,-0.2315550297498703,-0.09480573982000351
1789729832713850400,3.401850341796875,0.2708354890346527,-0.2102503627538681,-0.05858781561255455
1789729832723787800,3.411787841796875,0.26763978600502014,-0.18628261983394623,-0.03089175745844841
1789729832733725200,3.42172509765625,0.26604193449020386,-0.15965180099010468,-0.012782796286046505
1789729832743663400,3.431663330078125,0.2612484097480774,-0.12822742760181427,0.0005326165119186044
1789729832753599000,3.441598876953125,0.2388785034418106,-0.11224892735481262,0.0037283156998455524
1789729832763534800,3.451534912109375,0.1968017965555191,-0.12077079713344574,-0.004260932095348835
1789729832773470700,3.461470703125,0.13927921652793884,-0.1351514458656311,-0.018641578033566475
1789729832783406600,3.471406494140625,0.0689738392829895,-0.13994498550891876,-0.03941362351179123
1789729832793343200,3.48134326171875,-0.016777420416474342,-0.1351514458656311,-0.06817491352558136
1789729832803280100,3.491280029296875,-0.09347419440746307,-0.10532491654157639,-0.09906667470932007
1789729832813217000,3.501217041015625,-0.14886631071567535,-0.039813082665205,-0.12516488134860992
1789729832823154200,3.511154296875,-0.1866820901632309,0.03848154470324516,-0.1480673849582672
1789729832833091000,3.521091064453125,-0.21064983308315277,0.11038476973772049,-0.16777420043945312
1789729832843027500,3.53102734375,-0.22556309401988983,0.1625811904668808,-0.17629607021808624
1789729832852964000,3.540964111328125,-0.22556309401988983,0.19666863977909088,-0.17363297939300537
1789729832862900500,3.550900390625,-0.21171505749225616,0.20785360038280487,-0.15658925473690033
1789729832872836900,3.5608369140625,-0.18881255388259888,0.18921200931072235,-0.13102366030216217
1789729832882773500,3.5707734375,-0.15898603200912476,0.14873315393924713,-0.09853405505418777
1789729832892710000,3.5807099609375,-0.12649641931056976,0.09600412845611572,-0.06764229387044907
1789729832902646300,3.590646240234375,-0.08761541545391083,0.03954677656292915,-0.047402869910001755
1789729832912583000,3.6005830078125,-0.03808208182454109,-0.006258244160562754,-0.034620072692632675
1789729832922518500,3.6105185546875,0.016244804486632347,-0.033954303711652756,-0.02343512699007988
1789729832932454100,3.6204541015625,0.07057169079780579,-0.040345702320337296,-0.012782796286046505
1789729832942390000,3.63039013671875,0.11637670546770096,-0.03874785080552101,-0.00585878174751997
1789729832952326100,3.640326171875,0.15738818049430847,-0.037150003015995026,0.0021304660476744175
1789729832962262500,3.650262451171875,0.19147562980651855,-0.033954303711652756,0.012782796286046505
1789729832972199400,3.660199462890625,0.2170412242412567,-0.029693370684981346,0.02556559257209301
1789729832982136300,3.67013623046875,0.23248711228370667,-0.03874785080552101,0.034620072692632675
1789729832992073500,3.680073486328125,0.24367205798625946,-0.048867564648389816,0.045272402465343475
1789729833002011100,3.69001123046875,0.2521939277648926,-0.06271559745073318,0.05539211630821228
1789729833011947500,3.699947509765625,0.24686774611473083,-0.08934641629457474,0.0633813664317131
1789729833021884000,3.7098837890625,0.2170412242412567,-0.12982527911663055,0.06071828305721283
1789729833031820300,3.7198203125,0.16857312619686127,-0.1671084314584732,0.0532616525888443
1789729833041757200,3.729757080078125,0.1115831583738327,-0.16231487691402435,0.0532616525888443
1789729833051693000,3.739693115234375,0.03967992961406708,-0.10692276805639267,0.053794268518686295
1789729833061629000,3.74962890625,-0.05352795869112015,-0.04993279650807381,0.030359141528606415
1789729833071564800,3.759564697265625,-0.14194230735301971,-0.012117025442421436,-0.023967742919921875
1789729833081501200,3.769501220703125,-0.1957365721464157,0.03262276202440262,-0.09320788830518723
1789729833091438000,3.77943798828125,-0.21650861203670502,0.08694964647293091,-0.16351327300071716
1789729833101374700,3.789374755859375,-0.21224768459796906,0.1300915777683258,-0.22156846523284912
1789729833111311600,3.7993115234375,-0.1866820901632309,0.15885287523269653,-0.2600499987602234
1789729833121249300,3.809249267578125,-0.1446053832769394,0.19933173060417175,-0.2605826258659363
1789729833131184400,3.819184326171875,-0.09294158220291138,0.2483324557542801,-0.22423155605793
1789729833141120000,3.8291201171875,-0.03861469775438309,0.27656111121177673,-0.16670896112918854
1789729833151056400,3.839056396484375,0.013049104250967503,0.2776263654232025,-0.09746882319450378
1789729833160992800,3.84899267578125,0.05512581020593643,0.24513675272464752,-0.027163442224264145
1789729833170929400,3.858929443359375,0.08761541545391083,0.17962491512298584,0.038881003856658936
1789729833180866300,3.8688662109375,0.10572437942028046,0.12103710323572159,0.10066451877355576
1789729833190803700,3.8788037109375,0.10359390825033188,0.07949301600456238,0.1395455300807953
1789729833200740400,3.888740234375,0.08655018359422684,0.028894444927573204,0.14327384531497955
1789729833210677000,3.898677001953125,0.07270215451717377,-0.01637795753777027,0.12090394645929337
1789729833220613400,3.90861328125,0.06631075590848923,-0.028628136962652206,0.08202294260263443
1789729833230549800,3.9185498046875,0.05991935729980469,0.0011983871227130294,0.033554840832948685
1789729833240486400,3.928486328125,0.05672365799546242,0.05392742156982422,-0.016511112451553345
1789729833250422800,3.9384228515625,0.06045197322964668,0.09387365728616714,-0.07296846061944962
1789729833260359200,3.948359130859375,0.06844121962785721,0.10292813926935196,-0.1278279572725296
1789729833270295600,3.958295654296875,0.08175663650035858,0.1087869256734848,-0.1581871062517166
1789729833280232200,3.968232177734375,0.09826774895191193,0.1300915777683258,-0.15712186694145203
1789729833290168600,3.97816845703125,0.10732222348451614,0.14820054173469543,-0.1262301206588745
1789729833300105000,3.98810498046875,0.11051792651414871,0.14500483870506287,-0.07882724702358246
1789729833310041600,3.99804150390625,0.11051792651414871,0.12529803812503815,-0.0159784946590662
1789729833319978000,4.00797802734375,0.11477886140346527,0.11464570462703705,0.0633813664317131
1789729833329914400,4.017914306640625,0.11797455698251724,0.1194392517209053,0.1395455300807953
1789729833339850800,4.027850830078125,0.11637670546770096,0.10825430601835251,0.19440503418445587
1789729833349787400,4.037787353515625,0.12330072373151779,0.08588441461324692,0.2231663167476654
1789729833359723800,4.047723876953125,0.14567062258720398,0.08694964647293091,0.23754696547985077
1789729833369660200,4.05766015625,0.1744319051504135,0.10505861043930054,0.23701435327529907
1789729833379596800,4.0675966796875,0.20053011178970337,0.11091738939285278,0.222101092338562
1789729833389533200,4.077533203125,0.24260681867599487,0.11304785311222076,0.21837277710437775
1789729833399469600,4.087469482421875,0.30705341696739197,0.13595037162303925,0.24713405966758728
1789729833409406200,4.09740625,0.37043479084968567,0.15672241151332855,0.2977326214313507
1789729833419342600,4.107342529296875,0.41464194655418396,0.13754820823669434,0.35738566517829895
1789729833429279000,4.117279052734375,0.4444684684276581,0.08428656309843063,0.4356802999973297
1789729833439215400,4.12721533203125,0.4434032440185547,0.02729659713804722,0.5251598954200745
1789729833449152000,4.137152099609375,0.4066527187824249,-0.014247491955757141,0.597595751285553
1789729833459088400,4.14708837890625,0.35126060247421265,-0.037150003015995026,0.6412702798843384
1789729833469024800,4.157024658203125,0.29799893498420715,-0.045671865344047546,0.6561835408210754
1789729833478961400,4.16696142578125,0.23621542751789093,-0.06005251035094261,0.6306179761886597
1789729833488897800,4.176897705078125,0.17017097771167755,-0.0723026916384697,0.5688344240188599
1789729833498834200,4.186834228515625,0.11690932512283325,-0.042476166039705276,0.4894745647907257
1789729833508770600,4.1967705078125,0.07216953486204147,0.04434032365679741,0.39786452054977417
1789729833518707200,4.206707275390625,0.027429750189185143,0.16098333895206451,0.29134124517440796
1789729833528643600,4.2166435546875,-0.014114337973296642,0.2802894413471222,0.191741943359375
1789729833538580000,4.226580078125,-0.04553871229290962,0.3846822679042816,0.11131685227155685
1789729833548516600,4.2365166015625,-0.07536523789167404,0.4597811996936798,0.051663801074028015
1789729833558453000,4.246452880859375,-0.10252867639064789,0.49972742795944214,0.018641578033566475
1789729833568389400,4.256389404296875,-0.11318100988864899,0.5082492828369141,0.027163442224264145
1789729833578325800,4.26632568359375,-0.11637670546770096,0.5130428671836853,0.06604444980621338
1789729833588262400,4.276262451171875,-0.12596380710601807,0.5061188340187073,0.11983871459960938
1789729833598198800,4.28619873046875,-0.13555090129375458,0.46404212713241577,0.19547025859355927
1789729833608135200,4.29613525390625,-0.13555090129375458,0.40332385897636414,0.27323228120803833
1789729833618071800,4.30607177734375,-0.12809427082538605,0.34952959418296814,0.33714625239372253
1789729833628008200,4.31600830078125,-0.112115778028965,0.31597474217414856,0.3861469626426697
1789729833637944600,4.325944580078125,-0.08122401684522629,0.28614822030067444,0.4074516296386719
1789729833647881000,4.335880859375,-0.05672365799546242,0.28614822030067444,0.39040789008140564
1789729833657817600,4.345817626953125,-0.05938674136996269,0.30532240867614746,0.3499290347099304
1789729833667754000,4.35575390625,-0.07163692265748978,0.3010614812374115,0.2886781394481659
1789729833677690400,4.3656904296875,-0.06737598776817322,0.29680055379867554,0.19493764638900757
1789729833687627000,4.375626953125,-0.05991935729980469,0.29786577820777893,0.07350108027458191
1789729833697563400,4.3855634765625,-0.07643046975135803,0.27176758646965027,-0.046337638050317764
1789729833707499800,4.395499755859375,-0.11637670546770096,0.22969086468219757,-0.14007814228534698
1789729833717436400,4.4054365234375,-0.16111649572849274,0.21051667630672455,-0.20026381313800812
1789729833727373600,4.41537353515625,-0.19520394504070282,0.25312599539756775,-0.17523083090782166
1789729833737310200,4.425310302734375,-0.22076953947544098,0.34686651825904846,-0.07616416364908218
1789729833747246600,4.43524658203125,-0.21011722087860107,0.3351489305496216,0.03621792420744896
1789729833757183000,4.445182861328125,-0.18295377492904663,0.32769230008125305,0.11291470378637314
1789729833767119600,4.45511962890625,-0.14194230735301971,0.3644428551197052,0.1688394397497177
1789729833777055500,4.465055419921875,-0.1014634445309639,0.3655080795288086,0.19440503418445587
1789729833786991400,4.474991455078125,-0.06311506032943726,0.34793174266815186,0.1821548491716385
1789729833796927500,4.484927490234375,-0.026897134259343147,0.3452686667442322,0.16830681264400482
1789729833806864400,4.494864501953125,0.0007989247678779066,0.3122464418411255,0.19387240707874298
1789729833816801300,4.50480126953125,0.0370168462395668,0.22170162200927734,0.24926452338695526
1789729833826738200,4.51473828125,0.07962616533041,0.10772168636322021,0.3083849549293518
1789729833836675000,4.524675048828125,0.06844121962785721,0.04007939249277115,0.4021254777908325
1789729833846611500,4.534611572265625,0.03808208182454109,-0.07762885838747025,0.48255056142807007
1789729833856547000,4.544547119140625,0.026364516466856003,-0.2533923089504242,0.5390079021453857
1789729833866483700,4.554483642578125,0.013581721112132072,-0.38601380586624146,0.5805519819259644
1789729833876420000,4.564420166015625,-0.017842652276158333,-0.4568518102169037,0.598660945892334
1789729833886356500,4.5743564453125,-0.05352795869112015,-0.49040666222572327,0.5848129391670227
1789729833896293000,4.584293212890625,-0.0790935531258583,-0.45951488614082336,0.536877453327179
1789729833906229500,4.5942294921875,-0.09294158220291138,-0.38441595435142517,0.4596480429172516
1789729833916166000,4.604165771484375,-0.10998530685901642,-0.44140592217445374,0.36484232544898987
1789729833926102300,4.614102294921875,-0.14993155002593994,-0.41637295484542847,0.3328853249549866
1789729833936039000,4.624038818359375,-0.22716094553470612,-0.28108835220336914,0.3217003643512726
1789729833945975300,4.633975341796875,-0.2703028917312622,-0.21930484473705292,0.256721168756485
1789729833955911700,4.64391162109375,-0.18827994167804718,-0.20492419600486755,0.2125139832496643
1789729833965848600,4.6538486328125,-0.08921326696872711,-0.1362166702747345,0.19547025859355927
1789729833975785500,4.663785400390625,-0.07110430300235748,-0.06271559745073318,0.1912093311548233
1789729833985722000,4.67372216796875,-0.08814803510904312,0.024633513763546944,0.19600287079811096
1789729833995658800,4.68365869140625,-0.08228924870491028,0.09653674066066742,0.19600287079811096
1789729834005595100,4.69359521484375,-0.05352795869112015,0.13914605975151062,0.19014409184455872
1789729834015531800,4.70353173828125,-0.030625449493527412,0.1620485782623291,0.19333979487419128
1789729834025468200,4.71346826171875,-0.019973119720816612,0.18814678490161896,0.20505735278129578
1789729834035404500,4.723404541015625,-0.016244804486632347,0.17536398768424988,0.2130466103553772
1789729834045341000,4.7333408203125,-0.019973119720816612,0.11198262125253677,0.20612259209156036
1789729834055277600,4.743277587890625,-0.029027599841356277,0.08109086751937866,0.19653549790382385
1789729834065214000,4.7532138671875,-0.03967992961406708,0.0981345921754837,0.18694838881492615
1789729834075150300,4.763150390625,-0.03808208182454109,0.0874822586774826,0.17256775498390198
1789729834085087000,4.7730869140625,-0.026897134259343147,0.1194392517209053,0.16564373672008514
1789729834095023400,4.7830234375,-0.011983871459960938,0.1828206181526184,0.14593692123889923
1789729834104959700,4.792959716796875,0.021038351580500603,0.24513675272464752,0.11983871459960938
1789729834114896100,4.802896240234375,0.0695064514875412,0.30692026019096375,0.10865376889705658
1789729834124832800,4.812832763671875,0.10465914756059647,0.3511274456977844,0.12516488134860992
1789729834134769200,4.82276904296875,0.112115778028965,0.3559209704399109,0.1587197184562683
1789729834144705500,4.83270556640625,0.10519175976514816,0.31810522079467773,0.21038351953029633
1789729834154642200,4.84264208984375,0.09773512929677963,0.24939768016338348,0.2588516175746918
1789729834164578600,4.85257861328125,0.10625699162483215,0.17802706360816956,0.2956021726131439
1789729834174515000,4.862514892578125,0.13448566198349,0.12636326253414154,0.3312874734401703
1789729834184451300,4.872451416015625,0.17230144143104553,0.11624355614185333,0.36697277426719666
1789729834194388000,4.882387939453125,0.19094301760196686,0.11091738939285278,0.3856143653392792
1789729834204324400,4.892324462890625,0.18934516608715057,0.06404713541269302,0.38881006836891174
1789729834214260700,4.9022607421875,0.1866820901632309,0.0011983871227130294,0.3856143653392792
1789729834224197400,4.912197265625,0.1749645173549652,-0.03129122033715248,0.3744294047355652
1789729834234133800,4.9221337890625,0.16111649572849274,-0.05312849581241608,0.3536573648452759
1789729834244070100,4.932070068359375,0.15845340490341187,-0.07443315535783768,0.348863810300827
1789729834254006800,4.9420068359375,0.1643121987581253,-0.07603100687265396,0.36537492275238037
1789729834263943200,4.951943115234375,0.1659100502729416,-0.08774857223033905,0.3936035931110382
1789729834273879600,4.961879638671875,0.16750788688659668,-0.11171631515026093,0.4266258180141449
1789729834283816000,4.97181591796875,0.17389929294586182,-0.12396649271249771,0.45165881514549255
1789729834293752600,4.981752685546875,0.1749645173549652,-0.10585752874612808,0.45485448837280273
1789729834303689000,4.99168896484375,0.17816022038459778,-0.059519894421100616,0.4468652606010437
1789729834313625300,5.001625244140625,0.18082331120967865,0.009720250964164734,0.4468652606010437
1789729834323562000,5.01156201171875,0.17389929294586182,0.066177599132061,0.45219141244888306
1789729834333498400,5.021498291015625,0.15845340490341187,0.04007939249277115,0.43940863013267517
1789729834343434800,5.031434814453125,0.13661614060401917,-0.07496577501296997,0.4058537781238556
1789729834353371100,5.04137109375,0.08708280324935913,-0.12343387305736542,0.37655988335609436
1789729834363307800,5.051307861328125,0.03222329914569855,-0.1346188187599182,0.2977326214313507
1789729834373244200,5.061244140625,-0.00399462366476655,-0.10852061212062836,0.1688394397497177
1789729834383180500,5.0711806640625,-0.04340824484825134,-0.06591129302978516,-0.0026630824431777
1789729834393117200,5.0811171875,-0.09773512929677963,-0.03342168778181076,-0.17469821870326996
1789729834403053600,5.091053466796875,-0.14034445583820343,0.06884068250656128,-0.29573532938957214
1789729834412990200,5.100990234375,-0.16058388352394104,0.21264714002609253,-0.37829089164733887
1789729834422926800,5.1109267578125,-0.1659100502729416,0.3228987455368042,-0.4374113082885742
1789729834432863200,5.12086328125,-0.15259462594985962,0.4469984173774719,-0.46457475423812866
1789729834442799900,5.1307998046875,-0.12596380710601807,0.5477960705757141,-0.46404212713241577
1789729834452736500,5.140736572265625,-0.09560466557741165,0.5920032262802124,-0.4501941204071045
1789729834462673000,5.1506728515625,-0.0588541254401207,0.602122962474823,-0.42143282294273376
1789729834472609500,5.160609619140625,-0.0018641578499227762,0.586677074432373,-0.3617797791957855
1789729834482546200,5.170546142578125,0.05991935729980469,0.5499265193939209,-0.2770937383174896
1789729834492482800,5.18048291015625,0.112115778028965,0.4794880151748657,-0.1906767040491104
1789729834502419200,5.190419189453125,0.16005125641822815,0.35059481859207153,-0.09320788830518723
1789729834512355800,5.20035595703125,0.21491076052188873,0.22329947352409363,0.022902509197592735
1789729834522292500,5.21029248046875,0.2585853040218353,0.11091738939285278,0.1294258087873459
1789729834532228900,5.220228759765625,0.28521615266799927,-0.033954303711652756,0.19706811010837555
1789729834542165500,5.23016552734375,0.3022598624229431,-0.1777607649564743,0.24234052002429962
1789729834552102100,5.24010205078125,0.29906415939331055,-0.2741643488407135,0.2572537660598755
1789729834562038500,5.25003857421875,0.2830856740474701,-0.3183715343475342,0.24021004140377045
1789729834571975200,5.25997509765625,0.26763978600502014,-0.32209983468055725,0.21784014999866486
1789729834581912000,5.269912109375,0.25698745250701904,-0.29972994327545166,0.20825305581092834
1789729834591848000,5.279847900390625,0.23461757600307465,-0.2741643488407135,0.19760072231292725
1789729834601783600,5.289783447265625,0.197334423661232,-0.2544575333595276,0.1821548491716385
1789729834611719400,5.299719482421875,0.14726845920085907,-0.2091851383447647,0.17256775498390198
1789729834621656300,5.30965625,0.09294158220291138,-0.14260807633399963,0.15552401542663574
1789729834631593700,5.31959375,0.04607132822275162,-0.0925421193242073,0.11344731599092484
1789729834641531400,5.329531494140625,0.006657706573605537,-0.044606633484363556,0.07083799690008163
1789729834651466800,5.339466796875,-0.030092833563685417,0.006524552125483751,0.03941362351179123
1789729834661402000,5.349402099609375,-0.0689738392829895,0.024633513763546944,0.018641578033566475
1789729834671337700,5.359337646484375,-0.10945269465446472,-0.001997311832383275,0.009587096981704235
1789729834681273900,5.36927392578125,-0.1531272530555725,-0.03342168778181076,0.004260932095348835
1789729834691210200,5.379210205078125,-0.20372581481933594,-0.03022598661482334,0.0063913981430232525
1789729834701147400,5.3891474609375,-0.24420467019081116,-0.0238345880061388,0.019706811755895615
1789729834711085000,5.3990849609375,-0.26817241311073303,-0.03022598661482334,0.02769605815410614
1789729834721022700,5.409022705078125,-0.27669426798820496,-0.03342168778181076,0.009587096981704235
1789729834730959400,5.41895947265625,-0.2734985649585724,-0.042476166039705276,-0.029293907806277275
1789729834740896000,5.42889599609375,-0.2703028917312622,-0.054193731397390366,-0.07776200771331787
1789729834750832000,5.43883203125,-0.2697702646255493,-0.04993279650807381,-0.14327384531497955
1789729834760768500,5.4487685546875,-0.2740311920642853,-0.023301972076296806,-0.222101092338562
1789729834770704600,5.45870458984375,-0.2804225981235504,0.0033288532868027687,-0.2877460718154907
1789729834780641000,5.46864111328125,-0.2905423045158386,0.013981183059513569,-0.3516600430011749
1789729834790577200,5.4785771484375,-0.3166405260562897,0.02836182899773121,-0.43315038084983826
1789729834800513500,5.488513427734375,-0.3432713449001312,0.05499265342950821,-0.5151733160018921
1789729834810450200,5.4984501953125,-0.34167349338531494,0.09600412845611572,-0.5945332050323486
1789729834820386800,5.50838671875,-0.31930360198020935,0.12316756695508957,-0.6754909157752991
1789729834830323200,5.5183232421875,-0.27669426798820496,0.10559122264385223,-0.7266221046447754
1789729834840259800,5.528259765625,-0.197334423661232,0.014513799920678139,-0.7181001901626587
1789729834850196500,5.538196533203125,-0.09240896254777908,-0.1367492824792862,-0.6706973314285278
1789729834860132900,5.5481328125,0.00399462366476655,-0.3476654291152954,-0.5940005779266357
1789729834870069500,5.558069580078125,0.08069140464067459,-0.5718969702720642,-0.4693683087825775
1789729834880006100,5.568006103515625,0.14780108630657196,-0.7354102730751038,-0.3037245571613312
1789729834889942500,5.577942626953125,0.1978670358657837,-0.7955959439277649,-0.1294258087873459
1789729834899879200,5.587879150390625,0.23142187297344208,-0.7710955739021301,0.04473978653550148
1789729834909815800,5.59781591796875,0.2516613006591797,-0.6959966421127319,0.19440503418445587
1789729834919752400,5.60775244140625,0.25698745250701904,-0.5676360726356506,0.2982652485370636
1789729834929688800,5.617688720703125,0.25432437658309937,-0.4222317337989807,0.35632044076919556
1789729834939625500,5.62762548828125,0.23728065192699432,-0.316241055727005,0.37975558638572693
1789729834949562000,5.63756201171875,0.19307348132133484,-0.23421810567378998,0.3712337017059326
1789729834959498500,5.64749853515625,0.13075734674930573,-0.16231487691402435,0.33608102798461914
1789729834969435100,5.65743505859375,0.06684337556362152,-0.10053136944770813,0.29240646958351135
1789729834979371800,5.667371826171875,0.005592473316937685,-0.03874785080552101,0.24819929897785187
1789729834989308200,5.67730810546875,-0.06151720881462097,0.024633513763546944,0.1906767040491104
1789729834999244800,5.687244873046875,-0.12862688302993774,0.07416684925556183,0.1166430190205574
1789729835009181400,5.697181396484375,-0.19360610842704773,0.11038476973772049,0.036750540137290955
1789729835019118000,5.7071181640625,-0.24846559762954712,0.1290263533592224,-0.055924732238054276
1789729835029054500,5.717054443359375,-0.2798899710178375,0.1295589655637741,-0.1496652364730835
1789729835038991000,5.7269912109375,-0.2798899710178375,0.1306242048740387,-0.2034595012664795
1789729835048927500,5.736927490234375,-0.24526990950107574,0.1615159511566162,-0.2029268890619278
1789729835058863900,5.74686376953125,-0.1872147023677826,0.19986434280872345,-0.14646953344345093
1789729835068800500,5.756800537109375,-0.12117026001214981,0.20199480652809143,-0.03408745676279068
1789729835078737000,5.76673681640625,-0.05406057462096214,0.15352670848369598,0.10119713842868805
1789729835088673300,5.77667333984375,-0.00133154122158885,0.07097115367650986,0.21997061371803284
1789729835098609700,5.786609619140625,0.03595161437988281,-0.03608476743102074,0.2865476906299591
1789729835108546300,5.79654638671875,0.04873441159725189,-0.10745538026094437,0.29293906688690186
1789729835118482700,5.806482666015625,0.04074516147375107,-0.12876003980636597,0.24234052002429962
1789729835128419000,5.816419189453125,0.017310036346316338,-0.12023817747831345,0.14220860600471497
1789729835138355700,5.826355712890625,-0.015712186694145203,-0.06804175674915314,-0.006924014538526535
1789729835148292000,5.8362919921875,-0.04660394415259361,0.04274247586727142,-0.18801362812519073
1789729835158228500,5.846228515625,-0.05672365799546242,0.18015754222869873,-0.35858407616615295
1789729835168164900,5.856164794921875,-0.04713656008243561,0.31597474217414856,-0.4725640118122101
1789729835178101500,5.8661015625,-0.016244804486632347,0.4310199022293091,-0.5189016461372375
1789729835188038000,5.876037841796875,0.026897134259343147,0.4826837182044983,-0.5050535798072815
1789729835197974300,5.885974365234375,0.09560466557741165,0.47575968503952026,-0.4384765326976776
1789729835207911000,5.895910888671875,0.1760297566652298,0.4070521593093872,-0.34686651825904846
1789729835217847300,5.905847412109375,0.24207420647144318,0.2669740319252014,-0.27602851390838623
1789729835227783700,5.91578369140625,0.3123795986175537,0.07203638553619385,-0.23168818652629852
1789729835237720300,5.92572021484375,0.3890763521194458,-0.13035789132118225,-0.1912093311548233
1789729835247656700,5.93565673828125,0.45618605613708496,-0.29919731616973877,-0.14114338159561157
1789729835257593000,5.945593017578125,0.5003932118415833,-0.42968836426734924,-0.07616416364908218
1789729835267529700,5.95552978515625,0.509980320930481,-0.5186353325843811,0.0079892473295331
1789729835277466400,5.96546630859375,0.48121902346611023,-0.5548532605171204,0.10758853703737259
1789729835287402800,5.97540283203125,0.4226312041282654,-0.5212984085083008,0.19919857382774353
1789729835297339400,5.98533935546875,0.3464670479297638,-0.4105141758918762,0.24127528071403503
1789729835307276000,5.995276123046875,0.2617810070514679,-0.23741380870342255,0.20825305581092834
1789729835317212400,6.00521240234375,0.17230144143104553,-0.05366111174225807,0.10279498994350433
1789729835327149000,6.015149169921875,0.07643046975135803,0.10133028775453568,-0.05113118514418602
1789729835337085700,6.025085693359375,-0.022103585302829742,0.2248973250389099,-0.20079642534255981
1789729835347022000,6.03502197265625,-0.10785484313964844,0.32715970277786255,-0.31650736927986145
1789729835356958700,6.044958740234375,-0.1978670358657837,0.4155740439891815,-0.4049217104911804
1789729835366895600,6.0548955078125,-0.28521615266799927,0.5194342732429504,-0.47575968503952026
1789729835376832500,6.06483251953125,-0.35232582688331604,0.6079817414283752,-0.5396736860275269
1789729835386769200,6.07476904296875,-0.39333727955818176,0.6532541513442993,-0.5870765447616577
1789729835396705500,6.08470556640625,-0.40345701575279236,0.663906455039978,-0.5982614755630493
1789729835406642000,6.094641845703125,-0.3874785006046295,0.6367430686950684,-0.584413468837738
1789729835416578600,6.10457861328125,-0.356586754322052,0.6005251407623291,-0.5593804717063904
1789729835426515200,6.11451513671875,-0.31983622908592224,0.5547201037406921,-0.5332822799682617
1789729835436451600,6.12445166015625,-0.2841508984565735,0.4826837182044983,-0.5194342732429504
1789729835446388200,6.13438818359375,-0.24420467019081116,0.4075847864151001,-0.522629976272583
1789729835456324600,6.14432470703125,-0.18881255388259888,0.32609444856643677,-0.523695170879364
1789729835466261000,6.154260986328125,-0.11957240849733353,0.23022349178791046,-0.5055862069129944
1789729835476197600,6.16419775390625,-0.04607132822275162,0.11624355614185333,-0.4794880151748657
1789729835486134300,6.17413427734375,0.021570969372987747,0.0001331541279796511,-0.47895538806915283
1789729835496071000,6.18407080078125,0.06364767253398895,-0.11864032596349716,-0.5151733160018921
1789729835506007300,6.19400732421875,0.07802832126617432,-0.2507292330265045,-0.5924026966094971
1789729835515943700,6.203943603515625,0.09134373068809509,-0.3684374690055847,-0.6877411007881165
1789729835525880300,6.21388037109375,0.10625699162483215,-0.4467321038246155,-0.7782858610153198
1789729835535817000,6.22381689453125,0.10785484313964844,-0.49147188663482666,-0.8549826741218567
1789729835545753300,6.23375341796875,0.1227681040763855,-0.5095808506011963,-0.906113862991333
1789729835555690000,6.24368994140625,0.14833369851112366,-0.5106461048126221,-0.9423317909240723
1789729835565626600,6.253626708984375,0.17762760818004608,-0.46910199522972107,-0.929548978805542
1789729835575563000,6.26356298828125,0.21118244528770447,-0.3705679476261139,-0.8336780071258545
1789729835585499600,6.273499755859375,0.23035664856433868,-0.2517944574356079,-0.6621754765510559
1789729835595436000,6.28343603515625,0.2181064635515213,-0.10159660130739212,-0.43208515644073486
1789729835605372400,6.293372314453125,0.1856168508529663,0.04753602296113968,-0.19653549790382385
1789729835615308800,6.303308837890625,0.14034445583820343,0.13222205638885498,-0.0063913981430232525
1789729835625245400,6.313245361328125,0.09400681406259537,0.1615159511566162,0.11983871459960938
1789729835635181800,6.323181884765625,0.0482017956674099,0.16471165418624878,0.18322007358074188
1789729835645118200,6.3331181640625,0.00452724052593112,0.16843996942043304,0.20985090732574463
1789729835655054800,6.343054931640625,-0.024234050884842873,0.18015754222869873,0.22795987129211426
1789729835664991200,6.3529912109375,-0.03861469775438309,0.2158428430557251,0.24021004140377045
1789729835674927600,6.362927734375,-0.04394086077809334,0.2675066292285919,0.2226337045431137
1789729835684864000,6.372864013671875,-0.07163692265748978,0.2680392563343048,0.1597849577665329
1789729835694800600,6.382800537109375,-0.13661614060401917,0.20092958211898804,0.09161003679037094
1789729835704737000,6.392737060546875,-0.21970431506633759,0.10239552706480026,0.06604444980621338
1789729835714673400,6.40267333984375,-0.29693371057510376,-0.011051792651414871,0.06977276504039764
1789729835724610000,6.412610107421875,-0.36297816038131714,-0.09786828607320786,0.060185667127370834
1789729835734546400,6.42254638671875,-0.4125114977359772,-0.10532491654157639,0.009587096981704235
1789729835744482800,6.43248291015625,-0.43541398644447327,-0.008921326138079166,-0.06977276504039764
1789729835754419500,6.44241943359375,-0.42476168274879456,0.17802706360816956,-0.17842653393745422
1789729835764355800,6.45235595703125,-0.3864132761955261,0.4102478623390198,-0.29680055379867554
1789729835774292500,6.46229248046875,-0.3256950080394745,0.6282211542129517,-0.4086500108242035
1789729835784229000,6.47222900390625,-0.24580252170562744,0.7762885689735413,-0.4901403486728668
1789729835794165500,6.48216552734375,-0.1446053832769394,0.8465939164161682,-0.5007926821708679
1789729835804102100,6.49210205078125,-0.03222329914569855,0.8497896194458008,-0.4379439353942871
1789729835814038800,6.502038818359375,0.06790860742330551,0.7746906876564026,-0.35006219148635864
1789729835823975400,6.511975341796875,0.14833369851112366,0.6314168572425842,-0.28401774168014526
1789729835833911800,6.521911865234375,0.19360610842704773,0.3979976773262024,-0.26111525297164917
1789729835843848400,6.531848388671875,0.20266057550907135,0.10292813926935196,-0.2691044807434082
1789729835853785000,6.54178515625,0.20106273889541626,-0.17563030123710632,-0.28295251727104187
1789729835863721500,6.551721435546875,0.19999749958515167,-0.3790898025035858,-0.27230018377304077
1789729835873658000,6.561658203125,0.19413872063159943,-0.49306973814964294,-0.23914481699466705
1789729835883594800,6.5715947265625,0.16697527468204498,-0.5276898145675659,-0.21570968627929688
1789729835893531100,6.58153125,0.13501828908920288,-0.4882761836051941,-0.2018616646528244
1789729835903467800,6.5914677734375,0.10412652790546417,-0.4035901725292206,-0.2013290375471115
1789729835913404400,6.601404296875,0.07057169079780579,-0.2944037914276123,-0.20079642534255981
1789729835923340800,6.6113408203125,0.029027599841356277,-0.21238084137439728,-0.1816222369670868
1789729835933277400,6.62127734375,-0.019973119720816612,-0.16338011622428894,-0.1390129029750824
1789729835943214000,6.631214111328125,-0.027962366119027138,-0.1351514458656311,-0.05965305119752884
1789729835953150700,6.641150634765625,0.013049104250967503,-0.10159660130739212,0.07776200771331787
1789729835963087000,6.651087158203125,0.06311506032943726,-0.07549838721752167,0.24766667187213898
1789729835973023700,6.661023681640625,0.09720251709222794,-0.11278154700994492,0.3850817382335663
1789729835982960400,6.67096044921875,0.1115831583738327,-0.19427187740802765,0.46550682187080383
1789729835992896800,6.680896728515625,0.10892007499933243,-0.27842527627944946,0.5001268982887268
1789729836002833400,6.69083349609375,0.09134373068809509,-0.35299158096313477,0.5038552284240723
1789729836012770000,6.70077001953125,0.08441971987485886,-0.4158403277397156,0.4777570068836212
1789729836022706400,6.71070654296875,0.09826774895191193,-0.44832995533943176,0.4053211510181427
1789729836032643000,6.72064306640625,0.12649641931056976,-0.4419385492801666,0.2982652485370636
1789729836042579700,6.730579833984375,0.17389929294586182,-0.36470916867256165,0.1906767040491104
1789729836052516400,6.740516357421875,0.22662831842899323,-0.23581595718860626,0.11451254785060883
1789729836062452700,6.75045263671875,0.24473728239536285,-0.1559234857559204,0.0532616525888443
1789729836072389400,6.760389404296875,0.21650861203670502,-0.12982527911663055,0.09693620353937149
1789729836082326000,6.770325927734375,0.16697527468204498,-0.14420592784881592,0.2130466103553772
1789729836092262400,6.780262451171875,0.10252867639064789,-0.28907760977745056,0.2551233172416687
1789729836102199000,6.790198974609375,0.010386021807789803,-0.49306973814964294,0.1922745555639267
1789729836112135700,6.8001357421875,-0.09400681406259537,-0.6906704902648926,0.09959928691387177
1789729836122072600,6.810072509765625,-0.14993155002593994,-0.795063316822052,0.0750989317893982
1789729836132009000,6.820009033203125,-0.13501828908920288,-0.7998568415641785,0.09427312016487122
1789729836141945000,6.829945068359375,-0.10359390825033188,-0.7013227939605713,0.14487169682979584
1789729836151881700,6.8398818359375,-0.0902784988284111,-0.5015916228294373,0.24340574443340302
1789729836161818400,6.849818359375,-0.12330072373151779,-0.2981320917606354,0.30305880308151245
1789729836171755000,6.859755126953125,-0.1872147023677826,-0.12343387305736542,0.27003657817840576
1789729836181691400,6.86969140625,-0.24526990950107574,0.0017310036346316338,0.1810896098613739
1789729836191628000,6.8796279296875,-0.27722689509391785,0.1290263533592224,0.10066451877355576
1789729836201564700,6.889564697265625,-0.2814878225326538,0.24194104969501495,0.09161003679037094
1789729836211501600,6.89950146484375,-0.2500634491443634,0.3213009238243103,0.12409964948892593
1789729836221438000,6.90943798828125,-0.1968017965555191,0.38148656487464905,0.1384802907705307
1789729836231374300,6.919374267578125,-0.13714875280857086,0.43528082966804504,0.14061075448989868
1789729836241311000,6.92931103515625,-0.06577813625335693,0.4938686490058899,0.15765449404716492
1789729836251247400,6.939247314453125,0.010918638668954372,0.5504591464996338,0.1912093311548233
1789729836261184000,6.94918408203125,0.08974587917327881,0.6042534112930298,0.22582940757274628
1789729836271120600,6.95912060546875,0.15099677443504333,0.6308842301368713,0.24873191118240356
1789729836281057300,6.969057373046875,0.1749645173549652,0.6159709692001343,0.256721168756485
1789729836290994000,6.978993896484375,0.18827994167804718,0.6005251407623291,0.21517707407474518
1789729836300930300,6.988930419921875,0.19999749958515167,0.5925358533859253,0.13528458774089813
1789729836310866700,6.99886669921875,0.1744319051504135,0.541404664516449,0.06764229387044907
1789729836320803800,7.008803955078125,0.1430075317621231,0.43528082966804504,0.017576344311237335
1789729836330739700,7.01873974609375,0.14087706804275513,0.31863781809806824,-0.02982652559876442
1789729836340675600,7.028675537109375,0.13448566198349,0.26484355330467224,-0.06924014538526535
1789729836350611700,7.03861181640625,0.13714875280857086,0.3117138147354126,-0.09959928691387177
1789729836360547800,7.0485478515625,0.17975807189941406,0.4049217104911804,-0.12196917831897736
1789729836370484200,7.058484130859375,0.25379177927970886,0.5375432372093201,-0.12196917831897736
1789729836380420900,7.0684208984375,0.30705341696739197,0.6681674122810364,-0.0852186381816864
1789729836390357800,7.078357666015625,0.3129121959209442,0.6910699009895325,-0.010119713842868805
1789729836400295400,7.08829541015625,0.26550933718681335,0.5691007375717163,0.06071828305721283
1789729836410232300,7.098232421875,0.18827994167804718,0.3298227787017822,0.10758853703737259
1789729836420169000,7.1081689453125,0.09880036115646362,0.047003407031297684,0.14061075448989868
1789729836430105600,7.118105712890625,0.031158065423369408,-0.20385897159576416,0.18748101592063904
1789729836440042000,7.1280419921875,0.018375270068645477,-0.48295003175735474,0.25991687178611755
1789729836449978600,7.137978515625,-0.0034620072692632675,-0.5947995185852051,0.36910325288772583
1789729836459915000,7.1479150390625,0.07856093347072601,-0.44992780685424805,0.5022573471069336
1789729836469851400,7.157851318359375,0.12489857524633408,-0.30984964966773987,0.5704323053359985
1789729836479788000,7.1677880859375,0.132355198264122,-0.22250054776668549,0.5864107608795166
1789729836489724400,7.177724365234375,0.14993155002593994,-0.15059731900691986,0.5896064639091492
1789729836499660800,7.187660888671875,0.11584409326314926,-0.22889193892478943,0.5549864172935486
1789729836509597200,7.19759716796875,0.04074516147375107,-0.37323102355003357,0.4239627420902252
1789729836519533800,7.207533935546875,-0.03222329914569855,-0.4632432162761688,0.2790910601615906
1789729836529470200,7.21747021484375,-0.10306129604578018,-0.48135218024253845,0.20026381313800812
1789729836539406600,7.227406494140625,-0.16164910793304443,-0.39560091495513916,0.18535055220127106
1789729836549343200,7.23734326171875,-0.20159535109996796,-0.19427187740802765,0.18641577661037445
1789729836559279600,7.247279541015625,-0.197334423661232,0.23235395550727844,0.17576344311237335
1789729836569216000,7.257216064453125,-0.15152940154075623,0.6612433791160583,0.1581871062517166
1789729836579152600,7.267152587890625,-0.14034445583820343,0.8982577323913574,0.13208889961242676
1789729836589089300,7.27708935546875,-0.13981182873249054,1.0085093975067139,0.0750989317893982
1789729836599025700,7.287025634765625,-0.10306129604578018,0.9840090274810791,0.016511112451553345
1789729836608962300,7.29696240234375,-0.06258244067430496,0.7927996516227722,-0.07616416364908218
1789729836618899000,7.30689892578125,-0.03648423030972481,0.5247604250907898,-0.1480673849582672
1789729836628835600,7.316835693359375,-0.019973119720816612,0.27176758646965027,-0.13581721484661102
1789729836638772000,7.32677197265625,-0.029027599841356277,0.013981183059513569,-0.0639139786362648
1789729836648709600,7.336709716796875,-0.05512581020593643,-0.18681524693965912,0.035685304552316666
1789729836658646300,7.346646240234375,-0.07696308940649033,-0.3135779798030853,0.15073047578334808
1789729836668583000,7.3565830078125,-0.10465914756059647,-0.34340450167655945,0.26257994771003723
1789729836678519600,7.36651953125,-0.13768136501312256,-0.2501966059207916,0.3291569948196411
1789729836688456200,7.376456298828125,-0.1659100502729416,-0.08188978582620621,0.2977326214313507
1789729836698393000,7.38639306640625,-0.18082331120967865,0.1418091505765915,0.1704372763633728
1789729836708328700,7.39632861328125,-0.16164910793304443,0.3985303044319153,-0.01384802907705307
1789729836718264600,7.4062646484375,-0.1227681040763855,0.6117100715637207,-0.22050324082374573
1789729836728200400,7.416200439453125,-0.08601756393909454,0.723559558391571,-0.38947582244873047
1789729836738137600,7.4261376953125,-0.06418029218912125,0.7033200860023499,-0.4730966091156006
1789729836748075500,7.436075439453125,-0.07003907114267349,0.5834813714027405,-0.4826837182044983
1789729836758012000,7.446011962890625,-0.07962616533041,0.4049217104911804,-0.41450878977775574
1789729836767949000,7.455948974609375,-0.06577813625335693,0.18069015443325043,-0.3010614812374115
1789729836777884700,7.465884765625,-0.013049104250967503,-0.024367205798625946,-0.18694838881492615
1789729836787821000,7.475821044921875,0.05565842613577843,-0.2011958807706833,-0.11131685227155685
1789729836797757700,7.4857578125,0.10039821267127991,-0.3242303133010864,-0.07350108027458191
1789729836807694000,7.495694091796875,0.12809427082538605,-0.33328479528427124,-0.06977276504039764
1789729836817630500,7.50563037109375,0.1435401439666748,-0.25818586349487305,-0.11238208413124084
1789729836827566800,7.51556689453125,0.13927921652793884,-0.1575213372707367,-0.21038351953029633
1789729836837503700,7.525503662109375,0.1430075317621231,-0.059519894421100616,-0.34633389115333557
1789729836847441200,7.535441162109375,0.12543119490146637,-0.007323476951569319,-0.49706435203552246
1789729836857377800,7.545377685546875,0.06631075590848923,-0.020106272771954536,-0.6270228028297424
1789729836867314200,7.555314208984375,0.016777420416474342,-0.08721595257520676,-0.6706973314285278
1789729836877250300,7.565250244140625,0.021570969372987747,-0.13781452178955078,-0.5934679508209229
1789729836887187000,7.57518701171875,0.09240896254777908,-0.14314068853855133,-0.41397619247436523
1789729836897123800,7.585123779296875,0.1877473145723343,-0.12662957608699799,-0.18641577661037445
1789729836907060500,7.595060546875,0.2628462612628937,-0.12876003980636597,0.023967742919921875
1789729836916997000,7.6049970703125,0.3043903410434723,-0.16444534063339233,0.1709699034690857
1789729836926932500,7.614932373046875,0.3033251166343689,-0.19107617437839508,0.2636451721191406
1789729836936868400,7.624868408203125,0.2607157826423645,-0.210782989859581,0.3083849549293518
1789729836946804200,7.63480419921875,0.1877473145723343,-0.21770699322223663,0.32489606738090515
1789729836956740600,7.64474072265625,0.09240896254777908,-0.17669552564620972,0.3115806579589844
1789729836966677800,7.654677734375,-0.00452724052593112,-0.07017222791910172,0.26311254501342773
1789729836976615200,7.664615234375,-0.10519175976514816,0.026763979345560074,0.1800243854522705
1789729836986552800,7.674552734375,-0.21064983308315277,0.09067796170711517,0.07616416364908218
1789729836996489700,7.68448974609375,-0.3123795986175537,0.11624355614185333,-0.0053261648863554
1789729837006426400,7.69442626953125,-0.3789566457271576,0.13328728079795837,-0.0079892473295331
1789729837016362800,7.70436279296875,-0.3768261969089508,0.18921200931072235,0.09107742458581924
1789729837026299400,7.71429931640625,-0.2905423045158386,0.28508299589157104,0.25192761421203613
1789729837036236000,7.724236083984375,-0.1547250896692276,0.31544211506843567,0.3845491111278534
1789729837046172400,7.73417236328125,-0.0370168462395668,0.21158191561698914,0.39786452054977417
1789729837056109000,7.744109130859375,-0.00133154122158885,0.02410089783370495,0.3067871034145355
1789729837066045700,7.754045654296875,-0.05725627392530441,-0.1985328048467636,0.1816222369670868
1789729837075982000,7.763982177734375,-0.1765623688697815,-0.4344819188117981,0.07296846061944962
1789729837085918700,7.773918701171875,-0.29799893498420715,-0.626756489276886,0.02450035884976387
1789729837095855400,7.78385546875,-0.37043479084968567,-0.7231600880622864,0.04047885537147522
1789729837105791700,7.793791748046875,-0.37309786677360535,-0.6986597180366516,0.08255556225776672
1789729837115728400,7.803728271484375,-0.3171731233596802,-0.5500596761703491,0.13155627250671387
1789729837125665000,7.8136650390625,-0.23728065192699432,-0.30186042189598083,0.16511112451553345
1789729837135601700,7.8236015625,-0.1547250896692276,-0.007856093347072601,0.1480673849582672
1789729837145538600,7.83353857421875,-0.08548495173454285,0.24620197713375092,0.09054480493068695
1789729837155474700,7.843474609375,-0.03967992961406708,0.4049217104911804,0.007456631399691105
1789729837165411000,7.8534111328125,-0.015179570764303207,0.47789016366004944,-0.08415340632200241
1789729837175347200,7.86334716796875,-0.016244804486632347,0.46457475423812866,-0.17629607021808624
1789729837185283600,7.87328369140625,-0.04181039705872536,0.37136685848236084,-0.26431095600128174
1789729837195220000,7.883219970703125,-0.07163692265748978,0.23235395550727844,-0.31544211506843567
1789729837205156600,7.893156494140625,-0.06258244067430496,0.13328728079795837,-0.27496325969696045
1789729837215093200,7.90309326171875,0.0034620072692632675,0.08961272984743118,-0.15286093950271606
1789729837225030000,7.91302978515625,0.09294158220291138,0.05073172226548195,0.012782796286046505
1789729837234966500,7.922966552734375,0.19413872063159943,-0.013714875094592571,0.1480673849582672
1789729837244903200,7.932903076171875,0.28947708010673523,-0.10159660130739212,0.20878566801548004
1789729837254839800,7.94283984375,0.34060826897621155,-0.2113156020641327,0.1821548491716385
1789729837264776400,7.9527763671875,0.3155752718448639,-0.36311131715774536,0.09107742458581924
1789729837274713000,7.962713134765625,0.2191716879606247,-0.5223636627197266,-0.0005326165119186044
1789729837284650200,7.972650146484375,0.10465914756059647,-0.6086475253105164,-0.02450035884976387
1789729837294587100,7.982587158203125,0.011983871459960938,-0.5985277891159058,0.02876129187643528
1789729837304522800,7.992522705078125,-0.04553871229290962,-0.4525908827781677,0.13581721484661102
1789729837314458600,8.002458740234376,-0.06364767253398895,-0.18361954391002655,0.2450035959482193
1789729837324394800,8.012394775390625,-0.04181039705872536,0.09014534205198288,0.30465665459632874
1789729837334331100,8.0223310546875,-0.006657706573605537,0.27230018377304077,0.3009283244609833
1789729837344268000,8.03226806640625,0.012516488321125507,0.3452686667442322,0.2663082480430603
1789729837354205000,8.042204833984375,0.014114337973296642,0.3117138147354126,0.23914481699466705
1789729837364142000,8.05214208984375,-0.00399462366476655,0.15512455999851227,0.23115555942058563
1789729837374079200,8.062079345703125,-0.06098458915948868,-0.10798799991607666,0.21517707407474518
1789729837384016600,8.0720166015625,-0.13714875280857086,-0.335415244102478,0.18694838881492615
1789729837393952500,8.081952392578126,-0.18987779319286346,-0.447264701128006,0.1805569976568222
1789729837403888400,8.091888427734375,-0.19094301760196686,-0.39453569054603577,0.2119813710451126
1789729837413824300,8.10182421875,-0.13981182873249054,-0.24540305137634277,0.24926452338695526
1789729837423761000,8.111760986328125,-0.07643046975135803,-0.11597724258899689,0.2236989289522171
1789729837433698000,8.121697998046875,-0.028494983911514282,-0.054193731397390366,0.13208889961242676
1789729837443635000,8.131635009765626,-0.0018641578499227762,-0.05472634732723236,0.04473978653550148
1789729837453572400,8.141572265625,0.00399462366476655,-0.06324820965528488,0.01438064593821764
1789729837463509000,8.151509033203125,0.009320789016783237,-0.03235645219683647,0.0633813664317131
1789729837473445600,8.161445556640626,0.024766668677330017,0.047003407031297684,0.17469821870326996
1789729837483382000,8.171382080078125,0.0476691760122776,0.15725502371788025,0.2764279842376709
1789729837493318700,8.181318603515624,0.07163692265748978,0.26537618041038513,0.3089175820350647
1789729837503255300,8.19125537109375,0.0902784988284111,0.3527252972126007,0.26950395107269287
1789729837513191400,8.20119140625,0.08814803510904312,0.39213889837265015,0.1693720519542694
1789729837523128300,8.21112841796875,0.05619104206562042,0.38042134046554565,0.02876129187643528
1789729837533065000,8.22106494140625,0.006657706573605537,0.33727940917015076,-0.09906667470932007
1789729837543001600,8.231001708984374,-0.03169068321585655,0.28455036878585815,-0.17736129462718964
1789729837552937700,8.240937744140625,-0.03488638252019882,0.2259625494480133,-0.19014409184455872
1789729837562873600,8.25087353515625,-0.002929390873759985,0.172700896859169,-0.15499140322208405
1789729837572809700,8.260809814453125,0.0476691760122776,0.13275466859340668,-0.10386022180318832
1789729837582746400,8.270746337890625,0.08175663650035858,0.06937330216169357,-0.06977276504039764
1789729837592682800,8.280682861328126,0.08335448056459427,-0.038215234875679016,-0.06817491352558136
1789729837602619600,8.29061962890625,0.06790860742330551,-0.13195574283599854,-0.0633813664317131
1789729837612557800,8.300557861328125,0.06790860742330551,-0.17403244972229004,-0.01491326279938221
1789729837622494500,8.310494384765626,0.11318100988864899,-0.18521739542484283,0.06924014538526535
1789729837632431000,8.32043115234375,0.1877473145723343,-0.15432563424110413,0.15658925473690033
1789729837642367200,8.3303671875,0.25645485520362854,-0.10585752874612808,0.2141118347644806
1789729837652303000,8.34030322265625,0.30865126848220825,-0.07443315535783768,0.23914481699466705
1789729837662239500,8.350239501953125,0.3432713449001312,-0.02703028731048107,0.2551233172416687
1789729837672175900,8.36017578125,0.3443365693092346,0.0033288532868027687,0.2545906901359558
1789729837682112500,8.370112548828125,0.32942330837249756,0.017176883295178413,0.2119813710451126
1789729837692049200,8.380049072265624,0.3150426745414734,0.03954677656292915,0.137947678565979
1789729837701986300,8.389986328125,0.27616167068481445,0.03848154470324516,0.042076703161001205
1789729837711923200,8.399923095703125,0.20425842702388763,0.012383334338665009,-0.055924732238054276
1789729837721860000,8.409860107421874,0.13022473454475403,-0.0025299284607172012,-0.1171756312251091
1789729837731797000,8.419796875,0.06471290439367294,0.014513799920678139,-0.13528458774089813
1789729837741733400,8.4297333984375,0.03169068321585655,0.08428656309843063,-0.10013190656900406
1789729837751670000,8.439669921875,0.04660394415259361,0.16843996942043304,-0.016511112451553345
1789729837761606400,8.4496064453125,0.111050546169281,0.23022349178791046,0.053794268518686295
1789729837771542800,8.459542724609374,0.19946488738059998,0.23927797377109528,0.09480573982000351
1789729837781479400,8.4694794921875,0.26763978600502014,0.19666863977909088,0.11131685227155685
1789729837791415800,8.479415771484375,0.2820204496383667,0.08428656309843063,0.08362079411745071
1789729837801352700,8.489352783203126,0.2276935577392578,-0.07762885838747025,0.04367455467581749
1789729837811289900,8.499289794921875,0.12596380710601807,-0.2113156020641327,0.015445878729224205
1789729837821226500,8.5092265625,0.0482017956674099,-0.24540305137634277,-0.004260932095348835
1789729837831163100,8.5191630859375,0.023701434955000877,-0.16231487691402435,0.013315413147211075
1789729837841099500,8.529099609375,0.04021254554390907,0.02836182899773121,0.05006595328450203
1789729837851036000,8.539035888671876,0.08122401684522629,0.2483324557542801,0.0644465982913971
1789729837860972300,8.54897216796875,0.11371362209320068,0.4256937503814697,0.042076703161001205
1789729837870908700,8.55890869140625,0.11318100988864899,0.5018579363822937,-0.01384802907705307
1789729837880845000,8.568844970703125,0.06418029218912125,0.4624442756175995,-0.11291470378637314
1789729837890781400,8.578781494140625,-0.029027599841356277,0.33887726068496704,-0.2125139832496643
1789729837900719000,8.588718994140624,-0.15206201374530792,0.16045072674751282,-0.2909417748451233
1789729837910656000,8.598656005859375,-0.2729659676551819,-0.012649642303586006,-0.34100770950317383
1789729837920592400,8.60859228515625,-0.37256523966789246,-0.10852061212062836,-0.3633776009082794
1789729837930528500,8.618528564453126,-0.4311530590057373,-0.09627043455839157,-0.3442034125328064
1789729837940465400,8.62846533203125,-0.43541398644447327,0.009187635034322739,-0.265908807516098
1789729837950402300,8.63840234375,-0.37309786677360535,0.17483137547969818,-0.14540430903434753
1789729837960339000,8.6483388671875,-0.24793298542499542,0.3404751121997833,-0.022902509197592735
1789729837970275300,8.658275390625,-0.10892007499933243,0.450726717710495,0.0532616525888443
1789729837980212000,8.6682119140625,0.00133154122158885,0.4949339032173157,0.048468101769685745
1789729837990148600,8.678148681640625,0.05938674136996269,0.4693683087825775,-0.027163442224264145
1789729838000086300,8.688086181640625,0.04926702752709389,0.33727940917015076,-0.15552401542663574
1789729838010020900,8.698020751953125,-0.025299284607172012,0.09973244369029999,-0.2930722236633301
1789729838019956000,8.7079560546875,-0.13448566198349,-0.16497796773910522,-0.38255181908607483
1789729838029891300,8.717891357421875,-0.24473728239536285,-0.3780245780944824,-0.40172600746154785
1789729838039827200,8.7278271484375,-0.3256950080394745,-0.5069177746772766,-0.35964930057525635
1789729838049763800,8.737763916015625,-0.35978245735168457,-0.5383421182632446,-0.2770937383174896
1789729838059701000,8.747700927734375,-0.3224993050098419,-0.4573844373226166,-0.1805569976568222
1789729838069639000,8.757638916015624,-0.20319320261478424,-0.2848166823387146,-0.08042509108781815
1789729838079576800,8.767576904296876,-0.03808208182454109,-0.07869409024715424,0.0037283156998455524
1789729838089514800,8.7775146484375,0.09933298081159592,0.07469946891069412,0.04047885537147522
1789729838099451400,8.787451416015625,0.14939893782138824,0.13222205638885498,0.037815771996974945
1789729838109388000,8.797387939453126,0.13448566198349,0.11358047276735306,0.031424373388290405
1789729838119324400,8.807324462890625,0.11584409326314926,0.1093195378780365,0.05965305119752884
1789729838129261000,8.817260986328124,0.11797455698251724,0.11464570462703705,0.12196917831897736
1789729838139198000,8.827197998046875,0.1227681040763855,0.11411308497190475,0.17523083090782166
1789729838149134600,8.837134521484375,0.1014634445309639,0.08641702681779861,0.18854624032974243
1789729838159071000,8.847071044921876,0.06524552404880524,0.024633513763546944,0.1587197184562683
1789729838169007600,8.857007568359375,0.04340824484825134,-0.03661738336086273,0.11291470378637314
1789729838178944500,8.866944580078124,0.023168819025158882,-0.08987903594970703,0.08095771074295044
1789729838188880600,8.876880615234375,0.0007989247678779066,-0.13408620655536652,0.06657706201076508
1789729838198817000,8.886817138671875,-0.026364516466856003,-0.18361954391002655,0.047402869910001755
1789729838208753200,8.896753173828126,-0.05406057462096214,-0.23634858429431915,0.021837277337908745
1789729838218689500,8.906689453125,-0.06471290439367294,-0.24859875440597534,0.01491326279938221
1789729838228626000,8.9166259765625,-0.05406057462096214,-0.178293377161026,0.050598569214344025
1789729838238562800,8.926562744140625,-0.015712186694145203,-0.04194355010986328,0.11504516750574112
1789729838248499500,8.93649951171875,0.04340824484825134,0.11411308497190475,0.16244803369045258
1789729838258436400,8.946436279296876,0.10678961127996445,0.22329947352409363,0.15925233066082
1789729838268373000,8.956373046875,0.1435401439666748,0.22223423421382904,0.10386022180318832
1789729838278310000,8.966309814453124,0.13661614060401917,0.12796111404895782,0.0159784946590662
1789729838288246500,8.97624658203125,0.07802832126617432,-0.01957365684211254,-0.07935985922813416
1789729838298183700,8.98618359375,-0.021038351580500603,-0.145803764462471,-0.1486000120639801
1789729838308120300,8.996120361328124,-0.1009308323264122,-0.18095645308494568,-0.15712186694145203
1789729838318057000,9.006056884765625,-0.11744193732738495,-0.12769481539726257,-0.11397993564605713
1789729838327993300,9.015993408203125,-0.09720251709222794,-0.04673709720373154,-0.08788172155618668
1789729838337930200,9.02593017578125,-0.07589785009622574,0.015579032711684704,-0.12090394645929337
1789729838347866600,9.03586669921875,-0.0583215095102787,0.040612008422613144,-0.18801362812519073
1789729838357802800,9.045802734375,-0.0482017956674099,0.03688369318842888,-0.2252967804670334
1789729838367739100,9.0557392578125,-0.03382114693522453,0.022503048181533813,-0.1922745555639267
1789729838377675500,9.065675537109374,-0.0018641578499227762,0.015579032711684704,-0.10332760214805603
1789729838387612000,9.07561181640625,0.03808208182454109,0.0033288532868027687,-0.0106523297727108
1789729838397548500,9.085548583984375,0.05672365799546242,-0.05792204663157463,0.03089175745844841
1789729838407485400,9.0954853515625,0.024766668677330017,-0.17030413448810577,0.00905448105186224
1789729838417422000,9.105422119140625,-0.028494983911514282,-0.2746969759464264,-0.018641578033566475
1789729838427359000,9.11535888671875,-0.0689738392829895,-0.3284912407398224,-0.01118494663387537
1789729838437295600,9.125295654296876,-0.08814803510904312,-0.3173062801361084,0.039946239441633224
1789729838447232500,9.135232421875,-0.07323476672172546,-0.22622886300086975,0.13102366030216217
1789729838457169200,9.145169189453124,-0.014646953903138638,-0.07496577501296997,0.23168818652629852
1789729838467106000,9.15510595703125,0.04021254554390907,0.05232957378029823,0.2902759909629822
1789729838477042700,9.165042724609375,0.05619104206562042,0.08375394344329834,0.264710396528244
1789729838486979600,9.1749794921875,0.008255556225776672,0.031024912372231483,0.16191542148590088
1789729838496916000,9.184916015625,-0.09720251709222794,-0.05685681104660034,0.030359141528606415
1789729838506852600,9.1948525390625,-0.19520394504070282,-0.11544463038444519,-0.06657706201076508
1789729838516789200,9.204789306640626,-0.23621542751789093,-0.11331415921449661,-0.10918638855218887
1789729838526726000,9.214725830078125,-0.22662831842899323,-0.06591129302978516,-0.14753477275371552
1789729838536662300,9.224662353515624,-0.20425842702388763,-0.035019535571336746,-0.21784014999866486
1789729838546599000,9.234598876953125,-0.2069215178489685,-0.04833494871854782,-0.3138442933559418
1789729838556535600,9.24453564453125,-0.24154159426689148,-0.09840089827775955,-0.4070521593093872
1789729838566472000,9.254471923828126,-0.27829211950302124,-0.14367330074310303,-0.4592485725879669
1789729838576408600,9.26440869140625,-0.28681400418281555,-0.14899946749210358,-0.4395417869091034
1789729838586345200,9.27434521484375,-0.2596505582332611,-0.12343387305736542,-0.3628450036048889
1789729838596281600,9.284281494140625,-0.21650861203670502,-0.0829550251364708,-0.26324570178985596
1789729838606218200,9.29421826171875,-0.17176882922649384,-0.048867564648389816,-0.17629607021808624
1789729838616155000,9.30415478515625,-0.12809427082538605,-0.055258963257074356,-0.11504516750574112
1789729838626091500,9.314091552734375,-0.08921326696872711,-0.07869409024715424,-0.07083799690008163
1789729838636028000,9.32402783203125,-0.04660394415259361,-0.09733566641807556,-0.032489608973264694
1789729838645964500,9.333964599609375,0.0061250897124409676,-0.09999874979257584,0.00905448105186224
1789729838655901200,9.343901123046875,0.04979964345693588,-0.12183602899312973,0.032489608973264694
1789729838665837600,9.353837646484376,0.06364767253398895,-0.17136935889720917,0.02450035884976387
1789729838675774200,9.363774169921875,0.04287562891840935,-0.2427399754524231,0.01118494663387537
1789729838685710800,9.3737109375,0.002929390873759985,-0.32156720757484436,0.01917419396340847
1789729838695647500,9.3836474609375,-0.04127778112888336,-0.38548120856285095,0.051663801074028015
1789729838705584000,9.393584228515625,-0.07163692265748978,-0.3998618423938751,0.09746882319450378
1789729838715520800,9.403520751953126,-0.07110430300235748,-0.34446972608566284,0.15232832729816437
1789729838725457400,9.41345751953125,-0.05459319427609444,-0.2533923089504242,0.20399212837219238
1789729838735394000,9.42339404296875,-0.03275591507554054,-0.1676410436630249,0.22902509570121765
1789729838745331000,9.4333310546875,-0.021038351580500603,-0.11917294561862946,0.2018616646528244
1789729838755267600,9.443267578125,-0.013581721112132072,-0.11544463038444519,0.12516488134860992
1789729838765204200,9.453204345703124,0.011451254598796368,-0.08508548885583878,0.05006595328450203
1789729838775140900,9.463140869140625,0.06098458915948868,-0.007856093347072601,-0.01171756349503994
1789729838785077500,9.473077392578125,0.10625699162483215,0.057655736804008484,-0.08894696086645126
1789729838795014100,9.48301416015625,0.12489857524633408,0.06564498692750931,-0.191741943359375
1789729838804950800,9.49295068359375,0.12436595559120178,0.02303566411137581,-0.25312599539756775
1789729838814887400,9.502887451171874,0.12596380710601807,-0.07070484012365341,-0.2595174014568329
1789729838824824000,9.512823974609375,0.11690932512283325,-0.20598943531513214,-0.22849248349666595
1789729838834760700,9.5227607421875,0.08228924870491028,-0.3476654291152954,-0.1597849577665329
1789729838844697600,9.532697509765624,0.04127778112888336,-0.454188734292984,-0.07563154399394989
1789729838854634200,9.54263427734375,0.012516488321125507,-0.48028692603111267,0.03621792420744896
1789729838864571000,9.55257080078125,0.022636201232671738,-0.3705679476261139,0.18428531289100647
1789729838874507500,9.562507568359376,0.06418029218912125,-0.16604319214820862,0.3201025128364563
1789729838884444200,9.572444091796875,0.09613727778196335,0.03848154470324516,0.37975558638572693
1789729838894380800,9.582380859375,0.09560466557741165,0.1625811904668808,0.34460288286209106
1789729838904317400,9.5923173828125,0.07856093347072601,0.20891882479190826,0.24819929897785187
1789729838914254000,9.602254150390625,0.07323476672172546,0.23128871619701385,0.14167599380016327
1789729838924190700,9.612190673828126,0.0902784988284111,0.265908807516098,0.06551183015108109
1789729838934127600,9.622127685546875,0.10572437942028046,0.28614822030067444,0.010119713842868805
1789729838944064500,9.632064453125,0.07696308940649033,0.41131308674812317,-0.08947957307100296
1789729838954001200,9.642001220703126,0.015712186694145203,0.4944012761116028,-0.3575188219547272
1789729838963937500,9.6519375,-0.012516488321125507,0.20945143699645996,-0.6206313967704773
1789729838973874000,9.6618740234375,0.0007989247678779066,-0.15911918878555298,-0.7468615174293518
1789729838983810300,9.671810302734375,0.04873441159725189,-0.33115431666374207,-0.7511224150657654
1789729838993747000,9.681746826171874,0.07110430300235748,-0.3135779798030853,-0.6520557403564453
1789729839003684400,9.691684326171876,0.06524552404880524,-0.2528596818447113,-0.4922707974910736
1789729839013621000,9.70162109375,0.07749570161104202,-0.21344606578350067,-0.2925396263599396
1789729839023557600,9.7115576171875,0.12702903151512146,-0.18361954391002655,-0.05113118514418602
1789729839033494300,9.721494384765625,0.19094301760196686,-0.12449911236763,0.19493764638900757
1789729839043431000,9.731430908203125,0.22130216658115387,-0.10212921351194382,0.3595161437988281
1789729839053367600,9.741367431640626,0.19999749958515167,-0.16018441319465637,0.3829512596130371
1789729839063304200,9.75130419921875,0.12969212234020233,-0.27895790338516235,0.27216702699661255
1789729839073240600,9.761240478515624,0.04021254554390907,-0.36257869005203247,0.0953383520245552
1789729839083177000,9.771177001953125,-0.030092833563685417,-0.3386109471321106,-0.0644465982913971
1789729839093113300,9.78111328125,-0.06045197322964668,-0.19586972892284393,-0.13581721484661102
1789729839103049700,9.7910498046875,-0.04394086077809334,0.015046416781842709,-0.08788172155618668
1789729839112986400,9.800986328125,-0.00452724052593112,0.23235395550727844,0.060185667127370834
1789729839122923000,9.810923095703124,0.014114337973296642,0.40385645627975464,0.2439383566379547
1789729839132859600,9.820859619140625,-0.0050598569214344025,0.4629769027233124,0.39040789008140564
1789729839142796300,9.83079638671875,-0.04607132822275162,0.40279123187065125,0.4782896339893341
1789729839152733000,9.84073291015625,-0.08335448056459427,0.29520270228385925,0.5166380405426025
1789729839162669600,9.850669677734375,-0.1115831583738327,0.15991811454296112,0.5006595253944397
1789729839172606200,9.860606201171874,-0.13448566198349,0.050199106335639954,0.44153907895088196
1789729839182542800,9.87054296875,-0.1451379954814911,-0.014780107885599136,0.3483312129974365
1789729839192479500,9.8804794921875,-0.14034445583820343,-0.03928046673536301,0.2338186502456665
1789729839202416000,9.890416015625,-0.13075734674930573,-0.03928046673536301,0.11078423261642456
1789729839212353000,9.90035302734375,-0.132355198264122,-0.017975807189941406,-0.02023942768573761
1789729839222289700,9.91028955078125,-0.15951864421367645,0.02729659713804722,-0.1272953450679779
1789729839232226300,9.920226318359376,-0.1877473145723343,0.08162347972393036,-0.19600287079811096
1789729839242163000,9.930162841796875,-0.1744319051504135,0.07097115367650986,-0.24939768016338348
1789729839252099600,9.940099609375,-0.12702903151512146,0.12529803812503815,-0.2568543255329132
1789729839262036200,9.9500361328125,-0.05512581020593643,0.20785360038280487,-0.22582940757274628
1789729839271972900,9.959972900390625,0.031158065423369408,0.27336543798446655,-0.15232832729816437
1789729839281909500,9.969909423828126,0.11690932512283325,0.2802894413471222,-0.07669677585363388
1789729839291847200,9.97984716796875,0.17230144143104553,0.2371474951505661,-0.033554840832948685
1789729839301783800,9.98978369140625,0.19307348132133484,0.16364642977714539,-0.03728315606713295
1789729839311720400,9.999720458984376,0.2063889056444168,0.07256899774074554,-0.07776200771331787
1789729839321657000,10.009656982421875,0.21118244528770447,-0.023301972076296806,-0.14646953344345093
1789729839331593700,10.01959375,0.1978670358657837,-0.11864032596349716,-0.2348838746547699
1789729839341530400,10.0295302734375,0.1744319051504135,-0.19693495333194733,-0.29680055379867554
1789729839351467000,10.039467041015625,0.1547250896692276,-0.1990654170513153,-0.2898765504360199
1789729839361403600,10.049403564453126,0.14886631071567535,-0.1042596846818924,-0.20558997988700867
1789729839371340000,10.059340087890625,0.14726845920085907,0.054460037499666214,-0.06870753318071365
1789729839381276700,10.069276611328124,0.13555090129375458,0.1945381760597229,0.061250898987054825
1789729839391213300,10.07921337890625,0.1126483902335167,0.26324570178985596,0.10865376889705658
1789729839401150500,10.089150390625,0.07589785009622574,0.2264951765537262,0.07083799690008163
1789729839411087000,10.099087158203124,0.0370168462395668,0.12370018661022186,-0.00905448105186224
1789729839421023700,10.109023681640625,0.0018641578499227762,0.021437814459204674,-0.08095771074295044
1789729839430960400,10.11896044921875,-0.028494983911514282,-0.03928046673536301,-0.09746882319450378
1789729839440896800,10.128896728515626,-0.030092833563685417,-0.0009320789249613881,-0.044207170605659485
1789729839450833400,10.13883349609375,0.0077229393646121025,0.1295589655637741,0.06604444980621338
1789729839460770300,10.148770263671874,0.07483261823654175,0.2914743721485138,0.18801362812519073
1789729839470707500,10.15870751953125,0.13714875280857086,0.3974650800228119,0.2742975056171417
1789729839480643300,10.168643310546875,0.16750788688659668,0.4209001958370209,0.31371113657951355
1789729839490579200,10.1785791015625,0.16058388352394104,0.3564535975456238,0.3115806579589844
1789729839500515600,10.188515625,0.12756165862083435,0.2254299372434616,0.28228676319122314
1789729839510452000,10.198451904296874,0.07536523789167404,0.06351451575756073,0.22795987129211426
1789729839520388900,10.208388916015625,0.008255556225776672,-0.07656362652778625,0.1597849577665329
1789729839530326500,10.218326416015625,-0.04021254554390907,-0.1559234857559204,0.08681648969650269
1789729839540263700,10.228263671875,-0.0583215095102787,-0.1569887101650238,0.02663082629442215
1789729839550200300,10.238200439453125,-0.05246272683143616,-0.12023817747831345,-0.0031956990715116262
1789729839560137000,10.248136962890625,-0.03914731368422508,-0.07816147059202194,-0.0010652330238372087
1789729839570073600,10.258073486328126,-0.03382114693522453,-0.04673709720373154,0.015445878729224205
1789729839580010000,10.268010009765625,-0.04287562891840935,-0.028628136962652206,0.026098208501935005
1789729839589947100,10.277947021484374,-0.06045197322964668,-0.03608476743102074,0.016511112451553345
1789729839599883500,10.287883544921876,-0.07270215451717377,-0.05472634732723236,-0.007456631399691105
1789729839609820000,10.29781982421875,-0.07856093347072601,-0.07656362652778625,-0.029293907806277275
1789729839619756300,10.30775634765625,-0.07643046975135803,-0.08721595257520676,-0.049533337354660034
1789729839629693000,10.31769287109375,-0.05406057462096214,-0.07762885838747025,-0.06284874677658081
1789729839639629300,10.32762939453125,-0.017310036346316338,-0.03768261894583702,-0.05645735189318657
1789729839649565700,10.337565673828125,-0.0007989247678779066,-0.009453942999243736,-0.04687025398015976
1789729839659502300,10.34750244140625,-0.009853405877947807,-0.009986559860408306,-0.03515268862247467
1789729839669439500,10.357439453125,-0.031158065423369408,-0.026497671380639076,-0.03834838792681694
1789729839679377000,10.367376953125,-0.06364767253398895,-0.05312849581241608,-0.06764229387044907
1789729839689313500,10.3773134765625,-0.10945269465446472,-0.07656362652778625,-0.11078423261642456
1789729839699250200,10.387250244140626,-0.1552577167749405,-0.08188978582620621,-0.13528458774089813
1789729839709186800,10.397186767578125,-0.19307348132133484,-0.07975932210683823,-0.13315412402153015
1789729839719123500,10.40712353515625,-0.18934516608715057,-0.0723026916384697,-0.11930610239505768
1789729839729060400,10.417060302734376,-0.13874660432338715,-0.05366111174225807,-0.09800143539905548
1789729839738997000,10.4269970703125,-0.06364767253398895,0.02942706272006035,-0.046337638050317764
1789729839748933600,10.43693359375,0.04447348043322563,0.14607007801532745,0.00852186419069767
1789729839758870500,10.44687060546875,0.14726845920085907,0.235549658536911,0.04687025398015976
1789729839768806700,10.456806640625,0.1877473145723343,0.21797330677509308,0.04473978653550148
1789729839778743000,10.466742919921876,0.1430075317621231,0.08641702681779861,-0.01384802907705307
1789729839788679200,10.47667919921875,0.05512581020593643,-0.055258963257074356,-0.09001219272613525
1789729839798615600,10.486615478515626,-0.00719032296910882,-0.10585752874612808,-0.14380645751953125
1789729839808552000,10.496552001953125,-0.008255556225776672,-0.0712374597787857,-0.16777420043945312
1789729839818489900,10.50648974609375,0.008255556225776672,-0.048867564648389816,-0.16511112451553345
1789729839828427000,10.516427001953126,0.002929390873759985,-0.06271559745073318,-0.16457849740982056
1789729839838363600,10.52636376953125,-0.009853405877947807,-0.058454662561416626,-0.15712186694145203
1789729839848300300,10.53630029296875,0.0007989247678779066,-0.009986559860408306,-0.11451254785060883
1789729839858237000,10.54623681640625,0.03808208182454109,0.033155377954244614,-0.04687025398015976
1789729839868173600,10.556173583984375,0.0588541254401207,0.03155753016471863,0.013315413147211075
1789729839878108400,10.5661083984375,0.03648423030972481,0.0027962366584688425,0.05113118514418602
1789729839888043800,10.576043701171875,-0.0050598569214344025,-0.021171506494283676,0.06817491352558136
1789729839897979600,10.585979736328126,-0.03275591507554054,-0.011051792651414871,0.0745663121342659
1789729839907916000,10.595916015625,-0.0370168462395668,0.037416309118270874,0.0953383520245552
1789729839917853200,10.605853271484374,-0.029027599841356277,0.10452599078416824,0.137947678565979
1789729839927790600,10.61579052734375,-0.025299284607172012,0.183885857462883,0.18322007358074188
1789729839937728500,10.625728515625,-0.03861469775438309,0.237680122256279,0.20399212837219238
1789729839947666400,10.63566650390625,-0.06204982474446297,0.2552564740180969,0.1912093311548233
1789729839957604600,10.6456044921875,-0.06418029218912125,0.2579195499420166,0.15712186694145203
1789729839967539500,10.65553955078125,-0.0370168462395668,0.2467346042394638,0.11238208413124084
1789729839977474600,10.665474609375,-0.0007989247678779066,0.23981058597564697,0.07669677585363388
1789729839987410000,10.675409912109375,0.025299284607172012,0.2366148829460144,0.045272402465343475
1789729839997346000,10.685345947265626,0.0375494658946991,0.24513675272464752,0.0053261648863554
1789729840007282700,10.69528271484375,0.04447348043322563,0.25472384691238403,-0.02982652559876442
1789729840017220000,10.70522021484375,0.05246272683143616,0.26271310448646545,-0.03408745676279068
1789729840027158000,10.715157958984374,0.05033225938677788,0.2696371078491211,-0.0026630824431777
1789729840037096200,10.72509619140625,0.05246272683143616,0.2483324557542801,0.043141938745975494
1789729840047033900,10.735033935546875,0.04979964345693588,0.13914605975151062,0.05539211630821228
1789729840056970500,10.744970458984374,0.030625449493527412,-0.01744319126009941,0.0047935484908521175
1789729840066907100,10.7549072265625,0.008255556225776672,-0.14207544922828674,-0.056989967823028564
1789729840076843800,10.76484375,0.002929390873759985,-0.19373925030231476,-0.058055199682712555
1789729840086780400,10.774780517578124,0.04074516147375107,-0.16018441319465637,0.0053261648863554
1789729840096717000,10.784717041015625,0.11477886140346527,-0.08721595257520676,0.0964035913348198
1789729840106653700,10.79465380859375,0.16910573840141296,-0.02170412242412567,0.1597849577665329
1789729840116590300,10.80459033203125,0.17922545969486237,0.005991935729980469,0.15765449404716492
1789729840126527200,10.81452734375,0.14833369851112366,-0.0238345880061388,0.09054480493068695
1789729840136463600,10.824463623046874,0.1009308323264122,-0.04833494871854782,-0.01118494663387537
1789729840146400000,10.83439990234375,0.06790860742330551,-0.02809552103281021,-0.1070559173822403
1789729840156336600,10.844336669921875,0.05033225938677788,0.02090519852936268,-0.17629607021808624
1789729840166273000,10.85427294921875,0.030092833563685417,0.066177599132061,-0.2338186502456665
1789729840176209400,10.86420947265625,0.002929390873759985,0.07097115367650986,-0.2983984053134918
1789729840186146000,10.87414599609375,-0.022636201232671738,0.06298190355300903,-0.37829089164733887
1789729840196082700,10.884082763671875,-0.03648423030972481,0.03954677656292915,-0.44273748993873596
1789729840206019600,10.89401953125,-0.04447348043322563,-0.016910573467612267,-0.4517919421195984
1789729840215956200,10.903956298828126,-0.05352795869112015,-0.04726971685886383,-0.3953346014022827
1789729840225893400,10.913893310546875,-0.05991935729980469,-0.04940018057823181,-0.2818872928619385
1789729840235830800,10.923830810546875,-0.06418029218912125,-0.06804175674915314,-0.1390129029750824
1789729840245767400,10.933767333984376,-0.05991935729980469,-0.10692276805639267,-0.01118494663387537
1789729840255704000,10.9437041015625,-0.04607132822275162,-0.16124965250492096,0.08362079411745071
1789729840265640700,10.953640625,-0.030092833563685417,-0.22303315997123718,0.13581721484661102
1789729840275577300,10.963577392578125,-0.011983871459960938,-0.24806614220142365,0.15499140322208405
1789729840285513500,10.973513427734375,0.009320789016783237,-0.24540305137634277,0.16777420043945312
1789729840295449600,10.98344970703125,0.031158065423369408,-0.20226112008094788,0.18481792509555817
1789729840305386000,10.993385986328125,0.04660394415259361,-0.1468690037727356,0.19547025859355927
1789729840315322400,11.003322265625,0.05352795869112015,-0.09467258304357529,0.2018616646528244
1789729840325259000,11.013259033203125,0.03967992961406708,-0.047802332788705826,0.17682868242263794
1789729840335196200,11.023196044921875,0.019973119720816612,0.000665770610794425,0.12037133425474167
1789729840345133000,11.033133056640626,0.012516488321125507,0.019307348877191544,0.05006595328450203
1789729840355070200,11.0430703125,0.013049104250967503,0.02623136341571808,-0.0053261648863554
1789729840365007400,11.05300732421875,0.019973119720816612,0.02090519852936268,-0.023967742919921875
1789729840374944300,11.0629443359375,0.03222329914569855,0.0011983871227130294,0.0005326165119186044
1789729840384881400,11.07288134765625,0.04607132822275162,-0.03768261894583702,0.06071828305721283
1789729840394817300,11.0828173828125,0.05352795869112015,-0.09041165560483932,0.1384802907705307
1789729840404754200,11.092754150390626,0.04607132822275162,-0.13408620655536652,0.22156846523284912
1789729840414690800,11.10269091796875,0.03222329914569855,-0.1463363915681839,0.3201025128364563
1789729840424627700,11.112627685546874,0.030092833563685417,-0.1042596846818924,0.418103963136673
1789729840434564400,11.122564453125,0.0689738392829895,-0.03608476743102074,0.4900071918964386
1789729840444501200,11.132501220703125,0.11744193732738495,0.0033288532868027687,0.5017247796058655
1789729840454438000,11.14243798828125,0.12063764035701752,0.0001331541279796511,0.43248459696769714
1789729840464374500,11.15237451171875,0.07110430300235748,-0.06591129302978516,0.2897433936595917
1789729840474311200,11.162311279296874,-0.00399462366476655,-0.1351514458656311,0.10918638855218887
1789729840484247800,11.172247802734375,-0.05619104206562042,-0.17616291344165802,-0.060185667127370834
1789729840494184400,11.182184326171875,-0.07270215451717377,-0.19693495333194733,-0.1821548491716385
1789729840504121000,11.19212109375,-0.08441971987485886,-0.18734785914421082,-0.24993029236793518
1789729840514057700,11.2020576171875,-0.10359390825033188,-0.13781452178955078,-0.2605826258659363
1789729840523994400,11.211994384765624,-0.1115831583738327,-0.04407401755452156,-0.21624229848384857
1789729840533931300,11.22193115234375,-0.10199606418609619,0.010785484686493874,-0.1491326242685318
1789729840543868000,11.231867919921875,-0.06790860742330551,-0.0025299284607172012,-0.09959928691387177
1789729840553804500,11.241804443359374,-0.00399462366476655,-0.05632419511675835,-0.12090394645929337
1789729840563741200,11.2517412109375,0.07110430300235748,-0.13887976109981537,-0.22636201977729797
1789729840573677800,11.261677734375,0.11797455698251724,-0.19427187740802765,-0.3745625615119934
1789729840583614500,11.271614501953126,0.12702903151512146,-0.1042596846818924,-0.4608464241027832
1789729840593551000,11.281551025390625,0.10572437942028046,0.08109086751937866,-0.4379439353942871
1789729840603487700,11.29148779296875,0.04340824484825134,0.2557890713214874,-0.31490951776504517
1789729840613424400,11.30142431640625,-0.026364516466856003,0.38947582244873047,-0.12250179797410965
1789729840623361800,11.31136181640625,-0.07003907114267349,0.4613790512084961,0.07030537724494934
1789729840633298700,11.321298583984374,-0.07749570161104202,0.408117413520813,0.20399212837219238
1789729840643234600,11.331234619140625,0.03222329914569855,0.2904091477394104,0.28175413608551025
1789729840653170700,11.341170654296874,0.1760297566652298,-0.02809552103281021,0.23648172616958618
1789729840663106600,11.3511064453125,0.12756165862083435,-0.39613354206085205,0.15073047578334808
1789729840673043200,11.361043212890625,0.008255556225776672,-0.5532553791999817,0.14593692123889923
1789729840682980600,11.370980712890624,-0.015179570764303207,-0.5580489635467529,0.21038351953029633
1789729840692918500,11.38091845703125,-0.06631075590848923,-0.566038191318512,0.28228676319122314
1789729840702855200,11.390855224609375,-0.1552577167749405,-0.4669715166091919,0.33554840087890625
1789729840712791800,11.400791748046874,-0.19254086911678314,-0.22835932672023773,0.348863810300827
1789729840722728400,11.410728515625,-0.1760297566652298,0.05925358831882477,0.34673336148262024
1789729840732665000,11.4206650390625,-0.1115831583738327,0.3207682967185974,0.3206351399421692
1789729840742602000,11.43060205078125,-0.018907885998487473,0.5300865769386292,0.2753627300262451
1789729840752538600,11.44053857421875,0.04287562891840935,0.6234276294708252,0.21784014999866486
1789729840762475300,11.450475341796874,0.05299534276127815,0.5962641835212708,0.14327384531497955
1789729840772412000,11.460411865234375,0.04340824484825134,0.4954665005207062,0.08681648969650269
1789729840782348500,11.4703486328125,0.03382114693522453,0.33994248509407043,0.09906667470932007
1789729840792285200,11.48028515625,0.0061250897124409676,0.14766792953014374,0.15339355170726776
1789729840802221800,11.490221923828125,-0.04553871229290962,-0.07336792349815369,0.19866596162319183
1789729840812158500,11.500158447265624,-0.07643046975135803,-0.2416747361421585,0.24819929897785187
1789729840822095000,11.51009521484375,-0.0583215095102787,-0.3071865737438202,0.3115806579589844
1789729840832031700,11.52003173828125,-0.014114337973296642,-0.26724034547805786,0.3611139953136444
1789729840841968600,11.52996875,0.019973119720816612,-0.17190198600292206,0.3717663288116455
1789729840851905300,11.5399052734375,0.04021254554390907,-0.03555215150117874,0.33661362528800964
1789729840861842000,11.549842041015625,0.05672365799546242,0.09387365728616714,0.2545906901359558
1789729840871778600,11.559778564453126,0.05619104206562042,0.13488513231277466,0.16138280928134918
1789729840881715200,11.569715087890625,0.03967992961406708,0.0880148783326149,0.08255556225776672
1789729840891651800,11.57965185546875,0.0023967742454260588,-0.027562905102968216,0.019706811755895615
1789729840901588500,11.58958837890625,-0.05778888985514641,-0.15432563424110413,-0.017576344311237335
1789729840911525000,11.599525146484375,-0.11531147360801697,-0.22409839928150177,0.0010652330238372087
1789729840921461800,11.609461669921876,-0.13555090129375458,-0.2011958807706833,0.07882724702358246
1789729840931398700,11.619398681640625,-0.11637670546770096,-0.1260969638824463,0.17363297939300537
1789729840941335300,11.629335205078124,-0.08814803510904312,-0.04833494871854782,0.23115555942058563
1789729840951272000,11.63927197265625,-0.06151720881462097,0.016111649572849274,0.2247641682624817
1789729840961208600,11.64920849609375,-0.03275591507554054,0.050199106335639954,0.16670896112918854
1789729840971145500,11.6591455078125,-0.023168819025158882,0.05286218971014023,0.07616416364908218
1789729840981082400,11.669082275390625,-0.04873441159725189,-0.001997311832383275,-0.010119713842868805
1789729840991019500,11.67901953125,-0.09666989743709564,-0.09200949966907501,-0.07882724702358246
1789729841000956400,11.688956298828124,-0.1430075317621231,-0.1793586164712906,-0.14061075448989868
1789729841010893300,11.698893310546875,-0.16857312619686127,-0.22942456603050232,-0.2013290375471115
1789729841020829400,11.708829345703125,-0.16111649572849274,-0.22250054776668549,-0.25472384691238403
1789729841030765800,11.718765869140626,-0.13501828908920288,-0.16391272842884064,-0.2808220684528351
1789729841040702000,11.728701904296875,-0.09453943371772766,-0.08668334037065506,-0.27336543798446655
1789729841050638300,11.738638427734376,-0.04021254554390907,-0.021171506494283676,-0.25472384691238403
1789729841060575000,11.748574951171875,0.011983871459960938,0.011318100616335869,-0.23168818652629852
1789729841070512000,11.75851220703125,0.05193011090159416,0.012915950268507004,-0.19973118603229523
1789729841080449800,11.76844970703125,0.08601756393909454,-0.013714875094592571,-0.16830681264400482
1789729841090386700,11.77838671875,0.0908111184835434,-0.10159660130739212,-0.16777420043945312
1789729841100323300,11.7883232421875,0.04021254554390907,-0.23954427242279053,-0.19813334941864014
1789729841110260000,11.798260009765626,-0.04074516147375107,-0.3572525382041931,-0.19919857382774353
1789729841120196600,11.808196533203125,-0.09826774895191193,-0.3828181326389313,-0.11078423261642456
1789729841130134000,11.818134033203124,-0.09134373068809509,-0.2523270845413208,0.10226237028837204
1789729841140070000,11.82806982421875,0.0002663082559593022,-0.006258244160562754,0.3728315532207489
1789729841150006000,11.838006103515625,0.12969212234020233,0.23448441922664642,0.5432688593864441
1789729841159942100,11.847942138671876,0.1968017965555191,0.33727940917015076,0.5395405292510986
1789729841169878800,11.857878662109375,0.16377957165241241,0.2888112962245941,0.3621792197227478
1789729841179816000,11.86781591796875,0.07216953486204147,0.1508636325597763,0.08681648969650269
1789729841189753000,11.877753173828125,-0.017842652276158333,0.03049229457974434,-0.1501978635787964
1789729841199690000,11.88768994140625,-0.0588541254401207,-0.006790860556066036,-0.25259336829185486
1789729841209627100,11.897627197265624,-0.06631075590848923,0.02729659713804722,-0.2354165017604828
1789729841219564000,11.90756396484375,-0.08175663650035858,0.05659050494432449,-0.2034595012664795
1789729841229500700,11.917500732421875,-0.10412652790546417,0.03209014609456062,-0.2332860380411148
1789729841239437300,11.927437255859376,-0.09134373068809509,0.007057168986648321,-0.29626792669296265
1789729841249374000,11.9373740234375,-0.03914731368422508,0.0038614696823060513,-0.3521926701068878
1789729841259310600,11.947310546875,0.012516488321125507,0.005459319334477186,-0.3862801194190979
1789729841269247200,11.957247314453125,0.04553871229290962,-0.02063889056444168,-0.42409589886665344
1789729841279184100,11.96718408203125,0.06737598776817322,-0.07762885838747025,-0.47735753655433655
1789729841289120800,11.977120849609374,0.08761541545391083,-0.16444534063339233,-0.5412715077400208
1789729841299057400,11.987057373046875,0.11477886140346527,-0.24913136661052704,-0.5726959109306335
1789729841308994000,11.996994140625,0.16377957165241241,-0.26937079429626465,-0.539141058921814
1789729841318930700,12.0069306640625,0.22449785470962524,-0.21823962032794952,-0.4283568263053894
1789729841328867300,12.016867431640625,0.2708354890346527,-0.11704248189926147,-0.25259336829185486
1789729841338804000,12.026803955078124,0.27775952219963074,-0.0014646954368799925,-0.09480573982000351
1789729841348740600,12.03674072265625,0.23621542751789093,0.067242830991745,-0.034620072692632675
1789729841358676500,12.046676513671875,0.17762760818004608,0.07842778414487839,-0.06284874677658081
1789729841368613400,12.05661328125,0.12383333593606949,0.05073172226548195,-0.1278279572725296
1789729841378550000,12.066550048828125,0.07003907114267349,0.0038614696823060513,-0.1906767040491104
1789729841388486700,12.076486572265624,0.025831900537014008,-0.03928046673536301,-0.19973118603229523
1789729841398423300,12.08642333984375,-0.005592473316937685,-0.043541401624679565,-0.15073047578334808
1789729841408360000,12.09635986328125,-0.018907885998487473,0.007589785382151604,-0.0740336924791336
1789729841418296600,12.106296630859376,-0.010918638668954372,0.0874822586774826,0.00905448105186224
1789729841428233200,12.116233154296875,0.0077229393646121025,0.1631138026714325,0.0740336924791336
1789729841438169900,12.126169921875,0.023701434955000877,0.21957115828990936,0.11025162041187286
1789729841448106800,12.136106689453126,0.0370168462395668,0.235549658536911,0.1059906855225563
1789729841458043400,12.14604345703125,0.0482017956674099,0.20146219432353973,0.06071828305721283
1789729841467980000,12.15597998046875,0.05033225938677788,0.13808083534240723,0.022902509197592735
1789729841477917000,12.1659169921875,0.05512581020593643,0.06937330216169357,0.02343512699007988
1789729841487853600,12.175853515625,0.06790860742330551,0.022503048181533813,0.0639139786362648
1789729841497790500,12.18579052734375,0.10252867639064789,0.017176883295178413,0.13581721484661102
1789729841507727000,12.19572705078125,0.16377957165241241,0.07097115367650986,0.21943800151348114
1789729841517664000,12.2056640625,0.22609570622444153,0.14660269021987915,0.2860150635242462
1789729841527600600,12.2156005859375,0.2500634491443634,0.1945381760597229,0.3003957271575928
1789729841537537500,12.22553759765625,0.21224768459796906,0.18015754222869873,0.2444709837436676
1789729841547474200,12.23547412109375,0.13501828908920288,0.11464570462703705,0.15445879101753235
1789729841557411000,12.2454111328125,0.05565842613577843,0.04327509179711342,0.06977276504039764
1789729841567347700,12.25534765625,-0.0018641578499227762,-0.0025299284607172012,0.0063913981430232525
1789729841577284600,12.26528466796875,-0.021038351580500603,-0.008921326138079166,-0.0319569893181324
1789729841587221200,12.27522119140625,-0.011983871459960938,0.006524552125483751,-0.0532616525888443
1789729841597158100,12.285158203125,-0.0023967742454260588,0.0017310036346316338,-0.0857512578368187
1789729841607095000,12.295094970703126,-0.026897134259343147,-0.054193731397390366,-0.13688243925571442
1789729841617031700,12.30503173828125,-0.0689738392829895,-0.11917294561862946,-0.15552401542663574
1789729841626968600,12.314968505859374,-0.07856093347072601,-0.13195574283599854,-0.09054480493068695
1789729841636905200,12.3249052734375,-0.03169068321585655,-0.07656362652778625,0.0319569893181324
1789729841646842000,12.334842041015625,0.04447348043322563,0.017176883295178413,0.17363297939300537
1789729841656778800,12.34477880859375,0.10838746279478073,0.09760197252035141,0.2529928386211395
1789729841666715600,12.354715576171875,0.13661614060401917,0.1199718713760376,0.2119813710451126
1789729841676652300,12.36465234375,0.12596380710601807,0.08215609937906265,0.07616416364908218
1789729841686589200,12.374589111328126,0.0908111184835434,0.025698747485876083,-0.0852186381816864
1789729841696525800,12.38452587890625,0.06471290439367294,-0.008921326138079166,-0.18428531289100647
1789729841706462700,12.394462646484374,0.06258244067430496,-0.0025299284607172012,-0.20772044360637665
1789729841716399400,12.4043994140625,0.0588541254401207,-0.0009320789249613881,-0.21730753779411316
1789729841726336300,12.414336181640625,0.027429750189185143,-0.037150003015995026,-0.26271310448646545
1789729841736273000,12.42427294921875,-0.022636201232671738,-0.11917294561862946,-0.3346163332462311
1789729841746209800,12.434209716796875,-0.06471290439367294,-0.210782989859581,-0.38947582244873047
1789729841756146400,12.444146484375,-0.08601756393909454,-0.27789267897605896,-0.3985303044319153
1789729841766082600,12.45408251953125,-0.09187635034322739,-0.31304535269737244,-0.3442034125328064
1789729841776019000,12.46401904296875,-0.07430000603199005,-0.2837514579296112,-0.23594911396503448
1789729841785955300,12.473955322265626,-0.03488638252019882,-0.19160878658294678,-0.10332760214805603
1789729841795892000,12.48389208984375,0.008255556225776672,-0.08615072071552277,0.01810896210372448
1789729841805828900,12.493828857421875,0.03328853100538254,-0.03022598661482334,0.07083799690008163
1789729841815765800,12.503765869140626,0.027429750189185143,-0.03661738336086273,0.032489608973264694
1789729841825702700,12.51370263671875,0.0023967742454260588,-0.07283531129360199,-0.048468101769685745
1789729841835639600,12.5236396484375,-0.013581721112132072,-0.09999874979257584,-0.11025162041187286
1789729841845576400,12.533576416015626,-0.024234050884842873,-0.09467258304357529,-0.1166430190205574
1789729841855513000,12.54351318359375,-0.029560215771198273,-0.03768261894583702,-0.05645735189318657
1789729841865450000,12.553449951171874,-0.025831900537014008,0.041677240282297134,0.033554840832948685
1789729841875387000,12.563386962890625,-0.026897134259343147,0.08588441461324692,0.11611039936542511
1789729841885323800,12.57332373046875,-0.021570969372987747,0.10292813926935196,0.19014409184455872
1789729841895260700,12.5832607421875,0.029560215771198273,0.10825430601835251,0.2529928386211395
1789729841905197600,12.593197509765625,0.12702903151512146,0.098667211830616,0.2886781394481659
1789729841915134200,12.60313427734375,0.2181064635515213,0.06457975506782532,0.2881455421447754
1789729841925070300,12.6130703125,0.23781327903270721,-0.008921326138079166,0.24074266850948334
1789729841935006200,12.623006103515625,0.1664426624774933,-0.13142313063144684,0.13528458774089813
1789729841944942600,12.632942626953126,0.0370168462395668,-0.2837514579296112,0.0063913981430232525
1789729841954879200,12.642879150390625,-0.07536523789167404,-0.3806876540184021,-0.052729032933712006
1789729841964816400,12.65281640625,-0.1126483902335167,-0.35299158096313477,0.0031956990715116262
1789729841974753300,12.662753173828126,-0.09933298081159592,-0.2539249360561371,0.11344731599092484
1789729841984690700,12.672690673828125,-0.07323476672172546,-0.1351514458656311,0.20931829512119293
1789729841994627800,12.6826279296875,-0.05033225938677788,-0.01744319126009941,0.2684387266635895
1789729842004565000,12.69256494140625,-0.03222329914569855,0.07310161739587784,0.29240646958351135
1789729842014501600,12.702501708984375,-0.009853405877947807,0.1311568170785904,0.3067871034145355
1789729842024438300,12.712438232421874,0.020505735650658607,0.16417904198169708,0.32489606738090515
1789729842034375000,12.722375,0.06151720881462097,0.16950520873069763,0.3307548463344574
1789729842044311600,12.7323115234375,0.10892007499933243,0.1519288569688797,0.30199354887008667
1789729842054248200,12.742248291015626,0.132355198264122,0.08854749798774719,0.19706811010837555
1789729842064184800,12.752184814453125,0.10465914756059647,-0.033954303711652756,0.007456631399691105
1789729842074121500,12.76212158203125,0.03328853100538254,-0.20279373228549957,-0.23594911396503448
1789729842084058400,12.772058349609376,-0.07003907114267349,-0.3817528784275055,-0.46563997864723206
1789729842093995000,12.7819951171875,-0.18242116272449493,-0.5260919332504272,-0.5993267297744751
1789729842103931600,12.791931640625,-0.2527265250682831,-0.6155715584754944,-0.5987941026687622
1789729842113868300,12.801868408203125,-0.2394111156463623,-0.6118432283401489,-0.46563997864723206
1789729842123805000,12.811804931640625,-0.15738818049430847,-0.5223636627197266,-0.2467346042394638
1789729842133741600,12.821741455078126,-0.04234301298856735,-0.370035320520401,-0.0063913981430232525
1789729842143678200,12.83167822265625,0.06844121962785721,-0.18681524693965912,0.18961147964000702
1789729842153614800,12.84161474609375,0.1557903289794922,0.0001331541279796511,0.30305880308151245
1789729842163551500,12.851551513671875,0.2175738513469696,0.15725502371788025,0.32329821586608887
1789729842173488000,12.861488037109375,0.23088926076889038,0.23448441922664642,0.2663082480430603
1789729842183425000,12.871425048828126,0.18188853561878204,0.21051667630672455,0.15925233066082
1789729842193361700,12.881361572265625,0.08175663650035858,0.11251524090766907,0.03621792420744896
1789729842203298600,12.891298583984375,-0.026897134259343147,0.0001331541279796511,-0.050598569214344025
1789729842213235500,12.9012353515625,-0.12436595559120178,-0.08934641629457474,-0.07882724702358246
1789729842223172000,12.911172119140625,-0.19893226027488708,-0.12023817747831345,-0.05113118514418602
1789729842233109000,12.92110888671875,-0.2388785034418106,-0.10266183316707611,0.0063913981430232525
1789729842243045600,12.931045654296875,-0.23781327903270721,-0.05153064802289009,0.06071828305721283
1789729842252982500,12.940982421875,-0.2079867422580719,0.008655018173158169,0.07935985922813416
1789729842262919200,12.950919189453124,-0.1749645173549652,0.051264338195323944,0.049533337354660034
1789729842272856000,12.96085595703125,-0.15206201374530792,0.03262276202440262,-0.02023942768573761
1789729842282792700,12.970792724609375,-0.14673584699630737,-0.04673709720373154,-0.11344731599092484
1789729842292729600,12.9807294921875,-0.16005125641822815,-0.1468690037727356,-0.18588316440582275
1789729842302666200,12.990666259765625,-0.18135592341423035,-0.23688119649887085,-0.20558997988700867
1789729842312603100,13.00060302734375,-0.19360610842704773,-0.30239301919937134,-0.17895914614200592
1789729842322539800,13.010539794921876,-0.19360610842704773,-0.3503285050392151,-0.1070559173822403
1789729842332476700,13.0204765625,-0.18987779319286346,-0.3673722445964813,0.012782796286046505
1789729842342413300,13.030413330078124,-0.16910573840141296,-0.32103461027145386,0.1805569976568222
1789729842352350200,13.04035009765625,-0.12170287221670151,-0.21823962032794952,0.3536573648452759
1789729842362286800,13.050286865234375,-0.05352795869112015,-0.06750914454460144,0.47349607944488525
1789729842372223700,13.0602236328125,0.008255556225776672,0.07629731297492981,0.49586597084999084
1789729842382160400,13.070160400390625,0.027962366119027138,0.16577689349651337,0.3856143653392792
1789729842392097300,13.08009716796875,-0.015712186694145203,0.19187510013580322,0.13634982705116272
1789729842402034000,13.090033935546876,-0.10465914756059647,0.14926578104496002,-0.19973118603229523
1789729842411970800,13.099970703125,-0.22503048181533813,0.05179695412516594,-0.5279561281204224
1789729842421907500,13.109907470703124,-0.3539236783981323,-0.07603100687265396,-0.7734923362731934
1789729842431844400,13.11984423828125,-0.46950146555900574,-0.23634858429431915,-0.9252880215644836
1789729842441781000,13.129781005859375,-0.5515244007110596,-0.4264926612377167,-1.0153002738952637
1789729842451718000,13.1397177734375,-0.5898727774620056,-0.6123758554458618,-1.0488550662994385
1789729842461654500,13.149654541015625,-0.5744268894195557,-0.7524539828300476,-1.014235019683838
1789729842471591400,13.15959130859375,-0.48761042952537537,-0.8137048482894897,-0.9082443118095398
1789729842481528000,13.169528076171876,-0.34060826897621155,-0.8126396536827087,-0.7239589691162109
1789729842491465000,13.17946484375,-0.17283405363559723,-0.7529866099357605,-0.47522708773612976
1789729842501401600,13.189401611328124,-0.03169068321585655,-0.6352783441543579,-0.2029268890619278
1789729842511338500,13.19933837890625,0.05778888985514641,-0.4653736650943756,0.047402869910001755
1789729842521275100,13.209275146484375,0.10465914756059647,-0.27096864581108093,0.23115555942058563
1789729842531212300,13.21921240234375,0.11744193732738495,-0.08402025699615479,0.32329821586608887
1789729842541149400,13.2291494140625,0.09187635034322739,0.09280842542648315,0.3222329914569855
1789729842551086000,13.239086181640625,0.022636201232671738,0.22010377049446106,0.23914481699466705
1789729842561022700,13.249022705078126,-0.0588541254401207,0.2813546657562256,0.10172975063323975
1789729842570959400,13.25895947265625,-0.12649641931056976,0.27549588680267334,-0.0319569893181324
1789729842580896000,13.26889599609375,-0.1856168508529663,0.20252743363380432,-0.13049104809761047
1789729842590833000,13.2788330078125,-0.23674803972244263,0.07203638553619385,-0.14646953344345093
1789729842600769500,13.28876953125,-0.2729659676551819,-0.08881380409002304,-0.07776200771331787
1789729842610706400,13.29870654296875,-0.27829211950302124,-0.22409839928150177,0.03834838792681694
1789729842620643300,13.308643310546875,-0.25538963079452515,-0.30931705236434937,0.1501978635787964
1789729842630580200,13.318580322265625,-0.21970431506633759,-0.3370130956172943,0.22423155605793
1789729842640516900,13.328516845703126,-0.17975807189941406,-0.32103461027145386,0.25831902027130127
1789729842650453800,13.338453857421875,-0.14034445583820343,-0.28162097930908203,0.25991687178611755
1789729842660390400,13.348390380859374,-0.11051792651414871,-0.23581595718860626,0.24819929897785187
1789729842670327300,13.358327392578126,-0.08708280324935913,-0.1985328048467636,0.24926452338695526
1789729842680264000,13.368263916015625,-0.05139749497175217,-0.16178226470947266,0.2870802879333496
1789729842690200600,13.37820068359375,0.002929390873759985,-0.12183602899312973,0.35418999195098877
1789729842700137200,13.38813720703125,0.06204982474446297,-0.07869409024715424,0.42129966616630554
1789729842710073900,13.398073974609375,0.111050546169281,-0.05632419511675835,0.4687025249004364
1789729842720010500,13.408010498046876,0.1227681040763855,-0.10479229688644409,0.47402870655059814
1789729842729947600,13.41794775390625,0.08761541545391083,-0.20279373228549957,0.4671046733856201
1789729842739884500,13.427884521484375,0.026897134259343147,-0.2635120153427124,0.504920482635498
1789729842749821400,13.437821533203126,-0.006657706573605537,-0.22835932672023773,0.5970631241798401
1789729842759758000,13.447758056640625,0.008788172155618668,-0.08082455396652222,0.6796186566352844
1789729842769695000,13.457695068359374,0.07643046975135803,0.18814678490161896,0.6801512837409973
1789729842779631600,13.467631591796875,0.15099677443504333,0.4720313847064972,0.5193011164665222
1789729842789568500,13.477568603515625,0.1440727710723877,0.5818835496902466,0.0958709716796875
1789729842799505200,13.487505126953126,-0.018375270068645477,0.4725640118122101,-0.5657718777656555
1789729842809441800,13.49744189453125,-0.27669426798820496,0.13701559603214264,-1.2603038549423218
1789729842819378400,13.50737841796875,-0.4093157947063446,-0.32476291060447693,-1.7092995643615723
1789729842829315000,13.517315185546876,-0.3576519787311554,-0.6928009390830994,-1.726875901222229
1789729842839251700,13.527251708984375,-0.24846559762954712,-0.9143694043159485,-1.2421948909759521
1789729842849188400,13.537188232421874,-0.1557903289794922,-0.9138367772102356,-0.38148656487464905
1789729842859125200,13.547125244140625,-0.08761541545391083,-0.7508561015129089,0.5432688593864441
1789729842869062000,13.557061767578125,-0.009853405877947807,-0.4568518102169037,1.2623010873794556
1789729842878998500,13.56699853515625,0.10625699162483215,-0.22835932672023773,1.5957190990447998
1789729842888935200,13.57693505859375,0.24633513391017914,-0.13142313063144684,1.5019785165786743
1789729842898871800,13.586871826171874,0.3667064607143402,-0.08668334037065506,1.1227556467056274
1789729842908808400,13.596808349609375,0.40398961305618286,-0.05472634732723236,0.6418029069900513
1789729842918745000,13.6067451171875,0.34007564187049866,-0.06431344151496887,0.1805569976568222
1789729842928682000,13.616681884765624,0.20425842702388763,-0.08455286920070648,-0.1486000120639801
1789729842938618600,13.62661865234375,0.05139749497175217,-0.07816147059202194,-0.2776263654232025
1789729842948555500,13.636555419921875,-0.07057169079780579,-0.013182258233428001,-0.2252967804670334
1789729842958492200,13.6464921875,-0.14620323479175568,0.06830807030200958,-0.04900071769952774
1789729842968429000,13.656428955078125,-0.1754971444606781,0.1396786868572235,0.16777420043945312
1789729842978365700,13.66636572265625,-0.17123620212078094,0.21104928851127625,0.3419398069381714
1789729842988302600,13.676302490234375,-0.1451379954814911,0.25152814388275146,0.4489957094192505
1789729842998239200,13.6862392578125,-0.10465914756059647,0.2467346042394638,0.4788222312927246
1789729843008176000,13.696176025390624,-0.07003907114267349,0.17962491512298584,0.41970181465148926
1789729843018112800,13.70611279296875,-0.027962366119027138,0.04274247586727142,0.2966673970222473
1789729843028049700,13.716049560546875,0.04447348043322563,-0.09840089827775955,0.17895914614200592
1789729843037986300,13.725986328125,0.132355198264122,-0.19693495333194733,0.13688243925571442
1789729843047923200,13.735923095703125,0.19999749958515167,-0.22889193892478943,0.2130466103553772
1789729843057859800,13.74585986328125,0.24313943088054657,-0.19160878658294678,0.40052762627601624
1789729843067796700,13.755796630859376,0.2708354890346527,-0.12023817747831345,0.6167699098587036
1789729843077733600,13.765733642578125,0.28787922859191895,-0.050998032093048096,0.7840114831924438
1789729843087670500,13.77567041015625,0.2814878225326538,0.00226362026296556,0.8505885601043701
1789729843097607400,13.785607421875,0.24154159426689148,0.03794892504811287,0.7957290410995483
1789729843107544300,13.79554443359375,0.18242116272449493,0.03954677656292915,0.6625749468803406
1789729843117481200,13.805481201171874,0.111050546169281,0.008122402243316174,0.49480074644088745
1789729843127418000,13.815418212890625,0.03169068321585655,-0.042476166039705276,0.3280917704105377
1789729843137354800,13.825354736328125,-0.03541899845004082,-0.0925421193242073,0.19760072231292725
1789729843147291600,13.835291748046876,-0.07110430300235748,-0.12982527911663055,0.11504516750574112
1789729843157228500,13.845228515625,-0.08069140464067459,-0.12449911236763,0.09267527610063553
1789729843167165400,13.85516552734375,-0.06471290439367294,-0.06750914454460144,0.12250179797410965
1789729843177102300,13.865102294921876,-0.03169068321585655,0.03581846132874489,0.18268746137619019
1789729843187039200,13.875039306640625,0.019973119720816612,0.18654893338680267,0.2572537660598755
1789729843196976000,13.88497607421875,0.1014634445309639,0.37829089164733887,0.3163742125034332
1789729843206912800,13.894912841796875,0.21064983308315277,0.5888075828552246,0.3201025128364563
1789729843216849700,13.904849609375,0.3448691964149475,0.7965279817581177,0.22582940757274628
1789729843226786300,13.914786376953124,0.45778387784957886,0.9328778386116028,-0.01810896210372448
1789729843236723200,13.92472314453125,0.4434032440185547,0.9041165113449097,-0.42249804735183716
1789729843246659800,13.934659912109375,0.21064983308315277,0.6276885867118835,-0.9540493488311768
1789729843256596700,13.9445966796875,-0.16324695944786072,0.08375394344329834,-1.4216866493225098
1789729843266533400,13.954533447265625,-0.4726971685886383,-0.4962654411792755,-1.574547529220581
1789729843276470300,13.96447021484375,-0.625558078289032,-0.902651846408844,-1.3210221529006958
1789729843286407000,13.974406982421876,-0.6122426986694336,-1.0565780401229858,-0.6935998797416687
1789729843296343800,13.98434375,-0.42476168274879456,-0.9074453711509705,0.15445879101753235
1789729843306280400,13.994280517578124,-0.12383333593606949,-0.5644403696060181,0.9832100868225098
1789729843316217300,14.00421728515625,0.19147562980651855,-0.15272778272628784,1.578675389289856
1789729843326153500,14.014153564453125,0.43807709217071533,0.19879911839962006,1.8188854455947876
1789729843336090600,14.024090576171876,0.5942668914794922,0.4379439353942871,1.678807258605957
1789729843346027800,14.03402783203125,0.6464632749557495,0.5669702887535095,1.2324745655059814
1789729843355964700,14.043964599609374,0.5734948515892029,0.5520570278167725,0.6045197248458862
1789729843365900000,14.053900146484375,0.3784240186214447,0.37988871335983276,-0.04793548583984375
1789729843375836000,14.0638359375,0.12649641931056976,0.16045072674751282,-0.5284887552261353
1789729843385772000,14.07377197265625,-0.07643046975135803,0.03794892504811287,-0.7191654443740845
1789729843395709200,14.083709228515625,-0.18401899933815002,0.01877473294734955,-0.6350120306015015
1789729843405646600,14.093646484375,-0.21011722087860107,0.06404713541269302,-0.3340837061405182
1789729843415584000,14.103583984375,-0.1760297566652298,0.16524426639080048,0.060185667127370834
1789729843425521400,14.113521484375,-0.09613727778196335,0.265908807516098,0.41916918754577637
1789729843435458800,14.123458740234375,0.00452724052593112,0.28561559319496155,0.6322157979011536
1789729843445395200,14.133395263671876,0.11477886140346527,0.24939768016338348,0.6742925047874451
1789729843455331600,14.14333154296875,0.2298240214586258,0.21158191561698914,0.6029219031333923
1789729843465268000,14.15326806640625,0.31823837757110596,0.21850591897964478,0.4820179343223572
1789729843475204600,14.16320458984375,0.3581846058368683,0.27602851390838623,0.32489606738090515
1789729843485141500,14.1731416015625,0.3539236783981323,0.37243208289146423,0.14167599380016327
1789729843495078400,14.183078369140626,0.31024911999702454,0.48694464564323425,-0.05113118514418602
1789729843505015300,14.193015380859375,0.24154159426689148,0.5840139985084534,-0.24194104969501495
1789729843514953200,14.202953125,0.1653774231672287,0.6191666722297668,-0.3942693769931793
1789729843524889900,14.212889892578126,0.08814803510904312,0.563774585723877,-0.4949339032173157
1789729843534826800,14.22282666015625,0.0375494658946991,0.4475310146808624,-0.5274235010147095
1789729843544763400,14.232763427734374,0.03382114693522453,0.3026593327522278,-0.4917382001876831
1789729843554700300,14.2427001953125,0.07376738637685776,0.1615159511566162,-0.4198349714279175
1789729843564637000,14.252636962890625,0.1435401439666748,0.03368799388408661,-0.34846433997154236
1789729843574573800,14.26257373046875,0.21171505749225616,-0.07869409024715424,-0.29626792669296265
1789729843584510500,14.272510498046875,0.2612484097480774,-0.1575213372707367,-0.27283281087875366
1789729843594447400,14.282447265625,0.3033251166343689,-0.2118482142686844,-0.2776263654232025
1789729843604384000,14.292384033203126,0.3246297538280487,-0.2432725876569748,-0.30692026019096375
1789729843614321000,14.30232080078125,0.3161078989505768,-0.2608489394187927,-0.34793174266815186
1789729843624257500,14.312257568359374,0.27509641647338867,-0.2752295732498169,-0.39213889837265015
1789729843634194400,14.3221943359375,0.19893226027488708,-0.29227331280708313,-0.4193023443222046
1789729843644131000,14.332131103515625,0.10465914756059647,-0.2944037914276123,-0.3889431953430176
1789729843654068000,14.34206787109375,0.019973119720816612,-0.25765323638916016,-0.28508299589157104
1789729843664004600,14.352004638671875,-0.03967992961406708,-0.19107617437839508,-0.12250179797410965
1789729843673941500,14.36194140625,-0.07696308940649033,-0.1143793985247612,0.058055199682712555
1789729843683878100,14.371878173828126,-0.10945269465446472,-0.038215234875679016,0.22955772280693054
1789729843693815000,14.38181494140625,-0.13608351349830627,0.0347532257437706,0.35578784346580505
1789729843703751700,14.391751708984375,-0.16910573840141296,0.08055824786424637,0.4021254777908325
1789729843713688600,14.4016884765625,-0.22556309401988983,0.08588441461324692,0.36484232544898987
1789729843723625200,14.411625244140625,-0.3038577139377594,0.060851436108350754,0.27216702699661255
1789729843733562000,14.42156201171875,-0.37203264236450195,0.04913387447595596,0.16351327300071716
1789729843743498800,14.431498779296875,-0.4066527187824249,0.0773625448346138,0.07722939550876617
1789729843753435600,14.441435546875,-0.40345701575279236,0.16417904198169708,0.026098208501935005
1789729843763372500,14.45137255859375,-0.36031508445739746,0.2898765504360199,0.0053261648863554
1789729843773309200,14.46130908203125,-0.28681400418281555,0.427291601896286,-0.004260932095348835
1789729843783246000,14.47124609375,-0.1968017965555191,0.5274235010147095,-0.00585878174751997
1789729843793182700,14.4811826171875,-0.10998530685901642,0.5493939518928528,-0.010119713842868805
1789729843803119600,14.49111962890625,-0.05459319427609444,0.47575968503952026,-0.03728315606713295
1789729843813056300,14.50105615234375,-0.04394086077809334,0.3101159632205963,-0.08415340632200241
1789729843822993200,14.5109931640625,-0.05619104206562042,0.09493889659643173,-0.1294258087873459
1789729843832929800,14.5209296875,-0.07643046975135803,-0.12876003980636597,-0.15392617881298065
1789729843842866700,14.53086669921875,-0.09134373068809509,-0.3173062801361084,-0.15499140322208405
1789729843852803300,14.54080322265625,-0.08655018359422684,-0.4563191831111908,-0.14700216054916382
1789729843862740200,14.550740234375,-0.07589785009622574,-0.5532553791999817,-0.13528458774089813
1789729843872676900,14.5606767578125,-0.06737598776817322,-0.611310601234436,-0.11451254785060883
1789729843882613800,14.57061376953125,-0.05725627392530441,-0.5979951620101929,-0.06764229387044907
1789729843892550400,14.58055029296875,-0.0476691760122776,-0.5324833393096924,-0.012250179424881935
1789729843902487300,14.5904873046875,-0.029560215771198273,-0.41797080636024475,0.04580501839518547
1789729843912424000,14.600423828125,0.0034620072692632675,-0.2645772397518158,0.09427312016487122
1789729843922360800,14.61036083984375,0.031158065423369408,-0.10479229688644409,0.1177082508802414
1789729843932297500,14.62029736328125,0.04394086077809334,0.034220609813928604,0.10439283400774002
1789729843942234400,14.630234375,0.04500609636306763,0.11464570462703705,0.05752258375287056
1789729843952171000,14.6401708984375,0.03328853100538254,0.13488513231277466,-0.00852186419069767
1789729843962108000,14.65010791015625,0.006657706573605537,0.12156971544027328,-0.07137060910463333
1789729843972044500,14.66004443359375,-0.0370168462395668,0.07150376588106155,-0.1166430190205574
1789729843981981400,14.6699814453125,-0.09347419440746307,-0.004127778112888336,-0.14167599380016327
1789729843991918000,14.67991796875,-0.14993155002593994,-0.07656362652778625,-0.14327384531497955
1789729844001855000,14.68985498046875,-0.19147562980651855,-0.10958584398031235,-0.13421936333179474
1789729844011792000,14.6997919921875,-0.21118244528770447,-0.0936073511838913,-0.13208889961242676
1789729844021728800,14.709728759765625,-0.21278029680252075,-0.05898727849125862,-0.15499140322208405
1789729844031665700,14.719665771484374,-0.19467133283615112,-0.041410934180021286,-0.19387240707874298
1789729844041602600,14.7296025390625,-0.15951864421367645,-0.03874785080552101,-0.2119813710451126
1789729844051539500,14.73953955078125,-0.11424624174833298,-0.03129122033715248,-0.191741943359375
1789729844061476400,14.749476318359376,-0.07110430300235748,-0.01744319126009941,-0.1603175699710846
1789729844071413200,14.759413330078125,-0.027429750189185143,0.007589785382151604,-0.13421936333179474
1789729844081350100,14.76935009765625,0.009853405877947807,0.0454055592417717,-0.12569749355316162
1789729844091287000,14.779287109375,0.027429750189185143,0.07150376588106155,-0.14167599380016327
1789729844101224200,14.78922412109375,0.026897134259343147,0.08109086751937866,-0.16351327300071716
1789729844111161000,14.7991611328125,0.019973119720816612,0.07203638553619385,-0.16617634892463684
1789729844121098000,14.809097900390626,0.008255556225776672,0.02090519852936268,-0.15605664253234863
1789729844131034600,14.81903466796875,-0.0007989247678779066,-0.06537867337465286,-0.13421936333179474
1789729844140971500,14.828971435546874,-0.00133154122158885,-0.1474016159772873,-0.08308817446231842
1789729844150908200,14.838908203125,0.011983871459960938,-0.19320663809776306,-0.0005326165119186044
1789729844160845000,14.848844970703125,0.027429750189185143,-0.19693495333194733,0.09959928691387177
1789729844170781700,14.85878173828125,0.0370168462395668,-0.17509767413139343,0.2013290375471115
1789729844180718600,14.868718505859375,0.03648423030972481,-0.12769481539726257,0.28441721200942993
1789729844190655700,14.87865576171875,0.021570969372987747,-0.08508548885583878,0.32383084297180176
1789729844200592400,14.88859228515625,-0.0023967742454260588,-0.045671865344047546,0.3179720640182495
1789729844210528800,14.89852880859375,-0.03275591507554054,-0.0003994623839389533,0.2764279842376709
1789729844220465400,14.90846533203125,-0.06844121962785721,0.0347532257437706,0.19866596162319183
1789729844230402000,14.918402099609375,-0.10625699162483215,0.047003407031297684,0.08734910935163498
1789729844240338400,14.92833837890625,-0.13874660432338715,0.04220985993742943,-0.03834838792681694
1789729844250275300,14.938275390625,-0.16377957165241241,0.0033288532868027687,-0.14274121820926666
1789729844260212700,14.948212646484375,-0.18242116272449493,-0.0611177459359169,-0.18535055220127106
1789729844270150100,14.958150146484375,-0.1872147023677826,-0.13728190958499908,-0.16351327300071716
1789729844280086800,14.968086669921876,-0.1754971444606781,-0.2102503627538681,-0.10172975063323975
1789729844290024000,14.97802392578125,-0.14886631071567535,-0.2661750912666321,-0.020772043615579605
1789729844299960300,14.987960205078124,-0.11690932512283325,-0.2954690158367157,0.053794268518686295
1789729844309896700,14.997896728515625,-0.08388710021972656,-0.30132779479026794,0.10226237028837204
1789729844319833600,15.00783349609375,-0.06258244067430496,-0.3087844252586365,0.11983871459960938
1789729844329771000,15.01777099609375,-0.06524552404880524,-0.3071865737438202,0.1171756312251091
1789729844339707600,15.027707763671875,-0.07589785009622574,-0.2736317217350006,0.11131685227155685
1789729844349644500,15.03764453125,-0.07003907114267349,-0.21451130509376526,0.10332760214805603
1789729844359581200,15.047581298828124,-0.05565842613577843,-0.13834713399410248,0.10172975063323975
1789729844369518000,15.05751806640625,-0.03541899845004082,-0.06484606117010117,0.09480573982000351
1789729844379454700,15.067454833984375,-0.011983871459960938,-0.02063889056444168,0.07083799690008163
1789729844389391600,15.0773916015625,-0.0018641578499227762,-0.006790860556066036,0.03941362351179123
1789729844399328300,15.087328369140625,-0.011983871459960938,-0.013182258233428001,0.02236989326775074
1789729844409265200,15.09726513671875,-0.026364516466856003,-0.02489982172846794,0.027163442224264145
1789729844419201800,15.107201904296875,-0.03222329914569855,-0.03608476743102074,0.042076703161001205
1789729844429140000,15.117139892578125,-0.03328853100538254,-0.043541401624679565,0.0426093190908432
1789729844439074800,15.12707470703125,-0.030092833563685417,-0.033954303711652756,0.009587096981704235
1789729844449010000,15.137010009765625,-0.031158065423369408,-0.029693370684981346,-0.060185667127370834
1789729844458945300,15.1469453125,-0.04394086077809334,-0.041410934180021286,-0.14061075448989868
1789729844468881400,15.15688134765625,-0.05193011090159416,-0.04993279650807381,-0.1912093311548233
1789729844478818300,15.166818359375,-0.04660394415259361,-0.06271559745073318,-0.20612259209156036
1789729844488755700,15.176755615234375,-0.03861469775438309,-0.09094426780939102,-0.18748101592063904
1789729844498693600,15.186693603515625,-0.028494983911514282,-0.12396649271249771,-0.15179570019245148
1789729844508632000,15.196632080078125,-0.009320789016783237,-0.1569887101650238,-0.10918638855218887
1789729844518570200,15.2065703125,0.014114337973296642,-0.16338011622428894,-0.058055199682712555
1789729844528507100,15.216507080078125,0.04607132822275162,-0.12876003980636597,0.0021304660476744175
1789729844538444000,15.226444091796875,0.07110430300235748,-0.07709623873233795,0.04900071769952774
1789729844548381000,15.236380859375,0.07057169079780579,-0.04833494871854782,0.049533337354660034
1789729844558317600,15.246317626953125,0.04394086077809334,-0.05579157918691635,0.0021304660476744175
1789729844568254500,15.25625439453125,-0.0018641578499227762,-0.09573781490325928,-0.08095771074295044
1789729844578191400,15.26619140625,-0.04553871229290962,-0.13834713399410248,-0.16457849740982056
1789729844588127000,15.276126953125,-0.0689738392829895,-0.16977150738239288,-0.2135792225599289
1789729844598062800,15.286062744140626,-0.08655018359422684,-0.19427187740802765,-0.22582940757274628
1789729844607999000,15.2959990234375,-0.10732222348451614,-0.22516362369060516,-0.2114487588405609
1789729844617936400,15.305936279296875,-0.12489857524633408,-0.23741380870342255,-0.16457849740982056
1789729844627873800,15.315873779296876,-0.11850717663764954,-0.2209026962518692,-0.07722939550876617
1789729844637811500,15.3258115234375,-0.08655018359422684,-0.1884130984544754,0.028228675946593285
1789729844647749400,15.335749267578125,-0.04873441159725189,-0.15379302203655243,0.12356702983379364
1789729844657685800,15.345685791015624,-0.021038351580500603,-0.12396649271249771,0.18854624032974243
1789729844667622100,15.3556220703125,0.0018641578499227762,-0.09733566641807556,0.22156846523284912
1789729844677558500,15.36555859375,0.028494983911514282,-0.06431344151496887,0.22955772280693054
1789729844687495000,15.375494873046875,0.05193011090159416,-0.02916075475513935,0.22742724418640137
1789729844697431800,15.385431884765625,0.06204982474446297,-0.00359516148455441,0.2119813710451126
1789729844707369200,15.395369140625,0.04607132822275162,-0.011584409512579441,0.17256775498390198
1789729844717306400,15.405306396484375,0.015179570764303207,-0.04194355010986328,0.12250179797410965
1789729844727243800,15.415243896484375,-0.002929390873759985,-0.06750914454460144,0.09267527610063553
1789729844737180400,15.425180419921874,-0.0023967742454260588,-0.08828118443489075,0.08681648969650269
1789729844747117300,15.435117431640625,0.006657706573605537,-0.11118369549512863,0.0958709716796875
1789729844757054000,15.445053955078125,0.008255556225776672,-0.1367492824792862,0.10918638855218887
1789729844766990800,15.454990966796874,0.008788172155618668,-0.14154283702373505,0.1294258087873459
1789729844776927500,15.464927490234375,0.013049104250967503,-0.1149120107293129,0.14487169682979584
1789729844786865200,15.474865234375,0.015712186694145203,-0.07336792349815369,0.14167599380016327
1789729844796800800,15.48480078125,0.00133154122158885,-0.03928046673536301,0.11824086308479309
1789729844806736600,15.494736572265625,-0.019973119720816612,0.00226362026296556,0.09427312016487122
1789729844816672500,15.504672607421876,-0.014114337973296642,0.0555252730846405,0.08362079411745071
1789729844826609200,15.514609130859375,0.0061250897124409676,0.08588441461324692,0.08042509108781815
1789729844836546300,15.52454638671875,0.017310036346316338,0.07629731297492981,0.08095771074295044
1789729844846483500,15.5344833984375,0.029560215771198273,0.0560578890144825,0.10226237028837204
1789729844856421000,15.544421142578125,0.07270215451717377,0.04327509179711342,0.15445879101753235
1789729844866359000,15.554359130859375,0.14140968024730682,0.036351077258586884,0.22689463198184967
1789729844876296200,15.564296142578126,0.19307348132133484,0.015046416781842709,0.28068891167640686
1789729844886232800,15.57423291015625,0.22396524250507355,-0.001997311832383275,0.3099828064441681
1789729844896170200,15.584170166015625,0.25485700368881226,0.0011983871227130294,0.3302222490310669
1789729844906106000,15.594106201171876,0.27829211950302124,0.03049229457974434,0.3403419554233551
1789729844916042200,15.604042236328125,0.2687050402164459,0.054460037499666214,0.32755914330482483
1789729844925979000,15.613978759765626,0.22290000319480896,0.06564498692750931,0.2865476906299591
1789729844935916000,15.623916015625,0.17922545969486237,0.09760197252035141,0.2343512624502182
1789729844945853000,15.63385302734375,0.14673584699630737,0.13275466859340668,0.19440503418445587
1789729844955790000,15.6437900390625,0.1009308323264122,0.1615159511566162,0.18322007358074188
1789729844965727200,15.653727294921875,0.06311506032943726,0.20732097327709198,0.21624229848384857
1789729844975664400,15.663664306640625,0.06631075590848923,0.2792242169380188,0.2897433936595917
1789729844985601300,15.673601318359376,0.09880036115646362,0.34846433997154236,0.35632044076919556
1789729844995538000,15.683537841796875,0.1334204375743866,0.3878779709339142,0.38934266567230225
1789729845005474800,15.693474853515625,0.1547250896692276,0.3948020040988922,0.38881006836891174
1789729845015411500,15.703411376953126,0.17709499597549438,0.3729647099971771,0.3525921404361725
1789729845025348400,15.713348388671875,0.19147562980651855,0.30692026019096375,0.29400432109832764
1789729845035285200,15.72328515625,0.164844810962677,0.20785360038280487,0.22636201977729797
1789729845045222100,15.73322216796875,0.11318100988864899,0.12689588963985443,0.16724158823490143
1789729845055159000,15.743158935546875,0.0790935531258583,0.09014534205198288,0.1272953450679779
1789729845065095700,15.753095703125,0.05778888985514641,0.08535179495811462,0.08362079411745071
1789729845075032600,15.763032470703125,0.027962366119027138,0.08854749798774719,0.03515268862247467
1789729845084969500,15.772969482421875,0.00133154122158885,0.11677616834640503,0.015445878729224205
1789729845094905600,15.782905517578126,0.009853405877947807,0.16471165418624878,0.013315413147211075
1789729845104842000,15.792842041015625,0.026897134259343147,0.19613602757453918,0.01438064593821764
1789729845114778400,15.8027783203125,0.025299284607172012,0.20146219432353973,0.015445878729224205
1789729845124715000,15.812715087890625,0.017310036346316338,0.18921200931072235,0.016511112451553345
1789729845134651600,15.822651611328125,0.00399462366476655,0.15512455999851227,0.029293907806277275
1789729845144588800,15.8325888671875,-0.019973119720816612,0.11837401986122131,0.049533337354660034
1789729845154526000,15.84252587890625,-0.04607132822275162,0.09280842542648315,0.07137060910463333
1789729845164463400,15.85246337890625,-0.05033225938677788,0.10346075892448425,0.08947957307100296
1789729845174400500,15.862400390625,-0.05246272683143616,0.13222205638885498,0.08734910935163498
1789729845184338000,15.872337890625,-0.07163692265748978,0.15885287523269653,0.055924732238054276
1789729845194274800,15.88227490234375,-0.10412652790546417,0.18761417269706726,0.015445878729224205
1789729845204211500,15.89221142578125,-0.12969212234020233,0.2041252851486206,-0.02663082629442215
1789729845214148400,15.9021484375,-0.1557903289794922,0.19773387908935547,-0.062316130846738815
1789729845224085000,15.9120849609375,-0.1872147023677826,0.15033100545406342,-0.08308817446231842
1789729845234022000,15.92202197265625,-0.2074541300535202,0.07629731297492981,-0.08095771074295044
1789729845243959000,15.931958984375,-0.21064983308315277,-0.007856093347072601,-0.05539211630821228
1789729845253895700,15.941895751953124,-0.20479105412960052,-0.08029194176197052,-0.03408745676279068
1789729845263832600,15.95183251953125,-0.19147562980651855,-0.13089050352573395,-0.03621792420744896
1789729845273769500,15.96176953125,-0.16910573840141296,-0.1553908735513687,-0.058055199682712555
1789729845283705900,15.971705810546876,-0.1430075317621231,-0.15432563424110413,-0.09427312016487122
1789729845293642500,15.981642578125,-0.12170287221670151,-0.13142313063144684,-0.13528458774089813
1789729845303580000,15.991579833984375,-0.10785484313964844,-0.10212921351194382,-0.1688394397497177
1789729845313516800,16.001516845703126,-0.111050546169281,-0.06644391268491745,-0.2034595012664795
1789729845323453700,16.01145361328125,-0.1334204375743866,-0.04194355010986328,-0.25312599539756775
1789729845333390300,16.021390380859376,-0.15792079269886017,-0.04726971685886383,-0.2877460718154907
1789729845343327200,16.0313271484375,-0.1653774231672287,-0.08029194176197052,-0.2813546657562256
1789729845353263900,16.041263916015627,-0.15951864421367645,-0.12822742760181427,-0.24620197713375092
1789729845363200800,16.05120068359375,-0.13874660432338715,-0.18308693170547485,-0.2013290375471115
1789729845373137400,16.061137451171874,-0.10252867639064789,-0.22622886300086975,-0.1496652364730835
1789729845383074300,16.07107421875,-0.05299534276127815,-0.22676147520542145,-0.11344731599092484
1789729845393011000,16.081010986328124,0.009320789016783237,-0.19054356217384338,-0.07989247888326645
1789729845402948900,16.090948974609375,0.07270215451717377,-0.13355359435081482,-0.03728315606713295
1789729845412884700,16.100884765625,0.11744193732738495,-0.06324820965528488,0.01118494663387537
1789729845422820600,16.110820556640626,0.14194230735301971,0.0038614696823060513,0.05113118514418602
1789729845432756700,16.1207568359375,0.1451379954814911,0.051264338195323944,0.06924014538526535
1789729845442693000,16.130693115234376,0.132355198264122,0.08428656309843063,0.06284874677658081
1789729845452629800,16.140629638671875,0.10785484313964844,0.10559122264385223,0.02769605815410614
1789729845462567000,16.15056689453125,0.08175663650035858,0.12529803812503815,-0.031424373388290405
1789729845472504300,16.16050439453125,0.06098458915948868,0.12423279881477356,-0.11184946447610855
1789729845482442000,16.17044189453125,0.04713656008243561,0.11038476973772049,-0.20026381313800812
1789729845492379400,16.18037939453125,0.03488638252019882,0.09067796170711517,-0.2664414048194885
1789729845502316800,16.19031689453125,0.024234050884842873,0.08322133123874664,-0.29413747787475586
1789729845512253200,16.200253173828123,0.029560215771198273,0.07842778414487839,-0.28455036878585815
1789729845522190600,16.210190673828127,0.04447348043322563,0.07043853402137756,-0.2472672164440155
1789729845532127500,16.22012744140625,0.07430000603199005,0.0778951644897461,-0.19813334941864014
1789729845542064000,16.230064208984373,0.11584409326314926,0.09706936031579971,-0.16138280928134918
1789729845552001000,16.2400009765625,0.15685556828975677,0.11624355614185333,-0.15232832729816437
1789729845561937700,16.249937744140624,0.18455162644386292,0.13541774451732635,-0.16138280928134918
1789729845571874600,16.25987451171875,0.19254086911678314,0.13541774451732635,-0.1821548491716385
1789729845581811200,16.269811279296874,0.1872147023677826,0.13648298382759094,-0.2023942768573761
1789729845591748000,16.279748046875,0.17762760818004608,0.13808083534240723,-0.2231663167476654
1789729845601684700,16.289684814453125,0.16697527468204498,0.1316894292831421,-0.2509955167770386
1789729845611621600,16.29962158203125,0.14939893782138824,0.11304785311222076,-0.278158962726593
1789729845621558300,16.309558349609375,0.12383333593606949,0.08375394344329834,-0.29467007517814636
1789729845631495200,16.3194951171875,0.10678961127996445,0.041677240282297134,-0.2882786989212036
1789729845641431800,16.329431884765626,0.09720251709222794,-0.0009320789249613881,-0.23807957768440247
1789729845651368700,16.33936865234375,0.10412652790546417,-0.02596505545079708,-0.14646953344345093
1789729845661305300,16.349305419921876,0.12117026001214981,-0.03608476743102074,-0.048468101769685745
1789729845671242200,16.3592421875,0.12915951013565063,-0.03608476743102074,0.0213046595454216
1789729845681179000,16.369178955078127,0.12596380710601807,-0.02276935614645481,0.05752258375287056
1789729845691115800,16.37911572265625,0.12596380710601807,0.0011983871227130294,0.06178351491689682
1789729845701052700,16.389052734375,0.11850717663764954,0.010785484686493874,0.030359141528606415
1789729845710990300,16.398990234375,0.08388710021972656,-0.005725627299398184,-0.020772043615579605
1789729845720927500,16.408927490234376,0.04021254554390907,-0.04620448127388954,-0.05219641700387001
1789729845730864400,16.418864501953124,0.011983871459960938,-0.09200949966907501,-0.031424373388290405
1789729845740801300,16.42880126953125,0.008255556225776672,-0.13728190958499908,0.042076703161001205
1789729845750738000,16.438738037109374,0.031158065423369408,-0.17243459820747375,0.14593692123889923
1789729845760674800,16.4486748046875,0.07057169079780579,-0.16284750401973724,0.24926452338695526
1789729845770611200,16.458611083984376,0.12489857524633408,-0.11970555782318115,0.3291569948196411
1789729845780548400,16.46854833984375,0.1872147023677826,-0.025432437658309937,0.348863810300827
1789729845790485500,16.478485595703123,0.22556309401988983,0.08055824786424637,0.28122150897979736
1789729845800422400,16.48842236328125,0.21384553611278534,0.14979839324951172,0.12995843589305878
1789729845810359000,16.498359130859374,0.16058388352394104,0.15938548743724823,-0.06178351491689682
1789729845820296000,16.5082958984375,0.10892007499933243,0.14287437498569489,-0.2348838746547699
1789729845830232600,16.518232666015624,0.08122401684522629,0.11198262125253677,-0.36018192768096924
1789729845840169700,16.528169677734375,0.0583215095102787,0.057655736804008484,-0.4193023443222046
1789729845850106600,16.538106689453127,0.018375270068645477,-0.009453942999243736,-0.39213889837265015
1789729845860043300,16.548043212890626,-0.0050598569214344025,-0.07017222791910172,-0.2797568142414093
1789729845869980200,16.557980224609373,0.019440501928329468,-0.10905323177576065,-0.11078423261642456
1789729845879916800,16.567916748046876,0.0689738392829895,-0.12343387305736542,0.06178351491689682
1789729845889853700,16.577853759765624,0.10199606418609619,-0.12183602899312973,0.19014409184455872
1789729845899790300,16.587790283203127,0.11957240849733353,-0.09573781490325928,0.264710396528244
1789729845909727200,16.597727294921874,0.13448566198349,-0.024367205798625946,0.2860150635242462
1789729845919663900,16.607663818359374,0.15046416223049164,0.07256899774074554,0.27110180258750916
1789729845929600800,16.617600830078125,0.13661614060401917,0.14447222650051117,0.21570968627929688
1789729845939537400,16.627537353515624,0.08335448056459427,0.19294032454490662,0.13155627250671387
1789729845949474300,16.637474365234375,0.015179570764303207,0.2254299372434616,0.04473978653550148
1789729845959412000,16.647411865234375,-0.04607132822275162,0.23927797377109528,-0.022902509197592735
1789729845969348900,16.657348876953126,-0.09773512929677963,0.24140843749046326,-0.052729032933712006
1789729845979285800,16.66728564453125,-0.14087706804275513,0.2360822707414627,-0.0426093190908432
1789729845989222400,16.677222412109376,-0.1557903289794922,0.2366148829460144,-0.00585878174751997
1789729845999159300,16.6871591796875,-0.12702903151512146,0.24566936492919922,0.04047885537147522
1789729846009096000,16.697095947265623,-0.08122401684522629,0.24407151341438293,0.07829462736845016
1789729846019032800,16.70703271484375,-0.0370168462395668,0.22329947352409363,0.09320788830518723
1789729846028969500,16.716969482421874,0.002929390873759985,0.19879911839962006,0.09107742458581924
1789729846038906400,16.72690625,0.04553871229290962,0.17696183919906616,0.07563154399394989
1789729846048843000,16.736843017578124,0.07696308940649033,0.1529940962791443,0.05219641700387001
1789729846058780000,16.74677978515625,0.08868064731359482,0.12689588963985443,0.03941362351179123
1789729846068716500,16.756716552734375,0.09347419440746307,0.1093195378780365,0.05219641700387001
1789729846078653400,16.7666533203125,0.10465914756059647,0.11624355614185333,0.08681648969650269
1789729846088590000,16.776590087890625,0.12330072373151779,0.13808083534240723,0.12143656611442566
1789729846098527000,16.78652685546875,0.13768136501312256,0.16045072674751282,0.14380645751953125
1789729846108463600,16.796463623046876,0.1531272530555725,0.18015754222869873,0.14700216054916382
1789729846118400500,16.806400390625,0.164844810962677,0.19933173060417175,0.14540430903434753
1789729846128337400,16.81633740234375,0.15845340490341187,0.19773387908935547,0.13368675112724304
1789729846138274300,16.8262744140625,0.12649641931056976,0.17536398768424988,0.11397993564605713
1789729846148211200,16.836211181640625,0.08335448056459427,0.1524614691734314,0.10279498994350433
1789729846158148000,16.846148193359376,0.04873441159725189,0.151396244764328,0.10226237028837204
1789729846168085000,16.8560849609375,0.026364516466856003,0.1737661361694336,0.10492545366287231
1789729846178021600,16.866021728515626,0.0061250897124409676,0.20732097327709198,0.10439283400774002
1789729846187958500,16.87595849609375,-0.013049104250967503,0.23288656771183014,0.09959928691387177
1789729846197895400,16.8858955078125,-0.020505735650658607,0.24247366189956665,0.09267527610063553
1789729846207832300,16.895832275390624,-0.009320789016783237,0.2360822707414627,0.08628387749195099
1789729846217769200,16.905769287109376,0.0061250897124409676,0.21371237933635712,0.08308817446231842
1789729846227706000,16.9157060546875,0.010386021807789803,0.17696183919906616,0.07989247888326645
1789729846237643000,16.92564306640625,0.00452724052593112,0.12849372625350952,0.07829462736845016
1789729846247580000,16.935579833984374,-0.013581721112132072,0.09174319356679916,0.07350108027458191
1789729846257516800,16.945516845703125,-0.03648423030972481,0.08215609937906265,0.052729032933712006
1789729846267453700,16.95545361328125,-0.06684337556362152,0.08109086751937866,0.02343512699007988
1789729846277390600,16.965390625,-0.10892007499933243,0.08854749798774719,0.0026630824431777
1789729846287327500,16.975327392578127,-0.14726845920085907,0.10718907415866852,0.0005326165119186044
1789729846297264000,16.98526416015625,-0.16750788688659668,0.1306242048740387,0.013315413147211075
1789729846307201000,16.995200927734373,-0.17176882922649384,0.13381989300251007,0.025032976642251015
1789729846317138000,17.005137939453125,-0.16804051399230957,0.12583065032958984,0.02023942768573761
1789729846327074800,17.01507470703125,-0.16324695944786072,0.11890663951635361,-0.0063913981430232525
1789729846337011700,17.02501171875,-0.1643121987581253,0.11411308497190475,-0.048468101769685745
1789729846346948600,17.034948486328126,-0.1744319051504135,0.09067796170711517,-0.09853405505418777
1789729846356885500,17.044885498046874,-0.18135592341423035,0.06244928762316704,-0.1395455300807953
1789729846366822400,17.054822509765625,-0.17816022038459778,0.043807707726955414,-0.16564373672008514
1789729846376759300,17.06475927734375,-0.16963836550712585,0.034220609813928604,-0.17416560649871826
1789729846386696200,17.0746962890625,-0.1643121987581253,0.029959678649902344,-0.17789392173290253
1789729846396633300,17.08463330078125,-0.16005125641822815,0.02516612969338894,-0.1805569976568222
1789729846406570800,17.09457080078125,-0.15099677443504333,0.02410089783370495,-0.2018616646528244
1789729846416507600,17.104507568359374,-0.14087706804275513,0.02197043038904667,-0.23754696547985077
1789729846426444500,17.114444580078125,-0.13821399211883545,0.018242115154862404,-0.2776263654232025
1789729846436381400,17.12438134765625,-0.13501828908920288,0.023568280041217804,-0.32822492718696594
1789729846446318300,17.134318359375,-0.1227681040763855,0.007057168986648321,-0.3932041525840759
1789729846456255200,17.144255126953126,-0.112115778028965,0.0017310036346316338,-0.4533897936344147
1789729846466192000,17.15419189453125,-0.09773512929677963,-0.005725627299398184,-0.5039883852005005
1789729846476128800,17.164128662109373,-0.10359390825033188,0.000665770610794425,-0.5354127287864685
1789729846486065400,17.1740654296875,-0.12489857524633408,0.015579032711684704,-0.5423367619514465
1789729846496002300,17.184002197265624,-0.15951864421367645,0.06351451575756073,-0.5295539498329163
1789729846505939000,17.19393896484375,-0.18401899933815002,0.12316756695508957,-0.48694464564323425
1789729846515876000,17.2038759765625,-0.18029068410396576,0.16577689349651337,-0.41397619247436523
1789729846525813200,17.213813232421874,-0.16804051399230957,0.23288656771183014,-0.33781203627586365
1789729846535750400,17.22375048828125,-0.17070358991622925,0.42356327176094055,-0.3335510790348053
1789729846545686800,17.233686767578124,-0.15206201374530792,0.43208515644073486,-0.4049217104911804
1789729846555623700,17.243623779296875,-0.13981182873249054,0.33887726068496704,-0.44540056586265564
1789729846565560600,17.253560546875,-0.15951864421367645,0.3516600430011749,-0.4533897936344147
1789729846575498000,17.263498046875,-0.19520394504070282,0.39213889837265015,-0.43474823236465454
1789729846585434000,17.27343408203125,-0.2298240214586258,0.3452686667442322,-0.40066078305244446
1789729846595370200,17.283370361328124,-0.26497671008110046,0.24407151341438293,-0.3244965970516205
1789729846605306600,17.293306640625,-0.3011946380138397,0.12636326253414154,-0.21517707407474518
1789729846615243300,17.3032431640625,-0.33155378699302673,-0.004660394508391619,-0.1166430190205574
1789729846625180200,17.31318017578125,-0.33102115988731384,-0.1143793985247612,-0.055924732238054276
1789729846635117600,17.32311767578125,-0.3139774203300476,-0.17456506192684174,-0.041011471301317215
1789729846645055700,17.3330556640625,-0.3022598624229431,-0.14953207969665527,-0.052729032933712006
1789729846654992600,17.34299267578125,-0.29746630787849426,-0.058454662561416626,-0.09001219272613525
1789729846664929500,17.352929443359375,-0.29000967741012573,0.060851436108350754,-0.14433906972408295
1789729846674866400,17.362866455078127,-0.28681400418281555,0.18814678490161896,-0.19547025859355927
1789729846684803000,17.372802978515626,-0.28628137707710266,0.28348514437675476,-0.21997061371803284
1789729846694740500,17.382740478515625,-0.2804225981235504,0.32875755429267883,-0.2231663167476654
1789729846704676600,17.392676513671876,-0.2692376375198364,0.3031919598579407,-0.21837277710437775
1789729846714612700,17.40261279296875,-0.23515018820762634,0.2360822707414627,-0.20772044360637665
1789729846724549000,17.412549072265627,-0.19200825691223145,0.16950520873069763,-0.18535055220127106
1789729846734485800,17.42248583984375,-0.16218173503875732,0.08908011019229889,-0.15712186694145203
1789729846744423000,17.4324228515625,-0.1339530497789383,0.0033288532868027687,-0.11025162041187286
1789729846754360000,17.442360107421877,-0.10732222348451614,-0.06271559745073318,-0.05432688444852829
1789729846764297500,17.45229736328125,-0.09187635034322739,-0.10905323177576065,0.0005326165119186044
1789729846774235000,17.46223486328125,-0.07643046975135803,-0.17989122867584229,-0.0010652330238372087
1789729846784172000,17.472172119140627,-0.05086487531661987,-0.2619141638278961,-0.033554840832948685
1789729846794109000,17.48210888671875,-0.05193011090159416,-0.2826862037181854,-0.08149032294750214
1789729846804045800,17.4920458984375,-0.07430000603199005,-0.25818586349487305,-0.1278279572725296
1789729846813982500,17.501982421875,-0.0902784988284111,-0.18468476831912994,-0.14007814228534698
1789729846823919400,17.51191943359375,-0.09400681406259537,-0.09147688746452332,-0.10545806586742401
1789729846833856300,17.521856201171875,-0.08388710021972656,0.0033288532868027687,-0.04154408723115921
1789729846843793200,17.531793212890626,-0.05778888985514641,0.07256899774074554,0.029293907806277275
1789729846853730000,17.54172998046875,-0.014114337973296642,0.10665645450353622,0.08841434121131897
1789729846863667000,17.5516669921875,0.04074516147375107,0.13328728079795837,0.13368675112724304
1789729846873603800,17.561603759765624,0.08814803510904312,0.12636326253414154,0.1603175699710846
1789729846883540500,17.57154052734375,0.10892007499933243,0.08002562820911407,0.16138280928134918
1789729846893477600,17.5814775390625,0.11371362209320068,0.006524552125483751,0.13102366030216217
1789729846903414500,17.59141455078125,0.10892007499933243,-0.07017222791910172,0.08095771074295044
1789729846913351400,17.601351318359374,0.10199606418609619,-0.1149120107293129,0.030359141528606415
1789729846923288300,17.611288330078125,0.09347419440746307,-0.12130340933799744,0.0010652330238372087
1789729846933225200,17.62122509765625,0.07749570161104202,-0.1138467788696289,0.0031956990715116262
1789729846943162600,17.63116259765625,0.06524552404880524,-0.07816147059202194,0.033554840832948685
1789729846953098200,17.64109814453125,0.07802832126617432,-0.04513924941420555,0.06870753318071365
1789729846963034600,17.65103466796875,0.10625699162483215,-0.019041040912270546,0.09746882319450378
1789729846972971300,17.66097119140625,0.1222354918718338,-0.019041040912270546,0.09959928691387177
1789729846982909400,17.670909423828125,0.12649641931056976,-0.04513924941420555,0.07722939550876617
1789729846992846300,17.680846435546876,0.11903978884220123,-0.08561810106039047,0.051663801074028015
1789729847002783700,17.69078369140625,0.09507204592227936,-0.12130340933799744,0.038881003856658936
1789729847012719900,17.700719970703126,0.07216953486204147,-0.12077079713344574,0.043141938745975494
1789729847022656000,17.710656005859374,0.06258244067430496,-0.09627043455839157,0.06924014538526535
1789729847032592400,17.72059228515625,0.07163692265748978,-0.05366111174225807,0.11131685227155685
1789729847042528800,17.73052880859375,0.09720251709222794,0.01877473294734955,0.15392617881298065
1789729847052465400,17.74046533203125,0.11903978884220123,0.09387365728616714,0.17842653393745422
1789729847062402300,17.75040234375,0.11957240849733353,0.11890663951635361,0.16830681264400482
1789729847072339500,17.76033935546875,0.09240896254777908,0.07363422960042953,0.11397993564605713
1789729847082276900,17.77027685546875,0.04287562891840935,0.0011983871227130294,0.037815771996974945
1789729847092214300,17.78021435546875,-0.011451254598796368,-0.07975932210683823,-0.017576344311237335
1789729847102151700,17.790151611328124,-0.05512581020593643,-0.145803764462471,-0.04154408723115921
1789729847112089000,17.800089111328123,-0.08761541545391083,-0.18042384088039398,-0.0426093190908432
1789729847122026000,17.81002587890625,-0.10412652790546417,-0.17563030123710632,-0.035685304552316666
1789729847131963000,17.819962890625,-0.112115778028965,-0.1468690037727356,-0.02023942768573761
1789729847141899800,17.829899658203125,-0.11850717663764954,-0.10852061212062836,0
1789729847151836400,17.83983642578125,-0.1115831583738327,-0.08934641629457474,0.01118494663387537
1789729847161773300,17.849773193359376,-0.0908111184835434,-0.11970555782318115,-0.004260932095348835
1789729847171710200,17.859710205078127,-0.0695064514875412,-0.1580539494752884,-0.010119713842868805
1789729847181647000,17.869647216796874,-0.0588541254401207,-0.20172850787639618,0.016511112451553345
1789729847191584000,17.879583984375,-0.05725627392530441,-0.22516362369060516,0.08362079411745071
1789729847201521000,17.88952099609375,-0.07110430300235748,-0.2315550297498703,0.15925233066082
1789729847211457800,17.899457763671876,-0.1009308323264122,-0.22569625079631805,0.21837277710437775
1789729847221394700,17.909394775390624,-0.14673584699630737,-0.1894783228635788,0.2450035959482193
1789729847231331600,17.91933154296875,-0.19946488738059998,-0.14367330074310303,0.24287313222885132
1789729847241268500,17.9292685546875,-0.23621542751789093,-0.10798799991607666,0.21890538930892944
1789729847251205400,17.939205322265625,-0.24313943088054657,-0.06857437640428543,0.1928071826696396
1789729847261142300,17.949142333984376,-0.2276935577392578,-0.04513924941420555,0.17469821870326996
1789729847271079000,17.959078857421876,-0.2079867422580719,-0.059519894421100616,0.16670896112918854
1789729847281016000,17.96901611328125,-0.18987779319286346,-0.10106398165225983,0.1699046641588211
1789729847290953000,17.978952880859374,-0.17762760818004608,-0.16018441319465637,0.18801362812519073
1789729847300889900,17.988889892578126,-0.16910573840141296,-0.21451130509376526,0.20452474057674408
1789729847310826800,17.99882666015625,-0.1547250896692276,-0.2422073632478714,0.21091613173484802
1789729847320763600,18.008763671875,-0.12117026001214981,-0.22889193892478943,0.20825305581092834
1789729847330699800,18.01869970703125,-0.08175663650035858,-0.19640234112739563,0.1922745555639267
1789729847340636000,18.028635986328126,-0.05246272683143616,-0.16124965250492096,0.15499140322208405
1789729847350572500,18.038572509765626,-0.04021254554390907,-0.13728190958499908,0.10386022180318832
1789729847360509000,18.048509033203125,-0.03967992961406708,-0.1346188187599182,0.044207170605659485
1789729847370445800,18.05844580078125,-0.0482017956674099,-0.15965180099010468,-0.018641578033566475
1789729847380383000,18.068383056640624,-0.06577813625335693,-0.19373925030231476,-0.07989247888326645
1789729847390320000,18.078320068359375,-0.08601756393909454,-0.22889193892478943,-0.12569749355316162
1789729847400257500,18.088257568359374,-0.10359390825033188,-0.2523270845413208,-0.1480673849582672
1789729847410195000,18.09819482421875,-0.11690932512283325,-0.2645772397518158,-0.14327384531497955
1789729847420132400,18.10813232421875,-0.12489857524633408,-0.25818586349487305,-0.11983871459960938
1789729847430069500,18.118069580078124,-0.12702903151512146,-0.23847904801368713,-0.0964035913348198
1789729847440006400,18.12800634765625,-0.11424624174833298,-0.2113156020641327,-0.07989247888326645
1789729847449943300,18.137943359375,-0.09720251709222794,-0.1788259893655777,-0.07296846061944962
1789729847459880200,18.147880126953126,-0.09240896254777908,-0.1559234857559204,-0.07350108027458191
1789729847469816800,18.15781689453125,-0.09507204592227936,-0.13355359435081482,-0.08095771074295044
1789729847479754000,18.16775390625,-0.09507204592227936,-0.10745538026094437,-0.09374050796031952
1789729847489690000,18.177690185546876,-0.08814803510904312,-0.07922670245170593,-0.11025162041187286
1789729847499626200,18.187626220703127,-0.07376738637685776,-0.054193731397390366,-0.11983871459960938
1789729847509562600,18.197562744140626,-0.05299534276127815,-0.045671865344047546,-0.12090394645929337
1789729847519499300,18.207499267578125,-0.029560215771198273,-0.055258963257074356,-0.1065233051776886
1789729847529436200,18.217436279296876,-0.010386021807789803,-0.08188978582620621,-0.07669677585363388
1789729847539373000,18.227373046875,0.00719032296910882,-0.10266183316707611,-0.02236989326775074
1789729847549310500,18.237310546875,0.023168819025158882,-0.12183602899312973,0.045272402465343475
1789729847559248000,18.247247802734375,0.028494983911514282,-0.1569887101650238,0.10226237028837204
1789729847569185300,18.257185302734374,0.026897134259343147,-0.18681524693965912,0.13581721484661102
1789729847579123000,18.267123046875,0.029027599841356277,-0.19693495333194733,0.15445879101753235
1789729847589059800,18.277059814453125,0.04127778112888336,-0.18468476831912994,0.17256775498390198
1789729847598996700,18.286996826171876,0.05512581020593643,-0.1772281378507614,0.19440503418445587
1789729847608933600,18.29693359375,0.07802832126617432,-0.16391272842884064,0.20878566801548004
1789729847618870300,18.306870361328127,0.11584409326314926,-0.14793424308300018,0.21890538930892944
1789729847628807200,18.31680712890625,0.1541924774646759,-0.13089050352573395,0.21943800151348114
1789729847638744000,18.326744140625,0.18348638713359833,-0.10532491654157639,0.21890538930892944
1789729847648681000,18.336680908203125,0.2069215178489685,-0.06697652488946915,0.2236989289522171
1789729847658617900,18.346617919921876,0.22076953947544098,-0.01637795753777027,0.22795987129211426
1789729847668554800,18.3565546875,0.2191716879606247,0.010785484686493874,0.21997061371803284
1789729847678491600,18.36649169921875,0.20212796330451965,-0.0014646954368799925,0.18694838881492615
1789729847688428500,18.376428466796874,0.17336668074131012,-0.027562905102968216,0.1374150663614273
1789729847698365400,18.386365478515625,0.12915951013565063,-0.05366111174225807,0.07829462736845016
1789729847708302300,18.39630224609375,0.07323476672172546,-0.07336792349815369,0.0159784946590662
1789729847718239200,18.4062392578125,0.024234050884842873,-0.08188978582620621,-0.048468101769685745
1789729847728176000,18.416176025390627,-0.014114337973296642,-0.07816147059202194,-0.09959928691387177
1789729847738112800,18.42611279296875,-0.03488638252019882,-0.05472634732723236,-0.12995843589305878
1789729847748049700,18.436049560546873,-0.04340824484825134,-0.02276935614645481,-0.13581721484661102
1789729847757986600,18.445986572265625,-0.04074516147375107,-0.0014646954368799925,-0.12250179797410965
1789729847767923500,18.45592333984375,-0.029560215771198273,0.0001331541279796511,-0.09161003679037094
1789729847777860400,18.4658603515625,-0.017310036346316338,-0.016910573467612267,-0.058055199682712555
1789729847787797200,18.47579736328125,-0.014114337973296642,-0.03555215150117874,-0.033554840832948685
1789729847797734100,18.485734130859374,-0.022636201232671738,-0.038215234875679016,-0.020772043615579605
1789729847807671000,18.495671142578125,-0.04287562891840935,-0.033954303711652756,-0.02663082629442215
1789729847817608000,18.50560791015625,-0.06790860742330551,-0.0185084231197834,-0.048468101769685745
1789729847827544800,18.515544921875,-0.08601756393909454,0.0033288532868027687,-0.08734910935163498
1789729847837481700,18.525481689453127,-0.09720251709222794,0.008122402243316174,-0.1384802907705307
1789729847847418600,18.535418701171874,-0.10625699162483215,-0.013714875094592571,-0.20505735278129578
1789729847857355300,18.545355224609374,-0.10572437942028046,-0.05792204663157463,-0.27176758646965027
1789729847867292200,18.555292236328125,-0.0908111184835434,-0.10745538026094437,-0.3133116662502289
1789729847877229000,18.56522900390625,-0.06364767253398895,-0.1474016159772873,-0.3111811876296997
1789729847887166000,18.575166015625,-0.03222329914569855,-0.18202169239521027,-0.25898477435112
1789729847897102800,18.585102783203126,-0.0023967742454260588,-0.19160878658294678,-0.16457849740982056
1789729847907039700,18.595039794921874,0.019973119720816612,-0.18202169239521027,-0.05432688444852829
1789729847916976600,18.6049765625,0.03488638252019882,-0.18148908019065857,0.03728315606713295
1789729847926913500,18.61491357421875,0.04234301298856735,-0.19320663809776306,0.09001219272613525
1789729847936850400,18.624850341796876,0.0482017956674099,-0.20439158380031586,0.10066451877355576
1789729847946787300,18.634787353515627,0.05991935729980469,-0.19746756553649902,0.08095771074295044
1789729847956724200,18.64472412109375,0.0695064514875412,-0.18575000762939453,0.044207170605659485
1789729847966661000,18.6546611328125,0.07536523789167404,-0.16124965250492096,-0.0037283156998455524
1789729847976597800,18.66459765625,0.07323476672172546,-0.13248835504055023,-0.060185667127370834
1789729847986534700,18.67453466796875,0.06311506032943726,-0.10585752874612808,-0.11877348273992538
1789729847996471600,18.684471435546875,0.04979964345693588,-0.08561810106039047,-0.16830681264400482
1789729848006408400,18.694408447265626,0.03435376659035683,-0.0723026916384697,-0.19653549790382385
1789729848016345300,18.704345458984374,0.017310036346316338,-0.0717700719833374,-0.20505735278129578
1789729848026282200,18.7142822265625,0.008255556225776672,-0.07283531129360199,-0.18748101592063904
1789729848036219100,18.72421923828125,0.012516488321125507,-0.06537867337465286,-0.14433906972408295
1789729848046156000,18.734156005859376,0.03435376659035683,-0.04407401755452156,-0.08841434121131897
1789729848056093200,18.74409326171875,0.06844121962785721,-0.03342168778181076,-0.04580501839518547
1789729848066030800,18.75403076171875,0.0908111184835434,-0.04194355010986328,-0.039946239441633224
1789729848075968000,18.763968017578126,0.09720251709222794,-0.05472634732723236,-0.0740336924791336
1789729848085905000,18.77390478515625,0.09294158220291138,-0.07390054315328598,-0.13155627250671387
1789729848095842000,18.783842041015625,0.08228924870491028,-0.09893351793289185,-0.19333979487419128
1789729848105778400,18.7937783203125,0.06418029218912125,-0.11650986224412918,-0.24247366189956665
1789729848115714800,18.80371484375,0.04181039705872536,-0.11757509410381317,-0.2584521770477295
1789729848125651500,18.8136513671875,0.027962366119027138,-0.09893351793289185,-0.23914481699466705
1789729848135588000,18.823588134765625,0.03169068321585655,-0.05898727849125862,-0.1922745555639267
1789729848145524700,18.833524658203125,0.04074516147375107,-0.015845341607928276,-0.1384802907705307
1789729848155462000,18.8434619140625,0.04979964345693588,0.019307348877191544,-0.0953383520245552
1789729848165399000,18.85339892578125,0.0588541254401207,0.02623136341571808,-0.07776200771331787
1789729848175336200,18.863336181640626,0.07323476672172546,0.013981183059513569,-0.08095771074295044
1789729848185273300,18.8732734375,0.09453943371772766,0.005459319334477186,-0.09480573982000351
1789729848195210500,18.88321044921875,0.11903978884220123,0.009720250964164734,-0.0964035913348198
1789729848205148000,18.89314794921875,0.14140968024730682,0.017176883295178413,-0.07350108027458191
1789729848215085000,18.9030849609375,0.1531272530555725,0.03581846132874489,-0.0159784946590662
1789729848225021200,18.913021240234375,0.15898603200912476,0.04647079110145569,0.05645735189318657
1789729848234957000,18.92295703125,0.1541924774646759,0.015046416781842709,0.11025162041187286
1789729848244893200,18.93289306640625,0.14034445583820343,-0.040345702320337296,0.13262151181697845
1789729848254830000,18.942830078125,0.13874660432338715,-0.0717700719833374,0.13581721484661102
1789729848264767200,18.952767333984376,0.15951864421367645,-0.07816147059202194,0.1272953450679779
1789729848274704600,18.96270458984375,0.18987779319286346,-0.07017222791910172,0.11504516750574112
1789729848284642300,18.972642333984375,0.21171505749225616,-0.045671865344047546,0.08681648969650269
1789729848294579700,18.982579833984374,0.21597599983215332,-0.014247491955757141,0.03834838792681694
1789729848304516900,18.992516845703125,0.2063889056444168,-0.005193010903894901,-0.029293907806277275
1789729848314453800,19.002453857421877,0.19254086911678314,-0.014247491955757141,-0.10226237028837204
1789729848324390700,19.012390625,0.17922545969486237,-0.02276935614645481,-0.16830681264400482
1789729848334327600,19.02232763671875,0.17283405363559723,-0.02489982172846794,-0.21784014999866486
1789729848344264400,19.032264404296875,0.1749645173549652,-0.001997311832383275,-0.25046291947364807
1789729848354201300,19.042201416015626,0.18082331120967865,0.04274247586727142,-0.2691044807434082
1789729848364138200,19.05213818359375,0.17230144143104553,0.08961272984743118,-0.27443066239356995
1789729848374075100,19.0620751953125,0.16857312619686127,0.13595037162303925,-0.265908807516098
1789729848384011800,19.07201171875,0.1856168508529663,0.17696183919906616,-0.23115555942058563
1789729848393948700,19.08194873046875,0.20266057550907135,0.1742987483739853,-0.1810896098613739
1789729848403885600,19.091885498046874,0.21437814831733704,0.15405932068824768,-0.11877348273992538
1789729848413822500,19.101822509765626,0.23142187297344208,0.14340700209140778,-0.04580501839518547
1789729848423759400,19.11175927734375,0.24526990950107574,0.14979839324951172,0.02556559257209301
1789729848433696300,19.1216962890625,0.24260681867599487,0.1620485782623291,0.07030537724494934
1789729848443633200,19.131633056640624,0.2191716879606247,0.1737661361694336,0.07989247888326645
1789729848453570000,19.141570068359375,0.18348638713359833,0.1833532303571701,0.05965305119752884
1789729848463507000,19.1515068359375,0.14140968024730682,0.18761417269706726,0.02236989326775074
1789729848473443800,19.16144384765625,0.0908111184835434,0.17642922699451447,-0.0159784946590662
1789729848483380700,19.171380615234376,0.04234301298856735,0.1716356724500656,-0.04154408723115921
1789729848493317600,19.181317626953124,0.015179570764303207,0.19240771234035492,-0.04367455467581749
1789729848503254300,19.191254150390623,0.011983871459960938,0.2382127344608307,-0.028228675946593285
1789729848513191200,19.201191162109374,0.03222329914569855,0.2999962568283081,0.0079892473295331
1789729848523128000,19.211128173828126,0.05619104206562042,0.3442034125328064,0.047402869910001755
1789729848533065000,19.22106494140625,0.06471290439367294,0.32715970277786255,0.06870753318071365
1789729848543001900,19.231001953125,0.06631075590848923,0.2664414048194885,0.07722939550876617
1789729848552938800,19.240938720703124,0.06577813625335693,0.19187510013580322,0.08308817446231842
1789729848562875600,19.250875732421875,0.06684337556362152,0.11304785311222076,0.10172975063323975
1789729848572812500,19.2608125,0.0695064514875412,0.05712312087416649,0.15179570019245148
1789729848582749400,19.27074951171875,0.07856093347072601,0.04220985993742943,0.24979715049266815
1789729848592686300,19.280686279296877,0.09613727778196335,0.053394805639982224,0.394668847322464
1789729848602623200,19.290623291015624,0.10892007499933243,0.09440627694129944,0.5613778233528137
1789729848612560100,19.30056005859375,0.10412652790546417,0.1418091505765915,0.705184280872345
1789729848622497000,19.3104970703125,0.0790935531258583,0.18015754222869873,0.7845441102981567
1789729848632434000,19.320433837890626,0.03382114693522453,0.21371237933635712,0.7941312193870544
1789729848642370800,19.330370849609373,-0.025831900537014008,0.25152814388275146,0.7424674034118652
1789729848652308000,19.340307861328125,-0.09134373068809509,0.278158962726593,0.6423355340957642
1789729848662244900,19.350244873046876,-0.16857312619686127,0.2882786989212036,0.5182358622550964
1789729848672181800,19.360181640625,-0.2527265250682831,0.3117138147354126,0.3957340717315674
1789729848682119000,19.370118896484374,-0.3171731233596802,0.3948020040988922,0.3067871034145355
1789729848692055800,19.380055908203126,-0.35339105129241943,0.4901403486728668,0.24979715049266815
1789729848701992700,19.38999267578125,-0.37256523966789246,0.5627093315124512,0.21997061371803284
1789729848711929900,19.399929931640624,-0.3752283453941345,0.610112190246582,0.19973118603229523
1789729848721866800,19.40986669921875,-0.3475322723388672,0.625558078289032,0.1587197184562683
1789729848731803600,19.4198037109375,-0.28787922859191895,0.6143731474876404,0.11238208413124084
1789729848741740800,19.42974072265625,-0.22449785470962524,0.5696333646774292,0.09320788830518723
1789729848751677700,19.439677734375,-0.15685556828975677,0.5141080617904663,0.09480573982000351
1789729848761614600,19.449614501953125,-0.0908111184835434,0.43208515644073486,0.09853405505418777
1789729848771551700,19.4595517578125,-0.04660394415259361,0.30638766288757324,0.10812114924192429
1789729848781488600,19.469488525390624,-0.027962366119027138,0.17642922699451447,0.12250179797410965
1789729848791425500,19.479425537109375,-0.03328853100538254,0.058720968663692474,0.12143656611442566
1789729848801362700,19.48936279296875,-0.03967992961406708,-0.008388710208237171,0.09320788830518723
1789729848811299600,19.499299560546874,-0.04074516147375107,-0.004127778112888336,0.051663801074028015
1789729848821236500,19.509236572265625,-0.03914731368422508,0.043807707726955414,0.0063913981430232525
1789729848831173600,19.519173583984376,-0.031158065423369408,0.13275466859340668,-0.04047885537147522
1789729848841110500,19.529110595703123,-0.013581721112132072,0.24087581038475037,-0.07776200771331787
1789729848851047000,19.539046875,0.00133154122158885,0.3228987455368042,-0.09480573982000351
1789729848860983300,19.5489833984375,-0.0018641578499227762,0.32715970277786255,-0.10386022180318832
1789729848870920000,19.558919921875,-0.023701434955000877,0.2685718834400177,-0.10971900075674057
1789729848880856600,19.568856689453124,-0.04181039705872536,0.19666863977909088,-0.10812114924192429
1789729848890793500,19.57879345703125,-0.05459319427609444,0.11464570462703705,-0.10013190656900406
1789729848900730600,19.588730712890627,-0.05938674136996269,0.03794892504811287,-0.07829462736845016
1789729848910667800,19.598667724609374,-0.05512581020593643,0.008122402243316174,-0.032489608973264694
1789729848920605000,19.60860498046875,-0.03808208182454109,0.03794892504811287,0.04473978653550148
1789729848930542000,19.6185419921875,-0.016244804486632347,0.08535179495811462,0.14753477275371552
1789729848940479500,19.6284794921875,0.0061250897124409676,0.12370018661022186,0.24819929897785187
1789729848950416600,19.638416748046875,0.03222329914569855,0.13914605975151062,0.3222329914569855
1789729848960353500,19.648353515625,0.0476691760122776,0.10985215753316879,0.3621792197227478
1789729848970290400,19.65829052734375,0.04074516147375107,0.057655736804008484,0.35578784346580505
1789729848980227300,19.668227294921873,0.017842652276158333,0.009187635034322739,0.30412402749061584
1789729848990164200,19.678164306640625,-0.010386021807789803,-0.020106272771954536,0.22689463198184967
1789729849000101400,19.688101318359376,-0.04553871229290962,-0.026497671380639076,0.14753477275371552
1789729849010038300,19.698038330078123,-0.08228924870491028,-0.01957365684211254,0.08415340632200241
1789729849019975200,19.70797509765625,-0.10572437942028046,0.012915950268507004,0.06178351491689682
1789729849029912000,19.717912109375,-0.112115778028965,0.05499265342950821,0.08149032294750214
1789729849039849000,19.727848876953125,-0.10359390825033188,0.09174319356679916,0.12037133425474167
1789729849049785900,19.737785888671876,-0.08655018359422684,0.10665645450353622,0.1608501821756363
1789729849059722800,19.74772265625,-0.07163692265748978,0.09174319356679916,0.17682868242263794
1789729849069659000,19.757658935546875,-0.05033225938677788,0.061916667968034744,0.15658925473690033
1789729849079595300,19.76759521484375,-0.027962366119027138,0.03155753016471863,0.11877348273992538
1789729849089531600,19.77753173828125,-0.023168819025158882,-0.005193010903894901,0.08042509108781815
1789729849099468300,19.78746826171875,-0.03275591507554054,-0.04940018057823181,0.04367455467581749
1789729849109405000,19.797405029296876,-0.04127778112888336,-0.08188978582620621,0.016511112451553345
1789729849119342000,19.807342041015627,-0.03169068321585655,-0.08029194176197052,0.012782796286046505
1789729849129279200,19.817279296875,0.006657706573605537,-0.03448691964149475,0.039946239441633224
1789729849139216600,19.827216552734374,0.05246272683143616,0.012915950268507004,0.07829462736845016
1789729849149154300,19.837154296875,0.09560466557741165,0.03368799388408661,0.11078423261642456
1789729849159091700,19.847091796875,0.12702903151512146,0.01664426550269127,0.1272953450679779
1789729849169029000,19.857029052734376,0.1446053832769394,-0.0014646954368799925,0.12143656611442566
1789729849178966000,19.866966064453123,0.15898603200912476,-0.03874785080552101,0.08628387749195099
1789729849188903000,19.87690283203125,0.17389929294586182,-0.10692276805639267,0.046337638050317764
1789729849198839800,19.88683984375,0.1877473145723343,-0.14367330074310303,0.04047885537147522
1789729849208776700,19.896776611328125,0.19307348132133484,-0.13408620655536652,0.08362079411745071
1789729849218713300,19.90671337890625,0.18401899933815002,-0.12183602899312973,0.15392617881298065
1789729849228650200,19.916650146484375,0.15792079269886017,-0.13941237330436707,0.22156846523284912
1789729849238587100,19.926587158203127,0.13128997385501862,-0.16018441319465637,0.2668408751487732
1789729849248524000,19.93652392578125,0.10732222348451614,-0.1900109350681305,0.27163442969322205
1789729849258461000,19.9464609375,0.07216953486204147,-0.24380521476268768,0.23009033501148224
1789729849268397800,19.956397705078125,0.030092833563685417,-0.2960016131401062,0.16724158823490143
1789729849278334700,19.966334716796876,-0.0018641578499227762,-0.3082517981529236,0.11184946447610855
1789729849288271600,19.976271728515623,-0.023168819025158882,-0.285881906747818,0.06284874677658081
1789729849298208500,19.98620849609375,-0.04340824484825134,-0.25658801198005676,0.012250179424881935
1789729849308145400,19.9961455078125,-0.06418029218912125,-0.2219679355621338,-0.03089175745844841
1789729849318082300,20.006082275390625,-0.07696308940649033,-0.17563030123710632,-0.042076703161001205
1789729849328019200,20.016019287109376,-0.0801587849855423,-0.12077079713344574,-0.007456631399691105
1789729849337955800,20.025955810546876,-0.07536523789167404,-0.0712374597787857,0.06284874677658081
1789729849347892700,20.035892822265627,-0.07110430300235748,-0.044606633484363556,0.1390129029750824
1789729849357829600,20.04582958984375,-0.0695064514875412,-0.030758604407310486,0.19866596162319183
1789729849367766500,20.0557666015625,-0.07323476672172546,-0.0185084231197834,0.2348838746547699
1789729849377703400,20.065703369140625,-0.0689738392829895,0.000665770610794425,0.24713405966758728
1789729849387640300,20.075640380859376,-0.07216953486204147,0.013981183059513569,0.2252967804670334
1789729849397577200,20.0855771484375,-0.0902784988284111,0.015579032711684704,0.17629607021808624
1789729849407514400,20.095514404296875,-0.10465914756059647,0.01664426550269127,0.11824086308479309
1789729849417451300,20.105451171875,-0.10785484313964844,0.009187635034322739,0.0633813664317131
1789729849427388200,20.11538818359375,-0.10785484313964844,-0.00359516148455441,0.022902509197592735
1789729849437325300,20.1253251953125,-0.10785484313964844,-0.017975807189941406,0.007456631399691105
1789729849447262200,20.13526220703125,-0.10199606418609619,-0.017975807189941406,0.02343512699007988
1789729849457199000,20.14519921875,-0.0908111184835434,-0.02170412242412567,0.05113118514418602
1789729849467136300,20.15513623046875,-0.07802832126617432,-0.02489982172846794,0.07190322875976562
1789729849477073200,20.1650732421875,-0.06258244067430496,0.004394086077809334,0.08255556225776672
1789729849487010000,20.175010009765625,-0.03435376659035683,0.054460037499666214,0.07776200771331787
1789729849496947200,20.184947265625,-0.0018641578499227762,0.10825430601835251,0.05113118514418602
1789729849506884000,20.194884033203124,0.020505735650658607,0.1412765234708786,-0.0005326165119186044
1789729849516821000,20.204821044921875,0.017310036346316338,0.1300915777683258,-0.08149032294750214
1789729849526758100,20.214758056640626,-0.008255556225776672,0.0773625448346138,-0.17736129462718964
1789729849536695000,20.224695068359374,-0.03808208182454109,-0.005725627299398184,-0.2467346042394638
1789729849546632000,20.2346318359375,-0.05033225938677788,-0.07390054315328598,-0.25312599539756775
1789729849556569000,20.244569091796876,-0.03541899845004082,-0.1037270650267601,-0.20825305581092834
1789729849566506000,20.254506103515624,0.010386021807789803,-0.10745538026094437,-0.13688243925571442
1789729849576443000,20.26444287109375,0.08761541545391083,-0.09999874979257584,-0.06604444980621338
1789729849586380000,20.274380126953126,0.17709499597549438,-0.08721595257520676,-0.0026630824431777
1789729849596317000,20.28431689453125,0.25485700368881226,-0.08402025699615479,0.059120431542396545
1789729849606253800,20.29425390625,0.29746630787849426,-0.1037270650267601,0.11451254785060883
1789729849616191000,20.30419091796875,0.3043903410434723,-0.15272778272628784,0.15658925473690033
1789729849626128100,20.314128173828124,0.2846835255622864,-0.20545682311058044,0.18375270068645477
1789729849636065000,20.32406494140625,0.2511286735534668,-0.23528334498405457,0.1928071826696396
1789729849646002000,20.334001953125,0.2074541300535202,-0.24806614220142365,0.17416560649871826
1789729849655939000,20.34393896484375,0.1547250896692276,-0.24487043917179108,0.1288931965827942
1789729849665876000,20.3538759765625,0.09720251709222794,-0.24593567848205566,0.06977276504039764
1789729849675813400,20.3638134765625,0.04873441159725189,-0.23794642090797424,0.012782796286046505
1789729849685749200,20.373749267578123,0.014646953903138638,-0.23634858429431915,-0.035685304552316666
1789729849695685600,20.383685546875,-0.0061250897124409676,-0.2427399754524231,-0.05858781561255455
1789729849705622300,20.393622314453125,-0.015179570764303207,-0.23901166021823883,-0.06178351491689682
1789729849715559000,20.403558837890625,-0.014114337973296642,-0.21877223253250122,-0.055924732238054276
1789729849725496000,20.41349609375,-0.011983871459960938,-0.19160878658294678,-0.042076703161001205
1789729849735433700,20.423433837890624,-0.015179570764303207,-0.15911918878555298,-0.02876129187643528
1789729849745371400,20.433371337890627,-0.017842652276158333,-0.11331415921449661,-0.02023942768573761
1789729849755308300,20.443308349609374,-0.025831900537014008,-0.06324820965528488,-0.019706811755895615
1789729849765245200,20.4532451171875,-0.05246272683143616,-0.023301972076296806,-0.03089175745844841
1789729849775182600,20.4631826171875,-0.09613727778196335,-0.014780107885599136,-0.055924732238054276
1789729849785118700,20.47311865234375,-0.14567062258720398,-0.019041040912270546,-0.0846860259771347
1789729849795054800,20.483054931640623,-0.1877473145723343,-0.014780107885599136,-0.11877348273992538
1789729849804991200,20.4929912109375,-0.2063889056444168,0.016111649572849274,-0.15445879101753235
1789729849814928000,20.502927978515626,-0.1978670358657837,0.05392742156982422,-0.17416560649871826
1789729849824865500,20.512865478515625,-0.1643121987581253,0.08588441461324692,-0.15712186694145203
1789729849834803000,20.522802978515625,-0.10838746279478073,0.11890663951635361,-0.1065233051776886
1789729849844740400,20.532740234375,-0.04713656008243561,0.1300915777683258,-0.03089175745844841
1789729849854677800,20.542677734375,0.0018641578499227762,0.10292813926935196,0.035685304552316666
1789729849864614700,20.55261474609375,0.026897134259343147,0.04860125854611397,0.05539211630821228
1789729849874551600,20.562551513671874,0.027962366119027138,-0.022236740216612816,0.016511112451553345
1789729849884488400,20.572488525390625,0.008788172155618668,-0.10053136944770813,-0.06870753318071365
1789729849894425300,20.58242529296875,-0.03275591507554054,-0.1900109350681305,-0.17789392173290253
1789729849904362200,20.5923623046875,-0.08601756393909454,-0.2736317217350006,-0.2909417748451233
1789729849914299100,20.602299072265627,-0.1318225860595703,-0.33008909225463867,-0.3846822679042816
1789729849924236000,20.612236083984374,-0.1531272530555725,-0.35565468668937683,-0.4512593448162079
1789729849934172700,20.622172607421874,-0.15206201374530792,-0.346600204706192,-0.4832163453102112
1789729849944109600,20.632109619140625,-0.12117026001214981,-0.30984964966773987,-0.4725640118122101
1789729849954046500,20.64204638671875,-0.07216953486204147,-0.2619141638278961,-0.43528082966804504
1789729849963983400,20.6519833984375,-0.021570969372987747,-0.22303315997123718,-0.3841496706008911
1789729849973920300,20.661920166015626,0.016777420416474342,-0.21504391729831696,-0.31863781809806824
1789729849983857200,20.671857177734374,0.0476691760122776,-0.21823962032794952,-0.22582940757274628
1789729849993794000,20.6817939453125,0.07856093347072601,-0.19586972892284393,-0.09959928691387177
1789729850003731000,20.69173095703125,0.10998530685901642,-0.14314068853855133,0.0532616525888443
1789729850013667800,20.701667724609376,0.132355198264122,-0.09946613013744354,0.18322007358074188
1789729850023604700,20.711604736328123,0.13448566198349,-0.0936073511838913,0.22795987129211426
1789729850033541600,20.721541748046874,0.11903978884220123,-0.11544463038444519,0.1928071826696396
1789729850043478500,20.731478515625,0.09294158220291138,-0.1346188187599182,0.1166430190205574
1789729850053415400,20.74141552734375,0.06524552404880524,-0.1367492824792862,0.03089175745844841
1789729850063352600,20.7513525390625,0.03382114693522453,-0.1351514458656311,-0.043141938745975494
1789729850073289500,20.76128955078125,-0.010386021807789803,-0.14260807633399963,-0.0846860259771347
1789729850083226400,20.771226318359375,-0.04553871229290962,-0.12396649271249771,-0.0852186381816864
1789729850093163500,20.78116357421875,-0.05459319427609444,-0.08135717362165451,-0.060185667127370834
1789729850103100400,20.791100341796874,-0.04394086077809334,-0.024367205798625946,-0.034620072692632675
1789729850113037300,20.801037353515625,-0.030625449493527412,0.03368799388408661,-0.0213046595454216
1789729850122974500,20.810974365234376,-0.025831900537014008,0.0667102187871933,-0.03621792420744896
1789729850132911400,20.820911376953124,-0.030092833563685417,0.06138405203819275,-0.07989247888326645
1789729850142848300,20.83084814453125,-0.03648423030972481,0.03528584539890289,-0.12516488134860992
1789729850152785400,20.840785400390626,-0.04234301298856735,0.004394086077809334,-0.14327384531497955
1789729850162722300,20.850722412109373,-0.03169068321585655,0.009187635034322739,-0.1294258087873459
1789729850172659200,20.8606591796875,-0.015712186694145203,0.040612008422613144,-0.1059906855225563
1789729850182596000,20.87059619140625,-0.014646953903138638,0.06511236727237701,-0.0857512578368187
1789729850192533200,20.880533203125,-0.024766668677330017,0.0874822586774826,-0.06497921794652939
1789729850202470100,20.89047021484375,-0.03382114693522453,0.11517832428216934,-0.04473978653550148
1789729850212407000,20.900406982421874,-0.03914731368422508,0.14447222650051117,-0.033554840832948685
1789729850222344200,20.91034423828125,-0.04340824484825134,0.15672241151332855,-0.045272402465343475
1789729850232281000,20.920281005859376,-0.04340824484825134,0.15672241151332855,-0.07882724702358246
1789729850242218000,20.930218017578124,-0.03435376659035683,0.14660269021987915,-0.12409964948892593
1789729850252155100,20.940155029296875,-0.023701434955000877,0.12316756695508957,-0.1699046641588211
1789729850262092000,20.950092041015626,-0.021038351580500603,0.08055824786424637,-0.20505735278129578
1789729850272029000,20.96002880859375,-0.025831900537014008,0.03262276202440262,-0.21943800151348114
1789729850281966000,20.969966064453125,-0.025299284607172012,-0.021171506494283676,-0.21784014999866486
1789729850291903000,20.979903076171876,-0.011983871459960938,-0.0504654161632061,-0.1922745555639267
1789729850301840000,20.98983984375,0.018375270068645477,-0.043541401624679565,-0.14327384531497955
1789729850311777000,20.999777099609375,0.05512581020593643,-0.02596505545079708,-0.08788172155618668
1789729850321714000,21.0097138671875,0.08868064731359482,-0.009986559860408306,-0.043141938745975494
1789729850331650800,21.01965087890625,0.10785484313964844,0.000665770610794425,-0.015445878729224205
1789729850341588000,21.029587890625,0.111050546169281,-0.006790860556066036,-0.007456631399691105
1789729850351524900,21.03952490234375,0.09507204592227936,-0.03874785080552101,-0.02556559257209301
1789729850361461800,21.049461669921875,0.07003907114267349,-0.08561810106039047,-0.07722939550876617
1789729850371399000,21.05939892578125,0.04979964345693588,-0.13887976109981537,-0.15552401542663574
1789729850381336000,21.069336181640626,0.03435376659035683,-0.19427187740802765,-0.2483324557542801
1789729850391272700,21.079272705078125,0.025299284607172012,-0.25925108790397644,-0.3351489305496216
1789729850401209900,21.0892099609375,0.019440501928329468,-0.3178389072418213,-0.3868127465248108
1789729850411147000,21.09914697265625,0.018375270068645477,-0.335415244102478,-0.39267152547836304
1789729850421084000,21.109083984375,0.030625449493527412,-0.28854498267173767,-0.34686651825904846
1789729850431020800,21.119020751953126,0.04447348043322563,-0.19586972892284393,-0.2792242169380188
1789729850440958000,21.1289580078125,0.05139749497175217,-0.0824224054813385,-0.21784014999866486
1789729850450893800,21.138893798828125,0.04926702752709389,0.04274247586727142,-0.16244803369045258
1789729850460830000,21.148829833984376,0.05299534276127815,0.16950520873069763,-0.11131685227155685
1789729850470766600,21.1587666015625,0.06737598776817322,0.27443066239356995,-0.06497921794652939
1789729850480703200,21.168703125,0.08441971987485886,0.3458012640476227,-0.020772043615579605
1789729850490640400,21.178640380859374,0.10359390825033188,0.37030163407325745,0.01171756349503994
1789729850500577500,21.18857763671875,0.11371362209320068,0.354323148727417,0.02450035884976387
1789729850510515000,21.198514892578125,0.10465914756059647,0.312779039144516,0.01438064593821764
1789729850520452600,21.20845263671875,0.07802832126617432,0.2509955167770386,-0.0106523297727108
1789729850530390000,21.21839013671875,0.05086487531661987,0.1828206181526184,-0.030359141528606415
1789729850540327400,21.228327392578127,0.013049104250967503,0.07949301600456238,-0.04154408723115921
1789729850550264300,21.238264404296874,-0.014114337973296642,-0.005725627299398184,-0.0159784946590662
1789729850560201200,21.248201171875,-0.020505735650658607,-0.03661738336086273,0.05006595328450203
1789729850570137600,21.2581376953125,-0.014646953903138638,-0.012117025442421436,0.13688243925571442
1789729850580073700,21.26807373046875,0.016244804486632347,0.04434032365679741,0.21730753779411316
1789729850590010400,21.27801025390625,0.04447348043322563,0.11677616834640503,0.28122150897979736
1789729850599947300,21.287947265625,0.06311506032943726,0.19187510013580322,0.32596129179000854
1789729850609884700,21.297884765625,0.07856093347072601,0.24993029236793518,0.3414071798324585
1789729850619823000,21.307822998046873,0.07643046975135803,0.2579195499420166,0.3163742125034332
1789729850629760000,21.317760009765625,0.0583215095102787,0.2275604009628296,0.27323228120803833
1789729850639697000,21.32769677734375,0.04607132822275162,0.18921200931072235,0.23275341093540192
1789729850649633800,21.3376337890625,0.04873441159725189,0.17003782093524933,0.21038351953029633
1789729850659570700,21.34757080078125,0.06364767253398895,0.16950520873069763,0.20665520429611206
1789729850669507600,21.357507568359374,0.07856093347072601,0.16630950570106506,0.21890538930892944
1789729850679444500,21.367444580078125,0.09880036115646362,0.15725502371788025,0.23594911396503448
1789729850689381400,21.37738134765625,0.12436595559120178,0.1423417627811432,0.2641777992248535
1789729850699318300,21.387318359375,0.1424749195575714,0.12796111404895782,0.29080861806869507
1789729850709255200,21.397255126953127,0.14140968024730682,0.10718907415866852,0.2998631000518799
1789729850719192000,21.407192138671874,0.12436595559120178,0.09760197252035141,0.28388461470603943
1789729850729128700,21.417128662109373,0.09400681406259537,0.07842778414487839,0.245536208152771
1789729850739065600,21.427065673828125,0.05406057462096214,0.06351451575756073,0.18588316440582275
1789729850749002500,21.43700244140625,0.022636201232671738,0.08109086751937866,0.13581721484661102
1789729850758939400,21.446939453125,0.010386021807789803,0.12796111404895782,0.11291470378637314
1789729850768876300,21.456876220703126,-0.0002663082559593022,0.17962491512298584,0.11131685227155685
1789729850778813200,21.466813232421874,-0.015712186694145203,0.2147776037454605,0.12516488134860992
1789729850788750000,21.47675,-0.023701434955000877,0.2467346042394638,0.1501978635787964
1789729850798687000,21.48668701171875,-0.03382114693522453,0.2483324557542801,0.1699046641588211
1789729850808624000,21.4966240234375,-0.05406057462096214,0.2041252851486206,0.16830681264400482
1789729850818561000,21.50656103515625,-0.07323476672172546,0.14553746581077576,0.1587197184562683
1789729850828498000,21.516497802734374,-0.0902784988284111,0.10452599078416824,0.14007814228534698
1789729850838435000,21.52643505859375,-0.10572437942028046,0.07043853402137756,0.09320788830518723
1789729850848372000,21.5363720703125,-0.11744193732738495,0.03901416063308716,0.015445878729224205
1789729850858308900,21.546308837890624,-0.11584409326314926,0.03262276202440262,-0.08042509108781815
1789729850868246000,21.55624609375,-0.1115831583738327,0.03954677656292915,-0.17310036718845367
1789729850878183000,21.566182861328127,-0.11584409326314926,0.04274247586727142,-0.24513675272464752
1789729850888119800,21.576119873046874,-0.13075734674930573,0.04274247586727142,-0.2776263654232025
1789729850898057000,21.586056884765625,-0.14140968024730682,0.05073172226548195,-0.27602851390838623
1789729850907993900,21.595993896484377,-0.15206201374530792,0.04434032365679741,-0.2600499987602234
1789729850917930800,21.6059306640625,-0.1659100502729416,0.029959678649902344,-0.24247366189956665
1789729850927868000,21.615867919921875,-0.1754971444606781,-0.0009320789249613881,-0.23594911396503448
1789729850937804800,21.6258046875,-0.16804051399230957,-0.04407401755452156,-0.23648172616958618
1789729850947741700,21.63574169921875,-0.1435401439666748,-0.08615072071552277,-0.22795987129211426
1789729850957678800,21.645678955078125,-0.10732222348451614,-0.11544463038444519,-0.19919857382774353
1789729850967615700,21.65561572265625,-0.07323476672172546,-0.15112993121147156,-0.1587197184562683
1789729850977552600,21.665552734375,-0.05512581020593643,-0.18521739542484283,-0.10439283400774002
1789729850987489800,21.67548974609375,-0.04979964345693588,-0.1990654170513153,-0.047402869910001755
1789729850997426700,21.6854267578125,-0.04926702752709389,-0.19693495333194733,0.0021304660476744175
1789729851007363600,21.695363525390626,-0.04979964345693588,-0.16338011622428894,0.05432688444852829
1789729851017300700,21.70530078125,-0.04979964345693588,-0.11970555782318115,0.1065233051776886
1789729851027237600,21.715237548828124,-0.04979964345693588,-0.07549838721752167,0.15286093950271606
1789729851037174500,21.725174560546876,-0.05033225938677788,-0.04087831825017929,0.18748101592063904
1789729851047111700,21.735111572265627,-0.05619104206562042,-0.03342168778181076,0.19760072231292725
1789729851057048600,21.745048583984374,-0.07802832126617432,-0.08721595257520676,0.17736129462718964
1789729851066985700,21.75498583984375,-0.11637670546770096,-0.18042384088039398,0.14274121820926666
1789729851076923000,21.7649228515625,-0.14726845920085907,-0.24700090289115906,0.13155627250671387
1789729851086860300,21.7748603515625,-0.14993155002593994,-0.2422073632478714,0.1587197184562683
1789729851096797200,21.784797119140624,-0.12756165862083435,-0.17349982261657715,0.2029268890619278
1789729851106734300,21.794734375,-0.0902784988284111,-0.07443315535783768,0.2529928386211395
1789729851116671200,21.804671142578126,-0.05991935729980469,0.02410089783370495,0.28281936049461365
1789729851126608100,21.814608154296874,-0.04926702752709389,0.10239552706480026,0.2865476906299591
1789729851136545000,21.824544921875,-0.05512581020593643,0.13435252010822296,0.26950395107269287
1789729851146482000,21.83448193359375,-0.06631075590848923,0.11198262125253677,0.2439383566379547
1789729851156419000,21.844419189453124,-0.06737598776817322,0.061916667968034744,0.21730753779411316
1789729851166356000,21.85435595703125,-0.06098458915948868,-0.0009320789249613881,0.18588316440582275
1789729851176292900,21.86429296875,-0.05193011090159416,-0.0611177459359169,0.15126308798789978
1789729851186229800,21.874229736328125,-0.0370168462395668,-0.11224892735481262,0.12250179797410965
1789729851196167000,21.8841669921875,-0.016777420416474342,-0.14314068853855133,0.1070559173822403
1789729851206103800,21.894103759765624,0.0018641578499227762,-0.16124965250492096,0.10226237028837204
1789729851216041000,21.904041015625,0.024234050884842873,-0.17403244972229004,0.10279498994350433
1789729851225977900,21.913977783203126,0.05938674136996269,-0.1575213372707367,0.11611039936542511
1789729851235914800,21.923914794921874,0.10306129604578018,-0.10585752874612808,0.15073047578334808
1789729851245851600,21.9338515625,0.13768136501312256,-0.04087831825017929,0.1906767040491104
1789729851255788800,21.943788818359376,0.15632294118404388,0.009187635034322739,0.20931829512119293
1789729851265725400,21.953725341796876,0.17975807189941406,0.04434032365679741,0.20079642534255981
1789729851275662000,21.963662109375,0.20053011178970337,0.06298190355300903,0.1699046641588211
1789729851285598700,21.9735986328125,0.2069215178489685,0.05712312087416649,0.11451254785060883
1789729851295535400,21.983535400390625,0.19360610842704773,0.013448567129671574,0.028228675946593285
1789729851305472300,21.99347216796875,0.15951864421367645,-0.050998032093048096,-0.08202294260263443
1789729851315409700,22.00340966796875,0.12170287221670151,-0.10479229688644409,-0.18961147964000702
1789729851325347000,22.01334716796875,0.0902784988284111,-0.13089050352573395,-0.27389803528785706
1789729851335284500,22.023284423828127,0.06364767253398895,-0.1356840580701828,-0.33727940917015076
1789729851345221600,22.0332216796875,0.04394086077809334,-0.13089050352573395,-0.3868127465248108
1789729851355158500,22.043158447265625,0.04127778112888336,-0.11970555782318115,-0.4059869349002838
1789729851365095000,22.053094970703125,0.06524552404880524,-0.0936073511838913,-0.37935611605644226
1789729851375031600,22.063031494140624,0.10892007499933243,-0.07549838721752167,-0.3223661482334137
1789729851384968200,22.07296826171875,0.1424749195575714,-0.08508548885583878,-0.25152814388275146
1789729851394904800,22.08290478515625,0.16697527468204498,-0.09786828607320786,-0.16777420043945312
1789729851404841700,22.092841796875,0.19307348132133484,-0.07975932210683823,-0.07083799690008163
1789729851414779000,22.10277880859375,0.21171505749225616,-0.05259587988257408,0.0213046595454216
1789729851424716300,22.11271630859375,0.20212796330451965,-0.052063263952732086,0.09161003679037094
1789729851434653400,22.1226533203125,0.17070358991622925,-0.06378082931041718,0.13528458774089813
1789729851444590800,22.1325908203125,0.13661614060401917,-0.05898727849125862,0.15552401542663574
1789729851454528000,22.142528076171875,0.10678961127996445,-0.045671865344047546,0.1501978635787964
1789729851464465200,22.152465087890626,0.07323476672172546,-0.020106272771954536,0.13421936333179474
1789729851474402000,22.162402099609373,0.03541899845004082,0.02090519852936268,0.13368675112724304
1789729851484339200,22.172339111328125,-0.0002663082559593022,0.06138405203819275,0.14007814228534698
1789729851494276000,22.182276123046876,-0.03275591507554054,0.05392742156982422,0.13528458774089813
1789729851504213000,22.192212890625,-0.06418029218912125,-0.0014646954368799925,0.1267627328634262
1789729851514150100,22.202150146484374,-0.09400681406259537,-0.08402025699615479,0.1272953450679779
1789729851524087000,22.212087158203126,-0.12170287221670151,-0.1559234857559204,0.14540430903434753
1789729851534024000,22.22202392578125,-0.14833369851112366,-0.20172850787639618,0.15925233066082
1789729851543960800,22.2319609375,-0.17336668074131012,-0.2097177505493164,0.1587197184562683
1789729851553897700,22.241897705078124,-0.1856168508529663,-0.17456506192684174,0.14327384531497955
1789729851563834600,22.251834716796875,-0.1872147023677826,-0.11278154700994492,0.11184946447610855
1789729851573771300,22.261771240234374,-0.19041040539741516,-0.05898727849125862,0.07563154399394989
1789729851583708200,22.271708251953125,-0.19360610842704773,-0.024367205798625946,0.054859500378370285
1789729851593645000,22.28164501953125,-0.19360610842704773,-0.011051792651414871,0.062316130846738815
1789729851603582000,22.29158203125,-0.18082331120967865,-0.004127778112888336,0.10172975063323975
1789729851613518800,22.301518798828123,-0.16058388352394104,0.00226362026296556,0.15445879101753235
1789729851623455700,22.311455810546875,-0.14140968024730682,-0.010519175790250301,0.1906767040491104
1789729851633392600,22.321392578125,-0.13022473454475403,-0.04513924941420555,0.19600287079811096
1789729851643329500,22.33132958984375,-0.12702903151512146,-0.10159660130739212,0.17416560649871826
1789729851653266400,22.341266357421876,-0.12862688302993774,-0.1788259893655777,0.1294258087873459
1789729851663203600,22.35120361328125,-0.12915951013565063,-0.2720338702201843,0.06497921794652939
1789729851673140500,22.361140380859375,-0.12543119490146637,-0.3588503897190094,0.010119713842868805
1789729851683077400,22.371077392578126,-0.1222354918718338,-0.41743817925453186,-0.019706811755895615
1789729851693014300,22.38101416015625,-0.11744193732738495,-0.4435364007949829,-0.033554840832948685
1789729851702951400,22.390951416015625,-0.11584409326314926,-0.42702528834342957,-0.04367455467581749
1789729851712888300,22.400888427734376,-0.11957240849733353,-0.38494858145713806,-0.06178351491689682
1789729851722825200,22.4108251953125,-0.12170287221670151,-0.3146432042121887,-0.09267527610063553
1789729851732762400,22.420762451171875,-0.12010502070188522,-0.22835932672023773,-0.14380645751953125
1789729851742699300,22.43069921875,-0.12063764035701752,-0.15326039493083954,-0.2114487588405609
1789729851752636200,22.44063623046875,-0.12063764035701752,-0.1042596846818924,-0.270169734954834
1789729851762573300,22.4505732421875,-0.11903978884220123,-0.07283531129360199,-0.2888112962245941
1789729851772510200,22.46051025390625,-0.10732222348451614,-0.04833494871854782,-0.26218047738075256
1789729851782447000,22.470447021484375,-0.07962616533041,-0.035019535571336746,-0.2018616646528244
1789729851792384300,22.48038427734375,-0.0375494658946991,-0.02489982172846794,-0.1267627328634262
1789729851802321200,22.490321044921874,0.010918638668954372,-0.029693370684981346,-0.06817491352558136
1789729851812258600,22.500258544921873,0.04447348043322563,-0.06857437640428543,-0.05113118514418602
1789729851822196200,22.5101962890625,0.06045197322964668,-0.12183602899312973,-0.06497921794652939
1789729851832133400,22.52013330078125,0.05778888985514641,-0.1788259893655777,-0.0846860259771347
1789729851842070300,22.5300703125,0.03861469775438309,-0.22729410231113434,-0.08681648969650269
1789729851852007200,22.540007080078126,0.013049104250967503,-0.2432725876569748,-0.0745663121342659
1789729851861944300,22.5499443359375,-0.0061250897124409676,-0.21930484473705292,-0.056989967823028564
1789729851871881200,22.559881103515625,-0.012516488321125507,-0.17190198600292206,-0.050598569214344025
1789729851881817300,22.5698173828125,-0.0050598569214344025,-0.11864032596349716,-0.054859500378370285
1789729851891754000,22.57975390625,0.017310036346316338,-0.06484606117010117,-0.04793548583984375
1789729851901691100,22.589691162109375,0.04553871229290962,-0.02276935614645481,-0.028228675946593285
1789729851911628500,22.599628662109374,0.07323476672172546,-0.0009320789249613881,0.0037283156998455524
1789729851921565700,22.609565673828126,0.08655018359422684,-0.024367205798625946,0.032489608973264694
1789729851931503000,22.619503173828125,0.08761541545391083,-0.07869409024715424,0.0532616525888443
1789729851941440000,22.62943994140625,0.09453943371772766,-0.12130340933799744,0.07935985922813416
1789729851951377200,22.639377197265624,0.09880036115646362,-0.1474016159772873,0.09853405505418777
1789729851961313800,22.649313720703127,0.08761541545391083,-0.19320663809776306,0.09693620353937149
1789729851971250700,22.659250732421874,0.06258244067430496,-0.24646829068660736,0.07722939550876617
1789729851981187800,22.669187744140626,0.028494983911514282,-0.2741643488407135,0.047402869910001755
1789729851991124700,22.679124755859377,0.0007989247678779066,-0.2528596818447113,0.01384802907705307
1789729852001061600,22.6890615234375,-0.006657706573605537,-0.18308693170547485,0.0026630824431777
1789729852010999000,22.6989990234375,0.0023967742454260588,-0.07496577501296997,0.028228675946593285
1789729852020936000,22.70893603515625,0.018907885998487473,0.016111649572849274,0.07083799690008163
1789729852030872800,22.718872802734374,0.04553871229290962,0.08908011019229889,0.11983871459960938
1789729852040809200,22.728809326171874,0.08069140464067459,0.15672241151332855,0.16564373672008514
1789729852050746400,22.738746337890625,0.10838746279478073,0.19720126688480377,0.18481792509555817
1789729852060683800,22.748683837890624,0.11477886140346527,0.1844184696674347,0.17256775498390198
1789729852070621000,22.758620849609375,0.09826774895191193,0.1306242048740387,0.1278279572725296
1789729852080557600,22.7685576171875,0.07430000603199005,0.06830807030200958,0.06817491352558136
1789729852090494000,22.778493896484374,0.04287562891840935,0.005991935729980469,0.00852186419069767
1789729852100430600,22.7884306640625,0.0023967742454260588,-0.04726971685886383,-0.043141938745975494
1789729852110367700,22.79836767578125,-0.04021254554390907,-0.08987903594970703,-0.08841434121131897
1789729852120305400,22.808305419921876,-0.06577813625335693,-0.11011846363544464,-0.1267627328634262
1789729852130242800,22.818242919921875,-0.06524552404880524,-0.09200949966907501,-0.14700216054916382
1789729852140179700,22.8281796875,-0.04873441159725189,-0.06005251035094261,-0.16138280928134918
1789729852150117000,22.8381171875,-0.030625449493527412,-0.04300878196954727,-0.17310036718845367
1789729852160053200,22.84805322265625,-0.005592473316937685,-0.0238345880061388,-0.15605664253234863
1789729852169989400,22.8579892578125,0.03808208182454109,0.017176883295178413,-0.10332760214805603
1789729852179926000,22.867926025390624,0.08814803510904312,0.07469946891069412,-0.02769605815410614
1789729852189862400,22.8778623046875,0.1318225860595703,0.12423279881477356,0.04687025398015976
1789729852199799300,22.88779931640625,0.15099677443504333,0.13541774451732635,0.07083799690008163
1789729852209736400,22.897736328125,0.14673584699630737,0.0981345921754837,0.02450035884976387
1789729852219673600,22.907673583984376,0.12330072373151779,0.034220609813928604,-0.062316130846738815
1789729852229611300,22.917611328125,0.08548495173454285,-0.059519894421100616,-0.13581721484661102
1789729852239549200,22.927549072265624,0.03808208182454109,-0.17456506192684174,-0.15712186694145203
1789729852249486600,22.937486572265627,-0.008788172155618668,-0.2656424939632416,-0.12143656611442566
1789729852259422700,22.947422607421874,-0.03169068321585655,-0.2853493094444275,-0.04473978653550148
1789729852269359000,22.957359130859373,-0.04127778112888336,-0.22782671451568604,0.05539211630821228
1789729852279296000,22.9672958984375,-0.03808208182454109,-0.10958584398031235,0.15073047578334808
1789729852289233200,22.977233154296876,-0.030092833563685417,0.03848154470324516,0.20878566801548004
1789729852299171000,22.987171142578124,-0.03914731368422508,0.15885287523269653,0.20878566801548004
1789729852309108500,22.9971083984375,-0.08069140464067459,0.21957115828990936,0.1496652364730835
1789729852319045600,23.007045654296874,-0.14620323479175568,0.24087581038475037,0.0532616525888443
1789729852328982500,23.016982421875,-0.2287587970495224,0.20998406410217285,-0.05752258375287056
1789729852338919400,23.02691943359375,-0.30811864137649536,0.1418091505765915,-0.1709699034690857
1789729852348856600,23.036856689453124,-0.35179319977760315,0.09760197252035141,-0.26537618041038513
1789729852358794000,23.0467939453125,-0.3480648994445801,0.08002562820911407,-0.3111811876296997
1789729852368730000,23.056730224609375,-0.31983622908592224,0.06244928762316704,-0.31757259368896484
1789729852378666800,23.066666748046874,-0.279357373714447,0.04220985993742943,-0.29520270228385925
1789729852388603100,23.07660302734375,-0.2383458912372589,0.02516612969338894,-0.23754696547985077
1789729852398540000,23.0865400390625,-0.20958459377288818,0.009187635034322739,-0.16191542148590088
1789729852408477000,23.096476806640624,-0.18295377492904663,-0.012117025442421436,-0.09054480493068695
1789729852418414000,23.1064140625,-0.16111649572849274,-0.03608476743102074,-0.030359141528606415
1789729852428351200,23.116351318359374,-0.15951864421367645,-0.0712374597787857,-0.0106523297727108
1789729852438288600,23.12628857421875,-0.1541924774646759,-0.1042596846818924,-0.049533337354660034
1789729852448225800,23.136225830078125,-0.16857312619686127,-0.12396649271249771,-0.11824086308479309
1789729852458163200,23.1461630859375,-0.18029068410396576,-0.1362166702747345,-0.2023942768573761
1789729852468100400,23.156100341796876,-0.18827994167804718,-0.14367330074310303,-0.28241991996765137
1789729852478037200,23.166037353515627,-0.19094301760196686,-0.13728190958499908,-0.33621418476104736
1789729852487974700,23.175974609375,-0.18401899933815002,-0.13887976109981537,-0.3356815576553345
1789729852497911000,23.1859111328125,-0.17283405363559723,-0.14207544922828674,-0.270169734954834
1789729852507847400,23.195847412109377,-0.1653774231672287,-0.17136935889720917,-0.17842653393745422
1789729852517783800,23.20578369140625,-0.15792079269886017,-0.21397867798805237,-0.10545806586742401
1789729852527720700,23.215720703125,-0.13075734674930573,-0.2432725876569748,-0.07083799690008163
1789729852537657600,23.22565771484375,-0.09347419440746307,-0.30079516768455505,-0.06764229387044907
1789729852547594800,23.2355947265625,-0.05512581020593643,-0.36630702018737793,-0.07083799690008163
1789729852557532200,23.2455322265625,-0.017842652276158333,-0.4009270668029785,-0.061250898987054825
1789729852567470000,23.255469970703125,0.011983871459960938,-0.40572062134742737,-0.029293907806277275
1789729852577407200,23.2654072265625,0.022103585302829742,-0.39879661798477173,0.009587096981704235
1789729852587344600,23.2753447265625,0.012516488321125507,-0.38654643297195435,0.04154408723115921
1789729852597280800,23.28528076171875,-0.017310036346316338,-0.3572525382041931,0.060185667127370834
1789729852607217400,23.295217529296874,-0.05672365799546242,-0.3077192008495331,0.06870753318071365
1789729852617154600,23.305154541015625,-0.10039821267127991,-0.251261830329895,0.06764229387044907
1789729852627091500,23.315091552734376,-0.12915951013565063,-0.19427187740802765,0.05645735189318657
1789729852637029000,23.325029052734376,-0.13768136501312256,-0.12982527911663055,0.05006595328450203
1789729852646966300,23.33496630859375,-0.1318225860595703,-0.07336792349815369,0.05432688444852829
1789729852656903200,23.344903076171875,-0.12170287221670151,-0.03874785080552101,0.07296846061944962
1789729852666840000,23.354840087890626,-0.1126483902335167,-0.01957365684211254,0.10758853703737259
1789729852676777200,23.364777099609373,-0.11371362209320068,-0.03448691964149475,0.14007814228534698
1789729852686713600,23.374713623046876,-0.12383333593606949,-0.09573781490325928,0.14433906972408295
1789729852696650500,23.384650390625,-0.13874660432338715,-0.1772281378507614,0.12090394645929337
1789729852706588000,23.394587890625,-0.1643121987581253,-0.2613815665245056,0.08202294260263443
1789729852716525000,23.404525146484374,-0.1962691843509674,-0.3306216895580292,0.03621792420744896
1789729852726461400,23.41446142578125,-0.22609570622444153,-0.3716331720352173,-0.006924014538526535
1789729852736397600,23.4243974609375,-0.2585853040218353,-0.3726983964443207,-0.03728315606713295
1789729852746334200,23.434334228515624,-0.28841185569763184,-0.3487306535243988,-0.062316130846738815
1789729852756270800,23.444270751953123,-0.30918389558792114,-0.32369768619537354,-0.08894696086645126
1789729852766207700,23.454207763671874,-0.31823837757110596,-0.2949363887310028,-0.11131685227155685
1789729852776145000,23.464144775390626,-0.3166405260562897,-0.25605538487434387,-0.1278279572725296
1789729852786082300,23.474082275390625,-0.3033251166343689,-0.22569625079631805,-0.14007814228534698
1789729852796020000,23.48402001953125,-0.27669426798820496,-0.1985328048467636,-0.1390129029750824
1789729852805958000,23.4939580078125,-0.2399437427520752,-0.18575000762939453,-0.12196917831897736
1789729852815895300,23.503895263671875,-0.20585627853870392,-0.21557652950286865,-0.10066451877355576
1789729852825832200,23.513832275390627,-0.18242116272449493,-0.292805939912796,-0.0846860259771347
1789729852835769600,23.52376953125,-0.1643121987581253,-0.39506828784942627,-0.062316130846738815
1789729852845705700,23.533705810546873,-0.14726845920085907,-0.4781564772129059,-0.02556559257209301
1789729852855641900,23.543641845703124,-0.1318225860595703,-0.5362116694450378,0.0106523297727108
1789729852865578800,23.553578857421876,-0.11371362209320068,-0.5591141581535339,0.029293907806277275
1789729852875516200,23.56351611328125,-0.09666989743709564,-0.5330159664154053,0.0213046595454216
1789729852885453300,23.573453369140626,-0.08441971987485886,-0.47123244404792786,-0.019706811755895615
1789729852895391500,23.5833916015625,-0.07643046975135803,-0.4009270668029785,-0.08894696086645126
1789729852905327900,23.593327880859373,-0.07536523789167404,-0.34500235319137573,-0.16617634892463684
1789729852915264300,23.60326416015625,-0.07696308940649033,-0.3071865737438202,-0.2252967804670334
1789729852925200600,23.61320068359375,-0.08388710021972656,-0.2944037914276123,-0.2563216984272003
1789729852935137300,23.62313720703125,-0.09720251709222794,-0.30345824360847473,-0.2600499987602234
1789729852945074000,23.633073974609374,-0.10412652790546417,-0.32156720757484436,-0.23861220479011536
1789729852955011300,23.64301123046875,-0.09826774895191193,-0.34233927726745605,-0.2018616646528244
1789729852964949200,23.65294921875,-0.07802832126617432,-0.3609808385372162,-0.14700216054916382
1789729852974887200,23.66288720703125,-0.05193011090159416,-0.37642672657966614,-0.06710968166589737
1789729852984824000,23.672823974609376,-0.024766668677330017,-0.38654643297195435,0.02663082629442215
1789729852994761000,23.682760986328127,-0.002929390873759985,-0.38707906007766724,0.12037133425474167
1789729853004698000,23.692697998046874,0.013581721112132072,-0.36417654156684875,0.19387240707874298
1789729853014634500,23.702634521484374,0.017842652276158333,-0.30984964966773987,0.2343512624502182
1789729853024571100,23.712571044921877,0.0077229393646121025,-0.24060951173305511,0.23115555942058563
1789729853034508300,23.72250830078125,-0.016244804486632347,-0.18255430459976196,0.17895914614200592
1789729853044445700,23.73244580078125,-0.05139749497175217,-0.16231487691402435,0.09853405505418777
1789729853054382800,23.7423828125,-0.08655018359422684,-0.17136935889720917,0.01171756349503994
1789729853064320800,23.75232080078125,-0.11797455698251724,-0.19480448961257935,-0.0532616525888443
1789729853074256600,23.762256591796874,-0.13821399211883545,-0.20279373228549957,-0.07669677585363388
1789729853084192500,23.772192626953125,-0.13821399211883545,-0.19427187740802765,-0.0644465982913971
1789729853094128600,23.782128662109375,-0.11637670546770096,-0.20758728682994843,-0.032489608973264694
1789729853104065000,23.79206494140625,-0.07749570161104202,-0.24060951173305511,0.021837277337908745
1789729853114002200,23.802002197265626,-0.026364516466856003,-0.2757622003555298,0.09853405505418777
1789729853123940000,23.811940185546874,0.021570969372987747,-0.32050198316574097,0.18481792509555817
1789729853133878500,23.82187841796875,0.05352795869112015,-0.3705679476261139,0.26897132396698
1789729853143816200,23.831816162109376,0.06631075590848923,-0.40838369727134705,0.3302222490310669
1789729853153753000,23.841753173828124,0.0583215095102787,-0.44992780685424805,0.353124737739563
1789729853163690500,23.8516904296875,0.03382114693522453,-0.49147188663482666,0.32276561856269836
1789729853173626600,23.861626708984375,0.0077229393646121025,-0.5127765536308289,0.24660144746303558
1789729853183562800,23.871562744140626,-0.020505735650658607,-0.5207657814025879,0.14433906972408295
1789729853193499100,23.8814990234375,-0.05778888985514641,-0.5420704483985901,0.03515268862247467
1789729853203435500,23.891435546875,-0.09560466557741165,-0.5766905546188354,-0.046337638050317764
1789729853213372700,23.90137255859375,-0.12170287221670151,-0.5926690101623535,-0.08149032294750214
1789729853223310000,23.91131005859375,-0.13555090129375458,-0.5846797823905945,-0.06764229387044907
1789729853233248300,23.921248291015626,-0.13075734674930573,-0.5404726266860962,-0.009587096981704235
1789729853243186200,23.931186279296874,-0.10998530685901642,-0.47229769825935364,0.06551183015108109
1789729853253123000,23.941123046875,-0.08495233207941055,-0.430753618478775,0.11344731599092484
1789729853263060200,23.951060302734376,-0.07376738637685776,-0.4579170346260071,0.11131685227155685
1789729853272996900,23.960996826171876,-0.08335448056459427,-0.5212984085083008,0.08095771074295044
1789729853282933500,23.97093359375,-0.11051792651414871,-0.5884081125259399,0.06870753318071365
1789729853292870100,23.9808701171875,-0.14673584699630737,-0.6352783441543579,0.09267527610063553
1789729853302808000,23.99080810546875,-0.17816022038459778,-0.6603113412857056,0.12196917831897736
1789729853312745200,24.0007451171875,-0.19893226027488708,-0.6661701202392578,0.13049104809761047
1789729853322682000,24.01068212890625,-0.20958459377288818,-0.657115638256073,0.12037133425474167
1789729853332619000,24.020618896484375,-0.20958459377288818,-0.6123758554458618,0.10758853703737259
1789729853342556200,24.03055615234375,-0.2085193693637848,-0.5671034455299377,0.09959928691387177
1789729853352493000,24.0404931640625,-0.21437814831733704,-0.5569837093353271,0.0852186381816864
1789729853362430000,24.050429931640625,-0.22396524250507355,-0.5750926733016968,0.06604444980621338
1789729853372367000,24.0603671875,-0.22556309401988983,-0.6272891163825989,0.045272402465343475
1789729853382304000,24.070303955078124,-0.21970431506633759,-0.6922683119773865,0.023967742919921875
1789729853392241000,24.080240966796875,-0.2079867422580719,-0.7428668737411499,0.01917419396340847
1789729853402178000,24.090177978515626,-0.18881255388259888,-0.7806826233863831,0.037815771996974945
1789729853412115000,24.100114990234374,-0.1653774231672287,-0.7913349866867065,0.0740336924791336
1789729853422051800,24.1100517578125,-0.13874660432338715,-0.7673672437667847,0.1278279572725296
1789729853431989000,24.119989013671876,-0.11318100988864899,-0.7268883585929871,0.17576344311237335
1789729853441926000,24.12992578125,-0.08974587917327881,-0.6794854998588562,0.18588316440582275
1789729853451862800,24.13986279296875,-0.07696308940649033,-0.6272891163825989,0.16244803369045258
1789729853461800000,24.149800048828126,-0.08441971987485886,-0.5937342643737793,0.14061075448989868
1789729853471736800,24.15973681640625,-0.10306129604578018,-0.5910711884498596,0.11877348273992538
1789729853481673700,24.169673828125,-0.12383333593606949,-0.6406044960021973,0.07243584841489792
1789729853491611000,24.17961083984375,-0.14833369851112366,-0.6880073547363281,0.01491326279938221
1789729853501547800,24.1895478515625,-0.17922545969486237,-0.7311493158340454,-0.043141938745975494
1789729853511484700,24.199484619140627,-0.2175738513469696,-0.7721607685089111,-0.0852186381816864
1789729853521421800,24.209421875,-0.24740037322044373,-0.7732260227203369,-0.1272953450679779
1789729853531358700,24.219358642578126,-0.26657456159591675,-0.7418016195297241,-0.17789392173290253
1789729853541295600,24.229295654296877,-0.27829211950302124,-0.6848116517066956,-0.19547025859355927
1789729853551232800,24.239232666015624,-0.28841185569763184,-0.6118432283401489,-0.16191542148590088
1789729853561169700,24.249169677734375,-0.29746630787849426,-0.5564510822296143,-0.10226237028837204
1789729853571106600,24.2591064453125,-0.3059881925582886,-0.5388747453689575,-0.03408745676279068
1789729853581043700,24.269043701171874,-0.3033251166343689,-0.5383421182632446,0.04367455467581749
1789729853590980600,24.278980712890625,-0.2926727831363678,-0.5580489635467529,0.11291470378637314
1789729853600917500,24.28891748046875,-0.2798899710178375,-0.5932016372680664,0.1608501821756363
1789729853610854700,24.298854736328124,-0.27829211950302124,-0.665104866027832,0.16724158823490143
1789729853620791600,24.30879150390625,-0.279357373714447,-0.7338123917579651,0.11025162041187286
1789729853630728400,24.318728515625,-0.25538963079452515,-0.7631062865257263,-0.015445878729224205
1789729853640665600,24.32866552734375,-0.21597599983215332,-0.795063316822052,-0.17256775498390198
1789729853650603300,24.338603271484374,-0.18082331120967865,-0.8147701025009155,-0.3351489305496216
1789729853660540400,24.34854052734375,-0.13821399211883545,-0.7844109535217285,-0.4704335331916809
1789729853670477300,24.358477294921876,-0.09134373068809509,-0.726355791091919,-0.5194342732429504
1789729853680414500,24.36841455078125,-0.07323476672172546,-0.6443328261375427,-0.47735753655433655
1789729853690351400,24.378351318359375,-0.09347419440746307,-0.4765586256980896,-0.431552529335022
1789729853700288300,24.388288330078126,-0.09826774895191193,-0.4446016252040863,-0.40012815594673157
1789729853710225400,24.398225341796874,-0.10732222348451614,-0.4467321038246155,-0.35964930057525635
1789729853720162300,24.408162353515625,-0.12436595559120178,-0.3940030634403229,-0.34686651825904846
1789729853730099200,24.41809912109375,-0.1430075317621231,-0.3679048418998718,-0.3537905216217041
1789729853740036000,24.4280361328125,-0.18135592341423035,-0.39932921528816223,-0.35911667346954346
1789729853749973200,24.43797314453125,-0.22503048181533813,-0.49253711104393005,-0.354323148727417
1789729853759910100,24.44791015625,-0.2607157826423645,-0.5750926733016968,-0.32715970277786255
1789729853769847000,24.457846923828125,-0.3017272651195526,-0.6730940937995911,-0.30638766288757324
1789729853779784200,24.4677841796875,-0.3224993050098419,-0.7418016195297241,-0.28348514437675476
1789729853789721000,24.47772119140625,-0.31131434440612793,-0.764704167842865,-0.2563216984272003
1789729853799658000,24.487657958984375,-0.3059881925582886,-0.7806826233863831,-0.21517707407474518
1789729853809595100,24.49759521484375,-0.3161078989505768,-0.8259550333023071,-0.14380645751953125
1789729853819532000,24.507531982421874,-0.32036882638931274,-0.856846809387207,-0.02450035884976387
1789729853829469000,24.517468994140625,-0.3171731233596802,-0.8701622486114502,0.1501978635787964
1789729853839406000,24.527406005859376,-0.29000967741012573,-0.8137048482894897,0.34353765845298767
1789729853849343000,24.537343017578124,-0.2292914092540741,-0.6587134599685669,0.4777570068836212
1789729853859280000,24.54727978515625,-0.15206201374530792,-0.4792217016220093,0.4990616738796234
1789729853869217000,24.557217041015626,-0.09666989743709564,-0.32316505908966064,0.43088674545288086
1789729853879154000,24.56715380859375,-0.0790935531258583,-0.22409839928150177,0.29134124517440796
1789729853889090800,24.5770908203125,-0.09187635034322739,-0.1575213372707367,0.08308817446231842
1789729853899028000,24.587028076171876,-0.10892007499933243,-0.23794642090797424,-0.2141118347644806
1789729853908964900,24.59696484375,-0.12170287221670151,-0.4041227698326111,-0.4603138267993927
1789729853918901800,24.60690185546875,-0.16271434724330902,-0.550592303276062,-0.6206313967704773
1789729853928839000,24.6168388671875,-0.21437814831733704,-0.6667027473449707,-0.668566882610321
1789729853938775800,24.62677587890625,-0.25698745250701904,-0.7684324979782104,-0.5870765447616577
1789729853948713700,24.636713623046877,-0.2846835255622864,-0.8307486176490784,-0.4267589747905731
1789729853958650600,24.646650634765624,-0.279357373714447,-0.8403357267379761,-0.2563216984272003
1789729853968587800,24.656587890625,-0.24207420647144318,-0.7934654355049133,-0.1166430190205574
1789729853978524700,24.666524658203127,-0.19147562980651855,-0.7029206156730652,-0.016511112451553345
1789729853988461600,24.676461669921874,-0.13821399211883545,-0.589473307132721,0.04367455467581749
1789729853998398700,24.686398681640625,-0.09613727778196335,-0.4952002167701721,0.051663801074028015
1789729854008335600,24.696335693359377,-0.08282186836004257,-0.40731847286224365,-0.0021304660476744175
1789729854018272500,24.7062724609375,-0.10039821267127991,-0.34233927726745605,-0.10172975063323975
1789729854028209700,24.716209716796875,-0.14673584699630737,-0.31411057710647583,-0.2125139832496643
1789729854038146600,24.726146484375,-0.19946488738059998,-0.33168694376945496,-0.3244965970516205
1789729854048083500,24.73608349609375,-0.24580252170562744,-0.3780245780944824,-0.4256937503814697
1789729854058020600,24.7460205078125,-0.27829211950302124,-0.45152565836906433,-0.48960772156715393
1789729854067957500,24.75595751953125,-0.2937380075454712,-0.5484618544578552,-0.49972742795944214
1789729854077894400,24.765894287109376,-0.2926727831363678,-0.6512568593025208,-0.46404212713241577
1789729854087831600,24.77583154296875,-0.27669426798820496,-0.7370080947875977,-0.38255181908607483
1789729854097768400,24.7857685546875,-0.24526990950107574,-0.7854762077331543,-0.25472384691238403
1789729854107705300,24.795705322265626,-0.2063889056444168,-0.7913349866867065,-0.10013190656900406
1789729854117642200,24.805642333984373,-0.17336668074131012,-0.7636389136314392,0.038881003856658936
1789729854127579400,24.815579345703124,-0.14939893782138824,-0.7013227939605713,0.13475197553634644
1789729854137516300,24.825516357421876,-0.1339530497789383,-0.611310601234436,0.19014409184455872
1789729854147453200,24.835453125,-0.13661614060401917,-0.5351464152336121,0.21038351953029633
1789729854157390300,24.845390380859374,-0.15099677443504333,-0.4893414080142975,0.20026381313800812
1789729854167327500,24.855327392578126,-0.16697527468204498,-0.47336292266845703,0.16457849740982056
1789729854177265000,24.865264892578125,-0.17975807189941406,-0.4754934012889862,0.11291470378637314
1789729854187202000,24.8752021484375,-0.19147562980651855,-0.49306973814964294,0.06551183015108109
1789729854197140200,24.88514013671875,-0.2063889056444168,-0.534081220626831,0.0426093190908432
1789729854207075000,24.895074951171875,-0.22343263030052185,-0.6022561192512512,0.04367455467581749
1789729854217010000,24.905010009765626,-0.22396524250507355,-0.6656374931335449,0.06604444980621338
1789729854226945500,24.914945556640625,-0.1983996480703354,-0.6928009390830994,0.12090394645929337
1789729854236882000,24.9248818359375,-0.16164910793304443,-0.6938661336898804,0.19706811010837555
1789729854246819000,24.934819091796875,-0.12330072373151779,-0.6730940937995911,0.2774932086467743
1789729854256757000,24.944757080078126,-0.09666989743709564,-0.6448654532432556,0.34673336148262024
1789729854266695200,24.954695068359374,-0.08868064731359482,-0.6102453470230103,0.3957340717315674
1789729854276633900,24.9646337890625,-0.0801587849855423,-0.5932016372680664,0.3936035931110382
1789729854286572300,24.974572265625,-0.07696308940649033,-0.5580489635467529,0.34673336148262024
1789729854296509200,24.98450927734375,-0.09134373068809509,-0.5308855175971985,0.26897132396698
1789729854306446600,24.994446533203124,-0.10892007499933243,-0.5292876362800598,0.16457849740982056
1789729854316383000,25.004383056640624,-0.12489857524633408,-0.542603075504303,0.04047885537147522
1789729854326319400,25.0143193359375,-0.1435401439666748,-0.5516575574874878,-0.08628387749195099
1789729854336256000,25.024256103515626,-0.16005125641822815,-0.5410051941871643,-0.19493764638900757
1789729854346192600,25.034192626953125,-0.17816022038459778,-0.5138418078422546,-0.27443066239356995
1789729854356129500,25.044129638671876,-0.18827994167804718,-0.4749607741832733,-0.331953227519989
1789729854366067200,25.054067138671876,-0.19467133283615112,-0.42596006393432617,-0.3511274456977844
1789729854376004900,25.0640048828125,-0.20212796330451965,-0.39932921528816223,-0.3228987455368042
1789729854385942500,25.073942626953126,-0.2090519815683365,-0.4248948097229004,-0.27602851390838623
1789729854395879400,25.08387939453125,-0.20958459377288818,-0.4786891043186188,-0.23594911396503448
1789729854405815300,25.093815185546877,-0.20425842702388763,-0.5260919332504272,-0.20665520429611206
1789729854415751400,25.10375146484375,-0.19041040539741516,-0.5553858876228333,-0.18428531289100647
1789729854425687800,25.113687744140623,-0.16750788688659668,-0.5862776041030884,-0.16351327300071716
1789729854435624700,25.123624755859375,-0.1440727710723877,-0.6150389313697815,-0.14327384531497955
1789729854445561900,25.133561767578126,-0.10892007499933243,-0.6230281591415405,-0.11824086308479309
1789729854455499300,25.143499267578125,-0.05565842613577843,-0.5953320860862732,-0.0633813664317131
1789729854465437200,25.153437255859377,0.0034620072692632675,-0.5383421182632446,0.030359141528606415
1789729854475374800,25.163374755859376,0.06524552404880524,-0.46271058917045593,0.1501978635787964
1789729854485312500,25.1733125,0.12543119490146637,-0.39879661798477173,0.28281936049461365
1789729854495249700,25.183249755859375,0.1643121987581253,-0.3572525382041931,0.4170387387275696
1789729854505186600,25.1931865234375,0.18401899933815002,-0.31411057710647583,0.529420793056488
1789729854515123200,25.203123291015626,0.1643121987581253,-0.30292564630508423,0.6045197248458862
1789729854525059800,25.213059814453125,0.11903978884220123,-0.3279586136341095,0.621030867099762
1789729854534996500,25.22299658203125,0.07216953486204147,-0.37482887506484985,0.6103785037994385
1789729854544933600,25.23293359375,0.022103585302829742,-0.44779732823371887,0.597595751285553
1789729854554871000,25.24287109375,-0.022103585302829742,-0.5175700783729553,0.5874760150909424
1789729854564810000,25.25281005859375,-0.0375494658946991,-0.5559184551239014,0.6077154278755188
1789729854574744600,25.26274462890625,-0.03382114693522453,-0.5319507122039795,0.6721620559692383
1789729854584679400,25.272679443359376,-0.00719032296910882,-0.4568518102169037,0.7690982222557068
1789729854594615000,25.282614990234375,0.029560215771198273,-0.3721657991409302,0.8686975240707397
1789729854604551400,25.292551513671874,0.05352795869112015,-0.32050198316574097,0.9400681257247925
1789729854614488800,25.30248876953125,0.05459319427609444,-0.3178389072418213,0.9757534265518188
1789729854624426800,25.3124267578125,0.04021254554390907,-0.3476654291152954,0.982144832611084
1789729854634365200,25.322365234375,0.016244804486632347,-0.3902747631072998,0.9576444625854492
1789729854644304000,25.332303955078125,-0.0050598569214344025,-0.4137098789215088,0.9038501977920532
1789729854654242000,25.342241943359376,-0.023701434955000877,-0.4419385492801666,0.8383383750915527
1789729854664179000,25.352178955078124,-0.03648423030972481,-0.4685693681240082,0.7595111727714539
1789729854674115800,25.36211572265625,-0.03595161437988281,-0.5138418078422546,0.6583139896392822
1789729854684053000,25.372052978515626,-0.03328853100538254,-0.5830819010734558,0.5336817502975464
1789729854693990100,25.381990234375,-0.03914731368422508,-0.6523220539093018,0.40904948115348816
1789729854703926300,25.39192626953125,-0.0583215095102787,-0.7098446488380432,0.3110480308532715
1789729854713862400,25.4018623046875,-0.08282186836004257,-0.7476604580879211,0.2588516175746918
1789729854723799000,25.411799072265627,-0.10678961127996445,-0.7524539828300476,0.2577863931655884
1789729854733735700,25.421735595703126,-0.12543119490146637,-0.7082468271255493,0.28388461470603943
1789729854743672600,25.431672607421874,-0.1446053832769394,-0.6384740471839905,0.2966673970222473
1789729854753609700,25.441609619140625,-0.16697527468204498,-0.5830819010734558,0.2641777992248535
1789729854763547100,25.451547119140624,-0.19999749958515167,-0.5649729371070862,0.18322007358074188
1789729854773485600,25.461485595703124,-0.23674803972244263,-0.5788210034370422,0.08628387749195099
1789729854783423200,25.47142333984375,-0.2617810070514679,-0.5734948515892029,0.022902509197592735
1789729854793360400,25.4813603515625,-0.25698745250701904,-0.5378095507621765,0.0106523297727108
1789729854803296300,25.491296142578125,-0.22343263030052185,-0.503722071647644,0.04793548583984375
1789729854813232400,25.501232421875,-0.17017097771167755,-0.5239614844322205,0.11078423261642456
1789729854823168800,25.511168701171876,-0.1115831583738327,-0.5804188251495361,0.19706811010837555
1789729854833105400,25.52110546875,-0.05938674136996269,-0.6230281591415405,0.3089175820350647
1789729854843042800,25.531042724609375,-0.023168819025158882,-0.6533873081207275,0.4378107786178589
1789729854852981000,25.54098095703125,-0.00133154122158885,-0.6709636449813843,0.5485950112342834
1789729854862919400,25.55091943359375,0.011983871459960938,-0.6917356848716736,0.6162372827529907
1789729854872856600,25.560856689453125,0.011983871459960938,-0.7183665037155151,0.6157047152519226
1789729854882793500,25.57079345703125,0.016777420416474342,-0.7439321279525757,0.5326164960861206
1789729854892730400,25.58073046875,0.031158065423369408,-0.7860088348388672,0.38774481415748596
1789729854902667500,25.59066748046875,0.05193011090159416,-0.8094439506530762,0.21730753779411316
1789729854912604400,25.6006044921875,0.08655018359422684,-0.7892045378684998,0.049533337354660034
1789729854922541300,25.610541259765625,0.13555090129375458,-0.8051829934120178,-0.10492545366287231
1789729854932478500,25.620478515625,0.2085193693637848,-0.8696296215057373,-0.2467346042394638
1789729854942415600,25.63041552734375,0.3134448230266571,-0.8744231462478638,-0.39000844955444336
1789729854952352800,25.640352783203124,0.4199681282043457,-0.8680317401885986,-0.539141058921814
1789729854962289700,25.65028955078125,0.4844147264957428,-0.9069127440452576,-0.6360772848129272
1789729854972226600,25.6602265625,0.4737623929977417,-0.9527177810668945,-0.5828156471252441
1789729854982163700,25.670163818359374,0.39280468225479126,-0.9926640391349792,-0.3948020040988922
1789729854992100600,25.6801005859375,0.3054555654525757,-1.0123708248138428,-0.12516488134860992
1789729855002037500,25.69003759765625,0.2580527067184448,-1.0038490295410156,0.14220860600471497
1789729855011974700,25.699974609375,0.2521939277648926,-0.903717041015625,0.3392767310142517
1789729855021911600,25.70991162109375,0.2692376375198364,-0.7300840616226196,0.45378926396369934
1789729855031849000,25.719848876953126,0.2926727831363678,-0.512243926525116,0.504920482635498
1789729855041785900,25.729785888671874,0.30066201090812683,-0.29067546129226685,0.48468104004859924
1789729855051723000,25.739722900390625,0.2814878225326538,-0.0925421193242073,0.394668847322464
1789729855061660000,25.749659912109376,0.22556309401988983,0.06457975506782532,0.26044946908950806
1789729855071596800,25.7595966796875,0.15152940154075623,0.19080986082553864,0.10918638855218887
1789729855081535000,25.769534912109375,0.0583215095102787,0.24566936492919922,-0.03408745676279068
1789729855091470300,25.77947021484375,-0.05512581020593643,0.22010377049446106,-0.1384802907705307
1789729855101405700,25.78940576171875,-0.15738818049430847,0.15618979930877686,-0.17895914614200592
1789729855111342600,25.799342529296876,-0.21224768459796906,0.11358047276735306,-0.14753477275371552
1789729855121279700,25.80927978515625,-0.22023692727088928,0.11571093648672104,-0.0852186381816864
1789729855131217400,25.819217529296875,-0.17762760818004608,0.1737661361694336,-0.02663082629442215
1789729855141155600,25.829155517578126,-0.111050546169281,0.25206077098846436,0.04367455467581749
1789729855151094000,25.839093994140626,-0.04553871229290962,0.3356815576553345,0.12463226169347763
1789729855161029600,25.849029541015625,-0.0018641578499227762,0.3884105980396271,0.1821548491716385
1789729855170966000,25.858966064453124,0.03382114693522453,0.40066078305244446,0.19866596162319183
1789729855180903000,25.86890283203125,0.05619104206562042,0.36923640966415405,0.17256775498390198
1789729855190839800,25.87883984375,0.07270215451717377,0.3026593327522278,0.1171756312251091
1789729855200777000,25.88877685546875,0.0790935531258583,0.20998406410217285,0.054859500378370285
1789729855210714000,25.898714111328125,0.06364767253398895,0.10186290740966797,-0.00585878174751997
1789729855220651500,25.908651611328125,0.03488638252019882,-0.020106272771954536,-0.060185667127370834
1789729855230588700,25.918588623046876,0.023701434955000877,-0.1143793985247612,-0.08734910935163498
1789729855240526000,25.928526123046876,0.029560215771198273,-0.17243459820747375,-0.08042509108781815
1789729855250463200,25.938463134765627,0.04873441159725189,-0.19480448961257935,-0.05645735189318657
1789729855260400600,25.948400634765626,0.08335448056459427,-0.1687062829732895,-0.02663082629442215
1789729855270337500,25.958337646484374,0.12649641931056976,-0.09680305421352386,-0.01384802907705307
1789729855280274700,25.968274658203125,0.15845340490341187,-0.010519175790250301,-0.03408745676279068
1789729855290211300,25.97821142578125,0.17070358991622925,0.0560578890144825,-0.07989247888326645
1789729855300148200,25.988148193359375,0.15845340490341187,0.09387365728616714,-0.13634982705116272
1789729855310085000,25.998085205078127,0.12649641931056976,0.09493889659643173,-0.22050324082374573
1789729855320022500,26.0080224609375,0.07749570161104202,0.036351077258586884,-0.331953227519989
1789729855329960000,26.0179599609375,0.018907885998487473,-0.04673709720373154,-0.42516112327575684
1789729855339896800,26.027896728515625,-0.030092833563685417,-0.10532491654157639,-0.45285719633102417
1789729855349833700,26.037833740234376,-0.06577813625335693,-0.14367330074310303,-0.41344356536865234
1789729855359770600,26.0477705078125,-0.08974587917327881,-0.15059731900691986,-0.3330184817314148
1789729855369707800,26.057707763671875,-0.09347419440746307,-0.13142313063144684,-0.24993029236793518
1789729855379644700,26.067644775390626,-0.07643046975135803,-0.10053136944770813,-0.1800243854522705
1789729855389581600,26.07758154296875,-0.05459319427609444,-0.07390054315328598,-0.12995843589305878
1789729855399519700,26.087519775390625,-0.03541899845004082,-0.06484606117010117,-0.07669677585363388
1789729855409455000,26.097455078125,-0.020505735650658607,-0.07390054315328598,-0.023967742919921875
1789729855419390700,26.107390625,-0.019973119720816612,-0.10692276805639267,-0.0047935484908521175
1789729855429326600,26.11732666015625,-0.025831900537014008,-0.15432563424110413,-0.023967742919921875
1789729855439263000,26.127262939453125,-0.04127778112888336,-0.20172850787639618,-0.06764229387044907
1789729855449199900,26.137199951171876,-0.06471290439367294,-0.23315288126468658,-0.13634982705116272
1789729855459137500,26.147137451171876,-0.08441971987485886,-0.24540305137634277,-0.20878566801548004
1789729855469075500,26.157075439453124,-0.09826774895191193,-0.24380521476268768,-0.24194104969501495
1789729855479014000,26.167013916015627,-0.10412652790546417,-0.22622886300086975,-0.20825305581092834
1789729855488952000,26.1769521484375,-0.09826774895191193,-0.1889457106590271,-0.11877348273992538
1789729855498890000,26.186889892578126,-0.08282186836004257,-0.1346188187599182,-0.00585878174751997
1789729855508825900,26.196825927734373,-0.06098458915948868,-0.0712374597787857,0.09161003679037094
1789729855518761700,26.20676171875,-0.05139749497175217,-0.03608476743102074,0.14487169682979584
1789729855528697900,26.21669775390625,-0.06258244067430496,-0.048867564648389816,0.14753477275371552
1789729855538634500,26.226634521484375,-0.07589785009622574,-0.06644391268491745,0.1070559173822403
1789729855548571600,26.236571533203126,-0.08868064731359482,-0.08987903594970703,0.020772043615579605
1789729855558509600,26.246509521484374,-0.11318100988864899,-0.15272778272628784,-0.10279498994350433
1789729855568447700,26.25644775390625,-0.14034445583820343,-0.22622886300086975,-0.2332860380411148
1789729855578385700,26.2663857421875,-0.15898603200912476,-0.2864145338535309,-0.32396399974823
1789729855588322600,26.276322509765624,-0.16750788688659668,-0.3082517981529236,-0.3521926701068878
1789729855598259700,26.286259765625,-0.15632294118404388,-0.2832188308238983,-0.3234313726425171
1789729855608196600,26.296196533203126,-0.11690932512283325,-0.22995717823505402,-0.26271310448646545
1789729855618133500,26.306133544921874,-0.06098458915948868,-0.17243459820747375,-0.2029268890619278
1789729855628070700,26.316070556640625,-0.00719032296910882,-0.12876003980636597,-0.17469821870326996
1789729855638007600,26.326007568359376,0.03488638252019882,-0.11597724258899689,-0.17842653393745422
1789729855647944400,26.3359443359375,0.06311506032943726,-0.1356840580701828,-0.20931829512119293
1789729855657881600,26.345881591796875,0.07163692265748978,-0.16977150738239288,-0.2483324557542801
1789729855667818500,26.355818603515626,0.0689738392829895,-0.20172850787639618,-0.28561559319496155
1789729855677755400,26.36575537109375,0.06577813625335693,-0.22729410231113434,-0.31597474217414856
1789729855687692300,26.3756923828125,0.07003907114267349,-0.24913136661052704,-0.3356815576553345
1789729855697629400,26.38562939453125,0.07749570161104202,-0.2629793882369995,-0.3335510790348053
1789729855707566300,26.39556640625,0.09453943371772766,-0.25925108790397644,-0.29626792669296265
1789729855717503200,26.405503173828127,0.11424624174833298,-0.24806614220142365,-0.22849248349666595
1789729855727440400,26.4154404296875,0.13075734674930573,-0.23794642090797424,-0.14327384531497955
1789729855737377300,26.425377197265625,0.1318225860595703,-0.2091851383447647,-0.04473978653550148
1789729855747314200,26.435314208984376,0.11744193732738495,-0.17349982261657715,0.03408745676279068
1789729855757251300,26.445251220703124,0.09294158220291138,-0.16604319214820862,0.055924732238054276
1789729855767188200,26.455188232421875,0.06577813625335693,-0.18628261983394623,0.03408745676279068
1789729855777125000,26.465125,0.03328853100538254,-0.2214353084564209,-0.0079892473295331
1789729855787062300,26.475062255859374,-0.011451254598796368,-0.26937079429626465,-0.04580501839518547
1789729855796999200,26.484999267578125,-0.04713656008243561,-0.3146432042121887,-0.05219641700387001
1789729855806936300,26.494936279296876,-0.06524552404880524,-0.3157084286212921,-0.01384802907705307
1789729855816873200,26.504873291015624,-0.06684337556362152,-0.27789267897605896,0.061250898987054825
1789729855826810400,26.514810302734375,-0.05459319427609444,-0.21717438101768494,0.1608501821756363
1789729855836747500,26.52474755859375,-0.03808208182454109,-0.1351514458656311,0.2663082480430603
1789729855846684700,26.5346845703125,-0.023701434955000877,-0.04673709720373154,0.34513550996780396
1789729855856621600,26.54462158203125,-0.010918638668954372,0.013981183059513569,0.3813534080982208
1789729855866558700,26.554558837890625,-0.011983871459960938,0.02729659713804722,0.3840165138244629
1789729855876496000,26.564495849609376,-0.027962366119027138,0.012383334338665009,0.36590754985809326
1789729855886432800,26.574432861328123,-0.03541899845004082,0.006524552125483751,0.3509942889213562
1789729855896370000,26.584369873046874,-0.03222329914569855,0.023568280041217804,0.3419398069381714
1789729855906307000,26.59430712890625,-0.019440501928329468,0.06138405203819275,0.3291569948196411
1789729855916244200,26.604244140625,-0.00399462366476655,0.08908011019229889,0.30305880308151245
1789729855926181000,26.61418115234375,0.0061250897124409676,0.08694964647293091,0.2561885416507721
1789729855936118300,26.6241181640625,-0.0007989247678779066,0.048068638890981674,0.2013290375471115
1789729855946055400,26.634055419921875,-0.016777420416474342,-0.010519175790250301,0.16138280928134918
1789729855955992600,26.64399267578125,-0.030625449493527412,-0.05632419511675835,0.14007814228534698
1789729855965929500,26.653929443359374,-0.03595161437988281,-0.06697652488946915,0.12516488134860992
1789729855975866600,26.66386669921875,-0.026364516466856003,-0.0611177459359169,0.09959928691387177
1789729855985803800,26.6738037109375,-0.00399462366476655,-0.04726971685886383,0.062316130846738815
1789729855995741000,26.683740966796876,0.022636201232671738,-0.029693370684981346,0.02023942768573761
1789729856005677800,26.693677734375,0.04979964345693588,-0.006790860556066036,-0.020772043615579605
1789729856015615000,26.703614990234374,0.08282186836004257,0.02090519852936268,-0.03941362351179123
1789729856025552100,26.71355224609375,0.12117026001214981,0.0454055592417717,-0.029293907806277275
1789729856035489000,26.723489013671873,0.16910573840141296,0.05978620424866676,0.0021304660476744175
1789729856045426200,26.73342626953125,0.21491076052188873,0.020372580736875534,0.049533337354660034
1789729856055363300,26.74336328125,0.2292914092540741,-0.07390054315328598,0.11930610239505768
1789729856065300500,26.753300537109375,0.21118244528770447,-0.20705467462539673,0.20558997988700867
1789729856075237400,26.7632373046875,0.1749645173549652,-0.3359478712081909,0.30252617597579956
1789729856085174500,26.773174560546874,0.13022473454475403,-0.40678587555885315,0.40958210825920105
1789729856095111700,26.783111572265625,0.07003907114267349,-0.430753618478775,0.5166380405426025
1789729856105048800,26.793048828125,-0.00399462366476655,-0.41850343346595764,0.598660945892334
1789729856114985700,26.80298583984375,-0.08388710021972656,-0.35245898365974426,0.6274222731590271
1789729856124922600,26.812922607421875,-0.15685556828975677,-0.23954427242279053,0.5933347940444946
1789729856134859800,26.82285986328125,-0.2181064635515213,-0.08721595257520676,0.4900071918964386
1789729856144796700,26.832796630859374,-0.26604193449020386,0.09174319356679916,0.3312874734401703
1789729856154733600,26.842733642578125,-0.3022598624229431,0.24087581038475037,0.1384802907705307
1789729856164670700,26.852670654296876,-0.3240971565246582,0.3250292241573334,-0.049533337354660034
1789729856174607600,26.862607666015624,-0.3342168629169464,0.3356815576553345,-0.20026381313800812
1789729856184544500,26.87254443359375,-0.34220612049102783,0.25046291947364807,-0.28668084740638733
1789729856194481400,26.8824814453125,-0.33901041746139526,0.10133028775453568,-0.2925396263599396
1789729856204418600,26.89241845703125,-0.3049229383468628,-0.07656362652778625,-0.2226337045431137
1789729856214355500,26.90235546875,-0.24420467019081116,-0.24753352999687195,-0.09959928691387177
1789729856224292400,26.912292236328124,-0.1754971444606781,-0.39879661798477173,0.04580501839518547
1789729856234229500,26.9222294921875,-0.12063764035701752,-0.496798038482666,0.1816222369670868
1789729856244166400,26.93216650390625,-0.0902784988284111,-0.5308855175971985,0.2780258059501648
1789729856254103300,26.942103271484374,-0.08814803510904312,-0.5127765536308289,0.31211328506469727
1789729856264041200,26.952041259765625,-0.11957240849733353,-0.47123244404792786,0.2785584330558777
1789729856273978400,26.961978271484377,-0.1760297566652298,-0.38441595435142517,0.2018616646528244
1789729856283915500,26.97191552734375,-0.24420467019081116,-0.24593567848205566,0.09800143539905548
1789729856293852400,26.981852294921875,-0.31930360198020935,-0.0936073511838913,-0.03941362351179123
1789729856303789300,26.991789306640626,-0.38321757316589355,0.020372580736875534,-0.1928071826696396
1789729856313726500,27.0017265625,-0.4306204617023468,0.08375394344329834,-0.31544211506843567
1789729856323663600,27.01166357421875,-0.4529903531074524,0.10825430601835251,-0.37136685848236084
1789729856333600500,27.0216005859375,-0.44872942566871643,0.0768299326300621,-0.35911667346954346
1789729856343538000,27.031537841796876,-0.41517457365989685,0.009187635034322739,-0.2909417748451233
1789729856353474800,27.041474853515624,-0.35179319977760315,-0.0717700719833374,-0.20399212837219238
1789729856363411700,27.05141162109375,-0.27456381916999817,-0.15379302203655243,-0.13634982705116272
1789729856373348900,27.061348876953126,-0.19893226027488708,-0.24487043917179108,-0.11184946447610855
1789729856383285800,27.07128564453125,-0.15099677443504333,-0.36311131715774536,-0.11983871459960938
1789729856393222700,27.08122265625,-0.14620323479175568,-0.5095808506011963,-0.1501978635787964
1789729856403159800,27.091159912109376,-0.1765623688697815,-0.6459306478500366,-0.18961147964000702
1789729856413096700,27.1010966796875,-0.2175738513469696,-0.71197509765625,-0.21837277710437775
1789729856423034000,27.1110341796875,-0.2500634491443634,-0.6826812028884888,-0.22849248349666595
1789729856432971300,27.12097119140625,-0.26550933718681335,-0.5868102312088013,-0.2226337045431137
1789729856442908400,27.130908447265625,-0.2591179311275482,-0.4328840672969818,-0.20026381313800812
1789729856452845300,27.14084521484375,-0.23035664856433868,-0.25605538487434387,-0.17256775498390198
1789729856462782200,27.1507822265625,-0.1957365721464157,-0.13248835504055023,-0.14114338159561157
1789729856472719400,27.16071923828125,-0.18029068410396576,-0.08402025699615479,-0.09427312016487122
1789729856482656500,27.170656494140626,-0.18188853561878204,-0.08987903594970703,-0.03408745676279068
1789729856492593400,27.180593505859374,-0.19200825691223145,-0.1463363915681839,0.025032976642251015
1789729856502530600,27.190530517578125,-0.21064983308315277,-0.23581595718860626,0.07296846061944962
1789729856512467500,27.200467529296876,-0.22130216658115387,-0.31411057710647583,0.10332760214805603
1789729856522404600,27.210404541015624,-0.2191716879606247,-0.346600204706192,0.10918638855218887
1789729856532341500,27.220341552734375,-0.20958459377288818,-0.3284912407398224,0.08415340632200241
1789729856542278100,27.230278076171874,-0.19094301760196686,-0.26937079429626465,0.032489608973264694
1789729856552215000,27.240215087890626,-0.16910573840141296,-0.20758728682994843,-0.03621792420744896
1789729856562153000,27.250153076171873,-0.15206201374530792,-0.19160878658294678,-0.10918638855218887
1789729856572089900,27.26008984375,-0.14140968024730682,-0.2326202541589737,-0.16351327300071716
1789729856582027000,27.270027099609376,-0.14140968024730682,-0.31198012828826904,-0.18907886743545532
1789729856591964000,27.2799638671875,-0.17816022038459778,-0.42596006393432617,-0.1912093311548233
1789729856601900800,27.28990087890625,-0.23142187297344208,-0.5500596761703491,-0.17789392173290253
1789729856611838000,27.299837890625,-0.25592222809791565,-0.6390066742897034,-0.16351327300071716
1789729856621774800,27.30977490234375,-0.23355233669281006,-0.6842790842056274,-0.16564373672008514
1789729856631711700,27.319711669921876,-0.1659100502729416,-0.6592460870742798,-0.1699046641588211
1789729856641649000,27.32964892578125,-0.06204982474446297,-0.5718969702720642,-0.16777420043945312
1789729856651585800,27.339585693359375,0.04607132822275162,-0.4531235098838806,-0.15925233066082
1789729856661522700,27.349522705078126,0.13501828908920288,-0.33008909225463867,-0.13262151181697845
1789729856671459600,27.35945947265625,0.19094301760196686,-0.1990654170513153,-0.07989247888326645
1789729856681396700,27.369396728515625,0.20212796330451965,-0.08188978582620621,-0.01917419396340847
1789729856691333600,27.379333740234376,0.1861494779586792,0.010785484686493874,0.0319569893181324
1789729856701270500,27.3892705078125,0.18455162644386292,0.04966649040579796,0.05006595328450203
1789729856711207700,27.399207763671875,0.19893226027488708,0.06404713541269302,0.04154408723115921
1789729856721144600,27.40914453125,0.21544337272644043,0.06404713541269302,0.02343512699007988
1789729856731081500,27.41908154296875,0.23195448517799377,0.027829213067889214,0.016511112451553345
1789729856741018600,27.4290185546875,0.24367205798625946,-0.038215234875679016,0.037815771996974945
1789729856750955800,27.438955810546876,0.23781327903270721,-0.12077079713344574,0.0852186381816864
1789729856760893000,27.448892822265623,0.21384553611278534,-0.21344606578350067,0.14114338159561157
1789729856770829800,27.458829833984375,0.17389929294586182,-0.29120808839797974,0.19387240707874298
1789729856780767000,27.46876708984375,0.12756165862083435,-0.32209983468055725,0.23115555942058563
1789729856790704000,27.4787041015625,0.08069140464067459,-0.29227331280708313,0.245536208152771
1789729856800641300,27.488641357421876,0.03808208182454109,-0.2198374718427658,0.23275341093540192
1789729856810578200,27.498578125,-0.0034620072692632675,-0.13142313063144684,0.1912093311548233
1789729856820515300,27.508515380859375,-0.04447348043322563,-0.054193731397390366,0.13049104809761047
1789729856830452500,27.518452392578126,-0.08495233207941055,-0.004660394508391619,0.06710968166589737
1789729856840389400,27.528389404296874,-0.12170287221670151,0.014513799920678139,0.004260932095348835
1789729856850326500,27.538326416015625,-0.1541924774646759,-0.007856093347072601,-0.0633813664317131
1789729856860263700,27.548263671875,-0.18401899933815002,-0.09200949966907501,-0.14700216054916382
1789729856870200800,27.558200927734376,-0.1968017965555191,-0.2198374718427658,-0.21570968627929688
1789729856880137700,27.5681376953125,-0.1983996480703354,-0.34446972608566284,-0.2348838746547699
1789729856890075000,27.578074951171875,-0.1872147023677826,-0.4440690279006958,-0.20079642534255981
1789729856900012000,27.588011962890626,-0.16058388352394104,-0.5170374512672424,-0.12250179797410965
1789729856909949200,27.59794921875,-0.11797455698251724,-0.5713643431663513,-0.01438064593821764
1789729856919886000,27.607885986328125,-0.06364767253398895,-0.5910711884498596,0.11397993564605713
1789729856929823200,27.6178232421875,-0.0018641578499227762,-0.55751633644104,0.25139498710632324
1789729856939760400,27.627760498046875,0.04234301298856735,-0.49253711104393005,0.36803799867630005
1789729856949697500,27.637697509765626,0.0588541254401207,-0.4312862157821655,0.4346150755882263
1789729856959634400,27.647634521484374,0.06045197322964668,-0.36683961749076843,0.4378107786178589
1789729856969571600,27.657571533203125,0.04607132822275162,-0.3055887222290039,0.38348388671875
1789729856979508700,27.6675087890625,0.018375270068645477,-0.262446790933609,0.2785584330558777
1789729856989445600,27.677445556640624,-0.018375270068645477,-0.24913136661052704,0.14433906972408295
1789729856999382800,27.6873828125,-0.06151720881462097,-0.26883819699287415,0.007456631399691105
1789729857009320000,27.69731982421875,-0.10039821267127991,-0.30931705236434937,-0.1065233051776886
1789729857019257000,27.707257080078126,-0.13022473454475403,-0.370035320520401,-0.17895914614200592
1789729857029194000,27.717194091796873,-0.1430075317621231,-0.4328840672969818,-0.20825305581092834
1789729857039131100,27.727131103515624,-0.13501828908920288,-0.4861457347869873,-0.20665520429611206
1789729857049068300,27.737068359375,-0.10945269465446472,-0.5170374512672424,-0.17576344311237335
1789729857059006000,27.747005859375,-0.07270215451717377,-0.5314181447029114,-0.11504516750574112
1789729857068942800,27.75694287109375,-0.03222329914569855,-0.5527228116989136,-0.05432688444852829
1789729857078879500,27.76687939453125,0.011983871459960938,-0.5814840793609619,-0.00585878174751997
1789729857088816400,27.77681640625,0.05459319427609444,-0.6054518222808838,0.05113118514418602
1789729857098753300,27.786753173828124,0.08814803510904312,-0.6086475253105164,0.13262151181697845
1789729857108690400,27.7966904296875,0.10838746279478073,-0.5900059342384338,0.23807957768440247
1789729857118627300,27.80662744140625,0.1115831583738327,-0.5580489635467529,0.3318201005458832
1789729857128564200,27.816564208984374,0.1009308323264122,-0.5127765536308289,0.3722989559173584
1789729857138501400,27.82650146484375,0.08282186836004257,-0.45844966173171997,0.34726595878601074
1789729857148438300,27.836438232421877,0.06311506032943726,-0.38707906007766724,0.28228676319122314
1789729857158375200,27.846375244140624,0.0375494658946991,-0.3386109471321106,0.1912093311548233
1789729857168312300,27.856312255859375,-0.0002663082559593022,-0.34446972608566284,0.09267527610063553
1789729857178249200,27.866249267578127,-0.04394086077809334,-0.41797080636024475,0.0015978495357558131
1789729857188186400,27.876186279296874,-0.08601756393909454,-0.5181027054786682,-0.038881003856658936
1789729857198123500,27.88612353515625,-0.11584409326314926,-0.5974625945091248,-0.0015978495357558131
1789729857208060400,27.896060302734377,-0.11371362209320068,-0.6006582975387573,0.08841434121131897
1789729857217997800,27.905997802734376,-0.07802832126617432,-0.5330159664154053,0.1800243854522705
1789729857227935500,27.915935546875,-0.018907885998487473,-0.4446016252040863,0.24979715049266815
1789729857237873000,27.925872802734375,0.04607132822275162,-0.3577851355075836,0.31211328506469727
1789729857247809800,27.935809814453126,0.09507204592227936,-0.3039908707141876,0.3701684772968292
1789729857257747000,27.945746826171874,0.1115831583738327,-0.30345824360847473,0.40958210825920105
1789729857267683800,27.955683837890625,0.09294158220291138,-0.3599156141281128,0.42023444175720215
1789729857277621200,27.965621337890624,0.0482017956674099,-0.4531235098838806,0.4042559266090393
1789729857287558000,27.975557861328124,0.0061250897124409676,-0.5335485935211182,0.36644014716148376
1789729857297494500,27.98549462890625,-0.025299284607172012,-0.5782883763313293,0.31264588236808777
1789729857307431200,27.99543115234375,-0.05991935729980469,-0.5995930433273315,0.25032976269721985
1789729857317367800,28.005367919921873,-0.10785484313964844,-0.6049191951751709,0.18535055220127106
1789729857327304700,28.0153046875,-0.15152940154075623,-0.5932016372680664,0.1294258087873459
1789729857337242000,28.0252421875,-0.18348638713359833,-0.5676360726356506,0.09267527610063553
1789729857347180000,28.035179931640624,-0.21491076052188873,-0.5596467852592468,0.06551183015108109
1789729857357117700,28.04511767578125,-0.24313943088054657,-0.574027419090271,0.043141938745975494
1789729857367054800,28.055054931640626,-0.2628462612628937,-0.5862776041030884,0.02769605815410614
1789729857376991700,28.06499169921875,-0.2697702646255493,-0.5708317756652832,0.02023942768573761
1789729857386928600,28.0749287109375,-0.26550933718681335,-0.5415378212928772,0.02023942768573761
1789729857396865800,28.08486572265625,-0.2601831555366516,-0.5255593657493591,0.023967742919921875
1789729857406802700,28.094802734375,-0.25538963079452515,-0.5436683297157288,0.027163442224264145
1789729857416739600,28.104739501953127,-0.24633513391017914,-0.5697665214538574,0.03515268862247467
1789729857426676700,28.1146767578125,-0.23248711228370667,-0.5905385613441467,0.055924732238054276
1789729857436613600,28.124613525390625,-0.22609570622444153,-0.619832456111908,0.08362079411745071
1789729857446550500,28.134550537109376,-0.22716094553470612,-0.6512568593025208,0.11025162041187286
1789729857456487700,28.14448779296875,-0.22609570622444153,-0.6677679419517517,0.13049104809761047
1789729857466424600,28.154424560546875,-0.22716094553470612,-0.6698983907699585,0.13581721484661102
1789729857476361500,28.164361572265626,-0.2394111156463623,-0.6709636449813843,0.12409964948892593
1789729857486298600,28.174298583984374,-0.2623136341571808,-0.6768224239349365,0.10066451877355576
1789729857496235500,28.184235595703125,-0.2910749316215515,-0.6938661336898804,0.06284874677658081
1789729857506172400,28.19417236328125,-0.3107817471027374,-0.7071815729141235,0.01491326279938221
1789729857516109600,28.204109619140624,-0.32143405079841614,-0.7173013091087341,-0.041011471301317215
1789729857526046500,28.21404638671875,-0.32143405079841614,-0.7135729789733887,-0.0953383520245552
1789729857535983600,28.223983642578126,-0.3038577139377594,-0.6853442788124084,-0.1390129029750824
1789729857545920800,28.233920654296874,-0.2719007432460785,-0.6294195652008057,-0.16138280928134918
1789729857555858000,28.24385791015625,-0.23621542751789093,-0.5804188251495361,-0.16191542148590088
1789729857565794800,28.253794921875,-0.2074541300535202,-0.5804188251495361,-0.15286093950271606
1789729857575732000,28.26373193359375,-0.19254086911678314,-0.6406044960021973,-0.14007814228534698
1789729857585669000,28.273669189453123,-0.17869283258914948,-0.7284862399101257,-0.11877348273992538
1789729857595606300,28.283606201171875,-0.16271434724330902,-0.818498432636261,-0.09374050796031952
1789729857605543200,28.293543212890626,-0.15152940154075623,-0.8925321102142334,-0.06551183015108109
1789729857615480300,28.303480224609373,-0.14567062258720398,-0.9324783682823181,-0.017576344311237335
1789729857625417500,28.31341748046875,-0.13768136501312256,-0.917565107345581,0.051663801074028015
1789729857635354600,28.323354736328124,-0.12809427082538605,-0.8717600703239441,0.11557777971029282
1789729857645291500,28.33329150390625,-0.11903978884220123,-0.811574399471283,0.15392617881298065
1789729857655228700,28.343228759765626,-0.13128997385501862,-0.7854762077331543,0.1491326242685318
1789729857665165800,28.353165771484374,-0.14886631071567535,-0.7636389136314392,0.12250179797410965
1789729857675102700,28.363102783203125,-0.16218173503875732,-0.7306166887283325,0.09853405505418777
1789729857685039900,28.373039794921876,-0.17869283258914948,-0.7082468271255493,0.08149032294750214
1789729857694977000,28.38297705078125,-0.2090519815683365,-0.7029206156730652,0.06870753318071365
1789729857704914200,28.3929140625,-0.23621542751789093,-0.6997249722480774,0.05432688444852829
1789729857714851000,28.40285107421875,-0.25485700368881226,-0.6826812028884888,0.04047885537147522
1789729857724788200,28.412788330078126,-0.26710718870162964,-0.6603113412857056,0.02982652559876442
1789729857734725400,28.422725341796873,-0.2607157826423645,-0.6251586079597473,0.03515268862247467
1789729857744662500,28.43266259765625,-0.23195448517799377,-0.5644403696060181,0.06817491352558136
1789729857754599400,28.442599365234376,-0.18295377492904663,-0.4952002167701721,0.11983871459960938
1789729857764536600,28.45253662109375,-0.13128997385501862,-0.4552539587020874,0.15392617881298065
1789729857774473700,28.4624736328125,-0.09666989743709564,-0.44140592217445374,0.16564373672008514
1789729857784410600,28.47241064453125,-0.07856093347072601,-0.43767762184143066,0.15765449404716492
1789729857794347800,28.48234765625,-0.06844121962785721,-0.44886255264282227,0.1267627328634262
1789729857804285000,28.492284912109376,-0.06684337556362152,-0.4898740351200104,0.08308817446231842
1789729857814222000,28.50222216796875,-0.07430000603199005,-0.5362116694450378,0.050598569214344025
1789729857824159000,28.512158935546875,-0.06844121962785721,-0.5617772936820984,0.0426093190908432
1789729857834096000,28.52209619140625,-0.04234301298856735,-0.5559184551239014,0.0532616525888443
1789729857844033800,28.53203369140625,-0.022636201232671738,-0.5383421182632446,0.055924732238054276
1789729857853971200,28.54197119140625,-0.010386021807789803,-0.5154396295547485,0.039946239441633224
1789729857863908400,28.551908447265625,0.010386021807789803,-0.4738955497741699,0.006924014538526535
1789729857873845200,28.56184521484375,0.03222329914569855,-0.4355471432209015,-0.03728315606713295
1789729857883782400,28.571782470703123,0.05406057462096214,-0.40731847286224365,-0.07083799690008163
1789729857893719600,28.581719482421875,0.07696308940649033,-0.3806876540184021,-0.0846860259771347
1789729857903656400,28.591656494140626,0.09933298081159592,-0.3705679476261139,-0.10226237028837204
1789729857913593600,28.601593505859373,0.111050546169281,-0.3828181326389313,-0.13528458774089813
1789729857923530800,28.61153076171875,0.11637670546770096,-0.404655396938324,-0.16724158823490143
1789729857933467600,28.621467529296876,0.12969212234020233,-0.4216991364955902,-0.17789392173290253
1789729857943404500,28.631404541015623,0.1451379954814911,-0.4563191831111908,-0.16298064589500427
1789729857953341400,28.641341552734374,0.1552577167749405,-0.5042546987533569,-0.12995843589305878
1789729857963278000,28.651278076171874,0.16218173503875732,-0.55751633644104,-0.08095771074295044
1789729857973215000,28.661215087890625,0.16804051399230957,-0.5979951620101929,-0.01438064593821764
1789729857983151900,28.67115185546875,0.1659100502729416,-0.6203650832176208,0.06710968166589737
1789729857993089000,28.681089111328124,0.15685556828975677,-0.6272891163825989,0.15712186694145203
1789729858003027200,28.691027099609375,0.13661614060401917,-0.6059844493865967,0.256721168756485
1789729858012964400,28.70096435546875,0.11531147360801697,-0.5431357026100159,0.33661362528800964
1789729858022901500,28.710901611328126,0.08974587917327881,-0.44992780685424805,0.36910325288772583
1789729858032838700,28.720838623046873,0.04979964345693588,-0.35512205958366394,0.348863810300827
1789729858042775600,28.730775634765624,-0.00719032296910882,-0.27789267897605896,0.28335198760032654
1789729858052712700,28.740712646484376,-0.06737598776817322,-0.21877223253250122,0.18641577661037445
1789729858062649900,28.75064990234375,-0.10998530685901642,-0.15965180099010468,0.08628387749195099
1789729858072586500,28.76058642578125,-0.1318225860595703,-0.09467258304357529,-0.0037283156998455524
1789729858082523100,28.770523193359374,-0.1328878253698349,-0.045671865344047546,-0.07989247888326645
1789729858092459800,28.780459716796877,-0.10732222348451614,-0.007323476951569319,-0.12037133425474167
1789729858102397200,28.790397216796876,-0.06471290439367294,0.0011983871227130294,-0.1374150663614273
1789729858112334800,28.8003349609375,-0.018375270068645477,-0.03608476743102074,-0.15232832729816437
1789729858122272300,28.810272216796875,0.013049104250967503,-0.15911918878555298,-0.16138280928134918
1789729858132209400,28.82020947265625,0.05512581020593643,-0.2960016131401062,-0.137947678565979
1789729858142146300,28.830146240234374,0.08175663650035858,-0.49413496255874634,-0.09054480493068695
1789729858152082200,28.840082275390625,0.10998530685901642,-0.6661701202392578,0.0021304660476744175
1789729858162018300,28.850018310546876,0.15685556828975677,-0.703985869884491,0.1384802907705307
1789729858171954700,28.85995458984375,0.21011722087860107,-0.6528546810150146,0.25831902027130127
1789729858181891300,28.869891357421874,0.24154159426689148,-0.5569837093353271,0.30572187900543213
1789729858191828500,28.879828369140625,0.23248711228370667,-0.4552539587020874,0.2663082480430603
1789729858201766100,28.88976611328125,0.1861494779586792,-0.36311131715774536,0.15925233066082
1789729858211704000,28.8997041015625,0.12063764035701752,-0.3284912407398224,-0.0063913981430232525
1789729858221642000,28.90964208984375,0.04287562891840935,-0.3471328020095825,-0.2029268890619278
1789729858231580200,28.919580078125,-0.03861469775438309,-0.3913399875164032,-0.3873453438282013
1789729858241517300,28.929517333984375,-0.11318100988864899,-0.4334166944026947,-0.5263582468032837
1789729858251454200,28.9394541015625,-0.1861494779586792,-0.5042546987533569,-0.6089138388633728
1789729858261391400,28.949391357421874,-0.25379177927970886,-0.6310173869132996,-0.5726959109306335
1789729858271328500,28.95932861328125,-0.28574874997138977,-0.7396711707115173,-0.4294220507144928
1789729858281265400,28.969265380859376,-0.27829211950302124,-0.7828131318092346,-0.26377832889556885
1789729858291202300,28.979202392578124,-0.22396524250507355,-0.7487256526947021,-0.14380645751953125
1789729858301139500,28.989139404296875,-0.12756165862083435,-0.6150389313697815,-0.08415340632200241
1789729858311076400,28.999076416015626,-0.03595161437988281,-0.40785109996795654,-0.06870753318071365
1789729858321013200,29.00901318359375,0.006657706573605537,-0.210782989859581,-0.06178351491689682
1789729858330950400,29.018950439453125,-0.00399462366476655,-0.08721595257520676,-0.0532616525888443
1789729858340887300,29.02888720703125,-0.03435376659035683,-0.06697652488946915,-0.03302222490310669
1789729858350824200,29.03882421875,-0.05725627392530441,-0.1367492824792862,0.017576344311237335
1789729858360761300,29.04876123046875,-0.07163692265748978,-0.25871846079826355,0.10279498994350433
1789729858370698200,29.0586982421875,-0.06684337556362152,-0.38601380586624146,0.1928071826696396
1789729858380635100,29.06863525390625,-0.05193011090159416,-0.534081220626831,0.25991687178611755
1789729858390572000,29.078572021484376,-0.029560215771198273,-0.6587134599685669,0.29240646958351135
1789729858400509200,29.08850927734375,-0.027429750189185143,-0.7364754676818848,0.2961347699165344
1789729858410446300,29.0984462890625,-0.019973119720816612,-0.7455299496650696,0.2961347699165344
1789729858420383500,29.108383544921875,-0.015179570764303207,-0.6933335661888123,0.29240646958351135
1789729858430320400,29.1183203125,-0.020505735650658607,-0.6065170764923096,0.2780258059501648
1789729858440257500,29.128257568359373,-0.026364516466856003,-0.4643084406852722,0.24873191118240356
1789729858450194700,29.138194580078125,-0.011451254598796368,-0.2933385372161865,0.2029268890619278
1789729858460131800,29.1481318359375,0.017842652276158333,-0.16391272842884064,0.11983871459960938
1789729858470068700,29.15806884765625,0.0583215095102787,-0.09573781490325928,0.03621792420744896
1789729858480006000,29.168005859375,0.09400681406259537,-0.10053136944770813,-0.02343512699007988
1789729858489943000,29.177943115234374,0.12383333593606949,-0.1585865616798401,-0.03408745676279068
1789729858499880200,29.187880126953125,0.15046416223049164,-0.24433782696723938,0.015445878729224205
1789729858509817000,29.197817138671876,0.164844810962677,-0.3306216895580292,0.11344731599092484
1789729858519754200,29.207754150390624,0.164844810962677,-0.4142425060272217,0.2146444469690323
1789729858529691400,29.21769140625,0.14993155002593994,-0.4893414080142975,0.2764279842376709
1789729858539628300,29.227628173828126,0.1222354918718338,-0.5330159664154053,0.2854824364185333
1789729858549565400,29.2375654296875,0.08921326696872711,-0.5228962898254395,0.24713405966758728
1789729858559503600,29.247503662109374,0.05246272683143616,-0.4536561071872711,0.1922745555639267
1789729858569441000,29.25744091796875,0.020505735650658607,-0.3263607621192932,0.14753477275371552
1789729858579378000,29.2673779296875,-0.010386021807789803,-0.18308693170547485,0.10386022180318832
1789729858589315000,29.277315185546875,-0.03541899845004082,-0.05632419511675835,0.051663801074028015
1789729858599252200,29.287252197265627,-0.0476691760122776,0.021437814459204674,-0.0047935484908521175
1789729858609189000,29.297189208984374,-0.05246272683143616,0.02516612969338894,-0.06977276504039764
1789729858619126300,29.307126220703125,-0.05565842613577843,-0.040345702320337296,-0.1384802907705307
1789729858629063000,29.31706298828125,-0.06098458915948868,-0.15432563424110413,-0.21091613173484802
1789729858638999600,29.32699951171875,-0.07430000603199005,-0.3066539466381073,-0.27602851390838623
1789729858648936400,29.3369365234375,-0.09773512929677963,-0.44939517974853516,-0.32662707567214966
1789729858658873000,29.346873046875,-0.1227681040763855,-0.5234288573265076,-0.3532578945159912
1789729858668810200,29.356810302734374,-0.13981182873249054,-0.5159722566604614,-0.3639102280139923
1789729858678747400,29.366747314453125,-0.132355198264122,-0.42809051275253296,-0.3655080795288086
1789729858688684800,29.376684814453125,-0.10732222348451614,-0.2949363887310028,-0.3617797791957855
1789729858698622200,29.386622314453124,-0.08122401684522629,-0.17616291344165802,-0.37189948558807373
1789729858708559600,29.3965595703125,-0.0476691760122776,-0.09467258304357529,-0.3740299344062805
1789729858718497000,29.4064970703125,-0.0023967742454260588,-0.06005251035094261,-0.3516600430011749
1789729858728434200,29.41643408203125,0.04500609636306763,-0.07656362652778625,-0.2989310026168823
1789729858738371300,29.426371337890625,0.09507204592227936,-0.12290126085281372,-0.22636201977729797
1789729858748308500,29.43630859375,0.14087706804275513,-0.19214141368865967,-0.1581871062517166
1789729858758245600,29.44624560546875,0.1749645173549652,-0.2832188308238983,-0.1065233051776886
1789729858768182500,29.4561826171875,0.1983996480703354,-0.36524176597595215,-0.0639139786362648
1789729858778119700,29.46611962890625,0.21650861203670502,-0.39932921528816223,-0.0106523297727108
1789729858788056800,29.476056884765626,0.22396524250507355,-0.39826399087905884,0.041011471301317215
1789729858797994000,29.485993896484374,0.2063889056444168,-0.40625324845314026,0.07030537724494934
1789729858807931000,29.495930908203125,0.16271434724330902,-0.42862313985824585,0.07243584841489792
1789729858817868000,29.505867919921876,0.111050546169281,-0.4216991364955902,0.06977276504039764
1789729858827805200,29.51580517578125,0.06258244067430496,-0.3886769115924835,0.0750989317893982
1789729858837742000,29.5257421875,0.011983871459960938,-0.3460675776004791,0.09267527610063553
1789729858847679200,29.53567919921875,-0.029560215771198273,-0.2938711643218994,0.11983871459960938
1789729858857616400,29.545616455078125,-0.05406057462096214,-0.22889193892478943,0.15286093950271606
1789729858867553500,29.555553466796876,-0.06577813625335693,-0.17030413448810577,0.1810896098613739
1789729858877490400,29.565490478515624,-0.07163692265748978,-0.12662957608699799,0.20665520429611206
1789729858887427600,29.575427490234375,-0.0689738392829895,-0.09680305421352386,0.23701435327529907
1789729858897364700,29.58536474609375,-0.06790860742330551,-0.09573781490325928,0.26897132396698
1789729858907302000,29.595302001953126,-0.07163692265748978,-0.12876003980636597,0.3003957271575928
1789729858917238800,29.60523876953125,-0.08228924870491028,-0.18681524693965912,0.3217003643512726
1789729858927176000,29.615176025390625,-0.09560466557741165,-0.24859875440597534,0.32276561856269836
1789729858937113000,29.625113037109376,-0.10625699162483215,-0.3061213493347168,0.299330472946167
1789729858947050200,29.63505029296875,-0.12117026001214981,-0.3705679476261139,0.23807957768440247
1789729858956987100,29.644987060546875,-0.1424749195575714,-0.43821024894714355,0.1699046641588211
1789729858966924300,29.65492431640625,-0.1541924774646759,-0.47283029556274414,0.14114338159561157
1789729858976861400,29.664861328125,-0.15738818049430847,-0.4643084406852722,0.15392617881298065
1789729858986798600,29.674798583984376,-0.15685556828975677,-0.42915576696395874,0.16830681264400482
1789729858996735500,29.684735595703124,-0.14673584699630737,-0.38654643297195435,0.16244803369045258
1789729859006672400,29.69467236328125,-0.12330072373151779,-0.3359478712081909,0.1395455300807953
1789729859016609300,29.704609375,-0.09933298081159592,-0.2965342402458191,0.10758853703737259
1789729859026546200,29.714546142578126,-0.08441971987485886,-0.29972994327545166,0.07776200771331787
1789729859036483000,29.724483154296873,-0.07483261823654175,-0.32156720757484436,0.060185667127370834
1789729859046420000,29.734419921875,-0.05299534276127815,-0.346600204706192,0.055924732238054276
1789729859056356900,29.74435693359375,-0.023168819025158882,-0.38654643297195435,0.05752258375287056
1789729859066294000,29.7542939453125,0.010918638668954372,-0.4339492917060852,0.06551183015108109
1789729859076231400,29.7642314453125,0.05619104206562042,-0.4770912528038025,0.09320788830518723
1789729859086168600,29.77416845703125,0.10039821267127991,-0.5138418078422546,0.14061075448989868
1789729859096105700,29.784105712890625,0.1451379954814911,-0.5362116694450378,0.19706811010837555
1789729859106043000,29.79404296875,0.18295377492904663,-0.5388747453689575,0.24766667187213898
1789729859115980000,29.80397998046875,0.1968017965555191,-0.519167959690094,0.27269965410232544
1789729859125917200,29.813917236328123,0.19200825691223145,-0.47229769825935364,0.25938424468040466
1789729859135854300,29.823854248046874,0.17336668074131012,-0.39453569054603577,0.21943800151348114
1789729859145791700,29.833791748046874,0.13075734674930573,-0.3189041316509247,0.14433906972408295
1789729859155729000,29.84372900390625,0.07163692265748978,-0.26031631231307983,0.041011471301317215
1789729859165666000,29.853666015625,0.00452724052593112,-0.2219679355621338,-0.06924014538526535
1789729859175603200,29.863603271484376,-0.05725627392530441,-0.18575000762939453,-0.16830681264400482
1789729859185540400,29.873540283203123,-0.10359390825033188,-0.15219517052173615,-0.25206077098846436
1789729859195477500,29.8834775390625,-0.13128997385501862,-0.1255643367767334,-0.31597474217414856
1789729859205414000,29.893413818359374,-0.1339530497789383,-0.09200949966907501,-0.3458012640476227
1789729859215350000,29.90335009765625,-0.111050546169281,-0.08348763734102249,-0.33781203627586365
1789729859225286700,29.91328662109375,-0.07483261823654175,-0.1149120107293129,-0.29467007517814636
1789729859235223300,29.923223388671875,-0.04181039705872536,-0.18095645308494568,-0.22582940757274628
1789729859245160400,29.933160400390626,-0.011983871459960938,-0.24966399371623993,-0.13688243925571442
1789729859255097900,29.943097900390626,0.010918638668954372,-0.31304535269737244,-0.056989967823028564
1789729859265035300,29.95303515625,0.020505735650658607,-0.35512205958366394,0.0047935484908521175
1789729859274973200,29.96297314453125,0.016777420416474342,-0.34287187457084656,0.04687025398015976
1789729859284910800,29.972910888671876,0.008255556225776672,-0.2715012729167938,0.06178351491689682
1789729859294848500,29.9828486328125,-0.00399462366476655,-0.16444534063339233,0.046337638050317764
1789729859304785700,29.99278564453125,-0.009853405877947807,-0.0504654161632061,0.00585878174751997
1789729859314722600,30.00272265625,-0.018907885998487473,0.03954677656292915,-0.046337638050317764
1789729859324659500,30.012659423828126,-0.030625449493527412,0.08588441461324692,-0.10172975063323975
1789729859334596000,30.02259619140625,-0.04127778112888336,0.08428656309843063,-0.15073047578334808
1789729859344533200,30.032533203125,-0.05246272683143616,0.05073172226548195,-0.17576344311237335
1789729859354470400,30.042470458984376,-0.06045197322964668,0.015579032711684704,-0.1810896098613739
1789729859364407600,30.052407470703123,-0.05991935729980469,-0.014780107885599136,-0.18641577661037445
1789729859374344700,30.0623447265625,-0.05033225938677788,-0.045671865344047546,-0.19866596162319183
1789729859384281900,30.07228173828125,-0.03275591507554054,-0.06484606117010117,-0.21517707407474518
1789729859394219000,30.082218994140625,-0.006657706573605537,-0.08402025699615479,-0.24353890120983124
1789729859404156200,30.09215625,0.017310036346316338,-0.11810771375894547,-0.2707023322582245
1789729859414093600,30.102093505859376,0.025831900537014008,-0.1777607649564743,-0.2877460718154907
1789729859424030500,30.112030517578123,0.018907885998487473,-0.24859875440597534,-0.28241991996765137
1789729859433967400,30.12196728515625,-0.00133154122158885,-0.30186042189598083,-0.23115555942058563
1789729859443904300,30.131904296875,-0.024766668677330017,-0.31251272559165955,-0.14327384531497955
1789729859453841400,30.14184130859375,-0.03808208182454109,-0.2848166823387146,-0.05006595328450203
1789729859463778800,30.15177880859375,-0.03595161437988281,-0.21238084137439728,0.02236989326775074
1789729859473716200,30.16171630859375,-0.03382114693522453,-0.13142313063144684,0.055924732238054276
1789729859483653400,30.1716533203125,-0.04181039705872536,-0.0717700719833374,0.05539211630821228
1789729859493590300,30.18159033203125,-0.06258244067430496,-0.055258963257074356,0.03408745676279068
1789729859503527400,30.19152734375,-0.08974587917327881,-0.059519894421100616,0.021837277337908745
1789729859513465300,30.20146533203125,-0.10892007499933243,-0.0611177459359169,0.019706811755895615
1789729859523401000,30.21140087890625,-0.11637670546770096,-0.06324820965528488,0.013315413147211075
1789729859533336800,30.2213369140625,-0.1014634445309639,-0.08029194176197052,-0.0037283156998455524
1789729859543273000,30.23127294921875,-0.07802832126617432,-0.11650986224412918,-0.02876129187643528
1789729859553209600,30.241209716796874,-0.04979964345693588,-0.15965180099010468,-0.03941362351179123
1789729859563147000,30.25114697265625,0.0018641578499227762,-0.18148908019065857,0.00585878174751997
1789729859573084700,30.261084716796876,0.08175663650035858,-0.1995980441570282,0.09906667470932007
1789729859583022600,30.271022705078124,0.16857312619686127,-0.2613815665245056,0.20825305581092834
1789729859592960800,30.280960693359376,0.25592222809791565,-0.36630702018737793,0.29347169399261475
1789729859602899000,30.29089892578125,0.3459344208240509,-0.4685693681240082,0.35525521636009216
1789729859612835000,30.3008349609375,0.3991960883140564,-0.5532553791999817,0.40798425674438477
1789729859622771200,30.310771240234374,0.4013265371322632,-0.6395393013954163,0.43195199966430664
1789729859632707300,30.320707275390625,0.37363049387931824,-0.7066489458084106,0.38987529277801514
1789729859642644000,30.33064404296875,0.33901041746139526,-0.7375407218933105,0.2742975056171417
1789729859652581000,30.3405810546875,0.302792489528656,-0.7146382331848145,0.09480573982000351
1789729859662518500,30.3505185546875,0.2623136341571808,-0.6262238621711731,-0.11824086308479309
1789729859672456200,30.360456298828126,0.1962691843509674,-0.46963462233543396,-0.28668084740638733
1789729859682395000,30.370394775390626,0.09453943371772766,-0.24380521476268768,-0.3340837061405182
1789729859692332300,30.380332275390625,-0.015712186694145203,-0.014247491955757141,-0.3031919598579407
1789729859702269400,30.39026953125,-0.1115831583738327,0.15885287523269653,-0.22902509570121765
1789729859712206600,30.40020654296875,-0.16377957165241241,0.27602851390838623,-0.09959928691387177
1789729859722143500,30.4101435546875,-0.16697527468204498,0.3117138147354126,0.05113118514418602
1789729859732080600,30.42008056640625,-0.1009308323264122,0.2983984053134918,0.18428531289100647
1789729859742017800,30.430017822265626,0.002929390873759985,0.2685718834400177,0.299330472946167
1789729859751954700,30.43995458984375,0.1014634445309639,0.19134248793125153,0.37709248065948486
1789729859761892000,30.44989208984375,0.164844810962677,0.05925358831882477,0.418103963136673
1789729859771829200,30.459829345703124,0.1872147023677826,-0.059519894421100616,0.42076703906059265
1789729859781766100,30.46976611328125,0.15792079269886017,-0.19107617437839508,0.39094051718711853
1789729859791703300,30.479703369140626,0.11051792651414871,-0.26031631231307983,0.36537492275238037
1789729859801640400,30.489640380859374,0.04607132822275162,-0.2613815665245056,0.3483312129974365
1789729859811577300,30.499577392578125,-0.027429750189185143,-0.22409839928150177,0.3312874734401703
1789729859821514500,30.509514404296876,-0.09240896254777908,-0.16124965250492096,0.30359140038490295
1789729859831451600,30.51945166015625,-0.1541924774646759,-0.10106398165225983,0.2529928386211395
1789729859841388800,30.529388916015623,-0.21384553611278534,-0.061650361865758896,0.18854624032974243
1789729859851325700,30.53932568359375,-0.2617810070514679,-0.05153064802289009,0.1262301206588745
1789729859861262800,30.549262939453126,-0.29693371057510376,-0.045671865344047546,0.08095771074295044
1789729859871200000,30.559199951171873,-0.3251623809337616,-0.040345702320337296,0.05113118514418602
1789729859881137200,30.56913720703125,-0.35126060247421265,-0.039813082665205,0.04047885537147522
1789729859891074000,30.579073974609376,-0.3667064607143402,-0.03768261894583702,0.04047885537147522
1789729859901011500,30.589011474609375,-0.35285845398902893,-0.008388710208237171,0.047402869910001755
1789729859910948600,30.598948486328126,-0.3107817471027374,0.03688369318842888,0.04900071769952774
1789729859920885500,30.608885498046874,-0.2591179311275482,0.0773625448346138,0.049533337354660034
1789729859930822700,30.61882275390625,-0.20372581481933594,0.09174319356679916,0.058055199682712555
1789729859940759800,30.628759765625,-0.14140968024730682,0.08641702681779861,0.07829462736845016
1789729859950696700,30.63869677734375,-0.07216953486204147,0.048068638890981674,0.10439283400774002
1789729859960634400,30.64863427734375,-0.012516488321125507,-0.02916075475513935,0.14167599380016327
1789729859970570800,30.65857080078125,0.030625449493527412,-0.11970555782318115,0.19387240707874298
1789729859980507100,30.668507080078125,0.06418029218912125,-0.2006632685661316,0.25192761421203613
1789729859990443800,30.67844384765625,0.08868064731359482,-0.2422073632478714,0.30305880308151245
1789729860000380400,30.68838037109375,0.09666989743709564,-0.2432725876569748,0.33501577377319336
1789729860010317300,30.6983173828125,0.09933298081159592,-0.19746756553649902,0.3323526978492737
1789729860020254700,30.708254638671875,0.09560466557741165,-0.11917294561862946,0.29506954550743103
1789729860030192400,30.7181923828125,0.08228924870491028,-0.035019535571336746,0.23807957768440247
1789729860040130300,30.72813037109375,0.05672365799546242,0.03262276202440262,0.16617634892463684
1789729860050068000,30.73806787109375,0.026897134259343147,0.07203638553619385,0.08947957307100296
1789729860060005000,30.748005126953124,0.0061250897124409676,0.08588441461324692,0.015445878729224205
1789729860069942300,30.7579423828125,-0.0077229393646121025,0.07576470077037811,-0.043141938745975494
1789729860079879200,30.767879150390623,-0.023168819025158882,0.044872939586639404,-0.0745663121342659
1789729860089816300,30.77781640625,-0.030625449493527412,-0.0009320789249613881,-0.07882724702358246
1789729860099753500,30.78775341796875,-0.030625449493527412,-0.05685681104660034,-0.06710968166589737
1789729860109690400,30.7976904296875,-0.029560215771198273,-0.12183602899312973,-0.0639139786362648
1789729860119627800,30.807627685546876,-0.03541899845004082,-0.18521739542484283,-0.07030537724494934
1789729860129565000,30.81756494140625,-0.05565842613577843,-0.23315288126468658,-0.08841434121131897
1789729860139501800,30.827501708984375,-0.08122401684522629,-0.2533923089504242,-0.11983871459960938
1789729860149438500,30.8374384765625,-0.10998530685901642,-0.262446790933609,-0.1688394397497177
1789729860159375400,30.847375244140625,-0.13874660432338715,-0.24646829068660736,-0.22050324082374573
1789729860169312000,30.85731201171875,-0.16005125641822815,-0.19373925030231476,-0.25365862250328064
1789729860179249000,30.867248779296876,-0.16377957165241241,-0.10852061212062836,-0.2664414048194885
1789729860189186000,30.87718603515625,-0.14886631071567535,-0.011051792651414871,-0.2808220684528351
1789729860199123500,30.88712353515625,-0.1328878253698349,0.09014534205198288,-0.29413747787475586
1789729860209060600,30.897060546875,-0.12117026001214981,0.16843996942043304,-0.3021267056465149
1789729860218998000,30.906998046875,-0.10199606418609619,0.2153102308511734,-0.2983984053134918
1789729860228935200,30.91693505859375,-0.06631075590848923,0.23182134330272675,-0.289343923330307
1789729860238873000,30.926873046875,-0.025831900537014008,0.205190509557724,-0.2930722236633301
1789729860248810000,30.93681005859375,0.021038351580500603,0.11730878800153732,-0.30798548460006714
1789729860258747100,30.9467470703125,0.07802832126617432,-0.009453942999243736,-0.3111811876296997
1789729860268684300,30.956684326171874,0.14087706804275513,-0.13248835504055023,-0.2786915898323059
1789729860278621200,30.96662109375,0.20425842702388763,-0.2411421239376068,-0.22423155605793
1789729860288558000,30.97655810546875,0.2580527067184448,-0.3284912407398224,-0.15658925473690033
1789729860298495700,30.986495849609376,0.2830856740474701,-0.39719876646995544,-0.09746882319450378
1789729860308432600,30.9964326171875,0.283618301153183,-0.454188734292984,-0.06551183015108109
1789729860318369800,31.006369873046875,0.26497671008110046,-0.477623850107193,-0.04580501839518547
1789729860328306400,31.016306396484374,0.2276935577392578,-0.47229769825935364,-0.037815771996974945
1789729860338243000,31.0262431640625,0.17230144143104553,-0.4360797703266144,-0.04473978653550148
1789729860348180000,31.036179931640625,0.1115831583738327,-0.38388335704803467,-0.07722939550876617
1789729860358116900,31.046116943359376,0.05033225938677788,-0.33328479528427124,-0.1278279572725296
1789729860368054000,31.056053955078124,-0.0077229393646121025,-0.27789267897605896,-0.1720351278781891
1789729860377991200,31.0659912109375,-0.05991935729980469,-0.232087641954422,-0.19813334941864014
1789729860387928600,31.075928466796874,-0.111050546169281,-0.1995980441570282,-0.2013290375471115
1789729860397865700,31.08586572265625,-0.1643121987581253,-0.17403244972229004,-0.1821548491716385
1789729860407803100,31.09580322265625,-0.21118244528770447,-0.16391272842884064,-0.1390129029750824
1789729860417740300,31.105740234375,-0.25485700368881226,-0.17243459820747375,-0.09161003679037094
1789729860427677700,31.115677734375,-0.28734660148620605,-0.18148908019065857,-0.06551183015108109
1789729860437614800,31.12561474609375,-0.2953358590602875,-0.19480448961257935,-0.0745663121342659
1789729860447552300,31.13555224609375,-0.28894445300102234,-0.2203700840473175,-0.11344731599092484
1789729860457489400,31.145489501953126,-0.2713681161403656,-0.24646829068660736,-0.1709699034690857
1789729860467426300,31.15542626953125,-0.24260681867599487,-0.23794642090797424,-0.21570968627929688
1789729860477363500,31.165363525390624,-0.22290000319480896,-0.24593567848205566,-0.2332860380411148
1789729860487300600,31.175300537109376,-0.18455162644386292,-0.28162097930908203,-0.24353890120983124
1789729860497237500,31.185237548828123,-0.09880036115646362,-0.07283531129360199,-0.28348514437675476
1789729860507174700,31.195174560546874,-0.027962366119027138,0.06351451575756073,-0.4480636417865753
1789729860517111800,31.20511181640625,0.03169068321585655,0.1295589655637741,-0.5503259897232056
1789729860527049000,31.215049072265625,0.08921326696872711,0.05392742156982422,-0.6131747364997864
1789729860536985900,31.22498583984375,0.1115831583738327,0.016111649572849274,-0.6115769147872925
1789729860546923000,31.234923095703124,0.08495233207941055,-0.041410934180021286,-0.5833482146263123
1789729860556860200,31.244860107421875,0.04021254554390907,-0.09680305421352386,-0.5854787230491638
1789729860566797300,31.25479736328125,-0.0077229393646121025,-0.16178226470947266,-0.6366099119186401
1789729860576734200,31.264734130859374,-0.04500609636306763,-0.18575000762939453,-0.7175676226615906
1789729860586671400,31.27467138671875,-0.07216953486204147,-0.11544463038444519,-0.7862751483917236
1789729860596608500,31.2846083984375,-0.08175663650035858,0.014513799920678139,-0.8091776371002197
1789729860606545700,31.294545654296876,-0.09400681406259537,0.13435252010822296,-0.7708292603492737
1789729860616482600,31.304482666015623,-0.11051792651414871,0.21797330677509308,-0.6765561103820801
1789729860626419700,31.314419677734374,-0.1328878253698349,0.2147776037454605,-0.5572500228881836
1789729860636356900,31.32435693359375,-0.13981182873249054,0.18069015443325043,-0.42196542024612427
1789729860646293800,31.334293701171877,-0.12170287221670151,0.12583065032958984,-0.2914743721485138
1789729860656231000,31.34423095703125,-0.0801587849855423,0.11251524090766907,-0.17629607021808624
1789729860666168000,31.35416796875,-0.03488638252019882,0.08215609937906265,-0.06924014538526535
1789729860676105200,31.364105224609375,-0.0023967742454260588,0.03049229457974434,0.01171756349503994
1789729860686042000,31.3740419921875,0.026364516466856003,-0.04300878196954727,0.08095771074295044
1789729860695979300,31.383979248046874,0.05512581020593643,-0.11065108329057693,0.14061075448989868
1789729860705917000,31.3939169921875,0.0790935531258583,-0.1990654170513153,0.1816222369670868
1789729860715854000,31.40385400390625,0.10838746279478073,-0.3391435742378235,0.20878566801548004
1789729860725791200,31.413791259765624,0.09986559301614761,-0.38388335704803467,0.2636451721191406
1789729860735728400,31.423728271484375,0.06577813625335693,-0.3380783200263977,0.3217003643512726
1789729860745665500,31.43366552734375,0.05299534276127815,-0.24540305137634277,0.34513550996780396
1789729860755602400,31.4436025390625,0.06524552404880524,-0.12183602899312973,0.3067871034145355
1789729860765539600,31.45353955078125,0.0790935531258583,-0.0025299284607172012,0.2114487588405609
1789729860775476700,31.463476806640625,0.09880036115646362,0.11624355614185333,0.08947957307100296
1789729860785414000,31.473413818359376,0.12170287221670151,0.20891882479190826,-0.02769605815410614
1789729860795351300,31.483351318359375,0.1318225860595703,0.25419121980667114,-0.11291470378637314
1789729860805288000,31.493287841796874,0.11850717663764954,0.26324570178985596,-0.14700216054916382
1789729860815224800,31.503224853515626,0.07962616533041,0.23235395550727844,-0.13581721484661102
1789729860825161500,31.513161376953125,0.018907885998487473,0.15618979930877686,-0.10439283400774002
1789729860835098400,31.523098388671876,-0.04287562891840935,0.03901416063308716,-0.07350108027458191
1789729860845035300,31.53303515625,-0.09560466557741165,-0.08082455396652222,-0.04473978653550148
1789729860854972400,31.542972412109375,-0.1446053832769394,-0.1777607649564743,-0.02023942768573761
1789729860864909600,31.55290966796875,-0.18029068410396576,-0.22676147520542145,-0.0010652330238372087
1789729860874847000,31.562846923828126,-0.20585627853870392,-0.23315288126468658,0.01171756349503994
1789729860884784000,31.5727841796875,-0.23088926076889038,-0.20226112008094788,0.012250179424881935
1789729860894721500,31.582721435546876,-0.25698745250701904,-0.15112993121147156,0.0010652330238372087
1789729860904659000,31.592658935546876,-0.2804225981235504,-0.10479229688644409,-0.025032976642251015
1789729860914596400,31.602596435546875,-0.29853156208992004,-0.06963960826396942,-0.06178351491689682
1789729860924533200,31.612533203125,-0.30918389558792114,-0.047802332788705826,-0.0964035913348198
1789729860934470100,31.62247021484375,-0.3033251166343689,-0.024367205798625946,-0.11824086308479309
1789729860944407000,31.632406982421877,-0.2814878225326538,-0.008921326138079166,-0.1288931965827942
1789729860954344000,31.642343994140624,-0.25592222809791565,-0.01744319126009941,-0.1374150663614273
1789729860964280800,31.65228076171875,-0.2410089671611786,-0.045671865344047546,-0.14274121820926666
1789729860974217700,31.6622177734375,-0.24313943088054657,-0.10053136944770813,-0.15339355170726776
1789729860984155000,31.67215478515625,-0.2623136341571808,-0.20279373228549957,-0.18481792509555817
1789729860994092000,31.682092041015625,-0.2830856740474701,-0.3189041316509247,-0.23967742919921875
1789729861004029200,31.692029296875,-0.2932053804397583,-0.40518802404403687,-0.29626792669296265
1789729861013966600,31.701966552734376,-0.2921401560306549,-0.435014545917511,-0.3314206302165985
1789729861023903700,31.71190380859375,-0.28681400418281555,-0.4254274368286133,-0.3308880031108856
1789729861033841700,31.721841552734375,-0.2713681161403656,-0.40731847286224365,-0.30798548460006714
1789729861043778800,31.73177880859375,-0.23301972448825836,-0.3588503897190094,-0.2696371078491211
1789729861053716000,31.741716064453126,-0.18455162644386292,-0.31198012828826904,-0.2354165017604828
1789729861063653000,31.751653076171873,-0.13821399211883545,-0.2869471311569214,-0.21091613173484802
1789729861073590300,31.76159033203125,-0.10945269465446472,-0.2938711643218994,-0.1715025156736374
1789729861083527200,31.771527099609376,-0.1014634445309639,-0.3039908707141876,-0.11397993564605713
1789729861093464800,31.78146484375,-0.09933298081159592,-0.2933385372161865,-0.047402869910001755
1789729861103401200,31.791401123046874,-0.09560466557741165,-0.2619141638278961,0.01384802907705307
1789729861113337900,31.801337890625,-0.08655018359422684,-0.21664176881313324,0.0532616525888443
1789729861123274500,31.8112744140625,-0.07643046975135803,-0.1580539494752884,0.07083799690008163
1789729861133212000,31.8212119140625,-0.07802832126617432,-0.09946613013744354,0.0750989317893982
1789729861143149600,31.831149658203124,-0.08601756393909454,-0.041410934180021286,0.0745663121342659
1789729861153087000,31.8410869140625,-0.09560466557741165,-0.0030625448562204838,0.07296846061944962
1789729861163024100,31.851024169921875,-0.11477886140346527,-0.007323476951569319,0.062316130846738815
1789729861172961300,31.860961181640626,-0.14886631071567535,-0.03768261894583702,0.052729032933712006
1789729861182898400,31.8708984375,-0.19094301760196686,-0.0723026916384697,0.035685304552316666
1789729861192835600,31.880835693359376,-0.2282261699438095,-0.10639014840126038,0.0005326165119186044
1789729861202772500,31.8907724609375,-0.24740037322044373,-0.1468690037727356,-0.04580501839518547
1789729861212709600,31.900709716796875,-0.2617810070514679,-0.2091851383447647,-0.09746882319450378
1789729861222646800,31.910646728515626,-0.26550933718681335,-0.2645772397518158,-0.15712186694145203
1789729861232584000,31.920583984375,-0.24207420647144318,-0.28854498267173767,-0.20931829512119293
1789729861242520800,31.930520751953125,-0.1968017965555191,-0.27949050068855286,-0.2467346042394638
1789729861252458000,31.9404580078125,-0.13075734674930573,-0.21930484473705292,-0.24407151341438293
1789729861262395100,31.95039501953125,-0.06577813625335693,-0.13142313063144684,-0.2034595012664795
1789729861272332000,31.96033203125,-0.016777420416474342,-0.06005251035094261,-0.13049104809761047
1789729861282269200,31.970269287109375,0.015179570764303207,-0.01957365684211254,-0.04900071769952774
1789729861292206300,31.980206298828126,0.025831900537014008,-0.047802332788705826,0.018641578033566475
1789729861302143500,31.9901435546875,0.017842652276158333,-0.15379302203655243,0.053794268518686295
1789729861312080400,32.000080322265624,-0.0002663082559593022,-0.27895790338516235,0.06764229387044907
1789729861322017500,32.010017578125,-0.016777420416474342,-0.370035320520401,0.07190322875976562
1789729861331955200,32.019955078125,-0.027429750189185143,-0.40731847286224365,0.07083799690008163
1789729861341892400,32.02989233398438,-0.0370168462395668,-0.39453569054603577,0.06284874677658081
1789729861351829500,32.03982958984375,-0.05406057462096214,-0.3577851355075836,0.03728315606713295
1789729861361766400,32.04976635742187,-0.07270215451717377,-0.3071865737438202,-0.0031956990715116262
1789729861371703600,32.05970361328125,-0.09187635034322739,-0.2619141638278961,-0.05965305119752884
1789729861381640700,32.069640625,-0.10465914756059647,-0.23634858429431915,-0.12196917831897736
1789729861391577600,32.07957763671875,-0.111050546169281,-0.23475073277950287,-0.17576344311237335
1789729861401514800,32.0895146484375,-0.1115831583738327,-0.23901166021823883,-0.20825305581092834
1789729861411452000,32.09945190429688,-0.11051792651414871,-0.25925108790397644,-0.2231663167476654
1789729861421389300,32.10938940429688,-0.111050546169281,-0.2938711643218994,-0.222101092338562
1789729861431326200,32.119326171875,-0.10039821267127991,-0.3194367587566376,-0.19760072231292725
1789729861441263600,32.129263671875,-0.0695064514875412,-0.3258281648159027,-0.15339355170726776
1789729861451200500,32.13920043945313,-0.03861469775438309,-0.3503285050392151,-0.09800143539905548
1789729861461136100,32.14913623046875,-0.014114337973296642,-0.3801550269126892,-0.037815771996974945
1789729861471072000,32.15907202148438,0.00452724052593112,-0.39453569054603577,0.02663082629442215
1789729861481008000,32.16900805664063,0.010386021807789803,-0.400394469499588,0.08415340632200241
1789729861490945000,32.178945068359376,-0.0034620072692632675,-0.4142425060272217,0.12516488134860992
1789729861500882400,32.18888232421875,-0.03541899845004082,-0.4339492917060852,0.14433906972408295
1789729861510820600,32.19882055664063,-0.0689738392829895,-0.4461994767189026,0.1486000120639801
1789729861520759300,32.20875927734375,-0.10519175976514816,-0.4738955497741699,0.13155627250671387
1789729861530697500,32.218697509765626,-0.1334204375743866,-0.4994611442089081,0.09746882319450378
1789729861540634600,32.22863452148437,-0.15099677443504333,-0.5143743753433228,0.059120431542396545
1789729861550571800,32.23857177734375,-0.16804051399230957,-0.527157187461853,0.019706811755895615
1789729861560509000,32.24850903320313,-0.1856168508529663,-0.534613847732544,-0.0021304660476744175
1789729861570446300,32.2584462890625,-0.20479105412960052,-0.5053198933601379,0.00852186419069767
1789729861580383000,32.26838305664062,-0.22076953947544098,-0.43821024894714355,0.048468101769685745
1789729861590320400,32.2783203125,-0.23035664856433868,-0.3604482114315033,0.10386022180318832
1789729861600257300,32.28825732421875,-0.23355233669281006,-0.30984964966773987,0.14487169682979584
1789729861610194400,32.2981943359375,-0.23781327903270721,-0.30984964966773987,0.1501978635787964
1789729861620131600,32.30813159179687,-0.2505960762500763,-0.3726983964443207,0.1070559173822403
1789729861630069000,32.31806909179687,-0.2687050402164459,-0.48348262906074524,0.042076703161001205
1789729861640005600,32.328005615234375,-0.2798899710178375,-0.5798861980438232,-0.01917419396340847
1789729861649942500,32.33794262695312,-0.2846835255622864,-0.6395393013954163,-0.0633813664317131
1789729861659879200,32.347879150390625,-0.2804225981235504,-0.6464632749557495,-0.08149032294750214
1789729861669816000,32.35781616210937,-0.272433340549469,-0.5900059342384338,-0.08202294260263443
1789729861679753000,32.3677529296875,-0.25752007961273193,-0.5181027054786682,-0.07989247888326645
1789729861689690600,32.37769067382813,-0.2388785034418106,-0.48135218024253845,-0.08894696086645126
1789729861699628500,32.38762866210938,-0.21650861203670502,-0.48241740465164185,-0.09480573982000351
1789729861709565700,32.397565673828126,-0.18934516608715057,-0.4989285171031952,-0.06924014538526535
1789729861719502800,32.4075029296875,-0.15099677443504333,-0.5085155963897705,0.0005326165119186044
1789729861729439700,32.41743969726563,-0.11744193732738495,-0.5319507122039795,0.09693620353937149
1789729861739377000,32.427376953125,-0.09507204592227936,-0.5687012672424316,0.19760072231292725
1789729861749314000,32.43731396484375,-0.07430000603199005,-0.5868102312088013,0.28335198760032654
1789729861759251200,32.44725122070312,-0.04287562891840935,-0.5655055642127991,0.34673336148262024
1789729861769188000,32.45718798828125,-0.0007989247678779066,-0.5244941115379333,0.3818860352039337
1789729861779125200,32.467125244140625,0.026897134259343147,-0.49093925952911377,0.3856143653392792
1789729861789062700,32.477062744140625,0.03169068321585655,-0.4659062922000885,0.3637770712375641
1789729861799000000,32.487,0.024234050884842873,-0.454188734292984,0.32542869448661804
1789729861808936400,32.4969365234375,0.024766668677330017,-0.4254274368286133,0.2881455421447754
1789729861818872800,32.50687280273438,0.03275591507554054,-0.4041227698326111,0.26204732060432434
1789729861828809500,32.5168095703125,0.03488638252019882,-0.43927547335624695,0.23275341093540192
1789729861838746000,32.52674609375,0.028494983911514282,-0.5074504017829895,0.2119813710451126
1789729861848683000,32.53668310546875,0.018375270068645477,-0.5532553791999817,0.21784014999866486
1789729861858621000,32.546620849609376,0.013049104250967503,-0.5298202633857727,0.2588516175746918
1789729861868559000,32.55655908203125,0.00133154122158885,-0.4760259985923767,0.30305880308151245
1789729861878496800,32.56649682617188,-0.027429750189185143,-0.4216991364955902,0.3206351399421692
1789729861888434200,32.57643408203125,-0.07216953486204147,-0.36470916867256165,0.3078523576259613
1789729861898370800,32.586370849609374,-0.11531147360801697,-0.3151758313179016,0.27056917548179626
1789729861908307700,32.5963076171875,-0.14886631071567535,-0.2736317217350006,0.21837277710437775
1789729861918245400,32.60624536132813,-0.17975807189941406,-0.26724034547805786,0.14274121820926666
1789729861928182300,32.616182373046875,-0.21278029680252075,-0.2975994646549225,0.05752258375287056
1789729861938119400,32.62611938476562,-0.23035664856433868,-0.335415244102478,-0.033554840832948685
1789729861948055600,32.6360556640625,-0.22609570622444153,-0.3380783200263977,-0.09374050796031952
1789729861957991400,32.645991455078125,-0.20319320261478424,-0.2933385372161865,-0.10545806586742401
1789729861967928000,32.65592797851563,-0.18295377492904663,-0.26724034547805786,-0.08255556225776672
1789729861977865000,32.665864990234375,-0.1861494779586792,-0.2954690158367157,-0.04154408723115921
1789729861987802400,32.67580224609375,-0.19307348132133484,-0.33221954107284546,0.022902509197592735
1789729861997740300,32.685740234375,-0.18455162644386292,-0.34340450167655945,0.11184946447610855
1789729862007678200,32.69567822265625,-0.17017097771167755,-0.37695932388305664,0.18801362812519073
1789729862017616600,32.70561669921875,-0.1664426624774933,-0.4664389193058014,0.21837277710437775
1789729862027553500,32.71555346679688,-0.17070358991622925,-0.5766905546188354,0.20399212837219238
1789729862037490400,32.725490478515624,-0.16750788688659668,-0.6283543109893799,0.17736129462718964
1789729862047427600,32.73542749023437,-0.15259462594985962,-0.5937342643737793,0.15126308798789978
1789729862057364500,32.74536450195313,-0.14673584699630737,-0.5431357026100159,0.12356702983379364
1789729862067301400,32.75530126953125,-0.1643121987581253,-0.5399399995803833,0.09054480493068695
1789729862077238500,32.76523852539062,-0.18934516608715057,-0.5479292273521423,0.06497921794652939
1789729862087176200,32.77517626953125,-0.2090519815683365,-0.5212984085083008,0.06657706201076508
1789729862097113600,32.78511352539063,-0.22290000319480896,-0.48401525616645813,0.10226237028837204
1789729862107051000,32.79505102539063,-0.24367205798625946,-0.477623850107193,0.1486000120639801
1789729862116987400,32.8049873046875,-0.2687050402164459,-0.5117112994194031,0.17842653393745422
1789729862126923800,32.814923828125,-0.28734660148620605,-0.5431357026100159,0.18588316440582275
1789729862136860200,32.82486010742188,-0.2948032319545746,-0.5287550687789917,0.17736129462718964
1789729862146797600,32.834797607421876,-0.29640108346939087,-0.48188477754592896,0.15179570019245148
1789729862156735500,32.84473559570313,-0.2953358590602875,-0.43821024894714355,0.10119713842868805
1789729862166673700,32.85467358398437,-0.2953358590602875,-0.4094489514827728,0.02876129187643528
1789729862176610000,32.864610107421875,-0.29693371057510376,-0.4216991364955902,-0.0633813664317131
1789729862186546400,32.87454638671875,-0.291607528924942,-0.4557865858078003,-0.1501978635787964
1789729862196483300,32.8844833984375,-0.28628137707710266,-0.520233154296875,-0.2023942768573761
1789729862206420700,32.89442065429687,-0.27456381916999817,-0.5990604162216187,-0.19866596162319183
1789729862216358700,32.904358642578124,-0.2585853040218353,-0.6858769059181213,-0.14433906972408295
1789729862226296000,32.914296142578124,-0.23515018820762634,-0.7774869799613953,-0.054859500378370285
1789729862236233200,32.92423315429688,-0.20159535109996796,-0.8834776282310486,0.04473978653550148
1789729862246170400,32.93417041015625,-0.16058388352394104,-0.9761528968811035,0.15179570019245148
1789729862256107300,32.944107177734374,-0.12117026001214981,-1.058175802230835,0.24660144746303558
1789729862266044400,32.95404443359375,-0.07430000603199005,-1.094926357269287,0.33554840087890625
1789729862275981600,32.96398168945313,-0.015179570764303207,-1.0757522583007812,0.4287562966346741
1789729862285919000,32.9739189453125,0.0375494658946991,-1.0198274850845337,0.5198337435722351
1789729862295855900,32.98385595703125,0.08548495173454285,-0.9489894509315491,0.6077154278755188
1789729862305793500,32.99379345703125,0.10252867639064789,-0.8648360371589661,0.6870753169059753
1789729862315730000,33.00372998046875,0.08761541545391083,-0.7593780159950256,0.750456690788269
1789729862325666300,33.01366625976563,0.05033225938677788,-0.6464632749557495,0.7834789156913757
1789729862335602700,33.023602783203124,0.0018641578499227762,-0.5543206334114075,0.7722939252853394
1789729862345539300,33.03353930664063,-0.03914731368422508,-0.47016721963882446,0.7238258123397827
1789729862355476500,33.0434765625,-0.06844121962785721,-0.389209508895874,0.6380745768547058
1789729862365413600,33.05341357421875,-0.07802832126617432,-0.33168694376945496,0.5240946412086487
1789729862375350800,33.06335083007812,-0.07376738637685776,-0.30239301919937134,0.4021254777908325
1789729862385288400,33.07328833007813,-0.06790860742330551,-0.28108835220336914,0.2982652485370636
1789729862395226000,33.08322607421875,-0.06418029218912125,-0.2757622003555298,0.21730753779411316
1789729862405163800,33.09316381835937,-0.05193011090159416,-0.27789267897605896,0.1709699034690857
1789729862415101400,33.10310131835938,-0.03382114693522453,-0.2752295732498169,0.15392617881298065
1789729862425038600,33.11303857421875,-0.014646953903138638,-0.262446790933609,0.15392617881298065
1789729862434975700,33.122975830078126,0.006657706573605537,-0.2326202541589737,0.15765449404716492
1789729862444913000,33.13291284179687,0.03275591507554054,-0.20332635939121246,0.15712186694145203
1789729862454849800,33.14284985351563,0.06524552404880524,-0.17403244972229004,0.1501978635787964
1789729862464787000,33.152786865234376,0.09187635034322739,-0.16284750401973724,0.1384802907705307
1789729862474724000,33.16272412109375,0.10252867639064789,-0.16284750401973724,0.12090394645929337
1789729862484661000,33.17266088867188,0.0908111184835434,-0.18202169239521027,0.08947957307100296
1789729862494598100,33.18259814453125,0.06364767253398895,-0.16551057994365692,0.05113118514418602
1789729862504535300,33.192535400390625,0.025831900537014008,-0.10266183316707611,0.020772043615579605
1789729862514472400,33.20247241210937,-0.03488638252019882,-0.043541401624679565,-0.012250179424881935
1789729862524409300,33.21240942382813,-0.08069140464067459,0.03901416063308716,-0.042076703161001205
1789729862534346500,33.222346435546875,-0.09560466557741165,0.10452599078416824,-0.08415340632200241
1789729862544283600,33.23228369140625,-0.10678961127996445,0.1295589655637741,-0.15339355170726776
1789729862554220800,33.242220703125,-0.13128997385501862,0.12210233509540558,-0.22955772280693054
1789729862564157700,33.25215771484375,-0.14886631071567535,0.06138405203819275,-0.2888112962245941
1789729862574094800,33.2620947265625,-0.14886631071567535,-0.009453942999243736,-0.31703996658325195
1789729862584032000,33.27203198242187,-0.13608351349830627,-0.045671865344047546,-0.30532240867614746
1789729862593969200,33.28196923828125,-0.11637670546770096,-0.057389430701732635,-0.25472384691238403
1789729862603906000,33.291906005859374,-0.08335448056459427,-0.07070484012365341,-0.18588316440582275
1789729862613843200,33.30184326171875,-0.04447348043322563,-0.06537867337465286,-0.12143656611442566
1789729862623780400,33.3117802734375,-0.012516488321125507,-0.061650361865758896,-0.08308817446231842
1789729862633717200,33.32171728515625,0.0077229393646121025,-0.09094426780939102,-0.08095771074295044
1789729862643654400,33.331654296875,0.014646953903138638,-0.15166255831718445,-0.1177082508802414
1789729862653591600,33.34159155273438,0.010918638668954372,-0.2416747361421585,-0.19014409184455872
1789729862663528700,33.35152880859375,0.002929390873759985,-0.34553495049476624,-0.27336543798446655
1789729862673465600,33.361465576171874,-0.0023967742454260588,-0.4467321038246155,-0.3314206302165985
1789729862683402800,33.37140283203125,-0.005592473316937685,-0.49093925952911377,-0.3516600430011749
1789729862693340000,33.38133984375,-0.0077229393646121025,-0.5053198933601379,-0.3404751121997833
1789729862703277000,33.391277099609376,-0.014114337973296642,-0.5239614844322205,-0.3090507388114929
1789729862713214200,33.40121411132812,-0.018907885998487473,-0.5404726266860962,-0.28455036878585815
1789729862723151400,33.4111513671875,-0.031158065423369408,-0.5420704483985901,-0.2584521770477295
1789729862733088500,33.42108862304688,-0.04500609636306763,-0.5079829692840576,-0.22423155605793
1789729862743025700,33.431025634765625,-0.06418029218912125,-0.4467321038246155,-0.18481792509555817
1789729862752962800,33.440962890625,-0.08335448056459427,-0.3924052119255066,-0.1501978635787964
1789729862762900200,33.45090014648437,-0.09507204592227936,-0.34233927726745605,-0.10971900075674057
1789729862772837400,33.46083740234375,-0.10572437942028046,-0.3071865737438202,-0.08628387749195099
1789729862782774500,33.4707744140625,-0.1126483902335167,-0.2933385372161865,-0.08734910935163498
1789729862792711700,33.480711669921874,-0.10892007499933243,-0.2954690158367157,-0.08681648969650269
1789729862802648800,33.49064892578125,-0.10039821267127991,-0.2944037914276123,-0.0740336924791336
1789729862812586000,33.5005859375,-0.08655018359422684,-0.30079516768455505,-0.046337638050317764
1789729862822523100,33.510523193359376,-0.06631075590848923,-0.3364804685115814,-0.00905448105186224
1789729862832460500,33.52046044921875,-0.029560215771198273,-0.3780245780944824,0.033554840832948685
1789729862842397700,33.53039770507812,-0.0018641578499227762,-0.4456668794155121,0.07563154399394989
1789729862852334800,33.5403349609375,0.010386021807789803,-0.5335485935211182,0.11184946447610855
1789729862862272000,33.55027197265625,0.00719032296910882,-0.6166367530822754,0.1486000120639801
1789729862872209400,33.56020947265625,-0.00399462366476655,-0.680550754070282,0.1906767040491104
1789729862882146300,33.57014624023437,-0.027962366119027138,-0.7433995008468628,0.21997061371803284
1789729862892083700,33.58008374023437,-0.05459319427609444,-0.7668346166610718,0.24021004140377045
1789729862902020900,33.590020751953126,-0.06258244067430496,-0.7444647550582886,0.2657756507396698
1789729862911958000,33.5999580078125,-0.06524552404880524,-0.6752246022224426,0.30465665459632874
1789729862921895000,33.60989501953125,-0.06098458915948868,-0.5953320860862732,0.3504616618156433
1789729862931832000,33.61983203125,-0.05086487531661987,-0.5063851475715637,0.37655988335609436
1789729862941769200,33.629769287109376,-0.05512581020593643,-0.4446016252040863,0.34566810727119446
1789729862951706400,33.63970629882812,-0.06684337556362152,-0.4227643609046936,0.27323228120803833
1789729862961643300,33.64964331054688,-0.09347419440746307,-0.43767762184143066,0.191741943359375
1789729862971580400,33.659580322265626,-0.1440727710723877,-0.5106461048126221,0.14274121820926666
1789729862981517600,33.669517578125,-0.19147562980651855,-0.5724295973777771,0.1496652364730835
1789729862991454700,33.67945483398437,-0.2181064635515213,-0.6006582975387573,0.1800243854522705
1789729863001391600,33.6893916015625,-0.2287587970495224,-0.5921363830566406,0.18801362812519073
1789729863011328800,33.699328857421875,-0.2074541300535202,-0.5665708184242249,0.14540430903434753
1789729863021266000,33.70926586914062,-0.16857312619686127,-0.5319507122039795,0.056989967823028564
1789729863031203600,33.71920361328125,-0.11957240849733353,-0.47975432872772217,-0.060185667127370834
1789729863041140700,33.729140625,-0.05299534276127815,-0.4105141758918762,-0.1608501821756363
1789729863051078000,33.73907788085938,0.021570969372987747,-0.3487306535243988,-0.21997061371803284
1789729863061014800,33.749014892578124,0.08495233207941055,-0.32209983468055725,-0.24939768016338348
1789729863070952200,33.7589521484375,0.1446053832769394,-0.3386109471321106,-0.2467346042394638
1789729863080888800,33.76888891601563,0.20159535109996796,-0.39932921528816223,-0.20878566801548004
1789729863090825500,33.77882543945312,0.2500634491443634,-0.49306973814964294,-0.14700216054916382
1789729863100762000,33.78876220703125,0.272433340549469,-0.6427350044250488,-0.0745663121342659
1789729863110699000,33.79869897460937,0.27509641647338867,-0.811574399471283,-0.006924014538526535
1789729863120636200,33.80863623046875,0.27669426798820496,-0.9537830352783203,0.04367455467581749
1789729863130573600,33.81857348632813,0.2932053804397583,-1.025153636932373,0.08255556225776672
1789729863140511000,33.828510986328126,0.32995593547821045,-1.0224905014038086,0.09161003679037094
1789729863150448400,33.838448486328126,0.3699021637439728,-1.0160990953445435,0.050598569214344025
1789729863160385800,33.8483857421875,0.3975982367992401,-1.0139687061309814,-0.02769605815410614
1789729863170323200,33.8583232421875,0.4109136462211609,-0.9905335307121277,-0.10865376889705658
1789729863180260600,33.86826049804687,0.3906742036342621,-0.9436632990837097,-0.1603175699710846
1789729863190197800,33.87819775390625,0.3246297538280487,-0.9441959261894226,-0.19813334941864014
1789729863200135000,33.88813500976563,0.22076953947544098,-0.9894683361053467,-0.22582940757274628
1789729863210071800,33.89807177734375,0.12170287221670151,-1.0118381977081299,-0.22636201977729797
1789729863220009000,33.90800903320312,0.05619104206562042,-0.9756202697753906,-0.1912093311548233
1789729863229946000,33.91794604492188,0.005592473316937685,-0.9010539650917053,-0.13688243925571442
1789729863239883300,33.92788330078125,-0.04287562891840935,-0.7870740294456482,-0.0857512578368187
1789729863249820200,33.93782006835937,-0.0908111184835434,-0.6358109712600708,-0.052729032933712006
1789729863259757300,33.94775732421875,-0.12862688302993774,-0.43821024894714355,-0.041011471301317215
1789729863269694500,33.957694580078126,-0.15898603200912476,-0.25712060928344727,-0.047402869910001755
1789729863279631400,33.96763134765625,-0.19307348132133484,-0.1362166702747345,-0.07296846061944962
1789729863289568500,33.97756860351563,-0.23568280041217804,-0.07816147059202194,-0.10332760214805603
1789729863299505700,33.987505615234376,-0.2814878225326538,-0.04940018057823181,-0.11824086308479309
1789729863309442800,33.99744287109375,-0.33155378699302673,-0.0723026916384697,-0.1283605843782425
1789729863319379700,34.00737963867188,-0.3794892728328705,-0.1255643367767334,-0.13208889961242676
1789729863329316900,34.01731689453125,-0.42582690715789795,-0.17669552564620972,-0.13155627250671387
1789729863339254000,34.02725390625,-0.4535229504108429,-0.19800019264221191,-0.12995843589305878
1789729863349191200,34.03719116210937,-0.46630576252937317,-0.19267402589321136,-0.1267627328634262
1789729863359128000,34.04712817382813,-0.471099317073822,-0.18521739542484283,-0.13315412402153015
1789729863369065200,34.057065185546875,-0.46843621134757996,-0.1671084314584732,-0.14753477275371552
1789729863379002400,34.06700244140625,-0.44606631994247437,-0.12343387305736542,-0.15925233066082
1789729863388939500,34.076939453125,-0.4077179431915283,-0.09840089827775955,-0.16724158823490143
1789729863398876400,34.08687646484375,-0.36404338479042053,-0.12662957608699799,-0.17363297939300537
1789729863408813600,34.0968134765625,-0.30971649289131165,-0.1777607649564743,-0.1699046641588211
1789729863418750700,34.10675073242187,-0.2521939277648926,-0.21610915660858154,-0.14593692123889923
1789729863428687600,34.1166875,-0.20372581481933594,-0.26990342140197754,-0.1166430190205574
1789729863438625000,34.126625,-0.16910573840141296,-0.3492632806301117,-0.09320788830518723
1789729863448562200,34.136562255859374,-0.13768136501312256,-0.42755791544914246,-0.0750989317893982
1789729863458499300,34.14649926757812,-0.1115831583738327,-0.47975432872772217,-0.0633813664317131
1789729863468436500,34.1564365234375,-0.10678961127996445,-0.549527108669281,-0.07030537724494934
1789729863478373600,34.16637353515625,-0.11903978884220123,-0.6485937833786011,-0.0953383520245552
1789729863488310800,34.176310791015624,-0.12596380710601807,-0.7141056060791016,-0.12409964948892593
1789729863498248000,34.186248046875,-0.13022473454475403,-0.7481930255889893,-0.15179570019245148
1789729863508185300,34.19618530273438,-0.13448566198349,-0.7631062865257263,-0.18801362812519073
1789729863518122500,34.20612255859375,-0.12915951013565063,-0.7588453888893127,-0.22050324082374573
1789729863528059600,34.2160595703125,-0.11371362209320068,-0.7098446488380432,-0.22795987129211426
1789729863537996800,34.22599682617187,-0.09560466557741165,-0.627821683883667,-0.1912093311548233
1789729863547934000,34.23593383789063,-0.0902784988284111,-0.5543206334114075,-0.10226237028837204
1789729863557871000,34.24587109375,-0.10785484313964844,-0.5042546987533569,0.012782796286046505
1789729863567808300,34.255808349609374,-0.13555090129375458,-0.4861457347869873,0.13049104809761047
1789729863577745700,34.26574560546875,-0.15259462594985962,-0.5223636627197266,0.22050324082374573
1789729863587682800,34.27568286132812,-0.1541924774646759,-0.603321373462677,0.2668408751487732
1789729863597620000,34.285619873046876,-0.15152940154075623,-0.6975944638252258,0.27056917548179626
1789729863607557000,34.29555712890625,-0.15152940154075623,-0.7737586498260498,0.2556559145450592
1789729863617494300,34.30549438476562,-0.1547250896692276,-0.8009220957756042,0.2348838746547699
1789729863627431400,34.31543139648438,-0.16164910793304443,-0.7844109535217285,0.21517707407474518
1789729863637368600,34.32536865234375,-0.17070358991622925,-0.7311493158340454,0.2034595012664795
1789729863647305700,34.3353056640625,-0.18455162644386292,-0.6528546810150146,0.19387240707874298
1789729863657243100,34.3452431640625,-0.20212796330451965,-0.5500596761703491,0.2013290375471115
1789729863667180300,34.35518017578125,-0.23568280041217804,-0.45046040415763855,0.23701435327529907
1789729863677117400,34.36511743164063,-0.27722689509391785,-0.3577851355075836,0.2987978756427765
1789729863687055000,34.37505517578125,-0.3059881925582886,-0.285881906747818,0.34726595878601074
1789729863696991200,34.3849912109375,-0.31024911999702454,-0.23528334498405457,0.34620073437690735
1789729863706927400,34.39492724609375,-0.29746630787849426,-0.22303315997123718,0.2892107665538788
1789729863716863700,34.40486376953125,-0.2612484097480774,-0.2118482142686844,0.18588316440582275
1789729863726800400,34.41480029296875,-0.22076953947544098,-0.19586972892284393,0.08734910935163498
1789729863736737500,34.424737548828126,-0.19147562980651855,-0.21557652950286865,-0.0026630824431777
1789729863746675000,34.434675048828126,-0.16750788688659668,-0.27096864581108093,-0.06071828305721283
1789729863756612600,34.444612548828125,-0.14140968024730682,-0.3577851355075836,-0.08734910935163498
1789729863766550500,34.45455053710938,-0.12170287221670151,-0.4243622124195099,-0.06977276504039764
1789729863776488200,34.46448828125,-0.10998530685901642,-0.4989285171031952,-0.018641578033566475
1789729863786425900,34.47442578125,-0.10412652790546417,-0.5761579275131226,0.056989967823028564
1789729863796363000,34.484363037109375,-0.09453943371772766,-0.6107779741287231,0.15073047578334808
1789729863806300400,34.494300537109375,-0.07749570161104202,-0.5969299674034119,0.2540580630302429
1789729863816237300,34.5042373046875,-0.06418029218912125,-0.5655055642127991,0.3382114768028259
1789729863826174000,34.514174072265625,-0.05459319427609444,-0.5186353325843811,0.39946237206459045
1789729863836110800,34.52411083984375,-0.04447348043322563,-0.4547213613986969,0.4473978579044342
1789729863846047700,34.5340478515625,-0.04021254554390907,-0.39773139357566833,0.4793548583984375
1789729863855985200,34.543985107421875,-0.04873441159725189,-0.3902747631072998,0.4894745647907257
1789729863865922300,34.55392236328125,-0.05725627392530441,-0.4110468029975891,0.4814853370189667
1789729863875859700,34.56385961914062,-0.06258244067430496,-0.42968836426734924,0.4601806700229645
1789729863885796900,34.573796875,-0.07376738637685776,-0.4653736650943756,0.44313693046569824
1789729863895734300,34.583734375,-0.09347419440746307,-0.4781564772129059,0.4378107786178589
1789729863905671400,34.59367138671875,-0.10945269465446472,-0.43874284625053406,0.43035414814949036
1789729863915608800,34.60360888671875,-0.11637670546770096,-0.37482887506484985,0.41916918754577637
1789729863925546000,34.6135458984375,-0.111050546169281,-0.2981320917606354,0.4047885537147522
1789729863935483000,34.62348291015625,-0.12489857524633408,-0.30345824360847473,0.3722989559173584
1789729863945420000,34.633419921875,-0.15099677443504333,-0.32476291060447693,0.3430050313472748
1789729863955357200,34.64335717773437,-0.1643121987581253,-0.3822855055332184,0.3094501793384552
1789729863965294300,34.65329443359375,-0.16058388352394104,-0.4227643609046936,0.27216702699661255
1789729863975231200,34.663231201171875,-0.13874660432338715,-0.42915576696395874,0.22849248349666595
1789729863985168400,34.67316845703125,-0.10625699162483215,-0.4318188428878784,0.1810896098613739
1789729863995105500,34.68310546875,-0.06737598776817322,-0.400394469499588,0.16564373672008514
1789729864005042700,34.69304272460938,-0.03914731368422508,-0.3370130956172943,0.19600287079811096
1789729864014979600,34.7029794921875,-0.03435376659035683,-0.3087844252586365,0.24873191118240356
1789729864024916700,34.71291674804687,-0.04394086077809334,-0.31038227677345276,0.31424373388290405
1789729864034854000,34.72285400390625,-0.0588541254401207,-0.35245898365974426,0.3850817382335663
1789729864044790800,34.732790771484375,-0.07749570161104202,-0.4254274368286133,0.4287562966346741
1789729864054728000,34.74272802734375,-0.09294158220291138,-0.4637758135795593,0.45485448837280273
1789729864064665000,34.7526650390625,-0.10998530685901642,-0.36417654156684875,0.43141937255859375
1789729864074602200,34.76260229492188,-0.08388710021972656,-0.2944037914276123,0.2897433936595917
1789729864084539100,34.7725390625,-0.017310036346316338,-0.22835932672023773,0.10865376889705658
1789729864094476300,34.78247631835937,0.05778888985514641,-0.07656362652778625,-0.0740336924791336
1789729864104413400,34.792413330078126,0.11637670546770096,0.03848154470324516,-0.2332860380411148
1789729864114350600,34.8023505859375,0.15206201374530792,0.0667102187871933,-0.3026593327522278
1789729864124287500,34.81228759765625,0.17283405363559723,0.010252867825329304,-0.28241991996765137
1789729864134224600,34.822224609375,0.17176882922649384,-0.08774857223033905,-0.20878566801548004
1789729864144161800,34.832161865234376,0.15685556828975677,-0.22622886300086975,-0.13634982705116272
1789729864154099200,34.84209912109375,0.1557903289794922,-0.346600204706192,-0.0852186381816864
1789729864164036400,34.85203637695312,0.17230144143104553,-0.4137098789215088,-0.050598569214344025
1789729864173973500,34.86197338867188,0.20106273889541626,-0.4115794003009796,-0.033554840832948685
1789729864183910700,34.87191064453125,0.23515018820762634,-0.3780245780944824,-0.03834838792681694
1789729864193847800,34.881847900390625,0.272433340549469,-0.34446972608566284,-0.048468101769685745
1789729864203785000,34.89178491210937,0.3038577139377594,-0.29972994327545166,-0.041011471301317215
1789729864213722000,34.90172216796875,0.3166405260562897,-0.2640446424484253,-0.016511112451553345
1789729864223659500,34.91165942382813,0.3054555654525757,-0.25818586349487305,0.006924014538526535
1789729864233596700,34.9215966796875,0.283618301153183,-0.2629793882369995,0.01917419396340847
1789729864243533800,34.931533935546874,0.2633788585662842,-0.2533923089504242,0.033554840832948685
1789729864253471000,34.94147094726563,0.2505960762500763,-0.23634858429431915,0.05539211630821228
1789729864263408000,34.951408203125,0.24420467019081116,-0.20598943531513214,0.07083799690008163
1789729864273345300,34.96134521484375,0.2410089671611786,-0.16391272842884064,0.0852186381816864
1789729864283282400,34.97128247070312,0.2410089671611786,-0.11278154700994492,0.10492545366287231
1789729864293219600,34.98121948242188,0.23781327903270721,-0.07762885838747025,0.12196917831897736
1789729864303157000,34.99115698242188,0.22236739099025726,-0.06484606117010117,0.13528458774089813
1789729864313094100,35.00109423828125,0.20479105412960052,-0.06378082931041718,0.14061075448989868
1789729864323031300,35.01103125,0.19520394504070282,-0.05792204663157463,0.14380645751953125
1789729864332968400,35.02096850585937,0.1856168508529663,-0.054193731397390366,0.14753477275371552
1789729864342905600,35.03090551757813,0.16857312619686127,-0.054193731397390366,0.1501978635787964
1789729864352842800,35.0408427734375,0.13981182873249054,-0.057389430701732635,0.137947678565979
1789729864362780000,35.05077978515625,0.11051792651414871,-0.0611177459359169,0.10066451877355576
1789729864372717300,35.06071728515625,0.08122401684522629,-0.06431344151496887,0.04473978653550148
1789729864382654500,35.07065454101563,0.05512581020593643,-0.06697652488946915,-0.0106523297727108
1789729864392591600,35.080591552734376,0.022103585302829742,-0.03928046673536301,-0.05113118514418602
1789729864402528800,35.09052880859375,-0.0050598569214344025,0.004926702938973904,-0.07882724702358246
1789729864412466000,35.1004658203125,-0.022636201232671738,0.05286218971014023,-0.09693620353937149
1789729864422403000,35.11040307617188,-0.03595161437988281,0.07629731297492981,-0.11025162041187286
1789729864432340200,35.12034033203125,-0.05725627392530441,0.07363422960042953,-0.1171756312251091
1789729864442277000,35.13027709960937,-0.07430000603199005,0.06884068250656128,-0.1294258087873459
1789729864452213800,35.1402138671875,-0.08548495173454285,0.067242830991745,-0.1496652364730835
1789729864462150700,35.15015063476562,-0.09986559301614761,0.053394805639982224,-0.1821548491716385
1789729864472087600,35.16008764648438,-0.11531147360801697,0.01877473294734955,-0.222101092338562
1789729864482024700,35.170024658203126,-0.12543119490146637,0.0001331541279796511,-0.2685718834400177
1789729864491962000,35.179962158203125,-0.13714875280857086,-0.008921326138079166,-0.30745288729667664
1789729864501899300,35.18989916992187,-0.15099677443504333,-0.02276935614645481,-0.32662707567214966
1789729864511836700,35.19983666992187,-0.1547250896692276,-0.01957365684211254,-0.32875755429267883
1789729864521773800,35.20977392578125,-0.14993155002593994,-0.006258244160562754,-0.31757259368896484
1789729864531711700,35.21971166992188,-0.13608351349830627,-0.008388710208237171,-0.3026593327522278
1789729864541649000,35.22964892578125,-0.10998530685901642,-0.007323476951569319,-0.2925396263599396
1789729864551586000,35.2395859375,-0.07483261823654175,0.014513799920678139,-0.28614822030067444
1789729864561523200,35.24952319335937,-0.03967992961406708,0.05499265342950821,-0.28241991996765137
1789729864571460400,35.25946044921875,-0.009853405877947807,0.0981345921754837,-0.28668084740638733
1789729864581397200,35.269397216796875,0.015712186694145203,0.12796111404895782,-0.29680055379867554
1789729864591334400,35.27933447265625,0.03541899845004082,0.13914605975151062,-0.3101159632205963
1789729864601271600,35.289271484375,0.04979964345693588,0.11304785311222076,-0.32769230008125305
1789729864611208400,35.29920849609375,0.06471290439367294,0.04274247586727142,-0.3356815576553345
1789729864621145600,35.3091455078125,0.0902784988284111,-0.035019535571336746,-0.3106485903263092
1789729864631082800,35.31908276367187,0.11690932512283325,-0.08828118443489075,-0.2563216984272003
1789729864641020000,35.32902001953125,0.1424749195575714,-0.12023817747831345,-0.19014409184455872
1789729864650956800,35.338956787109375,0.16750788688659668,-0.12716218829154968,-0.11557777971029282
1789729864660894000,35.34889404296875,0.18295377492904663,-0.09733566641807556,-0.042076703161001205
1789729864670831000,35.3588310546875,0.1861494779586792,-0.023301972076296806,0.01171756349503994
1789729864680768300,35.368768310546876,0.17389929294586182,0.08641702681779861,0.031424373388290405
1789729864690705200,35.378705078125,0.1435401439666748,0.19187510013580322,0.0021304660476744175
1789729864700642300,35.38864233398437,0.11690932512283325,0.2691044807434082,-0.06284874677658081
1789729864710579500,35.398579345703126,0.10412652790546417,0.31544211506843567,-0.13049104809761047
1789729864720516400,35.408516357421874,0.09453943371772766,0.3250292241573334,-0.17523083090782166
1789729864730453500,35.41845361328125,0.09986559301614761,0.3244965970516205,-0.17256775498390198
1789729864740390700,35.428390625,0.11318100988864899,0.3298227787017822,-0.12569749355316162
1789729864750327800,35.438327880859376,0.13661614060401917,0.3436708152294159,-0.05539211630821228
1789729864760265000,35.44826489257812,0.16910573840141296,0.3772256374359131,0.02236989326775074
1789729864770202400,35.45820239257812,0.197334423661232,0.3932041525840759,0.08095771074295044
1789729864780139500,35.46813940429688,0.21171505749225616,0.3660407066345215,0.10439283400774002
1789729864790076700,35.47807666015625,0.21278029680252075,0.3117138147354126,0.0958709716796875
1789729864800013800,35.488013916015625,0.2085193693637848,0.2568543255329132,0.07190322875976562
1789729864809951000,35.49795092773437,0.20585627853870392,0.22116900980472565,0.05219641700387001
1789729864819888000,35.50788818359375,0.2170412242412567,0.21903854608535767,0.03621792420744896
1789729864829825300,35.5178251953125,0.24260681867599487,0.2382127344608307,0.031424373388290405
1789729864839762700,35.5277626953125,0.2809551954269409,0.26271310448646545,0.051663801074028015
1789729864849699800,35.537699951171874,0.32036882638931274,0.289343923330307,0.10971900075674057
1789729864859637000,35.54763696289063,0.3469996452331543,0.3111811876296997,0.18641577661037445
1789729864869574100,35.55757421875,0.35285845398902893,0.29573532938957214,0.2572537660598755
1789729864879511300,35.56751123046875,0.3448691964149475,0.27230018377304077,0.2998631000518799
1789729864889448400,35.57744848632812,0.3336842358112335,0.27336543798446655,0.30146095156669617
1789729864899385600,35.58738549804688,0.3150426745414734,0.28614822030067444,0.27003657817840576
1789729864909323000,35.59732299804688,0.2942706346511841,0.3021267056465149,0.2119813710451126
1789729864919260200,35.60726025390625,0.2713681161403656,0.3218335211277008,0.1390129029750824
1789729864929197300,35.617197265625,0.23674803972244263,0.3537905216217041,0.058055199682712555
1789729864939134500,35.62713452148437,0.1962691843509674,0.3878779709339142,-0.03302222490310669
1789729864949071600,35.63707153320313,0.15206201374530792,0.38308441638946533,-0.14007814228534698
1789729864959008800,35.6470087890625,0.10359390825033188,0.3303554058074951,-0.24566936492919922
1789729864968946000,35.65694580078125,0.05352795869112015,0.24460414052009583,-0.32609444856643677
1789729864978883000,35.66688305664063,0.029027599841356277,0.1423417627811432,-0.3649754524230957
1789729864988820500,35.67682055664063,0.04287562891840935,0.058720968663692474,-0.3516600430011749
1789729864998757600,35.686757568359376,0.08708280324935913,-0.012649642303586006,-0.27283281087875366
1789729865008694800,35.69669482421875,0.15632294118404388,-0.04993279650807381,-0.12356702983379364
1789729865018632000,35.7066318359375,0.22130216658115387,-0.061650361865758896,0.06710968166589737
1789729865028569000,35.71656909179688,0.2633788585662842,-0.06804175674915314,0.24979715049266815
1789729865038506200,35.72650634765625,0.2729659676551819,-0.08188978582620621,0.3808208107948303
1789729865048443400,35.736443359375,0.24420467019081116,-0.10798799991607666,0.4276910722255707
1789729865058380800,35.746380859375,0.18881255388259888,-0.1585865616798401,0.3829512596130371
1789729865068318000,35.75631787109375,0.1115831583738327,-0.21557652950286865,0.2780258059501648
1789729865078255000,35.766255126953126,0.03328853100538254,-0.23901166021823883,0.16351327300071716
1789729865088192300,35.776192138671874,-0.04234301298856735,-0.18681524693965912,0.0750989317893982
1789729865098129400,35.78612939453125,-0.11424624174833298,-0.06644391268491745,0.022902509197592735
1789729865108066600,35.79606665039063,-0.17869283258914948,0.07256899774074554,-0.0079892473295331
1789729865118003700,35.806003662109376,-0.2181064635515213,0.17909230291843414,-0.0319569893181324
1789729865127940900,35.81594091796875,-0.22449785470962524,0.23927797377109528,-0.041011471301317215
1789729865137877800,35.82587768554688,-0.20532366633415222,0.25152814388275146,-0.01438064593821764
1789729865147815000,35.83581494140625,-0.1744319051504135,0.205190509557724,0.06977276504039764
1789729865157752000,35.845751953125,-0.1446053832769394,0.09493889659643173,0.19493764638900757
1789729865167689000,35.85568896484375,-0.1328878253698349,-0.08615072071552277,0.3403419554233551
1789729865177626000,35.86562622070313,-0.13927921652793884,-0.3066539466381073,0.4660394489765167
1789729865187563300,35.875563232421875,-0.1430075317621231,-0.48081955313682556,0.5539211630821228
1789729865197500400,35.88550048828125,-0.13821399211883545,-0.5649729371070862,0.6023892760276794
1789729865207437300,35.89543725585938,-0.132355198264122,-0.5676360726356506,0.5778889060020447
1789729865217374500,35.90537451171875,-0.11637670546770096,-0.435014545917511,0.47509393095970154
1789729865227311600,35.9153115234375,-0.05086487531661987,-0.21610915660858154,0.3115806579589844
1789729865237248800,35.92524877929687,0.04394086077809334,0.015046416781842709,0.1065233051776886
1789729865247186200,35.93518627929687,0.14567062258720398,0.20359265804290771,-0.10545806586742401
1789729865257123800,35.94512377929688,0.22449785470962524,0.32769230008125305,-0.289343923330307
1789729865267061200,35.95506127929688,0.2591179311275482,0.3452686667442322,-0.42356327176094055
1789729865276998100,35.964998046875,0.23142187297344208,0.2579195499420166,-0.4720313847064972
1789729865286934800,35.97493481445313,0.15738818049430847,0.12796111404895782,-0.3537905216217041
1789729865296871700,35.98487158203125,0.07802832126617432,-0.006258244160562754,-0.09054480493068695
1789729865306808300,35.99480834960937,0.010918638668954372,-0.10798799991607666,0.23062294721603394
1789729865316745500,36.004745361328126,-0.021570969372987747,-0.13834713399410248,0.5155727863311768
1789729865326683100,36.01468310546875,0.0050598569214344025,-0.09041165560483932,0.6998580694198608
1789729865336621000,36.02462109375,0.06471290439367294,0.009187635034322739,0.7563154697418213
1789729865346558500,36.03455834960938,0.11744193732738495,0.12849372625350952,0.6780208349227905
1789729865356495400,36.044495361328124,0.15792079269886017,0.26271310448646545,0.5123770833015442
1789729865366432500,36.0544326171875,0.18135592341423035,0.38095396757125854,0.31317850947380066
1789729865376369700,36.06436962890625,0.16804051399230957,0.4299546778202057,0.12037133425474167
1789729865386306800,36.074306884765626,0.11531147360801697,0.396932452917099,-0.032489608973264694
1789729865396244200,36.084244140625,0.03435376659035683,0.30798548460006714,-0.1272953450679779
1789729865406181400,36.09418139648437,-0.04607132822275162,0.20199480652809143,-0.16511112451553345
1789729865416118300,36.1041181640625,-0.08495233207941055,0.12210233509540558,-0.1486000120639801
1789729865426055700,36.1140556640625,-0.07962616533041,0.09653674066066742,-0.10172975063323975
1789729865435992600,36.12399267578125,-0.03275591507554054,0.12636326253414154,-0.04367455467581749
1789729865445930000,36.13392993164062,0.03914731368422508,0.18708154559135437,0.01810896210372448
1789729865455867000,36.14386694335938,0.112115778028965,0.25365862250328064,0.0740336924791336
1789729865465803800,36.1538037109375,0.1552577167749405,0.30478981137275696,0.11131685227155685
1789729865475740700,36.16374072265625,0.15845340490341187,0.29786577820777893,0.11078423261642456
1789729865485677600,36.173677490234375,0.13075734674930573,0.23288656771183014,0.07882724702358246
1789729865495614500,36.18361450195312,0.09453943371772766,0.17589659988880157,0.04047885537147522
1789729865505551400,36.19355126953125,0.05725627392530441,0.14979839324951172,0.0005326165119186044
1789729865515488800,36.20348876953125,0.021570969372987747,0.1396786868572235,-0.045272402465343475
1789729865525426000,36.213426025390625,0.0023967742454260588,0.16950520873069763,-0.08042509108781815
1789729865535363300,36.22336328125,0.0077229393646121025,0.25046291947364807,-0.09427312016487122
1789729865545300500,36.23330053710937,0.03541899845004082,0.34793174266815186,-0.09214265644550323
1789729865555238000,36.24323779296875,0.07003907114267349,0.4278241991996765,-0.08947957307100296
1789729865565175300,36.25317529296875,0.10306129604578018,0.46563997864723206,-0.09959928691387177
1789729865575112400,36.263112548828126,0.11957240849733353,0.46670523285865784,-0.12463226169347763
1789729865585049900,36.2730498046875,0.1126483902335167,0.41450878977775574,-0.16191542148590088
1789729865594987000,36.28298706054687,0.09773512929677963,0.3324858546257019,-0.19440503418445587
1789729865604924400,36.29292431640625,0.08335448056459427,0.2248973250389099,-0.21091613173484802
1789729865614861600,36.30286157226563,0.08335448056459427,0.1529940962791443,-0.191741943359375
1789729865624798700,36.312798828125,0.08708280324935913,0.12796111404895782,-0.15286093950271606
1789729865634735900,36.32273583984375,0.09507204592227936,0.13222205638885498,-0.11877348273992538
1789729865644672800,36.3326728515625,0.10678961127996445,0.14553746581077576,-0.09853405505418777
1789729865654610000,36.34260986328125,0.11371362209320068,0.15885287523269653,-0.09267527610063553
1789729865664547000,36.352547119140624,0.10678961127996445,0.17589659988880157,-0.08734910935163498
1789729865674484200,36.36248413085937,0.09187635034322739,0.20146219432353973,-0.06817491352558136
1789729865684421000,36.372421142578126,0.07536523789167404,0.24939768016338348,-0.037815771996974945
1789729865694358300,36.382358154296874,0.06364767253398895,0.31544211506843567,-0.02236989326775074
1789729865704295400,36.39229541015625,0.06311506032943726,0.3932041525840759,-0.027163442224264145
1789729865714232600,36.40223266601563,0.06045197322964668,0.46670523285865784,-0.062316130846738815
1789729865724169500,36.41216943359375,0.04181039705872536,0.5151733160018921,-0.1283605843782425
1789729865734106600,36.42210668945312,0.010386021807789803,0.5354127287864685,-0.21730753779411316
1789729865744043800,36.43204370117188,-0.03914731368422508,0.5327496528625488,-0.2904091477394104
1789729865753981000,36.44198095703125,-0.08761541545391083,0.5098471641540527,-0.33621418476104736
1789729865763917800,36.45191772460937,-0.11477886140346527,0.46457475423812866,-0.37136685848236084
1789729865773855000,36.46185498046875,-0.10572437942028046,0.4059869349002838,-0.4091826379299164
1789729865783792000,36.47179223632813,-0.06258244067430496,0.3516600430011749,-0.44220486283302307
1789729865793729300,36.481729248046875,0.0023967742454260588,0.2898765504360199,-0.4624442756175995
1789729865803666400,36.49166650390625,0.07802832126617432,0.24566936492919922,-0.43528082966804504
1789729865813603600,36.501603515625,0.1536598652601242,0.21850591897964478,-0.35911667346954346
1789729865823540700,36.51154077148438,0.22556309401988983,0.205190509557724,-0.2664414048194885
1789729865833478100,36.52147802734375,0.27616167068481445,0.1721682846546173,-0.1800243854522705
1789729865843415300,36.531415283203124,0.3054555654525757,0.10772168636322021,-0.09959928691387177
1789729865853353500,36.541353515625,0.31131434440612793,0.027829213067889214,-0.023967742919921875
1789729865863290400,36.55129028320312,0.2932053804397583,-0.059519894421100616,0.04687025398015976
1789729865873227500,36.5612275390625,0.2713681161403656,-0.11917294561862946,0.11078423261642456
1789729865883164400,36.571164306640625,0.2500634491443634,-0.12130340933799744,0.1699046641588211
1789729865893101600,36.5811015625,0.24154159426689148,-0.04993279650807381,0.21997061371803284
1789729865903039200,36.591039306640624,0.24207420647144318,0.08055824786424637,0.2540580630302429
1789729865912977000,36.600976806640624,0.23301972448825836,0.2360822707414627,0.2753627300262451
1789729865922913000,36.6109130859375,0.20479105412960052,0.3729647099971771,0.28441721200942993
1789729865932849400,36.62084936523438,0.164844810962677,0.45445504784584045,0.2849498391151428
1789729865942786000,36.6307861328125,0.11690932512283325,0.4832163453102112,0.2742975056171417
1789729865952722700,36.64072265625,0.06684337556362152,0.47522708773612976,0.2556559145450592
1789729865962659800,36.650659912109376,0.024766668677330017,0.4390091598033905,0.23222079873085022
1789729865972597000,36.66059692382812,-0.011983871459960938,0.41291093826293945,0.19919857382774353
1789729865982534700,36.67053466796875,-0.03808208182454109,0.4102478623390198,0.16564373672008514
1789729865992472300,36.680472412109374,-0.05193011090159416,0.43261775374412537,0.14487169682979584
1789729866002410200,36.69041015625,-0.07163692265748978,0.46510738134384155,0.14274121820926666
1789729866012348200,36.70034814453125,-0.09613727778196335,0.49919483065605164,0.1581871062517166
1789729866022285300,36.710285400390624,-0.12117026001214981,0.5204994678497314,0.18748101592063904
1789729866032222500,36.72022241210937,-0.14939893782138824,0.5247604250907898,0.19973118603229523
1789729866042159600,36.73015966796875,-0.17922545969486237,0.5284887552261353,0.191741943359375
1789729866052095500,36.74009545898438,-0.19999749958515167,0.5419372916221619,0.1715025156736374
1789729866062031400,36.75003125,-0.21491076052188873,0.5691007375717163,0.14114338159561157
1789729866071968000,36.759968017578124,-0.22449785470962524,0.5882749557495117,0.09054480493068695
1789729866081904600,36.76990454101563,-0.2181064635515213,0.5925358533859253,0.026098208501935005
1789729866091842000,36.77984204101563,-0.19946488738059998,0.5845466256141663,-0.0213046595454216
1789729866101780000,36.78978002929688,-0.18029068410396576,0.5536548495292664,-0.04580501839518547
1789729866111718100,36.79971826171875,-0.16164910793304443,0.48800987005233765,-0.07190322875976562
1789729866121656300,36.80965625,-0.12436595559120178,0.44380271434783936,-0.08841434121131897
1789729866131594000,36.819593994140625,-0.07323476672172546,0.4384765326976776,-0.08788172155618668
1789729866141531600,36.82953173828125,-0.021570969372987747,0.4304873049259186,-0.08628387749195099
1789729866151468000,36.83946801757813,0.03222329914569855,0.4086500108242035,-0.07989247888326645
1789729866161404200,36.84940405273438,0.08175663650035858,0.3868127465248108,-0.062316130846738815
1789729866171340800,36.8593408203125,0.12702903151512146,0.38042134046554565,-0.023967742919921875
1789729866181277400,36.86927734375,0.15632294118404388,0.3649754524230957,0.01118494663387537
1789729866191214600,36.87921459960938,0.16058388352394104,0.32769230008125305,0.01917419396340847
1789729866201152000,36.889152099609376,0.15951864421367645,0.28295251727104187,-0.0005326165119186044
1789729866211089400,36.89908935546875,0.1643121987581253,0.26111525297164917,-0.025032976642251015
1789729866221027300,36.90902734375,0.16377957165241241,0.2669740319252014,-0.04047885537147522
1789729866230965000,36.918965087890626,0.15845340490341187,0.28721344470977783,-0.04154408723115921
1789729866240903000,36.92890283203125,0.14833369851112366,0.30478981137275696,-0.027163442224264145
1789729866250840000,36.938840087890625,0.1339530497789383,0.31597474217414856,-0.01118494663387537
1789729866260777200,36.94877709960937,0.11371362209320068,0.3228987455368042,-0.0015978495357558131
1789729866270714400,36.95871435546875,0.08228924870491028,0.3234313726425171,0.006924014538526535
1789729866280651500,36.96865161132813,0.03435376659035683,0.3218335211277008,0.013315413147211075
1789729866290588400,36.97858837890625,-0.013581721112132072,0.3335510790348053,0.0213046595454216
1789729866300525300,36.988525390625,-0.0482017956674099,0.38201919198036194,0.04047885537147522
1789729866310462500,36.99846240234375,-0.06737598776817322,0.4704335331916809,0.06977276504039764
1789729866320400000,37.00839990234375,-0.07749570161104202,0.5584484338760376,0.09374050796031952
1789729866330337300,37.018337158203124,-0.07802832126617432,0.6196992993354797,0.10013190656900406
1789729866340274400,37.0282744140625,-0.07216953486204147,0.6644390821456909,0.0958709716796875
1789729866350211800,37.0382119140625,-0.06471290439367294,0.6958634853363037,0.08788172155618668
1789729866360148700,37.048148681640626,-0.06258244067430496,0.6969286799430847,0.07776200771331787
1789729866370086000,37.0580859375,-0.06151720881462097,0.6649717092514038,0.07616416364908218
1789729866380023000,37.06802294921875,-0.05512581020593643,0.6223623752593994,0.0958709716796875
1789729866389960200,37.07796020507813,-0.05619104206562042,0.563774585723877,0.11397993564605713
1789729866399897000,37.08789697265625,-0.0689738392829895,0.4704335331916809,0.10492545366287231
1789729866409834200,37.09783422851562,-0.08228924870491028,0.33674678206443787,0.0750989317893982
1789729866419772000,37.10777197265625,-0.08069140464067459,0.20359265804290771,0.05219641700387001
1789729866429709000,37.117708984375,-0.06151720881462097,0.10452599078416824,0.053794268518686295
1789729866439646200,37.12764624023438,-0.024234050884842873,0.05925358831882477,0.09214265644550323
1789729866449582600,37.13758251953125,0.016777420416474342,0.07256899774074554,0.15765449404716492
1789729866459519200,37.147519287109375,0.04447348043322563,0.1306242048740387,0.2343512624502182
1789729866469456100,37.1574560546875,0.05033225938677788,0.18761417269706726,0.2966673970222473
1789729866479393300,37.16739331054688,0.04607132822275162,0.24566936492919922,0.3382114768028259
1789729866489330400,37.177330322265625,0.030092833563685417,0.2920069992542267,0.34513550996780396
1789729866499268000,37.18726806640625,0.011451254598796368,0.29360485076904297,0.3089175820350647
1789729866509205500,37.19720556640625,-0.00719032296910882,0.2616478502750397,0.23594911396503448
1789729866519143200,37.20714306640625,-0.022103585302829742,0.23235395550727844,0.14753477275371552
1789729866529080600,37.21708056640625,-0.0370168462395668,0.22383208572864532,0.07030537724494934
1789729866539018000,37.22701806640625,-0.04607132822275162,0.24939768016338348,0.019706811755895615
1789729866548955100,37.236955078125,-0.0370168462395668,0.31490951776504517,-0.0031956990715116262
1789729866558892000,37.24689208984375,-0.016777420416474342,0.3745625615119934,-0.004260932095348835
1789729866568829200,37.2568291015625,0.015712186694145203,0.42462852597236633,0.01917419396340847
1789729866578768000,37.26676782226563,0.0476691760122776,0.4592485725879669,0.0532616525888443
1789729866588702500,37.27670239257812,0.08122401684522629,0.47522708773612976,0.08308817446231842
1789729866598637300,37.28663720703125,0.11690932512283325,0.47469446063041687,0.10332760214805603
1789729866608573000,37.29657299804688,0.13768136501312256,0.45285719633102417,0.10386022180318832
1789729866618509300,37.30650927734375,0.13714875280857086,0.40225863456726074,0.07882724702358246
1789729866628446500,37.31644653320313,0.11850717663764954,0.32769230008125305,0.028228675946593285
1789729866638384400,37.32638427734375,0.0908111184835434,0.25365862250328064,-0.039946239441633224
1789729866648323000,37.336322998046874,0.06258244067430496,0.18814678490161896,-0.11930610239505768
1789729866658262300,37.34626220703125,0.04074516147375107,0.16630950570106506,-0.18588316440582275
1789729866668201200,37.356201171875,0.026364516466856003,0.1945381760597229,-0.22849248349666595
1789729866678138600,37.366138671875,0.026897134259343147,0.2573869228363037,-0.2509955167770386
1789729866688075000,37.37607495117187,0.0375494658946991,0.3314206302165985,-0.2664414048194885
1789729866698012200,37.38601220703125,0.05352795869112015,0.3948020040988922,-0.270169734954834
1789729866707949600,37.39594946289063,0.0689738392829895,0.43368300795555115,-0.26218047738075256
1789729866717887000,37.40588696289063,0.08228924870491028,0.44540056586265564,-0.24353890120983124
1789729866727824100,37.41582421875,0.09720251709222794,0.4400743842124939,-0.21943800151348114
1789729866737761300,37.42576123046875,0.1222354918718338,0.4304873049259186,-0.19014409184455872
1789729866747698400,37.43569848632813,0.15152940154075623,0.4065195620059967,-0.15073047578334808
1789729866757635600,37.445635498046876,0.18827994167804718,0.35805144906044006,-0.0964035913348198
1789729866767572500,37.455572509765624,0.23088926076889038,0.2930722236633301,-0.03515268862247467
1789729866777509600,37.46550952148438,0.26763978600502014,0.2472672164440155,0.03302222490310669
1789729866787446800,37.47544677734375,0.283618301153183,0.23235395550727844,0.11611039936542511
1789729866797384000,37.485384033203125,0.2905423045158386,0.25152814388275146,0.20026381313800812
1789729866807320800,37.49532080078125,0.28841185569763184,0.29467007517814636,0.25139498710632324
1789729866817258000,37.50525805664063,0.26817241311073303,0.35858407616615295,0.24660144746303558
1789729866827195100,37.515195068359375,0.23728065192699432,0.4379439353942871,0.18854624032974243
1789729866837132500,37.525132568359375,0.20266057550907135,0.5130428671836853,0.10279498994350433
1789729866847071000,37.53507104492188,0.16910573840141296,0.5691007375717163,0.01491326279938221
1789729866857006600,37.54500659179688,0.15046416223049164,0.5930684804916382,-0.05645735189318657
1789729866866942000,37.55494189453125,0.14886631071567535,0.5999925136566162,-0.09959928691387177
1789729866876878000,37.56487817382813,0.15951864421367645,0.5829487442970276,-0.11078423261642456
1789729866886815000,37.57481494140625,0.1659100502729416,0.539141058921814,-0.08841434121131897
1789729866896752400,37.58475244140625,0.15685556828975677,0.4688356816768646,-0.044207170605659485
1789729866906690800,37.59469091796875,0.14140968024730682,0.40012815594673157,0.0047935484908521175
1789729866916629200,37.60462915039062,0.12649641931056976,0.3660407066345215,0.03621792420744896
1789729866926567700,37.614567626953125,0.11424624174833298,0.38095396757125854,0.043141938745975494
1789729866936504800,37.6245048828125,0.09560466557741165,0.42303067445755005,0.027163442224264145
1789729866946442000,37.63444189453125,0.06737598776817322,0.47789016366004944,-0.0026630824431777
1789729866956379000,37.64437890625,0.0375494658946991,0.5311518311500549,-0.049533337354660034
1789729866966316000,37.65431591796875,0.009320789016783237,0.5504591464996338,-0.10119713842868805
1789729866976253200,37.66425317382812,-0.013581721112132072,0.5595136284828186,-0.13049104809761047
1789729866986190300,37.6741904296875,-0.021038351580500603,0.5749595165252686,-0.13528458774089813
1789729866996127200,37.684127197265624,-0.010918638668954372,0.5850792527198792,-0.1171756312251091
1789729867006065000,37.69406494140625,0.011451254598796368,0.5978620052337646,-0.08788172155618668
1789729867016002000,37.704001953125,0.04553871229290962,0.6085143685340881,-0.05645735189318657
1789729867025939200,37.71393920898438,0.07856093347072601,0.602122962474823,-0.03941362351179123
1789729867035876400,37.72387646484375,0.09773512929677963,0.5600462555885315,-0.032489608973264694
1789729867045813200,37.73381323242187,0.10785484313964844,0.4938686490058899,-0.029293907806277275
1789729867055750400,37.74375048828125,0.12063764035701752,0.43368300795555115,-0.021837277337908745
1789729867065687600,37.7536875,0.12915951013565063,0.3857475221157074,-0.01917419396340847
1789729867075624700,37.763624755859375,0.1446053832769394,0.3516600430011749,-0.026098208501935005
1789729867085561600,37.7735615234375,0.16377957165241241,0.3420729637145996,-0.0426093190908432
1789729867095499000,37.7834990234375,0.18348638713359833,0.3628450036048889,-0.07243584841489792
1789729867105437400,37.7934375,0.1957365721464157,0.3846822679042816,-0.12356702983379364
1789729867115373300,37.803373291015625,0.21384553611278534,0.3942693769931793,-0.19600287079811096
1789729867125309200,37.81330908203125,0.24207420647144318,0.4155740439891815,-0.2691044807434082
1789729867135245300,37.82324536132813,0.26444411277770996,0.4416722357273102,-0.31757259368896484
1789729867145182200,37.83318212890625,0.2719007432460785,0.4523245692253113,-0.3458012640476227
1789729867155119000,37.843119140625,0.24846559762954712,0.4086500108242035,-0.3442034125328064
1789729867165056800,37.85305688476563,0.20425842702388763,0.3426055610179901,-0.30692026019096375
1789729867174994400,37.86299438476563,0.16005125641822815,0.289343923330307,-0.27656111121177673
1789729867184932600,37.8729326171875,0.12489857524633408,0.2664414048194885,-0.27443066239356995
1789729867194870800,37.882870849609375,0.11371362209320068,0.2888112962245941,-0.30638766288757324
1789729867204808400,37.892808349609375,0.11797455698251724,0.3447360396385193,-0.3617797791957855
1789729867214745600,37.90274560546875,0.17017097771167755,0.5013253092765808,-0.4491288661956787
1789729867224682800,37.91268286132812,0.22130216658115387,0.6388735175132751,-0.6403381824493408
1789729867234620000,37.92261987304688,0.24686774611473083,0.723559558391571,-0.8017209768295288
1789729867244557000,37.93255712890625,0.2798899710178375,0.7613753080368042,-0.8693633079528809
1789729867254494200,37.942494140625,0.29746630787849426,0.7501903772354126,-0.8246235251426697
1789729867264431000,37.95243115234375,0.2703028917312622,0.7113093733787537,-0.6195661425590515
1789729867274368300,37.9623681640625,0.21970431506633759,0.6015903353691101,-0.30798548460006714
1789729867284305400,37.972305419921874,0.15206201374530792,0.48641201853752136,0.06497921794652939
1789729867294242300,37.9822421875,0.08069140464067459,0.3447360396385193,0.39839714765548706
1789729867304179500,37.992179443359376,0.023168819025158882,0.19080986082553864,0.598660945892334
1789729867314116600,38.00211669921875,-0.010386021807789803,0.09760197252035141,0.6519225835800171
1789729867324053800,38.0120537109375,-0.017842652276158333,0.09227581322193146,0.5757584571838379
1789729867333990700,38.02199072265625,-0.00133154122158885,0.14287437498569489,0.41863659024238586
1789729867343927800,38.031927734375,0.017842652276158333,0.22223423421382904,0.21837277710437775
1789729867353865000,38.04186499023437,0.0375494658946991,0.33940985798835754,0.015445878729224205
1789729867363802000,38.05180200195313,0.06471290439367294,0.5204994678497314,-0.15392617881298065
1789729867373739300,38.0617392578125,0.07696308940649033,0.6873416304588318,-0.27283281087875366
1789729867383676400,38.071676513671875,0.05565842613577843,0.7571143507957458,-0.3330184817314148
1789729867393613600,38.08161352539062,-0.00452724052593112,0.8098434209823608,-0.3207682967185974
1789729867403550700,38.09155078125,-0.03222329914569855,0.7102441191673279,-0.3207682967185974
1789729867413487900,38.10148779296875,-0.017310036346316338,0.6314168572425842,-0.25419121980667114
1789729867423425300,38.11142529296875,-0.015712186694145203,0.6074491143226624,-0.14753477275371552
1789729867433363000,38.121363037109376,-0.021038351580500603,0.5882749557495117,-0.02769605815410614
1789729867443300900,38.13130078125,-0.014114337973296642,0.5882749557495117,0.07829462736845016
1789729867453238800,38.14123876953125,-0.006657706573605537,0.5909380316734314,0.14700216054916382
1789729867463174100,38.151174072265626,0.009320789016783237,0.5573831796646118,0.15126308798789978
1789729867473110300,38.1611103515625,0.03967992961406708,0.5252930521965027,0.10332760214805603
1789729867483047000,38.171046875,0.07376738637685776,0.5300865769386292,0.030359141528606415
1789729867492983600,38.18098364257813,0.10039821267127991,0.541404664516449,-0.054859500378370285
1789729867502921200,38.19092114257813,0.12969212234020233,0.541404664516449,-0.1374150663614273
1789729867512859100,38.20085913085938,0.15792079269886017,0.5531222224235535,-0.18961147964000702
1789729867522797300,38.21079736328125,0.1754971444606781,0.5488613247871399,-0.20026381313800812
1789729867532735200,38.2207353515625,0.1760297566652298,0.49919483065605164,-0.18641577661037445
1789729867542672600,38.23067260742187,0.16218173503875732,0.4262263774871826,-0.1709699034690857
1789729867552609800,38.24060986328125,0.1435401439666748,0.366573303937912,-0.15925233066082
1789729867562547000,38.250546875,0.12383333593606949,0.31703996658325195,-0.16777420043945312
1789729867572484000,38.260484130859375,0.09720251709222794,0.2776263654232025,-0.19440503418445587
1789729867582421200,38.27042114257812,0.06204982474446297,0.26484355330467224,-0.21624229848384857
1789729867592358400,38.2803583984375,0.018907885998487473,0.2616478502750397,-0.222101092338562
1789729867602295600,38.29029565429688,-0.026364516466856003,0.2770937383174896,-0.2130466103553772
1789729867612232700,38.300232666015624,-0.07323476672172546,0.30638766288757324,-0.19493764638900757
1789729867622170400,38.31017041015625,-0.111050546169281,0.3884105980396271,-0.15392617881298065
1789729867632106800,38.32010668945313,-0.12809427082538605,0.5098471641540527,-0.10971900075674057
1789729867642043600,38.330043701171874,-0.12170287221670151,0.6085143685340881,-0.07882724702358246
1789729867651981600,38.339981689453126,-0.10465914756059647,0.6367430686950684,-0.05752258375287056
1789729867661919200,38.349919189453125,-0.08655018359422684,0.5829487442970276,-0.021837277337908745
1789729867671855400,38.35985546875,-0.06577813625335693,0.46777045726776123,0.02876129187643528
1789729867681791700,38.36979174804687,-0.05033225938677788,0.319703072309494,0.10013190656900406
1789729867691728100,38.37972802734375,-0.025299284607172012,0.19933173060417175,0.1906767040491104
1789729867701665300,38.38966528320312,0.0061250897124409676,0.15725502371788025,0.2876129150390625
1789729867711603000,38.39960302734375,0.04287562891840935,0.16471165418624878,0.36910325288772583
1789729867721540600,38.40954052734375,0.06790860742330551,0.15672241151332855,0.39040789008140564
1789729867731478500,38.419478515625,0.07163692265748978,0.15885287523269653,0.360048770904541
1789729867741416200,38.429416259765624,0.05086487531661987,0.1822880059480667,0.30146095156669617
1789729867751353300,38.43935327148437,0.010386021807789803,0.21957115828990936,0.22795987129211426
1789729867761289700,38.449289794921874,-0.03222329914569855,0.26324570178985596,0.1608501821756363
1789729867771226600,38.4592265625,-0.07376738637685776,0.331953227519989,0.11877348273992538
1789729867781163500,38.46916357421875,-0.1227681040763855,0.40066078305244446,0.09480573982000351
1789729867791101000,38.479100830078124,-0.17283405363559723,0.4512593448162079,0.06551183015108109
1789729867801038000,38.4890380859375,-0.21650861203670502,0.48800987005233765,0.025032976642251015
1789729867810975500,38.4989755859375,-0.2410089671611786,0.49599912762641907,-0.035685304552316666
1789729867820912600,38.50891259765625,-0.2500634491443634,0.4624442756175995,-0.10439283400774002
1789729867830850000,38.51885009765625,-0.24420467019081116,0.37988871335983276,-0.1597849577665329
1789729867840787200,38.528787109375,-0.2175738513469696,0.3101159632205963,-0.17469821870326996
1789729867850724600,38.538724609375,-0.18188853561878204,0.27283281087875366,-0.14007814228534698
1789729867860661800,38.54866186523437,-0.15898603200912476,0.23448441922664642,-0.0750989317893982
1789729867870599200,38.55859912109375,-0.1451379954814911,0.1950708031654358,0.0053261648863554
1789729867880536300,38.568536376953126,-0.13075734674930573,0.183885857462883,0.07243584841489792
1789729867890473700,38.5784736328125,-0.12117026001214981,0.18654893338680267,0.10119713842868805
1789729867900411100,38.5884111328125,-0.10465914756059647,0.21797330677509308,0.08947957307100296
1789729867910348300,38.59834838867187,-0.08069140464067459,0.26431095600128174,0.04580501839518547
1789729867920285400,38.60828540039063,-0.06684337556362152,0.28508299589157104,-0.018641578033566475
1789729867930222800,38.61822290039063,-0.06311506032943726,0.27336543798446655,-0.08947957307100296
1789729867940160000,38.628159912109375,-0.0583215095102787,0.2360822707414627,-0.15392617881298065
1789729867950097200,38.63809716796875,-0.04553871229290962,0.21158191561698914,-0.18588316440582275
1789729867960034600,38.64803466796875,-0.024234050884842873,0.18601632118225098,-0.1805569976568222
1789729867969971200,38.65797119140625,-0.00133154122158885,0.16577689349651337,-0.12995843589305878
1789729867979908600,38.66790869140625,0.011451254598796368,0.17589659988880157,-0.04154408723115921
1789729867989845800,38.677845703125,0.00133154122158885,0.20146219432353973,0.061250898987054825
1789729867999783200,38.687783203125,-0.026897134259343147,0.20998406410217285,0.14700216054916382
1789729868009720000,38.697719970703126,-0.07057169079780579,0.235549658536911,0.19973118603229523
1789729868019657000,38.707656982421874,-0.13022473454475403,0.26377832889556885,0.20718781650066376
1789729868029593900,38.71759375,-0.16857312619686127,0.29680055379867554,0.17523083090782166
1789729868039530800,38.72753076171875,-0.1877473145723343,0.3218335211277008,0.11451254785060883
1789729868049467600,38.73746752929687,-0.19094301760196686,0.33674678206443787,0.05219641700387001
1789729868059405300,38.7474052734375,-0.16750788688659668,0.35698622465133667,0.02556559257209301
1789729868069343200,38.75734326171875,-0.12489857524633408,0.3521926701068878,0.038881003856658936
1789729868079280600,38.76728076171875,-0.07802832126617432,0.3021267056465149,0.0958709716796875
1789729868089217800,38.7772177734375,-0.03275591507554054,0.2360822707414627,0.20505735278129578
1789729868099155000,38.787155029296876,0.010386021807789803,0.17110306024551392,0.34620073437690735
1789729868109092000,38.797092041015624,0.04926702752709389,0.10239552706480026,0.4814853370189667
1789729868119029800,38.80702978515625,0.06258244067430496,0.03901416063308716,0.5928021669387817
1789729868128966000,38.8169658203125,0.03382114693522453,0.010252867825329304,0.6982602477073669
1789729868138902300,38.82690234375,-0.022636201232671738,0.020372580736875534,0.7728265523910522
1789729868148839000,38.8368388671875,-0.07643046975135803,0.067242830991745,0.7802832126617432
1789729868158775800,38.84677587890625,-0.09347419440746307,0.16684211790561676,0.720097541809082
1789729868168713500,38.85671337890625,-0.07696308940649033,0.27549588680267334,0.6087806820869446
1789729868178651100,38.86665112304688,-0.017842652276158333,0.37882348895072937,0.4793548583984375
1789729868188589000,38.87658911132812,0.03808208182454109,0.5071840882301331,0.3850817382335663
1789729868198526700,38.88652661132812,0.05565842613577843,0.5424699187278748,0.2886781394481659
1789729868208464100,38.89646411132812,0.07430000603199005,0.5274235010147095,0.22742724418640137
1789729868218401300,38.9064013671875,0.07856093347072601,0.4608464241027832,0.2119813710451126
1789729868228338400,38.91633837890625,0.04926702752709389,0.2888112962245941,0.21997061371803284
1789729868238275600,38.926275634765624,0.017310036346316338,0.10612384229898453,0.2332860380411148
1789729868248212700,38.93621264648438,-0.0023967742454260588,-0.031823836266994476,0.24926452338695526
1789729868258150000,38.94614990234375,-0.021038351580500603,-0.11757509410381317,0.2748301327228546
1789729868268087000,38.956087158203125,-0.04181039705872536,-0.12077079713344574,0.3099828064441681
1789729868278024400,38.9660244140625,-0.03861469775438309,-0.0014646954368799925,0.3403419554233551
1789729868287961600,38.97596166992187,-0.010386021807789803,0.11784140020608902,0.32383084297180176
1789729868297898800,38.98589868164063,0.030092833563685417,0.2669740319252014,0.30572187900543213
1789729868307836000,38.9958359375,0.04553871229290962,0.4395417869091034,0.2886781394481659
1789729868317773000,39.00577294921875,0.03648423030972481,0.5151733160018921,0.25192761421203613
1789729868327710200,39.01571020507812,0.013049104250967503,0.45658549666404724,0.2135792225599289
1789729868337647400,39.0256474609375,-0.017842652276158333,0.3644428551197052,0.19547025859355927
1789729868347584800,39.035584716796876,-0.04713656008243561,0.2712349593639374,0.1704372763633728
1789729868357522000,39.04552197265625,-0.07323476672172546,0.15885287523269653,0.11824086308479309
1789729868367459000,39.055458984375,-0.08814803510904312,0.06138405203819275,0.050598569214344025
1789729868377396200,39.06539624023438,-0.09453943371772766,-0.010519175790250301,-0.01810896210372448
1789729868387333400,39.07533349609375,-0.1014634445309639,-0.0712374597787857,-0.07616416364908218
1789729868397270500,39.0852705078125,-0.112115778028965,-0.11331415921449661,-0.1267627328634262
1789729868407207700,39.09520776367187,-0.11637670546770096,-0.14846685528755188,-0.17363297939300537
1789729868417145000,39.10514501953125,-0.11637670546770096,-0.17243459820747375,-0.18588316440582275
1789729868427082200,39.11508227539063,-0.10838746279478073,-0.15112993121147156,-0.1384802907705307
1789729868437019400,39.125019287109374,-0.1014634445309639,-0.09840089827775955,-0.042076703161001205
1789729868446956500,39.13495654296875,-0.08921326696872711,-0.0009320789249613881,0.06497921794652939
1789729868456893700,39.14489379882812,-0.08441971987485886,0.06884068250656128,0.12356702983379364
1789729868466830800,39.154830810546876,-0.09294158220291138,0.07150376588106155,0.11504516750574112
1789729868476768000,39.16476806640625,-0.11318100988864899,0.02410089783370495,0.05539211630821228
1789729868486705200,39.174705078125,-0.13448566198349,-0.024367205798625946,-0.01118494663387537
1789729868496642600,39.184642578125,-0.14833369851112366,-0.05579157918691635,-0.0633813664317131
1789729868506579700,39.19457983398438,-0.1424749195575714,-0.0611177459359169,-0.08415340632200241
1789729868516516900,39.204516845703125,-0.12702903151512146,-0.04087831825017929,-0.06977276504039764
1789729868526454000,39.2144541015625,-0.11371362209320068,-0.023301972076296806,-0.039946239441633224
1789729868536391200,39.22439111328125,-0.09720251709222794,-0.0185084231197834,-0.00585878174751997
1789729868546328300,39.23432836914063,-0.08921326696872711,-0.02703028731048107,0.013315413147211075
1789729868556265500,39.244265380859375,-0.10732222348451614,-0.04940018057823181,0.00852186419069767
1789729868566203000,39.254202880859374,-0.14673584699630737,-0.08828118443489075,-0.035685304552316666
1789729868576140000,39.26414013671875,-0.18881255388259888,-0.13035789132118225,-0.11184946447610855
1789729868586077200,39.2740771484375,-0.21384553611278534,-0.13355359435081482,-0.21091613173484802
1789729868596014300,39.284014404296876,-0.2191716879606247,-0.10958584398031235,-0.3244965970516205
1789729868605951500,39.293951416015624,-0.21171505749225616,-0.07975932210683823,-0.42303067445755005
1789729868615888600,39.303888671875,-0.19520394504070282,-0.04300878196954727,-0.47842279076576233
1789729868625825800,39.31382568359375,-0.164844810962677,-0.009453942999243736,-0.4837489426136017
1789729868635763200,39.32376318359375,-0.13128997385501862,0.0001331541279796511,-0.45285719633102417
1789729868645700400,39.333700439453125,-0.09880036115646362,-0.0025299284607172012,-0.38947582244873047
1789729868655637500,39.34363745117187,-0.07323476672172546,-0.02063889056444168,-0.30585503578186035
1789729868665574700,39.35357470703125,-0.04500609636306763,-0.03874785080552101,-0.22742724418640137
1789729868675511800,39.36351171875,-0.017310036346316338,-0.0504654161632061,-0.1715025156736374
1789729868685449000,39.373448974609374,0.008788172155618668,-0.06644391268491745,-0.1384802907705307
1789729868695386000,39.38338623046875,0.023701434955000877,-0.09467258304357529,-0.12356702983379364
1789729868705323500,39.39332348632813,0.03541899845004082,-0.12876003980636597,-0.1177082508802414
1789729868715260700,39.4032607421875,0.05086487531661987,-0.12716218829154968,-0.08894696086645126
1789729868725197800,39.41319775390625,0.06098458915948868,-0.06591129302978516,-0.03834838792681694
1789729868735135000,39.42313500976562,0.06098458915948868,0.036351077258586884,0.015445878729224205
1789729868745072000,39.43307202148438,0.04607132822275162,0.13914605975151062,0.05219641700387001
1789729868755009300,39.44300927734375,0.014646953903138638,0.22170162200927734,0.05752258375287056
1789729868764947000,39.45294702148438,-0.019973119720816612,0.2664414048194885,0.032489608973264694
1789729868774884000,39.462884033203125,-0.05299534276127815,0.27336543798446655,-0.006924014538526535
1789729868784821200,39.4728212890625,-0.08069140464067459,0.25152814388275146,-0.048468101769685745
1789729868794758400,39.48275830078125,-0.09613727778196335,0.18601632118225098,-0.08095771074295044
1789729868804695800,39.49269580078125,-0.09240896254777908,0.12103710323572159,-0.08202294260263443
1789729868814632200,39.50263208007812,-0.06524552404880524,0.11677616834640503,-0.03728315606713295
1789729868824568800,39.51256884765625,-0.015712186694145203,0.17696183919906616,0.054859500378370285
1789729868834505500,39.52250537109375,0.03808208182454109,0.2467346042394638,0.1603175699710846
1789729868844442600,39.53244262695313,0.07430000603199005,0.28455036878585815,0.22636201977729797
1789729868854379800,39.5423798828125,0.08282186836004257,0.24087581038475037,0.21784014999866486
1789729868864317000,39.55231689453125,0.0801587849855423,0.1529940962791443,0.15925233066082
1789729868874254600,39.562254638671874,0.07749570161104202,0.06990591436624527,0.08841434121131897
1789729868884192300,39.57219213867187,0.06790860742330551,-0.014247491955757141,0.029293907806277275
1789729868894130000,39.5821298828125,0.05299534276127815,-0.06804175674915314,-0.007456631399691105
1789729868904067800,39.59206787109375,0.03914731368422508,-0.08828118443489075,-0.025032976642251015
1789729868914005000,39.6020048828125,0.029560215771198273,-0.11757509410381317,-0.04900071769952774
1789729868923942100,39.61194213867188,0.026364516466856003,-0.15911918878555298,-0.08362079411745071
1789729868933879300,39.62187939453125,0.03595161437988281,-0.18255430459976196,-0.10226237028837204
1789729868943816400,39.63181640625,0.0588541254401207,-0.1772281378507614,-0.09480573982000351
1789729868953753600,39.64175366210937,0.07057169079780579,-0.1569887101650238,-0.0633813664317131
1789729868963691000,39.65169091796875,0.06684337556362152,-0.12876003980636597,-0.01810896210372448
1789729868973627100,39.661627197265624,0.07057169079780579,-0.06537867337465286,0.029293907806277275
1789729868983563500,39.6715634765625,0.08282186836004257,0.009720250964164734,0.059120431542396545
1789729868993500000,39.6815,0.08814803510904312,0.05499265342950821,0.06497921794652939
1789729869003437000,39.69143701171875,0.07802832126617432,0.03209014609456062,0.04687025398015976
1789729869013374500,39.70137451171875,0.06258244067430496,-0.048867564648389816,0.012782796286046505
1789729869023312000,39.711311767578124,0.05406057462096214,-0.14420592784881592,-0.015445878729224205
1789729869033249800,39.721249755859375,0.06045197322964668,-0.21823962032794952,-0.018641578033566475
1789729869043187700,39.73118774414063,0.08175663650035858,-0.2411421239376068,0.0021304660476744175
1789729869053125600,39.74112573242188,0.1115831583738327,-0.20385897159576416,0.04793548583984375
1789729869063063000,39.75106298828125,0.13714875280857086,-0.12236864119768143,0.10971900075674057
1789729869073000200,39.761000244140625,0.1440727710723877,-0.041410934180021286,0.17895914614200592
1789729869082937300,39.77093725585937,0.12702903151512146,0.02516612969338894,0.23275341093540192
1789729869092874500,39.78087451171875,0.09294158220291138,0.066177599132061,0.2535254657268524
1789729869102811600,39.79081176757813,0.06258244067430496,0.08428656309843063,0.24873191118240356
1789729869112748800,39.800748779296875,0.04181039705872536,0.10186290740966797,0.2247641682624817
1789729869122686000,39.81068603515625,0.03169068321585655,0.11304785311222076,0.18907886743545532
1789729869132623400,39.82062329101562,0.03382114693522453,0.12210233509540558,0.1486000120639801
1789729869142560500,39.830560546875,0.04926702752709389,0.12583065032958984,0.09214265644550323
1789729869152497700,39.84049755859375,0.07643046975135803,0.10505861043930054,0.020772043615579605
1789729869162434800,39.85043481445312,0.111050546169281,0.04114462435245514,-0.04580501839518547
1789729869172372000,39.8603720703125,0.1435401439666748,-0.05632419511675835,-0.09693620353937149
1789729869182309000,39.87030908203125,0.16910573840141296,-0.17243459820747375,-0.1395455300807953
1789729869192246300,39.880246337890625,0.1872147023677826,-0.29014283418655396,-0.14380645751953125
1789729869202183700,39.89018359375,0.21118244528770447,-0.34393709897994995,-0.08734910935163498
1789729869212120800,39.90012084960937,0.23728065192699432,-0.3620460629463196,-0.0047935484908521175
1789729869222058000,39.91005810546875,0.26604193449020386,-0.3460675776004791,0.06977276504039764
1789729869231995100,39.9199951171875,0.302792489528656,-0.27842527627944946,0.1278279572725296
1789729869241932300,39.929932373046874,0.33048853278160095,-0.1894783228635788,0.15392617881298065
1789729869251869400,39.93986938476562,0.345401793718338,-0.09520520269870758,0.1395455300807953
1789729869261806600,39.949806640625,0.3469996452331543,0.000665770610794425,0.08947957307100296
1789729869271744000,39.959743896484376,0.31930360198020935,0.041677240282297134,0.02343512699007988
1789729869281681200,39.96968115234375,0.2703028917312622,0.043807707726955414,-0.05219641700387001
1789729869291618300,39.97961840820312,0.2069215178489685,0.034220609813928604,-0.1288931965827942
1789729869301555500,39.98955541992188,0.11957240849733353,0.024633513763546944,-0.1709699034690857
1789729869311492600,39.99949267578125,0.03648423030972481,0.02836182899773121,-0.14327384531497955
1789729869321429800,40.0094296875,-0.010386021807789803,0.05392742156982422,-0.047402869910001755
1789729869331367000,40.01936694335937,0.0007989247678779066,0.09973244369029999,0.061250898987054825
1789729869341304000,40.02930395507813,0.0476691760122776,0.16417904198169708,0.15339355170726776
1789729869351241500,40.03924145507813,0.09453943371772766,0.2147776037454605,0.21837277710437775
1789729869361178600,40.0491787109375,0.1222354918718338,0.2264951765537262,0.25139498710632324
1789729869371115800,40.05911572265625,0.12170287221670151,0.21264714002609253,0.24660144746303558
1789729869381053000,40.06905297851562,0.09294158220291138,0.16684211790561676,0.20825305581092834
1789729869390990000,40.078989990234376,0.06204982474446297,0.12316756695508957,0.13688243925571442
1789729869400927200,40.08892724609375,0.05991935729980469,0.08854749798774719,0.035685304552316666
1789729869410864400,40.09886450195312,0.08282186836004257,0.05925358831882477,-0.06657706201076508
1789729869420801800,40.1088017578125,0.1115831583738327,0.027829213067889214,-0.15126308798789978
1789729869430739000,40.11873901367188,0.12489857524633408,0.000665770610794425,-0.19440503418445587
1789729869440676000,40.128676025390625,0.1222354918718338,-0.04673709720373154,-0.19866596162319183
1789729869450613200,40.13861328125,0.11797455698251724,-0.09467258304357529,-0.1587197184562683
1789729869460550400,40.14855029296875,0.11477886140346527,-0.13355359435081482,-0.09161003679037094
1789729869470487600,40.15848754882813,0.10945269465446472,-0.1559234857559204,-0.02982652559876442
1789729869480424700,40.1684248046875,0.10039821267127991,-0.16497796773910522,-0.0037283156998455524
1789729869490362000,40.178362060546874,0.09187635034322739,-0.18148908019065857,-0.026098208501935005
1789729869500299300,40.18829931640625,0.0790935531258583,-0.1985328048467636,-0.0644465982913971
1789729869510236400,40.198236328125,0.06204982474446297,-0.19640234112739563,-0.09054480493068695
1789729869520173800,40.208173828125,0.04340824484825134,-0.17349982261657715,-0.08947957307100296
1789729869530111500,40.21811157226563,0.021038351580500603,-0.1468690037727356,-0.07083799690008163
1789729869540049000,40.228048828125,-0.009853405877947807,-0.08508548885583878,-0.052729032933712006
1789729869549985800,40.23798583984375,-0.04394086077809334,-0.006790860556066036,-0.06604444980621338
1789729869559923000,40.2479228515625,-0.07216953486204147,0.04966649040579796,-0.12090394645929337
1789729869569859800,40.25785986328125,-0.10039821267127991,0.06830807030200958,-0.1922745555639267
1789729869579796700,40.26779663085937,-0.12489857524633408,0.06457975506782532,-0.2488650679588318
1789729869589734000,40.27773388671875,-0.13874660432338715,0.043807707726955414,-0.27602851390838623
1789729869599670800,40.2876708984375,-0.13981182873249054,0.029959678649902344,-0.26484355330467224
1789729869609608000,40.29760791015625,-0.11744193732738495,0.058720968663692474,-0.2119813710451126
1789729869619545600,40.307545654296874,-0.0801587849855423,0.11091738939285278,-0.14220860600471497
1789729869629483500,40.3174833984375,-0.0476691760122776,0.15352670848369598,-0.08681648969650269
1789729869639421000,40.3274208984375,-0.018375270068645477,0.172700896859169,-0.054859500378370285
1789729869649358000,40.33735815429687,-0.00399462366476655,0.16577689349651337,-0.0532616525888443
1789729869659295200,40.34729516601563,-0.0034620072692632675,0.13381989300251007,-0.08308817446231842
1789729869669232400,40.357232421875,0.0007989247678779066,0.098667211830616,-0.1288931965827942
1789729869679170000,40.367170166015626,0.010386021807789803,0.06830807030200958,-0.17363297939300537
1789729869689106400,40.3771064453125,0.018375270068645477,0.027829213067889214,-0.19866596162319183
1789729869699042800,40.38704272460937,0.029027599841356277,-0.010519175790250301,-0.19387240707874298
1789729869708979200,40.396979248046875,0.04713656008243561,-0.033954303711652756,-0.15073047578334808
1789729869718916400,40.40691625976562,0.07643046975135803,-0.03235645219683647,-0.0750989317893982
1789729869728853800,40.41685375976562,0.11477886140346527,-0.009453942999243736,0.0106523297727108
1789729869738791700,40.426791748046874,0.1552577167749405,0.02729659713804722,0.09054480493068695
1789729869748729300,40.43672924804687,0.18987779319286346,0.06298190355300903,0.14487169682979584
1789729869758667300,40.446667236328125,0.2069215178489685,0.0874822586774826,0.1608501821756363
1789729869768604400,40.4566044921875,0.20106273889541626,0.08162347972393036,0.14274121820926666
1789729869778541600,40.46654150390625,0.17709499597549438,0.05925358831882477,0.10918638855218887
1789729869788479000,40.47647900390625,0.1440727710723877,0.033155377954244614,0.06870753318071365
1789729869798416100,40.486416015625,0.112115778028965,0.025698747485876083,0.039946239441633224
1789729869808353300,40.496353271484374,0.09187635034322739,0.04753602296113968,0.02343512699007988
1789729869818290400,40.50629052734375,0.09294158220291138,0.08588441461324692,0.022902509197592735
1789729869828227600,40.5162275390625,0.09826774895191193,0.1423417627811432,0.043141938745975494
1789729869838164700,40.526164794921876,0.09560466557741165,0.20092958211898804,0.06657706201076508
1789729869848102000,40.53610180664062,0.08708280324935913,0.25046291947364807,0.08628387749195099
1789729869858039300,40.54603930664062,0.07057169079780579,0.2920069992542267,0.10013190656900406
1789729869867976400,40.5559765625,0.0482017956674099,0.31917044520378113,0.09001219272613525
1789729869877913600,40.56591357421875,0.0375494658946991,0.34100770950317383,0.059120431542396545
1789729869887850800,40.575850830078124,0.028494983911514282,0.3553883731365204,0.0015978495357558131
1789729869897788000,40.58578784179687,0.014646953903138638,0.33781203627586365,-0.0958709716796875
1789729869907725000,40.59572509765625,0.008255556225776672,0.2973331809043884,-0.21091613173484802
1789729869917662200,40.605662109375,0.025299284607172012,0.25365862250328064,-0.3005288541316986
1789729869927599600,40.615599609375,0.06204982474446297,0.21264714002609253,-0.31917044520378113
1789729869937536800,40.62553686523437,0.11903978884220123,0.183885857462883,-0.25206077098846436
1789729869947474000,40.63547387695313,0.1856168508529663,0.1631138026714325,-0.11504516750574112
1789729869957411000,40.6454111328125,0.2516613006591797,0.16950520873069763,0.05752258375287056
1789729869967348200,40.65534814453125,0.3038577139377594,0.19879911839962006,0.20931829512119293
1789729869977285400,40.66528540039062,0.3352820873260498,0.2153102308511734,0.29347169399261475
1789729869987222500,40.67522241210938,0.3336842358112335,0.18921200931072235,0.2876129150390625
1789729869997160000,40.68515991210938,0.3043903410434723,0.11624355614185333,0.20985090732574463
1789729870007097000,40.69509716796875,0.2596505582332611,0.0560578890144825,0.11184946447610855
1789729870017034200,40.7050341796875,0.18295377492904663,0.0038614696823060513,0.033554840832948685
1789729870026971400,40.71497143554687,0.10199606418609619,-0.040345702320337296,0.0026630824431777
1789729870036908500,40.724908447265626,0.03169068321585655,-0.07336792349815369,0.01704372838139534
1789729870046845700,40.734845703125,-0.019973119720816612,-0.03661738336086273,0.07935985922813416
1789729870056782800,40.74478295898437,-0.05512581020593643,0.05232957378029823,0.16511112451553345
1789729870066720000,40.75471997070313,-0.08974587917327881,0.15832026302814484,0.23861220479011536
1789729870076657400,40.76465747070313,-0.14886631071567535,0.2467346042394638,0.2769605815410614
1789729870086594600,40.774594482421875,-0.2394111156463623,0.28508299589157104,0.2641777992248535
1789729870096531700,40.78453173828125,-0.36031508445739746,0.2898765504360199,0.21677492558956146
1789729870106468900,40.79446875,-0.49986058473587036,0.28508299589157104,0.16670896112918854
1789729870116406000,40.80440600585938,-0.6362104415893555,0.3223661482334137,0.16404588520526886
1789729870126343200,40.81434326171875,-0.7352771162986755,0.46617260575294495,0.2231663167476654
1789729870136280300,40.8242802734375,-0.7741581201553345,0.6149057745933533,0.23754696547985077
1789729870146217700,40.8342177734375,-0.770429790019989,0.6500584483146667,0.1059906855225563
1789729870156155000,40.84415478515625,-0.7022548913955688,0.6239602565765381,-0.13634982705116272
1789729870166092000,40.854092041015626,-0.5621767044067383,0.5829487442970276,-0.41237834095954895
1789729870176029200,40.864029296875,-0.337412565946579,0.41450878977775574,-0.6408708095550537
1789729870185966300,40.87396630859375,-0.07057169079780579,0.08428656309843063,-0.6951977014541626
1789729870195903500,40.88390356445313,0.11690932512283325,-0.39666613936424255,-0.5199668407440186
1789729870205840600,40.893840576171876,0.1749645173549652,-0.9090432524681091,-0.1278279572725296
1789729870215778000,40.903778076171875,0.1962691843509674,-1.2792117595672607,0.44366955757141113
1789729870225715200,40.91371508789062,0.24580252170562744,-1.5114325284957886,1.0625699758529663
1789729870235652400,40.92365234375,0.29853156208992004,-1.7420554161071777,1.4151620864868164
1789729870245589500,40.93358959960938,0.3768261969089508,-1.899709939956665,1.3549764156341553
1789729870255526700,40.943526611328124,0.42316383123397827,-1.9172862768173218,0.9762860536575317
1789729870265463800,40.9534638671875,0.34220612049102783,-1.7127615213394165,0.45165881514549255
1789729870275401000,40.96340087890625,0.09187635034322739,-1.3031795024871826,0.033554840832948685
1789729870285338400,40.97333837890625,-0.22396524250507355,-0.8259550333023071,-0.1581871062517166
1789729870295275500,40.983275634765626,-0.49080610275268555,-0.4653736650943756,-0.15658925473690033
1789729870305212700,40.99321264648437,-0.6564498543739319,-0.1351514458656311,-0.012250179424881935
1789729870315150000,41.00315014648437,-0.6916025280952454,0.2818872928619385,0.16564373672008514
1789729870325088300,41.013088134765624,-0.6367430686950684,0.624492883682251,0.25831902027130127
1789729870335025700,41.023025634765624,-0.4865451753139496,0.9073122143745422,0.25032976269721985
1789729870344962800,41.032962890625,-0.30012941360473633,1.0814778804779053,0.19387240707874298
1789729870354900000,41.04289990234375,-0.1440727710723877,1.0804126262664795,0.14007814228534698
1789729870364837000,41.052837158203126,-0.019973119720816612,0.923823356628418,0.052729032933712006
1789729870374774300,41.06277416992187,0.05406057462096214,0.671363115310669,-0.062316130846738815
1789729870384711400,41.07271142578125,0.07430000603199005,0.37988871335983276,-0.11930610239505768
1789729870394648600,41.08264868164063,0.08601756393909454,0.14340700209140778,-0.15232832729816437
1789729870404585700,41.092585693359375,0.12117026001214981,0.0027962366584688425,-0.1805569976568222
1789729870414523100,41.102523193359374,0.17922545969486237,0.02623136341571808,-0.1709699034690857
1789729870424460300,41.11246020507812,0.2713681161403656,0.2664414048194885,-0.08841434121131897
1789729870434397400,41.1223974609375,0.38588064908981323,0.6154384016990662,-0.00585878174751997
1789729870444334600,41.13233447265625,0.4529903531074524,0.9089100956916809,-0.02982652559876442
1789729870454271700,41.142271728515624,0.35285845398902893,0.9200950264930725,-0.2616478502750397
1789729870464209400,41.15220947265625,0.07430000603199005,0.6058512926101685,-0.6818822622299194
1789729870474146600,41.162146484375,-0.27775952219963074,-0.07922670245170593,-1.251781940460205
1789729870484083700,41.17208374023438,-0.6287537813186646,-0.8914669156074524,-1.7796049118041992
1789729870494020900,41.182020751953125,-0.8828118443489075,-1.4198224544525146,-1.9452486038208008
1789729870503958300,41.191958251953125,-0.9861394762992859,-1.577476978302002,-1.6879948377609253
1789729870513895400,41.2018955078125,-0.9158340692520142,-1.216895580291748,-1.0520507097244263
1789729870523832600,41.21183251953125,-0.655917227268219,-0.49253711104393005,-0.20772044360637665
1789729870533769000,41.22176904296875,-0.30811864137649536,0.2925396263599396,0.582149863243103
1789729870543705600,41.23170556640625,0.0588541254401207,0.8764204978942871,1.1419297456741333
1789729870553642200,41.24164233398437,0.42422905564308167,1.0761516094207764,1.3986510038375854
1789729870563579100,41.2515791015625,0.6565830111503601,0.863105058670044,1.3597699403762817
1789729870573516300,41.261516357421876,0.6597787141799927,0.41184571385383606,1.1376688480377197
1789729870583453700,41.27145361328125,0.525958776473999,0.014513799920678139,0.8553821444511414
1789729870593391000,41.28139111328125,0.3794892728328705,-0.24913136661052704,0.5965304970741272
1789729870603329000,41.2913291015625,0.25752007961273193,-0.3588503897190094,0.4143756330013275
1789729870613266700,41.3012666015625,0.13981182873249054,-0.20811989903450012,0.4271584451198578
1789729870623204600,41.31120458984375,0.04340824484825134,0.03262276202440262,0.6631075739860535
1789729870633142000,41.32114208984375,0.05139749497175217,0.3436708152294159,1.0529828071594238
1789729870643079200,41.3310791015625,0.20159535109996796,0.6958634853363037,1.4050424098968506
1789729870653016300,41.34101635742188,0.4109136462211609,0.9099752902984619,1.6148933172225952
1789729870662953700,41.35095361328125,0.48121902346611023,0.8774856925010681,1.6798725128173828
1789729870672891000,41.360890869140626,0.3683043122291565,0.5733616948127747,1.5941212177276611
1789729870682828000,41.370828125,0.19200825691223145,0.08109086751937866,1.4061075448989868
1789729870692765200,41.38076513671875,0.020505735650658607,-0.3066539466381073,1.1888000965118408
1789729870702702300,41.39070239257813,-0.08655018359422684,-0.4254274368286133,0.935274600982666
1789729870712639500,41.400639404296875,-0.111050546169281,-0.3077192008495331,0.6492595076560974
1789729870722576600,41.41057666015625,-0.10678961127996445,-0.12929265201091766,0.3962666988372803
1789729870732514000,41.42051416015625,-0.0695064514875412,0.015046416781842709,0.20026381313800812
1789729870742451200,41.430451171875,-0.03169068321585655,0.08162347972393036,0.031424373388290405
1789729870752388400,41.440388427734376,-0.05033225938677788,0.06298190355300903,-0.0633813664317131
1789729870762325500,41.450325439453124,-0.09666989743709564,-0.02063889056444168,-0.0964035913348198
1789729870772262700,41.4602626953125,-0.09613727778196335,-0.07975932210683823,-0.1390129029750824
1789729870782199800,41.47019970703125,-0.028494983911514282,-0.055258963257074356,-0.20558997988700867
1789729870792137000,41.480136962890626,0.08921326696872711,0.021437814459204674,-0.26377832889556885
1789729870802074000,41.49007421875,0.218639075756073,0.04327509179711342,-0.28721344470977783
1789729870812011500,41.50001147460937,0.32143405079841614,-0.06378082931041718,-0.30478981137275696
1789729870821948700,41.50994873046875,0.37416309118270874,-0.2549901604652405,-0.3628450036048889
1789729870831885800,41.5198857421875,0.36031508445739746,-0.44034069776535034,-0.44433531165122986
1789729870841823000,41.529822998046875,0.31024911999702454,-0.5543206334114075,-0.523695170879364
1789729870851760000,41.53976000976562,0.2719007432460785,-0.5862776041030884,-0.6334142088890076
1789729870861697300,41.549697265625,0.2282261699438095,-0.4962654411792755,-0.7298177480697632
1789729870871634400,41.55963452148438,0.1754971444606781,-0.3055887222290039,-0.7639052271842957
1789729870881571800,41.56957177734375,0.08868064731359482,-0.17563030123710632,-0.7511224150657654
1789729870891509000,41.579509033203124,-0.031158065423369408,-0.10532491654157639,-0.6648385524749756
1789729870901446100,41.58944604492188,-0.14780108630657196,0.02836182899773121,-0.5407389402389526
1789729870911383300,41.59938330078125,-0.21331290900707245,0.2797568142414093,-0.4182371199131012
1789729870921320400,41.609320556640625,-0.21544337272644043,0.6053186655044556,-0.29680055379867554
1789729870931257600,41.61925756835937,-0.18242116272449493,0.8865401744842529,-0.19706811010837555
1789729870941194800,41.62919482421875,-0.11690932512283325,1.0394011735916138,-0.17736129462718964
1789729870951132200,41.63913208007813,-0.028494983911514282,1.0878691673278809,-0.21784014999866486
1789729870961069300,41.6490693359375,0.0482017956674099,1.0122376680374146,-0.25206077098846436
1789729870971006500,41.65900634765625,0.07962616533041,0.7885387539863586,-0.2573869228363037
1789729870980943600,41.66894360351562,0.04926702752709389,0.47842279076576233,-0.24247366189956665
1789729870990880800,41.678880859375,-0.018375270068645477,0.1306242048740387,-0.2252967804670334
1789729871000818000,41.68881787109375,-0.07216953486204147,-0.14367330074310303,-0.1906767040491104
1789729871010755000,41.698755126953124,-0.08175663650035858,-0.24806614220142365,-0.13315412402153015
1789729871020692500,41.7086923828125,-0.06311506032943726,-0.22516362369060516,-0.09746882319450378
1789729871030629600,41.71862963867188,-0.04607132822275162,-0.16497796773910522,-0.1501978635787964
1789729871040566800,41.72856689453125,-0.05565842613577843,-0.1362166702747345,-0.289343923330307
1789729871050504200,41.738504150390625,-0.10892007499933243,-0.14953207969665527,-0.47735753655433655
1789729871060441300,41.74844140625,-0.18827994167804718,-0.17669552564620972,-0.6632407307624817
1789729871070378800,41.75837866210937,-0.2703028917312622,-0.14047759771347046,-0.7473941445350647
1789729871080316000,41.76831591796875,-0.3123795986175537,0.012915950268507004,-0.6861432194709778
1789729871090253300,41.77825341796875,-0.3065207898616791,0.23395180702209473,-0.5178363919258118
1789729871100191000,41.78819091796875,-0.2527265250682831,0.43581345677375793,-0.33727940917015076
1789729871110128600,41.79812866210938,-0.18082331120967865,0.4938686490058899,-0.2354165017604828
1789729871120065800,41.808065673828125,-0.12649641931056976,0.377758264541626,-0.2338186502456665
1789729871130003000,41.8180029296875,-0.111050546169281,0.11517832428216934,-0.30745288729667664
1789729871139940600,41.827940673828124,-0.12436595559120178,-0.21823962032794952,-0.3878779709339142
1789729871149877200,41.83787719726563,-0.14673584699630737,-0.5133091807365417,-0.3995955288410187
1789729871159814100,41.847814208984374,-0.15685556828975677,-0.657115638256073,-0.31810522079467773
1789729871169750800,41.85775073242188,-0.13768136501312256,-0.6150389313697815,-0.16564373672008514
1789729871179687700,41.867687744140625,-0.08175663650035858,-0.45046040415763855,0.029293907806277275
1789729871189624800,41.87762475585937,0.0023967742454260588,-0.24487043917179108,0.18481792509555817
1789729871199562800,41.887562744140624,0.08974587917327881,-0.09041165560483932,0.23807957768440247
1789729871209501000,41.8975009765625,0.14673584699630737,-0.057389430701732635,0.20452474057674408
1789729871219438000,41.90743798828125,0.1760297566652298,-0.14953207969665527,0.1581871062517166
1789729871229375200,41.91737524414062,0.18348638713359833,-0.2938711643218994,0.15552401542663574
1789729871239312400,41.9273125,0.15898603200912476,-0.4227643609046936,0.18588316440582275
1789729871249249500,41.93724951171875,0.11531147360801697,-0.4744281470775604,0.21890538930892944
1789729871259187200,41.947187255859376,0.07057169079780579,-0.4568518102169037,0.20718781650066376
1789729871269123800,41.95712377929687,0.03541899845004082,-0.36577439308166504,0.14753477275371552
1789729871279060700,41.967060791015626,-0.00133154122158885,-0.2203700840473175,0.0644465982913971
1789729871288997400,41.97699731445312,-0.04500609636306763,-0.05685681104660034,-0.019706811755895615
1789729871298934500,41.9869345703125,-0.08974587917327881,0.10452599078416824,-0.08202294260263443
1789729871308872000,41.996871826171876,-0.1222354918718338,0.24993029236793518,-0.11238208413124084
1789729871318809300,42.006809326171876,-0.13821399211883545,0.3729647099971771,-0.12569749355316162
1789729871328746800,42.016746826171875,-0.12756165862083435,0.4288894534111023,-0.11824086308479309
1789729871338684200,42.02668408203125,-0.09986559301614761,0.42409589886665344,-0.0958709716796875
1789729871348621600,42.03662158203125,-0.08814803510904312,0.34793174266815186,-0.08841434121131897
1789729871358559000,42.04655908203125,-0.0908111184835434,0.20785360038280487,-0.09107742458581924
1789729871368496400,42.05649633789063,-0.09400681406259537,0.08268871158361435,-0.08362079411745071
1789729871378433500,42.06643359375,-0.08655018359422684,0.008655018173158169,-0.06551183015108109
1789729871388370700,42.07637060546875,-0.05299534276127815,-0.004127778112888336,-0.06604444980621338
1789729871398307800,42.08630786132812,-0.0050598569214344025,-0.02170412242412567,-0.12569749355316162
1789729871408245200,42.09624536132812,0.029027599841356277,-0.07816147059202194,-0.22156846523284912
1789729871418182400,42.10618237304688,0.0375494658946991,-0.17190198600292206,-0.28668084740638733
1789729871428119600,42.11611962890625,0.025831900537014008,-0.24433782696723938,-0.28348514437675476
1789729871438056700,42.126056640625,0.019440501928329468,-0.2635120153427124,-0.20026381313800812
1789729871447993900,42.13599389648437,0.025299284607172012,-0.23634858429431915,-0.035685304552316666
1789729871457931000,42.14593090820313,0.05406057462096214,-0.14314068853855133,0.16830681264400482
1789729871467868200,42.1558681640625,0.10732222348451614,-0.008921326138079166,0.3328853249549866
1789729871477805300,42.165805419921874,0.164844810962677,0.12689588963985443,0.4122451841831207
1789729871487742700,42.17574267578125,0.19999749958515167,0.20199480652809143,0.394668847322464
1789729871497680000,42.18567993164063,0.19307348132133484,0.20146219432353973,0.31850466132164
1789729871507617000,42.195616943359376,0.15792079269886017,0.1615159511566162,0.2343512624502182
1789729871517554200,42.20555419921875,0.12969212234020233,0.13275466859340668,0.17789392173290253
1789729871527491300,42.2154912109375,0.12010502070188522,0.14393961429595947,0.15445879101753235
1789729871537428500,42.22542846679688,0.11957240849733353,0.16950520873069763,0.16564373672008514
1789729871547365600,42.23536572265625,0.13075734674930573,0.1737661361694336,0.20985090732574463
1789729871557303000,42.245302978515625,0.16111649572849274,0.14607007801532745,0.28228676319122314
1789729871567240200,42.255240234375,0.20958459377288818,0.12263495475053787,0.3952014446258545
1789729871577177300,42.26517724609375,0.2623136341571808,0.11304785311222076,0.528355598449707
1789729871587114500,42.27511450195313,0.3017272651195526,0.08162347972393036,0.6460638046264648
1789729871597051600,42.2850517578125,0.31823837757110596,0.03049229457974434,0.7296846508979797
1789729871606988800,42.29498876953125,0.3017272651195526,-0.02063889056444168,0.7989247441291809
1789729871616926000,42.30492602539063,0.25538963079452515,-0.03022598661482334,0.8798824548721313
1789729871626863400,42.31486328125,0.2074541300535202,-0.01744319126009941,0.9320788979530334
1789729871636800500,42.324800537109375,0.16804051399230957,0.00226362026296556,0.9150351881980896
1789729871646737700,42.33473754882812,0.14034445583820343,0.01664426550269127,0.8399362564086914
1789729871656674800,42.3446748046875,0.13075734674930573,0.04327509179711342,0.736608624458313
1789729871666612000,42.35461206054688,0.13714875280857086,0.08694964647293091,0.6316831707954407
1789729871676549000,42.364549072265625,0.1446053832769394,0.1423417627811432,0.5523233413696289
1789729871686486300,42.374486328125,0.14993155002593994,0.19720126688480377,0.49799644947052
1789729871696423700,42.38442358398437,0.1440727710723877,0.2371474951505661,0.4596480429172516
1789729871706360800,42.39436083984375,0.12063764035701752,0.24247366189956665,0.43301722407341003
1789729871716298200,42.40429833984375,0.08655018359422684,0.2158428430557251,0.4159734845161438
1789729871726235400,42.4142353515625,0.03541899845004082,0.17003782093524933,0.42236489057540894
1789729871736172800,42.4241728515625,-0.017842652276158333,0.1524614691734314,0.4378107786178589
1789729871746110000,42.43410986328125,-0.06258244067430496,0.13595037162303925,0.4165061116218567
1789729871756047400,42.44404736328125,-0.1009308323264122,0.1205044835805893,0.3536573648452759
1789729871765984500,42.45398461914063,-0.13022473454475403,0.09280842542648315,0.25139498710632324
1789729871775922000,42.463921875,-0.14087706804275513,0.06457975506782532,0.09001219272613525
1789729871785859000,42.473859130859374,-0.11690932512283325,0.054460037499666214,-0.11504516750574112
1789729871795796500,42.48379638671875,-0.06418029218912125,0.07629731297492981,-0.2999962568283081
1789729871805734400,42.493734375,-0.013049104250967503,0.11038476973772049,-0.4299546778202057
1789729871815671600,42.50367163085937,0.013581721112132072,0.11571093648672104,-0.5098471641540527
1789729871825608700,42.51360864257813,0.020505735650658607,0.06511236727237701,-0.5615109801292419
1789729871835545900,42.5235458984375,0.014646953903138638,-0.0238345880061388,-0.5881417989730835
1789729871845483000,42.53348291015625,0.008788172155618668,-0.12077079713344574,-0.5822830200195312
1789729871855420200,42.54342016601562,0.0002663082559593022,-0.1894783228635788,-0.554054319858551
1789729871865357600,42.55335766601563,-0.011451254598796368,-0.20598943531513214,-0.5034557580947876
1789729871875294700,42.563294677734376,-0.03595161437988281,-0.15911918878555298,-0.4374113082885742
1789729871885231900,42.57323193359375,-0.07802832126617432,-0.0723026916384697,-0.36763855814933777
1789729871895169000,42.5831689453125,-0.11637670546770096,0.04007939249277115,-0.29626792669296265
1789729871905106200,42.59310620117188,-0.14087706804275513,0.15672241151332855,-0.2231663167476654
1789729871915043300,42.603043212890626,-0.1446053832769394,0.27602851390838623,-0.13634982705116272
1789729871924980500,42.61298046875,-0.13714875280857086,0.41291093826293945,-0.020772043615579605
1789729871934918000,42.62291796875,-0.12170287221670151,0.49972742795944214,0.08894696086645126
1789729871944855000,42.63285498046875,-0.1009308323264122,0.4730966091156006,0.1294258087873459
1789729871954792200,42.64279223632813,-0.09613727778196335,0.3415403366088867,0.07669677585363388
1789729871964729300,42.652729248046874,-0.12330072373151779,0.13488513231277466,-0.04793548583984375
1789729871974666500,42.66266650390625,-0.17230144143104553,-0.1362166702747345,-0.17256775498390198
1789729871984603600,42.67260375976562,-0.2181064635515213,-0.39879661798477173,-0.2557890713214874
1789729871994540800,42.682540771484376,-0.2500634491443634,-0.5782883763313293,-0.2664414048194885
1789729872004478200,42.692478271484376,-0.2500634491443634,-0.6171693801879883,-0.21784014999866486
1789729872014415400,42.70241528320312,-0.21544337272644043,-0.5564510822296143,-0.1374150663614273
1789729872024352500,42.7123525390625,-0.16164910793304443,-0.4339492917060852,-0.0426093190908432
1789729872034289700,42.72228955078125,-0.11051792651414871,-0.27842527627944946,0.053794268518686295
1789729872044226800,42.732226806640625,-0.07323476672172546,-0.13248835504055023,0.13049104809761047
1789729872054164000,42.7421640625,-0.0476691760122776,-0.03022598661482334,0.1906767040491104
1789729872064101000,42.75210107421875,-0.023701434955000877,0.03848154470324516,0.2343512624502182
1789729872074038500,42.76203857421875,0.0007989247678779066,0.06937330216169357,0.2460688352584839
1789729872083975700,42.7719755859375,0.03169068321585655,0.09014534205198288,0.22742724418640137
1789729872093912800,42.781912841796874,0.07376738637685776,0.11624355614185333,0.17789392173290253
1789729872103850000,42.79185009765625,0.10039821267127991,0.1290263533592224,0.09959928691387177
1789729872113787400,42.80178735351563,0.09986559301614761,0.11038476973772049,0.006924014538526535
1789729872123724500,42.811724609375,0.06471290439367294,0.02410089783370495,-0.0852186381816864
1789729872133662000,42.821661865234375,-0.008788172155618668,-0.10958584398031235,-0.15286093950271606
1789729872143599600,42.831599609375,-0.0908111184835434,-0.23581595718860626,-0.17256775498390198
1789729872153537300,42.841537353515626,-0.12489857524633408,-0.26031631231307983,-0.15445879101753235
1789729872163474700,42.851474609375,-0.10732222348451614,-0.16551057994365692,-0.11824086308479309
1789729872173411800,42.86141186523437,-0.05352795869112015,-0.03129122033715248,-0.07882724702358246
1789729872183349000,42.87134887695313,0.008788172155618668,0.09547150880098343,-0.03941362351179123
1789729872193286000,42.881285888671876,0.06471290439367294,0.1844184696674347,0.0037283156998455524
1789729872203222500,42.89122241210937,0.10838746279478073,0.2488650679588318,0.05432688444852829
1789729872213159400,42.901159423828126,0.13555090129375458,0.3303554058074951,0.09267527610063553
1789729872223097000,42.91109716796875,0.1536598652601242,0.4091826379299164,0.07989247888326645
1789729872233034800,42.92103466796875,0.1440727710723877,0.4070521593093872,-0.0159784946590662
1789729872242972200,42.93097216796875,0.08122401684522629,0.2605826258659363,-0.19493764638900757
1789729872252909800,42.940909912109376,-0.019440501928329468,0.04114462435245514,-0.3846822679042816
1789729872262847000,42.950846923828124,-0.10199606418609619,-0.11011846363544464,-0.4928034245967865
1789729872272784100,42.9607841796875,-0.11424624174833298,-0.1346188187599182,-0.5007926821708679
1789729872282721300,42.97072119140625,-0.0902784988284111,-0.11544463038444519,-0.4603138267993927
1789729872292658400,42.980658447265625,-0.05991935729980469,-0.11278154700994492,-0.3990629315376282
1789729872302595800,42.990595947265625,0.0023967742454260588,-0.0712374597787857,-0.3026593327522278
1789729872312532700,43.00053271484375,0.08069140464067459,0.006524552125483751,-0.15765449404716492
1789729872322469600,43.0104697265625,0.15259462594985962,0.08002562820911407,0.02450035884976387
1789729872332406500,43.02040649414062,0.19999749958515167,0.12796111404895782,0.19866596162319183
1789729872342344000,43.03034399414062,0.2175738513469696,0.12849372625350952,0.30359140038490295
1789729872352281300,43.04028125,0.21597599983215332,0.10292813926935196,0.3206351399421692
1789729872362218800,43.05021875,0.1962691843509674,0.08961272984743118,0.27163442969322205
1789729872372156200,43.06015625,0.164844810962677,0.11517832428216934,0.1699046641588211
1789729872382093600,43.070093505859376,0.11903978884220123,0.1625811904668808,0.02556559257209301
1789729872392031000,43.080031005859375,0.06524552404880524,0.21797330677509308,-0.1166430190205574
1789729872401968000,43.08996801757812,0.017310036346316338,0.27656111121177673,-0.22902509570121765
1789729872411905500,43.09990551757812,-0.0023967742454260588,0.3335510790348053,-0.3111811876296997
1789729872421842700,43.1098427734375,-0.0034620072692632675,0.39054104685783386,-0.3447360396385193
1789729872431779800,43.11977978515625,0.017310036346316338,0.4070521593093872,-0.33887726068496704
1789729872441717000,43.129717041015624,0.05565842613577843,0.3511274456977844,-0.3234313726425171
1789729872451654100,43.13965405273437,0.0902784988284111,0.22010377049446106,-0.3218335211277008
1789729872461591600,43.14959155273438,0.10945269465446472,0.04966649040579796,-0.32662707567214966
1789729872471528700,43.15952880859375,0.11424624174833298,-0.1367492824792862,-0.331953227519989
1789729872481465900,43.1694658203125,0.12117026001214981,-0.2853493094444275,-0.33781203627586365
1789729872491403000,43.17940307617187,0.13981182873249054,-0.34180665016174316,-0.34686651825904846
1789729872501340200,43.18934008789063,0.164844810962677,-0.30132779479026794,-0.34899696707725525
1789729872511277300,43.19927734375,0.18082331120967865,-0.1884130984544754,-0.32609444856643677
1789729872521214500,43.20921435546875,0.18401899933815002,-0.035019535571336746,-0.270169734954834
1789729872531151600,43.21915161132812,0.16750788688659668,0.08908011019229889,-0.191741943359375
1789729872541089000,43.22908911132812,0.14034445583820343,0.17802706360816956,-0.1070559173822403
1789729872551026700,43.23902661132813,0.1222354918718338,0.2685718834400177,-0.015445878729224205
1789729872560964000,43.24896411132813,0.1126483902335167,0.3404751121997833,0.07882724702358246
1789729872570901200,43.2589013671875,0.09453943371772766,0.34793174266815186,0.15286093950271606
1789729872580837600,43.26883764648438,0.04926702752709389,0.26218047738075256,0.18588316440582275
1789729872590774000,43.27877392578125,-0.008788172155618668,0.1316894292831421,0.1709699034690857
1789729872600711000,43.2887109375,-0.05672365799546242,0.07256899774074554,0.12303441762924194
1789729872610647800,43.298647705078125,-0.05512581020593643,0.08215609937906265,0.08255556225776672
1789729872620585000,43.3085849609375,-0.03967992961406708,0.13808083534240723,0.0639139786362648
1789729872630522400,43.3185224609375,-0.03648423030972481,0.23075610399246216,0.05645735189318657
1789729872640460000,43.3284599609375,-0.04181039705872536,0.2797568142414093,0.022902509197592735
1789729872650398500,43.3383984375,-0.03488638252019882,0.20891882479190826,-0.06924014538526535
1789729872660336400,43.34833642578125,-0.03967992961406708,0.09493889659643173,-0.16724158823490143
1789729872670273500,43.3582734375,-0.06577813625335693,-0.021171506494283676,-0.25365862250328064
1789729872680211000,43.3682109375,-0.08335448056459427,-0.058454662561416626,-0.29626792669296265
1789729872690148000,43.37814819335937,-0.07110430300235748,-0.005193010903894901,-0.28668084740638733
1789729872700085200,43.38808520507813,-0.04500609636306763,0.0991998240351677,-0.2348838746547699
1789729872710022100,43.398022216796875,-0.013581721112132072,0.2264951765537262,-0.15232832729816437
1789729872719959300,43.40795922851562,0.009853405877947807,0.30425718426704407,-0.058055199682712555
1789729872729896400,43.417896484375,0.00719032296910882,0.2707023322582245,-0.013315413147211075
1789729872739833300,43.427833251953125,-0.024234050884842873,0.12476541846990585,-0.037815771996974945
1789729872749771300,43.437771240234376,-0.07749570161104202,-0.037150003015995026,-0.10492545366287231
1789729872759708700,43.447708740234376,-0.1227681040763855,-0.10159660130739212,-0.17416560649871826
1789729872769646300,43.457646240234375,-0.1339530497789383,-0.045671865344047546,-0.2114487588405609
1789729872779583000,43.4675830078125,-0.12702903151512146,0.08588441461324692,-0.19866596162319183
1789729872789520100,43.47752001953125,-0.112115778028965,0.24460414052009583,-0.14540430903434753
1789729872799457800,43.48745776367188,-0.09240896254777908,0.4049217104911804,-0.0740336924791336
1789729872809395500,43.4973955078125,-0.0790935531258583,0.40385645627975464,-0.0639139786362648
1789729872819331600,43.50733154296875,-0.08814803510904312,0.25259336829185486,-0.14007814228534698
1789729872829268000,43.51726806640625,-0.11531147360801697,0.0038614696823060513,-0.278158962726593
1789729872839204600,43.52720458984375,-0.112115778028965,-0.2209026962518692,-0.4374113082885742
1789729872849141200,43.53714135742187,-0.05619104206562042,-0.30345824360847473,-0.5673697590827942
1789729872859078400,43.54707836914063,0.04021254554390907,-0.25658801198005676,-0.6280879974365234
1789729872869016300,43.55701635742187,0.1318225860595703,-0.15326039493083954,-0.5700328350067139
1789729872878954500,43.56695458984375,0.16271434724330902,-0.04407401755452156,-0.3985303044319153
1789729872888892700,43.576892578125,0.12649641931056976,0.03155753016471863,-0.17469821870326996
1789729872898830800,43.58683081054688,0.06204982474446297,0.01664426550269127,0.034620072692632675
1789729872908766700,43.5967666015625,-0.029560215771198273,-0.16178226470947266,0.16138280928134918
1789729872918702800,43.60670288085937,-0.12969212234020233,-0.3785571753978729,0.18428531289100647
1789729872928639200,43.61663916015625,-0.19467133283615112,-0.488808810710907,0.16617634892463684
1789729872938576600,43.62657666015625,-0.2170412242412567,-0.42862313985824585,0.1597849577665329
1789729872948514300,43.636514404296875,-0.2191716879606247,-0.26777294278144836,0.15179570019245148
1789729872958452200,43.6464521484375,-0.22662831842899323,-0.07283531129360199,0.11930610239505768
1789729872968390700,43.656390625,-0.25379177927970886,0.12796111404895782,0.05432688444852829
1789729872978328600,43.66632861328125,-0.2846835255622864,0.29360485076904297,-0.03302222490310669
1789729872988264700,43.6762646484375,-0.3145100474357605,0.408117413520813,-0.11504516750574112
1789729872998202600,43.68620263671875,-0.3438039720058441,0.4597811996936798,-0.1810896098613739
1789729873008139800,43.696139892578124,-0.3549889028072357,0.45445504784584045,-0.24620197713375092
1789729873018077000,43.70607690429687,-0.33155378699302673,0.457650750875473,-0.30425718426704407
1789729873028014000,43.71601416015625,-0.27775952219963074,0.4800206422805786,-0.3521926701068878
1789729873037951500,43.725951416015626,-0.2079867422580719,0.48854249715805054,-0.41397619247436523
1789729873047888000,43.73588793945312,-0.13927921652793884,0.4469984173774719,-0.49706435203552246
1789729873057824300,43.74582421875,-0.07962616533041,0.3511274456977844,-0.5854787230491638
1789729873067761200,43.75576123046875,-0.030092833563685417,0.2062557488679886,-0.6696321368217468
1789729873077698000,43.765697998046875,0.03967992961406708,0.043807707726955414,-0.7079805135726929
1789729873087635200,43.77563525390625,0.11957240849733353,-0.08668334037065506,-0.6696321368217468
1789729873097572900,43.78557275390625,0.17709499597549438,-0.16977150738239288,-0.5497934222221375
1789729873107510800,43.7955107421875,0.19893226027488708,-0.2214353084564209,-0.37349733710289
1789729873117449000,43.80544897460938,0.18827994167804718,-0.23475073277950287,-0.16457849740982056
1789729873127386600,43.81538671875,0.1451379954814911,-0.22729410231113434,0.029293907806277275
1789729873137323800,43.82532373046875,0.09826774895191193,-0.18148908019065857,0.17576344311237335
1789729873147260200,43.83526025390625,0.07643046975135803,-0.07390054315328598,0.2673735022544861
1789729873157196500,43.84519653320312,0.08122401684522629,0.08215609937906265,0.32436347007751465
1789729873167133200,43.85513330078125,0.09560466557741165,0.2169080674648285,0.364309698343277
1789729873177070300,43.8650703125,0.09720251709222794,0.2691044807434082,0.38987529277801514
1789729873187008300,43.87500830078125,0.07163692265748978,0.2382127344608307,0.41171255707740784
1789729873196946400,43.88494653320313,0.030092833563685417,0.16897258162498474,0.46497422456741333
1789729873206884400,43.89488427734375,-0.00399462366476655,0.12210233509540558,0.5491276383399963
1789729873216821800,43.90482177734375,-0.014114337973296642,0.13222205638885498,0.6481943130493164
1789729873226759000,43.914759033203126,-0.014114337973296642,0.14820054173469543,0.7323477268218994
1789729873236696300,43.9246962890625,-0.019440501928329468,0.15033100545406342,0.7808157801628113
1789729873246633500,43.93463354492187,-0.03328853100538254,0.1300915777683258,0.8079792261123657
1789729873256570600,43.94457055664063,-0.05512581020593643,0.09973244369029999,0.812772810459137
1789729873266507800,43.9545078125,-0.08655018359422684,0.08694964647293091,0.7829462885856628
1789729873276445000,43.96444482421875,-0.11850717663764954,0.07629731297492981,0.705184280872345
1789729873286382000,43.97438208007812,-0.13448566198349,0.06298190355300903,0.5874760150909424
1789729873296319700,43.98431982421875,-0.13714875280857086,0.015579032711684704,0.42236489057540894
1789729873306257000,43.9942568359375,-0.164844810962677,-0.033954303711652756,0.2535254657268524
1789729873316194600,44.00419458007813,-0.22236739099025726,0.033155377954244614,0.1166430190205574
1789729873326131200,44.01413110351562,-0.23728065192699432,0.08481918275356293,0.015445878729224205
1789729873336068000,44.02406811523438,-0.1850842386484146,0.18069015443325043,0.0010652330238372087
1789729873346005200,44.034005126953126,-0.1222354918718338,0.2595174014568329,0.09267527610063553
1789729873355942700,44.043942626953125,-0.05778888985514641,0.3031919598579407,0.2748301327228546
1789729873365880300,44.05388037109375,0.0023967742454260588,0.29680055379867554,0.4660394489765167
1789729873375817700,44.063817626953124,0.03595161437988281,0.16684211790561676,0.5704323053359985
1789729873385755000,44.0737548828125,0.03382114693522453,-0.07336792349815369,0.5762910842895508
1789729873395692300,44.0836923828125,-0.0061250897124409676,-0.26724034547805786,0.5240946412086487
1789729873405628700,44.093628662109374,-0.06311506032943726,-0.44832995533943176,0.4575175940990448
1789729873415565000,44.10356494140625,-0.06311506032943726,-0.5995930433273315,0.4047885537147522
1789729873425502000,44.113501953125,0.006657706573605537,-0.5985277891159058,0.3547225892543793
1789729873435438800,44.12343896484375,0.10465914756059647,-0.4153077304363251,0.3083849549293518
1789729873445376000,44.1333759765625,0.19360610842704773,-0.12183602899312973,0.2742975056171417
1789729873455313400,44.1433134765625,0.2170412242412567,0.16737474501132965,0.29347169399261475
1789729873465250800,44.153250732421874,0.18987779319286346,0.45552027225494385,0.38827744126319885
1789729873475189000,44.16318896484375,0.15792079269886017,0.7523208260536194,0.5288882255554199
1789729873485127200,44.17312719726562,0.13768136501312256,0.9057143926620483,0.6876079440116882
1789729873495064600,44.18306469726563,0.15206201374530792,0.9243559837341309,0.843131959438324
1789729873505001700,44.193001708984376,0.18135592341423035,0.7661688327789307,0.958709716796875
1789729873514939100,44.202939208984375,0.1749645173549652,0.3436708152294159,1.0007864236831665
1789729873524876000,44.2128759765625,0.11850717663764954,-0.2741643488407135,0.9789491295814514
1789729873534813700,44.22281372070312,-0.04181039705872536,-0.8600425124168396,0.9805470108985901
1789729873544750800,44.23275073242188,-0.23674803972244263,-1.3985178470611572,0.9869384169578552
1789729873554688000,44.24268798828125,-0.38161972165107727,-1.7814691066741943,0.9491226077079773
1789729873564625400,44.25262548828125,-0.44606631994247437,-1.8842641115188599,0.7861419916152954
1789729873574562600,44.2625625,-0.41570720076560974,-1.5492483377456665,0.5576494932174683
1789729873584499700,44.27249975585938,-0.3342168629169464,-0.9308804869651794,0.31371113657951355
1789729873594436900,44.282436767578126,-0.2410089671611786,-0.1894783228635788,0.08149032294750214
1789729873604374000,44.2923740234375,-0.13555090129375458,0.4949339032173157,-0.1166430190205574
1789729873614311200,44.30231127929687,-0.04926702752709389,0.9280842542648315,-0.24247366189956665
1789729873624248300,44.31224829101563,-0.023701434955000877,0.9781502485275269,-0.3228987455368042
1789729873634186000,44.32218603515625,-0.04500609636306763,0.7501903772354126,-0.37136685848236084
1789729873644123400,44.33212329101563,-0.08388710021972656,0.36976900696754456,-0.3990629315376282
1789729873654060500,44.342060546875,-0.11744193732738495,0.0027962366584688425,-0.4086500108242035
1789729873663997700,44.351997802734374,-0.12170287221670151,-0.25818586349487305,-0.38947582244873047
1789729873673934800,44.36193481445312,-0.09880036115646362,-0.39453569054603577,-0.35858407616615295
1789729873683872300,44.37187231445313,-0.08122401684522629,-0.40838369727134705,-0.31917044520378113
1789729873693809400,44.381809326171876,-0.08175663650035858,-0.31411057710647583,-0.25206077098846436
1789729873703746600,44.39174658203125,-0.08814803510904312,-0.14101022481918335,-0.1704372763633728
1789729873713683700,44.40168359375,-0.09187635034322739,0.02410089783370495,-0.10226237028837204
1789729873723620900,44.41162084960938,-0.08282186836004257,0.14393961429595947,-0.06071828305721283
1789729873733558000,44.42155810546875,-0.06524552404880524,0.18601632118225098,-0.06657706201076508
1789729873743495200,44.4314951171875,-0.04181039705872536,0.13595037162303925,-0.1171756312251091
1789729873753433000,44.44143310546875,-0.022103585302829742,0.026763979345560074,-0.1922745555639267
1789729873763370000,44.45136987304687,-0.0077229393646121025,-0.11970555782318115,-0.28668084740638733
1789729873773307000,44.46130688476563,-0.012516488321125507,-0.30345824360847473,-0.39107367396354675
1789729873783243800,44.471243896484374,-0.017842652276158333,-0.4531235098838806,-0.47789016366004944
1789729873793180700,44.4811806640625,-0.008788172155618668,-0.49147188663482666,-0.4949339032173157
1789729873803118000,44.4911181640625,-0.00399462366476655,-0.41956865787506104,-0.4475310146808624
1789729873813055500,44.501055419921876,-0.021570969372987747,-0.25818586349487305,-0.3516600430011749
1789729873822993000,44.510992919921875,-0.05459319427609444,-0.0712374597787857,-0.2252967804670334
1789729873832930300,44.520930419921875,-0.08814803510904312,0.08535179495811462,-0.07296846061944962
1789729873842867500,44.53086743164062,-0.09400681406259537,0.19666863977909088,0.0633813664317131
1789729873852805600,44.5408056640625,-0.07323476672172546,0.25259336829185486,0.16457849740982056
1789729873862742800,44.55074267578125,-0.05033225938677788,0.23341917991638184,0.20718781650066376
1789729873872680000,44.56067993164063,-0.030092833563685417,0.11517832428216934,0.17842653393745422
1789729873882617000,44.5706171875,-0.028494983911514282,-0.07390054315328598,0.08202294260263443
1789729873892554200,44.58055419921875,-0.04127778112888336,-0.2619141638278961,-0.06924014538526535
1789729873902491600,44.59049169921875,-0.04394086077809334,-0.39560091495513916,-0.22849248349666595
1789729873912428800,44.6004287109375,-0.016777420416474342,-0.4254274368286133,-0.32769230008125305
1789729873922366000,44.61036596679688,0.031158065423369408,-0.3274259865283966,-0.3346163332462311
1789729873932303000,44.62030322265625,0.09453943371772766,-0.13834713399410248,-0.2776263654232025
1789729873942240300,44.630240234375,0.14939893782138824,0.026763979345560074,-0.18322007358074188
1789729873952177400,44.64017749023437,0.18242116272449493,0.09067796170711517,-0.07563154399394989
1789729873962114600,44.65011450195313,0.21171505749225616,0.050199106335639954,0.013315413147211075
1789729873972052000,44.660052001953126,0.2580527067184448,-0.04673709720373154,0.08255556225776672
1789729873981989000,44.669989013671874,0.3166405260562897,-0.14473854005336761,0.13421936333179474
1789729873991926300,44.67992626953125,0.3667064607143402,-0.22463101148605347,0.1480673849582672
1789729874001863400,44.68986352539063,0.4093157947063446,-0.2619141638278961,0.1384802907705307
1789729874011800600,44.699800537109375,0.42529428005218506,-0.2720338702201843,0.1177082508802414
1789729874021737700,44.70973779296875,0.41783764958381653,-0.2757622003555298,0.07030537724494934
1789729874031675000,44.7196748046875,0.39386990666389465,-0.29014283418655396,0.02663082629442215
1789729874041612000,44.72961206054688,0.3699021637439728,-0.2853493094444275,0.01438064593821764
1789729874051549400,44.73954956054688,0.36138030886650085,-0.24007689952850342,0.051663801074028015
1789729874061486600,44.749486572265624,0.3480648994445801,-0.17190198600292206,0.1288931965827942
1789729874071423700,44.759423828125,0.34007564187049866,-0.04620448127388954,0.2332860380411148
1789729874081361200,44.76936108398438,0.35232582688331604,0.13701559603214264,0.3318201005458832
1789729874091298300,44.77929833984375,0.38321757316589355,0.3133116662502289,0.4037233293056488
1789729874101235700,44.789235595703126,0.4125114977359772,0.43368300795555115,0.44366955757141113
1789729874111172900,44.7991728515625,0.42476168274879456,0.4704335331916809,0.44047385454177856
1789729874121110300,44.8091103515625,0.41464194655418396,0.42196542024612427,0.3387441039085388
1789729874131047700,44.81904760742187,0.39493513107299805,0.34952959418296814,0.11344731599092484
1789729874140984800,44.82898486328125,0.3469996452331543,0.38148656487464905,-0.1912093311548233
1789729874150922200,44.838922119140626,0.23248711228370667,0.500260055065155,-0.4704335331916809
1789729874160859400,44.848859375,0.09240896254777908,0.5829487442970276,-0.6424686908721924
1789729874170796800,44.858796875,-0.014114337973296642,0.6212971806526184,-0.7021217346191406
1789729874180734000,44.86873388671875,-0.04979964345693588,0.6415365934371948,-0.7101109623908997
1789729874190671400,44.87867138671875,-0.011983871459960938,0.6633738875389099,-0.6802844405174255
1789729874200608500,44.8886083984375,0.06258244067430496,0.6921351552009583,-0.6275554299354553
1789729874210546000,44.8985458984375,0.16324695944786072,0.7272878289222717,-0.5513912439346313
1789729874220483000,44.908483154296874,0.24899822473526,0.6580476760864258,-0.5034557580947876
1789729874230420500,44.91842041015625,0.30918389558792114,0.46830305457115173,-0.5098471641540527
1789729874240358000,44.92835791015625,0.36351075768470764,0.27496325969696045,-0.5300865769386292
1789729874250295000,44.938294921875,0.3794892728328705,0.10133028775453568,-0.5274235010147095
1789729874260232400,44.948232421875,0.3469996452331543,-0.01744319126009941,-0.46777045726776123
1789729874270169600,44.958169677734375,0.272433340549469,-0.0925421193242073,-0.3766930401325226
1789729874280107000,44.96810693359375,0.1760297566652298,-0.17669552564620972,-0.30638766288757324
1789729874290044200,44.97804418945312,0.10465914756059647,-0.22622886300086975,-0.2552564740180969
1789729874299981600,44.98798168945312,0.07003907114267349,-0.15485824644565582,-0.1928071826696396
1789729874309918700,44.997918701171876,0.05352795869112015,0.020372580736875534,-0.1070559173822403
1789729874319856400,45.0078564453125,0.04074516147375107,0.1950708031654358,-0.00585878174751997
1789729874329793500,45.01779345703125,0.05139749497175217,0.3420729637145996,0.10812114924192429
1789729874339730700,45.02773071289062,0.05938674136996269,0.3868127465248108,0.20612259209156036
1789729874349667800,45.03766772460938,0.05246272683143616,0.32875755429267883,0.2854824364185333
1789729874359605200,45.04760522460938,0.03275591507554054,0.17536398768424988,0.3291569948196411
1789729874369542400,45.05754248046875,0.0034620072692632675,-0.0238345880061388,0.3094501793384552
1789729874379479600,45.0674794921875,-0.04021254554390907,-0.2432725876569748,0.1912093311548233
1789729874389416700,45.07741674804687,-0.07802832126617432,-0.40785109996795654,-0.004260932095348835
1789729874399353900,45.08735375976563,-0.07589785009622574,-0.43874284625053406,-0.19333979487419128
1789729874409291000,45.097291015625,-0.06098458915948868,-0.3716331720352173,-0.31757259368896484
1789729874419228200,45.107228271484374,-0.05246272683143616,-0.24806614220142365,-0.3537905216217041
1789729874429165300,45.11716528320313,-0.05086487531661987,-0.07816147059202194,-0.3090507388114929
1789729874439102700,45.12710278320313,-0.06098458915948868,0.08268871158361435,-0.19760072231292725
1789729874449040000,45.137039794921876,-0.07430000603199005,0.17110306024551392,-0.05858781561255455
1789729874458977300,45.146977294921875,-0.08708280324935913,0.1519288569688797,0.06870753318071365
1789729874468915200,45.156915283203126,-0.10945269465446472,0.03209014609456062,0.14487169682979584
1789729874478852400,45.166852294921874,-0.1446053832769394,-0.15166255831718445,0.14700216054916382
1789729874488789500,45.17678955078125,-0.1968017965555191,-0.36417654156684875,0.07935985922813416
1789729874498727000,45.18672680664063,-0.25698745250701904,-0.5197005867958069,-0.0106523297727108
1789729874508663800,45.196663818359376,-0.3129121959209442,-0.4978632926940918,-0.07350108027458191
1789729874518600700,45.2066005859375,-0.3576519787311554,-0.29866471886634827,-0.09906667470932007
1789729874528537600,45.21653759765625,-0.38268497586250305,-0.007856093347072601,-0.08788172155618668
1789729874538474500,45.226474609375,-0.39653298258781433,0.2483324557542801,-0.05645735189318657
1789729874548412000,45.23641186523437,-0.4189028739929199,0.3511274456977844,-0.034620072692632675
1789729874558349300,45.24634936523437,-0.42529428005218506,0.31544211506843567,-0.023967742919921875
1789729874568286500,45.25628637695313,-0.4220985770225525,0.22170162200927734,0.0037283156998455524
1789729874578223900,45.26622387695313,-0.4205007255077362,0.1625811904668808,0.06178351491689682
1789729874588161300,45.27616137695313,-0.42582690715789795,0.1418091505765915,0.13155627250671387
1789729874598098700,45.2860986328125,-0.4332835376262665,0.11517832428216934,0.16138280928134918
1789729874608036000,45.2960361328125,-0.4194355010986328,0.03368799388408661,0.1390129029750824
1789729874617973500,45.30597338867187,-0.38108712434768677,-0.055258963257074356,0.06284874677658081
1789729874627911400,45.315911376953125,-0.337412565946579,-0.16178226470947266,-0.054859500378370285
1789729874637848300,45.32584838867187,-0.3129121959209442,-0.2762948274612427,-0.1581871062517166
1789729874647785000,45.335784912109375,-0.33208638429641724,-0.35458943247795105,-0.20718781650066376
1789729874657721900,45.34572192382812,-0.3656412363052368,-0.39773139357566833,-0.1800243854522705
1789729874667658800,45.35565869140625,-0.3880111277103424,-0.41850343346595764,-0.10172975063323975
1789729874677596000,45.365595947265625,-0.37096738815307617,-0.40678587555885315,0.009587096981704235
1789729874687533000,45.37553295898437,-0.30811864137649536,-0.34393709897994995,0.1480673849582672
1789729874697470700,45.385470703125,-0.2079867422580719,-0.22622886300086975,0.29187384247779846
1789729874707408400,45.39540844726562,-0.1009308323264122,-0.10266183316707611,0.40904948115348816
1789729874717345800,45.405345703125,-0.002929390873759985,-0.026497671380639076,0.4713656008243561
1789729874727284000,45.415283935546874,0.07057169079780579,-0.07709623873233795,0.43195199966430664
1789729874737220900,45.42522094726562,0.12063764035701752,-0.2102503627538681,0.31264588236808777
1789729874747157500,45.435157470703125,0.15685556828975677,-0.3183715343475342,0.1699046641588211
1789729874757094400,45.44509448242187,0.17922545969486237,-0.3673722445964813,0.05752258375287056
1789729874767031300,45.45503125,0.1968017965555191,-0.32209983468055725,0.01491326279938221
1789729874776968400,45.464968505859375,0.22343263030052185,-0.13142313063144684,0.06551183015108109
1789729874786905600,45.47490551757812,0.24846559762954712,0.11890663951635361,0.1720351278781891
1789729874796843300,45.48484326171875,0.25752007961273193,0.27656111121177673,0.25991687178611755
1789729874806781000,45.49478100585937,0.24740037322044373,0.2579195499420166,0.2966673970222473
1789729874816718300,45.50471826171875,0.2399437427520752,0.1290263533592224,0.29240646958351135
1789729874826657300,45.5146572265625,0.23621542751789093,-0.012117025442421436,0.2753627300262451
1789729874836592600,45.524592529296875,0.2298240214586258,-0.11597724258899689,0.2529928386211395
1789729874846528000,45.534528076171874,0.22662831842899323,-0.15006470680236816,0.21091613173484802
1789729874856464100,45.544464111328125,0.2191716879606247,-0.17030413448810577,0.15073047578334808
1789729874866400800,45.55440087890625,0.1877473145723343,-0.2006632685661316,0.07243584841489792
1789729874876338000,45.564337890625,0.15152940154075623,-0.18734785914421082,-0.0005326165119186044
1789729874886275800,45.57427587890625,0.11850717663764954,-0.10852061212062836,-0.039946239441633224
1789729874896214000,45.58421411132812,0.08388710021972656,-0.0025299284607172012,-0.060185667127370834
1789729874906152700,45.594152587890626,0.05139749497175217,0.10985215753316879,-0.062316130846738815
1789729874916091400,45.60409130859375,0.028494983911514282,0.22915825247764587,-0.026098208501935005
1789729874926028800,45.61402880859375,0.027429750189185143,0.32396399974823,0.0639139786362648
1789729874935966000,45.62396606445313,0.04394086077809334,0.3633776009082794,0.1800243854522705
1789729874945903400,45.6339033203125,0.0689738392829895,0.2888112962245941,0.29134124517440796
1789729874955840300,45.64384033203125,0.07856093347072601,0.08694964647293091,0.36697277426719666
1789729874965777200,45.65377709960938,0.05565842613577843,-0.20279373228549957,0.36857062578201294
1789729874975714300,45.66371435546875,0.026897134259343147,-0.49147188663482666,0.31371113657951355
1789729874985651700,45.673651611328125,0.027429750189185143,-0.6869421601295471,0.245536208152771
1789729874995589400,45.68358935546875,0.05725627392530441,-0.7007901668548584,0.22103585302829742
1789729875005526800,45.69352685546875,0.07270215451717377,-0.49253711104393005,0.2684387266635895
1789729875015464400,45.70346435546875,0.05725627392530441,-0.12876003980636597,0.38667958974838257
1789729875025401000,45.71340112304687,0.00452724052593112,0.2712349593639374,0.5539211630821228
1789729875035338500,45.72333837890625,-0.07003907114267349,0.5659050345420837,0.7392717003822327
1789729875045276000,45.73327587890625,-0.14620323479175568,0.679352343082428,0.8804150819778442
1789729875055213300,45.74321337890625,-0.2079867422580719,0.5643072128295898,0.9294158220291138
1789729875065150500,45.753150390625,-0.23301972448825836,0.30745288729667664,0.8527190089225769
1789729875075087600,45.76308764648437,-0.23142187297344208,0.03262276202440262,0.6929340958595276
1789729875085024300,45.773024169921875,-0.22609570622444153,-0.15911918878555298,0.5118444561958313
1789729875094961000,45.7829609375,-0.21650861203670502,-0.2203700840473175,0.3190372884273529
1789729875104897800,45.792897705078126,-0.20319320261478424,-0.18468476831912994,0.11131685227155685
1789729875114834700,45.80283471679687,-0.19200825691223145,-0.09467258304357529,-0.07563154399394989
1789729875124772000,45.81277221679687,-0.19413872063159943,0.008122402243316174,-0.21997061371803284
1789729875134709800,45.82270971679687,-0.21118244528770447,0.0778951644897461,-0.32396399974823
1789729875144648200,45.832648193359375,-0.23781327903270721,0.09227581322193146,-0.408117413520813
1789729875154585900,45.8425859375,-0.2623136341571808,0.06511236727237701,-0.46777045726776123
1789729875164523300,45.852523193359374,-0.26550933718681335,0.03848154470324516,-0.48960772156715393
1789729875174460200,45.86246020507812,-0.23621542751789093,0.02303566411137581,-0.4917382001876831
1789729875184397000,45.87239697265625,-0.1659100502729416,0.010785484686493874,-0.5055862069129944
1789729875194334200,45.882334228515624,-0.05991935729980469,-0.052063263952732086,-0.5716306567192078
1789729875204271000,45.89227099609375,0.06311506032943726,-0.1894783228635788,-0.6632407307624817
1789729875214208000,45.9022080078125,0.1765623688697815,-0.33115431666374207,-0.714371919631958
1789729875224145200,45.912145263671874,0.2505960762500763,-0.39506828784942627,-0.6983934044837952
1789729875234082600,45.92208251953125,0.27829211950302124,-0.38388335704803467,-0.5881417989730835
1789729875244020000,45.93202001953125,0.25698745250701904,-0.31091487407684326,-0.3942693769931793
1789729875253957400,45.94195727539063,0.19360610842704773,-0.20758728682994843,-0.17523083090782166
1789729875263894800,45.95189477539063,0.11477886140346527,-0.09627043455839157,0.039946239441633224
1789729875273832200,45.96183227539063,0.04021254554390907,0.012383334338665009,0.21570968627929688
1789729875283769600,45.97176953125,-0.021038351580500603,0.06884068250656128,0.3312874734401703
1789729875293707000,45.98170703125,-0.06045197322964668,0.06937330216169357,0.35525521636009216
1789729875303644400,45.99164453125,-0.08175663650035858,0.04860125854611397,0.2897433936595917
1789729875313581800,46.00158178710937,-0.10039821267127991,0.009720250964164734,0.15445879101753235
1789729875323519200,46.01151928710937,-0.12969212234020233,-0.02916075475513935,0.0015978495357558131
1789729875333456400,46.02145629882813,-0.17230144143104553,-0.022236740216612816,-0.11877348273992538
1789729875343393800,46.03139379882813,-0.21437814831733704,0.047003407031297684,-0.1699046641588211
1789729875353331000,46.0413310546875,-0.24420467019081116,0.13648298382759094,-0.16244803369045258
1789729875363268000,46.05126806640625,-0.25592222809791565,0.19720126688480377,-0.08894696086645126
1789729875373205200,46.06120532226562,-0.24367205798625946,0.20252743363380432,0.02876129187643528
1789729875383142400,46.071142333984376,-0.2175738513469696,0.1402112990617752,0.15925233066082
1789729875393080300,46.08108032226563,-0.19147562980651855,0.012383334338665009,0.2636451721191406
1789729875403017000,46.09101684570312,-0.17176882922649384,-0.1468690037727356,0.28175413608551025
1789729875412953300,46.100953369140626,-0.14886631071567535,-0.3391435742378235,0.18375270068645477
1789729875422890000,46.11088989257812,-0.12063764035701752,-0.5255593657493591,0.009587096981704235
1789729875432827000,46.12082690429688,-0.09560466557741165,-0.6091801524162292,-0.18588316440582275
1789729875442763800,46.130763671875,-0.07163692265748978,-0.5420704483985901,-0.3761604130268097
1789729875452701200,46.140701171875,-0.0375494658946991,-0.36683961749076843,-0.5151733160018921
1789729875462638600,46.150638671875,-0.008255556225776672,-0.14793424308300018,-0.5812177658081055
1789729875472576500,46.16057641601562,-0.00719032296910882,0.03155753016471863,-0.5828156471252441
1789729875482514400,46.170514404296874,-0.029560215771198273,0.12476541846990585,-0.5109124183654785
1789729875492452400,46.180452392578125,-0.05033225938677788,0.13222205638885498,-0.3878779709339142
1789729875502389800,46.1903896484375,-0.04394086077809334,0.09227581322193146,-0.2332860380411148
1789729875512327200,46.2003271484375,-0.028494983911514282,0.016111649572849274,-0.07989247888326645
1789729875522264300,46.21026440429687,-0.018907885998487473,-0.08934641629457474,0.02236989326775074
1789729875532201500,46.22020141601563,-0.0034620072692632675,-0.2113156020641327,0.045272402465343475
1789729875542138600,46.230138671875,0.024234050884842873,-0.2645772397518158,0.027163442224264145
1789729875552075800,46.24007568359375,0.05619104206562042,-0.20758728682994843,-0.004260932095348835
1789729875562013000,46.25001293945313,0.08601756393909454,-0.06910699605941772,-0.042076703161001205
1789729875571950000,46.2599501953125,0.10359390825033188,0.05659050494432449,-0.08095771074295044
1789729875581887500,46.269887451171876,0.09773512929677963,0.11091738939285278,-0.11930610239505768
1789729875591824600,46.27982470703125,0.08548495173454285,0.09227581322193146,-0.15445879101753235
1789729875601761800,46.28976171875,0.08282186836004257,0.024633513763546944,-0.16191542148590088
1789729875611699000,46.29969897460938,0.07376738637685776,-0.045671865344047546,-0.12569749355316162
1789729875621636000,46.309635986328125,0.0588541254401207,-0.08774857223033905,-0.04687025398015976
1789729875631573200,46.3195732421875,0.05193011090159416,-0.09680305421352386,0.06604444980621338
1789729875641510400,46.32951049804687,0.05725627392530441,-0.08348763734102249,0.17629607021808624
1789729875651447600,46.33944750976563,0.07962616533041,-0.04993279650807381,0.2439383566379547
1789729875661385000,46.349385009765626,0.10678961127996445,-0.05579157918691635,0.23009033501148224
1789729875671322000,46.359322021484374,0.11690932512283325,-0.08934641629457474,0.13049104809761047
1789729875681259500,46.36925952148437,0.10945269465446472,-0.10212921351194382,-0.021837277337908745
1789729875691196700,46.37919677734375,0.10252867639064789,-0.08455286920070648,-0.19387240707874298
1789729875701134000,46.38913403320313,0.12330072373151779,-0.0185084231197834,-0.34100770950317383
1789729875711071200,46.3990712890625,0.1861494779586792,0.09440627694129944,-0.39107367396354675
1789729875721008600,46.409008544921875,0.27509641647338867,0.21051667630672455,-0.31810522079467773
1789729875730945800,46.41894580078125,0.37096738815307617,0.2770937383174896,-0.14593692123889923
1789729875740883200,46.42888330078125,0.44713157415390015,0.27389803528785706,0.09374050796031952
1789729875750820400,46.4388203125,0.47802332043647766,0.2254299372434616,0.36857062578201294
1789729875760757800,46.4487578125,0.4636426866054535,0.18708154559135437,0.6423355340957642
1789729875770695000,46.45869482421875,0.41357672214508057,0.13541774451732635,0.8559147119522095
1789729875780632300,46.46863232421875,0.3459344208240509,0.04966649040579796,0.9491226077079773
1789729875790569700,46.47856982421875,0.2830856740474701,-0.05685681104660034,0.8963935971260071
1789729875800507000,46.4885068359375,0.23088926076889038,-0.21504391729831696,0.7009233236312866
1789729875810444300,46.4984443359375,0.18401899933815002,-0.4131772518157959,0.3637770712375641
1789729875820381400,46.50838134765625,0.17176882922649384,-0.5314181447029114,-0.01810896210372448
1789729875830318800,46.51831884765625,0.18295377492904663,-0.4643084406852722,-0.3138442933559418
1789729875840256000,46.52825610351562,0.17869283258914948,-0.22409839928150177,-0.4933360517024994
1789729875850193400,46.538193359375,0.14939893782138824,0.08428656309843063,-0.5604457259178162
1789729875860130600,46.54813061523438,0.1009308323264122,0.35006219148635864,-0.4890751242637634
1789729875870068000,46.55806787109375,0.04340824484825134,0.5348801612854004,-0.30745288729667664
1789729875880005000,46.568005126953125,-0.0007989247678779066,0.5818835496902466,-0.06071828305721283
1789729875889942500,46.577942626953124,-0.026364516466856003,0.4720313847064972,0.20612259209156036
1789729875899880000,46.5878798828125,-0.031158065423369408,0.23182134330272675,0.44207170605659485
1789729875909817000,46.59781713867188,-0.018907885998487473,-0.03928046673536301,0.6194329857826233
1789729875919754500,46.60775439453125,-0.0077229393646121025,-0.2629793882369995,0.7275541424751282
1789729875929691600,46.617691650390626,-0.019973119720816612,-0.4211665093898773,0.7382065057754517
1789729875939629000,46.627629150390625,-0.05193011090159416,-0.503722071647644,0.6604444980621338
1789729875949566200,46.63756616210937,-0.0908111184835434,-0.4536561071872711,0.5326164960861206
1789729875959504000,46.64750390625,-0.12383333593606949,-0.24593567848205566,0.3856143653392792
1789729875969441300,46.65744116210937,-0.1435401439666748,0.07896039634943008,0.24340574443340302
1789729875979378400,46.66737841796875,-0.1643121987581253,0.377758264541626,0.1288931965827942
1789729875989314800,46.67731469726562,-0.1968017965555191,0.5343475341796875,0.03408745676279068
1789729875999251700,46.68725170898438,-0.22503048181533813,0.5364779829978943,-0.05645735189318657
1789729876009188900,46.69718896484375,-0.2399437427520752,0.4496614933013916,-0.13102366030216217
1789729876019127000,46.707126953125,-0.24473728239536285,0.3346163332462311,-0.19333979487419128
1789729876029065000,46.71706494140625,-0.24526990950107574,0.1956034153699875,-0.25206077098846436
1789729876039002000,46.72700219726563,-0.23088926076889038,0.05179695412516594,-0.31490951776504517
1789729876048939300,46.736939208984374,-0.1983996480703354,-0.05898727849125862,-0.3644428551197052
1789729876058876400,46.74687646484375,-0.14726845920085907,-0.08029194176197052,-0.3756277859210968
1789729876068813600,46.7568134765625,-0.09720251709222794,-0.0014646954368799925,-0.34793174266815186
1789729876078750700,46.766750732421876,-0.05991935729980469,0.13595037162303925,-0.289343923330307
1789729876088687900,46.77668798828125,-0.027962366119027138,0.2696371078491211,-0.22902509570121765
1789729876098625300,46.78662524414062,-0.00399462366476655,0.30478981137275696,-0.20665520429611206
1789729876108562400,46.7965625,-0.0007989247678779066,0.1940055638551712,-0.24021004140377045
1789729876118500400,46.80650024414062,0.0034620072692632675,0.010785484686493874,-0.29360485076904297
1789729876128437500,46.8164375,0.030625449493527412,-0.10212921351194382,-0.312779039144516
1789729876138374700,46.826374755859376,0.07323476672172546,-0.09999874979257584,-0.2882786989212036
1789729876148312000,46.83631201171875,0.11477886140346527,-0.06324820965528488,-0.2472672164440155
1789729876158249200,46.84624926757812,0.13927921652793884,-0.059519894421100616,-0.23754696547985077
1789729876168186400,46.85618627929688,0.1547250896692276,-0.08029194176197052,-0.2472672164440155
1789729876178123800,46.86612377929688,0.16750788688659668,-0.11065108329057693,-0.25259336829185486
1789729876188061200,46.87606127929688,0.1749645173549652,-0.1585865616798401,-0.23168818652629852
1789729876197998300,46.885998291015625,0.17922545969486237,-0.2011958807706833,-0.16298064589500427
1789729876207935500,46.895935546875,0.1760297566652298,-0.23475073277950287,-0.05006595328450203
1789729876217872600,46.90587255859375,0.15259462594985962,-0.2501966059207916,0.10066451877355576
1789729876227809800,46.91580981445313,0.09986559301614761,-0.251261830329895,0.25831902027130127
1789729876237747000,46.925746826171874,0.03435376659035683,-0.2427399754524231,0.39040789008140564
1789729876247684000,46.93568408203125,-0.021038351580500603,-0.19427187740802765,0.4894745647907257
1789729876257621200,46.94562133789063,-0.05725627392530441,-0.054193731397390366,0.5592473149299622
1789729876267558700,46.95555859375,-0.07270215451717377,0.14393961429595947,0.5864107608795166
1789729876277495800,46.965495849609376,-0.06790860742330551,0.33887726068496704,0.5645735263824463
1789729876287433000,46.97543286132812,-0.05193011090159416,0.4901403486728668,0.49480074644088745
1789729876297370000,46.9853701171875,-0.04234301298856735,0.5461982488632202,0.38667958974838257
1789729876307307300,46.99530737304688,-0.03595161437988281,0.48534679412841797,0.25938424468040466
1789729876317244400,47.005244384765625,-0.03648423030972481,0.3244965970516205,0.13315412402153015
1789729876327181600,47.015181640625,-0.03435376659035683,0.1290263533592224,0.030359141528606415
1789729876337119000,47.02511889648437,-0.03541899845004082,-0.07443315535783768,-0.034620072692632675
1789729876347056000,47.03505615234375,-0.05193011090159416,-0.2725664973258972,-0.0633813664317131
1789729876356993500,47.04499365234375,-0.07270215451717377,-0.3913399875164032,-0.058055199682712555
1789729876366930700,47.0549306640625,-0.08282186836004257,-0.4339492917060852,-0.03728315606713295
1789729876376868000,47.0648681640625,-0.08335448056459427,-0.41850343346595764,-0.01438064593821764
1789729876386805200,47.07480517578125,-0.08228924870491028,-0.35565468668937683,0.012250179424881935
1789729876396742700,47.08474267578125,-0.07536523789167404,-0.26937079429626465,0.029293907806277275
1789729876406679800,47.0946796875,-0.06418029218912125,-0.19373925030231476,0.02876129187643528
1789729876416617200,47.1046171875,-0.04553871229290962,-0.14047759771347046,0.03089175745844841
1789729876426554600,47.1145546875,-0.03914731368422508,-0.12822742760181427,0.02769605815410614
1789729876436491800,47.12449169921875,-0.04394086077809334,-0.1569887101650238,0.0053261648863554
1789729876446429200,47.13442919921875,-0.05193011090159416,-0.18734785914421082,-0.02343512699007988
1789729876456366300,47.14436645507813,-0.06311506032943726,-0.1878804713487625,-0.038881003856658936
1789729876466303700,47.1543037109375,-0.06204982474446297,-0.16444534063339233,-0.042076703161001205
1789729876476241000,47.164240966796875,-0.04021254554390907,-0.12236864119768143,-0.02876129187643528
1789729876486178300,47.17417822265625,-0.0061250897124409676,-0.09893351793289185,-0.012782796286046505
1789729876496115500,47.18411547851562,0.023701434955000877,-0.12236864119768143,-0.010119713842868805
1789729876506052900,47.19405297851562,0.04021254554390907,-0.16444534063339233,0.0026630824431777
1789729876515990000,47.203989990234376,0.04340824484825134,-0.18361954391002655,0.028228675946593285
1789729876525927400,47.213927490234376,0.04181039705872536,-0.16338011622428894,0.049533337354660034
1789729876535864800,47.22386474609375,0.04500609636306763,-0.15166255831718445,0.04154408723115921
1789729876545802000,47.23380200195312,0.04181039705872536,-0.1788259893655777,-0.0015978495357558131
1789729876555739400,47.24373950195312,0.022636201232671738,-0.20492419600486755,-0.0532616525888443
1789729876565676500,47.25367651367188,-0.00133154122158885,-0.17456506192684174,-0.07989247888326645
1789729876575614000,47.26361401367188,-0.03382114693522453,-0.0824224054813385,-0.0745663121342659
1789729876585551000,47.273551025390624,-0.06631075590848923,0.011850717477500439,-0.047402869910001755
1789729876595488500,47.283488525390624,-0.08282186836004257,0.11198262125253677,0.007456631399691105
1789729876605425700,47.29342578125,-0.07483261823654175,0.24353890120983124,0.0852186381816864
1789729876615363000,47.30336303710938,-0.0583215095102787,0.33834463357925415,0.15286093950271606
1789729876625300200,47.31330029296875,-0.04607132822275162,0.3106485903263092,0.17842653393745422
1789729876635237600,47.323237548828125,-0.03808208182454109,0.1625811904668808,0.15232832729816437
1789729876645175000,47.333175048828124,-0.022636201232671738,-0.019041040912270546,0.10865376889705658
1789729876655112700,47.34311279296875,0.027962366119027138,-0.12876003980636597,0.09054480493068695
1789729876665050000,47.35305004882812,0.10199606418609619,-0.1362166702747345,0.11291470378637314
1789729876674987500,47.36298754882812,0.1643121987581253,-0.11544463038444519,0.15392617881298065
1789729876684924400,47.37292431640625,0.2063889056444168,-0.11171631515026093,0.22582940757274628
1789729876694861600,47.382861572265625,0.2191716879606247,-0.10692276805639267,0.3270265460014343
1789729876704798700,47.392798828125,0.20212796330451965,-0.1037270650267601,0.42982152104377747
1789729876714736000,47.40273608398437,0.17017097771167755,-0.035019535571336746,0.5443340539932251
1789729876724673300,47.41267333984375,0.13501828908920288,0.098667211830616,0.6418029069900513
1789729876734611000,47.42261083984375,0.09453943371772766,0.2041252851486206,0.6689663529396057
1789729876744548000,47.432548095703126,0.04660394415259361,0.24407151341438293,0.6050523519515991
1789729876754485200,47.4424853515625,0.008788172155618668,0.2467346042394638,0.46390897035598755
1789729876764422100,47.45242211914063,-0.018907885998487473,0.23927797377109528,0.2849498391151428
1789729876774359300,47.462359375,-0.021570969372987747,0.2925396263599396,0.11930610239505768
1789729876784296400,47.47229638671875,-0.0034620072692632675,0.3953346014022827,-0.021837277337908745
1789729876794233900,47.48223388671875,0.019440501928329468,0.5098471641540527,-0.1272953450679779
1789729876804171800,47.492171875,0.04394086077809334,0.5797531008720398,-0.19493764638900757
1789729876814109200,47.502109130859374,0.07216953486204147,0.5850792527198792,-0.22795987129211426
1789729876824046300,47.51204638671875,0.09880036115646362,0.5456656217575073,-0.22636201977729797
1789729876833983500,47.5219833984375,0.12170287221670151,0.4587159752845764,-0.19547025859355927
1789729876843920600,47.531920654296876,0.15259462594985962,0.32769230008125305,-0.15179570019245148
1789729876853858300,47.5418583984375,0.1968017965555191,0.1615159511566162,-0.11131685227155685
1789729876863795500,47.55179541015625,0.2399437427520752,-0.015845341607928276,-0.09906667470932007
1789729876873732600,47.56173266601562,0.2825530469417572,-0.16977150738239288,-0.1177082508802414
1789729876883670000,47.571669921875,0.32090145349502563,-0.24753352999687195,-0.15552401542663574
1789729876893607700,47.58160766601563,0.3475322723388672,-0.2203700840473175,-0.1912093311548233
1789729876903544300,47.59154443359375,0.3443365693092346,-0.09147688746452332,-0.2247641682624817
1789729876913481000,47.60148095703125,0.30705341696739197,0.09014534205198288,-0.25472384691238403
1789729876923417600,47.61141748046875,0.2383458912372589,0.25206077098846436,-0.2989310026168823
1789729876933355000,47.62135498046875,0.15738818049430847,0.3452686667442322,-0.3575188219547272
1789729876943292700,47.631292724609374,0.08601756393909454,0.408117413520813,-0.4049217104911804
1789729876953231000,47.64123120117188,0.04500609636306763,0.450726717710495,-0.4379439353942871
1789729876963168000,47.65116796875,0.04713656008243561,0.4310199022293091,-0.45392242074012756
1789729876973105000,47.66110498046875,0.08282186836004257,0.37935611605644226,-0.427291601896286
1789729876983042000,47.6710419921875,0.15099677443504333,0.3234313726425171,-0.3521926701068878
1789729876992979000,47.68097900390625,0.25432437658309937,0.23022349178791046,-0.22902509570121765
1789729877002916000,47.690916015625,0.3352820873260498,0.09227581322193146,-0.08042509108781815
1789729877012853200,47.70085327148438,0.3645760118961334,-0.03608476743102074,0.07669677585363388
1789729877022790700,47.710790771484376,0.356586754322052,-0.08348763734102249,0.25139498710632324
1789729877032728000,47.72072802734375,0.31131434440612793,-0.07709623873233795,0.38881006836891174
1789729877042665500,47.73066552734375,0.22503048181533813,-0.07922670245170593,0.4340824484825134
1789729877052603000,47.74060278320312,0.12969212234020233,-0.06271559745073318,0.38721221685409546
1789729877062540300,47.75054028320312,0.05512581020593643,-0.009453942999243736,0.26044946908950806
1789729877072477700,47.76047778320312,-0.0002663082559593022,0.07469946891069412,0.07669677585363388
1789729877082415000,47.7704150390625,-0.0370168462395668,0.18867939710617065,-0.10971900075674057
1789729877092352500,47.7803525390625,-0.05512581020593643,0.32929015159606934,-0.2605826258659363
1789729877102290000,47.7902900390625,-0.06258244067430496,0.43368300795555115,-0.36976900696754456
1789729877112227300,47.800227294921875,-0.06418029218912125,0.4597811996936798,-0.43687868118286133
1789729877122164500,47.81016455078125,-0.06631075590848923,0.38947582244873047,-0.4624442756175995
1789729877132102000,47.82010180664062,-0.07270215451717377,0.24087581038475037,-0.457650750875473
1789729877142039000,47.8300390625,-0.09347419440746307,0.04966649040579796,-0.4171718955039978
1789729877151976400,47.8399765625,-0.12383333593606949,-0.10692276805639267,-0.33834463357925415
1789729877161913600,47.84991357421875,-0.13927921652793884,-0.1463363915681839,-0.22103585302829742
1789729877171850800,47.85985083007812,-0.15845340490341187,-0.08561810106039047,-0.0953383520245552
1789729877181788000,47.86978784179688,-0.19041040539741516,0.018242115154862404,0.030359141528606415
1789729877191725000,47.87972509765625,-0.2181064635515213,0.10346075892448425,0.1496652364730835
1789729877201662200,47.889662109375,-0.2292914092540741,0.14287437498569489,0.2444709837436676
1789729877211599400,47.89959936523437,-0.23195448517799377,0.14979839324951172,0.31477636098861694
1789729877221536500,47.90953662109375,-0.24260681867599487,0.13914605975151062,0.35738566517829895
1789729877231474000,47.91947387695313,-0.24686774611473083,0.10985215753316879,0.35845091938972473
1789729877241411000,47.9294111328125,-0.2580527067184448,0.043807707726955414,0.29453691840171814
1789729877251348200,47.93934814453125,-0.2846835255622864,-0.026497671380639076,0.1688394397497177
1789729877261285400,47.94928540039062,-0.30811864137649536,-0.05632419511675835,0.017576344311237335
1789729877271222500,47.959222412109376,-0.32889068126678467,-0.03129122033715248,-0.13634982705116272
1789729877281159700,47.96915966796875,-0.3459344208240509,0.050199106335639954,-0.27496325969696045
1789729877291097000,47.97909716796875,-0.3459344208240509,0.14766792953014374,-0.39000844955444336
1789729877301034200,47.9890341796875,-0.32143405079841614,0.24407151341438293,-0.4725640118122101
1789729877310971600,47.9989716796875,-0.27722689509391785,0.3447360396385193,-0.5029231309890747
1789729877320908800,48.00890869140625,-0.2170412242412567,0.4288894534111023,-0.47629231214523315
1789729877330846200,48.01884619140625,-0.1547250896692276,0.4416722357273102,-0.408117413520813
1789729877340783600,48.02878369140625,-0.09347419440746307,0.34952959418296814,-0.3202356696128845
1789729877350720800,48.038720703125,-0.030092833563685417,0.19134248793125153,-0.21517707407474518
1789729877360658200,48.048658203125,0.03169068321585655,0.025698747485876083,-0.1166430190205574
1789729877370595300,48.05859521484375,0.08921326696872711,-0.06271559745073318,-0.03941362351179123
1789729877380532700,48.06853271484375,0.12063764035701752,-0.08721595257520676,-0.007456631399691105
1789729877390470000,48.078469970703125,0.13448566198349,-0.06591129302978516,-0.02982652559876442
1789729877400407300,48.0884072265625,0.14780108630657196,-0.0025299284607172012,-0.10013190656900406
1789729877410344400,48.09834448242187,0.15099677443504333,0.0880148783326149,-0.2114487588405609
1789729877420281900,48.10828173828125,0.13821399211883545,0.18921200931072235,-0.34899696707725525
1789729877430219000,48.118218994140626,0.11690932512283325,0.2792242169380188,-0.4928034245967865
1789729877440156400,48.128156494140626,0.1115831583738327,0.34633389115333557,-0.631283700466156
1789729877450093800,48.13809375,0.12969212234020233,0.3644428551197052,-0.7495245933532715
1789729877460031200,48.14803125,0.16324695944786072,0.3117138147354126,-0.8224930763244629
1789729877469969000,48.157968994140624,0.20372581481933594,0.19294032454490662,-0.8320801258087158
1789729877479906600,48.167906494140624,0.24899822473526,0.06404713541269302,-0.776155412197113
1789729877489844000,48.17784399414062,0.28574874997138977,-0.03661738336086273,-0.6477948427200317
1789729877499781000,48.18778100585938,0.29586848616600037,-0.07975932210683823,-0.45445504784584045
1789729877509718500,48.19771850585938,0.27829211950302124,-0.0611177459359169,-0.2146444469690323
1789729877519655700,48.20765576171875,0.24207420647144318,-0.008388710208237171,0.044207170605659485
1789729877529592300,48.21759228515625,0.1983996480703354,0.04966649040579796,0.306254506111145
1789729877539529500,48.22752954101563,0.14886631071567535,0.11358047276735306,0.5304860472679138
1789729877549466600,48.237466552734375,0.1115831583738327,0.16364642977714539,0.682814359664917
1789729877559403500,48.24740356445312,0.09666989743709564,0.15618979930877686,0.7456631064414978
1789729877569341000,48.2573408203125,0.08868064731359482,0.08268871158361435,0.7099778056144714
1789729877579278000,48.26727807617188,0.07536523789167404,-0.02063889056444168,0.605584979057312
1789729877589215500,48.277215576171876,0.06151720881462097,-0.09893351793289185,0.4793548583984375
1789729877599153700,48.28715356445313,0.04234301298856735,-0.12876003980636597,0.36644014716148376
1789729877609091300,48.29709130859375,0.016244804486632347,-0.07336792349815369,0.2987978756427765
1789729877619028500,48.30702856445313,-0.002929390873759985,0.08215609937906265,0.2886781394481659
1789729877628966000,48.3169658203125,-0.015179570764303207,0.29573532938957214,0.31264588236808777
1789729877638903000,48.326903076171874,-0.016777420416474342,0.481085866689682,0.3414071798324585
1789729877648840400,48.33684033203125,-0.015712186694145203,0.6047860383987427,0.3621792197227478
1789729877658777600,48.34677758789063,-0.020505735650658607,0.6772218942642212,0.3813534080982208
1789729877668714800,48.35671484375,-0.05512581020593643,0.625558078289032,0.36590754985809326
1789729877678652000,48.36665185546875,-0.10252867639064789,0.45658549666404724,0.31530898809432983
1789729877688589000,48.37658911132812,-0.11477886140346527,0.21957115828990936,0.23861220479011536
1789729877698526200,48.38652612304688,-0.07856093347072601,0.03954677656292915,0.13155627250671387
1789729877708463400,48.39646337890625,-0.03595161437988281,-0.03661738336086273,0.018641578033566475
1789729877718400800,48.40640087890625,0.022103585302829742,-0.038215234875679016,-0.06977276504039764
1789729877728338000,48.416337890625,0.07003907114267349,0.04966649040579796,-0.1171756312251091
1789729877738275600,48.426275634765624,0.08495233207941055,0.16417904198169708,-0.11983871459960938
1789729877748213200,48.43621313476562,0.0689738392829895,0.2584521770477295,-0.09054480493068695
1789729877758150400,48.446150390625,0.06045197322964668,0.366573303937912,-0.035685304552316666
1789729877768086300,48.45608618164062,0.03861469775438309,0.4411396384239197,0.02450035884976387
1789729877778022100,48.46602221679687,0.021570969372987747,0.427291601896286,0.06497921794652939
1789729877787958800,48.475958740234375,0.03595161437988281,0.36124715209007263,0.0745663121342659
1789729877797895700,48.48589575195312,0.04553871229290962,0.1615159511566162,0.01704372838139534
1789729877807833300,48.49583325195312,0.06204982474446297,-0.08188978582620621,-0.10119713842868805
1789729877817771300,48.505771240234374,0.10252867639064789,-0.25658801198005676,-0.23754696547985077
1789729877827709700,48.51570971679688,0.11371362209320068,-0.3364804685115814,-0.3639102280139923
1789729877837648000,48.52564794921875,0.08388710021972656,-0.33221954107284546,-0.4933360517024994
1789729877847586000,48.5355859375,0.0077229393646121025,-0.26031631231307983,-0.6254249215126038
1789729877857523200,48.54552319335937,-0.11371362209320068,-0.10905323177576065,-0.7441984415054321
1789729877867460600,48.55546069335937,-0.2505960762500763,0.1402112990617752,-0.8342106342315674
