time,seconds_elapsed,z,y,x
1789729829702113800,0.39011376953125,3.450000047683716,7.500000476837158,-25.14375114440918
1789729829712114000,0.400114013671875,4.106250286102295,7.462500095367432,-25.387500762939453
1789729829722113800,0.41011376953125,3.8062500953674316,7.425000190734863,-25.781251907348633
1789729829732114000,0.420114013671875,3.5250000953674316,7.537500381469727,-25.968751907348633
1789729829742113800,0.43011376953125,3.656250238418579,7.181250095367432,-26.381250381469727
1789729829752114000,0.440114013671875,3.468750238418579,7.256250381469727,-26.26875114440918
1789729829762113800,0.45011376953125,3.5812501907348633,6.993750095367432,-26.475000381469727
1789729829772114000,0.460114013671875,3.468750238418579,6.993750095367432,-26.45625114440918
1789729829782113800,0.47011376953125,3.4312500953674316,6.993750095367432,-26.756250381469727
1789729829792114000,0.480114013671875,3.3937501907348633,6.993750095367432,-26.756250381469727
1789729829802113800,0.49011376953125,3.4125001430511475,7.012500286102295,-26.92500114440918
1789729829812114000,0.500114013671875,3.5062501430511475,7.181250095367432,-27.037500381469727
1789729829822113800,0.51011376953125,3.4312500953674316,7.462500095367432,-26.718751907348633
1789729829832114000,0.520114013671875,3.7687501907348633,7.312500476837158,-26.868751525878906
1789729829842113800,0.53011376953125,3.637500047683716,7.406250476837158,-26.868751525878906
1789729829852114000,0.540114013671875,3.6750001907348633,7.575000286102295,-26.756250381469727
1789729829862113800,0.55011376953125,3.825000047683716,7.668750286102295,-26.681251525878906
1789729829872114000,0.560114013671875,3.6187500953674316,7.668750286102295,-26.850000381469727
1789729829882113800,0.57011376953125,3.543750047683716,7.462500095367432,-26.812501907348633
1789729829892114000,0.580114013671875,3.7875001430511475,7.293750286102295,-26.568750381469727
1789729829902113800,0.59011376953125,3.8062500953674316,6.993750095367432,-26.700000762939453
1789729829912114000,0.600114013671875,3.543750047683716,7.106250286102295,-26.850000381469727
1789729829922113800,0.61011376953125,3.5062501430511475,7.425000190734863,-26.568750381469727
1789729829932114000,0.620114013671875,3.7125000953674316,7.331250190734863,-26.92500114440918
1789729829942113800,0.63011376953125,3.450000047683716,7.256250381469727,-27.131250381469727
1789729829952114000,0.640114013671875,3.3375000953674316,7.143750190734863,-27.20625114440918
1789729829962113800,0.65011376953125,3.468750238418579,7.612500190734863,-27.093751907348633
1789729829972114000,0.660114013671875,3.281250238418579,7.593750476837158,-27.281251907348633
1789729829982113800,0.67011376953125,3.093750238418579,7.968750476837158,-27.412500381469727
1789729829992114000,0.680114013671875,2.8687500953674316,7.875000476837158,-27.39375114440918
1789729830002113800,0.69011376953125,3,7.406250476837158,-27.731250762939453
1789729830012114000,0.700114013671875,2.8500001430511475,7.518750190734863,-27.48750114440918
1789729830022113800,0.71011376953125,2.981250047683716,7.162500381469727,-27.468751907348633
1789729830032114000,0.720114013671875,3.1312501430511475,7.368750095367432,-27.637500762939453
1789729830042113800,0.73011376953125,3.2062501907348633,7.068750381469727,-27.843751907348633
1789729830052114000,0.740114013671875,3.168750047683716,6.937500476837158,-28.068750381469727
1789729830062113800,0.75011376953125,3.450000047683716,6.825000286102295,-28.05000114440918
1789729830072114000,0.760114013671875,3.750000238418579,6.956250190734863,-27.918750762939453
1789729830082113800,0.77011376953125,3.562500238418579,7.181250095367432,-28.012500762939453
1789729830092114000,0.780114013671875,3.6937501430511475,7.087500095367432,-28.05000114440918
1789729830102113800,0.79011376953125,3.731250047683716,7.256250381469727,-27.843751907348633
1789729830112114000,0.800114013671875,3.9000000953674316,7.162500381469727,-27.843751907348633
1789729830122113800,0.81011376953125,3.7687501907348633,7.050000190734863,-27.67500114440918
1789729830132114000,0.820114013671875,3.7687501907348633,6.993750095367432,-27.506250381469727
1789729830142113800,0.83011376953125,3.637500047683716,6.825000286102295,-27.693750381469727
1789729830152114000,0.840114013671875,3.5250000953674316,6.562500476837158,-27.693750381469727
1789729830162113800,0.85011376953125,3.8625001907348633,6.506250381469727,-27.543750762939453
1789729830172114000,0.860114013671875,3.843750238418579,6.225000381469727,-27.67500114440918
1789729830182113800,0.87011376953125,3.7875001430511475,6.243750095367432,-27.843751907348633
1789729830192114000,0.880114013671875,3.8062500953674316,6.112500190734863,-27.600000381469727
1789729830202113800,0.89011376953125,3.731250047683716,5.775000095367432,-27.543750762939453
1789729830212114000,0.900114013671875,3.6750001907348633,5.418750286102295,-27.750001907348633
1789729830222113800,0.91011376953125,3.7125000953674316,5.193750381469727,-27.600000381469727
1789729830232114000,0.920114013671875,3.8812501430511475,4.743750095367432,-27.731250762939453
1789729830242113800,0.93011376953125,3.731250047683716,4.21875,-27.787500381469727
1789729830252114000,0.940114013671875,3.6187500953674316,4.068750381469727,-27.693750381469727
1789729830262113800,0.95011376953125,3.731250047683716,3.5812501907348633,-27.637500762939453
1789729830272114000,0.960114013671875,3.918750047683716,3.1312501430511475,-27.525001525878906
1789729830282113800,0.97011376953125,3.9562501907348633,3.075000047683716,-27.618751525878906
1789729830292114000,0.980114013671875,3.918750047683716,2.981250047683716,-27.187501907348633
1789729830302113800,0.99011376953125,3.8812501430511475,2.8125,-27.075000762939453
1789729830312114000,1.000114013671875,3.9562501907348633,2.7562501430511475,-26.83125114440918
1789729830322113800,1.01011376953125,4.068750381469727,2.8312501907348633,-26.775001525878906
1789729830332114000,1.020114013671875,4.256250381469727,2.34375,-26.587501525878906
1789729830342113800,1.03011376953125,4.368750095367432,1.9500000476837158,-26.475000381469727
1789729830352114000,1.040114013671875,4.350000381469727,1.6125000715255737,-26.343751907348633
1789729830362113800,1.05011376953125,4.78125,1.1437500715255737,-26.100000381469727
1789729830372114000,1.060114013671875,5.231250286102295,0.768750011920929,-26.156251907348633
1789729830382113800,1.07011376953125,5.418750286102295,0.4125000238418579,-25.950000762939453
1789729830392114000,1.080114013671875,5.53125,0.11250000447034836,-25.668750762939453
1789729830402113800,1.09011376953125,5.756250381469727,-0.45000001788139343,-25.275001525878906
1789729830412114000,1.100114013671875,5.981250286102295,-0.6000000238418579,-25.068750381469727
1789729830422113800,1.11011376953125,6.056250095367432,-0.75,-24.637500762939453
1789729830432114000,1.120114013671875,6.243750095367432,-1.0875000953674316,-24.787500381469727
1789729830442113800,1.13011376953125,6.337500095367432,-1.4250000715255737,-24.39375114440918
1789729830452114000,1.140114013671875,6.450000286102295,-1.7062500715255737,-24.187501907348633
1789729830462113800,1.15011376953125,6.787500381469727,-2.1937501430511475,-24.075000762939453
1789729830472114000,1.160114013671875,7.068750381469727,-2.7562501430511475,-24.187501907348633
1789729830482113800,1.17011376953125,7.218750476837158,-3.0375001430511475,-24.01875114440918
1789729830492114000,1.180114013671875,7.481250286102295,-3.5062501430511475,-24.037500381469727
1789729830502113800,1.19011376953125,7.968750476837158,-3.937500238418579,-23.868751525878906
1789729830512114000,1.200114013671875,8.193750381469727,-4.125,-23.475000381469727
1789729830522113800,1.21011376953125,8.418750762939453,-4.481250286102295,-23.36250114440918
1789729830532114000,1.220114013671875,8.756250381469727,-4.893750190734863,-23.193750381469727
1789729830542113800,1.23011376953125,8.90625,-5.362500190734863,-22.950000762939453
1789729830552114000,1.240114013671875,9.24375057220459,-5.512500286102295,-22.837501525878906
1789729830562113800,1.25011376953125,9.52500057220459,-6.037500381469727,-22.668750762939453
1789729830572114000,1.260114013671875,9.581250190734863,-6.450000286102295,-22.443750381469727
1789729830582113800,1.27011376953125,9.80625057220459,-6.843750476837158,-22.40625
1789729830592114000,1.280114013671875,9.9375,-7.443750381469727,-22.181251525878906
1789729830602113800,1.29011376953125,10.068750381469727,-7.725000381469727,-22.40625
1789729830612114000,1.300114013671875,10.21875,-8.0625,-21.975000381469727
1789729830622113800,1.31011376953125,10.59375,-8.381250381469727,-22.012500762939453
1789729830632114000,1.320114013671875,10.762500762939453,-8.68125057220459,-21.637500762939453
1789729830642113800,1.33011376953125,10.875,-9.018750190734863,-21.543750762939453
1789729830652114000,1.340114013671875,11.175000190734863,-9.28125,-21.58125114440918
1789729830662113800,1.35011376953125,11.137500762939453,-9.65625,-21.48750114440918
1789729830672114000,1.360114013671875,11.512500762939453,-9.862500190734863,-21.450000762939453
1789729830682113800,1.37011376953125,11.662500381469727,-10.162500381469727,-21.28125
1789729830692114000,1.380114013671875,11.8125,-10.5,-21.39375114440918
1789729830702113800,1.39011376953125,11.90625,-10.78125,-21.337501525878906
1789729830712114000,1.400114013671875,12.037500381469727,-11.175000190734863,-21.58125114440918
1789729830722113800,1.41011376953125,11.981250762939453,-11.25,-21.76875114440918
1789729830732114000,1.420114013671875,11.96250057220459,-11.475000381469727,-21.918750762939453
1789729830742113800,1.43011376953125,12.093750953674316,-11.58750057220459,-21.918750762939453
1789729830752114000,1.440114013671875,12,-11.700000762939453,-22.275001525878906
1789729830762113800,1.45011376953125,11.86875057220459,-11.86875057220459,-22.537500381469727
1789729830772114000,1.460114013671875,11.86875057220459,-12.112500190734863,-23.0625
1789729830782113800,1.47011376953125,11.77500057220459,-12.018750190734863,-22.98750114440918
1789729830792114000,1.480114013671875,11.793750762939453,-12.24375057220459,-22.950000762939453
1789729830802113800,1.49011376953125,12.187500953674316,-12.33750057220459,-22.96875
1789729830812114000,1.500114013671875,12.33750057220459,-12.412500381469727,-23.08125114440918
1789729830822113800,1.51011376953125,12.356250762939453,-12.412500381469727,-23.475000381469727
1789729830832114000,1.520114013671875,12.393750190734863,-12.468750953674316,-23.400001525878906
1789729830842113800,1.53011376953125,12.731250762939453,-12.393750190734863,-23.400001525878906
1789729830852114000,1.540114013671875,12.750000953674316,-12.168750762939453,-23.212501525878906
1789729830862113800,1.55011376953125,12.61875057220459,-12.356250762939453,-23.400001525878906
1789729830872114000,1.560114013671875,12.450000762939453,-12.05625057220459,-23.418750762939453
1789729830882113800,1.57011376953125,12.356250762939453,-12.112500190734863,-23.606250762939453
1789729830892114000,1.580114013671875,12.206250190734863,-11.86875057220459,-23.231250762939453
1789729830902113800,1.59011376953125,12.131250381469727,-12.075000762939453,-23.212501525878906
1789729830912114000,1.600114013671875,12.037500381469727,-12.037500381469727,-23.36250114440918
1789729830922113800,1.61011376953125,11.831250190734863,-11.943750381469727,-23.212501525878906
1789729830932114000,1.620114013671875,11.77500057220459,-11.831250190734863,-23.15625
1789729830942113800,1.63011376953125,11.96250057220459,-11.512500762939453,-23.287500381469727
1789729830952114000,1.640114013671875,12.168750762939453,-11.34375,-23.4375
1789729830962113800,1.65011376953125,12.075000762939453,-11.137500762939453,-23.231250762939453
1789729830972114000,1.660114013671875,12.168750762939453,-11.11875057220459,-23.306251525878906
1789729830982113800,1.67011376953125,12.187500953674316,-10.93125057220459,-23.26875114440918
1789729830992114000,1.680114013671875,12.206250190734863,-10.96875,-23.0625
1789729831002113800,1.69011376953125,12.262500762939453,-10.987500190734863,-23.15625
1789729831012114000,1.700114013671875,12.33750057220459,-10.96875,-22.856250762939453
1789729831022113800,1.71011376953125,12.281250953674316,-11.043750762939453,-22.78125
1789729831032114000,1.720114013671875,12.037500381469727,-11.25,-22.743751525878906
1789729831042113800,1.73011376953125,11.90625,-11.137500762939453,-22.762500762939453
1789729831052114000,1.740114013671875,11.850000381469727,-11.193750381469727,-22.80000114440918
1789729831062113800,1.75011376953125,11.662500381469727,-11.21250057220459,-22.59375
1789729831072114000,1.760114013671875,11.53125,-11.25,-22.89375114440918
1789729831082113800,1.77011376953125,11.68125057220459,-11.34375,-22.650001525878906
1789729831092114000,1.780114013671875,11.58750057220459,-11.550000190734863,-22.818750381469727
1789729831102113800,1.79011376953125,11.49375057220459,-11.550000190734863,-22.668750762939453
1789729831112114000,1.800114013671875,11.737500190734863,-11.30625057220459,-22.743751525878906
1789729831122113800,1.81011376953125,11.71875,-11.34375,-22.61250114440918
1789729831132114000,1.820114013671875,11.793750762939453,-11.475000381469727,-22.59375
1789729831142113800,1.83011376953125,11.71875,-11.4375,-22.837501525878906
1789729831152114000,1.840114013671875,11.49375057220459,-11.043750762939453,-22.668750762939453
1789729831162113800,1.85011376953125,11.53125,-11.0625,-22.950000762939453
1789729831172114000,1.860114013671875,11.512500762939453,-11.30625057220459,-23.118751525878906
1789729831182113800,1.87011376953125,11.58750057220459,-11.287500381469727,-23.100000381469727
1789729831192114000,1.880114013671875,11.268750190734863,-11.362500190734863,-23.08125114440918
1789729831202113800,1.89011376953125,11.40000057220459,-11.325000762939453,-23.26875114440918
1789729831212114000,1.900114013671875,11.231250762939453,-11.193750381469727,-23.381250381469727
1789729831222113800,1.91011376953125,11.418750762939453,-10.950000762939453,-23.306251525878906
1789729831232114000,1.920114013671875,11.77500057220459,-11.175000190734863,-23.212501525878906
1789729831242113800,1.93011376953125,11.550000190734863,-11.137500762939453,-23.08125114440918
1789729831252114000,1.940114013671875,11.456250190734863,-10.800000190734863,-23.0625
1789729831262113800,1.95011376953125,11.25,-10.800000190734863,-23.0625
1789729831272114000,1.960114013671875,11.268750190734863,-10.950000762939453,-23.0625
1789729831282113800,1.97011376953125,11.287500381469727,-11.02500057220459,-22.80000114440918
1789729831292114000,1.980114013671875,11.34375,-11.268750190734863,-22.931251525878906
1789729831302113800,1.99011376953125,11.625,-11.381250381469727,-22.762500762939453
1789729831312114000,2.000114013671875,11.8125,-11.512500762939453,-22.668750762939453
1789729831322113800,2.01011376953125,11.831250190734863,-11.175000190734863,-22.743751525878906
1789729831332114000,2.020114013671875,11.90625,-11.15625,-22.856250762939453
1789729831342113800,2.03011376953125,11.96250057220459,-11.043750762939453,-22.96875
1789729831352114000,2.040114013671875,12.206250190734863,-10.950000762939453,-22.856250762939453
1789729831362113800,2.05011376953125,12.131250381469727,-10.912500381469727,-23.231250762939453
1789729831372114000,2.060114013671875,12.075000762939453,-10.818750381469727,-22.950000762939453
1789729831382113800,2.07011376953125,11.86875057220459,-11.006250381469727,-23.118751525878906
1789729831392114000,2.080114013671875,11.475000381469727,-10.875,-23.231250762939453
1789729831402113800,2.09011376953125,11.418750762939453,-11.231250762939453,-23.231250762939453
1789729831412114000,2.100114013671875,11.475000381469727,-11.268750190734863,-23.043750762939453
1789729831422113800,2.11011376953125,11.68125057220459,-11.381250381469727,-22.89375114440918
1789729831432114000,2.120114013671875,11.568750381469727,-11.49375057220459,-23.006250381469727
1789729831442113800,2.13011376953125,11.625,-11.53125,-22.912500381469727
1789729831452114000,2.140114013671875,11.756250381469727,-11.418750762939453,-23.043750762939453
1789729831462113800,2.15011376953125,11.662500381469727,-11.418750762939453,-22.931251525878906
1789729831472114000,2.160114013671875,11.887500762939453,-11.193750381469727,-22.80000114440918
1789729831482113800,2.17011376953125,12.037500381469727,-11.15625,-22.89375114440918
1789729831492114000,2.180114013671875,11.831250190734863,-11.231250762939453,-23.118751525878906
1789729831502113800,2.19011376953125,11.77500057220459,-11.193750381469727,-23.25
1789729831512114000,2.200114013671875,11.643750190734863,-11.15625,-23.287500381469727
1789729831522113800,2.21011376953125,11.831250190734863,-11.30625057220459,-23.26875114440918
1789729831532114000,2.220114013671875,11.756250381469727,-11.381250381469727,-23.381250381469727
1789729831542113800,2.23011376953125,11.643750190734863,-11.231250762939453,-23.53125
1789729831552114000,2.240114013671875,11.456250190734863,-11.362500190734863,-23.775001525878906
1789729831562113800,2.25011376953125,11.418750762939453,-11.53125,-23.587501525878906
1789729831572114000,2.260114013671875,11.34375,-11.662500381469727,-23.381250381469727
1789729831582113800,2.27011376953125,11.137500762939453,-11.925000190734863,-23.381250381469727
1789729831592114000,2.280114013671875,11.25,-12.05625057220459,-23.400001525878906
1789729831602113800,2.29011376953125,11.02500057220459,-11.8125,-23.493751525878906
1789729831612114000,2.300114013671875,11.15625,-11.625,-23.306251525878906
1789729831622113800,2.31011376953125,11.625,-11.550000190734863,-23.15625
1789729831632114000,2.320114013671875,11.49375057220459,-11.77500057220459,-23.212501525878906
1789729831642113800,2.33011376953125,11.58750057220459,-11.68125057220459,-23.45625114440918
1789729831652114000,2.340114013671875,11.77500057220459,-11.456250190734863,-23.681251525878906
1789729831662113800,2.35011376953125,11.850000381469727,-11.193750381469727,-23.662500381469727
1789729831672114000,2.360114013671875,11.77500057220459,-11.11875057220459,-23.887500762939453
1789729831682113800,2.37011376953125,11.8125,-11.30625057220459,-23.962501525878906
1789729831692114000,2.380114013671875,11.756250381469727,-11.568750381469727,-24.093751907348633
1789729831702113800,2.39011376953125,11.456250190734863,-11.512500762939453,-24.187501907348633
1789729831712114000,2.400114013671875,11.625,-11.4375,-24.375001907348633
1789729831722113800,2.41011376953125,11.512500762939453,-11.362500190734863,-24.187501907348633
1789729831732114000,2.420114013671875,11.475000381469727,-11.193750381469727,-24.243751525878906
1789729831742113800,2.43011376953125,11.456250190734863,-11.40000057220459,-24.375001907348633
1789729831752114000,2.440114013671875,11.643750190734863,-11.15625,-24
1789729831762113800,2.45011376953125,11.418750762939453,-10.818750381469727,-23.981250762939453
1789729831772114000,2.460114013671875,11.175000190734863,-10.65000057220459,-24.037500381469727
1789729831782113800,2.47011376953125,11.231250762939453,-10.725000381469727,-24.01875114440918
1789729831792114000,2.480114013671875,11.0625,-10.575000762939453,-24
1789729831802113800,2.49011376953125,11.175000190734863,-10.612500190734863,-24.01875114440918
1789729831812114000,2.500114013671875,11.175000190734863,-10.6875,-23.962501525878906
1789729831822113800,2.51011376953125,11.043750762939453,-10.293750762939453,-23.92500114440918
1789729831832114000,2.520114013671875,10.83750057220459,-10.143750190734863,-24.243751525878906
1789729831842113800,2.53011376953125,10.893750190734863,-10.537500381469727,-23.887500762939453
1789729831852114000,2.540114013671875,10.96875,-10.481250762939453,-23.92500114440918
1789729831862113800,2.55011376953125,10.612500190734863,-10.443750381469727,-23.92500114440918
1789729831872114000,2.560114013671875,10.668750762939453,-10.387500762939453,-23.681251525878906
1789729831882113800,2.57011376953125,10.59375,-10.050000190734863,-23.606250762939453
1789729831892114000,2.580114013671875,10.200000762939453,-10.18125057220459,-23.662500381469727
1789729831902113800,2.59011376953125,10.3125,-10.200000762939453,-23.83125114440918
1789729831912114000,2.600114013671875,10.293750762939453,-10.3125,-23.475000381469727
1789729831922113800,2.61011376953125,10.200000762939453,-10.08750057220459,-23.83125114440918
1789729831932114000,2.620114013671875,10.237500190734863,-10.162500381469727,-23.587501525878906
1789729831942113800,2.63011376953125,10.331250190734863,-10.050000190734863,-23.73750114440918
1789729831952114000,2.640114013671875,10.481250762939453,-10.08750057220459,-23.606250762939453
1789729831962113800,2.65011376953125,10.350000381469727,-10.106250762939453,-23.681251525878906
1789729831972114000,2.660114013671875,10.668750762939453,-9.75,-23.36250114440918
1789729831982113800,2.67011376953125,10.518750190734863,-9.825000762939453,-23.100000381469727
1789729831992114000,2.680114013671875,10.631250381469727,-9.71250057220459,-23.17500114440918
1789729832002113800,2.69011376953125,10.856250762939453,-9.543750762939453,-22.96875
1789729832012114000,2.700114013671875,10.706250190734863,-9.225000381469727,-23.08125114440918
1789729832022113800,2.71011376953125,10.6875,-9.112500190734863,-23.025001525878906
1789729832032114000,2.720114013671875,10.631250381469727,-9.018750190734863,-23.118751525878906
1789729832042113800,2.73011376953125,10.668750762939453,-8.981250762939453,-23.212501525878906
1789729832052114000,2.740114013671875,10.65000057220459,-9.24375057220459,-23.418750762939453
1789729832062113800,2.75011376953125,10.6875,-9.225000381469727,-23.475000381469727
1789729832072114000,2.760114013671875,10.65000057220459,-9.168750762939453,-23.475000381469727
1789729832082113800,2.77011376953125,10.200000762939453,-9.15000057220459,-23.606250762939453
1789729832092114000,2.780114013671875,10.256250381469727,-9.112500190734863,-23.71875
1789729832102113800,2.79011376953125,10.3125,-9.09375,-23.475000381469727
1789729832112114000,2.800114013671875,10.03125,-8.943750381469727,-23.4375
1789729832122113800,2.81011376953125,9.862500190734863,-8.981250762939453,-23.212501525878906
1789729832132114000,2.820114013671875,9.862500190734863,-8.831250190734863,-23.287500381469727
1789729832142113800,2.83011376953125,9.71250057220459,-8.606250762939453,-23.34375
1789729832152114000,2.840114013671875,9.506250381469727,-8.662500381469727,-23.381250381469727
1789729832162113800,2.85011376953125,9.61875057220459,-8.756250381469727,-23.287500381469727
1789729832172114000,2.860114013671875,9.65625,-8.700000762939453,-23.306251525878906
1789729832182113800,2.87011376953125,9.43125057220459,-8.606250762939453,-23.45625114440918
1789729832192114000,2.880114013671875,9.731250762939453,-8.86875057220459,-23.587501525878906
1789729832202113800,2.89011376953125,9.768750190734863,-8.850000381469727,-23.943750381469727
1789729832212114000,2.900114013671875,9.787500381469727,-8.981250762939453,-24.075000762939453
1789729832222113800,2.91011376953125,9.80625057220459,-9.09375,-23.868751525878906
1789729832232114000,2.920114013671875,9.862500190734863,-8.96250057220459,-24.075000762939453
1789729832242113800,2.93011376953125,9.956250190734863,-8.981250762939453,-24.150001525878906
1789729832252114000,2.940114013671875,10.050000190734863,-9.318750381469727,-24.468751907348633
1789729832262113800,2.95011376953125,10.40625,-9.09375,-24.506250381469727
1789729832272114000,2.960114013671875,10.21875,-8.90625,-24.600000381469727
1789729832282113800,2.97011376953125,10.03125,-8.737500190734863,-24.506250381469727
1789729832292114000,2.980114013671875,10.050000190734863,-8.58750057220459,-24.431251525878906
1789729832302113800,2.99011376953125,10.03125,-8.58750057220459,-24.656251907348633
1789729832312114000,3.000114013671875,10.125,-8.831250190734863,-24.562501907348633
1789729832322113800,3.01011376953125,10.143750190734863,-8.8125,-24.468751907348633
1789729832332114000,3.020114013671875,9.956250190734863,-8.71875,-24.225000381469727
1789729832342113800,3.03011376953125,9.825000762939453,-9.018750190734863,-24.187501907348633
1789729832352114000,3.040114013671875,9.75,-9.075000762939453,-24.01875114440918
1789729832362113800,3.05011376953125,9.975000381469727,-9.506250381469727,-24.075000762939453
1789729832372114000,3.060114013671875,9.918750762939453,-9.731250762939453,-23.943750381469727
1789729832382113800,3.07011376953125,10.08750057220459,-9.75,-23.700000762939453
1789729832392114000,3.080114013671875,10.40625,-9.80625057220459,-23.587501525878906
1789729832402113800,3.09011376953125,10.331250190734863,-9.600000381469727,-23.568750381469727
1789729832412114000,3.100114013671875,10.350000381469727,-9.75,-23.4375
1789729832422113800,3.11011376953125,10.162500381469727,-10.050000190734863,-23.868751525878906
1789729832432114000,3.120114013671875,10.55625057220459,-9.99375057220459,-23.943750381469727
1789729832442113800,3.13011376953125,10.78125,-9.693750381469727,-23.793750762939453
1789729832452114000,3.140114013671875,10.875,-9.71250057220459,-23.850000381469727
1789729832462113800,3.15011376953125,10.950000762939453,-9.787500381469727,-23.92500114440918
1789729832472114000,3.160114013671875,10.5,-9.862500190734863,-24.281251907348633
1789729832482113800,3.17011376953125,10.46250057220459,-10.106250762939453,-24.525001525878906
1789729832492114000,3.180114013671875,10.425000190734863,-10.143750190734863,-24.787500381469727
1789729832502113800,3.19011376953125,10.74375057220459,-9.99375057220459,-24.58125114440918
1789729832512114000,3.200114013671875,10.725000381469727,-9.99375057220459,-24.525001525878906
1789729832522113800,3.21011376953125,10.443750381469727,-10.125,-24.712501525878906
1789729832532114000,3.220114013671875,10.36875057220459,-10.012500762939453,-24.806251525878906
1789729832542113800,3.23011376953125,10.36875057220459,-9.956250190734863,-25.012500762939453
1789729832552114000,3.240114013671875,10.518750190734863,-9.956250190734863,-24.918750762939453
1789729832562113800,3.25011376953125,10.818750381469727,-9.90000057220459,-24.58125114440918
1789729832572114000,3.260114013671875,10.74375057220459,-9.825000762939453,-24.30000114440918
1789729832582113800,3.27011376953125,10.6875,-9.71250057220459,-24.318750381469727
1789729832592114000,3.280114013671875,10.575000762939453,-9.975000381469727,-24.356250762939453
1789729832602113800,3.29011376953125,10.706250190734863,-9.956250190734863,-24.11250114440918
1789729832612114000,3.300114013671875,10.6875,-9.881250381469727,-24
1789729832622113800,3.31011376953125,10.6875,-9.975000381469727,-24.075000762939453
1789729832632114000,3.320114013671875,10.575000762939453,-9.768750190734863,-23.662500381469727
1789729832642113800,3.33011376953125,10.350000381469727,-9.300000190734863,-23.73750114440918
1789729832652114000,3.340114013671875,10.575000762939453,-9.28125,-23.775001525878906
1789729832662113800,3.35011376953125,10.800000190734863,-9.412500381469727,-23.64375114440918
1789729832672114000,3.360114013671875,10.6875,-9.037500381469727,-23.681251525878906
1789729832682113800,3.37011376953125,10.350000381469727,-9.112500190734863,-23.64375114440918
1789729832692114000,3.380114013671875,10.350000381469727,-9.24375057220459,-23.775001525878906
1789729832702113800,3.39011376953125,10.162500381469727,-9.018750190734863,-23.756250381469727
1789729832712114000,3.400114013671875,10.237500190734863,-9.075000762939453,-23.962501525878906
1789729832722113800,3.41011376953125,10.40625,-9.71250057220459,-24.150001525878906
1789729832732114000,3.420114013671875,10.143750190734863,-9.71250057220459,-24.450000762939453
1789729832742113800,3.43011376953125,9.862500190734863,-9.693750381469727,-24.543750762939453
1789729832752114000,3.440114013671875,9.80625057220459,-9.825000762939453,-24.76875114440918
1789729832762113800,3.45011376953125,10.3125,-9.693750381469727,-24.993751525878906
1789729832772114000,3.460114013671875,10.387500762939453,-9.43125057220459,-24.881250381469727
1789729832782113800,3.47011376953125,10.631250381469727,-9.581250190734863,-24.918750762939453
1789729832792114000,3.480114013671875,10.55625057220459,-9.506250381469727,-25.068750381469727
1789729832802113800,3.49011376953125,10.387500762939453,-9.450000762939453,-25.23750114440918
1789729832812114000,3.500114013671875,10.537500381469727,-9.318750381469727,-25.068750381469727
1789729832822113800,3.51011376953125,10.612500190734863,-9.206250190734863,-25.181251525878906
1789729832832114000,3.520114013671875,10.59375,-9.262500762939453,-25.256250381469727
1789729832842113800,3.53011376953125,10.27500057220459,-9.28125,-25.312501907348633
1789729832852114000,3.540114013671875,10.050000190734863,-9.487500190734863,-25.42500114440918
1789729832862113800,3.55011376953125,9.731250762939453,-9.15000057220459,-25.293750762939453
1789729832872114000,3.560114013671875,9.825000762939453,-8.943750381469727,-25.125001907348633
1789729832882113800,3.57011376953125,9.5625,-8.58750057220459,-25.05000114440918
1789729832892114000,3.580114013671875,9.450000762939453,-8.86875057220459,-24.900001525878906
1789729832902113800,3.59011376953125,9.356250762939453,-9.15000057220459,-24.656251907348633
1789729832912114000,3.600114013671875,9.450000762939453,-8.77500057220459,-24.281251907348633
1789729832922113800,3.61011376953125,9.46875,-8.793750762939453,-23.943750381469727
1789729832932114000,3.620114013671875,9.506250381469727,-8.58750057220459,-23.92500114440918
1789729832942113800,3.63011376953125,9.487500190734863,-8.700000762939453,-24.037500381469727
1789729832952114000,3.640114013671875,9.43125057220459,-8.68125057220459,-24.093751907348633
1789729832962113800,3.65011376953125,9.637500762939453,-8.737500190734863,-24.037500381469727
1789729832972114000,3.660114013671875,9.84375,-8.231250762939453,-24.150001525878906
1789729832982113800,3.67011376953125,9.787500381469727,-7.762500286102295,-24.11250114440918
1789729832992114000,3.680114013671875,9.693750381469727,-8.081250190734863,-24.412500381469727
1789729833002113800,3.69011376953125,9.5625,-7.912500381469727,-24.67500114440918
1789729833012114000,3.700114013671875,9.393750190734863,-7.762500286102295,-24.58125114440918
1789729833022113800,3.71011376953125,9.356250762939453,-7.800000190734863,-24.58125114440918
1789729833032114000,3.720114013671875,9.33750057220459,-7.912500381469727,-24.693750381469727
1789729833042113800,3.73011376953125,9.356250762939453,-8.043750762939453,-24.562501907348633
1789729833052114000,3.740114013671875,9.112500190734863,-8.268750190734863,-24.525001525878906
1789729833062113800,3.75011376953125,9.037500381469727,-8.325000762939453,-24.750001907348633
1789729833072114000,3.760114013671875,9.037500381469727,-8.325000762939453,-24.86250114440918
1789729833082113800,3.77011376953125,9.15000057220459,-8.287500381469727,-24.95625114440918
1789729833092114000,3.780114013671875,9.225000381469727,-8.568750381469727,-25.012500762939453
1789729833102113800,3.79011376953125,9.15000057220459,-8.606250762939453,-25.106250762939453
1789729833112114000,3.800114013671875,9.206250190734863,-8.831250190734863,-25.275001525878906
1789729833122113800,3.81011376953125,9.168750762939453,-8.68125057220459,-25.462501525878906
1789729833132114000,3.820114013671875,8.887500762939453,-8.49375057220459,-25.537500381469727
1789729833142113800,3.83011376953125,8.887500762939453,-8.34375,-25.368751525878906
1789729833152114000,3.840114013671875,8.8125,-8.25,-25.14375114440918
1789729833162113800,3.85011376953125,8.943750381469727,-8.175000190734863,-24.918750762939453
1789729833172114000,3.860114013671875,9.09375,-7.931250095367432,-24.86250114440918
1789729833182113800,3.87011376953125,9.33750057220459,-8.006250381469727,-24.76875114440918
1789729833192114000,3.880114013671875,9.168750762939453,-7.518750190734863,-24.450000762939453
1789729833202113800,3.89011376953125,9.1875,-7.706250190734863,-24.281251907348633
1789729833212114000,3.900114013671875,9.787500381469727,-7.612500190734863,-24.318750381469727
1789729833222113800,3.91011376953125,9.75,-7.781250476837158,-24.281251907348633
1789729833232114000,3.920114013671875,9.862500190734863,-7.893750190734863,-24.225000381469727
1789729833242113800,3.93011376953125,9.731250762939453,-8.006250381469727,-24.225000381469727
1789729833252114000,3.940114013671875,9.75,-8.287500381469727,-24.225000381469727
1789729833262113800,3.95011376953125,9.84375,-8.043750762939453,-24.093751907348633
1789729833272114000,3.960114013671875,9.881250381469727,-8.193750381469727,-24.131250381469727
1789729833282113800,3.97011376953125,9.862500190734863,-7.912500381469727,-24.262500762939453
1789729833292114000,3.980114013671875,9.65625,-7.950000286102295,-24.11250114440918
1789729833302113800,3.99011376953125,9.637500762939453,-7.893750190734863,-24.093751907348633
1789729833312114000,4.000114013671875,9.65625,-7.593750476837158,-24.150001525878906
1789729833322113800,4.01011376953125,9.506250381469727,-7.668750286102295,-24.01875114440918
1789729833332114000,4.020114013671875,9.543750762939453,-7.368750095367432,-23.775001525878906
1789729833342113800,4.03011376953125,9.52500057220459,-7.500000476837158,-23.681251525878906
1789729833352114000,4.040114013671875,9.787500381469727,-7.687500476837158,-23.793750762939453
1789729833362113800,4.05011376953125,9.637500762939453,-7.800000190734863,-23.850000381469727
1789729833372114000,4.060114013671875,9.80625057220459,-7.912500381469727,-23.887500762939453
1789729833382113800,4.07011376953125,9.956250190734863,-8.043750762939453,-23.700000762939453
1789729833392114000,4.080114013671875,9.862500190734863,-8.25,-23.568750381469727
1789729833402113800,4.09011376953125,10.106250762939453,-7.987500190734863,-23.92500114440918
1789729833412114000,4.100114013671875,10.03125,-8.287500381469727,-24.150001525878906
1789729833422113800,4.11011376953125,10.012500762939453,-8.25,-24.20625114440918
1789729833432114000,4.120114013671875,9.84375,-8.193750381469727,-24.243751525878906
1789729833442113800,4.13011376953125,9.956250190734863,-8.268750190734863,-24.187501907348633
1789729833452114000,4.140114013671875,9.80625057220459,-8.58750057220459,-24.11250114440918
1789729833462113800,4.15011376953125,9.9375,-8.77500057220459,-24
1789729833472114000,4.160114013671875,10.08750057220459,-8.981250762939453,-24.281251907348633
1789729833482113800,4.17011376953125,10.3125,-9.543750762939453,-24.01875114440918
1789729833492114000,4.180114013671875,10.387500762939453,-9.65625,-24.131250381469727
1789729833502113800,4.19011376953125,10.36875057220459,-9.90000057220459,-24.01875114440918
1789729833512114000,4.200114013671875,10.518750190734863,-10.331250190734863,-23.981250762939453
1789729833522113800,4.21011376953125,10.78125,-10.387500762939453,-24.01875114440918
1789729833532114000,4.220114013671875,10.912500381469727,-10.443750381469727,-24.150001525878906
1789729833542113800,4.23011376953125,11.043750762939453,-10.518750190734863,-24.356250762939453
1789729833552114000,4.240114013671875,11.137500762939453,-10.78125,-24.131250381469727
1789729833562113800,4.25011376953125,11.137500762939453,-11.02500057220459,-24.281251907348633
1789729833572114000,4.260114013671875,11.40000057220459,-11.006250381469727,-24.075000762939453
1789729833582113800,4.27011376953125,11.381250381469727,-11.15625,-24.318750381469727
1789729833592114000,4.280114013671875,11.568750381469727,-11.081250190734863,-24.11250114440918
1789729833602113800,4.29011376953125,11.793750762939453,-11.325000762939453,-23.73750114440918
1789729833612114000,4.300114013671875,11.887500762939453,-11.4375,-23.4375
1789729833622113800,4.31011376953125,12.15000057220459,-11.700000762939453,-23.231250762939453
1789729833632114000,4.320114013671875,12.318750381469727,-11.90625,-23.08125114440918
1789729833642113800,4.33011376953125,12.300000190734863,-11.925000190734863,-22.61250114440918
1789729833652114000,4.340114013671875,12.33750057220459,-12.450000762939453,-22.743751525878906
1789729833662113800,4.35011376953125,12.506250381469727,-12.543750762939453,-22.275001525878906
1789729833672114000,4.360114013671875,12.375000953674316,-12.600000381469727,-22.200000762939453
1789729833682113800,4.37011376953125,12.356250762939453,-12.543750762939453,-21.95625114440918
1789729833692114000,4.380114013671875,12.468750953674316,-12.80625057220459,-21.86250114440918
1789729833702113800,4.39011376953125,12.262500762939453,-12.750000953674316,-21.84375
1789729833712114000,4.400114013671875,12.262500762939453,-12.675000190734863,-21.506250381469727
1789729833722113800,4.41011376953125,12.356250762939453,-12.656250953674316,-21.525001525878906
1789729833732114000,4.420114013671875,12.52500057220459,-12.450000762939453,-20.793750762939453
1789729833742113800,4.43011376953125,12.656250953674316,-12.562500953674316,-20.775001525878906
1789729833752114000,4.440114013671875,12.787500381469727,-12.71250057220459,-20.681251525878906
1789729833762113800,4.45011376953125,12.71250057220459,-12.918750762939453,-20.606250762939453
1789729833772114000,4.460114013671875,12.862500190734863,-12.881250381469727,-20.34375
1789729833782113800,4.47011376953125,13.050000190734863,-13.050000190734863,-20.25
1789729833792114000,4.480114013671875,13.18125057220459,-13.012500762939453,-20.306251525878906
1789729833802113800,4.49011376953125,13.481250762939453,-12.975000381469727,-20.193750381469727
1789729833812114000,4.500114013671875,13.631250381469727,-13.012500762939453,-20.0625
1789729833822113800,4.51011376953125,13.781250953674316,-13.068750381469727,-19.98750114440918
1789729833832114000,4.520114013671875,14.02500057220459,-13.125000953674316,-19.89375114440918
1789729833842113800,4.53011376953125,14.325000762939453,-13.387500762939453,-19.856250762939453
1789729833852114000,4.540114013671875,14.49375057220459,-13.331250190734863,-19.856250762939453
1789729833862113800,4.55011376953125,14.40000057220459,-13.068750381469727,-19.556251525878906
1789729833872114000,4.560114013671875,14.68125057220459,-13.218750953674316,-19.556251525878906
1789729833882113800,4.57011376953125,14.625000953674316,-13.237500190734863,-19.42500114440918
1789729833892114000,4.580114013671875,14.381250381469727,-13.312500953674316,-19.837501525878906
1789729833902113800,4.59011376953125,14.456250190734863,-13.518750190734863,-19.98750114440918
1789729833912114000,4.600114013671875,14.531250953674316,-13.668750762939453,-20.100000381469727
1789729833922113800,4.61011376953125,14.643750190734863,-13.36875057220459,-20.212501525878906
1789729833932114000,4.620114013671875,14.77500057220459,-13.481250762939453,-20.4375
1789729833942113800,4.63011376953125,15.131250381469727,-13.706250190734863,-20.92500114440918
1789729833952114000,4.640114013671875,14.96250057220459,-13.987500190734863,-20.962501525878906
1789729833962113800,4.65011376953125,14.887500762939453,-14.40000057220459,-21.30000114440918
1789729833972114000,4.660114013671875,15.131250381469727,-14.418750762939453,-21.431251525878906
1789729833982113800,4.67011376953125,15.206250190734863,-14.437500953674316,-21.243751525878906
1789729833992114000,4.680114013671875,15.412500381469727,-14.325000762939453,-21.30000114440918
1789729834002113800,4.69011376953125,15.487500190734863,-14.68125057220459,-21.1875
1789729834012114000,4.700114013671875,15.43125057220459,-14.68125057220459,-21.075000762939453
1789729834022113800,4.71011376953125,15.562500953674316,-14.793750762939453,-20.868751525878906
1789729834032114000,4.720114013671875,15.918750762939453,-14.550000190734863,-20.943750381469727
1789729834042113800,4.73011376953125,16.293750762939453,-14.512500762939453,-20.887500762939453
1789729834052114000,4.740114013671875,16.537500381469727,-14.625000953674316,-20.850000381469727
1789729834062113800,4.75011376953125,16.762500762939453,-14.925000190734863,-20.73750114440918
1789729834072114000,4.760114013671875,16.89375114440918,-15.05625057220459,-20.512500762939453
1789729834082113800,4.77011376953125,16.96875,-15.05625057220459,-20.700000762939453
1789729834092114000,4.780114013671875,17.231250762939453,-15.375000953674316,-20.681251525878906
1789729834102113800,4.79011376953125,16.931251525878906,-15.731250762939453,-20.83125114440918
1789729834112114000,4.800114013671875,16.631250381469727,-15.975000381469727,-20.64375114440918
1789729834122113800,4.81011376953125,16.51875114440918,-16.012500762939453,-20.681251525878906
1789729834132114000,4.820114013671875,16.481250762939453,-16.125,-20.662500381469727
1789729834142113800,4.83011376953125,16.42500114440918,-16.125,-21.01875114440918
1789729834152114000,4.840114013671875,16.14375114440918,-16.40625,-21.09375
1789729834162113800,4.85011376953125,15.956250190734863,-16.6875,-20.92500114440918
1789729834172114000,4.860114013671875,15.90000057220459,-16.5,-20.756250381469727
1789729834182113800,4.87011376953125,16.256250381469727,-16.42500114440918,-20.45625114440918
1789729834192114000,4.880114013671875,16.556251525878906,-16.443750381469727,-20.53125
1789729834202113800,4.89011376953125,16.556251525878906,-16.6875,-20.493751525878906
1789729834212114000,4.900114013671875,16.70625114440918,-16.762500762939453,-20.212501525878906
1789729834222113800,4.91011376953125,17.006250381469727,-16.856250762939453,-19.80000114440918
1789729834232114000,4.920114013671875,17.25,-16.931251525878906,-19.725000381469727
1789729834242113800,4.93011376953125,17.83125114440918,-16.89375114440918,-19.78125
1789729834252114000,4.940114013671875,17.850000381469727,-17.0625,-19.818750381469727
1789729834262113800,4.95011376953125,17.756250381469727,-17.15625,-19.96875
1789729834272114000,4.960114013671875,18.150001525878906,-17.34375,-19.96875
1789729834282113800,4.97011376953125,18.46875,-17.287500381469727,-19.912500381469727
1789729834292114000,4.980114013671875,18.543750762939453,-17.381250381469727,-20.08125114440918
1789729834302113800,4.99011376953125,18.356250762939453,-17.400001525878906,-20.193750381469727
1789729834312114000,5.000114013671875,18.65625,-17.381250381469727,-20.325000762939453
1789729834322113800,5.01011376953125,18.506250381469727,-17.493751525878906,-20.587501525878906
1789729834332114000,5.020114013671875,18.787500381469727,-17.793750762939453,-20.756250381469727
1789729834342113800,5.03011376953125,19.068750381469727,-18.075000762939453,-20.793750762939453
1789729834352114000,5.040114013671875,18.900001525878906,-18.337501525878906,-20.8125
1789729834362113800,5.05011376953125,18.9375,-18.48750114440918,-20.83125114440918
1789729834372114000,5.060114013671875,18.975000381469727,-18.975000381469727,-21
1789729834382113800,5.07011376953125,19.3125,-19.21875,-21.30000114440918
1789729834392114000,5.080114013671875,19.350000381469727,-19.61250114440918,-21.225000381469727
1789729834402113800,5.09011376953125,19.575000762939453,-19.818750381469727,-21.01875114440918
1789729834412114000,5.100114013671875,19.575000762939453,-19.856250762939453,-21.037500381469727
1789729834422113800,5.11011376953125,19.650001525878906,-19.556251525878906,-20.981250762939453
1789729834432114000,5.120114013671875,19.668750762939453,-19.40625,-20.868751525878906
1789729834442113800,5.13011376953125,19.51875114440918,-19.481250762939453,-20.775001525878906
1789729834452114000,5.140114013671875,19.33125114440918,-19.23750114440918,-20.512500762939453
1789729834462113800,5.15011376953125,18.95625114440918,-18.95625114440918,-20.381250381469727
1789729834472114000,5.160114013671875,18.9375,-18.693750381469727,-20.26875114440918
1789729834482113800,5.17011376953125,18.506250381469727,-18.412500381469727,-20.17500114440918
1789729834492114000,5.180114013671875,18.525001525878906,-18.48750114440918,-20.118751525878906
1789729834502113800,5.19011376953125,18.46875,-18.5625,-19.80000114440918
1789729834512114000,5.200114013671875,18.46875,-18.46875,-19.725000381469727
1789729834522113800,5.21011376953125,18.375,-18.48750114440918,-19.368751525878906
1789729834532114000,5.220114013671875,18.637500762939453,-18.318750381469727,-19.23750114440918
1789729834542113800,5.23011376953125,18.918750762939453,-18.30000114440918,-19.162500381469727
1789729834552114000,5.240114013671875,18.731250762939453,-18.431251525878906,-19.14375114440918
1789729834562113800,5.25011376953125,19.162500381469727,-18.39375114440918,-19.012500762939453
1789729834572114000,5.260114013671875,18.84375,-18.28125,-18.84375
1789729834582113800,5.27011376953125,18.918750762939453,-18.450000762939453,-19.087501525878906
1789729834592114000,5.280114013671875,19.012500762939453,-18.58125114440918,-19.40625
1789729834602113800,5.29011376953125,19.3125,-18.39375114440918,-19.856250762939453
1789729834612114000,5.300114013671875,19.42500114440918,-18.337501525878906,-20.006250381469727
1789729834622113800,5.31011376953125,19.42500114440918,-18.412500381469727,-19.875
1789729834632114000,5.320114013671875,19.5,-18.431251525878906,-20.15625
1789729834642113800,5.33011376953125,19.575000762939453,-18.5625,-20.55000114440918
1789729834652114000,5.340114013671875,19.837501525878906,-18.506250381469727,-20.662500381469727
1789729834662113800,5.35011376953125,19.762500762939453,-18.48750114440918,-20.71875
1789729834672114000,5.360114013671875,19.743751525878906,-18.65625,-20.45625114440918
1789729834682113800,5.37011376953125,19.818750381469727,-18.637500762939453,-20.34375
1789729834692114000,5.380114013671875,19.762500762939453,-19.068750381469727,-20.625
1789729834702113800,5.39011376953125,19.96875,-19.181251525878906,-20.64375114440918
1789729834712114000,5.400114013671875,20.08125114440918,-19.162500381469727,-20.625
1789729834722113800,5.41011376953125,20.006250381469727,-19.33125114440918,-20.381250381469727
1789729834732114000,5.420114013671875,20.0625,-19.537500381469727,-20.45625114440918
1789729834742113800,5.43011376953125,20.287500381469727,-19.443750381469727,-20.475000381469727
1789729834752114000,5.440114013671875,20.34375,-19.200000762939453,-20.418750762939453
1789729834762113800,5.45011376953125,20.325000762939453,-19.42500114440918,-20.418750762939453
1789729834772114000,5.460114013671875,20.17500114440918,-19.181251525878906,-20.26875114440918
1789729834782113800,5.47011376953125,20.100000381469727,-19.05000114440918,-20.325000762939453
1789729834792114000,5.480114013671875,19.912500381469727,-18.787500381469727,-20.325000762939453
1789729834802113800,5.49011376953125,19.856250762939453,-18.5625,-20.36250114440918
1789729834812114000,5.500114013671875,19.70625114440918,-18.168750762939453,-20.137500762939453
1789729834822113800,5.51011376953125,19.631250381469727,-17.962501525878906,-20.006250381469727
1789729834832114000,5.520114013671875,19.725000381469727,-17.92500114440918,-20.231250762939453
1789729834842113800,5.53011376953125,19.743751525878906,-17.681251525878906,-20.34375
1789729834852114000,5.540114013671875,19.818750381469727,-17.493751525878906,-20.381250381469727
1789729834862113800,5.55011376953125,19.725000381469727,-17.287500381469727,-20.25
1789729834872114000,5.560114013671875,19.725000381469727,-17.193750381469727,-20.025001525878906
1789729834882113800,5.57011376953125,19.5,-16.96875,-20.287500381469727
1789729834892114000,5.580114013671875,19.368751525878906,-16.80000114440918,-20.625
1789729834902113800,5.59011376953125,18.9375,-16.51875114440918,-21.01875114440918
1789729834912114000,5.600114013671875,18.67500114440918,-16.14375114440918,-21.056251525878906
1789729834922113800,5.61011376953125,18.318750381469727,-15.956250190734863,-21.150001525878906
1789729834932114000,5.620114013671875,18.412500381469727,-15.975000381469727,-21.318750381469727
1789729834942113800,5.63011376953125,18.150001525878906,-15.937500953674316,-21.58125114440918
1789729834952114000,5.640114013671875,18.11250114440918,-15.956250190734863,-22.087501525878906
1789729834962113800,5.65011376953125,18.037500381469727,-16.125,-22.40625
1789729834972114000,5.660114013671875,18.075000762939453,-16.368751525878906,-22.631250381469727
1789729834982113800,5.67011376953125,18.28125,-16.650001525878906,-22.537500381469727
1789729834992114000,5.680114013671875,18.262500762939453,-16.950000762939453,-22.80000114440918
1789729835002113800,5.69011376953125,18.356250762939453,-16.98750114440918,-22.912500381469727
1789729835012114000,5.700114013671875,18.412500381469727,-16.96875,-23.025001525878906
1789729835022113800,5.71011376953125,18.450000762939453,-16.80000114440918,-23.006250381469727
1789729835032114000,5.720114013671875,18.600000381469727,-16.650001525878906,-22.950000762939453
1789729835042113800,5.73011376953125,18.67500114440918,-16.725000381469727,-22.70625114440918
1789729835052114000,5.740114013671875,18.712501525878906,-16.650001525878906,-22.70625114440918
1789729835062113800,5.75011376953125,18.5625,-16.40625,-22.725000381469727
1789729835072114000,5.760114013671875,18.39375114440918,-16.068750381469727,-22.481250762939453
1789729835082113800,5.77011376953125,18.431251525878906,-16.256250381469727,-22.40625
1789729835092114000,5.780114013671875,18.150001525878906,-16.21875,-22.33125114440918
1789729835102113800,5.79011376953125,18.450000762939453,-16.387500762939453,-22.3125
1789729835112114000,5.800114013671875,18.412500381469727,-16.368751525878906,-22.14375114440918
1789729835122113800,5.81011376953125,18.506250381469727,-16.443750381469727,-22.087501525878906
1789729835132114000,5.820114013671875,18.431251525878906,-16.481250762939453,-21.918750762939453
1789729835142113800,5.83011376953125,18.637500762939453,-16.78125,-22.012500762939453
1789729835152114000,5.840114013671875,18.975000381469727,-17.100000381469727,-22.05000114440918
1789729835162113800,5.85011376953125,18.993751525878906,-17.006250381469727,-22.256250381469727
1789729835172114000,5.860114013671875,19.181251525878906,-16.96875,-22.23750114440918
1789729835182113800,5.87011376953125,19.012500762939453,-16.89375114440918,-22.162500381469727
1789729835192114000,5.880114013671875,19.106250762939453,-17.025001525878906,-22.293750762939453
1789729835202113800,5.89011376953125,18.975000381469727,-16.80000114440918,-22.23750114440918
1789729835212114000,5.900114013671875,19.087501525878906,-16.59375,-22.293750762939453
1789729835222113800,5.91011376953125,19.162500381469727,-16.368751525878906,-22.181251525878906
1789729835232114000,5.920114013671875,18.900001525878906,-16.068750381469727,-22.14375114440918
1789729835242113800,5.93011376953125,18.731250762939453,-15.843750953674316,-21.9375
1789729835252114000,5.940114013671875,18.86250114440918,-15.90000057220459,-22.012500762939453
1789729835262113800,5.95011376953125,18.806251525878906,-15.975000381469727,-22.125
1789729835272114000,5.960114013671875,18.58125114440918,-15.90000057220459,-22.23750114440918
1789729835282113800,5.97011376953125,18.506250381469727,-15.862500190734863,-22.350000381469727
1789729835292114000,5.980114013671875,18.48750114440918,-15.975000381469727,-22.61250114440918
1789729835302113800,5.99011376953125,18.356250762939453,-15.956250190734863,-22.78125
1789729835312114000,6.000114013671875,18.48750114440918,-16.106250762939453,-23.043750762939453
1789729835322113800,6.01011376953125,18.525001525878906,-16.162500381469727,-23.137500762939453
1789729835332114000,6.020114013671875,18.243751525878906,-16.068750381469727,-23.36250114440918
1789729835342113800,6.03011376953125,18.20625114440918,-15.956250190734863,-23.475000381469727
1789729835352114000,6.040114013671875,18.318750381469727,-16.087501525878906,-23.306251525878906
1789729835362113800,6.05011376953125,18.48750114440918,-15.937500953674316,-23.36250114440918
1789729835372114000,6.060114013671875,18.243751525878906,-15.581250190734863,-23.34375
1789729835382113800,6.07011376953125,18.150001525878906,-15.581250190734863,-23.400001525878906
1789729835392114000,6.080114013671875,18.09375,-15.693750381469727,-23.26875114440918
1789729835402113800,6.09011376953125,18.168750762939453,-15.33750057220459,-23.25
1789729835412114000,6.100114013671875,18.1875,-15.000000953674316,-22.875
1789729835422113800,6.11011376953125,18.318750381469727,-15.000000953674316,-22.96875
1789729835432114000,6.120114013671875,18.1875,-14.58750057220459,-22.668750762939453
1789729835442113800,6.13011376953125,18.131250381469727,-14.456250190734863,-22.556251525878906
1789729835452114000,6.140114013671875,18.337501525878906,-14.662500381469727,-22.256250381469727
1789729835462113800,6.15011376953125,18.20625114440918,-14.512500762939453,-21.881250381469727
1789729835472114000,6.160114013671875,17.92500114440918,-13.968750953674316,-21.731250762939453
1789729835482113800,6.17011376953125,17.90625,-13.987500190734863,-21.48750114440918
1789729835492114000,6.180114013671875,17.90625,-13.987500190734863,-21.431251525878906
1789729835502113800,6.19011376953125,17.64375114440918,-13.893750190734863,-21.262500762939453
1789729835512114000,6.200114013671875,17.700000762939453,-13.725000381469727,-21.39375114440918
1789729835522113800,6.21011376953125,17.606250762939453,-13.631250381469727,-21.131250381469727
1789729835532114000,6.220114013671875,17.325000762939453,-13.200000762939453,-21.075000762939453
1789729835542113800,6.23011376953125,17.193750381469727,-12.881250381469727,-21.30000114440918
1789729835552114000,6.240114013671875,17.287500381469727,-12.768750190734863,-21.131250381469727
1789729835562113800,6.25011376953125,17.193750381469727,-12.450000762939453,-21.075000762939453
1789729835572114000,6.260114013671875,16.950000762939453,-12.075000762939453,-21.525001525878906
1789729835582113800,6.27011376953125,16.837501525878906,-11.700000762939453,-21.693750381469727
1789729835592114000,6.280114013671875,16.650001525878906,-11.49375057220459,-21.806251525878906
1789729835602113800,6.29011376953125,16.350000381469727,-10.950000762939453,-22.03125
1789729835612114000,6.300114013671875,16.14375114440918,-10.83750057220459,-22.387500762939453
1789729835622113800,6.31011376953125,15.975000381469727,-10.668750762939453,-22.481250762939453
1789729835632114000,6.320114013671875,15.768750190734863,-10.537500381469727,-22.70625114440918
1789729835642113800,6.33011376953125,15.24375057220459,-10.65000057220459,-23.006250381469727
1789729835652114000,6.340114013671875,15.281250953674316,-10.912500381469727,-22.837501525878906
1789729835662113800,6.35011376953125,15.262500762939453,-10.762500762939453,-22.59375
1789729835672114000,6.360114013671875,15.075000762939453,-10.612500190734863,-22.725000381469727
1789729835682113800,6.37011376953125,15.112500190734863,-10.96875,-22.80000114440918
1789729835692114000,6.380114013671875,15.412500381469727,-11.02500057220459,-22.556251525878906
1789729835702113800,6.39011376953125,15.43125057220459,-11.11875057220459,-22.59375
1789729835712114000,6.400114013671875,15.506250381469727,-11.0625,-22.78125
1789729835722113800,6.41011376953125,15.825000762939453,-10.83750057220459,-22.61250114440918
1789729835732114000,6.420114013671875,15.506250381469727,-10.725000381469727,-22.537500381469727
1789729835742113800,6.43011376953125,15.375000953674316,-10.6875,-22.59375
1789729835752114000,6.440114013671875,15.656250953674316,-10.762500762939453,-22.293750762939453
1789729835762113800,6.45011376953125,15.731250762939453,-10.55625057220459,-22.125
1789729835772114000,6.460114013671875,15.468750953674316,-10.481250762939453,-22.125
1789729835782113800,6.47011376953125,15.600000381469727,-10.36875057220459,-21.618751525878906
1789729835792114000,6.480114013671875,15.52500057220459,-10.27500057220459,-21.39375114440918
1789729835802113800,6.49011376953125,15.468750953674316,-10.012500762939453,-21.262500762939453
1789729835812114000,6.500114013671875,15.731250762939453,-9.768750190734863,-20.90625
1789729835822113800,6.51011376953125,15.956250190734863,-9.75,-20.587501525878906
1789729835832114000,6.520114013671875,15.71250057220459,-9.581250190734863,-20.418750762939453
1789729835842113800,6.53011376953125,15.656250953674316,-9.300000190734863,-20.325000762939453
1789729835852114000,6.540114013671875,15.825000762939453,-9.24375057220459,-19.725000381469727
1789729835862113800,6.55011376953125,15.675000190734863,-9.018750190734863,-19.743751525878906
1789729835872114000,6.560114013671875,15.768750190734863,-9.05625057220459,-19.537500381469727
1789729835882113800,6.57011376953125,15.600000381469727,-9.24375057220459,-19.40625
1789729835892114000,6.580114013671875,15.637500762939453,-9.318750381469727,-19.350000381469727
1789729835902113800,6.59011376953125,15.33750057220459,-8.850000381469727,-19.668750762939453
1789729835912114000,6.600114013671875,15.225000381469727,-8.606250762939453,-19.950000762939453
1789729835922113800,6.61011376953125,15.33750057220459,-8.887500762939453,-19.98750114440918
1789729835932114000,6.620114013671875,15.112500190734863,-8.662500381469727,-20.400001525878906
1789729835942113800,6.63011376953125,15.187500953674316,-8.643750190734863,-20.90625
1789729835952114000,6.640114013671875,14.887500762939453,-8.606250762939453,-21.075000762939453
1789729835962113800,6.65011376953125,14.850000381469727,-8.381250381469727,-21.506250381469727
1789729835972114000,6.660114013671875,14.662500381469727,-8.15625,-21.46875
1789729835982113800,6.67011376953125,14.625000953674316,-8.643750190734863,-21.450000762939453
1789729835992114000,6.680114013671875,14.625000953674316,-8.887500762939453,-21.431251525878906
1789729836002113800,6.69011376953125,14.381250381469727,-8.756250381469727,-21.525001525878906
1789729836012114000,6.700114013671875,14.40000057220459,-8.831250190734863,-21.618751525878906
1789729836022113800,6.71011376953125,14.325000762939453,-8.96250057220459,-21.48750114440918
1789729836032114000,6.720114013671875,14.21250057220459,-8.943750381469727,-21.506250381469727
1789729836042113800,6.73011376953125,14.362500190734863,-9.037500381469727,-21.412500381469727
1789729836052114000,6.740114013671875,14.21250057220459,-9.318750381469727,-21.825000762939453
1789729836062113800,6.75011376953125,14.137500762939453,-9.168750762939453,-21.787500381469727
1789729836072114000,6.760114013671875,14.21250057220459,-9.412500381469727,-21.75
1789729836082113800,6.77011376953125,14.175000190734863,-9.581250190734863,-21.84375
1789729836092114000,6.780114013671875,14.043750762939453,-9.787500381469727,-22.012500762939453
1789729836102113800,6.79011376953125,13.800000190734863,-9.862500190734863,-22.125
1789729836112114000,6.800114013671875,13.912500381469727,-10.03125,-22.3125
1789729836122113800,6.81011376953125,13.706250190734863,-10.237500190734863,-22.443750381469727
1789729836132114000,6.820114013671875,13.687500953674316,-10.425000190734863,-22.556251525878906
1789729836142113800,6.83011376953125,13.83750057220459,-10.55625057220459,-22.856250762939453
1789729836152114000,6.840114013671875,13.83750057220459,-10.481250762939453,-23.0625
1789729836162113800,6.85011376953125,13.818750381469727,-10.55625057220459,-23.306251525878906
1789729836172114000,6.860114013671875,13.83750057220459,-10.818750381469727,-23.418750762939453
1789729836182113800,6.87011376953125,13.987500190734863,-11.0625,-23.325000762939453
1789729836192114000,6.880114013671875,13.83750057220459,-11.0625,-23.512500762939453
1789729836202113800,6.89011376953125,14.006250381469727,-11.175000190734863,-23.662500381469727
1789729836212114000,6.900114013671875,14.231250762939453,-11.268750190734863,-23.681251525878906
1789729836222113800,6.91011376953125,14.137500762939453,-11.325000762939453,-23.868751525878906
1789729836232114000,6.920114013671875,14.175000190734863,-11.325000762939453,-23.90625
1789729836242113800,6.93011376953125,14.100000381469727,-11.475000381469727,-23.83125114440918
1789729836252114000,6.940114013671875,14.287500381469727,-11.15625,-23.681251525878906
1789729836262113800,6.95011376953125,14.343750953674316,-11.15625,-23.71875
1789729836272114000,6.960114013671875,14.550000190734863,-11.325000762939453,-23.587501525878906
1789729836282113800,6.97011376953125,14.49375057220459,-11.550000190734863,-23.4375
1789729836292114000,6.980114013671875,14.418750762939453,-11.475000381469727,-23.26875114440918
1789729836302113800,6.99011376953125,14.550000190734863,-11.550000190734863,-22.856250762939453
1789729836312114000,7.000114013671875,14.58750057220459,-11.737500190734863,-22.51875114440918
1789729836322113800,7.01011376953125,14.737500190734863,-12,-22.387500762939453
1789729836332114000,7.020114013671875,14.756250381469727,-12.450000762939453,-22.03125
1789729836342113800,7.03011376953125,14.850000381469727,-12.300000190734863,-21.712501525878906
1789729836352114000,7.040114013671875,15.112500190734863,-12.187500953674316,-21.318750381469727
1789729836362113800,7.05011376953125,15.468750953674316,-12.018750190734863,-21.075000762939453
1789729836372114000,7.060114013671875,15.600000381469727,-12.131250381469727,-20.625
1789729836382113800,7.07011376953125,15.825000762939453,-12.375000953674316,-20.587501525878906
1789729836392114000,7.080114013671875,16.068750381469727,-12.318750381469727,-20.45625114440918
1789729836402113800,7.09011376953125,16.40625,-12.018750190734863,-20.212501525878906
1789729836412114000,7.100114013671875,16.387500762939453,-11.700000762939453,-20.36250114440918
1789729836422113800,7.11011376953125,16.575000762939453,-11.737500190734863,-20.26875114440918
1789729836432114000,7.120114013671875,16.59375,-11.925000190734863,-20.231250762939453
1789729836442113800,7.13011376953125,16.80000114440918,-12.300000190734863,-20.15625
1789729836452114000,7.140114013671875,16.98750114440918,-12.281250953674316,-20.381250381469727
1789729836462113800,7.15011376953125,16.931251525878906,-12.225000381469727,-20.475000381469727
1789729836472114000,7.160114013671875,16.80000114440918,-12.43125057220459,-20.512500762939453
1789729836482113800,7.17011376953125,16.537500381469727,-12.656250953674316,-20.418750762939453
1789729836492114000,7.180114013671875,16.89375114440918,-13.012500762939453,-20.306251525878906
1789729836502113800,7.19011376953125,17.17500114440918,-13.350000381469727,-20.45625114440918
1789729836512114000,7.200114013671875,17.26875114440918,-13.593750953674316,-20.55000114440918
1789729836522113800,7.21011376953125,17.100000381469727,-13.593750953674316,-20.681251525878906
1789729836532114000,7.220114013671875,16.950000762939453,-13.725000381469727,-20.981250762939453
1789729836542113800,7.23011376953125,16.837501525878906,-13.987500190734863,-20.887500762939453
1789729836552114000,7.240114013671875,16.856250762939453,-14.156250953674316,-21.131250381469727
1789729836562113800,7.25011376953125,17.137500762939453,-14.325000762939453,-21.262500762939453
1789729836572114000,7.260114013671875,16.98750114440918,-14.418750762939453,-21.525001525878906
1789729836582113800,7.27011376953125,16.80000114440918,-14.30625057220459,-21.525001525878906
1789729836592114000,7.280114013671875,16.98750114440918,-14.325000762939453,-21.525001525878906
1789729836602113800,7.29011376953125,17.043750762939453,-14.287500381469727,-21.131250381469727
1789729836612114000,7.300114013671875,17.17500114440918,-14.40000057220459,-20.756250381469727
1789729836622113800,7.31011376953125,17.36250114440918,-14.40000057220459,-20.625
1789729836632114000,7.320114013671875,17.36250114440918,-14.49375057220459,-20.381250381469727
1789729836642113800,7.33011376953125,17.34375,-14.456250190734863,-20.100000381469727
1789729836652114000,7.340114013671875,17.55000114440918,-14.268750190734863,-19.51875114440918
1789729836662113800,7.35011376953125,17.587501525878906,-14.718750953674316,-19.181251525878906
1789729836672114000,7.360114013671875,17.71875,-14.700000762939453,-19.012500762939453
1789729836682113800,7.37011376953125,17.793750762939453,-14.943750381469727,-18.975000381469727
1789729836692114000,7.380114013671875,17.887500762939453,-14.850000381469727,-18.806251525878906
1789729836702113800,7.39011376953125,17.981250762939453,-14.925000190734863,-18.600000381469727
1789729836712114000,7.400114013671875,18.150001525878906,-14.718750953674316,-18.1875
1789729836722113800,7.41011376953125,18.168750762939453,-14.718750953674316,-18.225000381469727
1789729836732114000,7.420114013671875,18.39375114440918,-14.850000381469727,-18.168750762939453
1789729836742113800,7.43011376953125,18.5625,-14.625000953674316,-18.412500381469727
1789729836752114000,7.440114013671875,18.243751525878906,-14.550000190734863,-18.337501525878906
1789729836762113800,7.45011376953125,18.225000381469727,-14.250000953674316,-18.168750762939453
1789729836772114000,7.460114013671875,18.131250381469727,-14.231250762939453,-18
1789729836782113800,7.47011376953125,18.243751525878906,-14.156250953674316,-17.981250762939453
1789729836792114000,7.480114013671875,18.39375114440918,-14.137500762939453,-17.90625
1789729836802113800,7.49011376953125,18.506250381469727,-13.950000762939453,-17.90625
1789729836812114000,7.500114013671875,18.20625114440918,-13.93125057220459,-18.01875114440918
1789729836822113800,7.51011376953125,17.981250762939453,-13.781250953674316,-17.92500114440918
1789729836832114000,7.520114013671875,17.943750381469727,-13.893750190734863,-17.8125
1789729836842113800,7.53011376953125,17.90625,-14.006250381469727,-17.962501525878906
1789729836852114000,7.540114013671875,18.150001525878906,-13.950000762939453,-18.056251525878906
1789729836862113800,7.55011376953125,17.962501525878906,-13.593750953674316,-18.09375
1789729836872114000,7.560114013671875,17.568750381469727,-13.575000762939453,-18.262500762939453
1789729836882113800,7.57011376953125,17.475000381469727,-13.55625057220459,-17.850000381469727
1789729836892114000,7.580114013671875,17.587501525878906,-13.387500762939453,-17.981250762939453
1789729836902113800,7.59011376953125,17.55000114440918,-13.331250190734863,-18.01875114440918
1789729836912114000,7.600114013671875,17.34375,-13.18125057220459,-18.168750762939453
1789729836922113800,7.61011376953125,17.193750381469727,-13.218750953674316,-18.168750762939453
1789729836932114000,7.620114013671875,16.98750114440918,-13.293750762939453,-18.356250762939453
1789729836942113800,7.63011376953125,16.818750381469727,-13.631250381469727,-18.637500762939453
1789729836952114000,7.640114013671875,16.98750114440918,-13.537500381469727,-19.03125
1789729836962113800,7.65011376953125,16.950000762939453,-13.706250190734863,-19.387500762939453
1789729836972114000,7.660114013671875,16.725000381469727,-13.762500762939453,-19.387500762939453
1789729836982113800,7.67011376953125,17.025001525878906,-14.062500953674316,-19.59375
1789729836992114000,7.680114013671875,17.475000381469727,-14.081250190734863,-19.61250114440918
1789729837002113800,7.69011376953125,17.568750381469727,-13.725000381469727,-19.61250114440918
1789729837012114000,7.700114013671875,17.662500381469727,-13.818750381469727,-19.537500381469727
1789729837022113800,7.71011376953125,17.887500762939453,-13.800000190734863,-19.068750381469727
1789729837032114000,7.720114013671875,17.868751525878906,-14.287500381469727,-18.975000381469727
1789729837042113800,7.73011376953125,17.83125114440918,-14.40000057220459,-19.125
1789729837052114000,7.740114013671875,18.225000381469727,-14.793750762939453,-19.012500762939453
1789729837062113800,7.75011376953125,18.056251525878906,-14.662500381469727,-18.712501525878906
1789729837072114000,7.760114013671875,17.868751525878906,-14.812500953674316,-18.543750762939453
1789729837082113800,7.77011376953125,17.981250762939453,-14.96250057220459,-18.506250381469727
1789729837092114000,7.780114013671875,17.943750381469727,-15.05625057220459,-18.506250381469727
1789729837102113800,7.79011376953125,17.943750381469727,-15.131250381469727,-18.525001525878906
1789729837112114000,7.800114013671875,18.225000381469727,-14.887500762939453,-18.39375114440918
1789729837122113800,7.81011376953125,18.262500762939453,-14.793750762939453,-18.39375114440918
1789729837132114000,7.820114013671875,18.11250114440918,-14.568750381469727,-18.1875
1789729837142113800,7.83011376953125,17.92500114440918,-14.49375057220459,-18.39375114440918
1789729837152114000,7.840114013671875,17.83125114440918,-14.362500190734863,-18.431251525878906
1789729837162113800,7.85011376953125,17.775001525878906,-14.625000953674316,-18.318750381469727
1789729837172114000,7.860114013671875,17.962501525878906,-14.58750057220459,-18.337501525878906
1789729837182113800,7.87011376953125,17.850000381469727,-14.381250381469727,-18.450000762939453
1789729837192114000,7.880114013671875,17.64375114440918,-14.268750190734863,-18.412500381469727
1789729837202113800,7.89011376953125,17.681251525878906,-14.362500190734863,-18.262500762939453
1789729837212114000,7.900114013671875,17.8125,-14.268750190734863,-18.525001525878906
1789729837222113800,7.91011376953125,18.075000762939453,-14.325000762939453,-18.056251525878906
1789729837232114000,7.920114013671875,18.225000381469727,-14.418750762939453,-17.962501525878906
1789729837242113800,7.93011376953125,18.150001525878906,-14.156250953674316,-18.11250114440918
1789729837252114000,7.940114013671875,18.056251525878906,-14.137500762939453,-18.168750762939453
1789729837262113800,7.95011376953125,18.20625114440918,-14.30625057220459,-18.037500381469727
1789729837272114000,7.960114013671875,18.056251525878906,-14.250000953674316,-18.168750762939453
1789729837282113800,7.97011376953125,18.075000762939453,-14.287500381469727,-18.131250381469727
1789729837292114000,7.980114013671875,17.8125,-14.58750057220459,-18.09375
1789729837302113800,7.99011376953125,17.756250381469727,-14.550000190734863,-18.225000381469727
1789729837312114000,8.000114013671874,17.64375114440918,-14.568750381469727,-18.58125114440918
1789729837322113800,8.01011376953125,17.606250762939453,-14.737500190734863,-18.76875114440918
1789729837332114000,8.020114013671876,17.512500762939453,-14.568750381469727,-18.806251525878906
1789729837342113800,8.03011376953125,17.625,-14.568750381469727,-18.75
1789729837352114000,8.040114013671875,17.850000381469727,-14.58750057220459,-18.65625
1789729837362113800,8.05011376953125,17.90625,-14.49375057220459,-18.65625
1789729837372114000,8.060114013671875,18,-14.381250381469727,-18.76875114440918
1789729837382113800,8.07011376953125,18.037500381469727,-14.68125057220459,-18.918750762939453
1789729837392114000,8.080114013671874,18.150001525878906,-14.737500190734863,-18.75
1789729837402113800,8.09011376953125,18.431251525878906,-14.86875057220459,-18.693750381469727
1789729837412114000,8.100114013671876,18.48750114440918,-15.187500953674316,-18.5625
1789729837422113800,8.11011376953125,18.46875,-15.225000381469727,-18.65625
1789729837432114000,8.120114013671875,18.356250762939453,-15.656250953674316,-18.543750762939453
1789729837442113800,8.13011376953125,18.431251525878906,-15.693750381469727,-18.67500114440918
1789729837452114000,8.140114013671875,18.600000381469727,-15.52500057220459,-18.600000381469727
1789729837462113800,8.15011376953125,18.86250114440918,-15.393750190734863,-18.525001525878906
1789729837472114000,8.160114013671874,18.993751525878906,-15.187500953674316,-18.58125114440918
1789729837482113800,8.17011376953125,18.86250114440918,-15.206250190734863,-18.46875
1789729837492114000,8.180114013671876,18.975000381469727,-15.15000057220459,-18.600000381469727
1789729837502113800,8.19011376953125,19.068750381469727,-15.281250953674316,-18.75
1789729837512114000,8.200114013671875,19.256250381469727,-15.131250381469727,-18.86250114440918
1789729837522113800,8.21011376953125,19.256250381469727,-15.262500762939453,-18.975000381469727
1789729837532114000,8.220114013671875,19.106250762939453,-15.356250762939453,-18.900001525878906
1789729837542113800,8.23011376953125,19.14375114440918,-15.412500381469727,-18.9375
1789729837552114000,8.240114013671874,19.368751525878906,-15.468750953674316,-18.825000762939453
1789729837562113800,8.25011376953125,19.42500114440918,-15.393750190734863,-19.05000114440918
1789729837572114000,8.260114013671876,19.387500762939453,-15.33750057220459,-18.76875114440918
1789729837582113800,8.27011376953125,19.42500114440918,-15.262500762939453,-18.75
1789729837592114000,8.280114013671875,19.200000762939453,-15.037500381469727,-18.693750381469727
1789729837602113800,8.29011376953125,19.012500762939453,-14.737500190734863,-18.525001525878906
1789729837612114000,8.300114013671875,18.993751525878906,-14.812500953674316,-18.450000762939453
1789729837622113800,8.31011376953125,18.75,-14.568750381469727,-18.243751525878906
1789729837632114000,8.320114013671875,18.450000762939453,-14.625000953674316,-18.131250381469727
1789729837642113800,8.33011376953125,18.693750381469727,-14.737500190734863,-18.11250114440918
1789729837652114000,8.340114013671876,18.67500114440918,-14.737500190734863,-18.600000381469727
1789729837662113800,8.35011376953125,18.39375114440918,-14.625000953674316,-18.806251525878906
1789729837672114000,8.360114013671875,18.65625,-14.887500762939453,-18.806251525878906
1789729837682113800,8.37011376953125,19.087501525878906,-15.206250190734863,-19.200000762939453
1789729837692114000,8.380114013671875,19.200000762939453,-15.206250190734863,-19.481250762939453
1789729837702113800,8.39011376953125,19.387500762939453,-15.506250381469727,-19.743751525878906
1789729837712114000,8.400114013671875,19.5,-15.543750762939453,-19.856250762939453
1789729837722113800,8.41011376953125,19.33125114440918,-15.487500190734863,-19.856250762939453
1789729837732114000,8.420114013671874,19.387500762939453,-15.562500953674316,-19.80000114440918
1789729837742113800,8.43011376953125,19.443750381469727,-15.637500762939453,-19.668750762939453
1789729837752114000,8.440114013671876,19.368751525878906,-15.581250190734863,-20.043750762939453
1789729837762113800,8.45011376953125,19.106250762939453,-15.262500762939453,-19.856250762939453
1789729837772114000,8.460114013671875,19.256250381469727,-15.187500953674316,-19.875
1789729837782113800,8.47011376953125,19.162500381469727,-15.075000762939453,-19.856250762939453
1789729837792114000,8.480114013671875,19.125,-15.05625057220459,-20.0625
1789729837802113800,8.49011376953125,19.293750762939453,-14.831250190734863,-20.025001525878906
1789729837812114000,8.500114013671874,19.350000381469727,-14.812500953674316,-20.025001525878906
1789729837822113800,8.51011376953125,19.42500114440918,-14.906250953674316,-20.26875114440918
1789729837832114000,8.520114013671876,19.275001525878906,-14.887500762939453,-20.100000381469727
1789729837842113800,8.53011376953125,19.275001525878906,-15.168750762939453,-19.912500381469727
1789729837852114000,8.540114013671875,19.350000381469727,-15.206250190734863,-19.96875
1789729837862113800,8.55011376953125,19.33125114440918,-15.318750381469727,-20.08125114440918
1789729837872114000,8.560114013671875,19.42500114440918,-15.33750057220459,-20.006250381469727
1789729837882113800,8.57011376953125,19.387500762939453,-15.33750057220459,-20.006250381469727
1789729837892114000,8.580114013671874,19.443750381469727,-15.356250762939453,-19.89375114440918
1789729837902113800,8.59011376953125,19.40625,-15.15000057220459,-19.556251525878906
1789729837912114000,8.600114013671876,19.575000762939453,-15.450000762939453,-19.575000762939453
1789729837922113800,8.61011376953125,19.51875114440918,-15.037500381469727,-19.59375
1789729837932114000,8.620114013671875,19.537500381469727,-15.000000953674316,-19.387500762939453
1789729837942113800,8.63011376953125,19.743751525878906,-14.812500953674316,-19.275001525878906
1789729837952114000,8.640114013671875,19.481250762939453,-14.662500381469727,-19.200000762939453
1789729837962113800,8.65011376953125,19.387500762939453,-14.662500381469727,-19.23750114440918
1789729837972114000,8.660114013671874,19.23750114440918,-14.49375057220459,-19.012500762939453
1789729837982113800,8.67011376953125,19.33125114440918,-14.362500190734863,-18.975000381469727
1789729837992114000,8.680114013671876,19.387500762939453,-14.137500762939453,-18.65625
1789729838002113800,8.69011376953125,19.481250762939453,-14.081250190734863,-18.337501525878906
1789729838012114000,8.700114013671875,19.14375114440918,-13.950000762939453,-18.318750381469727
1789729838022113800,8.71011376953125,18.975000381469727,-13.875000953674316,-18
1789729838032114000,8.720114013671875,19.200000762939453,-13.762500762939453,-17.92500114440918
1789729838042113800,8.73011376953125,19.200000762939453,-13.74375057220459,-17.681251525878906
1789729838052114000,8.740114013671874,19.181251525878906,-13.706250190734863,-17.756250381469727
1789729838062113800,8.75011376953125,19.125,-13.687500953674316,-17.662500381469727
1789729838072114000,8.760114013671876,18.806251525878906,-13.237500190734863,-17.700000762939453
1789729838082113800,8.77011376953125,18.5625,-13.200000762939453,-18.09375
1789729838092114000,8.780114013671875,18.637500762939453,-13.031250953674316,-17.775001525878906
1789729838102113800,8.79011376953125,18.543750762939453,-12.825000762939453,-18.075000762939453
1789729838112114000,8.800114013671875,18.525001525878906,-12.750000953674316,-18.150001525878906
1789729838122113800,8.81011376953125,18.375,-12.656250953674316,-18.318750381469727
1789729838132114000,8.820114013671875,18.39375114440918,-12.637500762939453,-18.131250381469727
1789729838142113800,8.83011376953125,18.431251525878906,-12.71250057220459,-18.1875
1789729838152114000,8.840114013671876,18.58125114440918,-12.937500953674316,-18.1875
1789729838162113800,8.85011376953125,18.86250114440918,-13.200000762939453,-17.981250762939453
1789729838172114000,8.860114013671875,18.86250114440918,-13.312500953674316,-18.262500762939453
1789729838182113800,8.87011376953125,18.84375,-13.36875057220459,-18.01875114440918
1789729838192114000,8.880114013671875,18.806251525878906,-13.406250953674316,-18
1789729838202113800,8.89011376953125,18.637500762939453,-13.406250953674316,-18.075000762939453
1789729838212114000,8.900114013671875,18.431251525878906,-13.312500953674316,-18.39375114440918
1789729838222113800,8.91011376953125,18.262500762939453,-13.18125057220459,-18.412500381469727
1789729838232114000,8.920114013671874,18.150001525878906,-12.975000381469727,-18.431251525878906
1789729838242113800,8.93011376953125,17.981250762939453,-13.125000953674316,-18.637500762939453
1789729838252114000,8.940114013671876,17.90625,-13.237500190734863,-18.825000762939453
1789729838262113800,8.95011376953125,17.83125114440918,-13.443750381469727,-18.9375
1789729838272114000,8.960114013671875,17.775001525878906,-13.481250762939453,-19.012500762939453
1789729838282113800,8.97011376953125,17.90625,-13.500000953674316,-18.75
1789729838292114000,8.980114013671875,18.056251525878906,-13.593750953674316,-18.431251525878906
1789729838302113800,8.99011376953125,17.92500114440918,-13.518750190734863,-18.46875
1789729838312114000,9.000114013671874,18.075000762939453,-13.500000953674316,-18.39375114440918
1789729838322113800,9.01011376953125,17.887500762939453,-13.312500953674316,-18.20625114440918
1789729838332114000,9.020114013671876,17.92500114440918,-13.143750190734863,-18.11250114440918
1789729838342113800,9.03011376953125,17.83125114440918,-13.218750953674316,-18.30000114440918
1789729838352114000,9.040114013671875,17.90625,-13.18125057220459,-18.056251525878906
1789729838362113800,9.05011376953125,18.11250114440918,-13.293750762939453,-17.962501525878906
1789729838372114000,9.060114013671875,18,-13.331250190734863,-18.056251525878906
1789729838382113800,9.07011376953125,18.075000762939453,-13.481250762939453,-17.981250762939453
1789729838392114000,9.080114013671874,17.981250762939453,-13.575000762939453,-18.075000762939453
1789729838402113800,9.09011376953125,17.887500762939453,-13.406250953674316,-17.850000381469727
1789729838412114000,9.100114013671876,17.8125,-13.518750190734863,-17.71875
1789729838422113800,9.11011376953125,17.868751525878906,-13.256250381469727,-17.53125
1789729838432114000,9.120114013671875,17.71875,-13.256250381469727,-17.493751525878906
1789729838442113800,9.13011376953125,17.606250762939453,-13.200000762939453,-17.381250381469727
1789729838452114000,9.140114013671875,17.625,-13.08750057220459,-17.45625114440918
1789729838462113800,9.15011376953125,17.700000762939453,-13.012500762939453,-17.400001525878906
1789729838472114000,9.160114013671874,17.681251525878906,-13.08750057220459,-17.287500381469727
1789729838482113800,9.17011376953125,18.09375,-13.312500953674316,-17.55000114440918
1789729838492114000,9.180114013671876,17.981250762939453,-13.293750762939453,-17.4375
1789729838502113800,9.19011376953125,18,-13.331250190734863,-17.325000762939453
1789729838512114000,9.200114013671875,18.20625114440918,-13.706250190734863,-17.418750762939453
1789729838522113800,9.21011376953125,18.075000762939453,-13.74375057220459,-17.45625114440918
1789729838532114000,9.220114013671875,18.056251525878906,-13.387500762939453,-17.306251525878906
1789729838542113800,9.23011376953125,18.09375,-13.481250762939453,-17.400001525878906
1789729838552114000,9.240114013671874,18.28125,-13.55625057220459,-17.36250114440918
1789729838562113800,9.25011376953125,18.225000381469727,-13.631250381469727,-17.25
1789729838572114000,9.260114013671876,18.1875,-13.481250762939453,-17.306251525878906
1789729838582113800,9.27011376953125,18.075000762939453,-13.575000762939453,-17.17500114440918
1789729838592114000,9.280114013671875,17.625,-13.387500762939453,-17.193750381469727
1789729838602113800,9.29011376953125,17.681251525878906,-13.27500057220459,-17.212501525878906
1789729838612114000,9.300114013671875,17.681251525878906,-13.55625057220459,-17.08125114440918
1789729838622113800,9.31011376953125,17.475000381469727,-13.406250953674316,-16.875
1789729838632114000,9.320114013671875,17.34375,-13.143750190734863,-16.762500762939453
1789729838642113800,9.33011376953125,17.118751525878906,-13.012500762939453,-16.78125
1789729838652114000,9.340114013671876,17.17500114440918,-13.08750057220459,-16.631250381469727
1789729838662113800,9.35011376953125,17.0625,-12.862500190734863,-16.837501525878906
1789729838672114000,9.360114013671875,17.0625,-12.825000762939453,-16.950000762939453
1789729838682113800,9.37011376953125,17.043750762939453,-12.768750190734863,-17.025001525878906
1789729838692114000,9.380114013671875,16.950000762939453,-12.693750381469727,-17.137500762939453
1789729838702113800,9.39011376953125,16.931251525878906,-12.768750190734863,-17.17500114440918
1789729838712114000,9.400114013671875,16.762500762939453,-12.956250190734863,-17.25
1789729838722113800,9.41011376953125,16.818750381469727,-13.08750057220459,-17.306251525878906
1789729838732114000,9.420114013671874,16.650001525878906,-13.068750381469727,-17.512500762939453
1789729838742113800,9.43011376953125,16.743751525878906,-13.012500762939453,-17.625
1789729838752114000,9.440114013671876,16.80000114440918,-12.881250381469727,-17.381250381469727
1789729838762113800,9.45011376953125,16.650001525878906,-12.843750953674316,-17.400001525878906
1789729838772114000,9.460114013671875,16.762500762939453,-13.18125057220459,-17.55000114440918
1789729838782113800,9.47011376953125,16.837501525878906,-13.293750762939453,-17.568750381469727
1789729838792114000,9.480114013671875,16.837501525878906,-13.387500762939453,-17.662500381469727
1789729838802113800,9.49011376953125,16.80000114440918,-13.256250381469727,-17.34375
1789729838812114000,9.500114013671874,16.950000762939453,-13.27500057220459,-17.45625114440918
1789729838822113800,9.51011376953125,16.912500381469727,-13.55625057220459,-17.73750114440918
1789729838832114000,9.520114013671876,16.950000762939453,-13.631250381469727,-18
1789729838842113800,9.53011376953125,16.912500381469727,-13.74375057220459,-18.11250114440918
1789729838852114000,9.540114013671875,16.725000381469727,-13.687500953674316,-18.318750381469727
1789729838862113800,9.55011376953125,16.70625114440918,-13.706250190734863,-18.543750762939453
1789729838872114000,9.560114013671875,16.89375114440918,-13.762500762939453,-18.65625
1789729838882113800,9.57011376953125,17.043750762939453,-13.612500190734863,-19.125
1789729838892114000,9.580114013671874,17.0625,-13.65000057220459,-19.087501525878906
1789729838902113800,9.59011376953125,17.137500762939453,-13.687500953674316,-18.993751525878906
1789729838912114000,9.600114013671876,17.34375,-13.781250953674316,-19.106250762939453
1789729838922113800,9.61011376953125,17.493751525878906,-13.912500381469727,-19.3125
1789729838932114000,9.620114013671875,17.45625114440918,-13.781250953674316,-18.993751525878906
1789729838942113800,9.63011376953125,17.475000381469727,-13.875000953674316,-19.106250762939453
1789729838952114000,9.640114013671875,17.400001525878906,-13.800000190734863,-19.087501525878906
1789729838962113800,9.65011376953125,17.34375,-13.968750953674316,-18.825000762939453
1789729838972114000,9.660114013671874,17.26875114440918,-14.02500057220459,-18.75
1789729838982113800,9.67011376953125,17.137500762939453,-13.987500190734863,-18.618751525878906
1789729838992114000,9.680114013671876,16.875,-13.987500190734863,-18.450000762939453
1789729839002113800,9.69011376953125,16.89375114440918,-13.987500190734863,-18.318750381469727
1789729839012114000,9.700114013671875,17.043750762939453,-13.93125057220459,-18.30000114440918
1789729839022113800,9.71011376953125,17.025001525878906,-13.331250190734863,-17.92500114440918
1789729839032114000,9.720114013671875,16.762500762939453,-13.218750953674316,-17.868751525878906
1789729839042113800,9.73011376953125,16.631250381469727,-13.106250762939453,-18.01875114440918
1789729839052114000,9.740114013671874,16.462501525878906,-12.975000381469727,-18.150001525878906
1789729839062113800,9.75011376953125,16.443750381469727,-12.918750762939453,-18.01875114440918
1789729839072114000,9.760114013671876,16.387500762939453,-12.71250057220459,-18.131250381469727
1789729839082113800,9.77011376953125,16.3125,-12.656250953674316,-18.1875
1789729839092114000,9.780114013671875,16.200000762939453,-12.656250953674316,-18.65625
1789729839102113800,9.79011376953125,16.181251525878906,-13.200000762939453,-19.256250381469727
1789729839112114000,9.800114013671875,16.275001525878906,-13.218750953674316,-19.275001525878906
1789729839122113800,9.81011376953125,16.087501525878906,-13.55625057220459,-19.40625
1789729839132114000,9.820114013671875,16.293750762939453,-13.800000190734863,-19.368751525878906
1789729839142113800,9.83011376953125,16.350000381469727,-13.687500953674316,-19.743751525878906
1789729839152114000,9.840114013671876,16.631250381469727,-13.781250953674316,-19.556251525878906
1789729839162113800,9.85011376953125,16.725000381469727,-13.706250190734863,-19.631250381469727
1789729839172114000,9.860114013671875,17.043750762939453,-13.55625057220459,-19.3125
1789729839182113800,9.87011376953125,17.17500114440918,-13.331250190734863,-18.9375
1789729839192114000,9.880114013671875,17.212501525878906,-13.387500762939453,-19.012500762939453
1789729839202113800,9.89011376953125,17.45625114440918,-13.106250762939453,-18.75
1789729839212114000,9.900114013671875,17.418750762939453,-12.918750762939453,-18.693750381469727
1789729839222113800,9.91011376953125,17.493751525878906,-13.031250953674316,-18.48750114440918
1789729839232114000,9.920114013671874,17.512500762939453,-13.125000953674316,-18.450000762939453
1789729839242113800,9.93011376953125,17.587501525878906,-13.312500953674316,-18.1875
1789729839252114000,9.940114013671876,17.193750381469727,-13.612500190734863,-18.39375114440918
1789729839262113800,9.95011376953125,17.137500762939453,-13.593750953674316,-18.1875
1789729839272114000,9.960114013671875,17.25,-13.74375057220459,-18.01875114440918
1789729839282113800,9.97011376953125,17.568750381469727,-13.706250190734863,-17.887500762939453
1789729839292114000,9.980114013671875,17.625,-13.725000381469727,-17.92500114440918
1789729839302113800,9.99011376953125,17.73750114440918,-13.83750057220459,-17.587501525878906
1789729839312114000,10.000114013671874,17.4375,-13.725000381469727,-17.493751525878906
1789729839322113800,10.01011376953125,17.45625114440918,-13.706250190734863,-17.418750762939453
1789729839332114000,10.020114013671876,17.625,-13.55625057220459,-17.118751525878906
1789729839342113800,10.03011376953125,17.73750114440918,-13.668750762939453,-17.17500114440918
1789729839352114000,10.040114013671875,17.625,-13.593750953674316,-17.193750381469727
1789729839362113800,10.05011376953125,17.400001525878906,-13.893750190734863,-17.325000762939453
1789729839372114000,10.060114013671875,17.381250381469727,-13.875000953674316,-17.15625
1789729839382113800,10.07011376953125,16.98750114440918,-13.818750381469727,-17.400001525878906
1789729839392114000,10.080114013671874,17.137500762939453,-13.93125057220459,-17.55000114440918
1789729839402113800,10.09011376953125,17.025001525878906,-13.818750381469727,-17.400001525878906
1789729839412114000,10.100114013671876,17.100000381469727,-14.043750762939453,-17.381250381469727
1789729839422113800,10.11011376953125,16.856250762939453,-14.250000953674316,-17.418750762939453
1789729839432114000,10.120114013671875,16.818750381469727,-14.21250057220459,-17.475000381469727
1789729839442113800,10.13011376953125,16.70625114440918,-13.818750381469727,-17.26875114440918
1789729839452114000,10.140114013671875,16.950000762939453,-13.818750381469727,-17.306251525878906
1789729839462113800,10.15011376953125,17.043750762939453,-13.818750381469727,-17.17500114440918
1789729839472114000,10.160114013671874,17.15625,-14.043750762939453,-17.137500762939453
1789729839482113800,10.17011376953125,17.100000381469727,-14.081250190734863,-17.325000762939453
1789729839492114000,10.180114013671876,17.137500762939453,-13.912500381469727,-17.325000762939453
1789729839502113800,10.19011376953125,17.17500114440918,-13.93125057220459,-17.212501525878906
1789729839512114000,10.200114013671875,17.25,-13.987500190734863,-16.950000762939453
1789729839522113800,10.21011376953125,17.193750381469727,-14.287500381469727,-17.0625
1789729839532114000,10.220114013671875,16.89375114440918,-14.362500190734863,-16.96875
1789729839542113800,10.23011376953125,17.287500381469727,-14.625000953674316,-16.875
1789729839552114000,10.240114013671874,17.287500381469727,-14.475000381469727,-16.725000381469727
1789729839562113800,10.25011376953125,17.418750762939453,-14.96250057220459,-16.743751525878906
1789729839572114000,10.260114013671876,17.45625114440918,-15.300000190734863,-16.762500762939453
1789729839582113800,10.27011376953125,17.662500381469727,-15.318750381469727,-16.912500381469727
1789729839592114000,10.280114013671875,17.681251525878906,-15.43125057220459,-17.025001525878906
1789729839602113800,10.29011376953125,17.775001525878906,-15.225000381469727,-17.006250381469727
1789729839612114000,10.300114013671875,18.11250114440918,-15.506250381469727,-17.025001525878906
1789729839622113800,10.31011376953125,17.887500762939453,-15.318750381469727,-17.043750762939453
1789729839632114000,10.320114013671875,17.90625,-15.300000190734863,-17.17500114440918
1789729839642113800,10.33011376953125,18.01875114440918,-15.131250381469727,-17.118751525878906
1789729839652114000,10.340114013671876,18,-14.850000381469727,-17.100000381469727
1789729839662113800,10.35011376953125,17.943750381469727,-14.662500381469727,-17.137500762939453
1789729839672114000,10.360114013671875,18,-14.512500762939453,-17.118751525878906
1789729839682113800,10.37011376953125,18.262500762939453,-14.96250057220459,-17.08125114440918
1789729839692114000,10.380114013671875,18.131250381469727,-14.925000190734863,-17.118751525878906
1789729839702113800,10.39011376953125,18.262500762939453,-14.925000190734863,-17.08125114440918
1789729839712114000,10.400114013671875,18.1875,-14.86875057220459,-16.96875
1789729839722113800,10.41011376953125,18.262500762939453,-14.643750190734863,-16.931251525878906
1789729839732114000,10.420114013671874,18.075000762939453,-14.643750190734863,-16.80000114440918
1789729839742113800,10.43011376953125,18.11250114440918,-14.77500057220459,-16.631250381469727
1789729839752114000,10.440114013671876,18.225000381469727,-14.793750762939453,-16.575000762939453
1789729839762113800,10.45011376953125,17.92500114440918,-14.58750057220459,-16.631250381469727
1789729839772114000,10.460114013671875,18.131250381469727,-14.456250190734863,-16.5
1789729839782113800,10.47011376953125,18.20625114440918,-14.625000953674316,-16.42500114440918
1789729839792114000,10.480114013671875,18.056251525878906,-14.700000762939453,-16.59375
1789729839802113800,10.49011376953125,17.625,-14.831250190734863,-16.70625114440918
1789729839812114000,10.500114013671874,18.01875114440918,-14.906250953674316,-16.98750114440918
1789729839822113800,10.51011376953125,17.8125,-14.96250057220459,-17.006250381469727
1789729839832114000,10.520114013671876,17.587501525878906,-14.925000190734863,-17.137500762939453
1789729839842113800,10.53011376953125,17.868751525878906,-14.981250762939453,-16.875
1789729839852114000,10.540114013671875,17.55000114440918,-15.037500381469727,-17.025001525878906
1789729839862113800,10.55011376953125,17.306251525878906,-14.850000381469727,-17.25
1789729839872114000,10.560114013671875,17.306251525878906,-14.662500381469727,-17.0625
1789729839882113800,10.57011376953125,17.64375114440918,-14.850000381469727,-17.100000381469727
1789729839892114000,10.580114013671874,17.34375,-15.131250381469727,-16.743751525878906
1789729839902113800,10.59011376953125,17.587501525878906,-15.018750190734863,-16.80000114440918
1789729839912114000,10.600114013671876,17.568750381469727,-14.943750381469727,-16.59375
1789729839922113800,10.61011376953125,17.100000381469727,-14.812500953674316,-16.912500381469727
1789729839932114000,10.620114013671875,17.34375,-14.58750057220459,-16.837501525878906
1789729839942113800,10.63011376953125,17.793750762939453,-14.850000381469727,-16.912500381469727
1789729839952114000,10.640114013671875,18,-14.925000190734863,-17.118751525878906
1789729839962113800,10.65011376953125,17.83125114440918,-14.606250762939453,-17.025001525878906
1789729839972114000,10.660114013671874,17.887500762939453,-14.30625057220459,-17.043750762939453
1789729839982113800,10.67011376953125,17.943750381469727,-14.550000190734863,-16.80000114440918
1789729839992114000,10.680114013671876,18.168750762939453,-14.58750057220459,-16.762500762939453
1789729840002113800,10.69011376953125,18.58125114440918,-14.643750190734863,-16.725000381469727
1789729840012114000,10.700114013671875,18.337501525878906,-14.812500953674316,-16.668750762939453
1789729840022113800,10.71011376953125,18.131250381469727,-14.625000953674316,-16.481250762939453
1789729840032114000,10.720114013671875,18.1875,-14.718750953674316,-16.181251525878906
1789729840042113800,10.73011376953125,18.262500762939453,-14.700000762939453,-16.03125
1789729840052114000,10.740114013671874,18.150001525878906,-14.68125057220459,-15.862500190734863
1789729840062113800,10.75011376953125,18.225000381469727,-14.287500381469727,-15.843750953674316
1789729840072114000,10.760114013671876,18.28125,-14.475000381469727,-15.787500381469727
1789729840082113800,10.77011376953125,18.337501525878906,-14.437500953674316,-15.656250953674316
1789729840092114000,10.780114013671875,18.58125114440918,-14.568750381469727,-15.750000953674316
1789729840102113800,10.79011376953125,18.65625,-14.606250762939453,-15.61875057220459
1789729840112114000,10.800114013671875,18.525001525878906,-14.58750057220459,-15.768750190734863
1789729840122113800,10.81011376953125,18.431251525878906,-14.625000953674316,-15.731250762939453
1789729840132114000,10.820114013671875,18.600000381469727,-14.86875057220459,-16.068750381469727
1789729840142113800,10.83011376953125,18.693750381469727,-15.037500381469727,-16.125
1789729840152114000,10.840114013671876,18.46875,-14.925000190734863,-16.200000762939453
1789729840162113800,10.85011376953125,18.131250381469727,-15.037500381469727,-16.3125
1789729840172114000,10.860114013671875,18.11250114440918,-14.850000381469727,-16.443750381469727
1789729840182113800,10.87011376953125,18.01875114440918,-14.700000762939453,-16.556251525878906
1789729840192114000,10.880114013671875,17.981250762939453,-14.475000381469727,-16.481250762939453
1789729840202113800,10.89011376953125,17.962501525878906,-14.325000762939453,-16.61250114440918
1789729840212114000,10.900114013671875,17.92500114440918,-14.231250762939453,-16.462501525878906
1789729840222113800,10.91011376953125,17.587501525878906,-14.006250381469727,-16.462501525878906
1789729840232114000,10.920114013671874,17.64375114440918,-13.781250953674316,-16.275001525878906
1789729840242113800,10.93011376953125,17.71875,-13.518750190734863,-16.387500762939453
1789729840252114000,10.940114013671876,17.512500762939453,-13.612500190734863,-16.293750762939453
1789729840262113800,10.95011376953125,17.118751525878906,-13.425000190734863,-16.33125114440918
1789729840272114000,10.960114013671875,17.15625,-13.350000381469727,-16.087501525878906
1789729840282113800,10.97011376953125,17.043750762939453,-13.331250190734863,-16.23750114440918
1789729840292114000,10.980114013671875,17.043750762939453,-12.937500953674316,-16.162500381469727
1789729840302113800,10.99011376953125,16.80000114440918,-12.99375057220459,-16.33125114440918
1789729840312114000,11.000114013671874,16.80000114440918,-13.050000190734863,-16.80000114440918
1789729840322113800,11.01011376953125,16.743751525878906,-13.031250953674316,-16.6875
1789729840332114000,11.020114013671876,16.650001525878906,-12.787500381469727,-16.631250381469727
1789729840342113800,11.03011376953125,16.875,-12.99375057220459,-16.80000114440918
1789729840352114000,11.040114013671875,16.6875,-13.162500381469727,-16.98750114440918
1789729840362113800,11.05011376953125,16.668750762939453,-12.956250190734863,-16.950000762939453
1789729840372114000,11.060114013671875,16.40625,-13.08750057220459,-16.950000762939453
1789729840382113800,11.07011376953125,16.59375,-12.768750190734863,-16.818750381469727
1789729840392114000,11.080114013671874,16.368751525878906,-12.675000190734863,-16.762500762939453
1789729840402113800,11.09011376953125,16.387500762939453,-12.675000190734863,-16.856250762939453
1789729840412114000,11.100114013671876,16.443750381469727,-12.843750953674316,-16.950000762939453
1789729840422113800,11.11011376953125,16.462501525878906,-12.80625057220459,-16.725000381469727
1789729840432114000,11.120114013671875,16.51875114440918,-12.768750190734863,-16.89375114440918
1789729840442113800,11.13011376953125,16.537500381469727,-12.768750190734863,-16.98750114440918
1789729840452114000,11.140114013671875,16.443750381469727,-12.80625057220459,-17.193750381469727
1789729840462113800,11.15011376953125,16.631250381469727,-13.162500381469727,-17.418750762939453
1789729840472114000,11.160114013671874,16.725000381469727,-13.068750381469727,-17.36250114440918
1789729840482113800,11.17011376953125,16.631250381469727,-13.237500190734863,-17.287500381469727
1789729840492114000,11.180114013671876,16.650001525878906,-13.200000762939453,-17.418750762939453
1789729840502113800,11.19011376953125,16.40625,-13.162500381469727,-17.4375
1789729840512114000,11.200114013671875,16.40625,-13.293750762939453,-17.681251525878906
1789729840522113800,11.21011376953125,16.462501525878906,-13.500000953674316,-17.568750381469727
1789729840532114000,11.220114013671875,16.556251525878906,-13.575000762939453,-17.606250762939453
1789729840542113800,11.23011376953125,16.181251525878906,-13.593750953674316,-17.681251525878906
1789729840552114000,11.240114013671874,16.03125,-13.856250762939453,-17.606250762939453
1789729840562113800,11.25011376953125,15.675000190734863,-13.83750057220459,-17.662500381469727
1789729840572114000,11.260114013671876,15.412500381469727,-13.725000381469727,-17.587501525878906
1789729840582113800,11.27011376953125,15.281250953674316,-13.668750762939453,-17.700000762939453
1789729840592114000,11.280114013671875,15.093750953674316,-13.425000190734863,-17.64375114440918
1789729840602113800,11.29011376953125,14.793750762939453,-13.331250190734863,-17.512500762939453
1789729840612114000,11.300114013671875,14.793750762939453,-13.200000762939453,-17.287500381469727
1789729840622113800,11.31011376953125,14.625000953674316,-13.162500381469727,-17.231250762939453
1789729840632114000,11.320114013671875,14.49375057220459,-12.825000762939453,-17.306251525878906
1789729840642113800,11.33011376953125,14.550000190734863,-12.468750953674316,-17.4375
1789729840652114000,11.340114013671876,14.606250762939453,-12.412500381469727,-17.36250114440918
1789729840662113800,11.35011376953125,14.437500953674316,-12.206250190734863,-17.231250762939453
1789729840672114000,11.360114013671875,14.49375057220459,-12.318750381469727,-17.025001525878906
1789729840682113800,11.37011376953125,14.456250190734863,-12.300000190734863,-17.137500762939453
1789729840692114000,11.380114013671875,14.21250057220459,-12.281250953674316,-17.568750381469727
1789729840702113800,11.39011376953125,14.175000190734863,-12.450000762939453,-17.83125114440918
1789729840712114000,11.400114013671875,14.231250762939453,-12.43125057220459,-18
1789729840722113800,11.41011376953125,14.231250762939453,-12.637500762939453,-17.887500762939453
1789729840732114000,11.420114013671874,14.02500057220459,-12.768750190734863,-17.887500762939453
1789729840742113800,11.43011376953125,14.193750381469727,-13.18125057220459,-18.11250114440918
1789729840752114000,11.440114013671876,14.193750381469727,-13.293750762939453,-18.28125
1789729840762113800,11.45011376953125,14.381250381469727,-13.575000762939453,-18.431251525878906
1789729840772114000,11.460114013671875,14.456250190734863,-13.612500190734863,-18.056251525878906
1789729840782113800,11.47011376953125,14.737500190734863,-13.687500953674316,-17.71875
1789729840792114000,11.480114013671875,14.737500190734863,-14.02500057220459,-17.418750762939453
1789729840802113800,11.49011376953125,14.812500953674316,-14.100000381469727,-17.306251525878906
1789729840812114000,11.500114013671874,15.093750953674316,-14.456250190734863,-17.306251525878906
1789729840822113800,11.51011376953125,15.093750953674316,-14.49375057220459,-16.98750114440918
1789729840832114000,11.520114013671876,15.075000762939453,-14.662500381469727,-16.856250762939453
1789729840842113800,11.53011376953125,15.187500953674316,-14.831250190734863,-16.875
1789729840852114000,11.540114013671875,15.24375057220459,-15.093750953674316,-17.137500762939453
1789729840862113800,11.55011376953125,15.225000381469727,-14.906250953674316,-17.193750381469727
1789729840872114000,11.560114013671875,15.281250953674316,-15.225000381469727,-17.325000762939453
1789729840882113800,11.57011376953125,15.318750381469727,-15.43125057220459,-17.26875114440918
1789729840892114000,11.580114013671874,15.225000381469727,-15.468750953674316,-17.15625
1789729840902113800,11.59011376953125,15.318750381469727,-15.356250762939453,-17.325000762939453
1789729840912114000,11.600114013671876,15.600000381469727,-15.24375057220459,-17.381250381469727
1789729840922113800,11.61011376953125,15.581250190734863,-15.281250953674316,-17.25
1789729840932114000,11.620114013671875,15.675000190734863,-15.281250953674316,-17.08125114440918
1789729840942113800,11.63011376953125,15.768750190734863,-15.52500057220459,-17.043750762939453
1789729840952114000,11.640114013671875,15.768750190734863,-15.562500953674316,-17.043750762939453
1789729840962113800,11.65011376953125,15.843750953674316,-15.637500762939453,-17.26875114440918
1789729840972114000,11.660114013671874,15.80625057220459,-15.600000381469727,-17.4375
1789729840982113800,11.67011376953125,15.99375057220459,-15.862500190734863,-17.493751525878906
1789729840992114000,11.680114013671876,15.80625057220459,-15.881250381469727,-17.381250381469727
1789729841002113800,11.69011376953125,15.637500762939453,-15.862500190734863,-17.418750762939453
1789729841012114000,11.700114013671875,15.750000953674316,-15.975000381469727,-17.36250114440918
1789729841022113800,11.71011376953125,15.731250762939453,-15.937500953674316,-17.512500762939453
1789729841032114000,11.720114013671875,15.675000190734863,-15.768750190734863,-17.306251525878906
1789729841042113800,11.73011376953125,15.562500953674316,-15.768750190734863,-17.17500114440918
1789729841052114000,11.740114013671874,15.562500953674316,-15.52500057220459,-17.043750762939453
1789729841062113800,11.75011376953125,15.375000953674316,-15.393750190734863,-17.0625
1789729841072114000,11.760114013671876,15.43125057220459,-15.581250190734863,-17.118751525878906
1789729841082113800,11.77011376953125,15.43125057220459,-15.375000953674316,-17.08125114440918
1789729841092114000,11.780114013671875,15.262500762939453,-15.24375057220459,-17.212501525878906
1789729841102113800,11.79011376953125,15.093750953674316,-15.24375057220459,-17.212501525878906
1789729841112114000,11.800114013671875,15.112500190734863,-15.168750762939453,-17.568750381469727
1789729841122113800,11.81011376953125,15.318750381469727,-15.075000762939453,-17.587501525878906
1789729841132114000,11.820114013671875,15.168750762939453,-14.981250762939453,-17.55000114440918
1789729841142113800,11.83011376953125,15.093750953674316,-15.093750953674316,-17.475000381469727
1789729841152114000,11.840114013671876,14.981250762939453,-14.831250190734863,-17.662500381469727
1789729841162113800,11.85011376953125,14.981250762939453,-14.831250190734863,-17.53125
1789729841172114000,11.860114013671875,15.05625057220459,-15.018750190734863,-17.625
1789729841182113800,11.87011376953125,15.33750057220459,-14.981250762939453,-17.53125
1789729841192114000,11.880114013671875,15.300000190734863,-15.037500381469727,-17.53125
1789729841202113800,11.89011376953125,15.300000190734863,-15.112500190734863,-17.83125114440918
1789729841212114000,11.900114013671875,15.675000190734863,-15.468750953674316,-17.92500114440918
1789729841222113800,11.91011376953125,15.693750381469727,-15.562500953674316,-17.887500762939453
1789729841232114000,11.920114013671874,15.675000190734863,-15.581250190734863,-17.850000381469727
1789729841242113800,11.93011376953125,15.80625057220459,-15.487500190734863,-18
1789729841252114000,11.940114013671876,15.843750953674316,-15.24375057220459,-17.8125
1789729841262113800,11.95011376953125,15.468750953674316,-15.375000953674316,-17.700000762939453
1789729841272114000,11.960114013671875,15.61875057220459,-15.187500953674316,-17.34375
1789729841282113800,11.97011376953125,15.656250953674316,-14.981250762939453,-16.875
1789729841292114000,11.980114013671875,15.206250190734863,-14.625000953674316,-16.818750381469727
1789729841302113800,11.99011376953125,15.33750057220459,-14.268750190734863,-17.08125114440918
1789729841312114000,12.000114013671874,15.225000381469727,-14.325000762939453,-17.25
1789729841322113800,12.01011376953125,14.831250190734863,-14.325000762939453,-17.306251525878906
1789729841332114000,12.020114013671876,14.49375057220459,-14.231250762939453,-17.118751525878906
1789729841342113800,12.03011376953125,14.362500190734863,-14.006250381469727,-17.4375
1789729841352114000,12.040114013671875,14.21250057220459,-14.062500953674316,-17.71875
1789729841362113000,12.050113037109375,13.875000953674316,-14.21250057220459,-18.037500381469727
1789729841372113200,12.060113037109375,13.93125057220459,-14.231250762939453,-18.337501525878906
1789729841382113000,12.070113037109374,13.856250762939453,-14.381250381469727,-18.1875
1789729841392113200,12.080113037109374,13.74375057220459,-14.11875057220459,-18
1789729841402113000,12.090113037109376,13.950000762939453,-14.137500762939453,-17.83125114440918
1789729841412113200,12.100113037109375,13.856250762939453,-14.11875057220459,-18.243751525878906
1789729841422113000,12.110113037109375,14.11875057220459,-14.006250381469727,-18.075000762939453
1789729841432113200,12.120113037109375,13.987500190734863,-14.062500953674316,-18.1875
1789729841442113000,12.130113037109375,14.062500953674316,-13.762500762939453,-18.01875114440918
1789729841452113200,12.140113037109375,14.081250190734863,-13.856250762939453,-17.662500381469727
1789729841462113000,12.150113037109374,13.893750190734863,-13.74375057220459,-17.625
1789729841472113200,12.160113037109374,14.006250381469727,-13.875000953674316,-17.45625114440918
1789729841482113000,12.170113037109376,13.950000762939453,-13.875000953674316,-17.36250114440918
1789729841492113200,12.180113037109376,13.912500381469727,-13.74375057220459,-17.212501525878906
1789729841502113000,12.190113037109375,13.893750190734863,-13.631250381469727,-16.950000762939453
1789729841512113200,12.200113037109375,14.193750381469727,-13.687500953674316,-16.61250114440918
1789729841522113000,12.210113037109375,14.231250762939453,-13.93125057220459,-16.575000762939453
1789729841532113200,12.220113037109375,14.606250762939453,-13.818750381469727,-16.70625114440918
1789729841542113000,12.230113037109374,14.68125057220459,-13.631250381469727,-16.89375114440918
1789729841552113200,12.240113037109374,14.662500381469727,-13.612500190734863,-17.137500762939453
1789729841562113000,12.250113037109376,14.96250057220459,-13.818750381469727,-17.287500381469727
1789729841572113200,12.260113037109376,15.543750762939453,-14.062500953674316,-17.36250114440918
1789729841582113000,12.270113037109375,15.543750762939453,-14.456250190734863,-17.45625114440918
1789729841592113200,12.280113037109375,15.43125057220459,-14.30625057220459,-17.64375114440918
1789729841602113000,12.290113037109375,15.300000190734863,-14.193750381469727,-17.793750762939453
1789729841612113200,12.300113037109375,15.093750953674316,-14.287500381469727,-18.01875114440918
1789729841622113000,12.310113037109375,15.24375057220459,-14.531250953674316,-17.681251525878906
1789729841632113200,12.320113037109374,15.356250762939453,-14.718750953674316,-17.381250381469727
1789729841642113000,12.330113037109374,15.093750953674316,-14.700000762939453,-17.34375
1789729841652113200,12.340113037109376,14.58750057220459,-14.418750762939453,-17.100000381469727
1789729841662113000,12.350113037109375,14.456250190734863,-14.40000057220459,-17.26875114440918
1789729841672113200,12.360113037109375,14.418750762939453,-14.437500953674316,-17.137500762939453
1789729841682113000,12.370113037109375,14.475000381469727,-14.662500381469727,-16.80000114440918
1789729841692113200,12.380113037109375,14.643750190734863,-14.606250762939453,-16.668750762939453
1789729841702113000,12.390113037109375,14.568750381469727,-14.625000953674316,-16.743751525878906
1789729841712113200,12.400113037109374,14.531250953674316,-14.456250190734863,-16.818750381469727
1789729841722113000,12.410113037109374,14.700000762939453,-14.362500190734863,-16.80000114440918
1789729841732113200,12.420113037109376,14.662500381469727,-14.475000381469727,-16.950000762939453
1789729841742113000,12.430113037109376,14.850000381469727,-14.381250381469727,-16.98750114440918
1789729841752113200,12.440113037109375,14.831250190734863,-14.40000057220459,-17.006250381469727
1789729841762113000,12.450113037109375,15.206250190734863,-14.156250953674316,-17.306251525878906
1789729841772113200,12.460113037109375,14.86875057220459,-14.100000381469727,-17.287500381469727
1789729841782113000,12.470113037109375,14.887500762939453,-13.987500190734863,-17.25
1789729841792113200,12.480113037109374,14.812500953674316,-14.043750762939453,-17.306251525878906
1789729841802113000,12.490113037109374,14.58750057220459,-13.968750953674316,-17.512500762939453
1789729841812113200,12.500113037109376,14.662500381469727,-14.193750381469727,-17.568750381469727
1789729841822113000,12.510113037109376,14.30625057220459,-14.02500057220459,-17.4375
1789729841832113200,12.520113037109375,14.02500057220459,-14.11875057220459,-17.45625114440918
1789729841842113000,12.530113037109375,13.668750762939453,-13.912500381469727,-17.568750381469727
1789729841852113200,12.540113037109375,13.593750953674316,-14.043750762939453,-17.475000381469727
1789729841862113000,12.550113037109375,13.500000953674316,-14.175000190734863,-17.568750381469727
1789729841872113200,12.560113037109375,13.27500057220459,-14.062500953674316,-17.625
1789729841882113000,12.570113037109374,13.218750953674316,-14.02500057220459,-17.625
1789729841892113200,12.580113037109374,13.012500762939453,-13.800000190734863,-17.493751525878906
1789729841902113000,12.590113037109376,12.956250190734863,-13.800000190734863,-17.55000114440918
1789729841912113200,12.600113037109375,13.36875057220459,-13.800000190734863,-17.53125
1789729841922113000,12.610113037109375,13.481250762939453,-14.006250381469727,-17.55000114440918
1789729841932113200,12.620113037109375,13.725000381469727,-14.100000381469727,-17.418750762939453
1789729841942113000,12.630113037109375,13.593750953674316,-14.043750762939453,-17.475000381469727
1789729841952113200,12.640113037109375,13.800000190734863,-14.02500057220459,-17.493751525878906
1789729841962113000,12.650113037109374,13.706250190734863,-14.062500953674316,-17.231250762939453
1789729841972113200,12.660113037109374,14.043750762939453,-13.950000762939453,-17.34375
1789729841982113000,12.670113037109376,14.531250953674316,-14.11875057220459,-17.325000762939453
1789729841992113200,12.680113037109376,14.268750190734863,-13.83750057220459,-17.55000114440918
1789729842002113000,12.690113037109375,14.006250381469727,-13.762500762939453,-17.45625114440918
1789729842012113200,12.700113037109375,13.912500381469727,-13.575000762939453,-17.25
1789729842022113000,12.710113037109375,14.268750190734863,-13.518750190734863,-17.25
1789729842032113200,12.720113037109375,14.231250762939453,-13.800000190734863,-17.08125114440918
1789729842042113000,12.730113037109374,14.381250381469727,-13.800000190734863,-17.193750381469727
1789729842052113200,12.740113037109374,14.193750381469727,-14.043750762939453,-17.212501525878906
1789729842062113000,12.750113037109376,13.856250762939453,-13.893750190734863,-17.25
1789729842072113200,12.760113037109376,13.968750953674316,-14.062500953674316,-17.287500381469727
1789729842082113000,12.770113037109375,14.137500762939453,-14.21250057220459,-17.287500381469727
1789729842092113200,12.780113037109375,14.11875057220459,-14.006250381469727,-17.512500762939453
1789729842102113000,12.790113037109375,13.856250762939453,-13.818750381469727,-17.381250381469727
1789729842112113200,12.800113037109375,13.83750057220459,-13.443750381469727,-17.400001525878906
1789729842122113000,12.810113037109375,13.725000381469727,-13.256250381469727,-17.4375
1789729842132113200,12.820113037109374,13.912500381469727,-13.256250381469727,-17.36250114440918
1789729842142113000,12.830113037109374,13.93125057220459,-13.162500381469727,-17.625
1789729842152113200,12.840113037109376,13.706250190734863,-12.90000057220459,-17.681251525878906
1789729842162113000,12.850113037109375,13.706250190734863,-12.787500381469727,-17.83125114440918
1789729842172113200,12.860113037109375,13.575000762939453,-12.975000381469727,-17.962501525878906
1789729842182113000,12.870113037109375,13.312500953674316,-13.050000190734863,-17.962501525878906
1789729842192113200,12.880113037109375,13.218750953674316,-13.08750057220459,-18.337501525878906
1789729842202113000,12.890113037109375,13.237500190734863,-13.143750190734863,-18.412500381469727
1789729842212113200,12.900113037109374,12.99375057220459,-12.918750762939453,-18.46875
1789729842222113000,12.910113037109374,12.975000381469727,-12.693750381469727,-18.20625114440918
1789729842232113200,12.920113037109376,13.068750381469727,-12.862500190734863,-18.11250114440918
1789729842242113000,12.930113037109376,12.956250190734863,-12.750000953674316,-18.09375
1789729842252113200,12.940113037109375,12.80625057220459,-12.562500953674316,-18.168750762939453
1789729842262113000,12.950113037109375,13.143750190734863,-12.468750953674316,-18.337501525878906
1789729842272113200,12.960113037109375,13.200000762939453,-12.356250762939453,-18.225000381469727
1789729842282113000,12.970113037109375,13.331250190734863,-12.412500381469727,-17.90625
1789729842292113200,12.980113037109374,13.218750953674316,-12.168750762939453,-17.83125114440918
1789729842302113000,12.990113037109374,13.218750953674316,-12.393750190734863,-17.887500762939453
1789729842312113200,13.000113037109376,13.162500381469727,-12.112500190734863,-18.01875114440918
1789729842322113000,13.010113037109376,13.08750057220459,-12.131250381469727,-18.131250381469727
1789729842332113200,13.020113037109375,13.031250953674316,-11.96250057220459,-18.168750762939453
1789729842342113000,13.030113037109375,12.918750762939453,-11.925000190734863,-18.356250762939453
1789729842352113200,13.040113037109375,12.937500953674316,-11.77500057220459,-18.337501525878906
1789729842362113000,13.050113037109375,12.731250762939453,-11.40000057220459,-18.67500114440918
1789729842372113200,13.060113037109375,12.862500190734863,-11.418750762939453,-18.712501525878906
1789729842382113000,13.070113037109374,12.787500381469727,-11.362500190734863,-18.58125114440918
1789729842392113200,13.080113037109374,12.656250953674316,-11.231250762939453,-18.46875
1789729842402113000,13.090113037109376,12.80625057220459,-11.02500057220459,-18.243751525878906
1789729842412113200,13.100113037109375,12.825000762939453,-11.0625,-17.962501525878906
1789729842422113000,13.110113037109375,12.843750953674316,-10.912500381469727,-17.73750114440918
1789729842432113200,13.120113037109375,12.656250953674316,-10.800000190734863,-17.981250762939453
1789729842442113000,13.130113037109375,12.487500190734863,-10.46250057220459,-18.075000762939453
1789729842452113200,13.140113037109375,12.375000953674316,-10.27500057220459,-18.037500381469727
1789729842462113000,13.150113037109374,12.356250762939453,-9.881250381469727,-18.28125
1789729842472113200,13.160113037109374,12.15000057220459,-9.731250762939453,-18.525001525878906
1789729842482113000,13.170113037109376,11.606250762939453,-9.262500762939453,-18.76875114440918
1789729842492113200,13.180113037109376,11.268750190734863,-8.756250381469727,-19.05000114440918
1789729842502113000,13.190113037109375,11.043750762939453,-8.268750190734863,-19.256250381469727
1789729842512113200,13.200113037109375,10.987500190734863,-8.006250381469727,-19.33125114440918
1789729842522113000,13.210113037109375,10.706250190734863,-7.818750381469727,-19.575000762939453
1789729842532113200,13.220113037109375,10.331250190734863,-7.762500286102295,-20.08125114440918
1789729842542113000,13.230113037109374,9.956250190734863,-7.500000476837158,-20.306251525878906
1789729842552113200,13.240113037109374,9.84375,-7.200000286102295,-20.193750381469727
1789729842562113000,13.250113037109376,10.08750057220459,-7.181250095367432,-20.17500114440918
1789729842572113200,13.260113037109376,10.331250190734863,-7.143750190734863,-20.325000762939453
1789729842582113000,13.270113037109375,9.9375,-7.218750476837158,-20.45625114440918
1789729842592113200,13.280113037109375,9.75,-7.106250286102295,-20.418750762939453
1789729842602113000,13.290113037109375,10.08750057220459,-6.975000381469727,-20.15625
1789729842612113200,13.300113037109375,10.012500762939453,-6.825000286102295,-20.231250762939453
1789729842622113000,13.310113037109375,10.08750057220459,-6.712500095367432,-20.025001525878906
1789729842632113200,13.320113037109374,10.106250762939453,-6.543750286102295,-20.15625
1789729842642113000,13.330113037109374,9.80625057220459,-6.375000476837158,-20.512500762939453
1789729842652113200,13.340113037109376,9.693750381469727,-6.168750286102295,-20.662500381469727
1789729842662113000,13.350113037109375,9.637500762939453,-6.037500381469727,-20.662500381469727
1789729842672113200,13.360113037109375,9.675000190734863,-6.056250095367432,-20.64375114440918
1789729842682113000,13.370113037109375,9.506250381469727,-6.225000381469727,-20.887500762939453
1789729842692113200,13.380113037109375,9.506250381469727,-6.112500190734863,-20.868751525878906
1789729842702113000,13.390113037109375,9.506250381469727,-6.112500190734863,-21.168750762939453
1789729842712113200,13.400113037109374,9.300000190734863,-6.468750476837158,-21.262500762939453
1789729842722113000,13.410113037109374,9.412500381469727,-6.487500190734863,-21.1875
1789729842732113200,13.420113037109376,9.450000762939453,-6.806250095367432,-21.09375
1789729842742113000,13.430113037109376,9.693750381469727,-6.787500381469727,-21.28125
1789729842752113200,13.440113037109375,9.61875057220459,-6.581250190734863,-21.46875
1789729842762113000,13.450113037109375,9.506250381469727,-6.412500381469727,-21.618751525878906
1789729842772113200,13.460113037109375,9.71250057220459,-6.375000476837158,-21.75
1789729842782113000,13.470113037109375,9.881250381469727,-6.450000286102295,-21.712501525878906
1789729842792113200,13.480113037109374,10.068750381469727,-6.318750381469727,-21.712501525878906
1789729842802113000,13.490113037109374,10.03125,-6.487500190734863,-21.543750762939453
1789729842812113200,13.500113037109376,9.99375057220459,-6.375000476837158,-21.543750762939453
1789729842822113000,13.510113037109376,9.9375,-6.356250286102295,-21.48750114440918
1789729842832113200,13.520113037109375,9.787500381469727,-6.318750381469727,-21.58125114440918
1789729842842113000,13.530113037109375,9.75,-6.281250476837158,-21.48750114440918
1789729842852113200,13.540113037109375,9.46875,-5.962500095367432,-21.30000114440918
1789729842862113000,13.550113037109375,8.925000190734863,-5.606250286102295,-21.356250762939453
1789729842872113200,13.560113037109375,8.625,-5.362500190734863,-21.525001525878906
1789729842882113000,13.570113037109374,8.550000190734863,-5.0625,-21.600000381469727
1789729842892113200,13.580113037109374,8.381250381469727,-4.950000286102295,-21.806251525878906
1789729842902113000,13.590113037109376,8.34375,-5.137500286102295,-21.993751525878906
1789729842912113200,13.600113037109375,8.512500762939453,-5.493750095367432,-22.21875
1789729842922113000,13.610113037109375,8.58750057220459,-5.4375,-22.40625
1789729842932113200,13.620113037109375,8.737500190734863,-5.643750190734863,-22.650001525878906
1789729842942113000,13.630113037109375,9.09375,-6.018750190734863,-22.89375114440918
1789729842952113200,13.640113037109375,9.1875,-6.206250190734863,-23.0625
1789729842962113000,13.650113037109374,9.300000190734863,-6.150000095367432,-23.193750381469727
1789729842972113200,13.660113037109374,9.168750762939453,-6.037500381469727,-23.34375
1789729842982113000,13.670113037109376,9.206250190734863,-5.868750095367432,-23.137500762939453
1789729842992113200,13.680113037109376,9.487500190734863,-5.681250095367432,-22.856250762939453
1789729843002113000,13.690113037109375,9.600000381469727,-5.90625,-22.80000114440918
1789729843012113200,13.700113037109375,9.768750190734863,-6.093750476837158,-22.5
1789729843022113000,13.710113037109375,9.9375,-6.018750190734863,-22.33125114440918
1789729843032113200,13.720113037109375,10.3125,-6.112500190734863,-22.293750762939453
1789729843042113000,13.730113037109374,10.387500762939453,-6.356250286102295,-22.42500114440918
1789729843052113200,13.740113037109374,10.725000381469727,-6.581250190734863,-22.42500114440918
1789729843062113000,13.750113037109376,10.725000381469727,-6.956250190734863,-22.70625114440918
1789729843072113200,13.760113037109376,10.668750762939453,-6.787500381469727,-22.70625114440918
1789729843082113000,13.770113037109375,10.725000381469727,-6.900000095367432,-22.668750762939453
1789729843092113200,13.780113037109375,10.950000762939453,-7.087500095367432,-23.100000381469727
1789729843102113000,13.790113037109375,11.0625,-7.218750476837158,-23.100000381469727
1789729843112113200,13.800113037109375,11.34375,-7.368750095367432,-22.96875
1789729843122113000,13.810113037109375,11.606250762939453,-7.668750286102295,-23.118751525878906
1789729843132113200,13.820113037109374,11.77500057220459,-7.837500095367432,-22.89375114440918
1789729843142113000,13.830113037109374,12.206250190734863,-7.856250286102295,-22.80000114440918
1789729843152113200,13.840113037109376,12.206250190734863,-8.325000762939453,-23.118751525878906
1789729843162113000,13.850113037109375,12.468750953674316,-8.362500190734863,-23.381250381469727
1789729843172113200,13.860113037109375,12.750000953674316,-8.362500190734863,-23.212501525878906
1789729843182113000,13.870113037109375,12.80625057220459,-8.362500190734863,-23.287500381469727
1789729843192113200,13.880113037109375,13.012500762939453,-8.325000762939453,-23.53125
1789729843202113000,13.890113037109375,13.18125057220459,-8.381250381469727,-23.325000762939453
1789729843212113200,13.900113037109374,13.27500057220459,-8.418750762939453,-23.625
1789729843222113000,13.910113037109374,13.36875057220459,-8.662500381469727,-23.681251525878906
1789729843232113200,13.920113037109376,13.593750953674316,-8.737500190734863,-23.306251525878906
1789729843242113000,13.930113037109376,14.02500057220459,-8.77500057220459,-22.837501525878906
1789729843252113200,13.940113037109375,14.11875057220459,-8.850000381469727,-22.631250381469727
1789729843262113000,13.950113037109375,14.231250762939453,-8.86875057220459,-22.462501525878906
1789729843272113200,13.960113037109375,13.968750953674316,-8.86875057220459,-22.33125114440918
1789729843282113000,13.970113037109375,13.968750953674316,-8.68125057220459,-22.350000381469727
1789729843292113200,13.980113037109374,13.875000953674316,-8.550000190734863,-22.350000381469727
1789729843302113000,13.990113037109374,13.518750190734863,-8.231250762939453,-22.40625
1789729843312113200,14.000113037109376,13.387500762939453,-8.0625,-22.575000762939453
1789729843322113000,14.010113037109376,13.162500381469727,-8.34375,-22.837501525878906
1789729843332113200,14.020113037109375,12.937500953674316,-8.381250381469727,-22.96875
1789729843342113000,14.030113037109375,13.27500057220459,-8.850000381469727,-23.137500762939453
1789729843352113200,14.040113037109375,13.537500381469727,-9,-23.137500762939453
1789729843362113000,14.050113037109375,14.043750762939453,-9.412500381469727,-23.212501525878906
1789729843372113200,14.060113037109375,14.362500190734863,-9.918750762939453,-23.306251525878906
1789729843382113000,14.070113037109374,14.887500762939453,-10.050000190734863,-23.25
1789729843392113200,14.080113037109374,15.093750953674316,-10.3125,-23.137500762939453
1789729843402113000,14.090113037109376,15.225000381469727,-10.331250190734863,-23.025001525878906
1789729843412113200,14.100113037109375,15.225000381469727,-10.575000762939453,-22.950000762939453
1789729843422113000,14.110113037109375,14.943750381469727,-10.5,-22.875
1789729843432113200,14.120113037109375,14.925000190734863,-10.856250762939453,-22.875
1789729843442113000,14.130113037109375,14.550000190734863,-10.762500762939453,-22.80000114440918
1789729843452113200,14.140113037109375,14.700000762939453,-10.912500381469727,-22.818750381469727
1789729843462113000,14.150113037109374,14.68125057220459,-11.30625057220459,-23.08125114440918
1789729843472113200,14.160113037109374,15.15000057220459,-11.475000381469727,-23.006250381469727
1789729843482113000,14.170113037109376,14.943750381469727,-11.606250762939453,-23.231250762939453
1789729843492113200,14.180113037109376,15.581250190734863,-11.606250762939453,-23.17500114440918
1789729843502113000,14.190113037109375,15.656250953674316,-11.643750190734863,-23.306251525878906
1789729843512113200,14.200113037109375,15.918750762939453,-11.53125,-23.006250381469727
1789729843522113000,14.210113037109375,15.956250190734863,-11.71875,-23.25
1789729843532113200,14.220113037109375,16.200000762939453,-11.925000190734863,-22.931251525878906
1789729843542113000,14.230113037109374,16.106250762939453,-11.643750190734863,-22.650001525878906
1789729843552113200,14.240113037109374,16.14375114440918,-11.737500190734863,-22.743751525878906
1789729843562113000,14.250113037109376,16.162500381469727,-11.68125057220459,-22.575000762939453
1789729843572113200,14.260113037109376,15.881250381469727,-11.925000190734863,-22.725000381469727
1789729843582113000,14.270113037109375,15.600000381469727,-12.131250381469727,-22.80000114440918
1789729843592113200,14.280113037109375,15.43125057220459,-12.131250381469727,-22.6875
1789729843602113000,14.290113037109375,15.262500762939453,-11.77500057220459,-22.556251525878906
1789729843612113200,14.300113037109375,15.206250190734863,-11.737500190734863,-22.631250381469727
1789729843622113000,14.310113037109375,15.018750190734863,-11.643750190734863,-22.6875
1789729843632113200,14.320113037109374,14.68125057220459,-11.625,-22.89375114440918
1789729843642113000,14.330113037109374,14.737500190734863,-11.756250381469727,-23.15625
1789729843652113200,14.340113037109376,14.718750953674316,-11.662500381469727,-23.287500381469727
1789729843662113000,14.350113037109375,14.86875057220459,-11.21250057220459,-23.26875114440918
1789729843672113200,14.360113037109375,14.793750762939453,-11.175000190734863,-23.55000114440918
1789729843682113000,14.370113037109375,14.925000190734863,-11.49375057220459,-23.493751525878906
1789729843692113200,14.380113037109375,14.512500762939453,-11.362500190734863,-23.83125114440918
1789729843702113000,14.390113037109375,14.625000953674316,-11.475000381469727,-24.11250114440918
1789729843712113200,14.400113037109374,14.831250190734863,-11.49375057220459,-23.943750381469727
1789729843722113000,14.410113037109374,14.718750953674316,-11.568750381469727,-24
1789729843732113200,14.420113037109376,14.68125057220459,-11.90625,-24.20625114440918
1789729843742113000,14.430113037109376,14.756250381469727,-12.281250953674316,-24.262500762939453
1789729843752113200,14.440113037109375,14.943750381469727,-12.675000190734863,-24.431251525878906
1789729843762113000,14.450113037109375,14.606250762939453,-12.61875057220459,-24.600000381469727
1789729843772113200,14.460113037109375,14.700000762939453,-12.862500190734863,-24.48750114440918
1789729843782113000,14.470113037109375,14.68125057220459,-13.293750762939453,-24.39375114440918
1789729843792113200,14.480113037109374,14.58750057220459,-13.387500762939453,-24.58125114440918
1789729843802113000,14.490113037109374,14.568750381469727,-13.350000381469727,-24.562501907348633
1789729843812113200,14.500113037109376,14.437500953674316,-13.237500190734863,-24.356250762939453
1789729843822113000,14.510113037109376,14.343750953674316,-13.162500381469727,-24.20625114440918
1789729843832113200,14.520113037109375,14.268750190734863,-13.237500190734863,-24.187501907348633
1789729843842113000,14.530113037109375,14.531250953674316,-13.425000190734863,-23.775001525878906
1789729843852113200,14.540113037109375,14.831250190734863,-13.481250762939453,-23.700000762939453
1789729843862113000,14.550113037109375,14.756250381469727,-13.46250057220459,-23.45625114440918
1789729843872113200,14.560113037109375,14.850000381469727,-13.55625057220459,-23.625
1789729843882113000,14.570113037109374,14.850000381469727,-13.55625057220459,-23.587501525878906
1789729843892113200,14.580113037109374,14.756250381469727,-13.725000381469727,-23.625
1789729843902113000,14.590113037109376,14.700000762939453,-13.93125057220459,-23.756250381469727
1789729843912113200,14.600113037109375,14.550000190734863,-14.062500953674316,-23.756250381469727
1789729843922113000,14.610113037109375,14.568750381469727,-14.287500381469727,-24.281251907348633
1789729843932113200,14.620113037109375,14.21250057220459,-14.231250762939453,-24.450000762939453
1789729843942113000,14.630113037109375,14.287500381469727,-14.193750381469727,-24.58125114440918
1789729843952113200,14.640113037109375,14.02500057220459,-14.287500381469727,-24.562501907348633
1789729843962113000,14.650113037109374,14.193750381469727,-14.49375057220459,-24.731250762939453
1789729843972113200,14.660113037109374,14.362500190734863,-14.193750381469727,-24.918750762939453
1789729843982113000,14.670113037109376,14.662500381469727,-14.100000381469727,-25.068750381469727
1789729843992113200,14.680113037109376,14.643750190734863,-13.875000953674316,-25.387500762939453
1789729844002113000,14.690113037109375,14.568750381469727,-13.875000953674316,-25.387500762939453
1789729844012113200,14.700113037109375,14.643750190734863,-13.912500381469727,-25.387500762939453
1789729844022113000,14.710113037109375,14.58750057220459,-14.11875057220459,-25.631250381469727
1789729844032113200,14.720113037109375,14.625000953674316,-14.02500057220459,-25.575000762939453
1789729844042113000,14.730113037109374,14.68125057220459,-13.631250381469727,-25.406251907348633
1789729844052113200,14.740113037109374,14.512500762939453,-13.893750190734863,-25.275001525878906
1789729844062113000,14.750113037109376,14.21250057220459,-13.856250762939453,-25.42500114440918
1789729844072113200,14.760113037109376,14.30625057220459,-14.100000381469727,-25.218751907348633
1789729844082113000,14.770113037109375,14.062500953674316,-13.875000953674316,-25.200000762939453
1789729844092113200,14.780113037109375,13.93125057220459,-13.856250762939453,-25.162500381469727
1789729844102113000,14.790113037109375,13.93125057220459,-13.593750953674316,-25.162500381469727
1789729844112113200,14.800113037109375,13.818750381469727,-13.706250190734863,-25.481250762939453
1789729844122113000,14.810113037109375,13.668750762939453,-13.856250762939453,-25.61250114440918
1789729844132113200,14.820113037109374,13.593750953674316,-13.818750381469727,-25.875001907348633
1789729844142113000,14.830113037109374,13.65000057220459,-14.02500057220459,-25.631250381469727
1789729844152113200,14.840113037109376,13.256250381469727,-13.668750762939453,-25.725000381469727
1789729844162113000,14.850113037109375,13.218750953674316,-13.612500190734863,-25.762500762939453
1789729844172113200,14.860113037109375,13.08750057220459,-13.706250190734863,-25.837501525878906
1789729844182113000,14.870113037109375,13.125000953674316,-13.893750190734863,-26.08125114440918
1789729844192113200,14.880113037109375,13.050000190734863,-14.02500057220459,-25.931251525878906
1789729844202113000,14.890113037109375,12.937500953674316,-14.175000190734863,-26.156251907348633
1789729844212113200,14.900113037109374,12.787500381469727,-14.287500381469727,-26.062501907348633
1789729844222113000,14.910113037109374,12.975000381469727,-14.418750762939453,-26.250001907348633
1789729844232113200,14.920113037109376,13.106250762939453,-14.475000381469727,-26.343751907348633
1789729844242113000,14.930113037109376,13.106250762939453,-14.475000381469727,-26.343751907348633
1789729844252113200,14.940113037109375,13.218750953674316,-14.250000953674316,-26.606250762939453
1789729844262113000,14.950113037109375,13.256250381469727,-14.156250953674316,-26.55000114440918
1789729844272113200,14.960113037109375,13.331250190734863,-14.062500953674316,-26.587501525878906
1789729844282113000,14.970113037109375,13.312500953674316,-14.231250762939453,-26.287500381469727
1789729844292113200,14.980113037109374,13.406250953674316,-13.950000762939453,-26.45625114440918
1789729844302113000,14.990113037109374,13.18125057220459,-13.687500953674316,-26.36250114440918
1789729844312113200,15.000113037109376,13.406250953674316,-13.912500381469727,-26.568750381469727
1789729844322113000,15.010113037109376,13.200000762939453,-13.968750953674316,-26.700000762939453
1789729844332113200,15.020113037109375,13.162500381469727,-13.950000762939453,-26.681251525878906
1789729844342113000,15.030113037109375,12.937500953674316,-14.081250190734863,-26.625001907348633
1789729844352113200,15.040113037109375,13.125000953674316,-13.987500190734863,-26.568750381469727
1789729844362113000,15.050113037109375,13.050000190734863,-13.781250953674316,-26.906251907348633
1789729844372113200,15.060113037109375,13.125000953674316,-14.100000381469727,-27.056251525878906
1789729844382113000,15.070113037109374,13.068750381469727,-14.137500762939453,-27.30000114440918
1789729844392113200,15.080113037109374,12.918750762939453,-14.250000953674316,-27.337501525878906
1789729844402113000,15.090113037109376,13.08750057220459,-14.418750762939453,-27.506250381469727
1789729844412113200,15.100113037109375,13.237500190734863,-14.643750190734863,-27.731250762939453
1789729844422113000,15.110113037109375,13.387500762939453,-14.418750762939453,-27.95625114440918
1789729844432113200,15.120113037109375,12.918750762939453,-14.531250953674316,-28.14375114440918
1789729844442113000,15.130113037109375,13.106250762939453,-14.475000381469727,-28.106250762939453
1789729844452113200,15.140113037109375,13.143750190734863,-14.287500381469727,-28.087501525878906
1789729844462113000,15.150113037109374,12.937500953674316,-14.30625057220459,-28.106250762939453
1789729844472113200,15.160113037109374,12.956250190734863,-14.081250190734863,-27.918750762939453
1789729844482113000,15.170113037109376,13.050000190734863,-13.83750057220459,-27.712501525878906
1789729844492113200,15.180113037109376,12.675000190734863,-13.612500190734863,-27.431251525878906
1789729844502113000,15.190113037109375,12.675000190734863,-13.65000057220459,-27.337501525878906
1789729844512113200,15.200113037109375,12.862500190734863,-13.668750762939453,-27.525001525878906
1789729844522113000,15.210113037109375,12.71250057220459,-13.706250190734863,-27.67500114440918
1789729844532113200,15.220113037109375,12.637500762939453,-13.481250762939453,-27.712501525878906
1789729844542113000,15.230113037109374,12.731250762939453,-13.575000762939453,-27.843751907348633
1789729844552113200,15.240113037109374,12.61875057220459,-13.293750762939453,-27.975000381469727
1789729844562113000,15.250113037109376,12.61875057220459,-13.500000953674316,-28.125001907348633
1789729844572113200,15.260113037109376,12.881250381469727,-13.387500762939453,-28.387500762939453
1789729844582113000,15.270113037109375,12.693750381469727,-13.387500762939453,-28.481250762939453
1789729844592113200,15.280113037109375,12.656250953674316,-13.031250953674316,-28.462501525878906
1789729844602113000,15.290113037109375,12.61875057220459,-12.956250190734863,-28.443750381469727
1789729844612113200,15.300113037109375,12.468750953674316,-12.956250190734863,-28.481250762939453
1789729844622113000,15.310113037109375,12.61875057220459,-12.768750190734863,-28.61250114440918
1789729844632113200,15.320113037109374,12.450000762939453,-12.656250953674316,-28.931251525878906
1789729844642113000,15.330113037109374,12.600000381469727,-12.24375057220459,-29.062501907348633
1789729844652113200,15.340113037109376,12.61875057220459,-12,-29.025001525878906
1789729844662113000,15.350113037109375,12.731250762939453,-11.86875057220459,-29.17500114440918
1789729844672113200,15.360113037109375,12.99375057220459,-12,-29.100000381469727
1789729844682113000,15.370113037109375,12.956250190734863,-11.793750762939453,-29.08125114440918
1789729844692113200,15.380113037109375,12.918750762939453,-11.71875,-29.193750381469727
1789729844702113000,15.390113037109375,13.293750762939453,-11.550000190734863,-28.950000762939453
1789729844712113200,15.400113037109374,13.706250190734863,-11.606250762939453,-28.725000381469727
1789729844722113000,15.410113037109374,13.856250762939453,-11.737500190734863,-28.650001525878906
1789729844732113200,15.420113037109376,13.893750190734863,-11.887500762939453,-28.687501907348633
1789729844742113000,15.430113037109376,14.081250190734863,-11.4375,-28.556251525878906
1789729844752113200,15.440113037109375,13.93125057220459,-11.137500762939453,-28.51875114440918
1789729844762113000,15.450113037109375,14.137500762939453,-11.11875057220459,-28.781251907348633
1789729844772113200,15.460113037109375,14.287500381469727,-10.987500190734863,-28.781251907348633
1789729844782113000,15.470113037109375,14.100000381469727,-10.856250762939453,-28.968751907348633
1789729844792113200,15.480113037109374,14.100000381469727,-10.537500381469727,-29.156251907348633
1789729844802113000,15.490113037109374,14.02500057220459,-10.36875057220459,-29.212501525878906
1789729844812113200,15.500113037109376,14.193750381469727,-10.143750190734863,-29.08125114440918
1789729844822113000,15.510113037109376,14.381250381469727,-10.237500190734863,-29.156251907348633
1789729844832113200,15.520113037109375,14.625000953674316,-10.21875,-29.418750762939453
1789729844842113000,15.530113037109375,15.131250381469727,-10.08750057220459,-29.231250762939453
1789729844852113200,15.540113037109375,15.600000381469727,-9.90000057220459,-29.343751907348633
1789729844862113000,15.550113037109375,15.675000190734863,-9.80625057220459,-29.625001907348633
1789729844872113200,15.560113037109375,15.99375057220459,-10.068750381469727,-29.568750381469727
1789729844882113000,15.570113037109374,16.3125,-9.975000381469727,-29.681251525878906
1789729844892113200,15.580113037109374,16.481250762939453,-10.068750381469727,-29.887500762939453
1789729844902113000,15.590113037109376,16.33125114440918,-10.068750381469727,-29.981250762939453
1789729844912113200,15.600113037109375,16.59375,-10.237500190734863,-30.131250381469727
1789729844922113000,15.610113037109375,16.59375,-10.518750190734863,-30.243751525878906
1789729844932113200,15.620113037109375,16.70625114440918,-10.96875,-30.150001525878906
1789729844942113000,15.630113037109375,16.875,-10.83750057220459,-29.756250381469727
1789729844952113200,15.640113037109375,17.043750762939453,-10.96875,-29.775001525878906
1789729844962113000,15.650113037109374,17.287500381469727,-11.137500762939453,-29.83125114440918
1789729844972113200,15.660113037109374,17.45625114440918,-11.193750381469727,-29.775001525878906
1789729844982113000,15.670113037109376,17.850000381469727,-11.381250381469727,-29.756250381469727
1789729844992113200,15.680113037109376,17.868751525878906,-11.381250381469727,-29.512500762939453
1789729845002113000,15.690113037109375,18.318750381469727,-11.49375057220459,-29.231250762939453
1789729845012113200,15.700113037109375,18.46875,-11.662500381469727,-29.100000381469727
1789729845022113000,15.710113037109375,18.67500114440918,-12.187500953674316,-29.193750381469727
1789729845032113200,15.720113037109375,18.84375,-12.412500381469727,-29.062501907348633
1789729845042113000,15.730113037109374,19.106250762939453,-12.52500057220459,-28.98750114440918
1789729845052113200,15.740113037109374,19.5,-12.543750762939453,-28.837501525878906
1789729845062113000,15.750113037109376,19.78125,-12.787500381469727,-28.70625114440918
1789729845072113200,15.760113037109376,20.25,-13.218750953674316,-28.650001525878906
1789729845082113000,15.770113037109375,20.0625,-13.406250953674316,-28.818750381469727
1789729845092113200,15.780113037109375,20.4375,-13.293750762939453,-28.762500762939453
1789729845102113000,15.790113037109375,20.64375114440918,-13.481250762939453,-28.762500762939453
1789729845112113200,15.800113037109375,20.662500381469727,-13.481250762939453,-28.950000762939453
1789729845122113000,15.810113037109375,20.756250381469727,-14.02500057220459,-28.80000114440918
1789729845132113200,15.820113037109374,20.850000381469727,-14.381250381469727,-28.818750381469727
1789729845142113000,15.830113037109374,21.09375,-14.531250953674316,-28.743751525878906
1789729845152113200,15.840113037109376,21.056251525878906,-14.381250381469727,-28.70625114440918
1789729845162113000,15.850113037109375,21.375,-14.268750190734863,-28.33125114440918
1789729845172113200,15.860113037109375,21.150001525878906,-14.58750057220459,-28.350000381469727
1789729845182113000,15.870113037109375,21.431251525878906,-14.625000953674316,-28.125001907348633
1789729845192113200,15.880113037109375,21.712501525878906,-14.812500953674316,-27.67500114440918
1789729845202113000,15.890113037109375,21.900001525878906,-14.456250190734863,-27.468751907348633
1789729845212113200,15.900113037109374,21.95625114440918,-14.437500953674316,-27.39375114440918
1789729845222113000,15.910113037109374,22.162500381469727,-14.662500381469727,-27.262500762939453
1789729845232113200,15.920113037109376,22.23750114440918,-15.168750762939453,-27.337501525878906
1789729845242113000,15.930113037109376,22.3125,-15.43125057220459,-27.58125114440918
1789729845252113200,15.940113037109375,22.481250762939453,-15.581250190734863,-27.525001525878906
1789729845262113000,15.950113037109375,22.575000762939453,-15.881250381469727,-27.656251907348633
1789729845272113200,15.960113037109375,22.556251525878906,-16.3125,-27.525001525878906
1789729845282113000,15.970113037109375,22.575000762939453,-16.78125,-27.637500762939453
1789729845292113200,15.980113037109374,22.61250114440918,-17.231250762939453,-27.39375114440918
1789729845302113000,15.990113037109374,22.481250762939453,-17.512500762939453,-27.48750114440918
1789729845312113200,16.000113037109376,22.668750762939453,-17.325000762939453,-27.168750762939453
1789729845322113000,16.010113037109374,22.51875114440918,-17.4375,-26.83125114440918
1789729845332113200,16.020113037109375,22.5,-17.34375,-26.73750114440918
1789729845342113000,16.030113037109373,22.668750762939453,-17.55000114440918,-26.418750762939453
1789729845352113200,16.040113037109375,22.51875114440918,-17.306251525878906,-26.343751907348633
1789729845362113000,16.050113037109377,22.481250762939453,-17.625,-26.287500381469727
1789729845372113200,16.060113037109375,22.537500381469727,-17.887500762939453,-26.231250762939453
1789729845382113000,16.070113037109376,22.40625,-18,-26.062501907348633
1789729845392113200,16.080113037109374,22.275001525878906,-18.28125,-25.875001907348633
1789729845402113000,16.090113037109376,22.443750381469727,-18.618751525878906,-26.08125114440918
1789729845412113200,16.100113037109374,22.42500114440918,-18.9375,-26.006250381469727
1789729845422113000,16.110113037109375,22.106250762939453,-18.881250381469727,-26.118751525878906
1789729845432113200,16.120113037109373,22.293750762939453,-19.181251525878906,-26.36250114440918
1789729845442113000,16.130113037109375,22.106250762939453,-18.975000381469727,-26.250001907348633
1789729845452113200,16.140113037109376,21.95625114440918,-18.9375,-26.475000381469727
1789729845462113000,16.150113037109374,22.012500762939453,-19.106250762939453,-26.512500762939453
1789729845472113200,16.160113037109376,21.693750381469727,-19.14375114440918,-26.775001525878906
1789729845482113000,16.170113037109374,21.506250381469727,-19.462501525878906,-26.681251525878906
1789729845492113200,16.180113037109376,21.450000762939453,-19.631250381469727,-26.531251907348633
1789729845502113000,16.190113037109374,21.450000762939453,-19.96875,-26.568750381469727
1789729845512113200,16.200113037109375,21.48750114440918,-20.212501525878906,-26.306251525878906
1789729845522113000,16.210113037109377,21.5625,-20.381250381469727,-26.36250114440918
1789729845532113200,16.220113037109375,21.318750381469727,-20.4375,-26.250001907348633
1789729845542113000,16.230113037109376,21.131250381469727,-20.17500114440918,-26.231250762939453
1789729845552113200,16.240113037109374,21.262500762939453,-20.512500762939453,-26.212501525878906
1789729845562113000,16.250113037109376,21.30000114440918,-20.34375,-26.381250381469727
1789729845572113200,16.260113037109374,21.262500762939453,-20.45625114440918,-26.606250762939453
1789729845582113000,16.270113037109375,21,-20.36250114440918,-26.681251525878906
1789729845592113200,16.280113037109373,20.71875,-20.325000762939453,-27.131250381469727
1789729845602113000,16.290113037109375,20.17500114440918,-20.381250381469727,-27.093751907348633
1789729845612113200,16.300113037109377,20.118751525878906,-20.287500381469727,-27.11250114440918
1789729845622113000,16.310113037109375,19.668750762939453,-20.493751525878906,-26.868751525878906
1789729845632113200,16.320113037109376,19.443750381469727,-20.587501525878906,-26.718751907348633
1789729845642113000,16.330113037109374,19.125,-20.71875,-26.531251907348633
1789729845652113200,16.340113037109376,18.900001525878906,-20.625,-26.45625114440918
1789729845662113000,16.350113037109374,18.76875114440918,-20.887500762939453,-26.17500114440918
1789729845672113200,16.360113037109375,18.525001525878906,-20.943750381469727,-25.968751907348633
1789729845682113000,16.370113037109373,18.39375114440918,-21.131250381469727,-26.250001907348633
1789729845692113200,16.380113037109375,17.962501525878906,-21.30000114440918,-26.250001907348633
1789729845702113000,16.390113037109376,18.037500381469727,-21.58125114440918,-26.55000114440918
1789729845712113200,16.400113037109374,17.700000762939453,-21.243751525878906,-26.775001525878906
1789729845722113000,16.410113037109376,17.568750381469727,-21.075000762939453,-27.000001907348633
1789729845732113200,16.420113037109374,17.26875114440918,-21,-26.981250762939453
1789729845742113000,16.430113037109376,17.287500381469727,-21.01875114440918,-27.281251907348633
1789729845752113200,16.440113037109374,16.856250762939453,-21.11250114440918,-27.356250762939453
1789729845762113000,16.450113037109375,17.0625,-21.318750381469727,-27.243751525878906
1789729845772113200,16.460113037109377,17.287500381469727,-21.375,-27.187501907348633
1789729845782113000,16.470113037109375,17.17500114440918,-21.412500381469727,-27.093751907348633
1789729845792113200,16.480113037109376,17.287500381469727,-21.67500114440918,-27.056251525878906
1789729845802113000,16.490113037109374,17.287500381469727,-21.975000381469727,-26.681251525878906
1789729845812113200,16.500113037109376,17.306251525878906,-22.5,-26.718751907348633
1789729845822113000,16.510113037109374,16.98750114440918,-22.350000381469727,-26.83125114440918
1789729845832113200,16.520113037109375,17.17500114440918,-22.537500381469727,-26.887500762939453
1789729845842113000,16.530113037109373,16.912500381469727,-22.443750381469727,-26.793750762939453
1789729845852113200,16.540113037109375,16.668750762939453,-22.387500762939453,-26.981250762939453
1789729845862113000,16.550113037109377,16.61250114440918,-22.200000762939453,-27.11250114440918
1789729845872113200,16.560113037109375,16.5,-22.106250762939453,-27.150001525878906
1789729845882113000,16.570113037109376,16.162500381469727,-21.881250381469727,-27.225000381469727
1789729845892113200,16.580113037109374,16.14375114440918,-21.543750762939453,-27.168750762939453
1789729845902113000,16.590113037109376,16.05000114440918,-21.731250762939453,-27.037500381469727
1789729845912113200,16.600113037109374,15.843750953674316,-21.412500381469727,-26.73750114440918
1789729845922113000,16.610113037109375,15.768750190734863,-21.20625114440918,-26.850000381469727
1789729845932113200,16.620113037109373,15.80625057220459,-21.262500762939453,-26.775001525878906
1789729845942113000,16.630113037109375,15.90000057220459,-21.318750381469727,-26.475000381469727
1789729845952113200,16.640113037109376,15.675000190734863,-21.637500762939453,-26.231250762939453
1789729845962113000,16.650113037109374,15.768750190734863,-21.881250381469727,-26.287500381469727
1789729845972113200,16.660113037109376,15.562500953674316,-21.86250114440918,-26.306251525878906
1789729845982113000,16.670113037109374,15.487500190734863,-21.806251525878906,-26.062501907348633
1789729845992113200,16.680113037109376,15.393750190734863,-22.012500762939453,-25.98750114440918
1789729846002113000,16.690113037109374,15.318750381469727,-22.293750762939453,-25.931251525878906
1789729846012113200,16.700113037109375,15.262500762939453,-22.368751525878906,-25.762500762939453
1789729846022113000,16.710113037109377,14.831250190734863,-22.275001525878906,-25.725000381469727
1789729846032113200,16.720113037109375,14.981250762939453,-22.21875,-25.725000381469727
1789729846042113000,16.730113037109376,14.943750381469727,-22.03125,-25.575000762939453
1789729846052113200,16.740113037109374,14.925000190734863,-22.293750762939453,-25.537500381469727
1789729846062113000,16.750113037109376,14.58750057220459,-22.21875,-25.481250762939453
1789729846072113200,16.760113037109374,14.643750190734863,-22.14375114440918,-25.70625114440918
1789729846082113000,16.770113037109375,14.550000190734863,-21.9375,-25.575000762939453
1789729846092113200,16.780113037109373,14.550000190734863,-21.731250762939453,-25.61250114440918
1789729846102113000,16.790113037109375,14.793750762939453,-22.03125,-25.593751907348633
1789729846112113200,16.800113037109377,14.49375057220459,-21.918750762939453,-25.481250762939453
1789729846122113000,16.810113037109375,14.156250953674316,-22.087501525878906,-25.743751525878906
1789729846132113200,16.820113037109376,14.343750953674316,-21.9375,-25.556251525878906
1789729846142113000,16.830113037109374,14.850000381469727,-22.068750381469727,-25.687501907348633
1789729846152113200,16.840113037109376,14.756250381469727,-22.087501525878906,-25.443750381469727
1789729846162113000,16.850113037109374,14.943750381469727,-22.293750762939453,-25.23750114440918
1789729846172113200,16.860113037109375,14.86875057220459,-22.59375,-25.087501525878906
1789729846182113000,16.870113037109373,14.831250190734863,-22.42500114440918,-24.918750762939453
1789729846192113200,16.880113037109375,14.925000190734863,-22.350000381469727,-24.750001907348633
1789729846202113000,16.890113037109376,15.15000057220459,-22.23750114440918,-24.30000114440918
1789729846212113200,16.900113037109374,14.887500762939453,-22.200000762939453,-24.243751525878906
1789729846222113000,16.910113037109376,14.606250762939453,-21.975000381469727,-23.90625
1789729846232113200,16.920113037109374,14.756250381469727,-21.76875114440918,-23.568750381469727
1789729846242113000,16.930113037109376,14.625000953674316,-21.506250381469727,-23.512500762939453
1789729846252113200,16.940113037109374,14.606250762939453,-21.46875,-23.36250114440918
1789729846262113000,16.950113037109375,14.662500381469727,-21.48750114440918,-23.4375
1789729846272113200,16.960113037109377,14.643750190734863,-21.525001525878906,-23.568750381469727
1789729846282113000,16.970113037109375,14.643750190734863,-21.65625,-23.475000381469727
1789729846292113200,16.980113037109376,14.662500381469727,-21.787500381469727,-23.475000381469727
1789729846302113000,16.990113037109374,14.756250381469727,-22.05000114440918,-23.53125
1789729846312113200,17.000113037109376,14.700000762939453,-22.125,-23.512500762939453
1789729846322113000,17.010113037109374,14.906250953674316,-22.40625,-23.231250762939453
1789729846332113200,17.020113037109375,14.925000190734863,-22.42500114440918,-23.25
1789729846342113000,17.030113037109373,14.831250190734863,-22.443750381469727,-23.193750381469727
1789729846352113200,17.040113037109375,14.925000190734863,-22.387500762939453,-23.100000381469727
1789729846362113000,17.050113037109377,14.831250190734863,-22.387500762939453,-23.025001525878906
1789729846372113200,17.060113037109375,14.981250762939453,-22.05000114440918,-22.6875
1789729846382113000,17.070113037109376,15.05625057220459,-21.806251525878906,-22.40625
1789729846392113200,17.080113037109374,14.831250190734863,-21.9375,-22.668750762939453
1789729846402113000,17.090113037109376,14.737500190734863,-21.67500114440918,-22.70625114440918
1789729846412113200,17.100113037109374,14.531250953674316,-21.525001525878906,-22.481250762939453
1789729846422113000,17.110113037109375,14.68125057220459,-21.412500381469727,-22.387500762939453
1789729846432113200,17.120113037109373,14.718750953674316,-21.168750762939453,-22.3125
1789729846442113000,17.130113037109375,14.625000953674316,-21,-22.40625
1789729846452113200,17.140113037109376,14.475000381469727,-21,-22.21875
1789729846462113000,17.150113037109374,14.100000381469727,-20.73750114440918,-21.9375
1789729846472113200,17.160113037109376,13.856250762939453,-20.512500762939453,-21.787500381469727
1789729846482113000,17.170113037109374,13.593750953674316,-20.381250381469727,-21.5625
1789729846492113200,17.180113037109376,13.443750381469727,-20.0625,-21.337501525878906
1789729846502113000,17.190113037109374,13.031250953674316,-19.70625114440918,-21.131250381469727
1789729846512113200,17.200113037109375,12.693750381469727,-19.5,-20.981250762939453
1789729846522113000,17.210113037109377,12.506250381469727,-19.125,-20.756250381469727
1789729846532113200,17.220113037109375,12.450000762939453,-18.84375,-20.681251525878906
1789729846542113000,17.230113037109376,12.300000190734863,-18.75,-20.850000381469727
1789729846552113200,17.240113037109374,12.300000190734863,-18.28125,-20.475000381469727
1789729846562113000,17.250113037109376,12.131250381469727,-17.8125,-20.34375
1789729846572113200,17.260113037109374,12.075000762939453,-17.568750381469727,-20.400001525878906
1789729846582113000,17.270113037109375,12.131250381469727,-17.325000762939453,-20.212501525878906
1789729846592113200,17.280113037109373,12.075000762939453,-17.36250114440918,-20.0625
1789729846602113000,17.290113037109375,12.018750190734863,-17.08125114440918,-19.96875
1789729846612113200,17.300113037109377,11.96250057220459,-16.875,-19.743751525878906
1789729846622113000,17.310113037109375,11.925000190734863,-16.5,-19.368751525878906
1789729846632113200,17.320113037109376,12,-16.387500762939453,-19.23750114440918
1789729846642113000,17.330113037109374,11.793750762939453,-16.481250762939453,-19.106250762939453
1789729846652113200,17.340113037109376,11.737500190734863,-16.14375114440918,-19.05000114440918
1789729846662113000,17.350113037109374,11.475000381469727,-15.975000381469727,-18.881250381469727
1789729846672113200,17.360113037109375,11.287500381469727,-15.543750762939453,-18.731250762939453
1789729846682113000,17.370113037109373,11.100000381469727,-15.562500953674316,-18.506250381469727
1789729846692113200,17.380113037109375,11.006250381469727,-15.24375057220459,-18.412500381469727
1789729846702113000,17.390113037109376,11.11875057220459,-15.300000190734863,-18.39375114440918
1789729846712113200,17.400113037109374,11.193750381469727,-15.206250190734863,-18.39375114440918
1789729846722113000,17.410113037109376,11.21250057220459,-14.981250762939453,-18.450000762939453
1789729846732113200,17.420113037109374,11.193750381469727,-15.037500381469727,-18.168750762939453
1789729846742113000,17.430113037109376,11.362500190734863,-15.112500190734863,-17.92500114440918
1789729846752113200,17.440113037109374,11.325000762939453,-15.000000953674316,-17.868751525878906
1789729846762113000,17.450113037109375,11.231250762939453,-14.77500057220459,-17.756250381469727
1789729846772113200,17.460113037109377,11.0625,-14.662500381469727,-17.700000762939453
1789729846782113000,17.470113037109375,10.74375057220459,-14.343750953674316,-17.493751525878906
1789729846792113200,17.480113037109376,10.331250190734863,-14.21250057220459,-17.231250762939453
1789729846802113000,17.490113037109374,10.518750190734863,-14.02500057220459,-16.98750114440918
1789729846812113200,17.500113037109376,10.36875057220459,-14.100000381469727,-16.950000762939453
1789729846822113000,17.510113037109374,10.068750381469727,-13.762500762939453,-16.950000762939453
1789729846832113200,17.520113037109375,9.99375057220459,-14.02500057220459,-16.96875
1789729846842113000,17.530113037109373,10.068750381469727,-14.156250953674316,-16.912500381469727
1789729846852113200,17.540113037109375,10.125,-14.30625057220459,-17.025001525878906
1789729846862113000,17.550113037109377,10.55625057220459,-14.381250381469727,-17.118751525878906
1789729846872113200,17.560113037109375,10.55625057220459,-14.512500762939453,-17.25
1789729846882113000,17.570113037109376,10.3125,-14.606250762939453,-17.118751525878906
1789729846892113200,17.580113037109374,10.331250190734863,-14.531250953674316,-17.100000381469727
1789729846902113000,17.590113037109376,10.55625057220459,-14.96250057220459,-17.193750381469727
1789729846912113200,17.600113037109374,10.387500762939453,-14.662500381469727,-17.26875114440918
1789729846922113000,17.610113037109375,10.443750381469727,-14.756250381469727,-17.287500381469727
1789729846932113200,17.620113037109373,10.36875057220459,-14.850000381469727,-17.400001525878906
1789729846942113000,17.630113037109375,10.21875,-14.812500953674316,-17.587501525878906
1789729846952113200,17.640113037109376,10.55625057220459,-15.000000953674316,-17.493751525878906
1789729846962113000,17.650113037109374,10.706250190734863,-15.131250381469727,-17.625
1789729846972113200,17.660113037109376,10.78125,-15.24375057220459,-17.681251525878906
1789729846982113000,17.670113037109374,10.762500762939453,-14.96250057220459,-17.606250762939453
1789729846992113200,17.680113037109376,11.081250190734863,-15.15000057220459,-17.512500762939453
1789729847002113000,17.690113037109374,11.137500762939453,-14.943750381469727,-17.681251525878906
1789729847012113200,17.700113037109375,10.96875,-15.093750953674316,-17.606250762939453
1789729847022113000,17.710113037109377,10.96875,-15.225000381469727,-17.681251525878906
1789729847032113200,17.720113037109375,10.631250381469727,-15.000000953674316,-17.681251525878906
1789729847042113000,17.730113037109376,10.631250381469727,-15.037500381469727,-17.850000381469727
1789729847052113200,17.740113037109374,10.668750762939453,-14.850000381469727,-17.71875
1789729847062113000,17.750113037109376,10.893750190734863,-15.168750762939453,-17.625
1789729847072113200,17.760113037109374,10.800000190734863,-15.15000057220459,-17.512500762939453
1789729847082113000,17.770113037109375,10.725000381469727,-15.262500762939453,-17.381250381469727
1789729847092113200,17.780113037109373,10.93125057220459,-15.300000190734863,-17.4375
1789729847102113000,17.790113037109375,10.987500190734863,-15.356250762939453,-17.043750762939453
1789729847112113200,17.800113037109377,11.100000381469727,-15.506250381469727,-17.193750381469727
1789729847122113000,17.810113037109375,11.231250762939453,-15.61875057220459,-17.212501525878906
1789729847132113200,17.820113037109376,11.287500381469727,-15.843750953674316,-17.381250381469727
1789729847142113000,17.830113037109374,10.950000762939453,-15.787500381469727,-17.606250762939453
1789729847152113200,17.840113037109376,11.175000190734863,-15.825000762939453,-17.700000762939453
1789729847162113000,17.850113037109374,11.081250190734863,-15.825000762939453,-17.90625
1789729847172113200,17.860113037109375,11.175000190734863,-15.881250381469727,-17.662500381469727
1789729847182113000,17.870113037109373,11.137500762939453,-15.918750762939453,-17.92500114440918
1789729847192113200,17.880113037109375,11.475000381469727,-16.012500762939453,-17.793750762939453
1789729847202113000,17.890113037109376,11.456250190734863,-15.956250190734863,-17.868751525878906
1789729847212113200,17.900113037109374,11.287500381469727,-16.03125,-17.71875
1789729847222113000,17.910113037109376,11.40000057220459,-15.975000381469727,-17.662500381469727
1789729847232113200,17.920113037109374,11.49375057220459,-15.975000381469727,-17.400001525878906
1789729847242113000,17.930113037109376,11.737500190734863,-16.012500762939453,-17.325000762939453
1789729847252113200,17.940113037109374,11.71875,-15.918750762939453,-17.45625114440918
1789729847262113000,17.950113037109375,11.625,-16.106250762939453,-17.418750762939453
1789729847272113200,17.960113037109377,11.40000057220459,-16.21875,-17.793750762939453
1789729847282113000,17.970113037109375,11.568750381469727,-16.33125114440918,-17.55000114440918
1789729847292113200,17.980113037109376,11.96250057220459,-16.368751525878906,-17.850000381469727
1789729847302113000,17.990113037109374,12.131250381469727,-16.668750762939453,-17.662500381469727
1789729847312113200,18.000113037109376,12.112500190734863,-16.556251525878906,-17.793750762939453
1789729847322113000,18.010113037109374,12,-16.631250381469727,-17.662500381469727
1789729847332113200,18.020113037109375,12.168750762939453,-16.70625114440918,-17.606250762939453
1789729847342113000,18.030113037109373,12.393750190734863,-16.931251525878906,-17.4375
1789729847352113200,18.040113037109375,12.393750190734863,-16.96875,-17.15625
1789729847362113000,18.050113037109377,12.393750190734863,-17.118751525878906,-17.212501525878906
1789729847372113200,18.060113037109375,12.262500762939453,-17.15625,-16.931251525878906
1789729847382113000,18.070113037109376,12.225000381469727,-17.0625,-17.17500114440918
1789729847392113200,18.080113037109374,12.15000057220459,-17.475000381469727,-17.137500762939453
1789729847402113000,18.090113037109376,12.206250190734863,-17.493751525878906,-17.212501525878906
1789729847412113200,18.100113037109374,12.24375057220459,-17.625,-17.400001525878906
1789729847422113000,18.110113037109375,12.018750190734863,-17.381250381469727,-17.606250762939453
1789729847432113200,18.120113037109373,11.96250057220459,-17.25,-17.850000381469727
1789729847442113000,18.130113037109375,11.71875,-17.15625,-17.887500762939453
1789729847452113200,18.140113037109376,11.456250190734863,-16.89375114440918,-18.150001525878906
1789729847462113000,18.150113037109374,11.25,-16.856250762939453,-18.28125
1789729847472113200,18.160113037109376,11.100000381469727,-16.912500381469727,-18.30000114440918
1789729847482113000,18.170113037109374,11.231250762939453,-17.043750762939453,-18.337501525878906
1789729847492113200,18.180113037109376,11.02500057220459,-16.96875,-18.150001525878906
1789729847502113000,18.190113037109374,11.100000381469727,-17.118751525878906,-18.09375
1789729847512113200,18.200113037109375,11.15625,-17.15625,-17.8125
1789729847522113000,18.210113037109377,11.268750190734863,-17.231250762939453,-17.83125114440918
1789729847532113200,18.220113037109375,11.325000762939453,-17.606250762939453,-17.700000762939453
1789729847542113000,18.230113037109376,11.100000381469727,-17.606250762939453,-17.756250381469727
1789729847552113200,18.240113037109374,11.137500762939453,-17.53125,-18.11250114440918
1789729847562113000,18.250113037109376,10.893750190734863,-17.400001525878906,-18.28125
1789729847572113200,18.260113037109374,10.762500762939453,-17.512500762939453,-18.525001525878906
1789729847582113000,18.270113037109375,10.59375,-17.475000381469727,-18.58125114440918
1789729847592113200,18.280113037109373,10.443750381469727,-17.512500762939453,-18.9375
1789729847602113000,18.290113037109375,10.481250762939453,-17.400001525878906,-19.087501525878906
1789729847612113200,18.300113037109377,10.5,-17.36250114440918,-19.200000762939453
1789729847622113000,18.310113037109375,10.668750762939453,-17.25,-19.125
1789729847632113200,18.320113037109376,10.612500190734863,-17.400001525878906,-18.993751525878906
1789729847642113000,18.330113037109374,10.950000762939453,-17.53125,-18.918750762939453
1789729847652113200,18.340113037109376,11.02500057220459,-17.36250114440918,-19.05000114440918
1789729847662113000,18.350113037109374,11.175000190734863,-17.381250381469727,-19.33125114440918
1789729847672113200,18.360113037109375,11.137500762939453,-17.45625114440918,-19.59375
1789729847682113000,18.370113037109373,10.893750190734863,-17.55000114440918,-19.78125
1789729847692113200,18.380113037109375,10.96875,-17.662500381469727,-19.98750114440918
1789729847702113000,18.390113037109376,11.043750762939453,-17.90625,-20.325000762939453
1789729847712113200,18.400113037109374,10.950000762939453,-17.793750762939453,-20.4375
1789729847722113000,18.410113037109376,10.762500762939453,-17.793750762939453,-20.73750114440918
1789729847732113200,18.420113037109374,10.818750381469727,-18.056251525878906,-20.73750114440918
1789729847742113000,18.430113037109376,10.987500190734863,-17.962501525878906,-20.83125114440918
1789729847752113200,18.440113037109374,11.175000190734863,-17.83125114440918,-20.700000762939453
1789729847762113000,18.450113037109375,11.34375,-17.775001525878906,-20.71875
1789729847772113200,18.460113037109377,11.287500381469727,-17.756250381469727,-20.681251525878906
1789729847782113000,18.470113037109375,11.25,-17.756250381469727,-20.71875
1789729847792113200,18.480113037109376,11.475000381469727,-17.475000381469727,-20.850000381469727
1789729847802113000,18.490113037109374,11.475000381469727,-17.475000381469727,-21.11250114440918
1789729847812113200,18.500113037109376,11.700000762939453,-17.34375,-21.11250114440918
1789729847822113000,18.510113037109374,11.381250381469727,-17.26875114440918,-21.11250114440918
1789729847832113200,18.520113037109375,11.30625057220459,-17.400001525878906,-21.28125
1789729847842113000,18.530113037109373,11.231250762939453,-17.53125,-21.28125
1789729847852113200,18.540113037109375,11.30625057220459,-17.36250114440918,-21.48750114440918
1789729847862113000,18.550113037109377,11.362500190734863,-16.875,-21.225000381469727
1789729847872113200,18.560113037109375,11.100000381469727,-16.818750381469727,-21.09375
1789729847882113000,18.570113037109376,11.02500057220459,-16.743751525878906,-20.943750381469727
1789729847892113200,18.580113037109374,10.818750381469727,-16.3125,-21
1789729847902113000,18.590113037109376,10.856250762939453,-16.106250762939453,-21.11250114440918
1789729847912113200,18.600113037109374,10.987500190734863,-15.90000057220459,-21.131250381469727
1789729847922113000,18.610113037109375,11.11875057220459,-15.80625057220459,-21.28125
1789729847932113200,18.620113037109373,11.006250381469727,-15.768750190734863,-21.48750114440918
1789729847942113000,18.630113037109375,10.912500381469727,-16.03125,-21.9375
1789729847952113200,18.640113037109376,10.950000762939453,-16.012500762939453,-22.275001525878906
1789729847962113000,18.650113037109374,11.081250190734863,-16.03125,-22.23750114440918
1789729847972113200,18.660113037109376,11.11875057220459,-15.862500190734863,-22.23750114440918
1789729847982113000,18.670113037109374,11.0625,-15.862500190734863,-22.40625
1789729847992113200,18.680113037109376,10.987500190734863,-15.750000953674316,-22.631250381469727
1789729848002113000,18.690113037109374,10.800000190734863,-15.356250762939453,-22.80000114440918
1789729848012113200,18.700113037109375,10.6875,-15.15000057220459,-22.61250114440918
1789729848022113000,18.710113037109377,10.631250381469727,-14.943750381469727,-22.481250762939453
1789729848032113200,18.720113037109375,10.706250190734863,-14.86875057220459,-22.537500381469727
1789729848042113000,18.730113037109376,10.65000057220459,-14.793750762939453,-22.818750381469727
1789729848052113200,18.740113037109374,10.725000381469727,-14.943750381469727,-23.100000381469727
1789729848062113000,18.750113037109376,10.818750381469727,-14.943750381469727,-22.931251525878906
1789729848072113200,18.760113037109374,10.725000381469727,-14.981250762939453,-22.818750381469727
1789729848082113000,18.770113037109375,10.706250190734863,-15.05625057220459,-22.875
1789729848092113200,18.780113037109373,10.78125,-14.86875057220459,-23.212501525878906
1789729848102113000,18.790113037109375,10.818750381469727,-14.850000381469727,-23.45625114440918
1789729848112113200,18.800113037109377,10.800000190734863,-14.737500190734863,-23.381250381469727
1789729848122113000,18.810113037109375,10.78125,-14.58750057220459,-23.118751525878906
1789729848132113200,18.820113037109376,10.668750762939453,-14.568750381469727,-23.137500762939453
1789729848142113000,18.830113037109374,10.59375,-14.456250190734863,-23.25
1789729848152113200,18.840113037109376,10.59375,-14.02500057220459,-23.118751525878906
1789729848162113000,18.850113037109374,10.59375,-13.725000381469727,-23.006250381469727
1789729848172113200,18.860113037109375,10.631250381469727,-13.912500381469727,-22.89375114440918
1789729848182113000,18.870113037109373,10.537500381469727,-13.93125057220459,-22.725000381469727
1789729848192113200,18.880113037109375,10.518750190734863,-13.893750190734863,-22.818750381469727
1789729848202113000,18.890113037109376,10.350000381469727,-13.725000381469727,-23.006250381469727
1789729848212113200,18.900113037109374,10.237500190734863,-13.875000953674316,-23.08125114440918
1789729848222113000,18.910113037109376,10.27500057220459,-13.83750057220459,-23.08125114440918
1789729848232113200,18.920113037109374,10.36875057220459,-14.250000953674316,-23.26875114440918
1789729848242113000,18.930113037109376,10.5,-14.456250190734863,-23.26875114440918
1789729848252113200,18.940113037109374,10.481250762939453,-14.175000190734863,-23.475000381469727
1789729848262113000,18.950113037109375,10.46250057220459,-14.100000381469727,-23.400001525878906
1789729848272113200,18.960113037109377,10.443750381469727,-13.93125057220459,-23.17500114440918
1789729848282113000,18.970113037109375,10.443750381469727,-13.893750190734863,-23.287500381469727
1789729848292113200,18.980113037109376,10.331250190734863,-13.800000190734863,-23.418750762939453
1789729848302113000,18.990113037109374,10.387500762939453,-14.02500057220459,-23.36250114440918
1789729848312113200,19.000113037109376,10.425000190734863,-13.83750057220459,-23.193750381469727
1789729848322113000,19.010113037109374,10.27500057220459,-13.856250762939453,-23.17500114440918
1789729848332113200,19.020113037109375,10.200000762939453,-14.100000381469727,-23.100000381469727
1789729848342113000,19.030113037109373,10.256250381469727,-14.418750762939453,-23.231250762939453
1789729848352113200,19.040113037109375,10.256250381469727,-14.606250762939453,-23.493751525878906
1789729848362113000,19.050113037109377,10.293750762939453,-14.737500190734863,-23.587501525878906
1789729848372113200,19.060113037109375,10.537500381469727,-14.850000381469727,-23.34375
1789729848382113000,19.070113037109376,10.6875,-14.887500762939453,-23.568750381469727
1789729848392113200,19.080113037109374,10.612500190734863,-14.86875057220459,-23.850000381469727
1789729848402113000,19.090113037109376,10.36875057220459,-14.925000190734863,-23.943750381469727
1789729848412113200,19.100113037109374,10.443750381469727,-14.77500057220459,-23.962501525878906
1789729848422113000,19.110113037109375,10.36875057220459,-14.40000057220459,-23.943750381469727
1789729848432113200,19.120113037109373,10.36875057220459,-14.287500381469727,-23.756250381469727
1789729848442113000,19.130113037109375,10.575000762939453,-14.30625057220459,-23.64375114440918
1789729848452113200,19.140113037109376,10.46250057220459,-14.006250381469727,-23.45625114440918
1789729848462113000,19.150113037109374,10.443750381469727,-13.875000953674316,-23.212501525878906
1789729848472113200,19.160113037109376,10.293750762939453,-13.93125057220459,-23.193750381469727
1789729848482113000,19.170113037109374,10.668750762939453,-14.081250190734863,-23.325000762939453
1789729848492113200,19.180113037109376,10.65000057220459,-14.02500057220459,-23.0625
1789729848502113000,19.190113037109374,10.78125,-14.175000190734863,-22.875
1789729848512113200,19.200113037109375,10.800000190734863,-14.231250762939453,-23.100000381469727
1789729848522113000,19.210113037109377,10.762500762939453,-14.231250762939453,-22.931251525878906
1789729848532113200,19.220113037109375,10.875,-14.381250381469727,-23.006250381469727
1789729848542113000,19.230113037109376,11.02500057220459,-14.287500381469727,-23.17500114440918
1789729848552113200,19.240113037109374,11.25,-14.456250190734863,-22.96875
1789729848562113000,19.250113037109376,11.287500381469727,-14.250000953674316,-22.762500762939453
1789729848572113200,19.260113037109374,11.287500381469727,-14.456250190734863,-22.96875
1789729848582113000,19.270113037109375,11.53125,-14.40000057220459,-22.912500381469727
1789729848592113200,19.280113037109373,11.700000762939453,-14.662500381469727,-22.368751525878906
1789729848602113000,19.290113037109375,11.737500190734863,-14.737500190734863,-22.51875114440918
1789729848612113200,19.300113037109377,11.90625,-14.981250762939453,-22.443750381469727
1789729848622113000,19.310113037109375,11.737500190734863,-15.075000762939453,-22.256250381469727
1789729848632113200,19.320113037109376,11.887500762939453,-15.24375057220459,-22.33125114440918
1789729848642113000,19.330113037109374,11.77500057220459,-15.43125057220459,-22.33125114440918
1789729848652113200,19.340113037109376,12.112500190734863,-15.543750762939453,-22.068750381469727
1789729848662113000,19.350113037109374,12.206250190734863,-15.99375057220459,-21.9375
1789729848672113200,19.360113037109375,12.33750057220459,-16.275001525878906,-22.068750381469727
1789729848682113000,19.370113037109373,12.543750762939453,-16.42500114440918,-21.86250114440918
1789729848692113200,19.380113037109375,12.656250953674316,-16.556251525878906,-21.806251525878906
1789729848702113000,19.390113037109376,12.843750953674316,-16.837501525878906,-21.5625
1789729848712113200,19.400113037109374,13.162500381469727,-16.70625114440918,-21.1875
1789729848722113000,19.410113037109376,13.481250762939453,-16.875,-20.64375114440918
1789729848732113200,19.420113037109374,13.668750762939453,-17.025001525878906,-20.36250114440918
1789729848742113000,19.430113037109376,13.912500381469727,-16.950000762939453,-20.231250762939453
1789729848752113200,19.440113037109374,14.418750762939453,-16.98750114440918,-19.856250762939453
1789729848762113000,19.450113037109375,14.662500381469727,-17.193750381469727,-19.575000762939453
1789729848772113200,19.460113037109377,14.831250190734863,-17.34375,-19.3125
1789729848782113000,19.470113037109375,15.187500953674316,-17.45625114440918,-19.462501525878906
1789729848792113200,19.480113037109376,15.112500190734863,-17.850000381469727,-19.443750381469727
1789729848802113000,19.490113037109374,15.506250381469727,-17.8125,-19.462501525878906
1789729848812113200,19.500113037109376,15.52500057220459,-17.775001525878906,-19.3125
1789729848822113000,19.510113037109374,15.52500057220459,-17.662500381469727,-19.293750762939453
1789729848832113200,19.520113037109375,15.318750381469727,-17.64375114440918,-19.23750114440918
1789729848842113000,19.530113037109373,15.375000953674316,-17.55000114440918,-18.9375
1789729848852113200,19.540113037109375,15.543750762939453,-17.381250381469727,-18.975000381469727
1789729848862113000,19.550113037109377,15.487500190734863,-17.15625,-18.712501525878906
1789729848872113200,19.560113037109375,15.506250381469727,-16.70625114440918,-18.525001525878906
1789729848882113000,19.570113037109376,15.393750190734863,-16.575000762939453,-18.48750114440918
1789729848892113200,19.580113037109374,15.693750381469727,-16.725000381469727,-18.637500762939453
1789729848902113000,19.590113037109376,15.581250190734863,-16.59375,-18.450000762939453
1789729848912113200,19.600113037109374,15.581250190734863,-16.481250762939453,-18.525001525878906
1789729848922113000,19.610113037109375,15.393750190734863,-16.293750762939453,-18.67500114440918
1789729848932113200,19.620113037109373,15.356250762939453,-16.181251525878906,-18.637500762939453
1789729848942113000,19.630113037109375,15.468750953674316,-16.23750114440918,-18.46875
1789729848952113200,19.640113037109376,15.300000190734863,-16.42500114440918,-18.600000381469727
1789729848962113000,19.650113037109374,15.356250762939453,-16.575000762939453,-18.693750381469727
1789729848972113200,19.660113037109376,15.300000190734863,-16.368751525878906,-18.506250381469727
1789729848982113000,19.670113037109374,15.61875057220459,-16.42500114440918,-18.450000762939453
1789729848992113200,19.680113037109376,15.637500762939453,-16.856250762939453,-18.450000762939453
1789729849002113000,19.690113037109374,15.843750953674316,-17.0625,-18.412500381469727
1789729849012113200,19.700113037109375,16.03125,-17.325000762939453,-18.131250381469727
1789729849022113000,19.710113037109377,16.012500762939453,-17.34375,-18.318750381469727
1789729849032113200,19.720113037109375,16.387500762939453,-17.400001525878906,-18.28125
1789729849042113000,19.730113037109376,16.59375,-17.53125,-18.01875114440918
1789729849052113200,19.740113037109374,16.650001525878906,-17.73750114440918,-17.90625
1789729849062113000,19.750113037109376,16.668750762939453,-18.01875114440918,-17.90625
1789729849072113200,19.760113037109374,16.6875,-17.606250762939453,-17.850000381469727
1789729849082113000,19.770113037109375,16.762500762939453,-17.700000762939453,-17.700000762939453
1789729849092113200,19.780113037109373,16.668750762939453,-17.493751525878906,-17.92500114440918
1789729849102113000,19.790113037109375,16.818750381469727,-17.381250381469727,-17.83125114440918
1789729849112113200,19.800113037109377,16.875,-17.4375,-17.700000762939453
1789729849122113000,19.810113037109375,17.043750762939453,-17.4375,-17.381250381469727
1789729849132113200,19.820113037109376,16.96875,-17.306251525878906,-17.193750381469727
1789729849142113000,19.830113037109374,16.912500381469727,-17.25,-17.25
1789729849152113200,19.840113037109376,17.043750762939453,-16.96875,-17.100000381469727
1789729849162113000,19.850113037109374,17.137500762939453,-16.98750114440918,-17.17500114440918
1789729849172113200,19.860113037109375,17.08125114440918,-17.26875114440918,-16.875
1789729849182113000,19.870113037109373,17.212501525878906,-17.4375,-16.80000114440918
1789729849192113200,19.880113037109375,17.34375,-17.36250114440918,-16.5
1789729849202113000,19.890113037109376,17.306251525878906,-17.475000381469727,-16.931251525878906
1789729849212113200,19.900113037109374,17.325000762939453,-17.64375114440918,-17.025001525878906
1789729849222113000,19.910113037109376,17.700000762939453,-17.662500381469727,-17.043750762939453
1789729849232113200,19.920113037109374,17.83125114440918,-18.28125,-17.26875114440918
1789729849242113000,19.930113037109376,17.943750381469727,-18.412500381469727,-17.34375
1789729849252113200,19.940113037109374,18.150001525878906,-18.600000381469727,-17.512500762939453
1789729849262113000,19.950113037109375,17.981250762939453,-18.881250381469727,-17.700000762939453
1789729849272113200,19.960113037109377,18.09375,-19.21875,-18.075000762939453
1789729849282113000,19.970113037109375,18.1875,-19.293750762939453,-18.1875
1789729849292113200,19.980113037109376,18.356250762939453,-19.40625,-18.48750114440918
1789729849302113000,19.990113037109374,18.262500762939453,-19.40625,-18.58125114440918
1789729849312113200,20.000113037109376,18.075000762939453,-19.200000762939453,-18.712501525878906
1789729849322113000,20.010113037109374,18.30000114440918,-19.368751525878906,-18.67500114440918
1789729849332113200,20.020113037109375,18.30000114440918,-19.05000114440918,-18.731250762939453
1789729849342113000,20.030113037109373,18.431251525878906,-18.95625114440918,-18.637500762939453
1789729849352113200,20.040113037109375,18.412500381469727,-18.75,-18.1875
1789729849362113000,20.050113037109377,18.20625114440918,-18.76875114440918,-17.962501525878906
1789729849372113200,20.060113037109375,18.506250381469727,-18.731250762939453,-17.587501525878906
1789729849382113000,20.070113037109376,18.543750762939453,-19.275001525878906,-17.64375114440918
1789729849392113200,20.080113037109374,18.993751525878906,-19.23750114440918,-17.287500381469727
1789729849402113000,20.090113037109376,18.637500762939453,-19.33125114440918,-17.15625
1789729849412113200,20.100113037109374,18.918750762939453,-19.61250114440918,-17.231250762939453
1789729849422113000,20.110113037109375,19.03125,-19.631250381469727,-17.418750762939453
1789729849432113200,20.120113037109373,18.993751525878906,-19.70625114440918,-17.587501525878906
1789729849442113000,20.130113037109375,19.087501525878906,-19.61250114440918,-17.83125114440918
1789729849452113200,20.140113037109376,19.068750381469727,-19.537500381469727,-18
1789729849462113000,20.150113037109374,18.75,-19.387500762939453,-18.150001525878906
1789729849472113200,20.160113037109376,18.975000381469727,-19.42500114440918,-18.1875
1789729849482113000,20.170113037109374,19.21875,-19.368751525878906,-18.30000114440918
1789729849492113200,20.180113037109376,19.33125114440918,-19.33125114440918,-18.168750762939453
1789729849502113000,20.190113037109374,19.256250381469727,-19.40625,-18.01875114440918
1789729849512113200,20.200113037109375,19.725000381469727,-19.481250762939453,-18.168750762939453
1789729849522113000,20.210113037109377,19.650001525878906,-19.5,-17.981250762939453
1789729849532113200,20.220113037109375,19.837501525878906,-19.70625114440918,-17.981250762939453
1789729849542113000,20.230113037109376,20.100000381469727,-19.668750762939453,-17.662500381469727
1789729849552113200,20.240113037109374,20.34375,-19.912500381469727,-17.756250381469727
1789729849562113000,20.250113037109376,20.36250114440918,-19.856250762939453,-17.793750762939453
1789729849572113200,20.260113037109374,20.400001525878906,-19.837501525878906,-17.587501525878906
1789729849582113000,20.270113037109375,20.15625,-19.98750114440918,-17.53125
1789729849592113200,20.280113037109373,19.931251525878906,-20.400001525878906,-17.36250114440918
1789729849602113000,20.290113037109375,20.08125114440918,-20.681251525878906,-17.512500762939453
1789729849612113200,20.300113037109377,20.0625,-20.73750114440918,-17.493751525878906
1789729849622113000,20.310113037109375,20.17500114440918,-20.700000762939453,-17.625
1789729849632113200,20.320113037109376,19.950000762939453,-21.09375,-17.793750762939453
1789729849642113000,20.330113037109374,19.875,-21.5625,-17.71875
1789729849652113200,20.340113037109376,19.931251525878906,-21.95625114440918,-17.943750381469727
1789729849662113000,20.350113037109374,20.0625,-22.21875,-18.037500381469727
1789729849672113200,20.360113037109375,19.950000762939453,-22.162500381469727,-18.356250762939453
1789729849682113000,20.370113037109373,19.931251525878906,-22.181251525878906,-18.431251525878906
1789729849692113200,20.380113037109375,19.950000762939453,-22.443750381469727,-18.600000381469727
1789729849702113000,20.390113037109376,19.950000762939453,-23.17500114440918,-18.65625
1789729849712113200,20.400113037109374,19.631250381469727,-23.325000762939453,-18.712501525878906
1789729849722113000,20.410113037109376,19.40625,-23.231250762939453,-19.05000114440918
1789729849732113200,20.420113037109374,19.21875,-23.400001525878906,-19.3125
1789729849742113000,20.430113037109376,19.350000381469727,-23.212501525878906,-19.200000762939453
1789729849752113200,20.440113037109374,19.3125,-23.493751525878906,-19.51875114440918
1789729849762113000,20.450113037109375,19.293750762939453,-23.73750114440918,-19.650001525878906
1789729849772113200,20.460113037109377,18.86250114440918,-23.756250381469727,-19.762500762939453
1789729849782113000,20.470113037109375,18.693750381469727,-23.25,-19.912500381469727
1789729849792113200,20.480113037109376,18.637500762939453,-23.17500114440918,-19.856250762939453
1789729849802113000,20.490113037109374,18.48750114440918,-23.231250762939453,-19.950000762939453
1789729849812113200,20.500113037109376,17.943750381469727,-22.912500381469727,-19.931251525878906
1789729849822113000,20.510113037109374,17.662500381469727,-23.17500114440918,-20.118751525878906
1789729849832113200,20.520113037109375,17.306251525878906,-23.15625,-19.70625114440918
1789729849842113000,20.530113037109373,16.950000762939453,-23.193750381469727,-19.61250114440918
1789729849852113200,20.540113037109375,16.89375114440918,-23.100000381469727,-19.61250114440918
1789729849862113000,20.550113037109377,16.631250381469727,-23.287500381469727,-19.70625114440918
1789729849872113200,20.560113037109375,16.51875114440918,-23.043750762939453,-19.762500762939453
1789729849882113000,20.570113037109376,16.59375,-23.025001525878906,-19.631250381469727
1789729849892113200,20.580113037109374,16.668750762939453,-22.931251525878906,-19.89375114440918
1789729849902113000,20.590113037109376,16.40625,-22.668750762939453,-19.89375114440918
1789729849912113200,20.600113037109374,16.3125,-22.5,-20.08125114440918
1789729849922113000,20.610113037109375,16.162500381469727,-22.23750114440918,-20.231250762939453
1789729849932113200,20.620113037109373,16.125,-21.975000381469727,-20.118751525878906
1789729849942113000,20.630113037109375,15.881250381469727,-21.76875114440918,-20.025001525878906
1789729849952113200,20.640113037109376,15.543750762939453,-21.637500762939453,-19.96875
1789729849962113000,20.650113037109374,14.943750381469727,-21.30000114440918,-20.15625
1789729849972113200,20.660113037109376,14.625000953674316,-21.28125,-19.78125
1789729849982113000,20.670113037109374,14.68125057220459,-21.150001525878906,-20.006250381469727
1789729849992113200,20.680113037109376,14.381250381469727,-20.90625,-20.08125114440918
1789729850002113000,20.690113037109374,14.02500057220459,-20.71875,-20.0625
1789729850012113200,20.700113037109375,13.537500381469727,-20.587501525878906,-20.231250762939453
1789729850022113000,20.710113037109377,13.518750190734863,-20.36250114440918,-20.26875114440918
1789729850032113200,20.720113037109375,13.46250057220459,-20.231250762939453,-20.700000762939453
1789729850042113000,20.730113037109376,13.593750953674316,-20.100000381469727,-20.73750114440918
1789729850052113200,20.740113037109374,13.706250190734863,-19.912500381469727,-20.92500114440918
1789729850062113000,20.750113037109376,13.500000953674316,-19.6875,-20.90625
1789729850072113200,20.760113037109374,13.762500762939453,-19.462501525878906,-21.056251525878906
1789729850082113000,20.770113037109375,14.137500762939453,-19.368751525878906,-21.412500381469727
1789729850092113200,20.780113037109373,14.250000953674316,-19.51875114440918,-21.58125114440918
1789729850102113000,20.790113037109375,14.062500953674316,-19.61250114440918,-21.525001525878906
1789729850112113200,20.800113037109377,13.93125057220459,-19.443750381469727,-21.20625114440918
1789729850122113000,20.810113037109375,13.83750057220459,-19.462501525878906,-21.11250114440918
1789729850132113200,20.820113037109376,13.74375057220459,-19.462501525878906,-21.262500762939453
1789729850142113000,20.830113037109374,13.725000381469727,-19.200000762939453,-21.30000114440918
1789729850152113200,20.840113037109376,13.293750762939453,-19.05000114440918,-21.056251525878906
1789729850162113000,20.850113037109374,13.031250953674316,-18.712501525878906,-20.700000762939453
1789729850172113200,20.860113037109375,13.106250762939453,-18.67500114440918,-20.55000114440918
1789729850182113000,20.870113037109373,13.08750057220459,-18.375,-20.625
1789729850192113200,20.880113037109375,13.27500057220459,-18.243751525878906,-20.700000762939453
1789729850202113000,20.890113037109376,13.350000381469727,-17.981250762939453,-20.756250381469727
1789729850212113200,20.900113037109374,13.27500057220459,-17.83125114440918,-20.662500381469727
1789729850222113000,20.910113037109376,13.537500381469727,-18.225000381469727,-20.73750114440918
1789729850232113200,20.920113037109374,13.818750381469727,-18.1875,-20.868751525878906
1789729850242113000,20.930113037109376,14.137500762939453,-18.168750762939453,-21.168750762939453
1789729850252113200,20.940113037109374,14.250000953674316,-17.92500114440918,-21.243751525878906
1789729850262113000,20.950113037109375,14.231250762939453,-17.887500762939453,-21.375
1789729850272113200,20.960113037109377,13.93125057220459,-17.943750381469727,-21.412500381469727
1789729850282113000,20.970113037109375,14.137500762939453,-18.056251525878906,-21.11250114440918
1789729850292113200,20.980113037109376,14.175000190734863,-17.793750762939453,-20.962501525878906
1789729850302113000,20.990113037109374,14.081250190734863,-17.36250114440918,-20.793750762939453
1789729850312113200,21.000113037109376,13.912500381469727,-17.418750762939453,-21.01875114440918
1789729850322113000,21.010113037109374,13.781250953674316,-17.53125,-20.850000381469727
1789729850332113200,21.020113037109375,13.481250762939453,-17.4375,-20.756250381469727
1789729850342113000,21.030113037109373,13.74375057220459,-17.418750762939453,-20.64375114440918
1789729850352113200,21.040113037109375,13.950000762939453,-17.118751525878906,-20.493751525878906
1789729850362113000,21.050113037109377,13.856250762939453,-16.875,-20.73750114440918
1789729850372113200,21.060113037109375,13.856250762939453,-16.98750114440918,-20.662500381469727
1789729850382113000,21.070113037109376,13.725000381469727,-17.15625,-20.868751525878906
1789729850392113200,21.080113037109374,13.83750057220459,-17.17500114440918,-20.71875
1789729850402113000,21.090113037109376,13.518750190734863,-16.912500381469727,-20.700000762939453
1789729850412113200,21.100113037109374,13.36875057220459,-16.78125,-20.92500114440918
1789729850422113000,21.110113037109375,13.08750057220459,-16.6875,-21.150001525878906
1789729850432113200,21.120113037109373,12.80625057220459,-16.575000762939453,-21.450000762939453
1789729850442113000,21.130113037109375,12.543750762939453,-16.51875114440918,-21.600000381469727
1789729850452113200,21.140113037109376,12.468750953674316,-16.181251525878906,-22.106250762939453
1789729850462113000,21.150113037109374,12.506250381469727,-15.918750762939453,-22.087501525878906
1789729850472113200,21.160113037109376,12.24375057220459,-15.675000190734863,-22.200000762939453
1789729850482113000,21.170113037109374,12.262500762939453,-15.61875057220459,-22.42500114440918
1789729850492113200,21.180113037109376,12.300000190734863,-15.693750381469727,-22.368751525878906
1789729850502113000,21.190113037109374,12.24375057220459,-15.468750953674316,-22.23750114440918
1789729850512113200,21.200113037109375,12.412500381469727,-15.450000762939453,-22.05000114440918
1789729850522113000,21.210113037109377,12.675000190734863,-15.412500381469727,-21.993751525878906
1789729850532113200,21.220113037109375,12.61875057220459,-15.487500190734863,-21.67500114440918
1789729850542113000,21.230113037109376,12.731250762939453,-15.543750762939453,-21.5625
1789729850552113200,21.240113037109374,12.99375057220459,-15.487500190734863,-21.431251525878906
1789729850562113000,21.250113037109376,13.293750762939453,-15.468750953674316,-21.150001525878906
1789729850572113200,21.260113037109374,13.537500381469727,-15.450000762939453,-21.01875114440918
1789729850582113000,21.270113037109375,13.612500190734863,-15.450000762939453,-21.11250114440918
1789729850592113200,21.280113037109373,13.706250190734863,-15.487500190734863,-21.11250114440918
1789729850602113000,21.290113037109375,13.725000381469727,-15.600000381469727,-20.90625
1789729850612113200,21.300113037109377,13.74375057220459,-15.506250381469727,-20.90625
1789729850622113000,21.310113037109375,13.856250762939453,-15.43125057220459,-20.700000762939453
1789729850632113200,21.320113037109376,13.875000953674316,-15.506250381469727,-20.71875
1789729850642113000,21.330113037109374,13.93125057220459,-15.412500381469727,-20.756250381469727
1789729850652113200,21.340113037109376,13.800000190734863,-15.393750190734863,-20.887500762939453
1789729850662113000,21.350113037109374,14.081250190734863,-15.43125057220459,-20.700000762939453
1789729850672113200,21.360113037109375,14.21250057220459,-15.543750762939453,-20.55000114440918
1789729850682113000,21.370113037109373,14.437500953674316,-15.450000762939453,-20.662500381469727
1789729850692113200,21.380113037109375,14.662500381469727,-15.487500190734863,-20.700000762939453
1789729850702113000,21.390113037109376,14.643750190734863,-15.693750381469727,-20.662500381469727
1789729850712113200,21.400113037109374,14.718750953674316,-15.600000381469727,-20.4375
1789729850722113000,21.410113037109376,14.831250190734863,-15.975000381469727,-20.418750762939453
1789729850732113200,21.420113037109374,15.187500953674316,-16.23750114440918,-20.231250762939453
1789729850742113000,21.430113037109376,15.112500190734863,-16.537500381469727,-20.137500762939453
1789729850752113200,21.440113037109374,15.15000057220459,-16.40625,-20.34375
1789729850762113000,21.450113037109375,15.206250190734863,-16.42500114440918,-20.26875114440918
1789729850772113200,21.460113037109377,15.262500762939453,-16.78125,-20.043750762939453
1789729850782113000,21.470113037109375,15.468750953674316,-16.59375,-20.193750381469727
1789729850792113200,21.480113037109376,15.562500953674316,-16.725000381469727,-20.325000762939453
1789729850802113000,21.490113037109374,15.562500953674316,-17.006250381469727,-20.231250762939453
1789729850812113200,21.500113037109376,15.318750381469727,-16.912500381469727,-20.17500114440918
1789729850822113000,21.510113037109374,15.468750953674316,-16.912500381469727,-19.950000762939453
1789729850832113200,21.520113037109375,15.581250190734863,-17.231250762939453,-19.70625114440918
1789729850842113000,21.530113037109373,15.468750953674316,-17.45625114440918,-19.462501525878906
1789729850852113200,21.540113037109375,15.562500953674316,-17.55000114440918,-19.725000381469727
1789729850862113000,21.550113037109377,15.43125057220459,-17.681251525878906,-19.368751525878906
1789729850872113200,21.560113037109375,15.468750953674316,-17.793750762939453,-19.462501525878906
1789729850882113000,21.570113037109376,15.581250190734863,-17.36250114440918,-19.556251525878906
1789729850892113200,21.580113037109374,15.675000190734863,-17.4375,-19.481250762939453
1789729850902113000,21.590113037109376,15.581250190734863,-17.212501525878906,-19.556251525878906
1789729850912113200,21.600113037109374,15.637500762939453,-16.96875,-19.6875
1789729850922113000,21.610113037109375,15.750000953674316,-16.837501525878906,-19.78125
1789729850932113200,21.620113037109373,15.71250057220459,-16.556251525878906,-19.650001525878906
1789729850942113000,21.630113037109375,15.71250057220459,-16.556251525878906,-19.556251525878906
1789729850952113200,21.640113037109376,15.61875057220459,-16.537500381469727,-19.350000381469727
1789729850962113000,21.650113037109374,15.375000953674316,-16.650001525878906,-19.3125
1789729850972113200,21.660113037109376,15.375000953674316,-16.537500381469727,-19.387500762939453
1789729850982113000,21.670113037109374,15.450000762939453,-16.443750381469727,-19.462501525878906
1789729850992113200,21.680113037109376,15.24375057220459,-16.668750762939453,-19.256250381469727
1789729851002113000,21.690113037109374,15.000000953674316,-16.59375,-19.181251525878906
1789729851012113200,21.700113037109375,15.075000762939453,-16.5,-19.275001525878906
1789729851022113000,21.710113037109377,14.925000190734863,-16.556251525878906,-19.443750381469727
1789729851032113200,21.720113037109375,14.831250190734863,-16.59375,-19.556251525878906
1789729851042113000,21.730113037109376,15.000000953674316,-16.762500762939453,-19.387500762939453
1789729851052113200,21.740113037109374,14.925000190734863,-16.6875,-19.443750381469727
1789729851062113000,21.750113037109376,14.925000190734863,-16.743751525878906,-19.368751525878906
1789729851072113200,21.760113037109374,14.925000190734863,-16.575000762939453,-19.3125
1789729851082113000,21.770113037109375,15.000000953674316,-16.98750114440918,-19.40625
1789729851092113200,21.780113037109373,14.981250762939453,-17.212501525878906,-19.200000762939453
1789729851102113000,21.790113037109375,15.131250381469727,-17.212501525878906,-19.350000381469727
1789729851112113200,21.800113037109377,15.33750057220459,-17.100000381469727,-19.275001525878906
1789729851122113000,21.810113037109375,15.33750057220459,-17.26875114440918,-19.350000381469727
1789729851132113200,21.820113037109376,15.600000381469727,-17.45625114440918,-19.293750762939453
1789729851142113000,21.830113037109374,15.375000953674316,-17.587501525878906,-19.51875114440918
1789729851152113200,21.840113037109376,15.281250953674316,-17.92500114440918,-19.59375
1789729851162113000,21.850113037109374,15.187500953674316,-17.850000381469727,-19.80000114440918
1789729851172113200,21.860113037109375,15.24375057220459,-18.075000762939453,-19.912500381469727
1789729851182113000,21.870113037109373,15.375000953674316,-18.46875,-19.96875
1789729851192113200,21.880113037109375,15.24375057220459,-18.65625,-20.0625
1789729851202113000,21.890113037109376,15.375000953674316,-18.75,-19.743751525878906
1789729851212113200,21.900113037109374,15.300000190734863,-18.975000381469727,-19.856250762939453
1789729851222113000,21.910113037109376,15.506250381469727,-19.23750114440918,-19.631250381469727
1789729851232113200,21.920113037109374,15.825000762939453,-19.40625,-19.856250762939453
1789729851242113000,21.930113037109376,16.05000114440918,-19.350000381469727,-19.856250762939453
1789729851252113200,21.940113037109374,15.956250190734863,-19.23750114440918,-20.0625
1789729851262113000,21.950113037109375,15.99375057220459,-19.51875114440918,-20.118751525878906
1789729851272113200,21.960113037109377,16.05000114440918,-19.556251525878906,-20.137500762939453
1789729851282113000,21.970113037109375,15.731250762939453,-19.556251525878906,-20.775001525878906
1789729851292113200,21.980113037109376,15.675000190734863,-19.556251525878906,-20.8125
1789729851302113000,21.990113037109374,15.693750381469727,-19.912500381469727,-21.037500381469727
1789729851312113200,22.000113037109376,15.656250953674316,-20.006250381469727,-20.943750381469727
1789729851322113000,22.010113037109374,15.487500190734863,-20.45625114440918,-21.09375
1789729851332113200,22.020113037109375,15.543750762939453,-20.850000381469727,-21.09375
1789729851342113000,22.030113037109373,15.187500953674316,-20.493751525878906,-21.225000381469727
1789729851352113200,22.040113037109375,15.112500190734863,-20.775001525878906,-21.01875114440918
1789729851362113000,22.050113037109377,15.225000381469727,-20.625,-20.943750381469727
1789729851372113200,22.060113037109375,15.168750762939453,-20.868751525878906,-21.075000762939453
1789729851382113000,22.070113037109376,14.887500762939453,-20.606250762939453,-21.09375
1789729851392113200,22.080113037109374,14.568750381469727,-20.475000381469727,-21.168750762939453
1789729851402113000,22.090113037109376,14.625000953674316,-20.287500381469727,-21.037500381469727
1789729851412113200,22.100113037109374,14.193750381469727,-20.0625,-21.075000762939453
1789729851422113000,22.110113037109375,14.156250953674316,-20.025001525878906,-20.943750381469727
1789729851432113200,22.120113037109373,14.006250381469727,-19.856250762939453,-21.318750381469727
1789729851442113000,22.130113037109375,13.912500381469727,-20.137500762939453,-21.30000114440918
1789729851452113200,22.140113037109376,13.74375057220459,-19.837501525878906,-21.356250762939453
1789729851462113000,22.150113037109374,13.781250953674316,-19.96875,-21.712501525878906
1789729851472113200,22.160113037109376,13.781250953674316,-19.96875,-21.881250381469727
1789729851482113000,22.170113037109374,13.425000190734863,-20.118751525878906,-22.03125
1789729851492113200,22.180113037109376,13.406250953674316,-20.0625,-22.106250762939453
1789729851502113000,22.190113037109374,13.425000190734863,-20.212501525878906,-22.087501525878906
1789729851512113200,22.200113037109375,13.65000057220459,-20.568750381469727,-22.106250762939453
1789729851522113000,22.210113037109377,13.55625057220459,-20.662500381469727,-22.012500762939453
1789729851532113200,22.220113037109375,13.575000762939453,-20.962501525878906,-22.106250762939453
1789729851542113000,22.230113037109376,13.443750381469727,-21.150001525878906,-21.86250114440918
1789729851552113200,22.240113037109374,13.200000762939453,-21.30000114440918,-21.731250762939453
1789729851562113000,22.250113037109376,13.406250953674316,-21.30000114440918,-21.806251525878906
1789729851572113200,22.260113037109374,13.593750953674316,-21.412500381469727,-21.731250762939453
1789729851582113000,22.270113037109375,13.668750762939453,-21.1875,-21.86250114440918
1789729851592113200,22.280113037109373,13.331250190734863,-21.09375,-21.693750381469727
1789729851602113000,22.290113037109375,13.27500057220459,-20.887500762939453,-21.525001525878906
1789729851612113200,22.300113037109377,13.050000190734863,-20.8125,-21.431251525878906
1789729851622113000,22.310113037109375,13.125000953674316,-20.83125114440918,-21.375
1789729851632113200,22.320113037109376,13.256250381469727,-20.4375,-21.48750114440918
1789729851642113000,22.330113037109374,13.312500953674316,-20.400001525878906,-21.356250762939453
1789729851652113200,22.340113037109376,13.387500762939453,-20.53125,-21.131250381469727
1789729851662113000,22.350113037109374,13.218750953674316,-21.075000762939453,-21.037500381469727
1789729851672113200,22.360113037109375,13.331250190734863,-21.1875,-21.075000762939453
1789729851682113000,22.370113037109373,13.237500190734863,-21.20625114440918,-21.225000381469727
1789729851692113200,22.380113037109375,13.443750381469727,-21.11250114440918,-21.30000114440918
1789729851702113000,22.390113037109376,13.46250057220459,-20.8125,-21.20625114440918
1789729851712113200,22.400113037109374,13.425000190734863,-21.150001525878906,-21.09375
1789729851722113000,22.410113037109376,13.500000953674316,-21.131250381469727,-21.01875114440918
1789729851732113200,22.420113037109374,13.218750953674316,-21.225000381469727,-21.337501525878906
1789729851742113000,22.430113037109376,12.937500953674316,-20.981250762939453,-21.506250381469727
1789729851752113200,22.440113037109374,13.031250953674316,-20.681251525878906,-21.58125114440918
1789729851762113000,22.450113037109375,13.012500762939453,-20.606250762939453,-21.712501525878906
1789729851772113200,22.460113037109377,12.825000762939453,-20.73750114440918,-21.431251525878906
1789729851782113000,22.470113037109375,12.637500762939453,-20.90625,-21.375
1789729851792113200,22.480113037109376,12.562500953674316,-20.943750381469727,-21.375
1789729851802113000,22.490113037109374,12.05625057220459,-20.8125,-21.318750381469727
1789729851812113200,22.500113037109376,11.8125,-20.625,-21.1875
1789729851822113000,22.510113037109374,11.8125,-20.287500381469727,-21.056251525878906
1789729851832113200,22.520113037109375,11.737500190734863,-20.400001525878906,-21.11250114440918
1789729851842113000,22.530113037109373,11.71875,-20.53125,-20.90625
1789729851852113200,22.540113037109375,11.58750057220459,-20.231250762939453,-21.168750762939453
1789729851862113000,22.550113037109377,11.68125057220459,-19.950000762939453,-21.412500381469727
1789729851872113200,22.560113037109375,11.643750190734863,-19.743751525878906,-21.618751525878906
1789729851882113000,22.570113037109376,11.53125,-19.856250762939453,-21.693750381469727
1789729851892113200,22.580113037109374,11.662500381469727,-19.762500762939453,-21.84375
1789729851902113000,22.590113037109376,11.643750190734863,-20.006250381469727,-21.993751525878906
1789729851912113200,22.600113037109374,11.49375057220459,-19.78125,-21.95625114440918
1789729851922113000,22.610113037109375,11.606250762939453,-19.443750381469727,-22.162500381469727
1789729851932113200,22.620113037109373,11.49375057220459,-19.42500114440918,-21.918750762939453
1789729851942113000,22.630113037109375,11.34375,-19.387500762939453,-22.012500762939453
1789729851952113200,22.640113037109376,11.362500190734863,-19.443750381469727,-21.918750762939453
1789729851962113000,22.650113037109374,11.58750057220459,-19.181251525878906,-22.125
1789729851972113200,22.660113037109376,11.625,-19.05000114440918,-21.86250114440918
1789729851982113000,22.670113037109374,11.756250381469727,-19.05000114440918,-21.975000381469727
1789729851992113200,22.680113037109376,11.568750381469727,-19.200000762939453,-22.087501525878906
1789729852002113000,22.690113037109374,11.58750057220459,-19.3125,-22.256250381469727
1789729852012113200,22.700113037109375,11.58750057220459,-19.350000381469727,-22.556251525878906
1789729852022113000,22.710113037109377,11.568750381469727,-19.650001525878906,-22.78125
1789729852032113200,22.720113037109375,11.625,-19.575000762939453,-22.875
1789729852042113000,22.730113037109376,11.49375057220459,-19.6875,-23.043750762939453
1789729852052113200,22.740113037109374,11.381250381469727,-19.80000114440918,-23.212501525878906
1789729852062113000,22.750113037109376,11.287500381469727,-19.78125,-22.875
1789729852072113200,22.760113037109374,11.418750762939453,-19.725000381469727,-23.118751525878906
1789729852082113000,22.770113037109375,11.268750190734863,-19.912500381469727,-23.118751525878906
1789729852092113200,22.780113037109373,11.34375,-20.025001525878906,-22.931251525878906
1789729852102113000,22.790113037109375,11.25,-19.912500381469727,-22.556251525878906
1789729852112113200,22.800113037109377,11.381250381469727,-19.98750114440918,-22.443750381469727
1789729852122113000,22.810113037109375,11.550000190734863,-19.950000762939453,-22.3125
1789729852132113200,22.820113037109376,11.475000381469727,-20.118751525878906,-22.350000381469727
1789729852142113000,22.830113037109374,11.568750381469727,-20.137500762939453,-22.61250114440918
1789729852152113200,22.840113037109376,11.53125,-20.100000381469727,-22.350000381469727
1789729852162113000,22.850113037109374,11.512500762939453,-20.08125114440918,-22.3125
1789729852172113200,22.860113037109375,11.700000762939453,-20.118751525878906,-22.293750762939453
1789729852182113000,22.870113037109373,11.700000762939453,-19.70625114440918,-22.387500762939453
1789729852192113200,22.880113037109375,11.381250381469727,-19.42500114440918,-22.575000762939453
1789729852202113000,22.890113037109376,11.34375,-19.350000381469727,-22.631250381469727
1789729852212113200,22.900113037109374,11.550000190734863,-19.21875,-22.668750762939453
1789729852222113000,22.910113037109376,11.325000762939453,-19.068750381469727,-22.668750762939453
1789729852232113200,22.920113037109374,11.475000381469727,-18.825000762939453,-22.70625114440918
1789729852242113000,22.930113037109376,11.4375,-18.76875114440918,-23.025001525878906
1789729852252113200,22.940113037109374,11.34375,-18.600000381469727,-23.118751525878906
1789729852262113000,22.950113037109375,11.15625,-18.84375,-23.15625
1789729852272113200,22.960113037109377,11.0625,-19.05000114440918,-23.08125114440918
1789729852282113000,22.970113037109375,10.950000762939453,-19.162500381469727,-22.98750114440918
1789729852292113200,22.980113037109376,10.893750190734863,-19.106250762939453,-22.875
1789729852302113000,22.990113037109374,11.043750762939453,-19.03125,-23.08125114440918
1789729852312113200,23.000113037109376,10.818750381469727,-19.21875,-22.950000762939453
1789729852322113000,23.010113037109374,10.762500762939453,-18.918750762939453,-22.6875
1789729852332113200,23.020113037109375,10.74375057220459,-18.825000762939453,-22.837501525878906
1789729852342113000,23.030113037109373,10.96875,-18.731250762939453,-22.818750381469727
1789729852352113200,23.040113037109375,11.21250057220459,-18.67500114440918,-22.762500762939453
1789729852362113000,23.050113037109377,11.137500762939453,-18.39375114440918,-22.80000114440918
1789729852372113200,23.060113037109375,11.21250057220459,-18.431251525878906,-22.762500762939453
1789729852382113000,23.070113037109376,11.193750381469727,-18.243751525878906,-22.087501525878906
1789729852392113200,23.080113037109374,11.15625,-17.8125,-22.106250762939453
1789729852402113000,23.090113037109376,11.512500762939453,-17.8125,-21.600000381469727
1789729852412113200,23.100113037109374,11.325000762939453,-17.587501525878906,-21.28125
1789729852422113000,23.110113037109375,11.175000190734863,-17.45625114440918,-21.150001525878906
1789729852432113200,23.120113037109373,11.137500762939453,-17.193750381469727,-21.168750762939453
1789729852442113000,23.130113037109375,10.987500190734863,-16.931251525878906,-20.681251525878906
1789729852452113200,23.140113037109376,10.800000190734863,-16.631250381469727,-20.400001525878906
1789729852462113000,23.150113037109374,10.74375057220459,-16.556251525878906,-20.662500381469727
1789729852472113200,23.160113037109376,10.612500190734863,-16.51875114440918,-20.400001525878906
1789729852482113000,23.170113037109374,10.200000762939453,-16.14375114440918,-20.400001525878906
1789729852492113200,23.180113037109376,10.256250381469727,-15.862500190734863,-20.493751525878906
1789729852502113000,23.190113037109374,10.55625057220459,-15.600000381469727,-20.662500381469727
1789729852512113200,23.200113037109375,10.46250057220459,-15.281250953674316,-20.325000762939453
1789729852522113000,23.210113037109377,10.256250381469727,-15.15000057220459,-20.64375114440918
1789729852532113200,23.220113037109375,10.21875,-14.68125057220459,-20.681251525878906
1789729852542113000,23.230113037109376,10.143750190734863,-14.362500190734863,-20.493751525878906
1789729852552113200,23.240113037109374,10.18125057220459,-14.231250762939453,-20.681251525878906
1789729852562113000,23.250113037109376,10.18125057220459,-14.156250953674316,-20.981250762939453
1789729852572113200,23.260113037109374,10.162500381469727,-14.081250190734863,-20.868751525878906
1789729852582113000,23.270113037109375,9.80625057220459,-13.968750953674316,-20.71875
1789729852592113200,23.280113037109373,9.71250057220459,-13.856250762939453,-21.056251525878906
1789729852602113000,23.290113037109375,10.068750381469727,-13.818750381469727,-20.981250762939453
1789729852612113200,23.300113037109377,10.012500762939453,-13.83750057220459,-20.850000381469727
1789729852622113000,23.310113037109375,9.918750762939453,-13.912500381469727,-21.11250114440918
1789729852632113200,23.320113037109376,10.03125,-13.818750381469727,-21.150001525878906
1789729852642113000,23.330113037109374,10.03125,-13.518750190734863,-21.150001525878906
1789729852652113200,23.340113037109376,10.050000190734863,-13.46250057220459,-21.375
1789729852662113000,23.350113037109374,10.18125057220459,-13.46250057220459,-21.337501525878906
1789729852672113200,23.360113037109375,10.27500057220459,-13.593750953674316,-21.30000114440918
1789729852682113000,23.370113037109373,10.293750762939453,-13.537500381469727,-21.28125
1789729852692113200,23.380113037109375,10.65000057220459,-13.46250057220459,-21.431251525878906
1789729852702113000,23.390113037109376,10.93125057220459,-13.46250057220459,-21.356250762939453
1789729852712113200,23.400113037109374,11.006250381469727,-13.593750953674316,-21.450000762939453
1789729852722113000,23.410113037109376,11.043750762939453,-13.762500762939453,-21.1875
1789729852732113200,23.420113037109374,11.100000381469727,-13.593750953674316,-21.075000762939453
1789729852742113000,23.430113037109376,11.15625,-13.481250762939453,-21.168750762939453
1789729852752113200,23.440113037109374,11.231250762939453,-13.350000381469727,-21.11250114440918
1789729852762113000,23.450113037109375,11.25,-13.443750381469727,-21.39375114440918
1789729852772113200,23.460113037109377,11.137500762939453,-13.406250953674316,-21.5625
1789729852782113000,23.470113037109375,11.0625,-13.237500190734863,-21.712501525878906
1789729852792113200,23.480113037109376,11.137500762939453,-12.956250190734863,-21.900001525878906
1789729852802113000,23.490113037109374,11.268750190734863,-12.843750953674316,-21.95625114440918
1789729852812113200,23.500113037109376,11.15625,-12.825000762939453,-22.03125
1789729852822113000,23.510113037109374,11.40000057220459,-12.956250190734863,-21.95625114440918
1789729852832113200,23.520113037109375,11.53125,-12.825000762939453,-21.881250381469727
1789729852842113000,23.530113037109373,11.700000762939453,-12.543750762939453,-21.48750114440918
1789729852852113200,23.540113037109375,11.737500190734863,-12.52500057220459,-21.506250381469727
1789729852862113000,23.550113037109377,11.77500057220459,-12.450000762939453,-21.39375114440918
1789729852872113200,23.560113037109375,11.850000381469727,-12.562500953674316,-21.243751525878906
1789729852882113000,23.570113037109376,12.15000057220459,-12.731250762939453,-21.431251525878906
1789729852892113200,23.580113037109374,12.506250381469727,-12.71250057220459,-21.318750381469727
1789729852902113000,23.590113037109376,12.318750381469727,-12.318750381469727,-21.318750381469727
1789729852912113200,23.600113037109374,12.33750057220459,-12.356250762939453,-21.48750114440918
1789729852922113000,23.610113037109375,12.356250762939453,-12.393750190734863,-21.86250114440918
1789729852932113200,23.620113037109373,12.450000762939453,-12.731250762939453,-21.731250762939453
1789729852942113000,23.630113037109375,12.52500057220459,-12.768750190734863,-21.95625114440918
1789729852952113200,23.640113037109376,12.543750762939453,-12.656250953674316,-21.881250381469727
1789729852962113000,23.650113037109374,12.33750057220459,-12.356250762939453,-22.05000114440918
1789729852972113200,23.660113037109376,12.33750057220459,-12.393750190734863,-22.256250381469727
1789729852982113000,23.670113037109374,12.562500953674316,-12.637500762939453,-22.368751525878906
1789729852992113200,23.680113037109376,12.637500762939453,-12.675000190734863,-22.481250762939453
1789729853002113000,23.690113037109374,12.768750190734863,-12.675000190734863,-22.443750381469727
1789729853012113200,23.700113037109375,12.80625057220459,-12.468750953674316,-22.78125
1789729853022113000,23.710113037109377,13.125000953674316,-12.71250057220459,-22.743751525878906
1789729853032113200,23.720113037109375,13.218750953674316,-13.106250762939453,-22.912500381469727
1789729853042113000,23.730113037109376,13.406250953674316,-13.612500190734863,-23.0625
1789729853052113200,23.740113037109374,13.293750762939453,-13.856250762939453,-23.212501525878906
1789729853062113000,23.750113037109376,13.425000190734863,-14.062500953674316,-23.36250114440918
1789729853072113200,23.760113037109374,13.612500190734863,-14.02500057220459,-23.231250762939453
1789729853082113000,23.770113037109375,13.74375057220459,-14.231250762939453,-23.15625
1789729853092113200,23.780113037109373,13.725000381469727,-14.343750953674316,-23.043750762939453
1789729853102113000,23.790113037109375,13.387500762939453,-14.30625057220459,-23.08125114440918
1789729853112113200,23.800113037109377,13.406250953674316,-14.30625057220459,-23.15625
1789729853122113000,23.810113037109375,13.481250762939453,-14.193750381469727,-23.193750381469727
1789729853132113200,23.820113037109376,13.65000057220459,-14.343750953674316,-23.287500381469727
1789729853142113000,23.830113037109374,13.593750953674316,-14.531250953674316,-23.36250114440918
1789729853152113200,23.840113037109376,13.481250762939453,-14.906250953674316,-23.512500762939453
1789729853162113000,23.850113037109374,13.27500057220459,-15.206250190734863,-23.868751525878906
1789729853172113200,23.860113037109375,13.406250953674316,-15.33750057220459,-24.262500762939453
1789729853182113000,23.870113037109373,13.55625057220459,-15.281250953674316,-24.450000762939453
1789729853192113200,23.880113037109375,13.537500381469727,-15.393750190734863,-24.58125114440918
1789729853202113000,23.890113037109376,13.500000953674316,-15.412500381469727,-24.825000762939453
1789729853212113200,23.900113037109374,13.537500381469727,-15.656250953674316,-24.975000381469727
1789729853222113000,23.910113037109376,13.406250953674316,-15.768750190734863,-25.181251525878906
1789729853232113200,23.920113037109374,13.350000381469727,-15.787500381469727,-25.556251525878906
1789729853242113000,23.930113037109376,13.312500953674316,-15.862500190734863,-25.631250381469727
1789729853252113200,23.940113037109374,13.256250381469727,-16.05000114440918,-25.650001525878906
1789729853262113000,23.950113037109375,13.55625057220459,-16.387500762939453,-25.98750114440918
1789729853272113200,23.960113037109377,13.481250762939453,-16.556251525878906,-26.306251525878906
1789729853282113000,23.970113037109375,13.312500953674316,-16.875,-26.212501525878906
1789729853292113200,23.980113037109376,13.425000190734863,-16.98750114440918,-26.343751907348633
1789729853302113000,23.990113037109374,13.612500190734863,-17.08125114440918,-26.64375114440918
1789729853312113200,24.000113037109376,13.631250381469727,-17.45625114440918,-26.73750114440918
1789729853322113000,24.010113037109374,13.800000190734863,-17.64375114440918,-27.056251525878906
1789729853332113200,24.020113037109375,13.631250381469727,-17.64375114440918,-27.318750381469727
1789729853342113000,24.030113037109373,13.27500057220459,-17.568750381469727,-27.468751907348633
1789729853352113200,24.040113037109375,13.443750381469727,-17.512500762939453,-27.468751907348633
1789729853362113000,24.050113037109377,13.425000190734863,-17.512500762939453,-27.712501525878906
1789729853372113200,24.060113037109375,13.256250381469727,-17.306251525878906,-27.86250114440918
1789729853382113000,24.070113037109376,13.08750057220459,-17.231250762939453,-28.031251907348633
1789729853392113200,24.080113037109374,13.068750381469727,-17.118751525878906,-28.218751907348633
1789729853402113000,24.090113037109376,12.881250381469727,-16.96875,-28.387500762939453
1789729853412113200,24.100113037109374,12.956250190734863,-17.17500114440918,-28.818750381469727
1789729853422113000,24.110113037109375,13.106250762939453,-17.34375,-29.193750381469727
1789729853432113200,24.120113037109373,12.937500953674316,-17.493751525878906,-29.26875114440918
1789729853442113000,24.130113037109375,12.99375057220459,-17.418750762939453,-29.625001907348633
1789729853452113200,24.140113037109376,13.162500381469727,-17.662500381469727,-29.981250762939453
1789729853462113000,24.150113037109374,13.406250953674316,-17.868751525878906,-30.262500762939453
1789729853472113200,24.160113037109376,13.050000190734863,-18.09375,-30.48750114440918
1789729853482113000,24.170113037109374,12.99375057220459,-18.225000381469727,-30.76875114440918
1789729853492113200,24.180113037109376,13.031250953674316,-18.262500762939453,-30.806251525878906
1789729853502113000,24.190113037109374,12.862500190734863,-18.375,-30.975000381469727
1789729853512113200,24.200113037109375,12.825000762939453,-18.337501525878906,-31.650001525878906
1789729853522113000,24.210113037109377,12.637500762939453,-18.525001525878906,-31.931251525878906
1789729853532113200,24.220113037109375,12.450000762939453,-18.39375114440918,-32.10000228881836
1789729853542113000,24.230113037109376,12.15000057220459,-18.20625114440918,-32.26875305175781
1789729853552113200,24.240113037109374,12.375000953674316,-18.412500381469727,-32.51250076293945
1789729853562113000,24.250113037109376,12.356250762939453,-18.318750381469727,-32.75625228881836
1789729853572113200,24.260113037109374,12.131250381469727,-18.168750762939453,-33.056251525878906
1789729853582113000,24.270113037109375,12,-17.962501525878906,-33.26250076293945
1789729853592113200,24.280113037109373,11.850000381469727,-17.83125114440918,-33.39375305175781
1789729853602113000,24.290113037109375,11.981250762939453,-17.83125114440918,-33.58125305175781
1789729853612113200,24.300113037109377,12,-17.90625,-33.712501525878906
1789729853622113000,24.310113037109375,11.68125057220459,-18.037500381469727,-33.900001525878906
1789729853632113200,24.320113037109376,11.77500057220459,-17.606250762939453,-34.3125
1789729853642113000,24.330113037109374,11.850000381469727,-17.681251525878906,-34.6875
1789729853652113200,24.340113037109376,11.981250762939453,-17.775001525878906,-34.96875
1789729853662113000,24.350113037109374,12.05625057220459,-17.850000381469727,-35.28750228881836
1789729853672113200,24.360113037109375,12.018750190734863,-17.90625,-35.64375305175781
1789729853682113000,24.370113037109373,11.756250381469727,-17.700000762939453,-35.75625228881836
1789729853692113200,24.380113037109375,11.58750057220459,-17.73750114440918,-36.01875305175781
1789729853702113000,24.390113037109376,11.8125,-17.587501525878906,-36.28125
1789729853712113200,24.400113037109374,11.58750057220459,-17.400001525878906,-36.31875228881836
1789729853722113000,24.410113037109376,11.4375,-17.493751525878906,-36.48750305175781
1789729853732113200,24.420113037109374,10.96875,-17.118751525878906,-36.50625228881836
1789729853742113000,24.430113037109376,10.875,-17.212501525878906,-36.91875076293945
1789729853752113200,24.440113037109374,10.856250762939453,-17.025001525878906,-37.14375305175781
1789729853762113000,24.450113037109375,10.78125,-16.875,-37.556251525878906
1789729853772113200,24.460113037109377,10.537500381469727,-16.70625114440918,-37.875
1789729853782113000,24.470113037109375,10.36875057220459,-16.818750381469727,-38.34375
1789729853792113200,24.480113037109376,10.143750190734863,-16.80000114440918,-38.83125305175781
1789729853802113000,24.490113037109374,9.918750762939453,-16.537500381469727,-38.85000228881836
1789729853812113200,24.500113037109376,10.162500381469727,-16.631250381469727,-39.09375
1789729853822113000,24.510113037109374,9.9375,-16.556251525878906,-39.01875305175781
1789729853832113200,24.520113037109375,9.581250190734863,-16.42500114440918,-39.07500076293945
1789729853842113000,24.530113037109373,9.61875057220459,-16.5,-39.31875228881836
1789729853852113200,24.540113037109375,9.65625,-16.556251525878906,-39.618751525878906
1789729853862113000,24.550113037109377,9.75,-16.368751525878906,-39.58125305175781
1789729853872113200,24.560113037109375,9.9375,-16.443750381469727,-39.65625
1789729853882113000,24.570113037109376,9.881250381469727,-16.443750381469727,-39.95625305175781
1789729853892113200,24.580113037109374,9.90000057220459,-16.350000381469727,-40.125
1789729853902113000,24.590113037109376,9.918750762939453,-16.368751525878906,-40.14375305175781
1789729853912113200,24.600113037109374,10.256250381469727,-16.70625114440918,-40.40625
1789729853922113000,24.610113037109375,10.256250381469727,-16.762500762939453,-40.44375228881836
1789729853932113200,24.620113037109373,10.518750190734863,-16.950000762939453,-40.5
1789729853942113000,24.630113037109375,10.46250057220459,-16.89375114440918,-40.78125
1789729853952113200,24.640113037109376,10.5,-16.61250114440918,-40.80000305175781
1789729853962113000,24.650113037109374,10.706250190734863,-16.575000762939453,-41.13750076293945
1789729853972113200,24.660113037109376,10.55625057220459,-16.42500114440918,-41.51250076293945
1789729853982113000,24.670113037109374,10.46250057220459,-16.293750762939453,-41.868751525878906
1789729853992113200,24.680113037109376,10.3125,-16.068750381469727,-42.16875076293945
1789729854002113000,24.690113037109374,10.481250762939453,-16.087501525878906,-42.78750228881836
1789729854012113200,24.700113037109375,10.331250190734863,-15.881250381469727,-43.181251525878906
1789729854022113000,24.710113037109377,10.18125057220459,-15.918750762939453,-43.5
1789729854032113200,24.720113037109375,9.99375057220459,-16.293750762939453,-43.91250228881836
1789729854042113000,24.730113037109376,9.90000057220459,-16.40625,-44.19375228881836
1789729854052113200,24.740113037109374,10.08750057220459,-16.78125,-44.34375
1789729854062113000,24.750113037109376,10.143750190734863,-16.668750762939453,-44.36250305175781
1789729854072113200,24.760113037109374,10.125,-16.59375,-44.53125
1789729854082113000,24.770113037109375,9.9375,-16.51875114440918,-44.306251525878906
1789729854092113200,24.780113037109373,9.956250190734863,-16.5,-44.25
1789729854102113000,24.790113037109375,9.731250762939453,-16.61250114440918,-44.025001525878906
1789729854112113200,24.800113037109377,9.825000762939453,-16.3125,-43.98750305175781
1789729854122113000,24.810113037109375,9.918750762939453,-16.162500381469727,-44.04375076293945
1789729854132113200,24.820113037109376,9.787500381469727,-16.181251525878906,-44.34375
1789729854142113000,24.830113037109374,9.75,-16.162500381469727,-44.66250228881836
1789729854152113200,24.840113037109376,9.956250190734863,-16.350000381469727,-44.66250228881836
1789729854162113000,24.850113037109374,10.050000190734863,-16.443750381469727,-44.90625
1789729854172113200,24.860113037109375,10.012500762939453,-16.23750114440918,-44.92500305175781
1789729854182113000,24.870113037109373,10.425000190734863,-16.21875,-45.31875228881836
1789729854192113200,24.880113037109375,10.443750381469727,-16.368751525878906,-45.50625228881836
1789729854202113000,24.890113037109376,10.46250057220459,-16.575000762939453,-45.50625228881836
1789729854212113200,24.900113037109374,10.55625057220459,-16.78125,-45.39375305175781
1789729854222113000,24.910113037109376,10.6875,-16.89375114440918,-45.31875228881836
1789729854232113200,24.920113037109374,10.725000381469727,-16.98750114440918,-45.45000076293945
1789729854242113000,24.930113037109376,10.893750190734863,-16.931251525878906,-45.63750076293945
1789729854252113200,24.940113037109374,10.93125057220459,-17.306251525878906,-45.88125228881836
1789729854262113000,24.950113037109375,10.987500190734863,-17.475000381469727,-46.10625076293945
1789729854272113200,24.960113037109377,11.043750762939453,-17.681251525878906,-46.40625
1789729854282113000,24.970113037109375,11.231250762939453,-17.90625,-46.462501525878906
1789729854292113200,24.980113037109376,11.4375,-17.64375114440918,-46.63125228881836
1789729854302113000,24.990113037109374,11.625,-18.131250381469727,-46.89375305175781
1789729854312113200,25.000113037109376,11.643750190734863,-18.431251525878906,-47.118751525878906
1789729854322113000,25.010113037109374,11.550000190734863,-18.95625114440918,-47.28750228881836
1789729854332113200,25.020113037109375,11.77500057220459,-18.881250381469727,-47.400001525878906
1789729854342113000,25.030113037109373,11.8125,-19.03125,-47.47500228881836
1789729854352113200,25.040113037109375,11.737500190734863,-19.087501525878906,-47.60625076293945
1789729854362113000,25.050113037109377,11.606250762939453,-18.95625114440918,-47.94375228881836
1789729854372113200,25.060113037109375,11.662500381469727,-19.14375114440918,-48.11250305175781
1789729854382113000,25.070113037109376,11.58750057220459,-19.05000114440918,-48
1789729854392113200,25.080113037109374,11.643750190734863,-18.825000762939453,-48.03750228881836
1789729854402113000,25.090113037109376,11.662500381469727,-18.600000381469727,-48.13125228881836
1789729854412113200,25.100113037109374,11.456250190734863,-18.86250114440918,-48.31875228881836
1789729854422113000,25.110113037109375,11.40000057220459,-18.76875114440918,-48.375003814697266
1789729854432113200,25.120113037109373,11.606250762939453,-18.95625114440918,-48.375003814697266
1789729854442113000,25.130113037109375,11.68125057220459,-18.918750762939453,-48.431251525878906
1789729854452113200,25.140113037109376,11.606250762939453,-19.162500381469727,-48.656253814697266
1789729854462113000,25.150113037109374,11.49375057220459,-19.068750381469727,-48.806251525878906
1789729854472113200,25.160113037109376,11.40000057220459,-19.350000381469727,-49.05000305175781
1789729854482113000,25.170113037109374,11.362500190734863,-19.368751525878906,-49.312503814697266
1789729854492113200,25.180113037109376,11.287500381469727,-19.368751525878906,-49.44375228881836
1789729854502113000,25.190113037109374,11.231250762939453,-19.462501525878906,-49.48125076293945
1789729854512113200,25.200113037109375,11.100000381469727,-19.462501525878906,-49.687503814697266
1789729854522113000,25.210113037109377,11.15625,-19.59375,-49.837501525878906
1789729854532113200,25.220113037109375,11.175000190734863,-19.42500114440918,-49.931251525878906
1789729854542113000,25.230113037109376,11.456250190734863,-19.78125,-50.23125076293945
1789729854552113200,25.240113037109374,11.643750190734863,-19.912500381469727,-50.250003814697266
1789729854562113000,25.250113037109376,11.700000762939453,-20.043750762939453,-50.47500228881836
1789729854572113200,25.260113037109374,11.850000381469727,-20.193750381469727,-50.812503814697266
1789729854582113000,25.270113037109375,12.131250381469727,-20.4375,-50.92500305175781
1789729854592113200,25.280113037109373,12.131250381469727,-20.568750381469727,-51.000003814697266
1789729854602113000,25.290113037109375,12.281250953674316,-21.01875114440918,-51.20625305175781
1789729854612113200,25.300113037109377,12.543750762939453,-21.375,-51.31875228881836
1789729854622113000,25.310113037109375,12.693750381469727,-21.525001525878906,-51.22500228881836
1789729854632113200,25.320113037109376,12.937500953674316,-21.58125114440918,-51.26250076293945
1789729854642113000,25.330113037109374,13.36875057220459,-21.86250114440918,-51.22500228881836
1789729854652113200,25.340113037109376,13.968750953674316,-22.368751525878906,-51.22500228881836
1789729854662113000,25.350113037109374,14.11875057220459,-22.89375114440918,-51.41250228881836
1789729854672113200,25.360113037109375,14.568750381469727,-23.193750381469727,-51.48750305175781
1789729854682113000,25.370113037109373,14.831250190734863,-23.26875114440918,-51.618751525878906
1789729854692113200,25.380113037109375,15.018750190734863,-23.775001525878906,-51.67500305175781
1789729854702113000,25.390113037109376,15.356250762939453,-23.850000381469727,-51.95625305175781
1789729854712113200,25.400113037109374,15.43125057220459,-24.093751907348633,-52.368751525878906
1789729854722113000,25.410113037109376,15.693750381469727,-24.20625114440918,-52.70625305175781
1789729854732113200,25.420113037109374,15.675000190734863,-24.337501525878906,-53.19375228881836
1789729854742113000,25.430113037109376,16.012500762939453,-24.262500762939453,-53.64375305175781
1789729854752113200,25.440113037109374,16.40625,-24.562501907348633,-54.03750228881836
1789729854762113000,25.450113037109375,16.762500762939453,-24.806251525878906,-54.20625305175781
1789729854772113200,25.460113037109377,16.96875,-24.375001907348633,-54.50625228881836
1789729854782113000,25.470113037109375,17.043750762939453,-24.562501907348633,-54.95625305175781
1789729854792113200,25.480113037109376,17.306251525878906,-24.618751525878906,-55.01250076293945
1789729854802113000,25.490113037109374,17.287500381469727,-24.76875114440918,-55.06875228881836
1789729854812113200,25.500113037109376,17.4375,-24.76875114440918,-54.88125228881836
1789729854822113000,25.510113037109374,17.71875,-24.86250114440918,-54.750003814697266
1789729854832113200,25.520113037109375,17.662500381469727,-24.618751525878906,-54.69375228881836
1789729854842113000,25.530113037109373,17.83125114440918,-24.618751525878906,-54.993751525878906
1789729854852113200,25.540113037109375,17.850000381469727,-24.825000762939453,-55.01250076293945
1789729854862113000,25.550113037109377,18.168750762939453,-24.881250381469727,-55.10625076293945
1789729854872113200,25.560113037109375,18.337501525878906,-25.012500762939453,-55.42500305175781
1789729854882113000,25.570113037109376,18.712501525878906,-24.975000381469727,-55.66875076293945
1789729854892113200,25.580113037109374,19.05000114440918,-24.900001525878906,-56.062503814697266
1789729854902113000,25.590113037109376,19.162500381469727,-24.67500114440918,-56.493751525878906
1789729854912113200,25.600113037109374,19.61250114440918,-24.806251525878906,-56.79375076293945
1789729854922113000,25.610113037109375,19.856250762939453,-24.787500381469727,-57.01875305175781
1789729854932113200,25.620113037109373,20.17500114440918,-24.918750762939453,-57.468753814697266
1789729854942113000,25.630113037109375,20.17500114440918,-24.543750762939453,-57.73125076293945
1789729854952113200,25.640113037109376,20.325000762939453,-24.187501907348633,-57.86250305175781
1789729854962113000,25.650113037109374,20.400001525878906,-24.168750762939453,-57.937503814697266
1789729854972113200,25.660113037109376,20.418750762939453,-24.11250114440918,-58.01250076293945
1789729854982113000,25.670113037109374,20.681251525878906,-23.981250762939453,-58.125003814697266
1789729854992113200,25.680113037109376,20.90625,-23.943750381469727,-58.44375228881836
1789729855002113000,25.690113037109374,20.64375114440918,-23.568750381469727,-58.743751525878906
1789729855012113200,25.700113037109375,20.83125114440918,-23.287500381469727,-59.08125305175781
1789729855022113000,25.710113037109377,20.90625,-23.34375,-59.51250076293945
1789729855032113200,25.720113037109375,21.056251525878906,-23.4375,-60.000003814697266
1789729855042113000,25.730113037109376,21.150001525878906,-23.100000381469727,-60.562503814697266
1789729855052113200,25.740113037109374,21.262500762939453,-22.856250762939453,-61.218753814697266
1789729855062113000,25.750113037109376,21.356250762939453,-22.743751525878906,-61.85625076293945
1789729855072113200,25.760113037109374,21.39375114440918,-22.537500381469727,-62.156253814697266
1789729855082113000,25.770113037109375,21.525001525878906,-22.650001525878906,-62.250003814697266
1789729855092113200,25.780113037109373,21.600000381469727,-22.650001525878906,-62.493751525878906
1789729855102113000,25.790113037109375,21.693750381469727,-22.443750381469727,-62.36250305175781
1789729855112113200,25.800113037109377,21.75,-22.368751525878906,-62.531253814697266
1789729855122113000,25.810113037109375,21.918750762939453,-22.443750381469727,-62.437503814697266
1789729855132113200,25.820113037109376,22.068750381469727,-22.42500114440918,-62.51250076293945
1789729855142113000,25.830113037109374,21.900001525878906,-22.575000762939453,-62.45625305175781
1789729855152113200,25.840113037109376,21.76875114440918,-22.462501525878906,-62.212501525878906
1789729855162113000,25.850113037109374,22.14375114440918,-22.368751525878906,-62.23125076293945
1789729855172113200,25.860113037109375,22.068750381469727,-22.05000114440918,-62.17500305175781
1789729855182113000,25.870113037109373,22.106250762939453,-21.9375,-62.32500076293945
1789729855192113200,25.880113037109375,22.387500762939453,-21.975000381469727,-62.26875305175781
1789729855202113000,25.890113037109376,22.387500762939453,-21.918750762939453,-62.306251525878906
1789729855212113200,25.900113037109374,22.462501525878906,-21.76875114440918,-61.95000076293945
1789729855222113000,25.910113037109376,22.556251525878906,-21.46875,-61.781253814697266
1789729855232113200,25.920113037109374,22.61250114440918,-21.58125114440918,-62.250003814697266
1789729855242113000,25.930113037109376,22.51875114440918,-21.58125114440918,-62.250003814697266
1789729855252113200,25.940113037109374,22.78125,-21.67500114440918,-62.306251525878906
1789729855262113000,25.950113037109375,22.837501525878906,-21.84375,-62.587501525878906
1789729855272113200,25.960113037109377,22.650001525878906,-21.618751525878906,-62.587501525878906
1789729855282113000,25.970113037109375,22.462501525878906,-21.600000381469727,-62.70000076293945
1789729855292113200,25.980113037109376,22.181251525878906,-21.337501525878906,-63.01875305175781
1789729855302113000,25.990113037109374,22.181251525878906,-21.39375114440918,-63.056251525878906
1789729855312113200,26.000113037109376,22.3125,-21.20625114440918,-62.868751525878906
1789729855322113000,26.010113037109374,22.05000114440918,-20.90625,-63.03750228881836
1789729855332113200,26.020113037109375,21.65625,-20.850000381469727,-63.093753814697266
1789729855342113000,26.030113037109373,21.58125114440918,-20.512500762939453,-62.98125076293945
1789729855352113200,26.040113037109375,21.356250762939453,-20.287500381469727,-63.187503814697266
1789729855362113000,26.050113037109377,21.262500762939453,-20.08125114440918,-63.30000305175781
1789729855372113200,26.060113037109375,21.243751525878906,-19.950000762939453,-63.30000305175781
1789729855382113000,26.070113037109376,21.150001525878906,-19.743751525878906,-63.63750076293945
1789729855392113200,26.080113037109374,20.8125,-19.387500762939453,-63.78750228881836
1789729855402113000,26.090113037109376,21.037500381469727,-19.068750381469727,-64.0875015258789
1789729855412113200,26.100113037109374,21.075000762939453,-18.975000381469727,-64.1812515258789
1789729855422113000,26.110113037109375,21.243751525878906,-18.787500381469727,-64.25625610351562
1789729855432113200,26.120113037109373,21.337501525878906,-18.67500114440918,-64.05000305175781
1789729855442113000,26.130113037109375,21.58125114440918,-18.637500762939453,-64.0875015258789
1789729855452113200,26.140113037109376,21.67500114440918,-18.637500762939453,-64.03125
1789729855462113000,26.150113037109374,21.525001525878906,-18.356250762939453,-63.95625305175781
1789729855472113200,26.160113037109376,21.67500114440918,-18.28125,-64.1812515258789
1789729855482113000,26.170113037109374,21.5625,-18.1875,-64.06875610351562
1789729855492113200,26.180113037109376,21.67500114440918,-17.850000381469727,-64.3687515258789
1789729855502113000,26.190113037109374,21.618751525878906,-17.775001525878906,-64.29375457763672
1789729855512113200,26.200113037109375,21.712501525878906,-17.73750114440918,-64.66875457763672
1789729855522113000,26.210113037109377,21.806251525878906,-17.71875,-64.61250305175781
1789729855532113200,26.220113037109375,21.825000762939453,-17.568750381469727,-64.70625305175781
1789729855542113000,26.230113037109376,22.125,-17.606250762939453,-64.78125
1789729855552113200,26.240113037109374,22.106250762939453,-17.45625114440918,-64.80000305175781
1789729855562113000,26.250113037109376,22.21875,-17.55000114440918,-64.9312515258789
1789729855572113200,26.260113037109374,22.462501525878906,-17.55000114440918,-64.80000305175781
1789729855582113000,26.270113037109375,22.556251525878906,-17.325000762939453,-65.15625
1789729855592113200,26.280113037109373,22.78125,-17.025001525878906,-65.00625610351562
1789729855602113000,26.290113037109375,22.96875,-16.51875114440918,-65.15625
1789729855612113200,26.300113037109377,22.96875,-16.5,-65.3062515258789
1789729855622113000,26.310113037109375,23.15625,-16.368751525878906,-65.34375
1789729855632113200,26.320113037109376,23.4375,-16.5,-65.34375
1789729855642113000,26.330113037109374,23.793750762939453,-16.481250762939453,-65.4000015258789
1789729855652113200,26.340113037109376,23.700000762939453,-16.162500381469727,-65.23125457763672
1789729855662113000,26.350113037109374,23.73750114440918,-16.293750762939453,-65.34375
1789729855672113200,26.360113037109375,23.775001525878906,-16.275001525878906,-65.53125
1789729855682113000,26.370113037109373,23.756250381469727,-16.443750381469727,-65.60625457763672
1789729855692113200,26.380113037109375,24.056251525878906,-16.443750381469727,-65.83125305175781
1789729855702113000,26.390113037109376,24.30000114440918,-16.275001525878906,-65.7750015258789
1789729855712113200,26.400113037109374,24.412500381469727,-16.068750381469727,-65.90625
1789729855722113000,26.410113037109376,24.375001907348633,-15.99375057220459,-65.9625015258789
1789729855732113200,26.420113037109374,24.618751525878906,-15.937500953674316,-66.1500015258789
1789729855742113000,26.430113037109376,24.825000762939453,-15.90000057220459,-66.20625305175781
1789729855752113200,26.440113037109374,25.125001907348633,-15.843750953674316,-66.16875457763672
1789729855762113000,26.450113037109375,25.162500381469727,-15.543750762939453,-66.35625457763672
1789729855772113200,26.460113037109377,25.462501525878906,-15.52500057220459,-66.20625305175781
1789729855782113000,26.470113037109375,25.556251525878906,-15.52500057220459,-66.39375305175781
1789729855792113200,26.480113037109376,25.725000381469727,-15.693750381469727,-66.41250610351562
1789729855802113000,26.490113037109374,25.950000762939453,-15.562500953674316,-66.5250015258789
1789729855812113200,26.500113037109376,26.156251907348633,-15.581250190734863,-66.6187515258789
1789729855822113000,26.510113037109374,26.606250762939453,-15.637500762939453,-66.60000610351562
1789729855832113200,26.520113037109375,26.568750381469727,-15.843750953674316,-66.84375
1789729855842113000,26.530113037109373,26.92500114440918,-16.162500381469727,-66.8062515258789
1789729855852113200,26.540113037109375,27.037500381469727,-16.05000114440918,-67.0875015258789
1789729855862113000,26.550113037109377,27.11250114440918,-16.181251525878906,-67.3125
1789729855872113200,26.560113037109375,27.150001525878906,-16.125,-67.29375457763672
1789729855882113000,26.570113037109376,27.150001525878906,-16.3125,-67.3125
1789729855892113200,26.580113037109374,27.412500381469727,-16.668750762939453,-67.2750015258789
1789729855902113000,26.590113037109376,27.20625114440918,-16.875,-67.38750457763672
1789729855912113200,26.600113037109374,27.431251525878906,-17.025001525878906,-67.5
1789729855922113000,26.610113037109375,27.525001525878906,-17.287500381469727,-67.42500305175781
1789729855932113200,26.620113037109373,27.543750762939453,-17.568750381469727,-67.3125
1789729855942113000,26.630113037109375,27.806251525878906,-17.681251525878906,-67.16250610351562
1789729855952113200,26.640113037109376,28.23750114440918,-17.793750762939453,-67.01250457763672
1789729855962113000,26.650113037109374,28.631250381469727,-18.11250114440918,-66.97500610351562
1789729855972113200,26.660113037109376,28.51875114440918,-18.30000114440918,-67.0875015258789
1789729855982113000,26.670113037109374,28.818750381469727,-18.450000762939453,-66.86250305175781
1789729855992113200,26.680113037109376,29.006250381469727,-18.48750114440918,-66.78750610351562
1789729856002113000,26.690113037109374,29.118751525878906,-18.356250762939453,-66.88125610351562
1789729856012113200,26.700113037109375,29.118751525878906,-18.225000381469727,-66.73125457763672
1789729856022113000,26.710113037109377,28.950000762939453,-18.168750762939453,-66.73125457763672
1789729856032113200,26.720113037109375,28.762500762939453,-18.11250114440918,-66.76875305175781
1789729856042113000,26.730113037109376,28.575000762939453,-18.01875114440918,-66.54375457763672
1789729856052113200,26.740113037109374,28.70625114440918,-18.056251525878906,-66.46875
1789729856062113000,26.750113037109376,28.687501907348633,-18.075000762939453,-66.39375305175781
1789729856072113200,26.760113037109374,28.687501907348633,-18.056251525878906,-66.1875
1789729856082113000,26.770113037109375,28.593751907348633,-18.28125,-66.07500457763672
1789729856092113200,26.780113037109373,28.98750114440918,-18.450000762939453,-66.31875610351562
1789729856102113000,26.790113037109375,29.156251907348633,-18.618751525878906,-66.35625457763672
1789729856112113200,26.800113037109377,29.475000381469727,-18.881250381469727,-66.58125305175781
1789729856122113000,26.810113037109375,29.775001525878906,-18.86250114440918,-66.9000015258789
1789729856132113200,26.820113037109376,30.131250381469727,-18.84375,-67.125
1789729856142113000,26.830113037109374,30.48750114440918,-18.75,-67.20000457763672
1789729856152113200,26.840113037109376,30.693750381469727,-18.900001525878906,-67.3125
1789729856162113000,26.850113037109374,31.087501525878906,-18.993751525878906,-67.3687515258789
1789729856172113200,26.860113037109375,30.881250381469727,-19.14375114440918,-67.16250610351562
1789729856182113000,26.870113037109373,31.14375114440918,-19.556251525878906,-67.05000305175781
1789729856192113200,26.880113037109375,31.068750381469727,-19.556251525878906,-66.9000015258789
1789729856202113000,26.890113037109376,31.106250762939453,-19.837501525878906,-66.67500305175781
1789729856212113200,26.900113037109374,30.843751907348633,-19.912500381469727,-66.60000610351562
1789729856222113000,26.910113037109376,30.656251907348633,-20.0625,-66.50625610351562
1789729856232113200,26.920113037109374,30.67500114440918,-20.493751525878906,-66.46875
1789729856242113000,26.930113037109376,30.525001525878906,-20.4375,-66.41250610351562
1789729856252113200,26.940113037109374,30.67500114440918,-20.493751525878906,-66.4312515258789
1789729856262113000,26.950113037109375,30.637500762939453,-20.45625114440918,-66.54375457763672
1789729856272113200,26.960113037109377,30.618751525878906,-20.64375114440918,-66.6187515258789
1789729856282113000,26.970113037109375,30.506250381469727,-20.36250114440918,-66.69375610351562
1789729856292113200,26.980113037109376,30.806251525878906,-20.606250762939453,-66.4312515258789
1789729856302113000,26.990113037109374,30.918750762939453,-21.09375,-66.58125305175781
1789729856312113200,27.000113037109376,30.825000762939453,-20.850000381469727,-66.60000610351562
1789729856322113000,27.010113037109374,30.993751525878906,-21.150001525878906,-66.6187515258789
1789729856332113200,27.020113037109375,30.993751525878906,-21.412500381469727,-66.45000457763672
1789729856342113000,27.030113037109373,31.14375114440918,-21.65625,-66.46875
1789729856352113200,27.040113037109375,31.368751525878906,-21.825000762939453,-66.46875
1789729856362113000,27.050113037109377,31.350000381469727,-22.256250381469727,-66.39375305175781
1789729856372113200,27.060113037109375,31.350000381469727,-22.275001525878906,-66.09375
1789729856382113000,27.070113037109376,31.312501907348633,-22.162500381469727,-66.0562515258789
1789729856392113200,27.080113037109374,31.33125114440918,-22.40625,-65.75625610351562
1789729856402113000,27.090113037109376,31.14375114440918,-22.6875,-65.79375457763672
1789729856412113200,27.100113037109374,31.275001525878906,-22.762500762939453,-65.88750457763672
1789729856422113000,27.110113037109375,31.106250762939453,-22.725000381469727,-65.64375305175781
1789729856432113200,27.120113037109373,30.975000381469727,-23.025001525878906,-65.73750305175781
1789729856442113000,27.130113037109375,31.218751907348633,-23.137500762939453,-65.38125610351562
1789729856452113200,27.140113037109376,31.368751525878906,-23.325000762939453,-65.73750305175781
1789729856462113000,27.150113037109374,31.481250762939453,-23.55000114440918,-65.75625610351562
1789729856472113200,27.160113037109376,31.668750762939453,-23.887500762939453,-65.8687515258789
1789729856482113000,27.170113037109374,31.89375114440918,-23.4375,-65.92500305175781
1789729856492113200,27.180113037109376,31.912500381469727,-23.606250762939453,-66.1500015258789
1789729856502113000,27.190113037109374,32.00625228881836,-23.83125114440918,-66.03750610351562
1789729856512113200,27.200113037109375,32.13750076293945,-23.606250762939453,-65.71875
1789729856522113000,27.210113037109377,32.10000228881836,-23.90625,-65.8125
1789729856532113200,27.220113037109375,31.89375114440918,-24.20625114440918,-66.07500457763672
1789729856542113000,27.230113037109376,31.89375114440918,-24.150001525878906,-65.94375610351562
1789729856552113200,27.240113037109374,31.98750114440918,-24.20625114440918,-65.88750457763672
1789729856562113000,27.250113037109376,31.931251525878906,-24.693750381469727,-65.70000457763672
1789729856572113200,27.260113037109374,32.0625,-24.58125114440918,-65.4375
1789729856582113000,27.270113037109375,32.08125305175781,-24.656251907348633,-65.53125
1789729856592113200,27.280113037109373,31.98750114440918,-25.031251907348633,-65.47500610351562
1789729856602113000,27.290113037109375,32.118751525878906,-25.218751907348633,-65.71875
1789729856612113200,27.300113037109377,32.38125228881836,-25.200000762939453,-65.55000305175781
1789729856622113000,27.310113037109375,32.32500076293945,-25.443750381469727,-65.66250610351562
1789729856632113200,27.320113037109376,32.34375,-25.593751907348633,-65.98125457763672
1789729856642113000,27.330113037109374,32.60625076293945,-25.80000114440918,-65.8687515258789
1789729856652113200,27.340113037109376,32.60625076293945,-26.193750381469727,-65.79375457763672
1789729856662113000,27.350113037109374,32.8125,-26.381250381469727,-66.0562515258789
1789729856672113200,27.360113037109375,32.94375228881836,-26.325000762939453,-66.0562515258789
1789729856682113000,27.370113037109373,32.94375228881836,-26.118751525878906,-66.09375
1789729856692113200,27.380113037109375,32.85000228881836,-26.400001525878906,-66.09375
1789729856702113000,27.390113037109376,33,-26.212501525878906,-65.9625015258789
1789729856712113200,27.400113037109374,33.11250305175781,-26.193750381469727,-65.625
1789729856722113000,27.410113037109376,33.01875305175781,-26.400001525878906,-65.8687515258789
1789729856732113200,27.420113037109374,32.94375228881836,-26.193750381469727,-66.09375
1789729856742113000,27.430113037109376,32.79375076293945,-26.025001525878906,-65.98125457763672
1789729856752113200,27.440113037109374,32.681251525878906,-26.212501525878906,-66.09375
1789729856762113000,27.450113037109375,32.70000076293945,-26.100000381469727,-66.1875
1789729856772113200,27.460113037109377,32.73750305175781,-25.837501525878906,-65.9625015258789
1789729856782113000,27.470113037109375,32.625,-26.231250762939453,-66.20625305175781
1789729856792113200,27.480113037109376,32.60625076293945,-26.100000381469727,-66.35625457763672
1789729856802113000,27.490113037109374,32.71875,-25.818750381469727,-66.46875
1789729856812113200,27.500113037109376,32.88750076293945,-26.100000381469727,-66.39375305175781
1789729856822113000,27.510113037109374,32.90625,-26.062501907348633,-66.5250015258789
1789729856832113200,27.520113037109375,33.16875076293945,-26.137500762939453,-66.5625
1789729856842113000,27.530113037109373,33.337501525878906,-26.400001525878906,-66.39375305175781
1789729856852113200,27.540113037109375,33.30000305175781,-26.568750381469727,-66.41250610351562
1789729856862113000,27.550113037109377,33.39375305175781,-26.512500762939453,-66.31875610351562
1789729856872113200,27.560113037109375,33.35625076293945,-26.606250762939453,-66.26250457763672
1789729856882113000,27.570113037109376,33.375,-26.775001525878906,-66
1789729856892113200,27.580113037109374,33.54375076293945,-26.718751907348633,-65.9625015258789
1789729856902113000,27.590113037109376,33.712501525878906,-26.83125114440918,-65.6812515258789
1789729856912113200,27.600113037109374,33.69375228881836,-26.625001907348633,-65.4375
1789729856922113000,27.610113037109375,33.5625,-26.83125114440918,-65.4937515258789
1789729856932113200,27.620113037109373,33.431251525878906,-26.981250762939453,-66.01875305175781
1789729856942113000,27.630113037109375,33.78750228881836,-26.812501907348633,-66.01875305175781
1789729856952113200,27.640113037109376,33.86250305175781,-27.131250381469727,-66.30000305175781
1789729856962113000,27.650113037109374,33.993751525878906,-27.187501907348633,-66.35625457763672
1789729856972113200,27.660113037109376,33.993751525878906,-27.506250381469727,-66.54375457763672
1789729856982113000,27.670113037109374,34.20000076293945,-27.600000381469727,-66.58125305175781
1789729856992113200,27.680113037109376,34.42500305175781,-28.068750381469727,-66.78750610351562
1789729857002113000,27.690113037109374,34.70625305175781,-27.787500381469727,-66.91875457763672
1789729857012113200,27.700113037109375,34.96875,-27.806251525878906,-66.63750457763672
1789729857022113000,27.710113037109377,35.10000228881836,-27.918750762939453,-66.5625
1789729857032113200,27.720113037109375,35.08125305175781,-27.76875114440918,-66.39375305175781
1789729857042113000,27.730113037109376,35.118751525878906,-27.825000762939453,-66.45000457763672
1789729857052113200,27.740113037109374,35.25,-27.637500762939453,-66.35625457763672
1789729857062113000,27.750113037109376,35.025001525878906,-27.750001907348633,-66.46875
1789729857072113200,27.760113037109374,34.931251525878906,-27.468751907348633,-66.46875
1789729857082113000,27.770113037109375,34.80000305175781,-27.600000381469727,-66.31875610351562
1789729857092113200,27.780113037109373,35.025001525878906,-27.468751907348633,-66.39375305175781
1789729857102113000,27.790113037109375,34.931251525878906,-27.543750762939453,-66.4312515258789
1789729857112113200,27.800113037109377,35.17500305175781,-27.281251907348633,-66.3375015258789
1789729857122113000,27.810113037109375,35.32500076293945,-27.262500762939453,-66.35625457763672
1789729857132113200,27.820113037109376,35.400001525878906,-27.20625114440918,-66.3375015258789
1789729857142113000,27.830113037109374,35.775001525878906,-27.11250114440918,-66.31875610351562
1789729857152113200,27.840113037109376,36.13125228881836,-27.187501907348633,-66.58125305175781
1789729857162113000,27.850113037109374,36.67500305175781,-27.468751907348633,-66.86250305175781
1789729857172113200,27.860113037109375,36.95625305175781,-27.225000381469727,-66.63750457763672
1789729857182113000,27.870113037109373,37.181251525878906,-27.187501907348633,-66.86250305175781
1789729857192113200,27.880113037109375,37.35000228881836,-27.412500381469727,-67.06875610351562
1789729857202113000,27.890113037109376,37.51875305175781,-27.468751907348633,-67.14375305175781
1789729857212113200,27.900113037109374,37.743751525878906,-27.618751525878906,-67.05000305175781
1789729857222113000,27.910113037109376,37.875,-27.825000762939453,-67.29375457763672
1789729857232113200,27.920113037109374,37.89375305175781,-27.67500114440918,-67.25625610351562
1789729857242113000,27.930113037109376,37.81875228881836,-27.39375114440918,-67.125
1789729857252113200,27.940113037109374,37.91250228881836,-27.431251525878906,-67.33125305175781
1789729857262113000,27.950113037109375,38.04375076293945,-27.543750762939453,-67.3125
1789729857272113200,27.960113037109377,38.400001525878906,-27.58125114440918,-67.42500305175781
1789729857282113000,27.970113037109375,38.493751525878906,-27.412500381469727,-67.48125457763672
1789729857292113200,27.980113037109376,38.8125,-27.356250762939453,-67.7437515258789
1789729857302113000,27.990113037109374,39.150001525878906,-27.20625114440918,-67.57500457763672
1789729857312113200,28.000113037109376,39.60000228881836,-27.30000114440918,-67.4625015258789
1789729857322113000,28.010113037109374,39.73125076293945,-27.431251525878906,-67.4625015258789
1789729857332113200,28.020113037109375,40.01250076293945,-27.712501525878906,-67.38750457763672
1789729857342113000,28.030113037109373,40.29375076293945,-27.58125114440918,-67.20000457763672
1789729857352113200,28.040113037109375,40.51875305175781,-27.637500762939453,-66.95625305175781
1789729857362113000,28.050113037109377,40.95000076293945,-27.86250114440918,-66.78750610351562
1789729857372113200,28.060113037109375,40.837501525878906,-27.787500381469727,-66.86250305175781
1789729857382113000,28.070113037109376,40.81875228881836,-27.712501525878906,-66.82500457763672
1789729857392113200,28.080113037109374,40.76250076293945,-27.787500381469727,-66.82500457763672
1789729857402113000,28.090113037109376,41.04375076293945,-27.731250762939453,-66.91875457763672
1789729857412113200,28.100113037109374,41.34375,-27.843751907348633,-67.125
1789729857422113000,28.110113037109375,41.681251525878906,-27.900001525878906,-67.21875
1789729857432113200,28.120113037109373,41.83125305175781,-27.975000381469727,-67.23750305175781
1789729857442113000,28.130113037109375,41.79375076293945,-27.937501907348633,-67.23750305175781
1789729857452113200,28.140113037109376,42.31875228881836,-28.087501525878906,-67.06875610351562
1789729857462113000,28.150113037109374,42.58125305175781,-28.368751525878906,-67.16250610351562
1789729857472113200,28.160113037109376,43.05000305175781,-28.387500762939453,-67.3125
1789729857482113000,28.170113037109374,43.5,-28.631250381469727,-67.20000457763672
1789729857492113200,28.180113037109376,43.556251525878906,-28.61250114440918,-67.06875610351562
1789729857502113000,28.190113037109374,43.72500228881836,-28.631250381469727,-66.75
1789729857512113200,28.200113037109375,44.025001525878906,-28.650001525878906,-66.65625
1789729857522113000,28.210113037109377,44.47500228881836,-28.781251907348633,-66.6187515258789
1789729857532113200,28.220113037109375,44.681251525878906,-28.743751525878906,-66.46875
1789729857542113000,28.230113037109376,45.056251525878906,-28.725000381469727,-66.375
1789729857552113200,28.240113037109374,45.03750228881836,-28.687501907348633,-66.26250457763672
1789729857562113000,28.250113037109376,45.01875305175781,-28.650001525878906,-66.30000305175781
1789729857572113200,28.260113037109374,45.41250228881836,-28.61250114440918,-66.0562515258789
1789729857582113000,28.270113037109375,45.48750305175781,-29.025001525878906,-66.22500610351562
1789729857592113200,28.280113037109373,45.712501525878906,-29.025001525878906,-66.13125610351562
1789729857602113000,28.290113037109375,45.84375,-29.08125114440918,-66.1500015258789
1789729857612113200,28.300113037109377,46.01250076293945,-29.26875114440918,-66.20625305175781
1789729857622113000,28.310113037109375,46.20000076293945,-29.137500762939453,-66.30000305175781
1789729857632113200,28.320113037109376,46.5,-29.512500762939453,-66.03750610351562
1789729857642113000,28.330113037109374,46.931251525878906,-29.493751525878906,-65.83125305175781
1789729857652113200,28.340113037109376,46.91250228881836,-29.568750381469727,-65.75625610351562
1789729857662113000,28.350113037109374,47.13750076293945,-29.306251525878906,-65.73750305175781
1789729857672113200,28.360113037109375,47.15625,-29.475000381469727,-65.92500305175781
1789729857682113000,28.370113037109373,47.36250305175781,-29.55000114440918,-65.8125
1789729857692113200,28.380113037109375,47.38125228881836,-29.568750381469727,-66
1789729857702113000,28.390113037109376,47.55000305175781,-29.92500114440918,-65.71875
1789729857712113200,28.400113037109374,48.07500076293945,-29.943750381469727,-65.625
1789729857722113000,28.410113037109376,48.30000305175781,-30.000001907348633,-65.5875015258789
1789729857732113200,28.420113037109374,48.69375228881836,-30.243751525878906,-65.6812515258789
1789729857742113000,28.430113037109376,48.91875076293945,-30.131250381469727,-65.51250457763672
1789729857752113200,28.440113037109374,49.20000076293945,-30.39375114440918,-65.34375
1789729857762113000,28.450113037109375,49.38750076293945,-30.150001525878906,-65.23125457763672
1789729857772113200,28.460113037109377,49.66875076293945,-30.01875114440918,-64.70625305175781
1789729857782113000,28.470113037109375,49.91250228881836,-29.92500114440918,-64.6500015258789
1789729857792113200,28.480113037109376,49.85625076293945,-29.83125114440918,-64.40625
1789729857802113000,28.490113037109374,50.00625228881836,-29.775001525878906,-64.33125305175781
1789729857812113200,28.500113037109376,50.306251525878906,-29.64375114440918,-64.05000305175781
1789729857822113000,28.510113037109374,50.55000305175781,-29.718751907348633,-63.97500228881836
1789729857832113200,28.520113037109375,50.75625228881836,-29.45625114440918,-63.937503814697266
1789729857842113000,28.530113037109373,51.20625305175781,-29.512500762939453,-63.900001525878906
1789729857852113200,28.540113037109375,51.618751525878906,-29.493751525878906,-64.06875610351562
1789729857862113000,28.550113037109377,51.76875305175781,-29.306251525878906,-64.125
1789729857872113200,28.560113037109375,52.01250076293945,-29.17500114440918,-64.21875
1789729857882113000,28.570113037109376,52.01250076293945,-29.118751525878906,-64.35000610351562
1789729857892113200,28.580113037109374,52.031253814697266,-28.950000762939453,-64.63125610351562
1789729857902113000,28.590113037109376,52.05000305175781,-28.818750381469727,-64.72500610351562
1789729857912113200,28.600113037109374,51.97500228881836,-28.725000381469727,-64.81875610351562
1789729857922113000,28.610113037109375,52.01250076293945,-28.89375114440918,-64.98750305175781
1789729857932113200,28.620113037109373,51.97500228881836,-29.006250381469727,-64.875
1789729857942113000,28.630113037109375,52.05000305175781,-29.062501907348633,-64.7437515258789
1789729857952113200,28.640113037109376,51.95625305175781,-29.17500114440918,-64.875
1789729857962113000,28.650113037109374,52.23750305175781,-29.100000381469727,-64.95000457763672
1789729857972113200,28.660113037109376,52.275001525878906,-29.156251907348633,-64.57500457763672
1789729857982113000,28.670113037109374,52.53750228881836,-29.306251525878906,-64.42500305175781
1789729857992113200,28.680113037109376,52.875003814697266,-29.250001907348633,-64.44375610351562
1789729858002113000,28.690113037109374,53.118751525878906,-29.137500762939453,-64.51875305175781
1789729858012113200,28.700113037109375,53.38125228881836,-28.968751907348633,-64.66875457763672
1789729858022113000,28.710113037109377,53.56875228881836,-28.912500381469727,-64.72500610351562
1789729858032113200,28.720113037109375,53.868751525878906,-28.912500381469727,-64.80000305175781
1789729858042113000,28.730113037109376,54.01875305175781,-29.062501907348633,-64.6500015258789
1789729858052113200,28.740113037109374,54.13125228881836,-28.950000762939453,-64.72500610351562
1789729858062113000,28.750113037109376,54.187503814697266,-28.875001907348633,-64.9312515258789
1789729858072113200,28.760113037109374,54.187503814697266,-28.89375114440918,-64.76250457763672
1789729858082113000,28.770113037109375,54.03750228881836,-28.762500762939453,-64.66875457763672
1789729858092113200,28.780113037109373,54.056251525878906,-28.856250762939453,-64.48125457763672
1789729858102113000,28.790113037109375,54.11250305175781,-28.743751525878906,-64.53750610351562
1789729858112113200,28.800113037109377,54.01875305175781,-28.537500381469727,-64.3125
1789729858122113000,28.810113037109375,53.88750076293945,-28.350000381469727,-64.29375457763672
1789729858132113200,28.820113037109376,54.187503814697266,-28.725000381469727,-64.44375610351562
1789729858142113000,28.830113037109374,54.22500228881836,-28.725000381469727,-64.5
1789729858152113200,28.840113037109376,54.22500228881836,-28.762500762939453,-64.5562515258789
1789729858162113000,28.850113037109374,54.16875076293945,-28.650001525878906,-64.3125
1789729858172113200,28.860113037109375,54.150001525878906,-28.856250762939453,-64.42500305175781
1789729858182113000,28.870113037109373,53.962501525878906,-28.875001907348633,-64.3687515258789
1789729858192113200,28.880113037109375,54.16875076293945,-28.856250762939453,-64.57500457763672
1789729858202113000,28.890113037109376,54.525001525878906,-28.837501525878906,-64.63125610351562
1789729858212113200,28.900113037109374,54.39375305175781,-28.443750381469727,-64.44375610351562
1789729858222113000,28.910113037109376,54.431251525878906,-28.087501525878906,-64.29375457763672
1789729858232113200,28.920113037109374,54.525001525878906,-27.843751907348633,-64.03125
1789729858242113000,28.930113037109376,54.712501525878906,-28.068750381469727,-64.38750457763672
1789729858252113200,28.940113037109374,54.86250305175781,-27.86250114440918,-64.10625457763672
1789729858262113000,28.950113037109375,55.14375305175781,-27.825000762939453,-63.993751525878906
1789729858272113200,28.960113037109377,55.087501525878906,-27.76875114440918,-63.91875076293945
1789729858282113000,28.970113037109375,54.95625305175781,-27.712501525878906,-63.806251525878906
1789729858292113200,28.980113037109376,55.10625076293945,-27.937501907348633,-63.78750228881836
1789729858302113000,28.990113037109374,55.14375305175781,-28.125001907348633,-63.60000228881836
1789729858312113200,29.000113037109376,55.23750305175781,-28.256250381469727,-63.54375076293945
1789729858322113000,29.010113037109374,55.406253814697266,-28.368751525878906,-63.30000305175781
1789729858332113200,29.020113037109375,55.38750076293945,-28.275001525878906,-63.39375305175781
1789729858342113000,29.030113037109373,55.406253814697266,-28.500001907348633,-63.39375305175781
1789729858352113200,29.040113037109375,55.48125076293945,-28.556251525878906,-63.337501525878906
1789729858362113000,29.050113037109377,55.593753814697266,-28.668750762939453,-63.281253814697266
1789729858372113200,29.060113037109375,55.61250305175781,-28.61250114440918,-63.150001525878906
1789729858382113000,29.070113037109376,56.062503814697266,-28.80000114440918,-63.16875076293945
1789729858392113200,29.080113037109374,56.28750228881836,-28.80000114440918,-63.13125228881836
1789729858402113000,29.090113037109376,56.343753814697266,-28.61250114440918,-63.11250305175781
1789729858412113200,29.100113037109374,56.70000076293945,-28.575000762939453,-62.88750076293945
1789729858422113000,29.110113037109375,57.01875305175781,-28.406251907348633,-62.98125076293945
1789729858432113200,29.120113037109373,57.281253814697266,-28.500001907348633,-62.868751525878906
1789729858442113000,29.130113037109375,57.375003814697266,-28.293750762939453,-62.41875076293945
1789729858452113200,29.140113037109376,57.750003814697266,-28.181251525878906,-62.587501525878906
1789729858462113000,29.150113037109374,57.656253814697266,-28.14375114440918,-62.681251525878906
1789729858472113200,29.160113037109376,57.86250305175781,-28.14375114440918,-62.94375228881836
1789729858482113000,29.170113037109374,58.125003814697266,-27.95625114440918,-62.906253814697266
1789729858492113200,29.180113037109376,58.275001525878906,-27.881250381469727,-62.83125305175781
1789729858502113000,29.190113037109374,58.23750305175781,-27.656251907348633,-62.56875228881836
1789729858512113200,29.200113037109375,58.368751525878906,-27.468751907348633,-62.625003814697266
1789729858522113000,29.210113037109377,58.53750228881836,-27.562501907348633,-63.000003814697266
1789729858532113200,29.220113037109375,58.462501525878906,-27.39375114440918,-62.962501525878906
1789729858542113000,29.230113037109376,58.837501525878906,-27.281251907348633,-63.01875305175781
1789729858552113200,29.240113037109374,59.13750076293945,-27.150001525878906,-62.79375076293945
1789729858562113000,29.250113037109376,59.400001525878906,-27.281251907348633,-62.812503814697266
1789729858572113200,29.260113037109374,59.45625305175781,-27.243751525878906,-62.94375228881836
1789729858582113000,29.270113037109375,59.66250228881836,-27.356250762939453,-63.11250305175781
1789729858592113200,29.280113037109373,60.000003814697266,-27.356250762939453,-63.187503814697266
1789729858602113000,29.290113037109375,60.11250305175781,-27.337501525878906,-63.20625305175781
1789729858612113200,29.300113037109377,60.35625076293945,-27.412500381469727,-63.20625305175781
1789729858622113000,29.310113037109375,60.281253814697266,-27.562501907348633,-63.07500076293945
1789729858632113200,29.320113037109376,60.11250305175781,-27.656251907348633,-63.281253814697266
1789729858642113000,29.330113037109374,60.07500076293945,-27.506250381469727,-62.906253814697266
1789729858652113200,29.340113037109376,60.11250305175781,-27.318750381469727,-62.868751525878906
1789729858662113000,29.350113037109374,60.243751525878906,-27.525001525878906,-62.64375305175781
1789729858672113200,29.360113037109375,60.243751525878906,-27.637500762939453,-62.64375305175781
1789729858682113000,29.370113037109373,60.30000305175781,-27.731250762939453,-62.60625076293945
1789729858692113200,29.380113037109375,60.30000305175781,-27.731250762939453,-62.400001525878906
1789729858702113000,29.390113037109376,60.281253814697266,-27.712501525878906,-62.47500228881836
1789729858712113200,29.400113037109374,60.562503814697266,-27.95625114440918,-62.28750228881836
1789729858722113000,29.410113037109376,60.525001525878906,-28.42500114440918,-62.587501525878906
1789729858732113200,29.420113037109374,60.31875228881836,-28.743751525878906,-62.73750305175781
1789729858742113000,29.430113037109376,60.281253814697266,-28.818750381469727,-62.88750076293945
1789729858752113200,29.440113037109374,60.22500228881836,-29.250001907348633,-62.88750076293945
1789729858762113000,29.450113037109375,60.20625305175781,-29.250001907348633,-63.000003814697266
1789729858772113200,29.460113037109377,60.22500228881836,-29.475000381469727,-63.243751525878906
1789729858782113000,29.470113037109375,60.20625305175781,-29.475000381469727,-63.337501525878906
1789729858792113200,29.480113037109376,60.07500076293945,-29.437501907348633,-63.60000228881836
1789729858802113000,29.490113037109374,60.31875228881836,-29.100000381469727,-63.431251525878906
1789729858812113200,29.500113037109376,60.50625228881836,-29.17500114440918,-63.525001525878906
1789729858822113000,29.510113037109374,60.750003814697266,-29.36250114440918,-63.39375305175781
1789729858832113200,29.520113037109375,60.82500076293945,-29.062501907348633,-63.39375305175781
1789729858842113000,29.530113037109373,61.14375305175781,-28.968751907348633,-63.48750305175781
1789729858852113200,29.540113037109375,61.42500305175781,-28.98750114440918,-63.468753814697266
1789729858862113000,29.550113037109377,61.89375305175781,-29.100000381469727,-63.337501525878906
1789729858872113200,29.560113037109375,61.968753814697266,-29.17500114440918,-63.22500228881836
1789729858882113000,29.570113037109376,61.95000076293945,-29.400001525878906,-63.58125305175781
1789729858892113200,29.580113037109374,62.08125305175781,-29.475000381469727,-63.712501525878906
1789729858902113000,29.590113037109376,62.04375076293945,-29.36250114440918,-64.06875610351562
1789729858912113200,29.600113037109374,62.19375228881836,-29.587501525878906,-63.97500228881836
1789729858922113000,29.610113037109375,62.250003814697266,-30.01875114440918,-63.843753814697266
1789729858932113200,29.620113037109373,62.212501525878906,-30.01875114440918,-64.01250457763672
1789729858942113000,29.630113037109375,62.10000228881836,-30.01875114440918,-64.0875015258789
1789729858952113200,29.640113037109376,62.36250305175781,-30.056251525878906,-64.03125
1789729858962113000,29.650113037109374,62.625003814697266,-30.093751907348633,-63.900001525878906
1789729858972113200,29.660113037109376,63.093753814697266,-30.337501525878906,-63.78750228881836
1789729858982113000,29.670113037109374,63.41250228881836,-30.468751907348633,-63.69375228881836
1789729858992113200,29.680113037109376,63.525001525878906,-30.30000114440918,-63.67500305175781
1789729859002113000,29.690113037109374,63.63750076293945,-30.39375114440918,-63.806251525878906
1789729859012113200,29.700113037109375,63.69375228881836,-30.525001525878906,-63.73125076293945
1789729859022113000,29.710113037109377,63.900001525878906,-30.900001525878906,-63.50625228881836
1789729859032113200,29.720113037109375,64.05000305175781,-30.975000381469727,-63.525001525878906
1789729859042113000,29.730113037109376,63.88125228881836,-31.068750381469727,-63.60000228881836
1789729859052113200,29.740113037109374,63.712501525878906,-31.387500762939453,-63.375003814697266
1789729859062113000,29.750113037109376,63.900001525878906,-31.481250762939453,-63.281253814697266
1789729859072113200,29.760113037109374,64.3125,-31.668750762939453,-63.41250228881836
1789729859082113000,29.770113037109375,64.59375,-31.650001525878906,-62.98125076293945
1789729859092113200,29.780113037109373,64.91250610351562,-31.51875114440918,-62.75625228881836
1789729859102113000,29.790113037109375,65.26875305175781,-31.481250762939453,-62.88750076293945
1789729859112113200,29.800113037109377,65.5875015258789,-31.406251907348633,-62.587501525878906
1789729859122113000,29.810113037109375,66.0562515258789,-31.51875114440918,-62.306251525878906
1789729859132113200,29.820113037109376,66.39375305175781,-31.51875114440918,-62.51250076293945
1789729859142113000,29.830113037109374,66.46875,-31.350000381469727,-62.400001525878906
1789729859152113200,29.840113037109376,66.39375305175781,-31.368751525878906,-62.250003814697266
1789729859162113000,29.850113037109374,66.5250015258789,-31.406251907348633,-62.625003814697266
1789729859172113200,29.860113037109375,66.65625,-31.725000381469727,-62.775001525878906
1789729859182113000,29.870113037109373,66.69375610351562,-31.743751525878906,-62.868751525878906
1789729859192113200,29.880113037109375,66.73125457763672,-31.80000114440918,-63.187503814697266
1789729859202113000,29.890113037109376,66.65625,-31.837501525878906,-63.22500228881836
1789729859212113200,29.900113037109374,66.78750610351562,-31.61250114440918,-63.07500076293945
1789729859222113000,29.910113037109376,66.65625,-31.668750762939453,-63.07500076293945
1789729859232113200,29.920113037109374,66.86250305175781,-31.931251525878906,-63.093753814697266
1789729859242113000,29.930113037109376,66.7125015258789,-31.818750381469727,-62.962501525878906
1789729859252113200,29.940113037109374,66.63750457763672,-31.968751907348633,-63.000003814697266
1789729859262113000,29.950113037109375,66.5250015258789,-31.837501525878906,-62.906253814697266
1789729859272113200,29.960113037109377,66.45000457763672,-31.912500381469727,-62.775001525878906
1789729859282113000,29.970113037109375,66.69375610351562,-32.00625228881836,-62.88750076293945
1789729859292113200,29.980113037109376,66.5250015258789,-31.968751907348633,-62.962501525878906
1789729859302113000,29.990113037109374,66.6187515258789,-32.25,-63.187503814697266
1789729859312113200,30.000113037109376,66.54375457763672,-32.0625,-63.01875305175781
1789729859322113000,30.010113037109374,66.78750610351562,-32.15625,-62.88750076293945
1789729859332113200,30.020113037109375,66.84375,-32.118751525878906,-62.85000228881836
1789729859342113000,30.030113037109373,66.9937515258789,-32.025001525878906,-62.66250228881836
1789729859352113200,30.040113037109375,66.86250305175781,-32.34375,-62.906253814697266
1789729859362113000,30.050113037109377,66.84375,-32.212501525878906,-62.962501525878906
1789729859372113200,30.060113037109375,66.91875457763672,-32.36250305175781,-62.906253814697266
1789729859382113000,30.070113037109376,66.9000015258789,-32.32500076293945,-62.64375305175781
1789729859392113200,30.080113037109374,66.78750610351562,-32.51250076293945,-62.812503814697266
1789729859402113000,30.090113037109376,66.58125305175781,-32.71875,-62.962501525878906
1789729859412113200,30.100113037109374,66.63750457763672,-32.79375076293945,-63.13125228881836
1789729859422113000,30.110113037109375,66.50625610351562,-33.22500228881836,-63.31875228881836
1789729859432113200,30.120113037109373,66.73125457763672,-33,-63.11250305175781
1789729859442113000,30.130113037109375,66.5250015258789,-33.1875,-63.000003814697266
1789729859452113200,30.140113037109376,66.54375457763672,-33.13125228881836,-63.093753814697266
1789729859462113000,30.150113037109374,66.20625305175781,-33.150001525878906,-63.337501525878906
1789729859472113200,30.160113037109376,66.20625305175781,-33.11250305175781,-63.337501525878906
1789729859482113000,30.170113037109374,66.30000305175781,-33.11250305175781,-63.41250228881836
1789729859492113200,30.180113037109376,66.1875,-33,-63.150001525878906
1789729859502113000,30.190113037109374,66.30000305175781,-32.88750076293945,-63.093753814697266
1789729859512113200,30.200113037109375,66.20625305175781,-33.1875,-62.92500305175781
1789729859522113000,30.210113037109377,66.11250305175781,-33.1875,-62.906253814697266
1789729859532113200,30.220113037109375,66.07500457763672,-33.31875228881836,-63.056251525878906
1789729859542113000,30.230113037109376,66.375,-33.46875,-62.79375076293945
1789729859552113200,30.240113037109374,66.2437515258789,-33.45000076293945,-62.64375305175781
1789729859562113000,30.250113037109376,66.03750610351562,-33.60000228881836,-62.55000305175781
1789729859572113200,30.260113037109374,66.26250457763672,-33.5625,-62.587501525878906
1789729859582113000,30.270113037109375,66.28125,-33.712501525878906,-62.38125228881836
1789729859592113200,30.280113037109373,66.07500457763672,-33.39375305175781,-62.437503814697266
1789729859602113000,30.290113037109375,66.3375015258789,-33.46875,-62.156253814697266
1789729859612113200,30.300113037109377,66.39375305175781,-33.31875228881836,-61.743751525878906
1789729859622113000,30.310113037109375,66.48750305175781,-33.20625305175781,-61.66875076293945
1789729859632113200,30.320113037109376,66.91875457763672,-33.243751525878906,-61.89375305175781
1789729859642113000,30.330113037109374,67.35000610351562,-33.13125228881836,-61.687503814697266
1789729859652113200,30.340113037109376,67.40625,-32.962501525878906,-61.743751525878906
1789729859662113000,30.350113037109374,67.4625015258789,-32.64375305175781,-61.875003814697266
1789729859672113200,30.360113037109375,67.9312515258789,-32.64375305175781,-62.04375076293945
1789729859682113000,30.370113037109373,68.0250015258789,-32.25,-61.968753814697266
1789729859692113200,30.380113037109375,68.15625,-32.17500305175781,-62.400001525878906
1789729859702113000,30.390113037109376,68.32500457763672,-32.00625228881836,-62.587501525878906
1789729859712113200,30.400113037109374,68.17500305175781,-32.025001525878906,-62.41875076293945
1789729859722113000,30.410113037109376,68.10000610351562,-31.931251525878906,-62.73750305175781
1789729859732113200,30.420113037109374,67.875,-32.17500305175781,-62.45625305175781
1789729859742113000,30.430113037109376,68.0625,-32.26875305175781,-62.56875228881836
1789729859752113200,30.440113037109374,68.0250015258789,-32.45625305175781,-62.718753814697266
1789729859762113000,30.450113037109375,67.9312515258789,-32.681251525878906,-63.11250305175781
1789729859772113200,30.460113037109377,68.00625610351562,-32.56875228881836,-63.000003814697266
1789729859782113000,30.470113037109375,68.25,-32.587501525878906,-62.94375228881836
1789729859792113200,30.480113037109376,68.41875457763672,-32.4375,-62.868751525878906
1789729859802113000,30.490113037109374,68.64375305175781,-32.41875076293945,-62.83125305175781
1789729859812113200,30.500113037109376,68.9625015258789,-32.15625,-63.01875305175781
1789729859822113000,30.510113037109374,68.71875,-32.4375,-62.775001525878906
1789729859832113200,30.520113037109375,68.8125,-32.19375228881836,-62.625003814697266
1789729859842113000,30.530113037109373,69.09375,-32.306251525878906,-62.587501525878906
1789729859852113200,30.540113037109375,69.1500015258789,-32.4375,-62.493751525878906
1789729859862113000,30.550113037109377,69.22500610351562,-32.23125076293945,-62.26875305175781
1789729859872113200,30.560113037109375,69.35625457763672,-32.19375228881836,-62.26875305175781
1789729859882113000,30.570113037109376,69.26250457763672,-32.25,-62.08125305175781
1789729859892113200,30.580113037109374,69.35625457763672,-32.38125228881836,-62.118751525878906
1789729859902113000,30.590113037109376,69.60000610351562,-32.17500305175781,-62.118751525878906
1789729859912113200,30.600113037109374,69.45000457763672,-32.23125076293945,-61.81875228881836
1789729859922113000,30.610113037109375,69.50625610351562,-31.89375114440918,-61.51875305175781
1789729859932113200,30.620113037109373,69.46875,-31.98750114440918,-61.29375076293945
1789729859942113000,30.630113037109375,69.45000457763672,-31.968751907348633,-61.06875228881836
1789729859952113200,30.640113037109376,69.5625,-32.00625228881836,-60.993751525878906
1789729859962113000,30.650113037109374,69.48750305175781,-32.00625228881836,-60.843753814697266
1789729859972113200,30.660113037109376,69.28125,-32.00625228881836,-60.82500076293945
1789729859982113000,30.670113037109374,69.35625457763672,-31.98750114440918,-60.76875305175781
1789729859992113200,30.680113037109376,69.48750305175781,-31.762500762939453,-60.69375228881836
1789729860002113000,30.690113037109374,69.45000457763672,-31.89375114440918,-60.73125076293945
1789729860012113200,30.700113037109375,69.54375457763672,-31.781251907348633,-60.54375076293945
1789729860022113000,30.710113037109377,69.375,-31.89375114440918,-60.900001525878906
1789729860032113200,30.720113037109375,69.30000305175781,-31.593751907348633,-60.656253814697266
1789729860042113000,30.730113037109376,69.58125305175781,-31.575000762939453,-60.69375228881836
1789729860052113200,30.740113037109374,69.76875305175781,-31.406251907348633,-60.431251525878906
1789729860062113000,30.750113037109376,69.73125457763672,-31.200000762939453,-60.39375305175781
1789729860072113200,30.760113037109374,69.86250305175781,-31.181251525878906,-60.31875228881836
1789729860082113000,30.770113037109375,69.82500457763672,-30.993751525878906,-60.20625305175781
1789729860092113200,30.780113037109373,69.76875305175781,-30.843751907348633,-60.375003814697266
1789729860102113000,30.790113037109375,69.75,-30.825000762939453,-60.31875228881836
1789729860112113200,30.800113037109377,69.76875305175781,-30.993751525878906,-60.54375076293945
1789729860122113000,30.810113037109375,69.5625,-30.712501525878906,-60.16875076293945
1789729860132113200,30.820113037109376,69.60000610351562,-30.525001525878906,-59.962501525878906
1789729860142113000,30.830113037109374,69.50625610351562,-30.67500114440918,-59.85000228881836
1789729860152113200,30.840113037109376,69.41250610351562,-30.76875114440918,-59.94375228881836
1789729860162113000,30.850113037109374,69.31875610351562,-30.67500114440918,-59.98125076293945
1789729860172113200,30.860113037109375,69.3375015258789,-30.918750762939453,-59.775001525878906
1789729860182113000,30.870113037109373,69.20625305175781,-30.900001525878906,-59.718753814697266
1789729860192113200,30.880113037109375,69.22500610351562,-30.843751907348633,-59.51250076293945
1789729860202113000,30.890113037109376,69.20625305175781,-30.843751907348633,-59.66250228881836
1789729860212113200,30.900113037109374,69,-31.05000114440918,-59.775001525878906
1789729860222113000,30.910113037109376,69.01875305175781,-30.95625114440918,-59.587501525878906
1789729860232113200,30.920113037109374,68.83125305175781,-30.86250114440918,-59.625003814697266
1789729860242113000,30.930113037109376,68.8125,-31.14375114440918,-59.47500228881836
1789729860252113200,30.940113037109374,68.66250610351562,-30.918750762939453,-59.250003814697266
1789729860262113000,30.950113037109375,68.70000457763672,-30.86250114440918,-59.17500305175781
1789729860272113200,30.960113037109377,68.28750610351562,-30.806251525878906,-59.10000228881836
1789729860282113000,30.970113037109375,68.17500305175781,-30.900001525878906,-58.89375305175781
1789729860292113200,30.980113037109376,68.25,-30.900001525878906,-58.76250076293945
1789729860302113000,30.990113037109374,68.0625,-30.975000381469727,-58.98750305175781
1789729860312113200,31.000113037109376,68.2125015258789,-30.86250114440918,-58.743751525878906
1789729860322113000,31.010113037109374,68.1187515258789,-30.731250762939453,-58.687503814697266
1789729860332113200,31.020113037109375,68.15625,-30.95625114440918,-58.781253814697266
1789729860342113000,31.030113037109373,68.0250015258789,-30.76875114440918,-58.837501525878906
1789729860352113200,31.040113037109375,68.08125305175781,-30.656251907348633,-59.00625228881836
1789729860362113000,31.050113037109377,68.04375457763672,-30.712501525878906,-59.23125076293945
1789729860372113200,31.060113037109375,67.5562515258789,-30.618751525878906,-59.51250076293945
1789729860382113000,31.070113037109376,67.5562515258789,-30.225000381469727,-59.212501525878906
1789729860392113200,31.080113037109374,67.20000457763672,-30.318750381469727,-59.26875305175781
1789729860402113000,31.090113037109376,67.05000305175781,-30.093751907348633,-59.23125076293945
1789729860412113200,31.100113037109374,67.05000305175781,-29.92500114440918,-59.13750076293945
1789729860422113000,31.110113037109375,67.2750015258789,-29.700000762939453,-58.743751525878906
1789729860432113200,31.120113037109373,67.29375457763672,-29.700000762939453,-58.38750076293945
1789729860442113000,31.130113037109375,67.5562515258789,-29.568750381469727,-58.16250228881836
1789729860452113200,31.140113037109376,67.9312515258789,-29.381250381469727,-57.95625305175781
1789729860462113000,31.150113037109374,68.08125305175781,-29.700000762939453,-58.05000305175781
1789729860472113200,31.160113037109376,68.26875305175781,-29.625001907348633,-57.78750228881836
1789729860482113000,31.170113037109374,68.64375305175781,-29.868751525878906,-57.806251525878906
1789729860492113200,31.180113037109376,68.64375305175781,-30.150001525878906,-57.78750228881836
1789729860502113000,31.190113037109374,68.70000457763672,-30.431251525878906,-57.45000076293945
1789729860512113200,31.200113037109375,68.8125,-30.712501525878906,-57.30000305175781
1789729860522113000,31.210113037109377,68.51250457763672,-30.600000381469727,-57.150001525878906
1789729860532113200,31.220113037109375,68.4000015258789,-30.618751525878906,-57.000003814697266
1789729860542113000,31.230113037109376,68.34375,-30.525001525878906,-56.906253814697266
1789729860552113200,31.240113037109374,68.17500305175781,-30.750001907348633,-56.906253814697266
1789729860562113000,31.250113037109376,67.9312515258789,-30.525001525878906,-56.66250228881836
1789729860572113200,31.260113037109374,67.7437515258789,-30.131250381469727,-56.55000305175781
1789729860582113000,31.270113037109375,67.59375,-30.431251525878906,-56.868751525878906
1789729860592113200,31.280113037109373,67.38750457763672,-30.412500381469727,-56.88750076293945
1789729860602113000,31.290113037109375,67.1812515258789,-30.58125114440918,-57.16875076293945
1789729860612113200,31.300113037109377,66.9937515258789,-30.881250381469727,-57.16875076293945
1789729860622113000,31.310113037109375,66.8062515258789,-30.86250114440918,-57.13125228881836
1789729860632113200,31.320113037109376,66.60000610351562,-30.693750381469727,-57.187503814697266
1789729860642113000,31.330113037109374,66.3375015258789,-30.918750762939453,-57.375003814697266
1789729860652113200,31.340113037109376,66.13125610351562,-31.181251525878906,-57.468753814697266
1789729860662113000,31.350113037109374,65.6812515258789,-30.918750762939453,-57.618751525878906
1789729860672113200,31.360113037109375,65.47500610351562,-31.031251907348633,-57.86250305175781
1789729860682113000,31.370113037109373,65.45625305175781,-30.975000381469727,-57.60000228881836
1789729860692113200,31.380113037109375,65.45625305175781,-31.068750381469727,-57.50625228881836
1789729860702113000,31.390113037109376,65.1187515258789,-31.162500381469727,-57.58125305175781
1789729860712113200,31.400113037109374,65.10000610351562,-31.125001907348633,-57.22500228881836
1789729860722113000,31.410113037109376,65.19375610351562,-31.23750114440918,-57.01875305175781
1789729860732113200,31.420113037109374,65.15625,-31.031251907348633,-57.000003814697266
1789729860742113000,31.430113037109376,65.4000015258789,-31.05000114440918,-56.73750305175781
1789729860752113200,31.440113037109374,65.47500610351562,-30.712501525878906,-56.47500228881836
1789729860762113000,31.450113037109375,65.51250457763672,-30.656251907348633,-56.493751525878906
1789729860772113200,31.460113037109377,65.71875,-30.76875114440918,-56.531253814697266
1789729860782113000,31.470113037109375,66.2437515258789,-30.787500381469727,-56.531253814697266
1789729860792113200,31.480113037109376,66.5625,-30.900001525878906,-56.64375305175781
1789729860802113000,31.490113037109374,66.63750457763672,-30.76875114440918,-56.60625076293945
1789729860812113200,31.500113037109376,66.76875305175781,-30.712501525878906,-56.400001525878906
1789729860822113000,31.510113037109374,66.75,-30.825000762939453,-56.55000305175781
1789729860832113200,31.520113037109375,66.88125610351562,-31.031251907348633,-56.70000076293945
1789729860842113000,31.530113037109373,66.76875305175781,-31.162500381469727,-56.98125076293945
1789729860852113200,31.540113037109375,66.48750305175781,-30.881250381469727,-56.94375228881836
1789729860862113000,31.550113037109377,66.35625457763672,-30.656251907348633,-56.775001525878906
1789729860872113200,31.560113037109375,66.22500610351562,-30.58125114440918,-56.88750076293945
1789729860882113000,31.570113037109376,66.22500610351562,-30.375001907348633,-57.03750228881836
1789729860892113200,31.580113037109374,66.20625305175781,-30.506250381469727,-57.26250076293945
1789729860902113000,31.590113037109376,66.1500015258789,-30.543750762939453,-57.13125228881836
1789729860912113200,31.600113037109374,66.11250305175781,-30.712501525878906,-56.868751525878906
1789729860922113000,31.610113037109375,66.50625610351562,-30.712501525878906,-56.437503814697266
1789729860932113200,31.620113037109373,66.375,-30.731250762939453,-56.23125076293945
1789729860942113000,31.630113037109375,66.3375015258789,-30.806251525878906,-56.26875305175781
1789729860952113200,31.640113037109376,66.28125,-31.106250762939453,-56.13750076293945
1789729860962113000,31.650113037109374,66.07500457763672,-31.312501907348633,-55.89375305175781
1789729860972113200,31.660113037109376,66.11250305175781,-31.181251525878906,-55.63125228881836
1789729860982113000,31.670113037109374,66.26250457763672,-31.275001525878906,-55.406253814697266
1789729860992113200,31.680113037109376,66.3375015258789,-31.275001525878906,-55.406253814697266
1789729861002113000,31.690113037109374,66.26250457763672,-31.275001525878906,-55.23750305175781
1789729861012113200,31.700113037109375,66.48750305175781,-31.312501907348633,-55.23750305175781
1789729861022113000,31.710113037109377,66.3375015258789,-31.443750381469727,-54.937503814697266
1789729861032113200,31.720113037109375,66.46875,-31.42500114440918,-54.67500305175781
1789729861042113000,31.730113037109376,66.78750610351562,-31.668750762939453,-54.468753814697266
1789729861052113200,31.740113037109374,66.60000610351562,-32.17500305175781,-54.187503814697266
1789729861062113000,31.750113037109376,66.16875457763672,-31.98750114440918,-53.906253814697266
1789729861072113200,31.760113037109374,66.3375015258789,-31.968751907348633,-53.55000305175781
1789729861082113000,31.770113037109375,66.1500015258789,-32.118751525878906,-53.38125228881836
1789729861092113200,31.780113037109373,66.07500457763672,-32.36250305175781,-53.26875305175781
1789729861102113000,31.790113037109375,66.1500015258789,-32.26875305175781,-52.80000305175781
1789729861112113200,31.800113037109377,65.8687515258789,-32.26875305175781,-52.66875076293945
1789729861122113000,31.810113037109375,65.75625610351562,-32.36250305175781,-52.51875305175781
1789729861132113200,31.820113037109376,65.88750457763672,-32.04375076293945,-52.51875305175781
1789729861142113000,31.830113037109374,66.1875,-32.212501525878906,-52.57500076293945
1789729861152113200,31.840113037109376,66,-32.212501525878906,-52.66875076293945
1789729861162113000,31.850113037109374,65.94375610351562,-32.32500076293945,-52.42500305175781
1789729861172113200,31.860113037109375,66.01875305175781,-32.25,-52.125003814697266
1789729861182113000,31.870113037109373,65.98125457763672,-32.493751525878906,-52.087501525878906
1789729861192113200,31.880113037109375,66.30000305175781,-32.41875076293945,-51.97500228881836
1789729861202113000,31.890113037109376,66.31875610351562,-32.53125,-51.712501525878906
1789729861212113200,31.900113037109374,66.63750457763672,-32.73750305175781,-51.468753814697266
1789729861222113000,31.910113037109376,66.67500305175781,-33.09375,-51.281253814697266
1789729861232113200,31.920113037109374,66.78750610351562,-33.5625,-51.07500076293945
1789729861242113000,31.930113037109376,66.8062515258789,-33.712501525878906,-51.000003814697266
1789729861252113200,31.940113037109374,66.97500610351562,-33.63750076293945,-50.92500305175781
1789729861262113000,31.950113037109375,66.86250305175781,-33.63750076293945,-50.962501525878906
1789729861272113200,31.960113037109377,66.5625,-33.9375,-50.962501525878906
1789729861282113000,31.970113037109375,66.50625610351562,-33.78750228881836,-50.79375076293945
1789729861292113200,31.980113037109376,66.2437515258789,-33.91875076293945,-50.75625228881836
1789729861302113000,31.990113037109374,66.30000305175781,-33.88125228881836,-50.812503814697266
1789729861312113200,32.00011303710937,65.98125457763672,-33.26250076293945,-50.56875228881836
1789729861322113000,32.01011303710938,66.09375,-33.1875,-50.400001525878906
1789729861332113200,32.020113037109375,65.8125,-33.39375305175781,-50.212501525878906
1789729861342113000,32.03011303710937,65.90625,-33.67500305175781,-50.08125305175781
1789729861352113200,32.04011303710938,66.16875457763672,-33.525001525878906,-49.85625076293945
1789729861362113000,32.05011303710938,66.16875457763672,-33.60000228881836,-50.025001525878906
1789729861372113200,32.060113037109375,66.01875305175781,-33.54375076293945,-49.743751525878906
1789729861382113000,32.07011303710937,65.9625015258789,-33.375,-49.33125305175781
1789729861392113200,32.08011303710938,65.98125457763672,-33.67500305175781,-49.29375076293945
1789729861402113000,32.090113037109376,65.83125305175781,-33.54375076293945,-49.23750305175781
1789729861412113200,32.100113037109374,65.90625,-33.54375076293945,-49.05000305175781
1789729861422113000,32.11011303710937,65.94375610351562,-33.375,-48.937503814697266
1789729861432113200,32.12011303710938,65.7750015258789,-33.45000076293945,-48.712501525878906
1789729861442113000,32.130113037109375,65.90625,-33.65625,-48.281253814697266
1789729861452113200,32.14011303710937,65.90625,-33.73125076293945,-48.30000305175781
1789729861462113000,32.15011303710938,65.79375457763672,-33.95625305175781,-48.337501525878906
1789729861472113200,32.160113037109376,65.88750457763672,-33.9375,-47.98125076293945
1789729861482113000,32.170113037109374,65.88750457763672,-34.33125305175781,-47.85000228881836
1789729861492113200,32.18011303710937,65.9625015258789,-34.462501525878906,-47.681251525878906
1789729861502113000,32.19011303710938,65.9625015258789,-34.650001525878906,-47.53125
1789729861512113200,32.200113037109375,65.98125457763672,-34.650001525878906,-47.45625305175781
1789729861522113000,32.21011303710937,65.5875015258789,-34.462501525878906,-47.493751525878906
1789729861532113200,32.22011303710938,65.71875,-34.48125076293945,-47.19375228881836
1789729861542113000,32.230113037109376,65.8125,-34.42500305175781,-47.08125305175781
1789729861552113200,32.240113037109374,65.98125457763672,-34.51875305175781,-46.98750305175781
1789729861562113000,32.25011303710937,66.16875457763672,-34.33125305175781,-46.57500076293945
1789729861572113200,32.26011303710938,66.09375,-34.38750076293945,-46.23750305175781
1789729861582113000,32.270113037109375,66.01875305175781,-34.181251525878906,-45.86250305175781
1789729861592113200,32.28011303710937,66.0562515258789,-33.993751525878906,-45.50625228881836
1789729861602113000,32.29011303710938,66.20625305175781,-33.900001525878906,-45.056251525878906
1789729861612113200,32.30011303710938,66.13125610351562,-33.97500228881836,-44.83125305175781
1789729861622113000,32.310113037109375,66.07500457763672,-34.01250076293945,-44.306251525878906
1789729861632113200,32.32011303710937,65.94375610351562,-33.95625305175781,-44.17500305175781
1789729861642113000,32.33011303710938,66.03750610351562,-33.9375,-44.08125305175781
1789729861652113200,32.340113037109376,66.01875305175781,-33.75,-43.96875
1789729861662113000,32.350113037109374,66.1875,-33.88125228881836,-43.743751525878906
1789729861672113200,32.36011303710937,66.1500015258789,-34.21875,-43.61250305175781
1789729861682113000,32.37011303710938,66.22500610351562,-34.462501525878906,-43.57500076293945
1789729861692113200,32.380113037109375,66.28125,-34.51875305175781,-43.10625076293945
1789729861702113000,32.39011303710937,66.31875610351562,-34.462501525878906,-43.03125
1789729861712113200,32.40011303710938,66.375,-34.5,-42.39375305175781
1789729861722113000,32.410113037109376,66.0562515258789,-34.743751525878906,-42.150001525878906
1789729861732113200,32.420113037109374,66.13125610351562,-34.837501525878906,-41.56875228881836
1789729861742113000,32.43011303710937,66.13125610351562,-34.931251525878906,-41.212501525878906
1789729861752113200,32.44011303710938,66.13125610351562,-34.96875,-40.78125
1789729861762113000,32.450113037109375,66.31875610351562,-34.931251525878906,-40.29375076293945
1789729861772113200,32.46011303710937,66.28125,-34.837501525878906,-40.16250228881836
1789729861782113000,32.47011303710938,66.35625457763672,-34.98750305175781,-39.806251525878906
1789729861792113200,32.480113037109376,66.28125,-35.15625,-39.46875
1789729861802113000,32.490113037109374,66.67500305175781,-35.04375076293945,-39.1875
1789729861812113200,32.50011303710937,66.67500305175781,-35.15625,-39.26250076293945
1789729861822113000,32.51011303710938,66.54375457763672,-35.10000228881836,-39.16875076293945
1789729861832113200,32.520113037109375,66.9375,-35.13750076293945,-38.73750305175781
1789729861842113000,32.53011303710937,66.82500457763672,-35.17500305175781,-38.587501525878906
1789729861852113200,32.54011303710938,67.06875610351562,-35.025001525878906,-38.47500228881836
1789729861862113000,32.55011303710938,67.25625610351562,-34.76250076293945,-38.23125076293945
1789729861872113200,32.560113037109375,67.59375,-34.462501525878906,-38.400001525878906
1789729861882113000,32.57011303710937,67.38750457763672,-34.368751525878906,-38.17500305175781
1789729861892113200,32.58011303710938,67.5562515258789,-34.087501525878906,-37.931251525878906
1789729861902113000,32.590113037109376,67.7437515258789,-34.181251525878906,-37.59375
1789729861912113200,32.600113037109374,67.76250457763672,-33.91875076293945,-37.53750228881836
1789729861922113000,32.61011303710937,68.10000610351562,-33.806251525878906,-37.21875
1789729861932113200,32.62011303710938,68.28750610351562,-33.60000228881836,-36.86250305175781
1789729861942113000,32.630113037109375,68.55000305175781,-33.82500076293945,-36.41250228881836
1789729861952113200,32.64011303710937,68.36250305175781,-33.73125076293945,-35.962501525878906
1789729861962113000,32.65011303710938,68.73750305175781,-33.806251525878906,-35.70000076293945
1789729861972113200,32.660113037109376,68.71875,-34.03125,-35.45625305175781
1789729861982113000,32.670113037109374,68.92500305175781,-33.97500228881836,-35.51250076293945
1789729861992113200,32.68011303710937,68.79375457763672,-34.25625228881836,-35.28750228881836
1789729862002113000,32.69011303710938,68.79375457763672,-34.10625076293945,-35.08125305175781
1789729862012113200,32.700113037109375,68.7750015258789,-34.3125,-34.89375305175781
1789729862022113000,32.71011303710937,68.56875610351562,-34.20000076293945,-34.78125
1789729862032113200,32.72011303710938,68.79375457763672,-34.48125076293945,-34.66875076293945
1789729862042113000,32.730113037109376,68.70000457763672,-34.53750228881836,-34.3125
1789729862052113200,32.740113037109374,68.88750457763672,-34.3125,-33.712501525878906
1789729862062113000,32.75011303710937,68.83125305175781,-34.10625076293945,-33.20625305175781
1789729862072113200,32.76011303710938,68.98125457763672,-33.91875076293945,-32.85000228881836
1789729862082113000,32.770113037109375,69.22500610351562,-34.05000305175781,-32.41875076293945
1789729862092113200,32.78011303710937,69.2437515258789,-33.900001525878906,-32.04375076293945
1789729862102113000,32.79011303710938,69.375,-33.806251525878906,-31.575000762939453
1789729862112113200,32.80011303710938,69.48750305175781,-33.46875,-31.106250762939453
1789729862122113000,32.810113037109375,69.63750457763672,-33.337501525878906,-30.918750762939453
1789729862132113200,32.82011303710937,69.9375,-33.431251525878906,-30.656251907348633
1789729862142113000,32.83011303710938,70.23750305175781,-33.618751525878906,-30.450000762939453
1789729862152113200,32.840113037109376,70.72500610351562,-33.58125305175781,-30.093751907348633
1789729862162113000,32.850113037109374,70.80000305175781,-33.525001525878906,-29.625001907348633
1789729862172113200,32.86011303710937,71.04375457763672,-33.46875,-29.08125114440918
1789729862182113000,32.87011303710938,71.36250305175781,-33.525001525878906,-28.931251525878906
1789729862192113200,32.880113037109375,71.36250305175781,-33.78750228881836,-28.668750762939453
1789729862202113000,32.89011303710937,71.55000305175781,-33.84375,-28.181251525878906
1789729862212113200,32.90011303710938,71.55000305175781,-33.88125228881836,-27.806251525878906
1789729862222113000,32.910113037109376,71.71875,-33.84375,-27.562501907348633
1789729862232113200,32.920113037109374,71.8125,-33.91875076293945,-27.225000381469727
1789729862242113000,32.93011303710937,71.92500305175781,-33.9375,-27.20625114440918
1789729862252113200,32.94011303710938,71.88750457763672,-34.05000305175781,-27.131250381469727
1789729862262113000,32.950113037109375,72,-34.25625228881836,-26.775001525878906
1789729862272113200,32.96011303710937,72.46875,-34.29375076293945,-26.64375114440918
1789729862282113000,32.97011303710938,72.73125457763672,-34.3125,-26.587501525878906
1789729862292113200,32.980113037109376,72.86250305175781,-34.368751525878906,-26.381250381469727
1789729862302113000,32.990113037109374,72.9937515258789,-34.35000228881836,-25.98750114440918
1789729862312113200,33.00011303710937,72.9375,-33.993751525878906,-25.968751907348633
1789729862322113000,33.01011303710938,73.125,-33.993751525878906,-25.668750762939453
1789729862332113200,33.020113037109375,73.5562515258789,-34.23750305175781,-25.33125114440918
1789729862342113000,33.03011303710937,73.96875,-33.86250305175781,-25.14375114440918
1789729862352113200,33.04011303710938,74.2125015258789,-33.73125076293945,-24.787500381469727
1789729862362113000,33.05011303710938,74.51250457763672,-33.73125076293945,-24.712501525878906
1789729862372113200,33.060113037109375,74.90625,-33.60000228881836,-24.750001907348633
1789729862382113000,33.07011303710937,75.16875457763672,-33.45000076293945,-24.48750114440918
1789729862392113200,33.08011303710938,75.6187515258789,-33.54375076293945,-24.30000114440918
1789729862402113000,33.090113037109376,75.9937515258789,-33.375,-24.30000114440918
1789729862412113200,33.100113037109374,76.14375305175781,-32.94375228881836,-24.412500381469727
1789729862422113000,33.11011303710937,75.9937515258789,-32.92500305175781,-24.281251907348633
1789729862432113200,33.12011303710938,76.20000457763672,-32.47500228881836,-24.375001907348633
1789729862442113000,33.130113037109375,76.38750457763672,-31.950000762939453,-24.337501525878906
1789729862452113200,33.14011303710937,76.51875305175781,-31.818750381469727,-24.281251907348633
1789729862462113000,33.15011303710938,76.7437515258789,-31.80000114440918,-24.506250381469727
1789729862472113200,33.160113037109376,76.78125,-31.70625114440918,-24.900001525878906
1789729862482113000,33.170113037109374,76.875,-31.912500381469727,-24.825000762939453
1789729862492113200,33.18011303710937,77.10000610351562,-32.13750076293945,-25.181251525878906
1789729862502113000,33.19011303710938,77.4375,-32.17500305175781,-25.387500762939453
1789729862512113200,33.200113037109375,77.26875305175781,-32.45625305175781,-25.500001907348633
1789729862522113000,33.21011303710937,77.15625,-32.64375305175781,-25.481250762939453
1789729862532113200,33.22011303710938,77.41875457763672,-32.55000305175781,-25.743751525878906
1789729862542113000,33.230113037109376,77.41875457763672,-32.38125228881836,-26.025001525878906
1789729862552113200,33.240113037109374,77.4937515258789,-32.45625305175781,-25.837501525878906
1789729862562113000,33.25011303710937,77.60625457763672,-32.212501525878906,-25.98750114440918
1789729862572113200,33.26011303710938,77.51250457763672,-31.950000762939453,-25.687501907348633
1789729862582113000,33.270113037109375,77.4375,-31.875001907348633,-25.98750114440918
1789729862592113200,33.28011303710937,77.56875610351562,-31.856250762939453,-26.100000381469727
1789729862602113000,33.29011303710938,77.73750305175781,-31.875001907348633,-26.418750762939453
1789729862612113200,33.30011303710938,77.47500610351562,-32.00625228881836,-26.568750381469727
1789729862622113000,33.310113037109375,77.4937515258789,-32.23125076293945,-26.418750762939453
1789729862632113200,33.32011303710937,77.47500610351562,-32.26875305175781,-26.36250114440918
1789729862642113000,33.33011303710938,77.4375,-32.28750228881836,-26.475000381469727
1789729862652113200,33.340113037109376,77.70000457763672,-32.38125228881836,-26.793750762939453
1789729862662113000,33.350113037109374,77.66250610351562,-32.47500228881836,-27.037500381469727
1789729862672113200,33.36011303710937,77.66250610351562,-32.32500076293945,-27.20625114440918
1789729862682113000,33.37011303710938,77.53125,-32.34375,-27.318750381469727
1789729862692113200,33.380113037109375,77.60625457763672,-32.212501525878906,-27.375001907348633
1789729862702113000,33.39011303710937,77.56875610351562,-32.00625228881836,-27.543750762939453
1789729862712113200,33.40011303710938,77.55000305175781,-32.15625,-27.825000762939453
1789729862722113000,33.410113037109376,77.2125015258789,-32.26875305175781,-27.993751525878906
1789729862732113200,33.420113037109374,76.8375015258789,-32.306251525878906,-28.087501525878906
1789729862742113000,33.43011303710937,76.9312515258789,-32.32500076293945,-27.843751907348633
1789729862752113200,33.44011303710938,76.98750305175781,-32.79375076293945,-27.76875114440918
1789729862762113000,33.450113037109375,76.95000457763672,-32.98125076293945,-27.468751907348633
1789729862772113200,33.46011303710937,76.8375015258789,-32.98125076293945,-27.337501525878906
1789729862782113000,33.47011303710938,76.70625305175781,-33.056251525878906,-27.450000762939453
1789729862792113200,33.480113037109376,76.66875457763672,-32.775001525878906,-27.468751907348633
1789729862802113000,33.490113037109374,76.72500610351562,-32.75625228881836,-27.637500762939453
1789729862812113200,33.50011303710937,76.85625457763672,-32.55000305175781,-27.281251907348633
1789729862822113000,33.51011303710938,76.78125,-32.64375305175781,-27.093751907348633
1789729862832113200,33.520113037109375,76.61250305175781,-32.4375,-26.943750381469727
1789729862842113000,33.53011303710937,76.63125610351562,-32.41875076293945,-27.037500381469727
1789729862852113200,33.54011303710938,76.76250457763672,-32.493751525878906,-26.981250762939453
1789729862862113000,33.55011303710938,76.91250610351562,-32.36250305175781,-26.793750762939453
1789729862872113200,33.560113037109375,76.8375015258789,-32.51250076293945,-26.64375114440918
1789729862882113000,33.57011303710937,77.00625610351562,-32.681251525878906,-26.325000762939453
1789729862892113200,33.58011303710938,76.98750305175781,-32.92500305175781,-26.400001525878906
1789729862902113000,33.590113037109376,76.8375015258789,-32.962501525878906,-26.625001907348633
1789729862912113200,33.600113037109374,76.8375015258789,-32.8125,-26.73750114440918
1789729862922113000,33.61011303710937,77.00625610351562,-32.51250076293945,-26.700000762939453
1789729862932113200,33.62011303710938,77.1187515258789,-32.493751525878906,-26.681251525878906
1789729862942113000,33.630113037109375,77.08125305175781,-32.25,-26.55000114440918
1789729862952113200,33.64011303710937,77.13750457763672,-32.10000228881836,-26.343751907348633
1789729862962113000,33.65011303710938,76.96875,-31.80000114440918,-26.306251525878906
1789729862972113200,33.660113037109376,77.2125015258789,-31.762500762939453,-26.343751907348633
1789729862982113000,33.670113037109374,77.41875457763672,-31.51875114440918,-26.118751525878906
1789729862992113200,33.68011303710937,77.625,-31.481250762939453,-25.89375114440918
1789729863002113000,33.69011303710938,77.73750305175781,-31.406251907348633,-25.818750381469727
1789729863012113200,33.700113037109375,77.75625610351562,-30.95625114440918,-25.51875114440918
1789729863022113000,33.71011303710937,77.8125,-31.125001907348633,-25.350000381469727
1789729863032113200,33.72011303710938,78.01875305175781,-31.087501525878906,-25.256250381469727
1789729863042113000,33.730113037109376,78.09375,-30.95625114440918,-24.95625114440918
1789729863052113200,33.740113037109374,77.75625610351562,-30.656251907348633,-24.95625114440918
1789729863062113000,33.75011303710937,77.8125,-30.637500762939453,-24.76875114440918
1789729863072113200,33.76011303710938,77.625,-30.543750762939453,-24.637500762939453
1789729863082113000,33.770113037109375,77.56875610351562,-30.506250381469727,-24.168750762939453
1789729863092113200,33.78011303710937,77.4000015258789,-30.787500381469727,-24.11250114440918
1789729863102113000,33.79011303710938,77.26875305175781,-30.918750762939453,-24.281251907348633
1789729863112113200,33.80011303710938,77.0625,-30.95625114440918,-24.187501907348633
1789729863122113000,33.810113037109375,76.91250610351562,-30.86250114440918,-24.318750381469727
1789729863132113200,33.82011303710937,77.25,-31.05000114440918,-23.962501525878906
1789729863142113000,33.83011303710938,77.0250015258789,-31.106250762939453,-23.756250381469727
1789729863152113200,33.840113037109376,77.3062515258789,-31.14375114440918,-23.587501525878906
1789729863162113000,33.850113037109374,77.32500457763672,-31.33125114440918,-23.662500381469727
1789729863172113200,33.86011303710937,77.32500457763672,-31.368751525878906,-23.568750381469727
1789729863182113000,33.87011303710938,77.28750610351562,-31.312501907348633,-23.25
1789729863192113200,33.880113037109375,77.28750610351562,-31.218751907348633,-23.17500114440918
1789729863202113000,33.89011303710937,77.32500457763672,-31.33125114440918,-22.950000762939453
1789729863212113200,33.90011303710938,77.15625,-31.368751525878906,-22.762500762939453
1789729863222113000,33.910113037109376,77.0625,-31.312501907348633,-22.931251525878906
1789729863232113200,33.920113037109374,76.81875610351562,-31.293750762939453,-22.78125
1789729863242113000,33.93011303710937,76.2750015258789,-31.256250381469727,-22.6875
1789729863252113200,33.94011303710938,75.9937515258789,-31.443750381469727,-22.6875
1789729863262113000,33.950113037109375,75.78750610351562,-31.406251907348633,-22.668750762939453
1789729863272113200,33.96011303710937,75.54375457763672,-31.650001525878906,-22.59375
1789729863282113000,33.97011303710938,75.73125457763672,-31.781251907348633,-22.5
1789729863292113200,33.980113037109376,75.39375305175781,-31.631250381469727,-22.33125114440918
1789729863302113000,33.990113037109374,75.65625,-31.70625114440918,-21.918750762939453
1789729863312113200,34.00011303710937,75.28125,-31.668750762939453,-21.84375
1789729863322113000,34.01011303710938,75.54375457763672,-31.556251525878906,-21.693750381469727
1789729863332113200,34.020113037109375,75.7125015258789,-31.556251525878906,-21.506250381469727
1789729863342113000,34.03011303710937,75.65625,-31.668750762939453,-21.262500762939453
1789729863352113200,34.04011303710938,75.78750610351562,-31.51875114440918,-20.981250762939453
1789729863362113000,34.05011303710938,75.69375610351562,-31.387500762939453,-20.64375114440918
1789729863372113200,34.060113037109375,75.86250305175781,-31.462501525878906,-20.55000114440918
1789729863382113000,34.07011303710937,75.63750457763672,-31.200000762939453,-20.325000762939453
1789729863392113200,34.08011303710938,75.63750457763672,-31.406251907348633,-20.17500114440918
1789729863402113000,34.090113037109376,75.46875,-31.762500762939453,-20.0625
1789729863412113200,34.100113037109374,75.11250305175781,-31.743751525878906,-19.650001525878906
1789729863422113000,34.11011303710937,75.3375015258789,-31.781251907348633,-19.350000381469727
1789729863432113200,34.12011303710938,75.22500610351562,-31.537500381469727,-19.33125114440918
1789729863442113000,34.130113037109375,75.03750610351562,-31.61250114440918,-19.21875
1789729863452113200,34.14011303710937,74.90625,-31.725000381469727,-19.03125
1789729863462113000,34.15011303710938,74.85000610351562,-31.781251907348633,-18.825000762939453
1789729863472113200,34.160113037109376,74.94375610351562,-31.650001525878906,-18.506250381469727
1789729863482113000,34.170113037109374,75,-31.350000381469727,-18.375
1789729863492113200,34.18011303710937,75.09375,-31.33125114440918,-18.262500762939453
1789729863502113000,34.19011303710938,75.0562515258789,-31.42500114440918,-17.887500762939453
1789729863512113200,34.200113037109375,74.94375610351562,-31.631250381469727,-17.418750762939453
1789729863522113000,34.21011303710937,74.75625610351562,-31.743751525878906,-17.26875114440918
1789729863532113200,34.22011303710938,74.4937515258789,-31.837501525878906,-17.043750762939453
1789729863542113000,34.230113037109376,74.13750457763672,-32.04375076293945,-16.875
1789729863552113200,34.240113037109374,73.91250610351562,-32.04375076293945,-16.575000762939453
1789729863562113000,34.25011303710937,73.70625305175781,-32.212501525878906,-16.068750381469727
1789729863572113200,34.26011303710938,73.35000610351562,-32.025001525878906,-15.600000381469727
1789729863582113000,34.270113037109375,72.82500457763672,-31.89375114440918,-15.637500762939453
1789729863592113200,34.28011303710937,72.69375610351562,-31.950000762939453,-15.468750953674316
1789729863602113000,34.29011303710938,72.60000610351562,-31.837501525878906,-15.168750762939453
1789729863612113200,34.30011303710938,72.7125015258789,-31.631250381469727,-14.756250381469727
1789729863622113000,34.310113037109375,72.75,-31.462501525878906,-14.625000953674316
1789729863632113200,34.32011303710937,72.82500457763672,-31.368751525878906,-14.30625057220459
1789729863642113000,34.33011303710938,72.54375457763672,-31.200000762939453,-13.987500190734863
1789729863652113200,34.340113037109376,72.41250610351562,-31.218751907348633,-13.912500381469727
1789729863662113000,34.350113037109374,72.5625,-31.293750762939453,-13.406250953674316
1789729863672113200,34.36011303710937,72.5250015258789,-31.106250762939453,-13.143750190734863
1789729863682113000,34.37011303710938,72.54375457763672,-31.181251525878906,-12.918750762939453
1789729863692113200,34.380113037109375,72.31875610351562,-31.256250381469727,-12.881250381469727
1789729863702113000,34.39011303710937,72.30000305175781,-31.443750381469727,-12.581250190734863
1789729863712113200,34.40011303710938,72.1875,-31.593751907348633,-12.487500190734863
1789729863722113000,34.410113037109376,72.45000457763672,-31.668750762939453,-12.225000381469727
1789729863732113200,34.420113037109374,72.84375,-31.725000381469727,-12.187500953674316
1789729863742113000,34.43011303710937,72.97500610351562,-31.593751907348633,-12.131250381469727
1789729863752113200,34.44011303710938,73.05000305175781,-31.70625114440918,-11.981250762939453
1789729863762113000,34.450113037109375,73.06875610351562,-31.51875114440918,-11.8125
1789729863772113200,34.46011303710937,72.95625305175781,-31.556251525878906,-11.550000190734863
1789729863782113000,34.47011303710938,73.10625457763672,-31.462501525878906,-11.418750762939453
1789729863792113200,34.480113037109376,72.86250305175781,-31.42500114440918,-11.137500762939453
1789729863802113000,34.490113037109374,72.7125015258789,-31.200000762939453,-11.193750381469727
1789729863812113200,34.50011303710937,72.20625305175781,-31.125001907348633,-10.856250762939453
1789729863822113000,34.51011303710938,72.1500015258789,-31.14375114440918,-10.893750190734863
1789729863832113200,34.520113037109375,71.88750457763672,-31.23750114440918,-10.46250057220459
1789729863842113000,34.53011303710937,71.70000457763672,-31.14375114440918,-10.350000381469727
1789729863852113200,34.54011303710938,71.32500457763672,-30.95625114440918,-10.143750190734863
1789729863862113000,34.55011303710938,71.23125457763672,-30.993751525878906,-10.18125057220459
1789729863872113200,34.560113037109375,71.4000015258789,-30.806251525878906,-10.36875057220459
1789729863882113000,34.57011303710937,71.4375,-31.106250762939453,-10.331250190734863
1789729863892113200,34.58011303710938,71.625,-30.900001525878906,-10.143750190734863
1789729863902113000,34.590113037109376,71.66250610351562,-30.843751907348633,-9.84375
1789729863912113200,34.600113037109374,71.71875,-30.525001525878906,-10.012500762939453
1789729863922113000,34.61011303710937,72.07500457763672,-30.731250762939453,-9.768750190734863
1789729863932113200,34.62011303710938,72.6187515258789,-30.750001907348633,-9.487500190734863
1789729863942113000,34.630113037109375,72.78750610351562,-30.731250762939453,-9.206250190734863
1789729863952113200,34.64011303710937,72.6187515258789,-30.693750381469727,-8.71875
1789729863962113000,34.65011303710938,72.6187515258789,-30.356250762939453,-8.568750381469727
1789729863972113200,34.660113037109376,72.75,-30.506250381469727,-8.456250190734863
1789729863982113000,34.670113037109374,72.67500305175781,-30.450000762939453,-8.550000190734863
1789729863992113200,34.68011303710937,72.60000610351562,-30.412500381469727,-8.418750762939453
1789729864002113000,34.69011303710938,72.26250457763672,-30.150001525878906,-8.193750381469727
1789729864012113200,34.700113037109375,72.16875457763672,-29.906251907348633,-8.11875057220459
1789729864022113000,34.71011303710937,72,-29.887500762939453,-8.231250762939453
1789729864032113200,34.72011303710938,71.98125457763672,-30.037500381469727,-8.268750190734863
1789729864042113000,34.730113037109376,71.7750015258789,-30.037500381469727,-7.875000476837158
1789729864052113200,34.740113037109374,71.7750015258789,-29.868751525878906,-7.725000381469727
1789729864062113000,34.75011303710937,71.5875015258789,-29.756250381469727,-7.481250286102295
1789729864072113200,34.76011303710938,71.625,-29.531251907348633,-7.275000095367432
1789729864082113000,34.770113037109375,71.75625610351562,-29.493751525878906,-7.106250286102295
1789729864092113200,34.78011303710937,71.625,-29.36250114440918,-7.087500095367432
1789729864102113000,34.79011303710938,71.53125,-29.400001525878906,-6.806250095367432
1789729864112113200,34.80011303710938,71.53125,-29.025001525878906,-6.525000095367432
1789729864122113000,34.810113037109375,71.8687515258789,-29.231250762939453,-6.637500286102295
1789729864132113200,34.82011303710937,71.73750305175781,-29.306251525878906,-6.675000190734863
1789729864142113000,34.83011303710938,71.8125,-29.26875114440918,-6.675000190734863
1789729864152113200,34.840113037109376,71.53125,-29.287500381469727,-6.918750286102295
1789729864162113000,34.850113037109374,71.0250015258789,-29.343751907348633,-7.200000286102295
1789729864172113200,34.86011303710937,70.98750305175781,-29.381250381469727,-7.293750286102295
1789729864182113000,34.87011303710938,70.61250305175781,-29.062501907348633,-7.462500095367432
1789729864192113200,34.880113037109375,70.5562515258789,-29.006250381469727,-7.837500095367432
1789729864202113000,34.89011303710937,70.10625457763672,-28.762500762939453,-7.837500095367432
1789729864212113200,34.90011303710938,69.78750610351562,-28.912500381469727,-8.15625
1789729864222113000,34.910113037109376,69.65625,-28.89375114440918,-7.987500190734863
1789729864232113200,34.920113037109374,69.6187515258789,-29.212501525878906,-7.818750381469727
1789729864242113000,34.93011303710937,69.88125610351562,-29.231250762939453,-7.818750381469727
1789729864252113200,34.94011303710938,69.9000015258789,-29.250001907348633,-7.893750190734863
1789729864262113000,34.950113037109375,69.9000015258789,-29.381250381469727,-7.931250095367432
1789729864272113200,34.96011303710937,69.75,-29.400001525878906,-8.081250190734863
1789729864282113000,34.97011303710938,69.75,-29.587501525878906,-8.193750381469727
1789729864292113200,34.980113037109376,69.65625,-29.193750381469727,-8.100000381469727
1789729864302113000,34.990113037109374,69.50625610351562,-29.381250381469727,-8.381250381469727
1789729864312113200,35.00011303710937,69.6187515258789,-29.156251907348633,-8.625
1789729864322113000,35.01011303710938,69.4312515258789,-29.343751907348633,-8.568750381469727
1789729864332113200,35.020113037109375,69.30000305175781,-29.64375114440918,-8.58750057220459
1789729864342113000,35.03011303710937,69.45000457763672,-29.662500381469727,-8.512500762939453
1789729864352113200,35.04011303710938,69.6187515258789,-29.775001525878906,-8.643750190734863
1789729864362113000,35.05011303710938,69.63750457763672,-29.73750114440918,-8.737500190734863
1789729864372113200,35.060113037109375,69.78750610351562,-29.981250762939453,-8.981250762939453
1789729864382113000,35.07011303710937,69.69375610351562,-29.943750381469727,-8.8125
1789729864392113200,35.08011303710938,69.65625,-29.92500114440918,-8.943750381469727
1789729864402113000,35.090113037109376,69.58125305175781,-29.681251525878906,-9.075000762939453
1789729864412113200,35.100113037109374,69.48750305175781,-29.287500381469727,-9.1875
1789729864422113000,35.11011303710937,69.4312515258789,-29.418750762939453,-9.225000381469727
1789729864432113200,35.12011303710938,69.16875457763672,-29.156251907348633,-9.206250190734863
1789729864442113000,35.130113037109375,69.35625457763672,-29.17500114440918,-9.356250762939453
1789729864452113200,35.14011303710937,69.30000305175781,-29.17500114440918,-9.206250190734863
1789729864462113000,35.15011303710938,69.48750305175781,-29.006250381469727,-9.393750190734863
1789729864472113200,35.160113037109376,69.1500015258789,-29.006250381469727,-9.375
1789729864482113000,35.170113037109374,69.09375,-29.156251907348633,-9.46875
1789729864492113200,35.18011303710937,69.35625457763672,-29.156251907348633,-9.46875
1789729864502113000,35.19011303710938,69.1500015258789,-28.912500381469727,-9.543750762939453
1789729864512113200,35.200113037109375,69.07500457763672,-29.006250381469727,-9.581250190734863
1789729864522113000,35.21011303710937,68.5875015258789,-28.856250762939453,-9.600000381469727
1789729864532113200,35.22011303710938,68.55000305175781,-28.837501525878906,-9.80625057220459
1789729864542113000,35.230113037109376,68.3062515258789,-28.781251907348633,-9.731250762939453
1789729864552113200,35.240113037109374,68.4000015258789,-28.725000381469727,-9.787500381469727
1789729864562113000,35.25011303710937,68.36250305175781,-28.593751907348633,-9.581250190734863
1789729864572113200,35.26011303710938,68.15625,-28.762500762939453,-9.768750190734863
1789729864582113000,35.270113037109375,68.0250015258789,-28.762500762939453,-9.675000190734863
1789729864592113200,35.28011303710937,67.96875,-28.968751907348633,-9.65625
1789729864602113000,35.29011303710938,67.9312515258789,-29.062501907348633,-9.75
1789729864612113200,35.30011303710938,67.7437515258789,-28.950000762939453,-9.825000762939453
1789729864622113000,35.310113037109375,67.61250305175781,-29.193750381469727,-9.75
1789729864632113200,35.32011303710937,67.3125,-29.418750762939453,-9.80625057220459
1789729864642113000,35.33011303710938,67.10625457763672,-29.325000762939453,-9.99375057220459
1789729864652113200,35.340113037109376,66.91875457763672,-29.325000762939453,-10.200000762939453
1789729864662113000,35.350113037109374,67.03125,-29.17500114440918,-10.443750381469727
1789729864672113200,35.36011303710937,66.91875457763672,-29.043750762939453,-10.575000762939453
1789729864682113000,35.37011303710938,66.9375,-28.912500381469727,-10.46250057220459
1789729864692113200,35.380113037109375,67.21875,-28.80000114440918,-10.350000381469727
1789729864702113000,35.39011303710937,67.10625457763672,-28.387500762939453,-10.78125
1789729864712113200,35.40011303710938,67.40625,-28.181251525878906,-10.818750381469727
1789729864722113000,35.410113037109376,67.29375457763672,-28.106250762939453,-10.987500190734863
1789729864732113200,35.420113037109374,67.10625457763672,-27.993751525878906,-10.912500381469727
1789729864742113000,35.43011303710937,66.86250305175781,-28.181251525878906,-10.912500381469727
1789729864752113200,35.44011303710938,66.9375,-28.181251525878906,-11.0625
1789729864762113000,35.450113037109375,66.73125457763672,-28.181251525878906,-11.287500381469727
1789729864772113200,35.46011303710937,66.48750305175781,-28.087501525878906,-11.550000190734863
1789729864782113000,35.47011303710938,66.31875610351562,-28.33125114440918,-11.475000381469727
1789729864792113200,35.480113037109376,66.30000305175781,-28.200000762939453,-11.643750190734863
1789729864802113000,35.490113037109374,66.60000610351562,-28.218751907348633,-11.643750190734863
1789729864812113200,35.50011303710937,66.8062515258789,-28.14375114440918,-11.625
1789729864822113000,35.51011303710938,66.65625,-27.900001525878906,-11.68125057220459
1789729864832113200,35.520113037109375,66.60000610351562,-28.05000114440918,-11.756250381469727
1789729864842113000,35.53011303710937,66.7125015258789,-28.05000114440918,-11.90625
1789729864852113200,35.54011303710938,66.7125015258789,-28.181251525878906,-12.112500190734863
1789729864862113000,35.55011303710938,66.8062515258789,-28.05000114440918,-12.375000953674316
1789729864872113200,35.560113037109375,66.88125610351562,-28.012500762939453,-12.375000953674316
1789729864882113000,35.57011303710937,66.86250305175781,-27.918750762939453,-12.637500762939453
1789729864892113200,35.58011303710938,67.0875015258789,-27.900001525878906,-13.012500762939453
1789729864902113000,35.590113037109376,67.53750610351562,-28.05000114440918,-13.293750762939453
1789729864912113200,35.600113037109374,67.7437515258789,-27.76875114440918,-13.537500381469727
1789729864922113000,35.61011303710937,67.9312515258789,-27.693750381469727,-13.856250762939453
1789729864932113200,35.62011303710938,68.32500457763672,-27.881250381469727,-14.175000190734863
1789729864942113000,35.630113037109375,68.70000457763672,-27.731250762939453,-14.325000762939453
1789729864952113200,35.64011303710937,68.88750457763672,-27.825000762939453,-14.737500190734863
1789729864962113000,35.65011303710938,68.98125457763672,-27.712501525878906,-15.05625057220459
1789729864972113200,35.660113037109376,68.9625015258789,-27.618751525878906,-15.225000381469727
1789729864982113000,35.670113037109374,69.16875457763672,-27.731250762939453,-15.450000762939453
1789729864992113200,35.68011303710937,69.1875,-27.468751907348633,-15.675000190734863
1789729865002113000,35.69011303710938,69.45000457763672,-27.525001525878906,-15.675000190734863
1789729865012113200,35.700113037109375,69.1875,-27.225000381469727,-15.468750953674316
1789729865022113000,35.71011303710937,69.13125610351562,-27.150001525878906,-15.468750953674316
1789729865032113200,35.72011303710938,69.16875457763672,-27.281251907348633,-15.61875057220459
1789729865042113000,35.730113037109376,69.0562515258789,-27.39375114440918,-15.656250953674316
1789729865052113200,35.740113037109374,68.90625,-27.450000762939453,-15.71250057220459
1789729865062113000,35.75011303710937,68.85000610351562,-27.01875114440918,-16.03125
1789729865072113200,35.76011303710938,69.01875305175781,-27.11250114440918,-15.787500381469727
1789729865082113000,35.770113037109375,68.94375610351562,-26.756250381469727,-15.937500953674316
1789729865092113200,35.78011303710937,69.16875457763672,-26.64375114440918,-15.956250190734863
1789729865102113000,35.79011303710938,69.31875610351562,-26.662500381469727,-15.937500953674316
1789729865112113200,35.80011303710938,69.3375015258789,-26.400001525878906,-16.03125
1789729865122113000,35.810113037109375,69.6187515258789,-26.418750762939453,-15.843750953674316
1789729865132113200,35.82011303710937,69.82500457763672,-26.231250762939453,-15.90000057220459
1789729865142113000,35.83011303710938,69.76875305175781,-26.250001907348633,-15.637500762939453
1789729865152113200,35.840113037109376,69.91875457763672,-26.137500762939453,-15.731250762939453
1789729865162113000,35.850113037109374,69.9000015258789,-26.156251907348633,-15.750000953674316
1789729865172113200,35.86011303710937,70.01250457763672,-26.231250762939453,-15.975000381469727
1789729865182113000,35.87011303710938,70.2750015258789,-26.118751525878906,-16.275001525878906
1789729865192113200,35.880113037109375,70.44375610351562,-25.98750114440918,-16.181251525878906
1789729865202113000,35.89011303710937,70.85625457763672,-25.818750381469727,-16.481250762939453
1789729865212113200,35.90011303710938,71.13750457763672,-25.781251907348633,-16.181251525878906
1789729865222113000,35.910113037109376,71.4000015258789,-25.743751525878906,-16.350000381469727
1789729865232113200,35.920113037109374,71.625,-25.856250762939453,-16.23750114440918
1789729865242113000,35.93011303710937,71.8125,-25.500001907348633,-16.23750114440918
1789729865252113200,35.94011303710938,72.09375,-25.537500381469727,-16.21875
1789729865262113000,35.950113037109375,72.03750610351562,-25.762500762939453,-16.256250381469727
1789729865272113200,35.96011303710937,72.11250305175781,-25.950000762939453,-16.21875
1789729865282113000,35.97011303710938,71.8687515258789,-26.025001525878906,-16.200000762939453
1789729865292113200,35.980113037109376,72.11250305175781,-26.137500762939453,-16.5
1789729865302113000,35.990113037109374,72.39375305175781,-26.625001907348633,-16.293750762939453
1789729865312113200,36.00011303710937,72.13125610351562,-26.700000762939453,-16.762500762939453
1789729865322113000,36.01011303710938,72.3375015258789,-26.943750381469727,-16.556251525878906
1789729865332113200,36.020113037109375,72.2437515258789,-26.662500381469727,-16.59375
1789729865342113000,36.03011303710937,72.45000457763672,-26.493751525878906,-16.556251525878906
1789729865352113200,36.04011303710938,72.75,-26.437501907348633,-16.368751525878906
1789729865362113000,36.05011303710938,72.9937515258789,-26.325000762939453,-16.5
1789729865372113200,36.060113037109375,72.88125610351562,-25.931251525878906,-16.537500381469727
1789729865382113000,36.07011303710937,72.95625305175781,-25.387500762939453,-16.70625114440918
1789729865392113200,36.08011303710938,73.3125,-25.23750114440918,-16.556251525878906
1789729865402113000,36.090113037109376,73.3125,-25.293750762939453,-16.78125
1789729865412113200,36.100113037109374,73.5,-25.293750762939453,-16.59375
1789729865422113000,36.11011303710937,73.6500015258789,-25.443750381469727,-16.556251525878906
1789729865432113200,36.12011303710938,73.61250305175781,-25.42500114440918,-16.70625114440918
1789729865442113000,36.130113037109375,73.66875457763672,-25.312501907348633,-16.462501525878906
1789729865452113200,36.14011303710937,73.9312515258789,-25.725000381469727,-16.725000381469727
1789729865462113000,36.15011303710938,73.9312515258789,-25.912500381469727,-16.762500762939453
1789729865472113200,36.160113037109376,74.04375457763672,-26.17500114440918,-16.856250762939453
1789729865482113000,36.170113037109374,74.2125015258789,-26.17500114440918,-16.931251525878906
1789729865492113200,36.18011303710937,74.4937515258789,-26.343751907348633,-17.08125114440918
1789729865502113000,36.19011303710938,74.3062515258789,-26.062501907348633,-17.17500114440918
1789729865512113200,36.200113037109375,74.17500305175781,-26.156251907348633,-17.26875114440918
1789729865522113000,36.21011303710937,74.08125305175781,-26.100000381469727,-17.53125
1789729865532113200,36.22011303710938,74.1187515258789,-26.043750762939453,-17.418750762939453
1789729865542113000,36.230113037109376,74.25,-26.043750762939453,-17.381250381469727
1789729865552113200,36.240113037109374,74.4000015258789,-26.006250381469727,-17.212501525878906
1789729865562113000,36.25011303710937,74.45625305175781,-25.98750114440918,-17.587501525878906
1789729865572113200,36.26011303710938,74.13750457763672,-26.062501907348633,-17.475000381469727
1789729865582113000,36.270113037109375,74.41875457763672,-26.193750381469727,-17.64375114440918
1789729865592113200,36.28011303710937,74.8125,-26.381250381469727,-17.700000762939453
1789729865602113000,36.29011303710938,74.85000610351562,-26.812501907348633,-17.868751525878906
1789729865612113200,36.30011303710938,74.75625610351562,-26.775001525878906,-18.056251525878906
1789729865622113000,36.310113037109375,74.51250457763672,-26.681251525878906,-18.337501525878906
1789729865632113200,36.32011303710937,74.51250457763672,-26.981250762939453,-18.525001525878906
1789729865642113000,36.33011303710938,74.625,-27.01875114440918,-18.356250762939453
1789729865652113200,36.340113037109376,74.71875,-27.075000762939453,-18.712501525878906
1789729865662113000,36.350113037109374,74.5875015258789,-27.225000381469727,-18.806251525878906
1789729865672113200,36.36011303710937,74.28750610351562,-27.187501907348633,-19.087501525878906
1789729865682113000,36.37011303710938,74.4375,-26.981250762939453,-19.03125
1789729865692113200,36.380113037109375,74.38125610351562,-27.20625114440918,-19.068750381469727
1789729865702113000,36.39011303710937,74.70000457763672,-27.39375114440918,-19.125
1789729865712113200,36.40011303710938,74.47500610351562,-27.056251525878906,-19.068750381469727
1789729865722113000,36.410113037109376,74.38125610351562,-27.30000114440918,-18.900001525878906
1789729865732113200,36.420113037109374,74.6812515258789,-27.562501907348633,-18.825000762939453
1789729865742113000,36.43011303710937,74.6812515258789,-27.693750381469727,-18.86250114440918
1789729865752113200,36.44011303710938,74.92500305175781,-27.58125114440918,-18.86250114440918
1789729865762113000,36.450113037109375,74.75625610351562,-27.750001907348633,-19.256250381469727
1789729865772113200,36.46011303710937,74.88750457763672,-28.012500762939453,-19.33125114440918
1789729865782113000,36.47011303710938,74.51250457763672,-28.012500762939453,-19.42500114440918
1789729865792113200,36.480113037109376,74.66250610351562,-28.181251525878906,-19.61250114440918
1789729865802113000,36.490113037109374,74.66250610351562,-28.406251907348633,-19.931251525878906
1789729865812113200,36.50011303710937,74.53125,-28.725000381469727,-20.212501525878906
1789729865822113000,36.51011303710938,74.60625457763672,-28.950000762939453,-20.475000381469727
1789729865832113200,36.520113037109375,74.38125610351562,-29.325000762939453,-20.493751525878906
1789729865842113000,36.53011303710937,74.4375,-29.55000114440918,-20.4375
1789729865852113200,36.54011303710938,74.25,-29.475000381469727,-20.34375
1789729865862113000,36.55011303710938,74.25,-29.568750381469727,-20.34375
1789729865872113200,36.560113037109375,74.26875305175781,-29.887500762939453,-20.493751525878906
1789729865882113000,36.57011303710937,74.0250015258789,-29.756250381469727,-20.568750381469727
1789729865892113200,36.58011303710938,73.91250610351562,-29.83125114440918,-20.512500762939453
1789729865902113000,36.590113037109376,73.8375015258789,-29.92500114440918,-20.381250381469727
1789729865912113200,36.600113037109374,74.0250015258789,-29.92500114440918,-20.493751525878906
1789729865922113000,36.61011303710937,73.96875,-29.83125114440918,-20.587501525878906
1789729865932113200,36.62011303710938,74.23125457763672,-29.962501525878906,-20.887500762939453
1789729865942113000,36.630113037109375,74.32500457763672,-29.981250762939453,-21.262500762939453
1789729865952113200,36.64011303710937,74.32500457763672,-30.01875114440918,-21.318750381469727
1789729865962113000,36.65011303710938,74.53125,-29.92500114440918,-21.712501525878906
1789729865972113200,36.660113037109376,74.56875610351562,-29.568750381469727,-21.806251525878906
1789729865982113000,36.670113037109374,74.6812515258789,-29.381250381469727,-22.05000114440918
1789729865992113200,36.68011303710937,74.51250457763672,-29.437501907348633,-22.200000762939453
1789729866002113000,36.69011303710938,74.83125305175781,-29.36250114440918,-22.350000381469727
1789729866012113200,36.700113037109375,74.9625015258789,-29.212501525878906,-22.368751525878906
1789729866022113000,36.71011303710937,75.2437515258789,-29.512500762939453,-22.42500114440918
1789729866032113200,36.72011303710938,75.35625457763672,-29.381250381469727,-22.725000381469727
1789729866042113000,36.730113037109376,75.4312515258789,-29.400001525878906,-22.61250114440918
1789729866052113200,36.740113037109374,75.5625,-29.400001525878906,-22.70625114440918
1789729866062113000,36.75011303710937,75.82500457763672,-29.325000762939453,-23.043750762939453
1789729866072113200,36.76011303710938,76.03125,-29.062501907348633,-23.15625
1789729866082113000,36.770113037109375,76.0875015258789,-29.137500762939453,-23.100000381469727
1789729866092113200,36.78011303710937,76.33125305175781,-29.287500381469727,-23.08125114440918
1789729866102113000,36.79011303710938,76.5,-28.950000762939453,-23.100000381469727
1789729866112113200,36.80011303710938,76.8375015258789,-29.118751525878906,-23.231250762939453
1789729866122113000,36.810113037109375,77.04375457763672,-29.118751525878906,-23.512500762939453
1789729866132113200,36.82011303710937,77.17500305175781,-28.968751907348633,-23.73750114440918
1789729866142113000,36.83011303710938,77.4000015258789,-28.950000762939453,-23.55000114440918
1789729866152113200,36.840113037109376,77.64375305175781,-29.006250381469727,-23.418750762939453
1789729866162113000,36.850113037109374,77.79375457763672,-29.08125114440918,-23.4375
1789729866172113200,36.86011303710937,77.38125610351562,-28.968751907348633,-23.868751525878906
1789729866182113000,36.87011303710938,77.41875457763672,-28.968751907348633,-24.093751907348633
1789729866192113200,36.880113037109375,77.0625,-28.762500762939453,-24.056251525878906
1789729866202113000,36.89011303710937,77.23125457763672,-28.687501907348633,-23.981250762939453
1789729866212113200,36.90011303710938,77.32500457763672,-28.762500762939453,-24.093751907348633
1789729866222113000,36.910113037109376,77.25,-28.950000762939453,-24.450000762939453
1789729866232113200,36.920113037109374,77.36250305175781,-29.043750762939453,-25.012500762939453
1789729866242113000,36.93011303710937,77.23125457763672,-29.231250762939453,-25.312501907348633
1789729866252113200,36.94011303710938,77.4000015258789,-29.36250114440918,-25.387500762939453
1789729866262113000,36.950113037109375,77.47500610351562,-29.55000114440918,-25.42500114440918
1789729866272113200,36.96011303710937,77.71875,-29.625001907348633,-25.950000762939453
1789729866282113000,36.97011303710938,77.70000457763672,-29.943750381469727,-26.025001525878906
1789729866292113200,36.980113037109376,77.85000610351562,-30.20625114440918,-26.325000762939453
1789729866302113000,36.990113037109374,78,-30.39375114440918,-26.306251525878906
1789729866312113200,37.00011303710937,77.8125,-30.506250381469727,-26.475000381469727
1789729866322113000,37.01011303710938,77.92500305175781,-30.543750762939453,-26.531251907348633
1789729866332113200,37.020113037109375,77.98125457763672,-30.412500381469727,-26.700000762939453
1789729866342113000,37.03011303710937,77.88750457763672,-30.412500381469727,-26.793750762939453
1789729866352113200,37.04011303710938,78.03750610351562,-30.318750381469727,-26.756250381469727
1789729866362113000,37.05011303710938,77.92500305175781,-30.131250381469727,-26.887500762939453
1789729866372113200,37.060113037109375,77.83125305175781,-29.981250762939453,-26.756250381469727
1789729866382113000,37.07011303710937,77.85000610351562,-29.812501907348633,-26.92500114440918
1789729866392113200,37.08011303710938,78,-29.962501525878906,-27.20625114440918
1789729866402113000,37.090113037109376,78.35625457763672,-29.962501525878906,-27.58125114440918
1789729866412113200,37.100113037109374,78.58125305175781,-30.225000381469727,-27.881250381469727
1789729866422113000,37.11011303710937,78.75,-30.412500381469727,-28.181251525878906
1789729866432113200,37.12011303710938,78.75,-30.881250381469727,-28.42500114440918
1789729866442113000,37.130113037109375,78.9937515258789,-31.181251525878906,-28.80000114440918
1789729866452113200,37.14011303710937,79.16250610351562,-31.33125114440918,-29.231250762939453
1789729866462113000,37.15011303710938,79.125,-31.500001907348633,-29.606250762939453
1789729866472113200,37.160113037109376,79.0875015258789,-31.51875114440918,-29.381250381469727
1789729866482113000,37.170113037109374,78.78750610351562,-31.687501907348633,-29.400001525878906
1789729866492113200,37.18011303710937,78.6187515258789,-31.80000114440918,-29.193750381469727
1789729866502113000,37.19011303710938,78.82500457763672,-31.856250762939453,-29.306251525878906
1789729866512113200,37.200113037109375,78.95625305175781,-31.70625114440918,-29.475000381469727
1789729866522113000,37.21011303710937,79.0875015258789,-31.743751525878906,-29.531251907348633
1789729866532113200,37.22011303710938,79.23750305175781,-31.781251907348633,-29.606250762939453
1789729866542113000,37.230113037109376,79.29375457763672,-31.837501525878906,-29.568750381469727
1789729866552113200,37.240113037109374,79.38750457763672,-31.950000762939453,-29.793750762939453
1789729866562113000,37.25011303710937,79.7437515258789,-31.856250762939453,-30.168750762939453
1789729866572113200,37.26011303710938,79.875,-31.837501525878906,-30.58125114440918
1789729866582113000,37.270113037109375,79.96875,-31.837501525878906,-30.806251525878906
1789729866592113200,37.28011303710937,80.0625,-32.025001525878906,-30.993751525878906
1789729866602113000,37.29011303710938,80.13750457763672,-32.34375,-31.200000762939453
1789729866612113200,37.30011303710938,79.81875610351562,-32.493751525878906,-31.181251525878906
1789729866622113000,37.310113037109375,79.95000457763672,-32.681251525878906,-31.293750762939453
1789729866632113200,37.32011303710937,79.96875,-32.64375305175781,-31.51875114440918
1789729866642113000,37.33011303710938,79.96875,-32.79375076293945,-31.481250762939453
1789729866652113200,37.340113037109376,80.3062515258789,-32.85000228881836,-31.42500114440918
1789729866662113000,37.350113037109374,80.04375457763672,-33.03750228881836,-31.51875114440918
1789729866672113200,37.36011303710937,79.76250457763672,-32.868751525878906,-31.350000381469727
1789729866682113000,37.37011303710938,79.63125610351562,-32.94375228881836,-31.42500114440918
1789729866692113200,37.380113037109375,79.78125,-33.1875,-31.931251525878906
1789729866702113000,37.39011303710937,79.5562515258789,-33.07500076293945,-32.19375228881836
1789729866712113200,37.40011303710938,79.5562515258789,-33.20625305175781,-32.47500228881836
1789729866722113000,37.410113037109376,79.44375610351562,-33.35625076293945,-32.51250076293945
1789729866732113200,37.420113037109374,79.05000305175781,-33.65625,-32.90625
1789729866742113000,37.43011303710937,78.9937515258789,-33.76875305175781,-32.92500305175781
1789729866752113200,37.44011303710938,79.0875015258789,-34.03125,-33.1875
1789729866762113000,37.450113037109375,78.86250305175781,-33.88125228881836,-33.26250076293945
1789729866772113200,37.46011303710937,78.75,-33.76875305175781,-33.056251525878906
1789729866782113000,37.47011303710938,78.73125457763672,-33.86250305175781,-33.150001525878906
1789729866792113200,37.480113037109376,78.50625610351562,-33.806251525878906,-32.88750076293945
1789729866802113000,37.490113037109374,78.3375015258789,-33.84375,-33.20625305175781
1789729866812113200,37.50011303710937,78.45000457763672,-33.84375,-33.13125228881836
1789729866822113000,37.51011303710938,78.78750610351562,-33.9375,-33.48750305175781
1789729866832113200,37.520113037109375,78.67500305175781,-33.97500228881836,-33.86250305175781
1789729866842113000,37.53011303710937,78.91875457763672,-34.23750305175781,-34.23750305175781
1789729866852113200,37.54011303710938,79.21875,-34.29375076293945,-34.53750228881836
1789729866862113000,37.55011303710938,79.35000610351562,-34.44375228881836,-34.61250305175781
1789729866872113200,37.560113037109375,79.7437515258789,-34.5,-35.025001525878906
1789729866882113000,37.57011303710937,79.76250457763672,-34.5,-35.45625305175781
1789729866892113200,37.58011303710938,79.70625305175781,-34.44375228881836,-35.85000228881836
1789729866902113000,37.590113037109376,79.59375,-34.5,-36.01875305175781
1789729866912113200,37.600113037109374,79.875,-34.59375,-36.150001525878906
1789729866922113000,37.61011303710937,79.85625457763672,-34.29375076293945,-36.243751525878906
1789729866932113200,37.62011303710938,79.85625457763672,-34.42500305175781,-36.63750076293945
1789729866942113000,37.630113037109375,79.96875,-34.44375228881836,-36.9375
1789729866952113200,37.64011303710937,79.875,-34.53750228881836,-37.16250228881836
1789729866962113000,37.65011303710938,80.0625,-34.78125,-36.95625305175781
1789729866972113200,37.660113037109376,80.3062515258789,-34.78125,-37.25625228881836
1789729866982113000,37.670113037109374,80.08125305175781,-34.95000076293945,-37.35000228881836
1789729866992113200,37.68011303710937,80.10000610351562,-34.78125,-37.33125305175781
1789729867002113000,37.69011303710938,80.00625610351562,-35.08125305175781,-37.650001525878906
1789729867012113200,37.700113037109375,79.98750305175781,-35.15625,-37.80000305175781
1789729867022113000,37.71011303710937,79.89375305175781,-35.34375,-37.95000076293945
1789729867032113200,37.72011303710938,79.80000305175781,-35.56875228881836,-38.04375076293945
1789729867042113000,37.730113037109376,79.7437515258789,-35.587501525878906,-38.118751525878906
1789729867052113200,37.740113037109374,79.53750610351562,-35.71875,-37.875
1789729867062113000,37.75011303710937,79.4625015258789,-35.47500228881836,-37.875
1789729867072113200,37.76011303710938,79.3687515258789,-35.8125,-38.15625
1789729867082113000,37.770113037109375,79.25625610351562,-35.962501525878906,-38.19375228881836
1789729867092113200,37.78011303710937,79.16250610351562,-36.01875305175781,-38.45625305175781
1789729867102113000,37.79011303710938,79.10625457763672,-35.962501525878906,-38.681251525878906
1789729867112113200,37.80011303710938,79.2750015258789,-36.150001525878906,-38.83125305175781
1789729867122113000,37.810113037109375,79.3687515258789,-36.26250076293945,-39.20625305175781
1789729867132113200,37.82011303710937,79.03125,-36.375,-39.45000076293945
1789729867142113000,37.83011303710938,79.10625457763672,-36.5625,-39.58125305175781
1789729867152113200,37.840113037109376,78.95625305175781,-36.63750076293945,-39.65625
1789729867162113000,37.850113037109374,78.97500610351562,-36.69375228881836,-39.88125228881836
1789729867172113200,37.86011303710937,78.91875457763672,-36.75,-39.84375
1789729867182113000,37.87011303710938,78.78750610351562,-36.86250305175781,-40.03125
1789729867192113200,37.880113037109375,78.7125015258789,-36.88125228881836,-40.25625228881836
1789729867202113000,37.89011303710937,78.30000305175781,-36.75,-40.25625228881836
1789729867212113200,37.90011303710938,78.65625,-36.78750228881836,-40.6875
1789729867222113000,37.910113037109376,78.54375457763672,-37.181251525878906,-40.837501525878906
1789729867232113200,37.920113037109374,78.1500015258789,-37.42500305175781,-41.08125305175781
1789729867242113000,37.93011303710937,78.03750610351562,-37.70625305175781,-41.15625
1789729867252113200,37.94011303710938,77.8125,-37.837501525878906,-41.25
1789729867262113000,37.950113037109375,77.53125,-38.08125305175781,-41.41875076293945
1789729867272113200,37.96011303710937,77.0250015258789,-38.38125228881836,-41.625
1789729867282113000,37.97011303710938,76.98750305175781,-38.70000076293945,-41.775001525878906
1789729867292113200,37.980113037109376,76.42500305175781,-39.09375,-42.01875305175781
1789729867302113000,37.990113037109374,76.29375457763672,-39.375,-42.26250076293945
1789729867312113200,38.00011303710937,76.3687515258789,-39.16875076293945,-42.50625228881836
1789729867322113000,38.01011303710938,76.25625610351562,-39.09375,-42.75
1789729867332113200,38.020113037109375,76.23750305175781,-39.243751525878906,-42.806251525878906
1789729867342113000,38.03011303710937,76.25625610351562,-39.35625076293945,-42.82500076293945
1789729867352113200,38.04011303710938,76.3687515258789,-39,-42.82500076293945
1789729867362113000,38.05011303710938,76.3125,-39.01875305175781,-43.38750076293945
1789729867372113200,38.060113037109375,76.40625,-38.71875,-43.33125305175781
1789729867382113000,38.07011303710937,76.3125,-38.26875305175781,-43.6875
1789729867392113200,38.08011303710938,76.3687515258789,-38.41875076293945,-43.6875
1789729867402113000,38.090113037109376,76.125,-38.32500076293945,-43.66875076293945
1789729867412113200,38.100113037109374,76.10625457763672,-38.53125,-44.04375076293945
1789729867422113000,38.11011303710937,75.95625305175781,-38.587501525878906,-44.306251525878906
1789729867432113200,38.12011303710938,75.95625305175781,-39.03750228881836,-44.47500228881836
1789729867442113000,38.130113037109375,75.95625305175781,-39.03750228881836,-44.26875305175781
1789729867452113200,38.14011303710937,75.78750610351562,-39.22500228881836,-44.36250305175781
1789729867462113000,38.15011303710938,75.5625,-38.92500305175781,-44.118751525878906
1789729867472113200,38.160113037109376,75.3375015258789,-38.83125305175781,-44.212501525878906
1789729867482113000,38.170113037109374,75.26250457763672,-39,-44.625
1789729867492113200,38.18011303710937,75.03750610351562,-38.79375076293945,-44.60625076293945
1789729867502113000,38.19011303710938,75.09375,-38.60625076293945,-44.64375305175781
1789729867512113200,38.200113037109375,74.8687515258789,-38.400001525878906,-44.66250228881836
1789729867522113000,38.21011303710937,74.4937515258789,-38.41875076293945,-45.13125228881836
1789729867532113200,38.22011303710938,74.4000015258789,-38.4375,-45.39375305175781
1789729867542113000,38.230113037109376,74.4937515258789,-38.90625,-45.97500228881836
1789729867552113200,38.240113037109374,74.38125610351562,-39.20625305175781,-46.10625076293945
1789729867562113000,38.25011303710937,74.3062515258789,-38.98125076293945,-46.275001525878906
1789729867572113200,38.26011303710938,74.17500305175781,-38.94375228881836,-46.40625
1789729867582113000,38.270113037109375,73.96875,-39.01875305175781,-46.57500076293945
1789729867592113200,38.28011303710937,73.80000305175781,-39.150001525878906,-46.96875
1789729867602113000,38.29011303710938,74.0250015258789,-39.337501525878906,-46.70625305175781
1789729867612113200,38.30011303710938,73.91250610351562,-39.26250076293945,-46.78125
1789729867622113000,38.310113037109375,73.6875,-39.20625305175781,-46.76250076293945
1789729867632113200,38.32011303710937,73.59375,-39.30000305175781,-46.85625076293945
1789729867642113000,38.33011303710938,73.44375610351562,-39.69375228881836,-46.6875
1789729867652113200,38.340113037109376,73.3125,-39.67500305175781,-46.6875
1789729867662113000,38.350113037109374,72.82500457763672,-39.525001525878906,-46.66875076293945
1789729867672113200,38.36011303710937,72.63750457763672,-39.337501525878906,-46.72500228881836
1789729867682113000,38.37011303710938,72.3375015258789,-39.11250305175781,-46.76250076293945
1789729867692113200,38.380113037109375,72.375,-39.1875,-46.650001525878906
1789729867702113000,38.39011303710937,72.22500610351562,-39.07500076293945,-46.63125228881836
1789729867712113200,38.40011303710938,72.01875305175781,-39,-46.743751525878906
1789729867722113000,38.410113037109376,72.07500457763672,-38.79375076293945,-46.80000305175781
1789729867732113200,38.420113037109374,72.07500457763672,-38.8125,-47.04375076293945
1789729867742113000,38.43011303710937,72.45000457763672,-39.01875305175781,-47.118751525878906
1789729867752113200,38.44011303710938,72.73125457763672,-39.20625305175781,-47.32500076293945
1789729867762113000,38.450113037109375,72.67500305175781,-39.243751525878906,-47.493751525878906
1789729867772113200,38.46011303710937,72.65625,-39.28125,-47.66250228881836
1789729867782113000,38.47011303710938,72.78750610351562,-39.337501525878906,-47.8125
1789729867792113200,38.480113037109376,72.97500610351562,-39.243751525878906,-47.94375228881836
1789729867802113000,38.490113037109374,72.97500610351562,-39.31875228881836,-48.01875305175781
1789729867812113200,38.50011303710937,72.9000015258789,-39.41250228881836,-47.94375228881836
1789729867822113000,38.51011303710938,72.97500610351562,-39.1875,-48
1789729867832113200,38.520113037109375,72.82500457763672,-39.16875076293945,-47.71875
1789729867842113000,38.53011303710937,72.6187515258789,-38.94375228881836,-47.71875
1789729867852113200,38.54011303710938,72.50625610351562,-38.98125076293945,-47.493751525878906
1789729867862113000,38.55011303710938,72.26250457763672,-39.13125228881836,-47.51250076293945
1789729867872113200,38.560113037109375,72.1500015258789,-39.03750228881836,-47.4375
1789729867882113000,38.57011303710937,71.98125457763672,-39.03750228881836,-47.400001525878906
1789729867892113200,38.58011303710938,72.0562515258789,-38.681251525878906,-47.38125228881836
1789729867902113000,38.590113037109376,71.8687515258789,-38.83125305175781,-47.306251525878906
1789729867912113200,38.600113037109374,71.8125,-38.73750305175781,-47.212501525878906
1789729867922113000,38.61011303710937,72.11250305175781,-39.056251525878906,-47.19375228881836
1789729867932113200,38.62011303710938,71.98125457763672,-38.94375228881836,-47.34375
1789729867942113000,38.630113037109375,72.07500457763672,-38.92500305175781,-47.118751525878906
1789729867952113200,38.64011303710937,72.0562515258789,-38.868751525878906,-46.95000076293945
1789729867962113000,38.65011303710938,72.1875,-38.83125305175781,-46.89375305175781
1789729867972113200,38.660113037109376,72.1875,-38.98125076293945,-46.81875228881836
1789729867982113000,38.670113037109374,71.92500305175781,-38.868751525878906,-46.96875
1789729867992113200,38.68011303710937,71.625,-38.85000228881836,-47.212501525878906
1789729868002113000,38.69011303710938,71.4000015258789,-38.94375228881836,-47.19375228881836
1789729868012113200,38.700113037109375,71.45625305175781,-39.03750228881836,-47.00625228881836
1789729868022113000,38.71011303710937,71.2125015258789,-39,-47.10000228881836
1789729868032113200,38.72011303710938,71.15625,-39.11250305175781,-47.17500305175781
1789729868042113000,38.730113037109376,70.72500610351562,-39.01875305175781,-47.13750076293945
1789729868052113200,38.740113037109374,70.53750610351562,-39.13125228881836,-47.118751525878906
1789729868062113000,38.75011303710937,70.61250305175781,-39.150001525878906,-47.0625
1789729868072113200,38.76011303710938,70.76250457763672,-39.150001525878906,-46.98750305175781
1789729868082113000,38.770113037109375,70.63125610351562,-38.962501525878906,-46.931251525878906
1789729868092113200,38.78011303710937,70.59375,-38.79375076293945,-47.00625228881836
1789729868102113000,38.79011303710938,70.70625305175781,-38.56875228881836,-46.76250076293945
1789729868112113200,38.80011303710938,70.63125610351562,-38.53125,-46.89375305175781
1789729868122113000,38.810113037109375,70.70625305175781,-38.4375,-47.025001525878906
1789729868132113200,38.82011303710937,70.57500457763672,-38.53125,-47.19375228881836
1789729868142113000,38.83011303710938,70.61250305175781,-38.32500076293945,-47.08125305175781
1789729868152113200,38.840113037109376,70.70625305175781,-38.32500076293945,-47.025001525878906
1789729868162113000,38.850113037109374,70.95000457763672,-38.25,-47.17500305175781
1789729868172113200,38.86011303710937,71.0625,-38.19375228881836,-47.23125076293945
1789729868182113000,38.87011303710938,71.36250305175781,-38.32500076293945,-47.400001525878906
1789729868192113200,38.880113037109375,71.64375305175781,-38.23125076293945,-47.53125
1789729868202113000,38.89011303710937,71.8125,-38.08125305175781,-47.625
1789729868212113200,38.90011303710938,72.11250305175781,-37.91250228881836,-47.8125
1789729868222113000,38.910113037109376,72.2437515258789,-38.00625228881836,-47.868751525878906
1789729868232113200,38.920113037109374,72.3375015258789,-37.63125228881836,-47.85000228881836
1789729868242113000,38.93011303710937,72.5625,-37.5,-47.88750076293945
1789729868252113200,38.94011303710938,72.7125015258789,-37.3125,-48
1789729868262113000,38.950113037109375,72.50625610351562,-37.3125,-48.07500076293945
1789729868272113200,38.96011303710937,72.31875610351562,-37.25625228881836,-47.98125076293945
1789729868282113000,38.97011303710938,72.63750457763672,-37.23750305175781,-47.962501525878906
1789729868292113200,38.980113037109376,72.6187515258789,-36.91875076293945,-47.88750076293945
1789729868302113000,38.990113037109374,72.5625,-36.67500305175781,-47.94375228881836
1789729868312113200,39.00011303710937,72.45000457763672,-36.712501525878906,-48.07500076293945
1789729868322113000,39.01011303710938,72.16875457763672,-36.69375228881836,-48.13125228881836
1789729868332113200,39.020113037109375,71.94375610351562,-36.67500305175781,-48.48750305175781
1789729868342113000,39.03011303710937,72.0562515258789,-36.58125305175781,-48.73125076293945
1789729868352113200,39.04011303710938,72.11250305175781,-36.46875,-48.900001525878906
1789729868362113000,39.05011303710938,71.85000610351562,-36.22500228881836,-49.05000305175781
1789729868372113200,39.060113037109375,71.66250610351562,-36.16875076293945,-49.35000228881836
1789729868382113000,39.07011303710937,71.625,-36.243751525878906,-49.51875305175781
1789729868392113200,39.08011303710938,71.36250305175781,-36.01875305175781,-49.837501525878906
1789729868402113000,39.090113037109376,71.51250457763672,-35.8125,-50.00625228881836
1789729868412113200,39.100113037109374,71.51250457763672,-35.625,-49.85625076293945
1789729868422113000,39.11011303710937,71.34375,-35.19375228881836,-49.85625076293945
1789729868432113200,39.12011303710938,71.17500305175781,-34.875,-49.76250076293945
1789729868442113000,39.130113037109375,71.19375610351562,-35.04375076293945,-49.85625076293945
1789729868452113200,39.14011303710937,71.38125610351562,-34.837501525878906,-49.500003814697266
1789729868462113000,39.15011303710938,71.38125610351562,-34.743751525878906,-49.406253814697266
1789729868472113200,39.160113037109376,71.53125,-34.875,-49.218753814697266
1789729868482113000,39.170113037109374,71.4000015258789,-34.66875076293945,-49.20000076293945
1789729868492113200,39.18011303710937,71.4000015258789,-34.63125228881836,-48.993751525878906
1789729868502113000,39.19011303710938,71.4000015258789,-34.61250305175781,-48.88125228881836
1789729868512113200,39.200113037109375,71.23125457763672,-34.57500076293945,-48.97500228881836
1789729868522113000,39.21011303710937,71.1187515258789,-34.59375,-48.78750228881836
1789729868532113200,39.22011303710938,70.89375305175781,-34.556251525878906,-48.86250305175781
1789729868542113000,39.230113037109376,70.80000305175781,-34.57500076293945,-48.97500228881836
1789729868552113200,39.240113037109374,70.5562515258789,-34.35000228881836,-48.900001525878906
1789729868562113000,39.25011303710937,70.51875305175781,-34.33125305175781,-48.78750228881836
1789729868572113200,39.26011303710938,70.53750610351562,-34.14375305175781,-48.78750228881836
1789729868582113000,39.270113037109375,70.35000610351562,-33.95625305175781,-48.618751525878906
1789729868592113200,39.28011303710937,70.33125305175781,-33.73125076293945,-48.618751525878906
1789729868602113000,39.29011303710938,70.3125,-33.16875076293945,-48.525001525878906
1789729868612113200,39.30011303710938,70.42500305175781,-33.056251525878906,-48.525001525878906
1789729868622113000,39.310113037109375,70.23750305175781,-32.88750076293945,-48.431251525878906
1789729868632113200,39.32011303710937,70.4625015258789,-32.775001525878906,-48.26250076293945
1789729868642113000,39.33011303710938,70.2750015258789,-32.75625228881836,-48.281253814697266
1789729868652113200,39.340113037109376,70.16250610351562,-32.71875,-48.60000228881836
1789729868662113000,39.350113037109374,70.21875,-32.90625,-48.76875305175781
1789729868672113200,39.36011303710937,70.3687515258789,-33,-48.712501525878906
1789729868682113000,39.37011303710938,70.35000610351562,-33.46875,-48.656253814697266
1789729868692113200,39.380113037109375,69.82500457763672,-33.5625,-48.618751525878906
1789729868702113000,39.39011303710937,70.05000305175781,-33.431251525878906,-48.525001525878906
1789729868712113200,39.40011303710938,70.1812515258789,-33.39375305175781,-48.525001525878906
1789729868722113000,39.410113037109376,70.2750015258789,-33.375,-48.562503814697266
1789729868732113200,39.420113037109374,70.35000610351562,-33.525001525878906,-48.22500228881836
1789729868742113000,39.43011303710937,70.2750015258789,-33.35625076293945,-48.35625076293945
1789729868752113200,39.44011303710938,70.14375305175781,-33.48750305175781,-48.11250305175781
1789729868762113000,39.450113037109375,70.16250610351562,-33.07500076293945,-48.11250305175781
1789729868772113200,39.46011303710937,70.44375610351562,-32.98125076293945,-48.187503814697266
1789729868782113000,39.47011303710938,70.40625,-32.88750076293945,-48.07500076293945
1789729868792113200,39.480113037109376,70.35000610351562,-32.88750076293945,-48.375003814697266
1789729868802113000,39.490113037109374,70.29375457763672,-32.8125,-48.150001525878906
1789729868812113200,39.50011303710937,70.01250457763672,-32.681251525878906,-48.20625305175781
1789729868822113000,39.51011303710938,70.2750015258789,-32.75625228881836,-47.83125305175781
1789729868832113200,39.520113037109375,70.2750015258789,-32.681251525878906,-48
1789729868842113000,39.53011303710937,70.40625,-33.03750228881836,-47.85000228881836
1789729868852113200,39.54011303710938,70.51875305175781,-33.26250076293945,-47.71875
1789729868862113000,39.55011303710938,70.70625305175781,-33.30000305175781,-48.22500228881836
1789729868872113200,39.560113037109375,70.76250457763672,-33.35625076293945,-48.03750228881836
1789729868882113000,39.57011303710937,70.8375015258789,-33.03750228881836,-48.22500228881836
1789729868892113200,39.58011303710938,71.13750457763672,-33.11250305175781,-48.35625076293945
1789729868902113000,39.590113037109376,71.0250015258789,-33.03750228881836,-48.63750076293945
1789729868912113200,39.600113037109374,71.0625,-33,-48.806251525878906
1789729868922113000,39.61011303710937,70.98750305175781,-32.92500305175781,-49.10625076293945
1789729868932113200,39.62011303710938,71.04375457763672,-32.79375076293945,-49.33125305175781
1789729868942113000,39.630113037109375,70.59375,-32.90625,-49.05000305175781
1789729868952113200,39.64011303710937,70.57500457763672,-33.20625305175781,-49.23750305175781
1789729868962113000,39.65011303710938,70.6875,-33.63750076293945,-49.20000076293945
1789729868972113200,39.660113037109376,70.6875,-33.525001525878906,-49.218753814697266
1789729868982113000,39.670113037109374,70.875,-33.712501525878906,-49.14375305175781
1789729868992113200,39.68011303710937,71.00625610351562,-33.65625,-48.750003814697266
1789729869002113000,39.69011303710938,70.98750305175781,-33.806251525878906,-48.63750076293945
1789729869012113200,39.700113037109375,70.875,-33.73125076293945,-48.60000228881836
1789729869022113000,39.71011303710937,71.19375610351562,-33.63750076293945,-48.618751525878906
1789729869032113200,39.72011303710938,70.96875,-33.35625076293945,-48.26250076293945
1789729869042113000,39.730113037109376,70.63125610351562,-33.243751525878906,-48.07500076293945
1789729869052113200,39.740113037109374,70.59375,-33.431251525878906,-48
1789729869062113000,39.75011303710937,70.25625610351562,-33.35625076293945,-47.92500305175781
1789729869072113200,39.76011303710938,70.33125305175781,-33.45000076293945,-48.07500076293945
1789729869082113000,39.770113037109375,70.40625,-33.20625305175781,-48.281253814697266
1789729869092113200,39.78011303710937,70.53750610351562,-33.35625076293945,-48.093753814697266
1789729869102113000,39.79011303710938,70.5,-33.28125,-47.98125076293945
1789729869112113200,39.80011303710938,70.70625305175781,-33.22500228881836,-48.13125228881836
1789729869122113000,39.810113037109375,70.96875,-33.09375,-48.337501525878906
1789729869132113200,39.82011303710937,70.875,-32.92500305175781,-48.26250076293945
1789729869142113000,39.83011303710938,71.08125305175781,-32.8125,-48.243751525878906
1789729869152113200,39.840113037109376,70.875,-32.64375305175781,-48.375003814697266
1789729869162113000,39.850113037109374,70.72500610351562,-32.51250076293945,-48.337501525878906
1789729869172113200,39.86011303710937,70.51875305175781,-32.400001525878906,-48.39375305175781
1789729869182113000,39.87011303710938,70.42500305175781,-32.51250076293945,-48.20625305175781
1789729869192113200,39.880113037109375,70.21875,-32.32500076293945,-48.281253814697266
1789729869202113000,39.89011303710937,70.14375305175781,-32.55000305175781,-48.45000076293945
1789729869212113200,39.90011303710938,70.125,-32.55000305175781,-48.618751525878906
1789729869222113000,39.910113037109376,70.03125,-32.493751525878906,-48.656253814697266
1789729869232113200,39.920113037109374,70.03125,-32.493751525878906,-48.69375228881836
1789729869242113000,39.93011303710937,69.95625305175781,-32.47500228881836,-48.468753814697266
1789729869252113200,39.94011303710938,69.9937515258789,-32.36250305175781,-48.58125305175781
1789729869262113000,39.950113037109375,69.78750610351562,-32.04375076293945,-48.993751525878906
1789729869272113200,39.96011303710937,69.9937515258789,-32.23125076293945,-49.087501525878906
1789729869282113000,39.97011303710938,69.75,-32.00625228881836,-48.82500076293945
1789729869292113200,39.980113037109376,69.9375,-31.80000114440918,-48.750003814697266
1789729869302113000,39.990113037109374,69.82500457763672,-31.668750762939453,-48.88125228881836
1789729869312113200,40.00011303710937,69.8062515258789,-31.781251907348633,-49.087501525878906
1789729869322113000,40.01011303710938,69.7125015258789,-31.51875114440918,-49.10625076293945
1789729869332113200,40.020113037109375,69.8062515258789,-31.61250114440918,-49.125003814697266
1789729869342113000,40.03011303710937,70.05000305175781,-31.875001907348633,-49.125003814697266
1789729869352113200,40.04011303710938,69.82500457763672,-31.762500762939453,-49.312503814697266
1789729869362113000,40.05011303710938,69.95625305175781,-31.668750762939453,-49.38750076293945
1789729869372113200,40.060113037109375,69.91875457763672,-31.593751907348633,-49.556251525878906
1789729869382113000,40.07011303710937,70.0875015258789,-31.762500762939453,-49.57500076293945
1789729869392113200,40.08011303710938,69.9937515258789,-31.256250381469727,-49.556251525878906
1789729869402113000,40.090113037109376,70.16250610351562,-31.593751907348633,-49.76250076293945
1789729869412113200,40.100113037109374,70.21875,-31.162500381469727,-49.687503814697266
1789729869422113000,40.11011303710937,70.2750015258789,-30.918750762939453,-49.66875076293945
1789729869432113200,40.12011303710938,70.25625610351562,-30.562501907348633,-49.368751525878906
1789729869442113000,40.130113037109375,70.4625015258789,-30.58125114440918,-49.556251525878906
1789729869452113200,40.14011303710937,70.44375610351562,-30.618751525878906,-49.61250305175781
1789729869462113000,40.15011303710938,70.35000610351562,-30.712501525878906,-49.556251525878906
1789729869472113200,40.160113037109376,70.33125305175781,-31.012500762939453,-49.556251525878906
1789729869482113000,40.170113037109374,70.23750305175781,-30.843751907348633,-49.70625305175781
1789729869492113200,40.18011303710937,70.06875610351562,-31.012500762939453,-49.80000305175781
1789729869502113000,40.19011303710938,69.95625305175781,-31.012500762939453,-49.89375305175781
1789729869512113200,40.200113037109375,70.10625457763672,-30.993751525878906,-50.156253814697266
1789729869522113000,40.21011303710937,70.05000305175781,-31.106250762939453,-50.343753814697266
1789729869532113200,40.22011303710938,70.0875015258789,-31.012500762939453,-50.343753814697266
1789729869542113000,40.230113037109376,69.97500610351562,-30.562501907348633,-50.51250076293945
1789729869552113200,40.240113037109374,70.25625610351562,-30.20625114440918,-50.19375228881836
1789729869562113000,40.25011303710937,70.2750015258789,-29.962501525878906,-50.212501525878906
1789729869572113200,40.26011303710938,70.40625,-30.187501907348633,-50.04375076293945
1789729869582113000,40.270113037109375,70.2750015258789,-30.131250381469727,-49.98750305175781
1789729869592113200,40.28011303710937,70.1812515258789,-30.356250762939453,-49.98750305175781
1789729869602113000,40.29011303710938,70.01250457763672,-30.243751525878906,-49.837501525878906
1789729869612113200,40.30011303710938,69.9375,-30.243751525878906,-49.80000305175781
1789729869622113000,40.310113037109375,70.06875610351562,-30.30000114440918,-49.650001525878906
1789729869632113200,40.32011303710937,69.84375,-30.262500762939453,-50.00625228881836
1789729869642113000,40.33011303710938,70.16250610351562,-30.412500381469727,-49.968753814697266
1789729869652113200,40.340113037109376,69.9375,-30.000001907348633,-50.23125076293945
1789729869662113000,40.350113037109374,69.97500610351562,-29.756250381469727,-50.306251525878906
1789729869672113200,40.36011303710937,70.06875610351562,-29.512500762939453,-50.306251525878906
1789729869682113000,40.37011303710938,70.1812515258789,-29.662500381469727,-50.343753814697266
1789729869692113200,40.380113037109375,70.0875015258789,-29.681251525878906,-50.212501525878906
1789729869702113000,40.39011303710937,69.91875457763672,-29.64375114440918,-50.55000305175781
1789729869712113200,40.40011303710938,69.73125457763672,-29.92500114440918,-50.41875076293945
1789729869722113000,40.410113037109376,69.45000457763672,-29.531251907348633,-50.51250076293945
1789729869732113200,40.420113037109374,69.58125305175781,-29.512500762939453,-50.400001525878906
1789729869742113000,40.43011303710937,69.67500305175781,-29.587501525878906,-50.250003814697266
1789729869752113200,40.44011303710938,69.5625,-29.418750762939453,-50.08125305175781
1789729869762113000,40.450113037109375,69.35625457763672,-28.912500381469727,-49.98750305175781
1789729869772113200,40.46011303710937,69.31875610351562,-28.631250381469727,-50.025001525878906
1789729869782113000,40.47011303710938,69.41250610351562,-28.293750762939453,-49.837501525878906
1789729869792113200,40.480113037109376,69.30000305175781,-27.937501907348633,-49.837501525878906
1789729869802113000,40.490113037109374,69.1500015258789,-28.087501525878906,-49.91250228881836
1789729869812113200,40.50011303710937,69.26250457763672,-27.656251907348633,-49.931251525878906
1789729869822113000,40.51011303710938,69.28125,-27.58125114440918,-50.26875305175781
1789729869832113200,40.520113037109375,69.3375015258789,-27.506250381469727,-50.681251525878906
1789729869842113000,40.53011303710937,69.48750305175781,-27.356250762939453,-50.94375228881836
1789729869852113200,40.54011303710938,69.46875,-27.450000762939453,-51.187503814697266
1789729869862113000,40.55011303710938,69.5625,-27.431251525878906,-51.431251525878906
1789729869872113200,40.560113037109375,69.91875457763672,-27.243751525878906,-51.806251525878906
1789729869882113000,40.57011303710937,70.25625610351562,-26.83125114440918,-51.618751525878906
1789729869892113200,40.58011303710938,69.9937515258789,-27.037500381469727,-51.69375228881836
1789729869902113000,40.590113037109376,69.86250305175781,-26.812501907348633,-51.525001525878906
1789729869912113200,40.600113037109374,69.9000015258789,-26.775001525878906,-51.48750305175781
1789729869922113000,40.61011303710937,69.9375,-26.943750381469727,-51.67500305175781
1789729869932113200,40.62011303710938,69.9375,-26.531251907348633,-51.618751525878906
1789729869942113000,40.630113037109375,69.91875457763672,-26.45625114440918,-51.562503814697266
1789729869952113200,40.64011303710937,69.69375610351562,-26.231250762939453,-51.525001525878906
1789729869962113000,40.65011303710938,69.5625,-26.306251525878906,-51.618751525878906
1789729869972113200,40.660113037109376,69.76875305175781,-25.875001907348633,-51.88125228881836
1789729869982113000,40.670113037109374,69.9937515258789,-25.725000381469727,-52.218753814697266
1789729869992113200,40.68011303710937,70.03125,-25.462501525878906,-52.125003814697266
1789729870002113000,40.69011303710938,70.06875610351562,-25.012500762939453,-52.25625228881836
1789729870012113200,40.700113037109375,70.03125,-24.787500381469727,-52.61250305175781
1789729870022113000,40.71011303710937,70.20000457763672,-24.656251907348633,-52.781253814697266
1789729870032113200,40.72011303710938,70.53750610351562,-24.656251907348633,-52.837501525878906
1789729870042113000,40.730113037109376,70.33125305175781,-24.468751907348633,-53.08125305175781
1789729870052113200,40.740113037109374,70.44375610351562,-24.562501907348633,-52.91250228881836
1789729870062113000,40.75011303710937,70.38750457763672,-24.131250381469727,-52.85625076293945
1789729870072113200,40.76011303710938,70.16250610351562,-23.83125114440918,-52.81875228881836
1789729870082113000,40.770113037109375,70.0875015258789,-23.64375114440918,-52.837501525878906
1789729870092113200,40.78011303710937,70.44375610351562,-23.493751525878906,-52.63125228881836
1789729870102113000,40.79011303710938,70.51875305175781,-23.100000381469727,-52.650001525878906
1789729870112113200,40.80011303710938,70.63125610351562,-22.96875,-52.38750076293945
1789729870122113000,40.810113037109375,70.96875,-22.668750762939453,-52.42500305175781
1789729870132113200,40.82011303710937,71.10000610351562,-22.387500762939453,-52.44375228881836
1789729870142113000,40.83011303710938,71.1187515258789,-22.293750762939453,-52.44375228881836
1789729870152113200,40.840113037109376,71.60625457763672,-22.106250762939453,-52.462501525878906
1789729870162113000,40.850113037109374,71.75625610351562,-22.087501525878906,-52.20000076293945
1789729870172113200,40.86011303710937,71.71875,-22.293750762939453,-52.031253814697266
1789729870182113000,40.87011303710938,71.60625457763672,-22.275001525878906,-52.05000305175781
1789729870192113200,40.880113037109375,71.64375305175781,-22.33125114440918,-52.20000076293945
1789729870202113000,40.89011303710937,71.55000305175781,-22.42500114440918,-52.23750305175781
1789729870212113200,40.90011303710938,71.4937515258789,-22.42500114440918,-52.181251525878906
1789729870222113000,40.910113037109376,71.625,-22.631250381469727,-52.10625076293945
1789729870232113200,40.920113037109374,71.53125,-22.6875,-51.900001525878906
1789729870242113000,40.93011303710937,71.73750305175781,-22.368751525878906,-51.67500305175781
1789729870252113200,40.94011303710938,72.09375,-21.825000762939453,-51.60000228881836
1789729870262113000,40.950113037109375,72.39375305175781,-21.600000381469727,-51.281253814697266
1789729870272113200,40.96011303710937,72.8062515258789,-20.92500114440918,-50.94375228881836
1789729870282113000,40.97011303710938,73.48125457763672,-20.775001525878906,-50.28750228881836
1789729870292113200,40.980113037109376,73.95000457763672,-20.55000114440918,-49.89375305175781
1789729870302113000,40.990113037109374,74.26875305175781,-20.231250762939453,-49.650001525878906
1789729870312113200,41.00011303710937,74.56875610351562,-19.98750114440918,-49.125003814697266
1789729870322113000,41.01011303710938,74.90625,-19.78125,-48.900001525878906
1789729870332113200,41.020113037109375,75.01875305175781,-19.912500381469727,-48.45000076293945
1789729870342113000,41.03011303710937,75.2437515258789,-19.762500762939453,-48.150001525878906
1789729870352113200,41.04011303710938,75.26250457763672,-19.856250762939453,-47.85000228881836
1789729870362113000,41.05011303710938,75.1500015258789,-19.537500381469727,-47.79375076293945
1789729870372113200,41.060113037109375,75.1500015258789,-19.5,-47.90625
1789729870382113000,41.07011303710937,75.26250457763672,-19.481250762939453,-47.88750076293945
1789729870392113200,41.08011303710938,75.31875610351562,-19.6875,-48.375003814697266
1789729870402113000,41.090113037109376,75.1875,-19.743751525878906,-48.63750076293945
1789729870412113200,41.100113037109374,75.22500610351562,-19.6875,-48.91875076293945
1789729870422113000,41.11011303710937,75.2437515258789,-19.70625114440918,-49.16250228881836
1789729870432113200,41.12011303710938,75.2437515258789,-19.70625114440918,-49.42500305175781
1789729870442113000,41.130113037109375,75.41250610351562,-19.875,-49.66875076293945
1789729870452113200,41.14011303710937,75.28125,-19.856250762939453,-50.062503814697266
1789729870462113000,41.15011303710938,75.3375015258789,-19.818750381469727,-50.17500305175781
1789729870472113200,41.160113037109376,75.41250610351562,-19.950000762939453,-50.56875228881836
1789729870482113000,41.170113037109374,75.3375015258789,-20.26875114440918,-50.681251525878906
1789729870492113200,41.18011303710937,75.28125,-20.64375114440918,-50.83125305175781
1789729870502113000,41.19011303710938,75.0562515258789,-21.131250381469727,-50.587501525878906
1789729870512113200,41.200113037109375,74.70000457763672,-21.5625,-50.64375305175781
1789729870522113000,41.21011303710937,74.32500457763672,-21.84375,-50.212501525878906
1789729870532113200,41.22011303710938,74.0625,-22.3125,-49.781253814697266
1789729870542113000,41.230113037109376,73.7437515258789,-22.650001525878906,-49.51875305175781
1789729870552113200,41.240113037109374,73.42500305175781,-22.78125,-49.087501525878906
1789729870562113000,41.25011303710937,73.66875457763672,-23.17500114440918,-48.562503814697266
1789729870572113200,41.26011303710938,73.53750610351562,-23.26875114440918,-48.243751525878906
1789729870582113000,41.270113037109375,73.63125610351562,-23.418750762939453,-48.150001525878906
1789729870592113200,41.28011303710937,74.08125305175781,-23.681251525878906,-48.26250076293945
1789729870602113000,41.29011303710938,74.23125457763672,-23.568750381469727,-48.63750076293945
1789729870612113200,41.30011303710938,74.625,-23.4375,-48.750003814697266
1789729870622113000,41.310113037109375,75.01875305175781,-23.493751525878906,-48.900001525878906
1789729870632113200,41.32011303710937,75.41250610351562,-23.512500762939453,-49.06875228881836
1789729870642113000,41.33011303710938,75.375,-23.287500381469727,-49.406253814697266
1789729870652113200,41.340113037109376,75.58125305175781,-22.818750381469727,-49.462501525878906
1789729870662113000,41.350113037109374,75.76875305175781,-22.33125114440918,-49.53750228881836
1789729870672113200,41.36011303710937,75.82500457763672,-22.106250762939453,-49.57500076293945
1789729870682113000,41.37011303710938,76.06875610351562,-22.012500762939453,-49.650001525878906
1789729870692113200,41.380113037109375,76.125,-21.67500114440918,-49.837501525878906
1789729870702113000,41.39011303710937,76.33125305175781,-21.337501525878906,-49.89375305175781
1789729870712113200,41.40011303710938,76.59375,-20.90625,-49.85625076293945
1789729870722113000,41.410113037109376,76.78125,-20.36250114440918,-49.85625076293945
1789729870732113200,41.420113037109374,77.08125305175781,-20.36250114440918,-50.025001525878906
1789729870742113000,41.43011303710937,77.3062515258789,-20.381250381469727,-50.41875076293945
1789729870752113200,41.44011303710938,77.41875457763672,-20.15625,-50.28750228881836
1789729870762113000,41.450113037109375,77.5875015258789,-20.0625,-50.38125228881836
1789729870772113200,41.46011303710937,77.7750015258789,-20.15625,-50.41875076293945
1789729870782113000,41.47011303710938,77.75625610351562,-20.137500762939453,-50.437503814697266
1789729870792113200,41.480113037109376,77.55000305175781,-20.25,-50.28750228881836
1789729870802113000,41.490113037109374,77.70000457763672,-20.53125,-50.306251525878906
1789729870812113200,41.50011303710937,77.51250457763672,-20.8125,-50.400001525878906
1789729870822113000,41.51011303710938,77.3062515258789,-20.90625,-50.28750228881836
1789729870832113200,41.520113037109375,77.13750457763672,-20.943750381469727,-50.13750076293945
1789729870842113000,41.53011303710937,76.91250610351562,-21.037500381469727,-50.17500305175781
1789729870852113200,41.54011303710938,76.81875610351562,-21.225000381469727,-50.250003814697266
1789729870862113000,41.55011303710938,76.80000305175781,-21.712501525878906,-50.47500228881836
1789729870872113200,41.560113037109375,76.76250457763672,-21.806251525878906,-50.60625076293945
1789729870882113000,41.57011303710937,76.4625015258789,-21.900001525878906,-50.73750305175781
1789729870892113200,41.58011303710938,76.40625,-22.012500762939453,-50.75625228881836
1789729870902113000,41.590113037109376,76.4625015258789,-22.556251525878906,-50.60625076293945
1789729870912113200,41.600113037109374,76.23750305175781,-22.950000762939453,-51.093753814697266
1789729870922113000,41.61011303710937,76.06875610351562,-23.381250381469727,-51.11250305175781
1789729870932113200,41.62011303710938,75.88125610351562,-23.756250381469727,-51.16875076293945
1789729870942113000,41.630113037109375,75.4312515258789,-23.775001525878906,-51.000003814697266
1789729870952113200,41.64011303710937,75.07500457763672,-24.150001525878906,-51.20625305175781
1789729870962113000,41.65011303710938,74.75625610351562,-24.618751525878906,-51.41250228881836
1789729870972113200,41.660113037109376,74.25,-24.656251907348633,-51.67500305175781
1789729870982113000,41.670113037109374,74.0250015258789,-24.412500381469727,-52.10625076293945
1789729870992113200,41.68011303710937,73.78125,-24.468751907348633,-52.10625076293945
1789729871002113000,41.69011303710938,73.59375,-24.525001525878906,-52.29375076293945
1789729871012113200,41.700113037109375,73.5,-24.562501907348633,-52.48125076293945
1789729871022113000,41.71011303710937,73.40625,-24.637500762939453,-52.70625305175781
1789729871032113200,41.72011303710938,73.61250305175781,-24.618751525878906,-52.70625305175781
1789729871042113000,41.730113037109376,73.66875457763672,-24.656251907348633,-52.593753814697266
1789729871052113200,41.740113037109374,73.91250610351562,-24.86250114440918,-52.53750228881836
1789729871062113000,41.75011303710937,73.875,-24.95625114440918,-52.687503814697266
1789729871072113200,41.76011303710938,73.85625457763672,-24.95625114440918,-52.500003814697266
1789729871082113000,41.770113037109375,73.80000305175781,-25.14375114440918,-52.44375228881836
1789729871092113200,41.78011303710937,73.72500610351562,-25.031251907348633,-52.16250228881836
1789729871102113000,41.79011303710938,73.51875305175781,-25.443750381469727,-51.993751525878906
1789729871112113200,41.80011303710938,73.14375305175781,-25.818750381469727,-51.750003814697266
1789729871122113000,41.810113037109375,72.82500457763672,-26.006250381469727,-51.843753814697266
1789729871132113200,41.82011303710937,72.35625457763672,-26.343751907348633,-51.843753814697266
1789729871142113000,41.83011303710938,71.98125457763672,-26.756250381469727,-51.806251525878906
1789729871152113200,41.840113037109376,71.85000610351562,-27.168750762939453,-51.937503814697266
1789729871162113000,41.850113037109374,71.8125,-27.337501525878906,-51.806251525878906
1789729871172113200,41.86011303710937,71.38125610351562,-27.731250762939453,-51.91875076293945
1789729871182113000,41.87011303710938,71.2125015258789,-27.637500762939453,-51.97500228881836
1789729871192113200,41.880113037109375,71.26875305175781,-27.787500381469727,-52.20000076293945
1789729871202113000,41.89011303710937,71.28750610351562,-27.825000762939453,-51.95625305175781
1789729871212113200,41.90011303710938,71.32500457763672,-27.712501525878906,-51.78750228881836
1789729871222113000,41.910113037109376,71.38125610351562,-27.543750762939453,-51.468753814697266
1789729871232113200,41.920113037109374,71.23125457763672,-27.656251907348633,-51.41250228881836
1789729871242113000,41.93011303710937,71.10000610351562,-27.787500381469727,-51.54375076293945
1789729871252113200,41.94011303710938,71.0625,-27.58125114440918,-51.63750076293945
1789729871262113000,41.950113037109375,71.23125457763672,-27.693750381469727,-51.525001525878906
1789729871272113200,41.96011303710937,70.96875,-27.562501907348633,-51.63750076293945
1789729871282113000,41.97011303710938,70.96875,-27.637500762939453,-51.63750076293945
1789729871292113200,41.980113037109376,71.04375457763672,-27.637500762939453,-51.843753814697266
1789729871302113000,41.990113037109374,71.0625,-27.787500381469727,-51.843753814697266
1789729871312113200,42.00011303710937,71.1187515258789,-27.562501907348633,-51.97500228881836
1789729871322113000,42.01011303710938,71.4375,-27.543750762939453,-51.95625305175781
1789729871332113200,42.020113037109375,71.83125305175781,-27.900001525878906,-51.82500076293945
1789729871342113000,42.03011303710937,71.8125,-27.825000762939453,-51.993751525878906
1789729871352113200,42.04011303710938,71.94375610351562,-28.031251907348633,-52.01250076293945
1789729871362113000,42.05011303710938,71.98125457763672,-28.087501525878906,-51.95625305175781
1789729871372113200,42.060113037109375,72.01875305175781,-28.293750762939453,-52.031253814697266
1789729871382113000,42.07011303710937,71.9625015258789,-28.462501525878906,-52.20000076293945
1789729871392113200,42.08011303710938,71.8125,-28.575000762939453,-52.312503814697266
1789729871402113000,42.090113037109376,71.5875015258789,-28.575000762939453,-52.275001525878906
1789729871412113200,42.100113037109374,71.41875457763672,-28.593751907348633,-52.406253814697266
1789729871422113000,42.11011303710937,71.32500457763672,-28.70625114440918,-52.66875076293945
1789729871432113200,42.12011303710938,71.23125457763672,-28.89375114440918,-52.687503814697266
1789729871442113000,42.130113037109375,71.23125457763672,-28.912500381469727,-52.875003814697266
1789729871452113200,42.14011303710937,71.15625,-28.98750114440918,-52.85625076293945
1789729871462113000,42.15011303710938,71.15625,-28.968751907348633,-52.70625305175781
1789729871472113200,42.160113037109376,71.38125610351562,-28.837501525878906,-52.57500076293945
1789729871482113000,42.170113037109374,71.32500457763672,-28.781251907348633,-52.63125228881836
1789729871492113200,42.18011303710937,71.28750610351562,-28.743751525878906,-52.57500076293945
1789729871502113000,42.19011303710938,71.23125457763672,-28.575000762939453,-52.29375076293945
1789729871512113200,42.200113037109375,71.45625305175781,-28.443750381469727,-52.29375076293945
1789729871522113000,42.21011303710937,71.23125457763672,-28.33125114440918,-52.462501525878906
1789729871532113200,42.22011303710938,71.3062515258789,-28.256250381469727,-52.44375228881836
1789729871542113000,42.230113037109376,71.2125015258789,-28.181251525878906,-52.593753814697266
1789729871552113200,42.240113037109374,71.26875305175781,-28.387500762939453,-52.70625305175781
1789729871562113000,42.25011303710937,71.15625,-28.350000381469727,-52.931251525878906
1789729871572113200,42.26011303710938,71.0625,-28.068750381469727,-53.025001525878906
1789729871582113000,42.270113037109375,71.34375,-28.012500762939453,-53.00625228881836
1789729871592113200,42.28011303710937,71.4000015258789,-27.86250114440918,-52.95000076293945
1789729871602113000,42.29011303710938,71.64375305175781,-27.712501525878906,-52.89375305175781
1789729871612113200,42.30011303710938,71.71875,-27.637500762939453,-53.025001525878906
1789729871622113000,42.310113037109375,71.98125457763672,-27.506250381469727,-53.13750076293945
1789729871632113200,42.32011303710937,72.2437515258789,-27.281251907348633,-53.04375076293945
1789729871642113000,42.33011303710938,72.82500457763672,-27.000001907348633,-52.931251525878906
1789729871652113200,42.340113037109376,73.03125,-27.037500381469727,-53.062503814697266
1789729871662113000,42.350113037109374,73.10625457763672,-27.093751907348633,-53.23125076293945
1789729871672113200,42.36011303710937,73.3125,-26.812501907348633,-53.47500228881836
1789729871682113000,42.37011303710938,73.48125457763672,-26.73750114440918,-53.73750305175781
1789729871692113200,42.380113037109375,73.63125610351562,-26.475000381469727,-53.83125305175781
1789729871702113000,42.39011303710937,73.72500610351562,-26.156251907348633,-53.962501525878906
1789729871712113200,42.40011303710938,73.85625457763672,-25.98750114440918,-54.20625305175781
1789729871722113000,42.410113037109376,73.57500457763672,-25.89375114440918,-54.431251525878906
1789729871732113200,42.420113037109374,73.96875,-25.631250381469727,-54.35625076293945
1789729871742113000,42.43011303710937,74.10000610351562,-25.256250381469727,-54.375003814697266
1789729871752113200,42.44011303710938,74.25,-25.23750114440918,-54.375003814697266
1789729871762113000,42.450113037109375,74.4937515258789,-25.200000762939453,-54.20625305175781
1789729871772113200,42.46011303710937,74.8687515258789,-25.031251907348633,-54.30000305175781
1789729871782113000,42.47011303710938,75.07500457763672,-25.031251907348633,-54.243751525878906
1789729871792113200,42.480113037109376,74.94375610351562,-25.068750381469727,-54.375003814697266
1789729871802113000,42.490113037109374,75.20625305175781,-24.900001525878906,-54.150001525878906
1789729871812113200,42.50011303710937,75.22500610351562,-24.937501907348633,-54.16875076293945
1789729871822113000,42.51011303710938,75.2437515258789,-25.125001907348633,-54.337501525878906
1789729871832113200,42.520113037109375,74.94375610351562,-25.14375114440918,-54.60000228881836
1789729871842113000,42.53011303710937,74.98125457763672,-25.256250381469727,-54.525001525878906
1789729871852113200,42.54011303710938,74.47500610351562,-25.350000381469727,-54.562503814697266
1789729871862113000,42.55011303710938,74.2125015258789,-25.631250381469727,-54.806251525878906
1789729871872113200,42.560113037109375,74.23125457763672,-25.537500381469727,-54.900001525878906
1789729871882113000,42.57011303710937,74.0250015258789,-25.818750381469727,-55.125003814697266
1789729871892113200,42.58011303710938,73.72500610351562,-25.98750114440918,-55.14375305175781
1789729871902113000,42.590113037109376,73.51875305175781,-26.17500114440918,-54.993751525878906
1789729871912113200,42.600113037109374,73.44375610351562,-26.45625114440918,-54.95625305175781
1789729871922113000,42.61011303710937,73.06875610351562,-26.493751525878906,-55.05000305175781
1789729871932113200,42.62011303710938,73.10625457763672,-26.606250762939453,-55.16250228881836
1789729871942113000,42.630113037109375,73.1812515258789,-26.73750114440918,-54.82500076293945
1789729871952113200,42.64011303710937,73.10625457763672,-26.943750381469727,-54.618751525878906
1789729871962113000,42.65011303710938,73.0875015258789,-27.168750762939453,-54.993751525878906
1789729871972113200,42.660113037109376,73.05000305175781,-27.30000114440918,-55.125003814697266
1789729871982113000,42.670113037109374,73.06875610351562,-27.281251907348633,-55.23750305175781
1789729871992113200,42.68011303710937,73.03125,-27.281251907348633,-55.16250228881836
1789729872002113000,42.69011303710938,73.01250457763672,-27.168750762939453,-55.087501525878906
1789729872012113200,42.700113037109375,73.10625457763672,-27.281251907348633,-54.76875305175781
1789729872022113000,42.71011303710937,73.23750305175781,-27.431251525878906,-54.750003814697266
1789729872032113200,42.72011303710938,73.125,-27.618751525878906,-54.525001525878906
1789729872042113000,42.730113037109376,73.05000305175781,-27.76875114440918,-53.75625228881836
1789729872052113200,42.740113037109374,72.95625305175781,-27.787500381469727,-53.493751525878906
1789729872062113000,42.75011303710937,72.82500457763672,-27.76875114440918,-53.41875076293945
1789729872072113200,42.76011303710938,72.8062515258789,-27.58125114440918,-53.32500076293945
1789729872082113000,42.770113037109375,72.88125610351562,-27.750001907348633,-53.28750228881836
1789729872092113200,42.78011303710937,72.9375,-27.67500114440918,-53.26875305175781
1789729872102113000,42.79011303710938,72.9375,-27.225000381469727,-53.343753814697266
1789729872112113200,42.80011303710938,73.01250457763672,-27.075000762939453,-53.437503814697266
1789729872122113000,42.810113037109375,73.2750015258789,-27.056251525878906,-53.51250076293945
1789729872132113200,42.82011303710937,73.38750457763672,-27.075000762939453,-53.531253814697266
1789729872142113000,42.83011303710938,73.6500015258789,-27.093751907348633,-53.41875076293945
1789729872152113200,42.840113037109376,73.76250457763672,-27.187501907348633,-53.36250305175781
1789729872162113000,42.850113037109374,73.8375015258789,-27.20625114440918,-53.212501525878906
1789729872172113200,42.86011303710937,73.9312515258789,-27.468751907348633,-53.118751525878906
1789729872182113000,42.87011303710938,73.63125610351562,-27.76875114440918,-53.00625228881836
1789729872192113200,42.880113037109375,73.5562515258789,-27.843751907348633,-53.08125305175781
1789729872202113000,42.89011303710937,73.42500305175781,-27.656251907348633,-53.156253814697266
1789729872212113200,42.90011303710938,73.21875,-27.750001907348633,-53.23125076293945
1789729872222113000,42.910113037109376,73.06875610351562,-27.750001907348633,-53.062503814697266
1789729872232113200,42.920113037109374,72.86250305175781,-27.656251907348633,-53.025001525878906
1789729872242113000,42.93011303710937,72.9375,-27.600000381469727,-53.17500305175781
1789729872252113200,42.94011303710938,72.9937515258789,-27.468751907348633,-53.343753814697266
1789729872262113000,42.950113037109375,73.10625457763672,-27.468751907348633,-53.47500228881836
1789729872272113200,42.96011303710937,73.21875,-27.337501525878906,-53.437503814697266
1789729872282113000,42.97011303710938,73.3125,-27.262500762939453,-53.55000305175781
1789729872292113200,42.980113037109376,73.33125305175781,-27.318750381469727,-53.531253814697266
1789729872302113000,42.990113037109374,73.0875015258789,-27.543750762939453,-53.94375228881836
1789729872312113200,43.00011303710937,72.97500610351562,-27.618751525878906,-54.01875305175781
1789729872322113000,43.01011303710938,72.5250015258789,-27.806251525878906,-53.868751525878906
1789729872332113200,43.020113037109375,72.2437515258789,-27.843751907348633,-53.531253814697266
1789729872342113000,43.03011303710937,72.0562515258789,-27.881250381469727,-53.400001525878906
1789729872352113200,43.04011303710938,71.94375610351562,-28.106250762939453,-53.38125228881836
1789729872362113000,43.05011303710938,71.71875,-27.975000381469727,-53.250003814697266
1789729872372113200,43.060113037109375,71.7750015258789,-27.825000762939453,-53.47500228881836
1789729872382113000,43.07011303710937,72.16875457763672,-27.712501525878906,-53.13750076293945
1789729872392113200,43.08011303710938,72.39375305175781,-27.918750762939453,-53.118751525878906
1789729872402113000,43.090113037109376,72.65625,-27.806251525878906,-53.45625305175781
1789729872412113200,43.100113037109374,72.60000610351562,-27.618751525878906,-53.775001525878906
1789729872422113000,43.11011303710937,72.5625,-27.468751907348633,-54.03750228881836
1789729872432113200,43.12011303710938,72.45000457763672,-27.318750381469727,-54.243751525878906
1789729872442113000,43.130113037109375,72.30000305175781,-27.731250762939453,-54.375003814697266
1789729872452113200,43.14011303710937,72,-27.525001525878906,-54.22500228881836
1789729872462113000,43.15011303710938,71.71875,-27.356250762939453,-54.431251525878906
1789729872472113200,43.160113037109376,71.53125,-27.093751907348633,-54.63750076293945
1789729872482113000,43.170113037109374,71.26875305175781,-27.168750762939453,-54.63750076293945
1789729872492113200,43.18011303710937,71.3062515258789,-27.20625114440918,-54.78750228881836
1789729872502113000,43.19011303710938,71.3062515258789,-27.356250762939453,-54.562503814697266
1789729872512113200,43.200113037109375,71.28750610351562,-27.412500381469727,-54.337501525878906
1789729872522113000,43.21011303710937,71.13750457763672,-27.075000762939453,-54.525001525878906
1789729872532113200,43.22011303710938,71.19375610351562,-27.318750381469727,-54.63750076293945
1789729872542113000,43.230113037109376,71.04375457763672,-27.431251525878906,-54.900001525878906
1789729872552113200,43.240113037109374,71.0250015258789,-27.618751525878906,-54.618751525878906
1789729872562113000,43.25011303710937,71.0250015258789,-27.618751525878906,-54.48750305175781
1789729872572113200,43.26011303710938,70.6875,-27.67500114440918,-54.50625228881836
1789729872582113000,43.270113037109375,70.6875,-27.58125114440918,-54.73125076293945
1789729872592113200,43.28011303710937,70.51875305175781,-27.750001907348633,-54.993751525878906
1789729872602113000,43.29011303710938,70.44375610351562,-27.881250381469727,-54.993751525878906
1789729872612113200,43.30011303710938,70.59375,-27.693750381469727,-54.91875076293945
1789729872622113000,43.310113037109375,70.59375,-27.787500381469727,-54.69375228881836
1789729872632113200,43.32011303710937,70.61250305175781,-27.750001907348633,-55.031253814697266
1789729872642113000,43.33011303710938,70.6875,-27.900001525878906,-55.312503814697266
1789729872652113200,43.340113037109376,70.85625457763672,-28.14375114440918,-55.500003814697266
1789729872662113000,43.350113037109374,70.70625305175781,-28.218751907348633,-55.57500076293945
1789729872672113200,43.36011303710937,70.7437515258789,-28.181251525878906,-55.462501525878906
1789729872682113000,43.37011303710938,70.91250610351562,-28.162500381469727,-55.462501525878906
1789729872692113200,43.380113037109375,70.57500457763672,-28.537500381469727,-55.57500076293945
1789729872702113000,43.39011303710937,70.3125,-28.481250762939453,-55.781253814697266
1789729872712113200,43.40011303710938,70.125,-28.481250762939453,-55.81875228881836
1789729872722113000,43.410113037109376,70.03125,-28.368751525878906,-55.931251525878906
1789729872732113200,43.420113037109374,69.91875457763672,-28.218751907348633,-55.687503814697266
1789729872742113000,43.43011303710937,69.63750457763672,-28.275001525878906,-55.650001525878906
1789729872752113200,43.44011303710938,69.45000457763672,-28.125001907348633,-55.781253814697266
1789729872762113000,43.450113037109375,69.375,-28.256250381469727,-55.70625305175781
1789729872772113200,43.46011303710937,69.54375457763672,-28.031251907348633,-55.687503814697266
1789729872782113000,43.47011303710938,69.6187515258789,-28.106250762939453,-55.687503814697266
1789729872792113200,43.480113037109376,69.65625,-28.293750762939453,-55.53750228881836
1789729872802113000,43.490113037109374,69.45000457763672,-28.387500762939453,-55.33125305175781
1789729872812113200,43.50011303710937,69.4312515258789,-28.650001525878906,-55.42500305175781
1789729872822113000,43.51011303710938,69.5625,-28.70625114440918,-55.38750076293945
1789729872832113200,43.520113037109375,69.46875,-28.837501525878906,-55.48125076293945
1789729872842113000,43.53011303710937,69.375,-29.118751525878906,-55.593753814697266
1789729872852113200,43.54011303710938,69.20625305175781,-29.137500762939453,-55.76250076293945
1789729872862113000,43.55011303710938,69.11250305175781,-29.156251907348633,-55.57500076293945
1789729872872113200,43.560113037109375,68.85000610351562,-29.381250381469727,-55.500003814697266
1789729872882113000,43.57011303710937,68.64375305175781,-29.418750762939453,-55.556251525878906
1789729872892113200,43.58011303710938,68.2125015258789,-29.287500381469727,-55.53750228881836
1789729872902113000,43.590113037109376,68.10000610351562,-29.306251525878906,-55.61250305175781
1789729872912113200,43.600113037109374,68.13750457763672,-29.64375114440918,-55.57500076293945
1789729872922113000,43.61011303710937,67.98750305175781,-29.493751525878906,-55.53750228881836
1789729872932113200,43.62011303710938,68.04375457763672,-29.568750381469727,-55.462501525878906
1789729872942113000,43.630113037109375,67.96875,-29.55000114440918,-55.63125228881836
1789729872952113200,43.64011303710937,67.95000457763672,-29.418750762939453,-55.76250076293945
1789729872962113000,43.65011303710938,68.19375610351562,-29.568750381469727,-55.687503814697266
1789729872972113200,43.660113037109376,68.3062515258789,-29.606250762939453,-55.556251525878906
1789729872982113000,43.670113037109374,68.47500610351562,-29.625001907348633,-55.25625228881836
1789729872992113200,43.68011303710937,68.41875457763672,-29.212501525878906,-55.20000076293945
1789729873002113000,43.69011303710938,68.4937515258789,-29.231250762939453,-55.14375305175781
1789729873012113200,43.700113037109375,68.2125015258789,-29.231250762939453,-55.05000305175781
1789729873022113000,43.71011303710937,68.10000610351562,-29.625001907348633,-54.937503814697266
1789729873032113200,43.72011303710938,68.1187515258789,-29.606250762939453,-55.01250076293945
1789729873042113000,43.730113037109376,67.95000457763672,-29.568750381469727,-55.01250076293945
1789729873052113200,43.740113037109374,67.875,-29.775001525878906,-55.16250228881836
1789729873062113000,43.75011303710937,67.33125305175781,-29.718751907348633,-55.29375076293945
1789729873072113200,43.76011303710938,67.2750015258789,-30.262500762939453,-55.312503814697266
1789729873082113000,43.770113037109375,67.06875610351562,-30.39375114440918,-55.35000228881836
1789729873092113200,43.78011303710937,66.84375,-30.450000762939453,-55.218753814697266
1789729873102113000,43.79011303710938,66.9000015258789,-30.375001907348633,-55.20000076293945
1789729873112113200,43.80011303710938,66.82500457763672,-30.281251907348633,-55.031253814697266
1789729873122113000,43.810113037109375,66.8062515258789,-30.30000114440918,-55.181251525878906
1789729873132113200,43.82011303710937,66.60000610351562,-30.075000762939453,-55.10625076293945
1789729873142113000,43.83011303710938,66.69375610351562,-30.30000114440918,-55.10625076293945
1789729873152113200,43.840113037109376,66.63750457763672,-30.20625114440918,-55.087501525878906
1789729873162113000,43.850113037109374,66.65625,-30.412500381469727,-55.087501525878906
1789729873172113200,43.86011303710937,66.86250305175781,-30.48750114440918,-55.218753814697266
1789729873182113000,43.87011303710938,66.73125457763672,-30.39375114440918,-55.25625228881836
1789729873192113200,43.880113037109375,66.78750610351562,-30.618751525878906,-55.42500305175781
1789729873202113000,43.89011303710937,66.65625,-30.600000381469727,-55.275001525878906
1789729873212113200,43.90011303710938,66.7125015258789,-30.48750114440918,-55.29375076293945
1789729873222113000,43.910113037109376,66.6187515258789,-30.450000762939453,-55.44375228881836
1789729873232113200,43.920113037109374,66.46875,-30.281251907348633,-55.20000076293945
1789729873242113000,43.93011303710937,66.5625,-30.037500381469727,-54.937503814697266
1789729873252113200,43.94011303710938,66.5250015258789,-30.093751907348633,-54.88125228881836
1789729873262113000,43.950113037109375,66.9000015258789,-30.11250114440918,-54.91875076293945
1789729873272113200,43.96011303710937,66.95625305175781,-30.037500381469727,-54.82500076293945
1789729873282113000,43.97011303710938,67.16250610351562,-29.92500114440918,-54.82500076293945
1789729873292113200,43.980113037109376,67.7437515258789,-29.943750381469727,-54.88125228881836
1789729873302113000,43.990113037109374,68.0625,-30.037500381469727,-54.712501525878906
1789729873312113200,44.00011303710937,68.36250305175781,-30.01875114440918,-54.843753814697266
1789729873322113000,44.01011303710938,68.45625305175781,-29.756250381469727,-55.031253814697266
1789729873332113200,44.020113037109375,68.73750305175781,-29.55000114440918,-55.125003814697266
1789729873342113000,44.03011303710937,68.90625,-29.475000381469727,-55.218753814697266
1789729873352113200,44.04011303710938,69.3375015258789,-29.437501907348633,-55.20000076293945
1789729873362113000,44.05011303710938,69.5250015258789,-29.568750381469727,-55.125003814697266
1789729873372113200,44.060113037109375,69.1500015258789,-29.587501525878906,-55.10625076293945
1789729873382113000,44.07011303710937,69.3375015258789,-29.493751525878906,-55.218753814697266
1789729873392113200,44.08011303710938,69.30000305175781,-29.381250381469727,-55.29375076293945
1789729873402113000,44.090113037109376,69.31875610351562,-29.662500381469727,-55.35000228881836
1789729873412113200,44.100113037109374,69.35625457763672,-29.400001525878906,-55.48125076293945
1789729873422113000,44.11011303710937,69.3375015258789,-29.118751525878906,-55.25625228881836
1789729873432113200,44.12011303710938,69.26250457763672,-28.98750114440918,-55.16250228881836
1789729873442113000,44.130113037109375,69.46875,-28.912500381469727,-55.35000228881836
1789729873452113200,44.14011303710937,69.88125610351562,-28.912500381469727,-55.087501525878906
1789729873462113000,44.15011303710938,70.01250457763672,-28.668750762939453,-54.82500076293945
1789729873472113200,44.160113037109376,70.44375610351562,-28.51875114440918,-54.91875076293945
1789729873482113000,44.170113037109374,70.61250305175781,-28.368751525878906,-54.91875076293945
1789729873492113200,44.18011303710937,70.80000305175781,-28.350000381469727,-54.712501525878906
1789729873502113000,44.19011303710938,71.10000610351562,-28.462501525878906,-54.82500076293945
1789729873512113200,44.200113037109375,71.25,-28.23750114440918,-55.01250076293945
1789729873522113000,44.21011303710937,71.26875305175781,-27.937501907348633,-55.125003814697266
1789729873532113200,44.22011303710938,71.55000305175781,-27.806251525878906,-55.25625228881836
1789729873542113000,44.230113037109376,71.70000457763672,-27.543750762939453,-55.53750228881836
1789729873552113200,44.240113037109374,71.7750015258789,-27.20625114440918,-55.57500076293945
1789729873562113000,44.25011303710937,72.16875457763672,-26.756250381469727,-55.51875305175781
1789729873572113200,44.26011303710938,72.6187515258789,-26.681251525878906,-55.61250305175781
1789729873582113000,44.270113037109375,72.9000015258789,-26.381250381469727,-55.25625228881836
1789729873592113200,44.28011303710937,73.35000610351562,-26.381250381469727,-54.88125228881836
1789729873602113000,44.29011303710938,74.00625610351562,-26.343751907348633,-54.431251525878906
1789729873612113200,44.30011303710938,74.19375610351562,-26.212501525878906,-54.150001525878906
1789729873622113000,44.310113037109375,74.75625610351562,-26.306251525878906,-53.92500305175781
1789729873632113200,44.32011303710937,74.79375457763672,-26.606250762939453,-53.36250305175781
1789729873642113000,44.33011303710938,74.79375457763672,-26.812501907348633,-53.28750228881836
1789729873652113200,44.340113037109376,75.07500457763672,-26.868751525878906,-52.95000076293945
1789729873662113000,44.350113037109374,75.03750610351562,-26.962501525878906,-53.08125305175781
1789729873672113200,44.36011303710937,74.79375457763672,-26.681251525878906,-52.98750305175781
1789729873682113000,44.37011303710938,74.55000305175781,-26.662500381469727,-52.95000076293945
1789729873692113200,44.380113037109375,74.66250610351562,-26.55000114440918,-52.968753814697266
1789729873702113000,44.39011303710937,74.4375,-26.587501525878906,-52.89375305175781
1789729873712113200,44.40011303710938,74.36250305175781,-26.512500762939453,-53.08125305175781
1789729873722113000,44.410113037109376,74.4000015258789,-26.437501907348633,-52.968753814697266
1789729873732113200,44.420113037109374,74.15625,-26.606250762939453,-52.98750305175781
1789729873742113000,44.43011303710937,74.25,-26.850000381469727,-52.875003814697266
1789729873752113200,44.44011303710938,74.26875305175781,-27.20625114440918,-52.89375305175781
1789729873762113000,44.450113037109375,74.26875305175781,-27.243751525878906,-53.04375076293945
1789729873772113200,44.46011303710937,74.2125015258789,-27.412500381469727,-53.13750076293945
1789729873782113000,44.47011303710938,74.15625,-27.39375114440918,-53.062503814697266
1789729873792113200,44.480113037109376,74.32500457763672,-27.375001907348633,-53.025001525878906
1789729873802113000,44.490113037109374,74.25,-27.48750114440918,-52.89375305175781
1789729873812113200,44.50011303710937,74.0625,-27.543750762939453,-52.80000305175781
1789729873822113000,44.51011303710938,73.9312515258789,-27.562501907348633,-53.13750076293945
1789729873832113200,44.520113037109375,73.81875610351562,-27.48750114440918,-53.08125305175781
1789729873842113000,44.53011303710937,73.63125610351562,-27.712501525878906,-52.687503814697266
1789729873852113200,44.54011303710938,73.70625305175781,-27.731250762939453,-52.61250305175781
1789729873862113000,44.55011303710938,73.4625015258789,-27.750001907348633,-52.51875305175781
1789729873872113200,44.560113037109375,73.51875305175781,-27.95625114440918,-52.72500228881836
1789729873882113000,44.57011303710937,73.63125610351562,-27.881250381469727,-52.743751525878906
1789729873892113200,44.58011303710938,73.70625305175781,-27.750001907348633,-52.66875076293945
1789729873902113000,44.590113037109376,73.59375,-27.67500114440918,-52.181251525878906
1789729873912113200,44.600113037109374,73.7437515258789,-27.731250762939453,-52.14375305175781
1789729873922113000,44.61011303710937,73.98750305175781,-27.58125114440918,-52.23750305175781
1789729873932113200,44.62011303710938,73.7437515258789,-27.618751525878906,-52.125003814697266
1789729873942113000,44.630113037109375,73.80000305175781,-27.656251907348633,-52.23750305175781
1789729873952113200,44.64011303710937,73.66875457763672,-27.900001525878906,-52.218753814697266
1789729873962113000,44.65011303710938,73.40625,-27.843751907348633,-52.368751525878906
1789729873972113200,44.660113037109376,73.20000457763672,-27.787500381469727,-52.51875305175781
1789729873982113000,44.670113037109374,73.2750015258789,-27.787500381469727,-52.70625305175781
1789729873992113200,44.68011303710937,73.125,-27.825000762939453,-52.89375305175781
1789729874002113000,44.69011303710938,73.0875015258789,-27.900001525878906,-53.062503814697266
1789729874012113200,44.700113037109375,73.16250610351562,-27.825000762939453,-53.17500305175781
1789729874022113000,44.71011303710937,73.4625015258789,-27.881250381469727,-53.28750228881836
1789729874032113200,44.72011303710938,73.63125610351562,-27.431251525878906,-53.10000228881836
1789729874042113000,44.730113037109376,73.95000457763672,-27.506250381469727,-53.17500305175781
1789729874052113200,44.740113037109374,74.1187515258789,-27.450000762939453,-53.13750076293945
1789729874062113000,44.75011303710937,74.13750457763672,-26.981250762939453,-53.28750228881836
1789729874072113200,44.76011303710938,74.19375610351562,-26.887500762939453,-53.28750228881836
1789729874082113000,44.770113037109375,74.00625610351562,-26.812501907348633,-53.28750228881836
1789729874092113200,44.78011303710937,73.9312515258789,-26.793750762939453,-53.625003814697266
1789729874102113000,44.79011303710938,74.0625,-26.36250114440918,-53.812503814697266
1789729874112113200,44.80011303710938,74.2125015258789,-26.156251907348633,-53.98125076293945
1789729874122113000,44.810113037109375,74.0250015258789,-26.156251907348633,-54.01875305175781
1789729874132113200,44.82011303710937,74.2125015258789,-26.025001525878906,-54.281253814697266
1789729874142113000,44.83011303710938,74.2125015258789,-26.156251907348633,-54.31875228881836
1789729874152113200,44.840113037109376,74.1187515258789,-25.931251525878906,-54.58125305175781
1789729874162113000,44.850113037109374,74.0250015258789,-25.668750762939453,-55.031253814697266
1789729874172113200,44.86011303710937,74.00625610351562,-25.368751525878906,-55.10625076293945
1789729874182113000,44.87011303710938,73.44375610351562,-25.593751907348633,-55.42500305175781
1789729874192113200,44.880113037109375,73.10625457763672,-25.687501907348633,-55.743751525878906
1789729874202113000,44.89011303710937,72.86250305175781,-25.687501907348633,-56.13750076293945
1789729874212113200,44.90011303710938,72.30000305175781,-25.650001525878906,-56.38125228881836
1789729874222113000,44.910113037109376,71.88750457763672,-25.650001525878906,-56.56875228881836
1789729874232113200,44.920113037109374,71.625,-25.631250381469727,-56.94375228881836
1789729874242113000,44.93011303710937,71.38125610351562,-25.70625114440918,-56.75625228881836
1789729874252113200,44.94011303710938,70.85625457763672,-25.98750114440918,-56.868751525878906
1789729874262113000,44.950113037109375,70.61250305175781,-26.08125114440918,-56.70000076293945
1789729874272113200,44.96011303710937,70.21875,-26.193750381469727,-57.000003814697266
1789729874282113000,44.97011303710938,69.7125015258789,-26.062501907348633,-56.79375076293945
1789729874292113200,44.980113037109376,69.3375015258789,-26.250001907348633,-56.962501525878906
1789729874302113000,44.990113037109374,69.16875457763672,-26.287500381469727,-57.375003814697266
1789729874312113200,45.00011303710937,69.0562515258789,-26.381250381469727,-57.281253814697266
1789729874322113000,45.01011303710938,68.5875015258789,-26.475000381469727,-57.50625228881836
1789729874332113200,45.020113037109375,68.56875610351562,-26.437501907348633,-57.712501525878906
1789729874342113000,45.03011303710937,68.51250457763672,-26.512500762939453,-58.06875228881836
1789729874352113200,45.04011303710938,68.60625457763672,-26.512500762939453,-58.14375305175781
1789729874362113000,45.05011303710938,68.83125305175781,-26.475000381469727,-58.406253814697266
1789729874372113200,45.060113037109375,68.9625015258789,-26.45625114440918,-58.500003814697266
1789729874382113000,45.07011303710937,69.20625305175781,-26.437501907348633,-58.10625076293945
1789729874392113200,45.08011303710938,68.9625015258789,-26.193750381469727,-58.218753814697266
1789729874402113000,45.090113037109376,69.3375015258789,-26.437501907348633,-58.10625076293945
1789729874412113200,45.100113037109374,69.31875610351562,-26.400001525878906,-57.95625305175781
1789729874422113000,45.11011303710937,69.1875,-26.36250114440918,-57.78750228881836
1789729874432113200,45.12011303710938,68.88750457763672,-26.418750762939453,-57.48750305175781
1789729874442113000,45.130113037109375,69.03750610351562,-26.662500381469727,-57.20625305175781
1789729874452113200,45.14011303710937,68.85000610351562,-26.606250762939453,-57.13125228881836
1789729874462113000,45.15011303710938,68.71875,-26.906251907348633,-57.243751525878906
1789729874472113200,45.160113037109376,68.60625457763672,-27.168750762939453,-57.30000305175781
1789729874482113000,45.170113037109374,68.41875457763672,-27.037500381469727,-57.22500228881836
1789729874492113200,45.18011303710937,68.4375,-27.075000762939453,-57.07500076293945
1789729874502113000,45.19011303710938,68.4000015258789,-27.20625114440918,-56.775001525878906
1789729874512113200,45.200113037109375,68.55000305175781,-27.318750381469727,-56.437503814697266
1789729874522113000,45.21011303710937,68.3062515258789,-27.243751525878906,-56.28750228881836
1789729874532113200,45.22011303710938,68.47500610351562,-27.168750762939453,-56.17500305175781
1789729874542113000,45.230113037109376,68.32500457763672,-26.981250762939453,-55.968753814697266
1789729874552113200,45.240113037109374,68.4000015258789,-27.056251525878906,-55.462501525878906
1789729874562113000,45.25011303710937,68.3062515258789,-27.075000762939453,-55.275001525878906
1789729874572113200,45.26011303710938,68.19375610351562,-27.056251525878906,-55.087501525878906
1789729874582113000,45.270113037109375,68.32500457763672,-26.868751525878906,-54.82500076293945
1789729874592113200,45.28011303710937,68.41875457763672,-26.775001525878906,-54.78750228881836
1789729874602113000,45.29011303710938,68.47500610351562,-26.775001525878906,-54.937503814697266
1789729874612113200,45.30011303710938,68.71875,-27.075000762939453,-54.562503814697266
1789729874622113000,45.310113037109375,68.90625,-27.281251907348633,-54.41250228881836
1789729874632113200,45.32011303710937,68.8125,-27.431251525878906,-54.337501525878906
1789729874642113000,45.33011303710938,68.88750457763672,-27.67500114440918,-54.150001525878906
1789729874652113200,45.340113037109376,69.07500457763672,-27.843751907348633,-53.98125076293945
1789729874662113000,45.350113037109374,69.0562515258789,-28.012500762939453,-54.01875305175781
1789729874672113200,45.36011303710937,68.94375610351562,-28.200000762939453,-54.03750228881836
1789729874682113000,45.37011303710938,69.09375,-28.61250114440918,-53.681251525878906
1789729874692113200,45.380113037109375,69.1875,-28.61250114440918,-53.75625228881836
1789729874702113000,45.39011303710937,69.22500610351562,-28.856250762939453,-53.437503814697266
1789729874712113200,45.40011303710938,69.63750457763672,-28.98750114440918,-53.23125076293945
1789729874722113000,45.410113037109376,69.86250305175781,-28.687501907348633,-53.41875076293945
1789729874732113200,45.420113037109374,69.75,-28.856250762939453,-53.212501525878906
1789729874742113000,45.43011303710937,69.9375,-29.100000381469727,-53.118751525878906
1789729874752113200,45.44011303710938,70.03125,-29.212501525878906,-52.81875228881836
1789729874762113000,45.450113037109375,69.95625305175781,-29.231250762939453,-52.931251525878906
1789729874772113200,45.46011303710937,69.84375,-29.325000762939453,-52.61250305175781
1789729874782113000,45.47011303710938,69.82500457763672,-28.856250762939453,-52.968753814697266
1789729874792113200,45.480113037109376,69.76875305175781,-28.89375114440918,-53.156253814697266
1789729874802113000,45.490113037109374,69.82500457763672,-29.025001525878906,-52.66875076293945
1789729874812113200,45.50011303710937,70.3125,-28.818750381469727,-52.89375305175781
1789729874822113000,45.51011303710938,70.3687515258789,-28.481250762939453,-52.743751525878906
1789729874832113200,45.520113037109375,70.59375,-28.312501907348633,-52.80000305175781
1789729874842113000,45.53011303710937,70.7437515258789,-27.900001525878906,-52.593753814697266
1789729874852113200,45.54011303710938,70.89375305175781,-27.806251525878906,-53.13750076293945
1789729874862113000,45.55011303710938,70.95000457763672,-28.031251907348633,-53.062503814697266
1789729874872113200,45.560113037109375,71.19375610351562,-27.86250114440918,-53.062503814697266
1789729874882113000,45.57011303710937,71.25,-27.806251525878906,-53.19375228881836
1789729874892113200,45.58011303710938,70.98750305175781,-27.731250762939453,-53.51250076293945
1789729874902113000,45.590113037109376,70.89375305175781,-27.67500114440918,-53.73750305175781
1789729874912113200,45.600113037109374,70.85625457763672,-27.731250762939453,-53.812503814697266
1789729874922113000,45.61011303710937,71.13750457763672,-27.806251525878906,-53.92500305175781
1789729874932113200,45.62011303710938,70.91250610351562,-27.86250114440918,-53.60625076293945
1789729874942113000,45.630113037109375,71.0250015258789,-27.731250762939453,-53.60625076293945
1789729874952113200,45.64011303710937,70.95000457763672,-27.750001907348633,-53.45625305175781
1789729874962113000,45.65011303710938,71.0250015258789,-27.937501907348633,-53.962501525878906
1789729874972113200,45.660113037109376,71.10000610351562,-28.125001907348633,-53.64375305175781
1789729874982113000,45.670113037109374,71.38125610351562,-28.200000762939453,-53.64375305175781
1789729874992113200,45.68011303710937,71.47500610351562,-28.031251907348633,-53.681251525878906
1789729875002113000,45.69011303710938,71.51250457763672,-28.012500762939453,-53.94375228881836
1789729875012113200,45.700113037109375,71.70000457763672,-27.656251907348633,-54.03750228881836
1789729875022113000,45.71011303710937,71.8125,-27.318750381469727,-54.22500228881836
1789729875032113200,45.72011303710938,72.28125,-27.225000381469727,-54.243751525878906
1789729875042113000,45.730113037109376,72.60000610351562,-27.000001907348633,-54.13125228881836
1789729875052113200,45.740113037109374,72.97500610351562,-26.587501525878906,-54.337501525878906
1789729875062113000,45.75011303710937,73.125,-26.36250114440918,-54.618751525878906
1789729875072113200,45.76011303710938,73.63125610351562,-26.437501907348633,-54.750003814697266
1789729875082113000,45.770113037109375,73.9312515258789,-26.212501525878906,-54.806251525878906
1789729875092113200,45.78011303710937,74.26875305175781,-26.100000381469727,-54.82500076293945
1789729875102113000,45.79011303710938,74.45625305175781,-26.118751525878906,-54.618751525878906
1789729875112113200,45.80011303710938,74.32500457763672,-26.118751525878906,-54.76875305175781
1789729875122113000,45.810113037109375,74.10000610351562,-25.80000114440918,-54.806251525878906
1789729875132113200,45.82011303710937,74.10000610351562,-25.762500762939453,-54.76875305175781
1789729875142113000,45.83011303710938,74.23125457763672,-25.875001907348633,-54.69375228881836
1789729875152113200,45.840113037109376,74.00625610351562,-25.743751525878906,-54.54375076293945
1789729875162113000,45.850113037109374,73.96875,-26.193750381469727,-54.243751525878906
1789729875172113200,45.86011303710937,73.875,-26.45625114440918,-54.31875228881836
1789729875182113000,45.87011303710938,73.8375015258789,-26.775001525878906,-54.39375305175781
1789729875192113200,45.880113037109375,73.85625457763672,-26.662500381469727,-54.48750305175781
1789729875202113000,45.89011303710937,73.875,-27.168750762939453,-54.39375305175781
1789729875212113200,45.90011303710938,73.70625305175781,-27.39375114440918,-54.281253814697266
1789729875222113000,45.910113037109376,73.20000457763672,-27.562501907348633,-54.13125228881836
1789729875232113200,45.920113037109374,73.0875015258789,-27.600000381469727,-54.093753814697266
1789729875242113000,45.93011303710937,72.86250305175781,-27.39375114440918,-53.94375228881836
1789729875252113200,45.94011303710938,72.7125015258789,-27.562501907348633,-53.75625228881836
1789729875262113000,45.950113037109375,72.6187515258789,-27.543750762939453,-53.45625305175781
1789729875272113200,45.96011303710937,72.45000457763672,-27.787500381469727,-53.343753814697266
1789729875282113000,45.97011303710938,72.41250610351562,-27.543750762939453,-53.343753814697266
1789729875292113200,45.980113037109376,72.41250610351562,-27.656251907348633,-53.60625076293945
1789729875302113000,45.990113037109374,72.73125457763672,-27.543750762939453,-53.70000076293945
1789729875312113200,46.00011303710937,72.91875457763672,-27.656251907348633,-53.88750076293945
1789729875322113000,46.01011303710938,72.9937515258789,-27.525001525878906,-53.98125076293945
1789729875332113200,46.020113037109375,73.01250457763672,-27.506250381469727,-53.962501525878906
1789729875342113000,46.03011303710937,73.01250457763672,-27.693750381469727,-54.093753814697266
1789729875352113200,46.04011303710938,73.03125,-27.375001907348633,-54.03750228881836
1789729875362113000,46.05011303710938,72.9375,-27.58125114440918,-53.962501525878906
1789729875372113200,46.060113037109375,73.14375305175781,-27.67500114440918,-53.868751525878906
1789729875382113000,46.07011303710937,73.0875015258789,-27.843751907348633,-53.98125076293945
1789729875392113200,46.08011303710938,72.97500610351562,-27.76875114440918,-53.962501525878906
1789729875402113000,46.090113037109376,72.82500457763672,-27.881250381469727,-54.11250305175781
1789729875412113200,46.100113037109374,72.78750610351562,-27.918750762939453,-54.056251525878906
1789729875422113000,46.11011303710937,72.82500457763672,-27.693750381469727,-54.20625305175781
1789729875432113200,46.12011303710938,73.01250457763672,-27.731250762939453,-54.07500076293945
1789729875442113000,46.130113037109375,73.16250610351562,-27.806251525878906,-53.98125076293945
1789729875452113200,46.14011303710937,73.10625457763672,-27.843751907348633,-53.88750076293945
1789729875462113000,46.15011303710938,73.40625,-27.67500114440918,-53.64375305175781
1789729875472113200,46.160113037109376,73.40625,-27.881250381469727,-53.38125228881836
1789729875482113000,46.170113037109374,73.23750305175781,-27.86250114440918,-53.19375228881836
1789729875492113200,46.18011303710937,73.20000457763672,-27.843751907348633,-53.17500305175781
1789729875502113000,46.19011303710938,73.03125,-28.125001907348633,-53.23125076293945
1789729875512113200,46.200113037109375,72.75,-28.443750381469727,-53.531253814697266
1789729875522113000,46.21011303710937,72.6187515258789,-28.500001907348633,-53.625003814697266
1789729875532113200,46.22011303710938,72.5250015258789,-28.481250762939453,-53.56875228881836
1789729875542113000,46.230113037109376,72.375,-28.743751525878906,-53.66250228881836
1789729875552113200,46.240113037109374,72.22500610351562,-28.743751525878906,-54.093753814697266
1789729875562113000,46.25011303710937,72.50625610351562,-29.062501907348633,-54.150001525878906
1789729875572113200,46.26011303710938,72.46875,-29.006250381469727,-54.26250076293945
1789729875582113000,46.270113037109375,72.46875,-29.006250381469727,-53.98125076293945
1789729875592113200,46.28011303710937,72.6187515258789,-28.875001907348633,-53.79375076293945
1789729875602113000,46.29011303710938,72.54375457763672,-28.725000381469727,-53.868751525878906
1789729875612113200,46.30011303710938,72.4312515258789,-28.51875114440918,-54.11250305175781
1789729875622113000,46.310113037109375,72.1875,-28.23750114440918,-54.093753814697266
1789729875632113200,46.32011303710937,72.20625305175781,-28.218751907348633,-53.75625228881836
1789729875642113000,46.33011303710938,72.16875457763672,-27.881250381469727,-53.775001525878906
1789729875652113200,46.340113037109376,72.22500610351562,-27.95625114440918,-53.83125305175781
1789729875662113000,46.350113037109374,72.28125,-27.806251525878906,-54.056251525878906
1789729875672113200,46.36011303710937,72.1875,-27.993751525878906,-54.243751525878906
1789729875682113000,46.37011303710938,72.45000457763672,-27.76875114440918,-54.243751525878906
1789729875692113200,46.380113037109375,72.35625457763672,-27.806251525878906,-53.868751525878906
1789729875702113000,46.39011303710937,72.35625457763672,-28.068750381469727,-53.962501525878906
1789729875712113200,46.40011303710938,72.41250610351562,-27.937501907348633,-54.22500228881836
1789729875722113000,46.410113037109376,72.375,-28.031251907348633,-54.281253814697266
1789729875732113200,46.420113037109374,72.31875610351562,-28.162500381469727,-54.431251525878906
1789729875742113000,46.43011303710937,72.26250457763672,-28.162500381469727,-54.525001525878906
1789729875752113200,46.44011303710938,72.22500610351562,-27.918750762939453,-54.48750305175781
1789729875762113000,46.450113037109375,71.9625015258789,-27.993751525878906,-54.468753814697266
1789729875772113200,46.46011303710937,71.90625,-27.993751525878906,-54.750003814697266
1789729875782113000,46.47011303710938,72.03750610351562,-27.693750381469727,-54.712501525878906
1789729875792113200,46.480113037109376,71.9625015258789,-27.86250114440918,-54.937503814697266
1789729875802113000,46.490113037109374,72.0562515258789,-27.67500114440918,-54.993751525878906
1789729875812113200,46.50011303710937,72.0562515258789,-27.525001525878906,-55.05000305175781
1789729875822113000,46.51011303710938,72.30000305175781,-27.356250762939453,-54.82500076293945
1789729875832113200,46.520113037109375,72.45000457763672,-27.131250381469727,-54.97500228881836
1789729875842113000,46.53011303710937,72.84375,-27.000001907348633,-54.76875305175781
1789729875852113200,46.54011303710938,73.06875610351562,-26.981250762939453,-54.993751525878906
1789729875862113000,46.55011303710938,73.2750015258789,-26.83125114440918,-55.087501525878906
1789729875872113200,46.560113037109375,73.29375457763672,-26.45625114440918,-54.900001525878906
1789729875882113000,46.57011303710937,73.1812515258789,-26.343751907348633,-55.20000076293945
1789729875892113200,46.58011303710938,73.33125305175781,-26.08125114440918,-55.20000076293945
1789729875902113000,46.590113037109376,73.3125,-25.837501525878906,-55.275001525878906
1789729875912113200,46.600113037109374,73.2750015258789,-26.212501525878906,-55.23750305175781
1789729875922113000,46.61011303710937,72.95625305175781,-26.193750381469727,-55.61250305175781
1789729875932113200,46.62011303710938,73.01250457763672,-25.912500381469727,-55.42500305175781
1789729875942113000,46.630113037109375,72.67500305175781,-25.762500762939453,-55.593753814697266
1789729875952113200,46.64011303710937,72.9000015258789,-25.687501907348633,-55.556251525878906
1789729875962113000,46.65011303710938,73.0875015258789,-25.70625114440918,-55.57500076293945
1789729875972113200,46.660113037109376,73.10625457763672,-25.650001525878906,-55.61250305175781
1789729875982113000,46.670113037109374,72.97500610351562,-25.743751525878906,-55.76250076293945
1789729875992113200,46.68011303710937,73.01250457763672,-25.181251525878906,-55.63125228881836
1789729876002113000,46.69011303710938,73.23750305175781,-25.14375114440918,-55.556251525878906
1789729876012113200,46.700113037109375,73.06875610351562,-25.23750114440918,-55.556251525878906
1789729876022113000,46.71011303710937,73.33125305175781,-25.481250762939453,-55.593753814697266
1789729876032113200,46.72011303710938,73.06875610351562,-25.650001525878906,-55.85625076293945
1789729876042113000,46.730113037109376,72.91875457763672,-25.725000381469727,-55.837501525878906
1789729876052113200,46.740113037109374,72.91875457763672,-25.931251525878906,-55.76250076293945
1789729876062113000,46.75011303710937,72.97500610351562,-26.137500762939453,-55.743751525878906
1789729876072113200,46.76011303710938,72.65625,-26.475000381469727,-55.875003814697266
1789729876082113000,46.770113037109375,72.50625610351562,-26.587501525878906,-55.837501525878906
1789729876092113200,46.78011303710937,72.3375015258789,-26.512500762939453,-56.025001525878906
1789729876102113000,46.79011303710938,72.1500015258789,-26.400001525878906,-55.91250228881836
1789729876112113200,46.80011303710938,72.01875305175781,-26.26875114440918,-55.593753814697266
1789729876122113000,46.810113037109375,71.8125,-26.212501525878906,-55.63125228881836
1789729876132113200,46.82011303710937,71.70000457763672,-26.137500762939453,-55.61250305175781
1789729876142113000,46.83011303710938,71.32500457763672,-25.80000114440918,-55.63125228881836
1789729876152113200,46.840113037109376,71.47500610351562,-25.556251525878906,-55.743751525878906
1789729876162113000,46.850113037109374,71.15625,-25.387500762939453,-56.062503814697266
1789729876172113200,46.86011303710937,71.34375,-25.575000762939453,-55.91250228881836
1789729876182113000,46.87011303710938,71.23125457763672,-25.762500762939453,-55.91250228881836
1789729876192113200,46.880113037109375,71.15625,-25.762500762939453,-56.025001525878906
1789729876202113000,46.89011303710937,71.17500305175781,-26.062501907348633,-55.81875228881836
1789729876212113200,46.90011303710938,71.17500305175781,-26.287500381469727,-56.10000228881836
1789729876222113000,46.910113037109376,71.32500457763672,-26.587501525878906,-56.32500076293945
1789729876232113200,46.920113037109374,71.17500305175781,-26.55000114440918,-56.250003814697266
1789729876242113000,46.93011303710937,71.15625,-26.793750762939453,-56.28750228881836
1789729876252113200,46.94011303710938,71.15625,-26.681251525878906,-56.400001525878906
1789729876262113000,46.950113037109375,71.4375,-26.906251907348633,-56.41875076293945
1789729876272113200,46.96011303710937,71.6812515258789,-27.412500381469727,-56.56875228881836
1789729876282113000,46.97011303710938,71.73750305175781,-27.168750762939453,-56.681251525878906
1789729876292113200,46.980113037109376,71.90625,-26.981250762939453,-56.51250076293945
1789729876302113000,46.990113037109374,71.9625015258789,-26.850000381469727,-56.17500305175781
1789729876312113200,47.00011303710937,72.1500015258789,-27.037500381469727,-56.26875305175781
1789729876322113000,47.01011303710938,72.39375305175781,-26.700000762939453,-56.062503814697266
1789729876332113200,47.020113037109375,72.375,-26.756250381469727,-56.17500305175781
1789729876342113000,47.03011303710937,72.26250457763672,-26.475000381469727,-56.32500076293945
1789729876352113200,47.04011303710938,72.09375,-25.856250762939453,-56.306251525878906
1789729876362113000,47.05011303710938,72.13125610351562,-25.687501907348633,-56.28750228881836
1789729876372113200,47.060113037109375,71.9625015258789,-25.51875114440918,-56.343753814697266
1789729876382113000,47.07011303710937,71.9625015258789,-25.762500762939453,-56.36250305175781
1789729876392113200,47.08011303710938,72.13125610351562,-25.80000114440918,-56.250003814697266
1789729876402113000,47.090113037109376,72.28125,-26.118751525878906,-56.28750228881836
1789729876412113200,47.100113037109374,72.39375305175781,-25.950000762939453,-56.212501525878906
1789729876422113000,47.11011303710937,72.4312515258789,-25.931251525878906,-56.156253814697266
1789729876432113200,47.12011303710938,72.76875305175781,-26.137500762939453,-56.28750228881836
1789729876442113000,47.130113037109375,72.91875457763672,-26.231250762939453,-56.062503814697266
1789729876452113200,47.14011303710937,72.91875457763672,-26.36250114440918,-55.85625076293945
1789729876462113000,47.15011303710938,73.16250610351562,-26.08125114440918,-56.025001525878906
1789729876472113200,47.160113037109376,73.06875610351562,-26.250001907348633,-56.025001525878906
1789729876482113000,47.170113037109374,73.125,-26.100000381469727,-55.968753814697266
1789729876492113200,47.18011303710937,73.06875610351562,-26.156251907348633,-55.743751525878906
1789729876502113000,47.19011303710938,73.03125,-26.17500114440918,-55.743751525878906
1789729876512113200,47.200113037109375,73.0875015258789,-26.325000762939453,-55.38750076293945
1789729876522113000,47.21011303710937,73.05000305175781,-26.475000381469727,-55.181251525878906
1789729876532113200,47.22011303710938,73.16250610351562,-26.325000762939453,-55.125003814697266
1789729876542113000,47.230113037109376,73.05000305175781,-26.493751525878906,-54.993751525878906
1789729876552113200,47.240113037109374,72.9937515258789,-26.475000381469727,-55.06875228881836
1789729876562113000,47.25011303710937,73.0875015258789,-26.681251525878906,-55.05000305175781
1789729876572113200,47.26011303710938,73.44375610351562,-26.868751525878906,-54.900001525878906
1789729876582113000,47.270113037109375,73.66875457763672,-26.943750381469727,-54.562503814697266
1789729876592113200,47.28011303710937,73.44375610351562,-26.906251907348633,-54.76875305175781
1789729876602113000,47.29011303710938,73.42500305175781,-26.718751907348633,-55.087501525878906
1789729876612113200,47.30011303710938,73.4625015258789,-27.01875114440918,-55.275001525878906
1789729876622113000,47.310113037109375,73.51875305175781,-26.943750381469727,-55.218753814697266
1789729876632113200,47.32011303710937,73.66875457763672,-26.850000381469727,-55.16250228881836
1789729876642113000,47.33011303710938,73.4625015258789,-26.775001525878906,-55.275001525878906
1789729876652113200,47.340113037109376,73.25625610351562,-26.568750381469727,-55.42500305175781
1789729876662113000,47.350113037109374,73.20000457763672,-26.45625114440918,-55.556251525878906
1789729876672113200,47.36011303710937,73.33125305175781,-26.418750762939453,-55.500003814697266
1789729876682113000,47.37011303710938,73.51875305175781,-26.381250381469727,-55.33125305175781
1789729876692113200,47.380113037109375,73.51875305175781,-26.137500762939453,-55.35000228881836
1789729876702113000,47.39011303710937,73.53750610351562,-26.306251525878906,-55.593753814697266
1789729876712113200,47.40011303710938,73.66875457763672,-26.17500114440918,-55.76250076293945
1789729876722113000,47.410113037109376,73.81875610351562,-26.062501907348633,-55.743751525878906
1789729876732113200,47.420113037109374,73.72500610351562,-26.381250381469727,-56.025001525878906
1789729876742113000,47.43011303710937,73.63125610351562,-25.98750114440918,-56.025001525878906
1789729876752113200,47.44011303710938,74.08125305175781,-25.912500381469727,-55.98750305175781
1789729876762113000,47.450113037109375,74.4000015258789,-25.968751907348633,-56.08125305175781
1789729876772113200,47.46011303710937,74.60625457763672,-25.968751907348633,-56.212501525878906
1789729876782113000,47.47011303710938,75.03750610351562,-25.668750762939453,-56.212501525878906
1789729876792113200,47.480113037109376,75.03750610351562,-25.80000114440918,-56.212501525878906
1789729876802113000,47.490113037109374,75.26250457763672,-25.818750381469727,-56.23125076293945
1789729876812113200,47.50011303710937,75.63750457763672,-25.481250762939453,-56.062503814697266
1789729876822113000,47.51011303710938,75.65625,-25.687501907348633,-56.04375076293945
1789729876832113200,47.520113037109375,75.20625305175781,-25.70625114440918,-56.343753814697266
1789729876842113000,47.53011303710937,74.85000610351562,-25.668750762939453,-56.66250228881836
1789729876852113200,47.54011303710938,74.79375457763672,-25.668750762939453,-56.55000305175781
1789729876862113000,47.55011303710938,74.32500457763672,-25.650001525878906,-56.60625076293945
1789729876872113200,47.560113037109375,74.0250015258789,-25.481250762939453,-56.66250228881836
1789729876882113000,47.57011303710937,74.13750457763672,-25.575000762939453,-56.625003814697266
1789729876892113200,47.58011303710938,73.96875,-25.387500762939453,-56.88750076293945
1789729876902113000,47.590113037109376,74.2125015258789,-25.593751907348633,-57.07500076293945
1789729876912113200,47.600113037109374,74.4375,-25.61250114440918,-57.20625305175781
1789729876922113000,47.61011303710937,74.32500457763672,-25.575000762939453,-57.13125228881836
1789729876932113200,47.62011303710938,74.45625305175781,-25.593751907348633,-57.39375305175781
1789729876942113000,47.630113037109375,74.36250305175781,-25.575000762939453,-57.45000076293945
1789729876952113200,47.64011303710937,74.8125,-25.593751907348633,-57.656253814697266
1789729876962113000,47.65011303710938,74.5875015258789,-25.51875114440918,-57.750003814697266
1789729876972113200,47.660113037109376,74.45625305175781,-25.762500762939453,-57.60000228881836
1789729876982113000,47.670113037109374,74.36250305175781,-25.593751907348633,-57.806251525878906
1789729876992113200,47.68011303710937,74.13750457763672,-25.537500381469727,-57.73125076293945
1789729877002113000,47.69011303710938,73.95000457763672,-25.70625114440918,-58.16250228881836
1789729877012113200,47.700113037109375,73.51875305175781,-25.575000762939453,-58.218753814697266
1789729877022113000,47.71011303710937,73.3687515258789,-25.668750762939453,-58.125003814697266
1789729877032113200,47.72011303710938,72.97500610351562,-25.668750762939453,-58.23750305175781
1789729877042113000,47.730113037109376,72.88125610351562,-25.575000762939453,-58.51875305175781
1789729877052113200,47.740113037109374,72.8062515258789,-25.462501525878906,-58.66875076293945
1789729877062113000,47.75011303710937,72.69375610351562,-25.556251525878906,-58.66875076293945
1789729877072113200,47.76011303710938,72.50625610351562,-25.443750381469727,-59.025001525878906
1789729877082113000,47.770113037109375,72.67500305175781,-25.368751525878906,-58.76250076293945
1789729877092113200,47.78011303710937,72.88125610351562,-25.443750381469727,-58.837501525878906
1789729877102113000,47.79011303710938,73.10625457763672,-25.462501525878906,-59.062503814697266
1789729877112113200,47.80011303710938,73.14375305175781,-25.350000381469727,-59.17500305175781
1789729877122113000,47.810113037109375,73.29375457763672,-25.70625114440918,-59.17500305175781
1789729877132113200,47.82011303710937,73.29375457763672,-25.762500762939453,-59.23125076293945
1789729877142113000,47.83011303710938,73.2750015258789,-25.912500381469727,-59.56875228881836
1789729877152113200,47.840113037109376,73.21875,-25.98750114440918,-59.531253814697266
1789729877162113000,47.850113037109374,73.1812515258789,-25.950000762939453,-59.83125305175781
1789729877172113200,47.86011303710937,73.1812515258789,-25.912500381469727,-59.79375076293945
1789729877182113000,47.87011303710938,72.88125610351562,-25.856250762939453,-59.92500305175781
1789729877192113200,47.880113037109375,72.8062515258789,-26.08125114440918,-59.625003814697266
1789729877202113000,47.89011303710937,72.6187515258789,-25.743751525878906,-59.718753814697266
1789729877212113200,47.90011303710938,72.50625610351562,-25.931251525878906,-59.60625076293945
1789729877222113000,47.910113037109376,72.45000457763672,-25.818750381469727,-59.493751525878906
1789729877232113200,47.920113037109374,72.78750610351562,-25.781251907348633,-59.45625305175781
1789729877242113000,47.93011303710937,72.9000015258789,-25.687501907348633,-59.26875305175781
1789729877252113200,47.94011303710938,72.88125610351562,-25.743751525878906,-59.19375228881836
1789729877262113000,47.950113037109375,73.1812515258789,-25.912500381469727,-59.28750228881836
1789729877272113200,47.96011303710937,73.29375457763672,-25.931251525878906,-59.306251525878906
1789729877282113000,47.97011303710938,73.33125305175781,-26.212501525878906,-59.08125305175781
1789729877292113200,47.980113037109376,73.3687515258789,-25.89375114440918,-59.118751525878906
1789729877302113000,47.990113037109374,73.3125,-25.89375114440918,-58.80000305175781
1789729877312113200,48.00011303710937,73.10625457763672,-26.156251907348633,-58.53750228881836
1789729877322113000,48.01011303710938,73.01250457763672,-26.568750381469727,-58.312503814697266
1789729877332113200,48.020113037109375,72.97500610351562,-26.775001525878906,-58.33125305175781
1789729877342113000,48.03011303710937,72.75,-26.718751907348633,-58.05000305175781
1789729877352113200,48.04011303710938,72.67500305175781,-26.943750381469727,-58.406253814697266
1789729877362113000,48.05011303710938,72.4312515258789,-26.962501525878906,-58.35000228881836
1789729877372113200,48.060113037109375,72.4312515258789,-27.281251907348633,-58.406253814697266
1789729877382113000,48.07011303710937,72.39375305175781,-27.450000762939453,-58.593753814697266
1789729877392113200,48.08011303710938,72.30000305175781,-27.356250762939453,-58.72500228881836
1789729877402113000,48.090113037109376,72,-27.20625114440918,-59.08125305175781
1789729877412113200,48.100113037109374,71.92500305175781,-27.187501907348633,-58.91250228881836
1789729877422113000,48.11011303710937,72.03750610351562,-27.412500381469727,-58.931251525878906
1789729877432113200,48.12011303710938,72.01875305175781,-27.48750114440918,-58.63125228881836
1789729877442113000,48.130113037109375,72.11250305175781,-27.450000762939453,-58.66875076293945
1789729877452113200,48.14011303710937,72,-27.600000381469727,-58.70625305175781
1789729877462113000,48.15011303710938,71.9625015258789,-27.525001525878906,-58.81875228881836
1789729877472113200,48.160113037109376,71.66250610351562,-27.58125114440918,-58.931251525878906
1789729877482113000,48.170113037109374,71.56875610351562,-27.86250114440918,-58.80000305175781
1789729877492113200,48.18011303710937,71.26875305175781,-28.106250762939453,-59.19375228881836
1789729877502113000,48.19011303710938,71.0250015258789,-28.218751907348633,-59.343753814697266
1789729877512113200,48.200113037109375,70.875,-28.256250381469727,-59.41875076293945
1789729877522113000,48.21011303710937,70.48125457763672,-28.368751525878906,-59.55000305175781
1789729877532113200,48.22011303710938,70.25625610351562,-28.368751525878906,-59.55000305175781
1789729877542113000,48.230113037109376,69.95625305175781,-28.593751907348633,-59.55000305175781
1789729877552113200,48.240113037109374,70.06875610351562,-28.687501907348633,-59.493751525878906
1789729877562113000,48.25011303710937,70.125,-28.481250762939453,-59.45625305175781
1789729877572113200,48.26011303710938,70.3687515258789,-28.368751525878906,-59.437503814697266
1789729877582113000,48.270113037109375,70.51875305175781,-28.218751907348633,-59.32500076293945
1789729877592113200,48.28011303710937,70.48125457763672,-27.95625114440918,-59.47500228881836
1789729877602113000,48.29011303710938,70.81875610351562,-27.881250381469727,-59.51250076293945
1789729877612113200,48.30011303710938,70.96875,-27.637500762939453,-59.75625228881836
1789729877622113000,48.310113037109375,71.34375,-27.39375114440918,-59.85000228881836
1789729877632113200,48.32011303710937,71.41875457763672,-27.281251907348633,-59.83125305175781
1789729877642113000,48.33011303710938,71.55000305175781,-27.225000381469727,-60.01875305175781
1789729877652113200,48.340113037109376,71.6812515258789,-27.11250114440918,-59.94375228881836
1789729877662113000,48.350113037109374,71.66250610351562,-26.981250762939453,-60.22500228881836
1789729877672113200,48.36011303710937,71.55000305175781,-26.906251907348633,-60.281253814697266
1789729877682113000,48.37011303710938,71.83125305175781,-26.812501907348633,-60.31875228881836
1789729877692113200,48.380113037109375,72.11250305175781,-26.850000381469727,-60.337501525878906
1789729877702113000,48.39011303710937,72.1875,-27.037500381469727,-60.54375076293945
1789729877712113200,48.40011303710938,72.3375015258789,-26.92500114440918,-60.48750305175781
1789729877722113000,48.410113037109376,72.20625305175781,-26.775001525878906,-60.78750228881836
1789729877732113200,48.420113037109374,71.94375610351562,-26.73750114440918,-60.900001525878906
1789729877742113000,48.43011303710937,72.13125610351562,-26.775001525878906,-60.82500076293945
1789729877752113200,48.44011303710938,72.41250610351562,-26.756250381469727,-60.67500305175781
1789729877762113000,48.450113037109375,72,-26.756250381469727,-60.937503814697266
1789729877772113200,48.46011303710937,71.66250610351562,-26.587501525878906,-60.91875076293945
1789729877782113000,48.47011303710938,71.36250305175781,-26.325000762939453,-60.88125228881836
1789729877792113200,48.480113037109376,71.19375610351562,-26.437501907348633,-61.20000076293945
