time,seconds_elapsed,qz,qy,qx,qw,roll,pitch,yaw
1789729829651203600,0.33920361328125,0.2498728483915329,0.03696433827280998,0.4070572555065155,0.8777822256088257,-0.20511853694915771,-0.8228512406349182,-0.6444100737571716
1789729829661200400,0.349200439453125,0.2483544647693634,0.03753642365336418,0.40645065903663635,0.8784696459770203,-0.20111748576164246,-0.8223599791526794,-0.6389790177345276
1789729829671215000,0.359215087890625,0.24685527384281158,0.038060955703258514,0.40582165122032166,0.8791601657867432,-0.19723862409591675,-0.8217748999595642,-0.6336341500282288
1789729829681234400,0.369234375,0.24545630812644958,0.038537342101335526,0.40516164898872375,0.8798352479934692,-0.1935713142156601,-0.8210613131523132,-0.6285929679870605
1789729829691275300,0.379275146484375,0.24386626482009888,0.03884262964129448,0.40443751215934753,0.8805968165397644,-0.19003427028656006,-0.8201345205307007,-0.6231368184089661
1789729829701316600,0.389316650390625,0.24231503903865814,0.039050426334142685,0.4036771357059479,0.8813644051551819,-0.18675671517848969,-0.8190513253211975,-0.6178621649742126
1789729829711364000,0.399364013671875,0.24083803594112396,0.03911880403757095,0.40287846326828003,0.8821313381195068,-0.18388420343399048,-0.8177748918533325,-0.6129074096679688
1789729829721411600,0.40941162109375,0.23941746354103088,0.039095278829336166,0.40213078260421753,0.8828599452972412,-0.18138211965560913,-0.8165248036384583,-0.608265221118927
1789729829731217000,0.419216796875,0.23792968690395355,0.03897041082382202,0.40147891640663147,0.8835640549659729,-0.1791771501302719,-0.8154134154319763,-0.6036455035209656
1789729829741031200,0.42903125,0.23632563650608063,0.03889076039195061,0.40088024735450745,0.8842695951461792,-0.1767950803041458,-0.8144586682319641,-0.5987244844436646
1789729829750850600,0.4388505859375,0.23471301794052124,0.03901297599077225,0.4003896415233612,0.8849157691001892,-0.17403286695480347,-0.8138493299484253,-0.5936947464942932
1789729829760673300,0.44867333984375,0.23313462734222412,0.039415594190359116,0.40007284283638,0.8854582905769348,-0.17081321775913239,-0.8137589693069458,-0.5886533260345459
1789729829770498800,0.458498779296875,0.23148271441459656,0.04004624858498573,0.3999359607696533,0.8859251141548157,-0.16713842749595642,-0.814185380935669,-0.5833540558815002
1789729829780326700,0.46832666015625,0.22982731461524963,0.04086077958345413,0.3998715877532959,0.8863478302955627,-0.16307522356510162,-0.8148642182350159,-0.5779262185096741
1789729829790179800,0.478179931640625,0.2282705008983612,0.04164958372712135,0.39975711703300476,0.8867650032043457,-0.1591329723596573,-0.8153942227363586,-0.5727458000183105
1789729829800033500,0.488033447265625,0.2270028293132782,0.04235097020864487,0.3995981216430664,0.8871287703514099,-0.15570075809955597,-0.8157175183296204,-0.5684064030647278
1789729829809888300,0.49788818359375,0.22563008964061737,0.04285798221826553,0.39940956234931946,0.8875394463539124,-0.15260013937950134,-0.8158722519874573,-0.5639474391937256
1789729829819759000,0.507759033203125,0.22423255443572998,0.04321393370628357,0.39920327067375183,0.8879690766334534,-0.14983192086219788,-0.8158965110778809,-0.5595587491989136
1789729829829630200,0.517630126953125,0.22305209934711456,0.043445903807878494,0.39900073409080505,0.8883460164070129,-0.14763827621936798,-0.8158127665519714,-0.5558983087539673
1789729829839504000,0.52750390625,0.2219294011592865,0.04356358200311661,0.39890679717063904,0.8886635899543762,-0.14591531455516815,-0.815872848033905,-0.5526092052459717
1789729829849380600,0.537380615234375,0.22081097960472107,0.043569136410951614,0.39898234605789185,0.8889079093933105,-0.14465546607971191,-0.8162147998809814,-0.5495929718017578
1789729829859265000,0.54726513671875,0.21979835629463196,0.04353390634059906,0.3992270231246948,0.8890507817268372,-0.14379636943340302,-0.816865086555481,-0.5470542311668396
1789729829869149700,0.557149658203125,0.2187756448984146,0.04347515106201172,0.3996689021587372,0.889107346534729,-0.14318419992923737,-0.8179119229316711,-0.5446789264678955
1789729829879036000,0.567035888671875,0.21780559420585632,0.043461598455905914,0.4002995789051056,0.8890624642372131,-0.14270934462547302,-0.8193686604499817,-0.5425611734390259
1789729829888926500,0.576926513671875,0.21696355938911438,0.043421220034360886,0.4010010063648224,0.888954222202301,-0.1425233632326126,-0.820936918258667,-0.540881872177124
1789729829898816800,0.586816650390625,0.2163386046886444,0.043365173041820526,0.40163692831993103,0.8888221979141235,-0.14256715774536133,-0.8223260641098022,-0.5397598743438721
1789729829908710100,0.596710205078125,0.21570871770381927,0.0432785227894783,0.40215593576431274,0.8887447714805603,-0.14256173372268677,-0.8234557509422302,-0.5385550260543823
1789729829926678800,0.6146787109375,0.2145746648311615,0.04282176122069359,0.4025382399559021,0.8888683915138245,-0.1427515745162964,-0.8241695165634155,-0.5362247824668884
1789729829936615000,0.624614990234375,0.21409688889980316,0.042392779141664505,0.402519553899765,0.8890125751495361,-0.1432512402534485,-0.8239607214927673,-0.5353364944458008
1789729829946552000,0.634552001953125,0.21363982558250427,0.042009055614471436,0.4024762511253357,0.8891603350639343,-0.14363577961921692,-0.8237242102622986,-0.5344374179840088
1789729829956488200,0.64448828125,0.21321053802967072,0.04174729064106941,0.4025123417377472,0.889259397983551,-0.14382384717464447,-0.8237186074256897,-0.5335559844970703
1789729829966421000,0.6544208984375,0.21271578967571259,0.04154899716377258,0.4026908278465271,0.8893063068389893,-0.143916055560112,-0.8240565061569214,-0.5325491428375244
1789729829976354800,0.664354736328125,0.21219868957996368,0.04143066331744194,0.4029988646507263,0.8892958760261536,-0.14390829205513,-0.8247137665748596,-0.5315073728561401
1789729829986289400,0.674289306640625,0.21162380278110504,0.041359879076480865,0.40339523553848267,0.8892564177513123,-0.1437981277704239,-0.8255915641784668,-0.5303306579589844
1789729829996225500,0.6842255859375,0.21112211048603058,0.04133882746100426,0.40389543771743774,0.8891496062278748,-0.1437530368566513,-0.8267025947570801,-0.5293921232223511
1789729830006163000,0.694162841796875,0.21064099669456482,0.04146139696240425,0.40448567271232605,0.8889896869659424,-0.14345505833625793,-0.8280798196792603,-0.5284349918365479
1789729830016101600,0.7041015625,0.21006369590759277,0.041745882481336594,0.4051724970340729,0.8888002038002014,-0.14272058010101318,-0.8297659754753113,-0.5271201133728027
1789729830026040800,0.714040771484375,0.2093803882598877,0.04210986569523811,0.4058982729911804,0.8886131048202515,-0.1416875422000885,-0.8315951824188232,-0.52545565366745
1789729830035980300,0.723980224609375,0.20859992504119873,0.0424235463142395,0.406590074300766,0.8884654641151428,-0.14062458276748657,-0.8333404064178467,-0.5235406756401062
1789729830045915400,0.733915283203125,0.20784732699394226,0.04273228347301483,0.40719348192214966,0.8883506655693054,-0.13951312005519867,-0.8348931074142456,-0.5216277837753296
1789729830055850800,0.743850830078125,0.20712803304195404,0.042985446751117706,0.4077281355857849,0.8882611989974976,-0.13851147890090942,-0.8362653255462646,-0.5198045372962952
1789729830065786000,0.7537861328125,0.20651672780513763,0.043219566345214844,0.4081794321537018,0.8881849050521851,-0.1376042664051056,-0.8374351859092712,-0.5182286500930786
1789729830075722200,0.76372216796875,0.20602619647979736,0.04347529262304306,0.4086012840270996,0.8880923986434937,-0.13675782084465027,-0.8385365605354309,-0.5169386267662048
1789729830085658400,0.773658447265625,0.20558418333530426,0.043734971433877945,0.40913447737693787,0.8879365921020508,-0.13607020676136017,-0.8398655652999878,-0.5158719420433044
1789729830095595300,0.78359521484375,0.20527677237987518,0.04407826438546181,0.409854531288147,0.8876585960388184,-0.13551805913448334,-0.8416122794151306,-0.5152467489242554
1789729830105532700,0.79353271484375,0.20492517948150635,0.04445971921086311,0.41083526611328125,0.8872673511505127,-0.13507080078125,-0.8439342379570007,-0.5146756172180176
1789729830115470800,0.803470947265625,0.20439724624156952,0.04482630640268326,0.41206425428390503,0.8868006467819214,-0.1346873939037323,-0.8467966914176941,-0.5138351321220398
1789729830125407700,0.81340771484375,0.20386303961277008,0.04523300379514694,0.41345685720443726,0.886254608631134,-0.13435275852680206,-0.850027859210968,-0.5130700469017029
1789729830137844000,0.825843994140625,0.20307040214538574,0.04582136496901512,0.4153497815132141,0.8855209350585938,-0.13371331989765167,-0.854452908039093,-0.5117982029914856
1789729830147780600,0.835780517578125,0.20241983234882355,0.04627162590622902,0.41687116026878357,0.8849313855171204,-0.13323500752449036,-0.8580018281936646,-0.5107587575912476
1789729830157717000,0.845717041015625,0.20180831849575043,0.04682159051299095,0.4184443950653076,0.8842993974685669,-0.13259106874465942,-0.8617116808891296,-0.5097572803497314
1789729830167653400,0.8556533203125,0.2011319100856781,0.04742219299077988,0.4200747311115265,0.8836482763290405,-0.13177910447120667,-0.8655823469161987,-0.5085564851760864
1789729830177589800,0.86558984375,0.20042684674263,0.04806209355592728,0.42178934812545776,0.882956862449646,-0.1309022307395935,-0.8696597814559937,-0.5072947144508362
1789729830187529200,0.875529296875,0.19972550868988037,0.04878579452633858,0.42373892664909363,0.8821422457695007,-0.13003851473331451,-0.8742827773094177,-0.5061445832252502
1789729830197468700,0.88546875,0.1991678774356842,0.049739912152290344,0.4260850250720978,0.8810843825340271,-0.12915149331092834,-0.8798556923866272,-0.5054810643196106
1789729830207426300,0.89542626953125,0.1986241191625595,0.05088864266872406,0.4288983643054962,0.8797755241394043,-0.12823840975761414,-0.88653165102005,-0.5050376057624817
1789729830217387000,0.905386962890625,0.1979171335697174,0.0521111823618412,0.4321199357509613,0.8782855868339539,-0.12732097506523132,-0.8941494822502136,-0.5043932199478149
1789729830227373300,0.915373291015625,0.19713754951953888,0.05340926721692085,0.4356040060520172,0.8766603469848633,-0.1263645738363266,-0.9023919105529785,-0.5036777257919312
1789729830237363200,0.92536328125,0.19626398384571075,0.05475375056266785,0.4391739070415497,0.874990701675415,-0.12522566318511963,-0.9108718633651733,-0.5026975274085999
1789729830247355400,0.93535546875,0.19532425701618195,0.05616796761751175,0.44269078969955444,0.8733375072479248,-0.12371974438428879,-0.9193025231361389,-0.5013653039932251
1789729830257350400,0.945350341796875,0.19437552988529205,0.057777147740125656,0.44612812995910645,0.8716935515403748,-0.12153706699609756,-0.9276869297027588,-0.4996478855609894
1789729830267347000,0.955346923828125,0.19348444044589996,0.05956302210688591,0.44950535893440247,0.8700350522994995,-0.11883524805307388,-0.9360461831092834,-0.4977734684944153
1789729830277343500,0.965343505859375,0.19276241958141327,0.06143992394208908,0.45288899540901184,0.8683083057403564,-0.116099514067173,-0.9444610476493835,-0.4962599277496338
1789729830287340000,0.975340087890625,0.19200286269187927,0.06340010464191437,0.4562974274158478,0.8665494918823242,-0.11304666846990585,-0.9529960751533508,-0.49449461698532104
1789729830297353500,0.985353515625,0.1913055032491684,0.06563649326562881,0.4597209393978119,0.8647257685661316,-0.10925111919641495,-0.9617226719856262,-0.49248960614204407
1789729830309339000,0.9973388671875,0.19024816155433655,0.06873117387294769,0.46355336904525757,0.8626702427864075,-0.10269883275032043,-0.9718664288520813,-0.48839667439460754
1789729830319149800,1.00714990234375,0.18938741087913513,0.07130280137062073,0.46644559502601624,0.8610904812812805,-0.09683448821306229,-0.9796662330627441,-0.48464280366897583
1789729830328973000,1.01697314453125,0.18845734000205994,0.07381466776132584,0.4689326286315918,0.8597310185432434,-0.09045957028865814,-0.9865602850914001,-0.48023924231529236
1789729830338825500,1.026825439453125,0.18764817714691162,0.07636681199073792,0.47101926803588867,0.8585435748100281,-0.08361262083053589,-0.9925845861434937,-0.4756582975387573
1789729830348701200,1.036701171875,0.18674014508724213,0.07887730747461319,0.4728586673736572,0.8575028777122498,-0.07633353024721146,-0.9980475306510925,-0.47046715021133423
1789729830358603500,1.046603515625,0.1857975423336029,0.08146402984857559,0.47467562556266785,0.8564612865447998,-0.06862181425094604,-1.0034950971603394,-0.46490678191185
1789729830368535600,1.05653564453125,0.18480345606803894,0.08406873792409897,0.47666218876838684,0.8553205728530884,-0.060826390981674194,-1.0093207359313965,-0.4591904878616333
1789729830378516500,1.0665166015625,0.18386799097061157,0.0865892618894577,0.4791273772716522,0.8538921475410461,-0.05379430577158928,-1.0161527395248413,-0.4541413486003876
1789729830388529200,1.076529052734375,0.18303045630455017,0.08910658210515976,0.4819008708000183,0.8522508144378662,-0.04715472832322121,-1.023662805557251,-0.44958922266960144
1789729830398559700,1.086559814453125,0.18235735595226288,0.091655433177948,0.48488572239875793,0.8504298329353333,-0.04082163795828819,-1.0316566228866577,-0.4456113278865814
1789729830408596200,1.09659619140625,0.1818709820508957,0.09427022188901901,0.48801934719085693,0.8484534025192261,-0.03466751426458359,-1.0400179624557495,-0.4421718418598175
1789729830418532900,1.106532958984375,0.18162576854228973,0.09692176431417465,0.4911879003047943,0.8463762402534485,-0.028788402676582336,-1.0484811067581177,-0.439419150352478
1789729830428469200,1.11646923828125,0.1816171109676361,0.0995907187461853,0.49436405301094055,0.8442162275314331,-0.023232294246554375,-1.0569798946380615,-0.4373682737350464
1789729830438405600,1.126405517578125,0.1817387193441391,0.10233809053897858,0.49758380651474,0.8419669270515442,-0.01762653887271881,-1.0656336545944214,-0.43557196855545044
1789729830448342000,1.136342041015625,0.1821138560771942,0.1052037924528122,0.5008440017700195,0.8395963311195374,-0.012103845365345478,-1.074457049369812,-0.43440526723861694
1789729830458278400,1.1462783203125,0.1823071986436844,0.10781395435333252,0.5041523575782776,0.8372399210929871,-0.007021272089332342,-1.0832895040512085,-0.4330267608165741
1789729830468214800,1.15621484375,0.18231035768985748,0.11019574105739594,0.5074704885482788,0.8349213004112244,-0.0022244255524128675,-1.092055082321167,-0.43131569027900696
1789729830478151400,1.1661513671875,0.18211965262889862,0.11239892244338989,0.5107318758964539,0.8326775431632996,0.0025505058001726866,-1.100623607635498,-0.4290851354598999
1789729830488087800,1.176087890625,0.1818779855966568,0.1145152896642685,0.5139269232749939,0.8304731845855713,0.007316453382372856,-1.1090158224105835,-0.42667117714881897
1789729830498024700,1.186024658203125,0.18165729939937592,0.1166565865278244,0.5171339511871338,0.8282296657562256,0.012226458638906479,-1.117467999458313,-0.42418232560157776
1789729830507960300,1.195960205078125,0.18163497745990753,0.11898377537727356,0.520384669303894,0.8258640170097351,0.017410431057214737,-1.1261367797851562,-0.4219830632209778
1789729830517896700,1.205896728515625,0.18167254328727722,0.12134170532226562,0.5236913561820984,0.8234188556671143,0.02262257970869541,-1.1349749565124512,-0.4198853671550751
1789729830527833600,1.21583349609375,0.18189296126365662,0.12379062175750732,0.5270161032676697,0.8208805322647095,0.02781284973025322,-1.1439303159713745,-0.4182138741016388
1789729830537770000,1.22577001953125,0.1821194589138031,0.12626484036445618,0.5303181409835815,0.8183228969573975,0.03323972970247269,-1.1528724431991577,-0.4163566529750824
1789729830547706600,1.23570654296875,0.18240700662136078,0.12875887751579285,0.5334987640380859,0.8157989382743835,0.03885084390640259,-1.1615688800811768,-0.41445058584213257
1789729830557643000,1.24564306640625,0.1825757473707199,0.13110767304897308,0.5365647077560425,0.8133727312088013,0.04448217153549194,-1.16994309425354,-0.4121520221233368
1789729830567579400,1.255579345703125,0.18268035352230072,0.1332859843969345,0.5395639538764954,0.8110077381134033,0.04981723055243492,-1.1780946254730225,-0.40981635451316833
1789729830577515800,1.265515869140625,0.18261292576789856,0.13527196645736694,0.5425750613212585,0.808681845664978,0.054989900439977646,-1.1861894130706787,-0.40711021423339844
1789729830587452200,1.2754521484375,0.18248668313026428,0.1371154934167862,0.5456082224845886,0.8063557744026184,0.059857409447431564,-1.19428288936615,-0.40441617369651794
1789729830597388800,1.285388916015625,0.18235032260417938,0.13875742256641388,0.5486845374107361,0.8040149211883545,0.06396809965372086,-1.2023999691009521,-0.40216976404190063
1789729830607325200,1.2953251953125,0.1821315884590149,0.14007146656513214,0.5518320798873901,0.8016791343688965,0.0669204443693161,-1.2105425596237183,-0.4004799425601959
1789729830617261600,1.305261474609375,0.18185880780220032,0.14111074805259705,0.5549771189689636,0.7993844747543335,0.06889183074235916,-1.218563199043274,-0.39929667115211487
1789729830627198000,1.315197998046875,0.1812598705291748,0.14169837534427643,0.5581197738647461,0.7972256541252136,0.06995207816362381,-1.2263520956039429,-0.39789310097694397
1789729830637134300,1.32513427734375,0.18053178489208221,0.14191323518753052,0.5612025856971741,0.7951858639717102,0.06981740891933441,-1.2338250875473022,-0.39696481823921204
1789729830647070700,1.33507080078125,0.17964184284210205,0.14171624183654785,0.5641619563102722,0.7933263182640076,0.06844206154346466,-1.240805745124817,-0.3964593708515167
1789729830657006800,1.3450068359375,0.17855992913246155,0.14117716252803802,0.566965639591217,0.7916661500930786,0.06627468764781952,-1.2472445964813232,-0.39598894119262695
1789729830666943200,1.354943115234375,0.17746055126190186,0.1404992640018463,0.5695755481719971,0.7901591062545776,0.06369291990995407,-1.2531614303588867,-0.3957311511039734
1789729830676879600,1.364879638671875,0.1763657182455063,0.1396622210741043,0.5720173716545105,0.7887874841690063,0.06046198308467865,-1.2586075067520142,-0.395920068025589
1789729830686816000,1.37481591796875,0.17513731122016907,0.1385727971792221,0.5743576288223267,0.7875518202781677,0.056541331112384796,-1.2636866569519043,-0.39625224471092224
1789729830696752400,1.38475244140625,0.1739136278629303,0.13741227984428406,0.5765697956085205,0.7864090204238892,0.05233743041753769,-1.2684319019317627,-0.39678898453712463
1789729830706689300,1.394689208984375,0.17258961498737335,0.13618406653404236,0.5786227583885193,0.7854059338569641,0.04834629222750664,-1.2727614641189575,-0.39688780903816223
1789729830716626200,1.404626220703125,0.17129860818386078,0.13500241935253143,0.5804440379142761,0.7845481634140015,0.044749073684215546,-1.276560664176941,-0.39673295617103577
1789729830726562600,1.4145625,0.1702040135860443,0.13399197161197662,0.5820146203041077,0.7837957143783569,0.04157336801290512,-1.279850721359253,-0.3967168927192688
1789729830736499000,1.4244990234375,0.16941413283348083,0.13320447504520416,0.5833195447921753,0.7831307649612427,0.03867192566394806,-1.2826223373413086,-0.3972194790840149
1789729830746435300,1.434435302734375,0.1689569652080536,0.13267651200294495,0.5843407511711121,0.7825576066970825,0.03615899756550789,-1.2848453521728516,-0.39821964502334595
1789729830756371700,1.444371826171875,0.1685117483139038,0.13217955827713013,0.5851322412490845,0.782146155834198,0.03410821408033371,-1.2865222692489624,-0.3988390564918518
1789729830766308000,1.45430810546875,0.16807635128498077,0.13166719675064087,0.585720956325531,0.78188556432724,0.032245345413684845,-1.287695288658142,-0.3992789089679718
1789729830776244500,1.464244384765625,0.16770195960998535,0.13115231692790985,0.5861063599586487,0.7817636728286743,0.03042552061378956,-1.288370966911316,-0.399777352809906
1789729830786180900,1.474180908203125,0.16748109459877014,0.13067808747291565,0.5863187909126282,0.781731128692627,0.02843441627919674,-1.288648009300232,-0.4007434844970703
1789729830796117200,1.4841171875,0.1673392504453659,0.13019713759422302,0.5864600539207458,0.7817358374595642,0.02617396041750908,-1.2887496948242188,-0.40209051966667175
1789729830806053400,1.494053466796875,0.16720961034297943,0.12966249883174896,0.5865832567214966,0.7817599773406982,0.023593155667185783,-1.2887799739837646,-0.4036993980407715
1789729830815989800,1.50398974609375,0.166897252202034,0.12892642617225647,0.5867025852203369,0.7818589210510254,0.020716160535812378,-1.2886936664581299,-0.40504682064056396
1789729830825926100,1.513926025390625,0.16654029488563538,0.1280928999185562,0.5868226289749146,0.7819819450378418,0.01749943569302559,-1.2885586023330688,-0.40652796626091003
1789729830835862500,1.523862548828125,0.16622388362884521,0.12726710736751556,0.5869645476341248,0.7820775508880615,0.014109332114458084,-1.2884817123413086,-0.4082516133785248
1789729830845799000,1.533798828125,0.16576829552650452,0.12641099095344543,0.587099552154541,0.7822117805480957,0.011178904213011265,-1.2883704900741577,-0.40926942229270935
1789729830855735300,1.5437353515625,0.16518829762935638,0.12560328841209412,0.5871713757514954,0.7824106216430664,0.009174860082566738,-1.2881280183792114,-0.4092540740966797
1789729830865671700,1.553671630859375,0.16454197466373444,0.12489932775497437,0.587135910987854,0.7826861143112183,0.008222406730055809,-1.2876766920089722,-0.408248633146286
1789729830875608000,1.563608154296875,0.16399040818214417,0.12441391497850418,0.5868917107582092,0.783062219619751,0.008418074809014797,-1.286826729774475,-0.4065645933151245
1789729830885544400,1.57354443359375,0.1635376214981079,0.1241338849067688,0.5863704681396484,0.7835916876792908,0.009779786691069603,-1.2854036092758179,-0.40417593717575073
1789729830895481000,1.583481201171875,0.16338196396827698,0.12417873740196228,0.5855330228805542,0.7842429876327515,0.012140482664108276,-1.2833728790283203,-0.40171492099761963
1789729830905417500,1.59341748046875,0.1634487509727478,0.12453524023294449,0.584461510181427,0.7849714756011963,0.015584266744554043,-1.2809280157089233,-0.3989638388156891
1789729830915353900,1.603353759765625,0.16375981271266937,0.12523454427719116,0.5832532048225403,0.7856938242912292,0.019996900111436844,-1.2783229351043701,-0.3961077034473419
1789729830925290200,1.613290283203125,0.16432680189609528,0.12623929977416992,0.5820245146751404,0.7863255143165588,0.024927249178290367,-1.275825023651123,-0.393552303314209
1789729830935227000,1.623226806640625,0.16510391235351562,0.12744857370853424,0.5808771848678589,0.7868159413337708,0.02987712249159813,-1.2736345529556274,-0.3915761411190033
1789729830945163300,1.633163330078125,0.1659950315952301,0.12871894240379333,0.5798986554145813,0.787143349647522,0.03437313809990883,-1.2718935012817383,-0.3902977705001831
1789729830955099600,1.643099609375,0.16697387397289276,0.1299792230129242,0.579120397567749,0.7873021364212036,0.038126327097415924,-1.2706447839736938,-0.3898618519306183
1789729830965036300,1.653036376953125,0.16789132356643677,0.13109424710273743,0.5785462856292725,0.7873442769050598,0.041053686290979385,-1.2698264122009277,-0.3899371027946472
1789729830974972700,1.66297265625,0.1685701161623001,0.1319923847913742,0.5781363844871521,0.7873502969741821,0.043574195355176926,-1.2692946195602417,-0.38974371552467346
1789729830984909000,1.672908935546875,0.16895440220832825,0.1326538324356079,0.5778502821922302,0.7873668074607849,0.04587511718273163,-1.268936276435852,-0.3889864981174469
1789729830994845400,1.682845458984375,0.16923068463802338,0.13320723176002502,0.5776503086090088,0.7873607277870178,0.0479252003133297,-1.2687300443649292,-0.388158917427063
1789729831004782800,1.692782958984375,0.16937828063964844,0.13364048302173615,0.5775189399719238,0.7873519659042358,0.04977266862988472,-1.268626093864441,-0.3871660828590393
1789729831014719500,1.702719482421875,0.1695331335067749,0.13406313955783844,0.5774296522140503,0.7873122096061707,0.05147519335150719,-1.2686201333999634,-0.3863099217414856
1789729831024656000,1.71265576171875,0.16947481036186218,0.134293794631958,0.5773621797561646,0.7873349785804749,0.0530114583671093,-1.268561601638794,-0.3850281536579132
1789729831034592300,1.72259228515625,0.16951000690460205,0.13437654078006744,0.5772719979286194,0.7873793840408325,0.053425490856170654,-1.2683829069137573,-0.3847930431365967
1789729831044528600,1.732528564453125,0.16966715455055237,0.13434292376041412,0.5771722197532654,0.7874244451522827,0.052749767899513245,-1.2681336402893066,-0.3856583535671234
1789729831054465000,1.742465087890625,0.1698596477508545,0.1342063844203949,0.577061653137207,0.787487268447876,0.05141054466366768,-1.267810583114624,-0.38709065318107605
1789729831064401400,1.7524013671875,0.1700264811515808,0.13398581743240356,0.5769925117492676,0.7875394821166992,0.049682438373565674,-1.2675464153289795,-0.3887489438056946
1789729831074337800,1.762337890625,0.17005746066570282,0.13358047604560852,0.5770119428634644,0.7875874042510986,0.04742073267698288,-1.2674001455307007,-0.39046692848205566
1789729831084274200,1.772274169921875,0.1701195240020752,0.13311094045639038,0.5770821571350098,0.7876020669937134,0.04462810978293419,-1.2673479318618774,-0.3926641345024109
1789729831094210600,1.78221044921875,0.16999904811382294,0.13241378962993622,0.5772458910942078,0.7876256108283997,0.04125684127211571,-1.2674015760421753,-0.39483538269996643
1789729831104146700,1.792146728515625,0.1697227507829666,0.13148480653762817,0.5775094032287598,0.7876476645469666,0.03716396167874336,-1.2675756216049194,-0.3971564471721649
1789729831114083000,1.8020830078125,0.16938811540603638,0.13039788603782654,0.5778482556343079,0.7876518964767456,0.032369039952754974,-1.2678519487380981,-0.39985984563827515
1789729831124019500,1.81201953125,0.16909737884998322,0.12934938073158264,0.5782532095909119,0.7875900268554688,0.027484053745865822,-1.2683080434799194,-0.40276825428009033
1789729831133955800,1.821955810546875,0.1687697470188141,0.1283947080373764,0.5787148475646973,0.787477433681488,0.02313372492790222,-1.2689461708068848,-0.4052198529243469
1789729831143892200,1.831892333984375,0.16823965311050415,0.12744566798210144,0.57916659116745,0.7874129414558411,0.019640861079096794,-1.2695566415786743,-0.406527578830719
1789729831153828600,1.84182861328125,0.1676325798034668,0.1266118884086609,0.579492449760437,0.7874371409416199,0.017257463186979294,-1.2699172496795654,-0.40679070353507996
1789729831163765000,1.851764892578125,0.16712605953216553,0.12606894969940186,0.5796321034431458,0.7875291109085083,0.01627671718597412,-1.2699739933013916,-0.4062342643737793
1789729831173701400,1.861701416015625,0.1666962206363678,0.12578564882278442,0.5795900225639343,0.7876964807510376,0.016628436744213104,-1.2697206735610962,-0.40484756231307983
1789729831183638000,1.871637939453125,0.1663796454668045,0.12574642896652222,0.579391598701477,0.7879156470298767,0.018036646768450737,-1.269210696220398,-0.4029355049133301
1789729831193574400,1.881574462890625,0.16614389419555664,0.12584719061851501,0.5791307687759399,0.7881409525871277,0.019936082884669304,-1.2686190605163574,-0.40085768699645996
1789729831203510800,1.8915107421875,0.1660836786031723,0.12610793113708496,0.5788346529006958,0.788329541683197,0.02200034074485302,-1.2680250406265259,-0.39910629391670227
1789729831213447400,1.901447509765625,0.16607683897018433,0.12640270590782166,0.5785778760910034,0.7884722352027893,0.023956267163157463,-1.2675437927246094,-0.3975871801376343
1789729831223383800,1.9113837890625,0.16614122688770294,0.1267484724521637,0.5784347057342529,0.7885082364082336,0.0257085170596838,-1.267366647720337,-0.39644092321395874
1789729831233320200,1.9213203125,0.16627642512321472,0.12709763646125793,0.5784562826156616,0.7884076833724976,0.02693837694823742,-1.267594575881958,-0.395912230014801
1789729831243256800,1.9312568359375,0.1662822961807251,0.12733638286590576,0.5786417126655579,0.7882317900657654,0.027870982885360718,-1.2681635618209839,-0.3953188359737396
1789729831253193200,1.941193115234375,0.16611729562282562,0.12745964527130127,0.5789604187011719,0.7880126237869263,0.028697732836008072,-1.2689952850341797,-0.394403874874115
1789729831263129600,1.951129638671875,0.1658605933189392,0.12752476334571838,0.579373836517334,0.7877522706985474,0.02945612370967865,-1.270026683807373,-0.3933316469192505
1789729831273066000,1.96106591796875,0.16548818349838257,0.12750272452831268,0.5798068046569824,0.7875155806541443,0.030208932235836983,-1.271059274673462,-0.3919682502746582
1789729831283002600,1.971002685546875,0.16518563032150269,0.1275380253791809,0.580189049243927,0.7872918248176575,0.0310592669993639,-1.271998643875122,-0.39069679379463196
1789729831292939000,1.98093896484375,0.16477324068546295,0.1274665892124176,0.58055180311203,0.787122368812561,0.031836699694395065,-1.2728344202041626,-0.3891848027706146
1789729831302875400,1.99087548828125,0.16440054774284363,0.1274573802947998,0.5808320045471191,0.7869950532913208,0.03290886431932449,-1.2735000848770142,-0.38753291964530945
1789729831312812000,2.00081201171875,0.16392569243907928,0.127439484000206,0.5809645652770996,0.7869991660118103,0.03458529710769653,-1.273795247077942,-0.38512659072875977
1789729831322748400,2.01074853515625,0.1633405089378357,0.12735149264335632,0.5809476375579834,0.787147581577301,0.03657159581780434,-1.2736856937408447,-0.38215968012809753
1789729831332684800,2.020684814453125,0.1627930849790573,0.12727512419223785,0.5808020830154419,0.7873806953430176,0.03864675760269165,-1.2732669115066528,-0.37918588519096375
1789729831342621200,2.03062109375,0.16219276189804077,0.12720148265361786,0.5805782675743103,0.787681519985199,0.0410584919154644,-1.2726541757583618,-0.3758085370063782
1789729831352557800,2.040557861328125,0.16153432428836823,0.12712663412094116,0.5802700519561768,0.7880558967590332,0.04380771145224571,-1.2718287706375122,-0.37201356887817383
1789729831362494200,2.050494140625,0.16076479852199554,0.1269793063402176,0.5798962116241455,0.7885120511054993,0.04670029878616333,-1.2708011865615845,-0.36781370639801025
1789729831372430600,2.0604306640625,0.16007734835147858,0.12691335380077362,0.579405665397644,0.7890229821205139,0.04981519281864166,-1.2695270776748657,-0.3636380434036255
1789729831382367200,2.0703671875,0.15942725539207458,0.12692098319530487,0.5788322687149048,0.7895740866661072,0.05323943495750427,-1.2680834531784058,-0.3593210279941559
1789729831392303600,2.0803037109375,0.1588941067457199,0.12701143324375153,0.5782099366188049,0.7901228070259094,0.05664921924471855,-1.2665613889694214,-0.35531288385391235
1789729831402240000,2.090239990234375,0.15848283469676971,0.12712930142879486,0.577579915523529,0.790647029876709,0.05968627333641052,-1.265039086341858,-0.35189568996429443
1789729831412176400,2.10017626953125,0.1582542508840561,0.12728211283683777,0.5769563317298889,0.7911233901977539,0.062138449400663376,-1.2635605335235596,-0.3493804335594177
1789729831422113000,2.110113037109375,0.15816345810890198,0.12743349373340607,0.5763921141624451,0.7915284037590027,0.06394538283348083,-1.2622370719909668,-0.34770500659942627
1789729831432049400,2.12004931640625,0.15834371745586395,0.12763947248458862,0.5759411454200745,0.7917873859405518,0.06482131779193878,-1.2612364292144775,-0.3474264144897461
1789729831441985800,2.12998583984375,0.15866348147392273,0.1278546005487442,0.5756841897964478,0.7918754816055298,0.06496892869472504,-1.2607258558273315,-0.348077654838562
1789729831451922400,2.13992236328125,0.15907464921474457,0.12801484763622284,0.5756618976593018,0.791783332824707,0.06420312076807022,-1.2607742547988892,-0.3496776819229126
1789729831461858800,2.14985888671875,0.15944215655326843,0.12800107896327972,0.5759026408195496,0.7915365099906921,0.062401581555604935,-1.261386752128601,-0.35197633504867554
1789729831471795200,2.159795166015625,0.1597183346748352,0.12779493629932404,0.5763746500015259,0.7911704778671265,0.05968039482831955,-1.2624726295471191,-0.354764461517334
1789729831481731600,2.169731689453125,0.15991413593292236,0.1273794025182724,0.5770115256309509,0.7907336354255676,0.05596984922885895,-1.263862133026123,-0.3581085205078125
1789729831491668200,2.179668212890625,0.15998275578022003,0.1267034113407135,0.5777522325515747,0.7902873754501343,0.05124899744987488,-1.2653781175613403,-0.3618922531604767
1789729831501604600,2.1896044921875,0.16005755960941315,0.12593811750411987,0.5785058736801147,0.7898430824279785,0.04597742483019829,-1.2668818235397339,-0.3661060631275177
1789729831511541000,2.199541015625,0.16025200486183167,0.1252005696296692,0.5791611075401306,0.7894406318664551,0.040453437715768814,-1.2681593894958496,-0.3707955777645111
1789729831521477600,2.2094775390625,0.16039477288722992,0.12447547912597656,0.5796751379966736,0.7891489863395691,0.03536204621195793,-1.2690889835357666,-0.3750065863132477
1789729831531414000,2.2194140625,0.16047050058841705,0.12383903563022614,0.5800231099128723,0.7889780402183533,0.031221434473991394,-1.269646406173706,-0.3783104121685028
1789729831541350400,2.229350341796875,0.16032983362674713,0.12311264127492905,0.5802323222160339,0.7889664769172668,0.027684679254889488,-1.2698115110397339,-0.38057535886764526
1789729831551287000,2.239287109375,0.16017325222492218,0.1223699152469635,0.5803967118263245,0.7889928817749023,0.024190954864025116,-1.2698571681976318,-0.38275399804115295
1789729831561223400,2.249223388671875,0.16013643145561218,0.12171101570129395,0.580575168132782,0.7889710068702698,0.0206239465624094,-1.2699792385101318,-0.38530123233795166
1789729831571159800,2.259159912109375,0.160228431224823,0.12121807038784027,0.5807192921638489,0.788922131061554,0.01744849793612957,-1.2700977325439453,-0.38788753747940063
1789729831581096200,2.26909619140625,0.1603911817073822,0.12095195800065994,0.5808665752410889,0.7888214588165283,0.01516207680106163,-1.2703322172164917,-0.39001572132110596
1789729831591032800,2.27903271484375,0.16060784459114075,0.12089468538761139,0.5809738636016846,0.7887071371078491,0.013806954957544804,-1.2705706357955933,-0.3915961682796478
1789729831600969200,2.28896923828125,0.1607971340417862,0.12095930427312851,0.5809091925621033,0.7887063026428223,0.013472183607518673,-1.2704474925994873,-0.39230552315711975
1789729831610905600,2.298905517578125,0.16094443202018738,0.12113884091377258,0.5806770324707031,0.7888196706771851,0.014174610376358032,-1.2699707746505737,-0.39209529757499695
1789729831620842200,2.30884228515625,0.1611170917749405,0.12138887494802475,0.5802764892578125,0.7890406847000122,0.0154036283493042,-1.269118070602417,-0.3915102183818817
1789729831630778600,2.318778564453125,0.16127713024616241,0.12159375101327896,0.579721987247467,0.7893839478492737,0.016682768240571022,-1.267868161201477,-0.39080333709716797
1789729831640715000,2.328715087890625,0.16131748259067535,0.12166766822338104,0.5791076421737671,0.7898151874542236,0.017850100994110107,-1.2664073705673218,-0.3898492753505707
1789729831650652400,2.33865234375,0.16138045489788055,0.12171421945095062,0.5784867405891418,0.7902500033378601,0.01878505013883114,-1.2649182081222534,-0.3891216218471527
1789729831660588800,2.3485888671875,0.16140061616897583,0.12177760154008865,0.5779705047607422,0.7906138300895691,0.019811170175671577,-1.263692021369934,-0.3882569372653961
1789729831670525200,2.358525146484375,0.1613571047782898,0.12186063826084137,0.5775735974311829,0.7908998727798462,0.02100501023232937,-1.2627636194229126,-0.38715046644210815
1789729831680461800,2.3684619140625,0.16111360490322113,0.12185404449701309,0.5772716999053955,0.7911708950996399,0.022384988144040108,-1.2620187997817993,-0.3854289948940277
1789729831690397400,2.3783974609375,0.16090406477451324,0.12188686430454254,0.5769670009613037,0.7914307117462158,0.02382870949804783,-1.2612864971160889,-0.3837505578994751
1789729831700333300,2.388333251953125,0.1608167290687561,0.12202516943216324,0.5766279697418213,0.7916741967201233,0.025371335446834564,-1.2605236768722534,-0.3823069632053375
1789729831710269700,2.398269775390625,0.16077779233455658,0.1222003698348999,0.5762858986854553,0.791904091835022,0.02690872922539711,-1.2597718238830566,-0.3809930384159088
1789729831720206300,2.408206298828125,0.1607174426317215,0.12230051308870316,0.5759621262550354,0.7921364307403564,0.028115512803196907,-1.259028673171997,-0.37986865639686584
1789729831730143200,2.418143310546875,0.16074369847774506,0.1223897710442543,0.5755832195281982,0.7923926711082458,0.029000747948884964,-1.2581487894058228,-0.37918099761009216
1789729831740080600,2.42808056640625,0.16067427396774292,0.12235978990793228,0.5751339793205261,0.7927374839782715,0.02974799834191799,-1.257039189338684,-0.37832456827163696
1789729831750017000,2.43801708984375,0.16055555641651154,0.12225145101547241,0.5746108293533325,0.7931575775146484,0.030387036502361298,-1.2557116746902466,-0.37739720940589905
1789729831759953400,2.447953369140625,0.16044878959655762,0.12213969975709915,0.5740435719490051,0.7936069965362549,0.03101634606719017,-1.2542762756347656,-0.3764955699443817
1789729831769890300,2.457890380859375,0.1602199673652649,0.12199778109788895,0.5734729170799255,0.7940874695777893,0.03195870667695999,-1.2528142929077148,-0.37505924701690674
1789729831779826000,2.467825927734375,0.16000890731811523,0.12195989489555359,0.5729145407676697,0.7945387363433838,0.03332488238811493,-1.2514312267303467,-0.3733748495578766
1789729831789761300,2.47776123046875,0.15980777144432068,0.12204349040985107,0.5723937153816223,0.7949417233467102,0.03519515320658684,-1.2501957416534424,-0.37137386202812195
1789729831799697200,2.487697265625,0.159505233168602,0.1221020519733429,0.5719819664955139,0.7952897548675537,0.03716691955924034,-1.2492079734802246,-0.369078129529953
1789729831809633300,2.49763330078125,0.15931521356105804,0.122224360704422,0.5716425776481628,0.7955530285835266,0.03892631083726883,-1.2484300136566162,-0.36724570393562317
1789729831819569700,2.507569580078125,0.15908686816692352,0.12227673828601837,0.571376621723175,0.795781672000885,0.040381550788879395,-1.2477960586547852,-0.3655542731285095
1789729831829506300,2.51750634765625,0.15884879231452942,0.12223725765943527,0.5711394548416138,0.7960055470466614,0.041376449167728424,-1.2471901178359985,-0.36417368054389954
1789729831839443200,2.527443115234375,0.15858571231365204,0.12207023054361343,0.5708876848220825,0.7962642312049866,0.04184810072183609,-1.2464903593063354,-0.36309635639190674
1789729831849380400,2.53738037109375,0.1585150957107544,0.12191262096166611,0.5705406665802002,0.7965510487556458,0.041764263063669205,-1.2455734014511108,-0.3628769814968109
1789729831859317200,2.547317138671875,0.1583847999572754,0.12162908166646957,0.5701502561569214,0.7968998551368713,0.04133564978837967,-1.244492769241333,-0.3627367317676544
1789729831869254400,2.55725439453125,0.1582595407962799,0.12133476883172989,0.5696811676025391,0.7973049283027649,0.04093321040272713,-1.2432169914245605,-0.36256828904151917
1789729831879190800,2.567190673828125,0.15817615389823914,0.1211106926202774,0.5691213011741638,0.797755241394043,0.040831830352544785,-1.2417551279067993,-0.3622693121433258
1789729831889127400,2.57712744140625,0.1582215130329132,0.12106475979089737,0.5684919953346252,0.7982017993927002,0.04121026396751404,-1.2402117252349854,-0.3619425296783447
1789729831899063800,2.587063720703125,0.1582445204257965,0.12111857533454895,0.5678893327713013,0.7986180186271667,0.04211731255054474,-1.2387768030166626,-0.3611970543861389
1789729831909000200,2.597000244140625,0.15824413299560547,0.12134552001953125,0.5672802329063416,0.7990164160728455,0.0439453050494194,-1.2374016046524048,-0.35974788665771484
1789729831918936800,2.606936767578125,0.15826988220214844,0.12176398187875748,0.5666182637214661,0.79941725730896,0.04664992541074753,-1.2359840869903564,-0.35774245858192444
1789729831928874500,2.61687451171875,0.15814529359340668,0.1221630796790123,0.5658835172653198,0.7999013066291809,0.049861546605825424,-1.234371542930603,-0.35498884320259094
1789729831938808300,2.626808349609375,0.15809769928455353,0.12259864807128906,0.5650436878204346,0.8004375696182251,0.05306249484419823,-1.2325242757797241,-0.3524206876754761
1789729831948742700,2.63674267578125,0.1579083800315857,0.1228460967540741,0.5641406774520874,0.8010736703872681,0.05590330809354782,-1.2304326295852661,-0.34973862767219543
1789729831958677200,2.64667724609375,0.1577986478805542,0.12303662300109863,0.5632009506225586,0.8017270565032959,0.058201223611831665,-1.2282335758209229,-0.3476370573043823
1789729831968612900,2.65661279296875,0.1576021909713745,0.12303322553634644,0.562317967414856,0.8023857474327087,0.059797503054142,-1.2260833978652954,-0.3458247482776642
1789729831978549500,2.666549560546875,0.15741115808486938,0.1229100152850151,0.561504602432251,0.8030114769935608,0.060719605535268784,-1.22405207157135,-0.344514936208725
1789729831988486700,2.676486572265625,0.15716686844825745,0.12266527861356735,0.5607914924621582,0.8035948872566223,0.0611402653157711,-1.2222089767456055,-0.34344395995140076
1789729831998424600,2.686424560546875,0.15701594948768616,0.12245350331068039,0.5601840615272522,0.8040801882743835,0.0612822063267231,-1.2206429243087769,-0.3428269326686859
1789729832008363300,2.69636328125,0.15695978701114655,0.1222776249051094,0.5597099661827087,0.8044480085372925,0.061132654547691345,-1.2194217443466187,-0.3426806926727295
1789729832018301200,2.70630126953125,0.15692685544490814,0.1220991462469101,0.5593523979187012,0.8047301769256592,0.06077546998858452,-1.2184823751449585,-0.3427620530128479
1789729832028237800,2.71623779296875,0.156855046749115,0.12195251882076263,0.5590870380401611,0.8049507737159729,0.060604896396398544,-1.2177760601043701,-0.3426380753517151
1789729832038174200,2.72617431640625,0.15685291588306427,0.12191353738307953,0.5588870644569397,0.805095911026001,0.060632165521383286,-1.2172776460647583,-0.3425685465335846
1789729832048110600,2.736110595703125,0.15682566165924072,0.12185117602348328,0.5587374567985535,0.8052145838737488,0.0605853796005249,-1.216889500617981,-0.34249839186668396
1789729832058047000,2.746046875,0.15685626864433289,0.12176645547151566,0.5585885047912598,0.8053247332572937,0.060240764170885086,-1.2164974212646484,-0.3427778482437134
1789729832067983600,2.755983642578125,0.15693414211273193,0.12160231918096542,0.5583798885345459,0.8054789900779724,0.05943261459469795,-1.215932011604309,-0.3434801995754242
1789729832077919700,2.765919677734375,0.1571054756641388,0.12136772274971008,0.5580803155899048,0.8056885600090027,0.05808287486433983,-1.2151249647140503,-0.3447667062282562
1789729832087856400,2.7758564453125,0.1572607457637787,0.1210172176361084,0.5577774047851562,0.8059207797050476,0.05626427009701729,-1.2142598628997803,-0.34633079171180725
1789729832097793000,2.78579296875,0.15748973190784454,0.12065470963716507,0.5574951767921448,0.8061256408691406,0.05413282662630081,-1.213443398475647,-0.34829646348953247
1789729832107729400,2.7957294921875,0.15780521929264069,0.12030953913927078,0.5572724938392639,0.8062695264816284,0.05174126476049423,-1.212782382965088,-0.35066893696784973
1789729832117665800,2.805665771484375,0.15817277133464813,0.11999053508043289,0.5571967363357544,0.8062973618507385,0.04914958029985428,-1.2124866247177124,-0.3533426821231842
1789729832127602200,2.815602294921875,0.15858094394207,0.11972711235284805,0.557304322719574,0.8061819672584534,0.04648303985595703,-1.212655782699585,-0.35621529817581177
1789729832137538800,2.825538818359375,0.15887245535850525,0.1194019690155983,0.5575370192527771,0.8060119152069092,0.043781742453575134,-1.2130898237228394,-0.35885125398635864
1789729832147475200,2.83547509765625,0.15912652015686035,0.11906487494707108,0.5577616095542908,0.8058562278747559,0.041152823716402054,-1.2134950160980225,-0.3613433837890625
1789729832157412000,2.845412109375,0.15946710109710693,0.11878853291273117,0.55787193775177,0.8057533502578735,0.03863712400197983,-1.2136551141738892,-0.36394748091697693
1789729832167347700,2.85534765625,0.1598391830921173,0.11853280663490295,0.5579057931900024,0.8056938052177429,0.03619632124900818,-1.2136403322219849,-0.3665594458580017
1789729832177283300,2.865283447265625,0.16021300852298737,0.11824529618024826,0.5578784346580505,0.8056807518005371,0.033676739782094955,-1.213462471961975,-0.3692121207714081
1789729832187219200,2.87521923828125,0.16058281064033508,0.11784724146127701,0.5577989816665649,0.8057204484939575,0.03073236159980297,-1.213107705116272,-0.3721282482147217
1789729832197155000,2.885155029296875,0.16105729341506958,0.11739558726549149,0.5577220320701599,0.805745005607605,0.02720036916434765,-1.212735891342163,-0.37570756673812866
1789729832207091500,2.895091552734375,0.1614924967288971,0.11682406812906265,0.5577007532119751,0.8057556748390198,0.02319411188364029,-1.2124369144439697,-0.379524827003479
1789729832217028000,2.905028076171875,0.16195325553417206,0.11621921509504318,0.5577272176742554,0.8057323098182678,0.0188986137509346,-1.2122327089309692,-0.38361653685569763
1789729832226965000,2.914965087890625,0.16252702474594116,0.11570625007152557,0.5578215718269348,0.805625319480896,0.014560644514858723,-1.2122306823730469,-0.3880438208580017
1789729832236902100,2.924902099609375,0.16307945549488068,0.11525002866983414,0.5580376386642456,0.8054293990135193,0.010388493537902832,-1.2125400304794312,-0.3923455774784088
1789729832246839600,2.934839599609375,0.16358642280101776,0.1149231344461441,0.558355987071991,0.8051526546478271,0.00680557219311595,-1.213149905204773,-0.39617016911506653
1789729832256776200,2.944776123046875,0.16388651728630066,0.11462953686714172,0.5587719678878784,0.8048447966575623,0.003915595356374979,-1.214003562927246,-0.3990381956100464
1789729832266712000,2.954712158203125,0.16419954597949982,0.11445844173431396,0.5592257380485535,0.8044900894165039,0.0014702584594488144,-1.2150051593780518,-0.4016546607017517
1789729832276647700,2.964647705078125,0.16445563733577728,0.1143389493227005,0.5597184300422668,0.8041120767593384,-0.0006192444125190377,-1.2161232233047485,-0.4039035141468048
1789729832286583800,2.974583740234375,0.1646185666322708,0.11421994119882584,0.5602197647094727,0.8037464618682861,-0.002418723190203309,-1.2172614336013794,-0.4057258665561676
1789729832296520400,2.9845205078125,0.16477632522583008,0.11410082876682281,0.5606651306152344,0.8034204244613647,-0.004132383037358522,-1.2182655334472656,-0.407459557056427
1789729832306457000,2.99445703125,0.164901465177536,0.11392053961753845,0.5610188245773315,0.8031733632087708,-0.005890812259167433,-1.2190197706222534,-0.4091096818447113
1789729832316394000,3.00439404296875,0.1650092899799347,0.11371849477291107,0.5612475275993347,0.8030200600624084,-0.007513253018260002,-1.219464659690857,-0.41057783365249634
1789729832326331400,3.014331298828125,0.16506324708461761,0.11347459256649017,0.5613285899162292,0.8029868602752686,-0.008928919211030006,-1.2195364236831665,-0.41171255707740784
1789729832336268500,3.0242685546875,0.16504813730716705,0.11324179917573929,0.5613219141960144,0.8030274510383606,-0.009929508902132511,-1.2194043397903442,-0.41235435009002686
1789729832346204000,3.034203857421875,0.16510695219039917,0.11322016268968582,0.5613159537315369,0.803022563457489,-0.010219075717031956,-1.2193785905838013,-0.4126993715763092
1789729832356139300,3.04413916015625,0.1651616245508194,0.11340194940567017,0.5614161491394043,0.8029156923294067,-0.00972450990229845,-1.2197080850601196,-0.4125395715236664
1789729832366075000,3.054074951171875,0.16501662135124207,0.11360187828540802,0.5616641044616699,0.8027437925338745,-0.00868549570441246,-1.2204010486602783,-0.4115559756755829
1789729832376010800,3.0640107421875,0.16490864753723145,0.1138751208782196,0.5619936585426331,0.8024965524673462,-0.007553947623819113,-1.221325159072876,-0.4106333255767822
1789729832385948200,3.0739482421875,0.16487571597099304,0.11415139585733414,0.5623933672904968,0.802183985710144,-0.006764399353414774,-1.222417950630188,-0.4101611375808716
1789729832395885600,3.083885498046875,0.16488125920295715,0.1143694594502449,0.5628236532211304,0.8018499612808228,-0.006417382974177599,-1.2235547304153442,-0.4101009666919708
1789729832405823000,3.093822998046875,0.1647610068321228,0.1144084706902504,0.5632473826408386,0.8015715479850769,-0.00645170733332634,-1.224588394165039,-0.4099791944026947
1789729832415759600,3.103759521484375,0.16460871696472168,0.11433427035808563,0.5635557174682617,0.8013966679573059,-0.006726744584739208,-1.2252901792526245,-0.4098973274230957
1789729832425696000,3.113696044921875,0.16425281763076782,0.11404355615377426,0.5637607574462891,0.801366925239563,-0.0071440162137150764,-1.2256394624710083,-0.40935471653938293
1789729832435632400,3.12363232421875,0.16405588388442993,0.11378200352191925,0.5638545751571655,0.8013784289360046,-0.007812079507857561,-1.2257359027862549,-0.40934768319129944
1789729832445569000,3.133569091796875,0.16384297609329224,0.1134541854262352,0.563892662525177,0.8014416098594666,-0.008648415096104145,-1.2256660461425781,-0.4093943238258362
1789729832455505400,3.14350537109375,0.16361308097839355,0.11310415714979172,0.5638791918754578,0.8015475273132324,-0.009451277554035187,-1.2254626750946045,-0.40935492515563965
1789729832465441300,3.153441162109375,0.1635022610425949,0.1129034012556076,0.5638437867164612,0.8016233444213867,-0.009943005628883839,-1.2252795696258545,-0.4093967080116272
1789729832475377000,3.163376953125,0.1634446084499359,0.11289213597774506,0.5638784766197205,0.8016123175621033,-0.00984733086079359,-1.2253578901290894,-0.4091974198818207
1789729832485313000,3.17331298828125,0.16340938210487366,0.11319474875926971,0.564003050327301,0.8014891743659973,-0.008510342799127102,-1.2258063554763794,-0.40823620557785034
1789729832495249200,3.183249267578125,0.16328835487365723,0.11370526254177094,0.5642204284667969,0.8012885451316833,-0.0060446374118328094,-1.226580262184143,-0.4063136875629425
1789729832505185500,3.193185546875,0.16316020488739014,0.1142861396074295,0.5644650459289551,0.8010597229003906,-0.003257002681493759,-1.2274527549743652,-0.40415841341018677
1789729832515122200,3.2031220703125,0.1631728559732437,0.11506396532058716,0.5646939873695374,0.8007844090461731,-0.000007766523594909813,-1.2283824682235718,-0.4020342528820038
1789729832525059000,3.21305908203125,0.16309019923210144,0.11587889492511749,0.5649712085723877,0.8004881143569946,0.00369461253285408,-1.2294443845748901,-0.39936697483062744
1789729832534996000,3.222995849609375,0.162885382771492,0.11664979159832001,0.5652909874916077,0.8001920580863953,0.00757963303476572,-1.230583906173706,-0.39627110958099365
1789729832544932900,3.232932861328125,0.16246068477630615,0.1172676607966423,0.5655847191810608,0.7999804615974426,0.011579974554479122,-1.2315813302993774,-0.392518550157547
1789729832554870000,3.2428701171875,0.16175296902656555,0.11774665862321854,0.5658036470413208,0.7998986840248108,0.016052505001425743,-1.2323235273361206,-0.38768503069877625
1789729832564806400,3.252806396484375,0.1608654409646988,0.11824876070022583,0.5659298300743103,0.7999143600463867,0.021417709067463875,-1.2328425645828247,-0.38173723220825195
1789729832574742500,3.262742431640625,0.15971390902996063,0.1187044233083725,0.5659328103065491,0.8000755310058594,0.027676209807395935,-1.2330248355865479,-0.37445369362831116
1789729832584679000,3.272678955078125,0.15845279395580292,0.11913427710533142,0.5657530426979065,0.8003894090652466,0.03443184867501259,-1.2327361106872559,-0.36649084091186523
1789729832594615000,3.282614990234375,0.1574772745370865,0.11972653865814209,0.5653663277626038,0.8007667660713196,0.041179075837135315,-1.2320184707641602,-0.35920754075050354
1789729832604551200,3.29255126953125,0.15677012503147125,0.12044171988964081,0.5648306012153625,0.8011761903762817,0.04770179092884064,-1.2309954166412354,-0.3527320921421051
1789729832614487600,3.302487548828125,0.15621082484722137,0.12112753093242645,0.5641741156578064,0.801644504070282,0.053656239062547684,-1.229665756225586,-0.3470093607902527
1789729832624424000,3.312423828125,0.15576982498168945,0.12168681621551514,0.5634397864341736,0.8021618723869324,0.05863258242607117,-1.228094220161438,-0.34226125478744507
1789729832634360800,3.32236083984375,0.15556713938713074,0.12216851115226746,0.5626611709594727,0.8026743531227112,0.06241579353809357,-1.2263963222503662,-0.33894670009613037
1789729832644298200,3.33229833984375,0.1554436981678009,0.12233949452638626,0.5619085431098938,0.803199291229248,0.06440211087465286,-1.2246373891830444,-0.3370923399925232
1789729832654234600,3.342234619140625,0.15549252927303314,0.1221601665019989,0.5612280964851379,0.8036927580833435,0.06406550854444504,-1.2229232788085938,-0.33729901909828186
1789729832664169700,3.352169677734375,0.15565836429595947,0.12155406177043915,0.56063312292099,0.804167628288269,0.06125552952289581,-1.2212488651275635,-0.33952367305755615
1789729832674105000,3.36210498046875,0.1559506505727768,0.12052064388990402,0.5601421594619751,0.8046085834503174,0.05594935268163681,-1.2196555137634277,-0.3438010513782501
1789729832684040700,3.372040771484375,0.15634775161743164,0.11914202570915222,0.5597639679908752,0.8049998879432678,0.048616550862789154,-1.218187689781189,-0.34974807500839233
1789729832693976800,3.381976806640625,0.15678465366363525,0.11743225902318954,0.5594868063926697,0.8053587675094604,0.03956811875104904,-1.2168099880218506,-0.3569808006286621
1789729832703913500,3.39191357421875,0.1573459953069687,0.11560056358575821,0.5593125820159912,0.8056352734565735,0.029485827311873436,-1.2156120538711548,-0.36524468660354614
1789729832713850400,3.401850341796875,0.1580948531627655,0.11392364650964737,0.5592538714408875,0.8057683110237122,0.019399434328079224,-1.2147423028945923,-0.37400248646736145
1789729832723787800,3.411787841796875,0.15880142152309418,0.11237064003944397,0.5593301057815552,0.8057944774627686,0.009885079227387905,-1.2142258882522583,-0.3822952210903168
1789729832733725200,3.42172509765625,0.15943552553653717,0.11091433465480804,0.5595048069953918,0.805749773979187,0.0009404707234352827,-1.2139670848846436,-0.39004451036453247
1789729832743663400,3.431663330078125,0.16016878187656403,0.10962798446416855,0.559768795967102,0.8055970072746277,-0.007681378163397312,-1.2139813899993896,-0.3978556990623474
1789729832753599000,3.441598876953125,0.16088145971298218,0.10842572152614594,0.5601093769073486,0.8053809404373169,-0.01596919633448124,-1.214199423789978,-0.4054185748100281
1789729832763534800,3.451534912109375,0.16150687634944916,0.10732870548963547,0.5604479908943176,0.8051671385765076,-0.02350001409649849,-1.2144488096237183,-0.41224992275238037
1789729832773470700,3.461470703125,0.16191290318965912,0.10628864914178848,0.5607434511184692,0.8050178289413452,-0.02998674474656582,-1.214617133140564,-0.4178020656108856
1789729832783406600,3.471406494140625,0.16209723055362701,0.10536019504070282,0.5609177947044373,0.8049813508987427,-0.03504740074276924,-1.2145540714263916,-0.4217754602432251
1789729832793343200,3.48134326171875,0.16202209889888763,0.1046629324555397,0.5608817934989929,0.8051124811172485,-0.03786974400281906,-1.2141164541244507,-0.4234822392463684
1789729832803280100,3.491280029296875,0.16166998445987701,0.10426396131515503,0.5605574250221252,0.8054608702659607,-0.03797261044383049,-1.2131597995758057,-0.4225190579891205
1789729832813217000,3.501217041015625,0.16129553318023682,0.10433027148246765,0.5599371194839478,0.8059586882591248,-0.0354633592069149,-1.2117387056350708,-0.4196087419986725
1789729832823154200,3.511154296875,0.16092462837696075,0.1047912985086441,0.55907142162323,0.806573748588562,-0.030855629593133926,-1.2099310159683228,-0.4151969254016876
1789729832833091000,3.521091064453125,0.1606086939573288,0.10560370236635208,0.5580011010169983,0.8072715997695923,-0.024611301720142365,-1.2078042030334473,-0.40975549817085266
1789729832843027500,3.53102734375,0.16037866473197937,0.10671405494213104,0.5567996501922607,0.8080005645751953,-0.017209963873028755,-1.2055007219314575,-0.40372687578201294
1789729832852964000,3.540964111328125,0.1601855307817459,0.10797146707773209,0.5555576682090759,0.80872642993927,-0.009309337474405766,-1.2031595706939697,-0.3974713385105133
1789729832862900500,3.550900390625,0.1600605845451355,0.10927321016788483,0.5543639063835144,0.8093952536582947,-0.0015856686513870955,-1.2009410858154297,-0.3915546238422394
1789729832872836900,3.5608369140625,0.16001425683498383,0.1105058565735817,0.5532925724983215,0.8099699020385742,0.005349184852093458,-1.1989710330963135,-0.38643306493759155
1789729832882773500,3.5707734375,0.15982498228549957,0.11143539100885391,0.5524270534515381,0.8104705214500427,0.011092632077634335,-1.1973402500152588,-0.38183680176734924
1789729832892710000,3.5807099609375,0.1597128063440323,0.11215092241764069,0.5517559051513672,0.8108510375022888,0.015383445657789707,-1.1960692405700684,-0.37847936153411865
1789729832902646300,3.590646240234375,0.15953226387500763,0.11254832148551941,0.5512614250183105,0.8111677765846252,0.01826833374798298,-1.195069670677185,-0.37595072388648987
1789729832912583000,3.6005830078125,0.15940208733081818,0.11265793442726135,0.5509006381034851,0.8114232420921326,0.019574372097849846,-1.1942577362060547,-0.3746453523635864
1789729832922518500,3.6105185546875,0.1594434529542923,0.11254577338695526,0.5506673455238342,0.8115890026092529,0.019229749217629433,-1.1936532258987427,-0.37490904331207275
1789729832932454100,3.6204541015625,0.1595761924982071,0.11217686533927917,0.5505853295326233,0.811669647693634,0.01731097511947155,-1.1932944059371948,-0.3764948844909668
1789729832942390000,3.63039013671875,0.15986418724060059,0.11168645322322845,0.5506333112716675,0.8116480112075806,0.0142319705337286,-1.1931909322738647,-0.37928056716918945
1789729832952326100,3.640326171875,0.16036005318164825,0.11116146296262741,0.5507916212081909,0.8115148544311523,0.010224799625575542,-1.1933339834213257,-0.3832395374774933
1789729832962262500,3.650262451171875,0.16092491149902344,0.11053135991096497,0.5510784387588501,0.8112943768501282,0.00538425100967288,-1.1937283277511597,-0.38796937465667725
1789729832972199400,3.660199462890625,0.1616286337375641,0.10987550765275955,0.5514854788780212,0.8109669089317322,-0.00016568004502914846,-1.1943883895874023,-0.393564373254776
1789729832982136300,3.67013623046875,0.16233375668525696,0.10915113240480423,0.5520027875900269,0.8105717897415161,-0.006183069199323654,-1.1952669620513916,-0.39952021837234497
1789729832992073500,3.680073486328125,0.16299454867839813,0.10837164521217346,0.5526098012924194,0.8101301193237305,-0.012451675720512867,-1.19632089138031,-0.40557482838630676
1789729833002011100,3.69001123046875,0.16362446546554565,0.10748293995857239,0.5533154010772705,0.8096397519111633,-0.01927178166806698,-1.1975430250167847,-0.4119691252708435
1789729833011947500,3.699947509765625,0.1642611026763916,0.10648800432682037,0.5540844202041626,0.8091161847114563,-0.026711689308285713,-1.198848009109497,-0.4188343584537506
1789729833021884000,3.7098837890625,0.16473045945167542,0.10536704212427139,0.5548630952835083,0.8086338043212891,-0.03423332795500755,-1.2001031637191772,-0.42535337805747986
1789729833031820300,3.7198203125,0.16493216156959534,0.10419859737157822,0.5555574297904968,0.8082672357559204,-0.04102424904704094,-1.201133131980896,-0.4306882619857788
1789729833041757200,3.729757080078125,0.165069580078125,0.10320563614368439,0.5561164021492004,0.8079821467399597,-0.04666447639465332,-1.2019293308258057,-0.4350447654724121
1789729833051693000,3.739693115234375,0.1651919186115265,0.10261213034391403,0.5565745234489441,0.8077172636985779,-0.050376053899526596,-1.2026917934417725,-0.4380377531051636
1789729833061629000,3.74962890625,0.16506558656692505,0.10247838497161865,0.5569073557853699,0.8075306415557861,-0.05109395831823349,-1.2034142017364502,-0.4383479654788971
1789729833071564800,3.759564697265625,0.1645096093416214,0.1027134582400322,0.5569815635681152,0.807563066482544,-0.04840068519115448,-1.2037467956542969,-0.43517228960990906
1789729833081501200,3.769501220703125,0.1638040840625763,0.10326690971851349,0.5566569566726685,0.8078596591949463,-0.043197933584451675,-1.2033075094223022,-0.429762601852417
1789729833091438000,3.77943798828125,0.1632108837366104,0.1040964350104332,0.5558756589889526,0.8084110021591187,-0.03646267578005791,-1.2019151449203491,-0.4234244227409363
1789729833101374700,3.789374755859375,0.16277363896369934,0.10507118701934814,0.5546944737434387,0.8091840147972107,-0.029051190242171288,-1.1996312141418457,-0.4168849289417267
1789729833111311600,3.7993115234375,0.16248737275600433,0.106035016477108,0.5532045960426331,0.8101352453231812,-0.021811481565237045,-1.1965948343276978,-0.41075167059898376
1789729833121249300,3.809249267578125,0.16258782148361206,0.10706757009029388,0.5515337586402893,0.8111178874969482,-0.015340770594775677,-1.193145990371704,-0.40607285499572754
1789729833131184400,3.819184326171875,0.16305097937583923,0.10815734416246414,0.549909234046936,0.8119828701019287,-0.009904522448778152,-1.189825415611267,-0.40304309129714966
1789729833141120000,3.8291201171875,0.16378043591976166,0.10923560708761215,0.548509418964386,0.8126382827758789,-0.005694664549082518,-1.1870293617248535,-0.4015967845916748
1789729833151056400,3.839056396484375,0.16470284759998322,0.11024312674999237,0.5474620461463928,0.8130219578742981,-0.0028622192330658436,-1.1850345134735107,-0.40167906880378723
1789729833160992800,3.84899267578125,0.1656482070684433,0.11105901002883911,0.546843945980072,0.8131348490715027,-0.0014725569635629654,-1.1839652061462402,-0.4029214084148407
1789729833170929400,3.858929443359375,0.16658569872379303,0.11158957332372665,0.5466321110725403,0.8130130767822266,-0.0017871558666229248,-1.1837197542190552,-0.40540507435798645
1789729833180866300,3.8688662109375,0.16740188002586365,0.11181667447090149,0.5468328595161438,0.8126791715621948,-0.0035536903887987137,-1.1843016147613525,-0.4086828827857971
1789729833190803700,3.8788037109375,0.16804182529449463,0.11188042163848877,0.5473656058311462,0.8121795654296875,-0.005925856065005064,-1.1855862140655518,-0.4120387136936188
1789729833200740400,3.888740234375,0.16846099495887756,0.11183195561170578,0.5480654835700989,0.811627209186554,-0.008346407674252987,-1.1872098445892334,-0.4149394631385803
1789729833210677000,3.898677001953125,0.1686757504940033,0.11162970215082169,0.5487510561943054,0.8111470937728882,-0.010797723196446896,-1.188724398612976,-0.4173486530780792
1789729833220613400,3.90861328125,0.16883310675621033,0.11134098470211029,0.5492905378341675,0.8107888102531433,-0.013257050886750221,-1.1898504495620728,-0.4195699989795685
1789729833230549800,3.9185498046875,0.16911643743515015,0.11112704128026962,0.5495683550834656,0.8105707764625549,-0.015431527979671955,-1.1903928518295288,-0.42182499170303345
1789729833240486400,3.928486328125,0.16958588361740112,0.11111737787723541,0.5495650172233582,0.8104763031005859,-0.01691618748009205,-1.190370798110962,-0.42398664355278015
1789729833250422800,3.9384228515625,0.17019587755203247,0.11123590171337128,0.549269437789917,0.8105325102806091,-0.017870869487524033,-1.1897211074829102,-0.426038533449173
1789729833260359200,3.948359130859375,0.17087268829345703,0.11131878197193146,0.5486605167388916,0.8107911348342896,-0.018728747963905334,-1.188313364982605,-0.4280703067779541
1789729833270295600,3.958295654296875,0.17170636355876923,0.11135026812553406,0.547776460647583,0.8112083673477173,-0.019877905026078224,-1.1862289905548096,-0.43057671189308167
1789729833280232200,3.968232177734375,0.17273849248886108,0.1114048957824707,0.5467694997787476,0.8116609454154968,-0.021335333585739136,-1.1838632822036743,-0.43373021483421326
1789729833290168600,3.97816845703125,0.17383050918579102,0.11148261278867722,0.5457987785339355,0.812070369720459,-0.022902263328433037,-1.1815944910049438,-0.4371131956577301
1789729833300105000,3.98810498046875,0.17495498061180115,0.11160783469676971,0.544979989528656,0.8123615384101868,-0.024562280625104904,-1.1797065734863281,-0.4406927824020386
1789729833310041600,3.99804150390625,0.1759442538022995,0.11170940101146698,0.5443915128707886,0.8125284910202026,-0.02623124048113823,-1.1783506870269775,-0.44402632117271423
1789729833319978000,4.00797802734375,0.17687009274959564,0.11183037608861923,0.544131875038147,0.8124847412109375,-0.028100106865167618,-1.1777760982513428,-0.4474624693393707
1789729833329914400,4.017914306640625,0.17779824137687683,0.11208272725343704,0.544247031211853,0.8121702075004578,-0.02998542971909046,-1.178147315979004,-0.4510726034641266
1789729833339850800,4.027850830078125,0.1785525679588318,0.11238797008991241,0.5447295308113098,0.8116388916969299,-0.03169548511505127,-1.17941153049469,-0.4542912244796753
1789729833349787400,4.037787353515625,0.17907387018203735,0.11265737563371658,0.5454671382904053,0.8109910488128662,-0.03326306864619255,-1.1812617778778076,-0.45694610476493835
1789729833359723800,4.047723876953125,0.1795598268508911,0.11290948837995529,0.5463663935661316,0.8102428317070007,-0.035068344324827194,-1.1834824085235596,-0.45974546670913696
1789729833369660200,4.05766015625,0.18003566563129425,0.11310912668704987,0.547389566898346,0.8094183802604675,-0.03728610649704933,-1.185964822769165,-0.4628542959690094
1789729833379596800,4.0675966796875,0.18064090609550476,0.11333721876144409,0.5484309792518616,0.808546245098114,-0.039847735315561295,-1.1884995698928833,-0.4665377736091614
1789729833389533200,4.077533203125,0.1813364028930664,0.11354796588420868,0.5494729280471802,0.8076530694961548,-0.042806804180145264,-1.1910204887390137,-0.4707269072532654
1789729833399469600,4.087469482421875,0.18228960037231445,0.11367370933294296,0.5506221055984497,0.8066375255584717,-0.04716188460588455,-1.1937276124954224,-0.4765591621398926
1789729833409406200,4.09740625,0.18348868191242218,0.11368221789598465,0.5520580410957336,0.8053820133209229,-0.053368616849184036,-1.1970170736312866,-0.4844086766242981
1789729833419342600,4.107342529296875,0.1848001331090927,0.11356836557388306,0.5538387298583984,0.8038742542266846,-0.061214640736579895,-1.2010202407836914,-0.4938538670539856
1789729833429279000,4.117279052734375,0.18605254590511322,0.11322419345378876,0.5560460090637207,0.8021082282066345,-0.07087106257677078,-1.2058682441711426,-0.504649817943573
1789729833439215400,4.12721533203125,0.18715618550777435,0.11263994872570038,0.5587846636772156,0.8000277876853943,-0.08243545144796371,-1.2117975950241089,-0.5167396068572998
1789729833449152000,4.137152099609375,0.18803410232067108,0.11195287853479385,0.5619814991950989,0.7976757287979126,-0.09508224576711655,-1.2187234163284302,-0.5293927192687988
1789729833459088400,4.14708837890625,0.18865236639976501,0.11139993369579315,0.5654732584953308,0.7951353788375854,-0.10743099451065063,-1.2264232635498047,-0.5415385961532593
1789729833469024800,4.157024658203125,0.18931080400943756,0.11102565377950668,0.5683971047401428,0.79294353723526,-0.1183200404047966,-1.2328885793685913,-0.5525996685028076
1789729833478961400,4.16696142578125,0.18953199684619904,0.11064071208238602,0.5712385773658752,0.7908999919891357,-0.12790051102638245,-1.2392038106918335,-0.5617045760154724
1789729833488897800,4.176897705078125,0.18959322571754456,0.11042828857898712,0.5737993121147156,0.7890591621398926,-0.13572707772254944,-1.244999885559082,-0.5690973401069641
1789729833498834200,4.186834228515625,0.18946173787117004,0.11033041775226593,0.5760003924369812,0.787499189376831,-0.1415952891111374,-1.250069260597229,-0.5744471549987793
1789729833508770600,4.1967705078125,0.18954044580459595,0.11066184937953949,0.577720046043396,0.7861729264259338,-0.14509594440460205,-1.2542800903320312,-0.5784004330635071
1789729833518707200,4.206707275390625,0.18982090055942535,0.1114581748843193,0.5788862109184265,0.7851343154907227,-0.14571256935596466,-1.2574940919876099,-0.5804835557937622
1789729833528643600,4.2166435546875,0.19027189910411835,0.1126997247338295,0.5795254707336426,0.7843759059906006,-0.14340369403362274,-1.2597663402557373,-0.5805772542953491
1789729833538580000,4.226580078125,0.1909770369529724,0.11438185721635818,0.5797188878059387,0.7838179469108582,-0.13870877027511597,-1.2612659931182861,-0.57933109998703
1789729833548516600,4.2365166015625,0.1918652504682541,0.11641751229763031,0.5795761346817017,0.7834067940711975,-0.13207150995731354,-1.2621997594833374,-0.57695072889328
1789729833558453000,4.246452880859375,0.19275319576263428,0.11863292008638382,0.5792375802993774,0.783106803894043,-0.12400402128696442,-1.262802004814148,-0.5734167695045471
1789729833568389400,4.256389404296875,0.19361816346645355,0.12091343849897385,0.5788977146148682,0.7827959060668945,-0.11551479995250702,-1.2634495496749878,-0.5695233941078186
1789729833578325800,4.26632568359375,0.19446666538715363,0.1232496052980423,0.5786920785903931,0.7823731303215027,-0.10703732073307037,-1.2644511461257935,-0.56568843126297
1789729833588262400,4.276262451171875,0.19513624906539917,0.12556512653827667,0.5787016153335571,0.7818309664726257,-0.09848290681838989,-1.2659673690795898,-0.5614664554595947
1789729833598198800,4.28619873046875,0.19570621848106384,0.12790539860725403,0.5790126919746399,0.7810784578323364,-0.09014344215393066,-1.2682218551635742,-0.5573241710662842
1789729833608135200,4.29613525390625,0.19604483246803284,0.1300785094499588,0.5796844959259033,0.7801358103752136,-0.08254322409629822,-1.2712405920028687,-0.5533084273338318
1789729833618071800,4.30607177734375,0.19618335366249084,0.13206465542316437,0.5806638598442078,0.7790381908416748,-0.07574237138032913,-1.27488374710083,-0.5495011210441589
1789729833628008200,4.31600830078125,0.19630300998687744,0.13396689295768738,0.5818714499473572,0.7777812480926514,-0.06976590305566788,-1.2790172100067139,-0.5463506579399109
1789729833637944600,4.325944580078125,0.196376770734787,0.13563227653503418,0.5832349061965942,0.776451587677002,-0.06510747969150543,-1.2833726406097412,-0.5440956354141235
1789729833647881000,4.335880859375,0.19660833477973938,0.1372380554676056,0.5845573544502258,0.7751151919364929,-0.06125730648636818,-1.2875845432281494,-0.5427998900413513
1789729833657817600,4.345817626953125,0.1967826932668686,0.13878479599952698,0.5857458114624023,0.7738974094390869,-0.057039275765419006,-1.291447401046753,-0.5409789681434631
1789729833667754000,4.35575390625,0.19699639081954956,0.14034061133861542,0.586698591709137,0.7728400230407715,-0.052246470004320145,-1.2947535514831543,-0.5386749505996704
1789729833677690400,4.3656904296875,0.19724373519420624,0.14175643026828766,0.5873115062713623,0.7720525860786438,-0.047383032739162445,-1.297149896621704,-0.5361757874488831
1789729833687627000,4.375626953125,0.19766344130039215,0.14307668805122375,0.587458610534668,0.7715896964073181,-0.04254636541008949,-1.2983522415161133,-0.5338581204414368
1789729833697563400,4.3855634765625,0.1979987472295761,0.14419829845428467,0.5871644020080566,0.7715188264846802,-0.03721824660897255,-1.2983626127243042,-0.5306739211082458
1789729833707499800,4.395499755859375,0.19813576340675354,0.14516550302505493,0.5865065455436707,0.7718026041984558,-0.030884649604558945,-1.2974002361297607,-0.5259993076324463
1789729833717436400,4.4054365234375,0.19818083941936493,0.14615340530872345,0.5855504274368286,0.7723304033279419,-0.023315778002142906,-1.2957273721694946,-0.520010232925415
1789729833727373600,4.41537353515625,0.1981968730688095,0.14740706980228424,0.5845799446105957,0.7728230357170105,-0.014224710874259472,-1.2941797971725464,-0.5128441452980042
1789729833737310200,4.425310302734375,0.19838447868824005,0.14926597476005554,0.5838320255279541,0.7729834318161011,-0.0032375056762248278,-1.2935365438461304,-0.5048956274986267
1789729833747246600,4.43524658203125,0.19837601482868195,0.15106716752052307,0.5835484862327576,0.7728497982025146,0.007246163208037615,-1.2939671277999878,-0.4970395863056183
1789729833757183000,4.445182861328125,0.19838036596775055,0.15283408761024475,0.5836023092269897,0.7724605798721313,0.016779499128460884,-1.2951816320419312,-0.4900748133659363
1789729833767119600,4.45511962890625,0.1986115574836731,0.15470290184020996,0.5838758945465088,0.7718221545219421,0.025436395779252052,-1.2969884872436523,-0.48445063829421997
1789729833777055500,4.465055419921875,0.19899971783161163,0.15651358664035797,0.5842934846878052,0.771040678024292,0.03282901272177696,-1.2991126775741577,-0.4802260398864746
1789729833786991400,4.474991455078125,0.19944141805171967,0.1580929458141327,0.5847312211990356,0.7702721357345581,0.03871183842420578,-1.3011490106582642,-0.4772530198097229
1789729833796927500,4.484927490234375,0.2000194638967514,0.1595287322998047,0.5851463675498962,0.7695105671882629,0.04324349761009216,-1.3030527830123901,-0.4756259620189667
1789729833806864400,4.494864501953125,0.2006329447031021,0.16081209480762482,0.5857020616531372,0.7686604857444763,0.04648910090327263,-1.3052165508270264,-0.47510388493537903
1789729833816801300,4.50480126953125,0.20114722847938538,0.16174548864364624,0.5865743160247803,0.7676644921302795,0.047575365751981735,-1.307948350906372,-0.4760585129261017
1789729833826738200,4.51473828125,0.2013048678636551,0.16208426654338837,0.5878365635871887,0.7665854096412659,0.04613059014081955,-1.3112659454345703,-0.47811955213546753
1789729833836675000,4.524675048828125,0.2011597603559494,0.16230575740337372,0.5895092487335205,0.7652910947799683,0.04457010328769684,-1.3155105113983154,-0.4796455204486847
1789729833846611500,4.534611572265625,0.20052805542945862,0.16227227449417114,0.5915802121162415,0.7638645768165588,0.0430259071290493,-1.320562720298767,-0.48003602027893066
1789729833856547000,4.544547119140625,0.19928357005119324,0.161666601896286,0.5940317511558533,0.7624147534370422,0.040280915796756744,-1.3261874914169312,-0.47986531257629395
1789729833866483700,4.554483642578125,0.19756141304969788,0.16063587367534637,0.5967599153518677,0.760948896408081,0.03673134371638298,-1.3322330713272095,-0.47916337847709656
1789729833876420000,4.564420166015625,0.19549162685871124,0.15943284332752228,0.5996001958847046,0.7595023512840271,0.03364607319235802,-1.338459849357605,-0.477236807346344
1789729833886356500,4.5743564453125,0.19324469566345215,0.15823163092136383,0.6023780107498169,0.7581292390823364,0.03168926388025284,-1.34455144405365,-0.4739396870136261
1789729833896293000,4.584293212890625,0.19092482328414917,0.15711520612239838,0.604941189289093,0.7569073438644409,0.0312931127846241,-1.350182294845581,-0.4691246747970581
1789729833906229500,4.5942294921875,0.18883320689201355,0.15624947845935822,0.6071280241012573,0.7558595538139343,0.032300230115652084,-1.3550516366958618,-0.46364060044288635
1789729833916166000,4.604165771484375,0.1866575926542282,0.15514685213565826,0.6089783906936646,0.7551382184028625,0.03317256644368172,-1.358950138092041,-0.4578545391559601
1789729833926102300,4.614102294921875,0.18417394161224365,0.1542932391166687,0.6113116145133972,0.7540369033813477,0.036622002720832825,-1.3642088174819946,-0.4493767321109772
1789729833936039000,4.624038818359375,0.1818559467792511,0.15412838757038116,0.6135426163673401,0.7528202533721924,0.04460122063755989,-1.3696237802505493,-0.43762508034706116
1789729833945975300,4.633975341796875,0.17912498116493225,0.1544731706380844,0.6153609752655029,0.751919686794281,0.06071284040808678,-1.3742356300354004,-0.41790950298309326
1789729833955911700,4.64391162109375,0.17657798528671265,0.15471678972244263,0.6169612407684326,0.7511602640151978,0.07609692960977554,-1.3782111406326294,-0.39906254410743713
1789729833965848600,4.6538486328125,0.1749345362186432,0.15475158393383026,0.6184248924255371,0.7503336071968079,0.08453342318534851,-1.3817970752716064,-0.3881922960281372
1789729833975785500,4.663785400390625,0.1738041192293167,0.15490345656871796,0.619774341583252,0.7494509816169739,0.09087643027305603,-1.3852018117904663,-0.3803425431251526
1789729833985722000,4.67372216796875,0.17294786870479584,0.15547923743724823,0.6209841966629028,0.7485278248786926,0.09925329685211182,-1.388486385345459,-0.37148356437683105
1789729833995658800,4.68365869140625,0.17222526669502258,0.1563320755958557,0.6221070885658264,0.74758380651474,0.10943711549043655,-1.3916887044906616,-0.3614203631877899
1789729834005595100,4.69359521484375,0.17176780104637146,0.15733285248279572,0.6231362819671631,0.746621310710907,0.11942444741725922,-1.3947458267211914,-0.3521610200405121
1789729834015531800,4.70353173828125,0.17146766185760498,0.15828964114189148,0.624129593372345,0.745657742023468,0.12822705507278442,-1.3977060317993164,-0.34425491094589233
1789729834025468200,4.71346826171875,0.17131398618221283,0.15933088958263397,0.6251397728919983,0.7446243762969971,0.13690148293972015,-1.400767207145691,-0.33681270480155945
1789729834035404500,4.723404541015625,0.17100799083709717,0.16031119227409363,0.626284122467041,0.7435218691825867,0.146326944231987,-1.4041156768798828,-0.32830357551574707
1789729834045341000,4.7333408203125,0.1705082505941391,0.16108185052871704,0.6274709105491638,0.7424687147140503,0.15569233894348145,-1.407437801361084,-0.3192671835422516
1789729834055277600,4.743277587890625,0.1699221283197403,0.16170184314250946,0.6285951733589172,0.7415167689323425,0.16480621695518494,-1.4105072021484375,-0.3101426362991333
1789729834065214000,4.7532138671875,0.1694360077381134,0.162471741437912,0.6295761466026306,0.7406269311904907,0.1750243753194809,-1.4132754802703857,-0.30028530955314636
1789729834075150300,4.763150390625,0.16894349455833435,0.16318418085575104,0.6304200887680054,0.7398645281791687,0.18521814048290253,-1.4156485795974731,-0.2903675436973572
1789729834085087000,4.7730869140625,0.16852399706840515,0.16396209597587585,0.6311372518539429,0.7391764521598816,0.19583554565906525,-1.4177201986312866,-0.28023433685302734
1789729834095023400,4.7830234375,0.168396458029747,0.1649477630853653,0.6316115856170654,0.7385808229446411,0.2064177244901657,-1.419295310974121,-0.2708755135536194
1789729834104959700,4.792959716796875,0.16845373809337616,0.16600604355335236,0.6318265795707703,0.7381466627120972,0.21643415093421936,-1.4202548265457153,-0.2624698877334595
1789729834114896100,4.802896240234375,0.16900745034217834,0.1671474128961563,0.6318532228469849,0.737739622592926,0.2231191247701645,-1.4208868741989136,-0.25824829936027527
1789729834124832800,4.812832763671875,0.1699177324771881,0.16829296946525574,0.6319005489349365,0.7372294068336487,0.2267533838748932,-1.4216831922531128,-0.2576023042201996
1789729834134769200,4.82276904296875,0.17089343070983887,0.1694158911705017,0.6320739388465881,0.7365977168083191,0.22956527769565582,-1.4228273630142212,-0.2578350305557251
1789729834144705500,4.83270556640625,0.17168311774730682,0.1704150140285492,0.6325170397758484,0.7358028292655945,0.23271428048610687,-1.4245867729187012,-0.25726810097694397
1789729834154642200,4.84264208984375,0.17219625413417816,0.17125152051448822,0.6332595944404602,0.7348493933677673,0.23665641248226166,-1.426996111869812,-0.255254864692688
1789729834164578600,4.85257861328125,0.1724417805671692,0.17188085615634918,0.6342481374740601,0.7337915897369385,0.24093414843082428,-1.4299018383026123,-0.25220394134521484
1789729834174515000,4.862514892578125,0.17265313863754272,0.17228485643863678,0.6354617476463318,0.7325961589813232,0.24319733679294586,-1.43331778049469,-0.25078022480010986
1789729834184451300,4.872451416015625,0.17300468683242798,0.17250844836235046,0.6369495391845703,0.731167197227478,0.24210697412490845,-1.4374513626098633,-0.2526407241821289
1789729834194388000,4.882387939453125,0.1733822226524353,0.17257459461688995,0.6387548446655273,0.7294853329658508,0.2387561798095703,-1.4423904418945312,-0.25655844807624817
1789729834204324400,4.892324462890625,0.17357969284057617,0.17243140935897827,0.6408003568649292,0.7276760339736938,0.23443683981895447,-1.4478474855422974,-0.26087045669555664
1789729834214260700,4.9022607421875,0.17383262515068054,0.17210175096988678,0.642460823059082,0.7262281179428101,0.2269040197134018,-1.4522368907928467,-0.26822397112846375
1789729834224197400,4.912197265625,0.17397943139076233,0.17169316112995148,0.6440999507904053,0.7248364686965942,0.2190311998128891,-1.4565097093582153,-0.2756514251232147
1789729834234133800,4.9221337890625,0.17396005988121033,0.1711164116859436,0.6462351083755493,0.7230748534202576,0.20987661182880402,-1.4620006084442139,-0.2838577926158905
1789729834244070100,4.932070068359375,0.1739307940006256,0.1705094426870346,0.6482993960380554,0.7213754057884216,0.1995823234319687,-1.467292070388794,-0.2931521534919739
1789729834254006800,4.9420068359375,0.17391911149024963,0.1698586344718933,0.6503960490226746,0.7196424007415771,0.1872786283493042,-1.4726598262786865,-0.30442073941230774
1789729834263943200,4.951943115234375,0.17379292845726013,0.169150710105896,0.6526130437850952,0.717830240726471,0.1741461604833603,-1.4782987833023071,-0.3162682056427002
1789729834273879600,4.961879638671875,0.17361512780189514,0.1684211790561676,0.6549923419952393,0.7158750891685486,0.1594068706035614,-1.4843553304672241,-0.32961615920066833
1789729834283816000,4.97181591796875,0.17337632179260254,0.16771087050437927,0.6569633483886719,0.7142918705940247,0.14528869092464447,-1.4893039464950562,-0.3422977924346924
1789729834293752600,4.981752685546875,0.17318424582481384,0.16705738008022308,0.6589323878288269,0.7126760482788086,0.12964077293872833,-1.494280219078064,-0.35666364431381226
1789729834303689000,4.99168896484375,0.1731579601764679,0.1665513664484024,0.6608275175094604,0.7110443115234375,0.1119316890835762,-1.4991532564163208,-0.3735522925853729
1789729834313625300,5.001625244140625,0.17337492108345032,0.16628684103488922,0.6626608967781067,0.7093450427055359,0.09200664609670639,-1.504006266593933,-0.39336633682250977
1789729834323562000,5.01156201171875,0.173688143491745,0.16621387004852295,0.6644870042800903,0.7075750231742859,0.07108570635318756,-1.5089412927627563,-0.4145980179309845
1789729834333498400,5.021498291015625,0.17389848828315735,0.16614268720149994,0.6663056015968323,0.7058277130126953,0.04914814233779907,-1.513828992843628,-0.4367018938064575
1789729834343434800,5.031434814453125,0.1736476719379425,0.16569361090660095,0.6681134700775146,0.7042843699455261,0.02594250813126564,-1.5184143781661987,-0.45885634422302246
1789729834353371100,5.04137109375,0.17308613657951355,0.16521859169006348,0.6698364615440369,0.702896237373352,0.007997546344995499,-1.5227326154708862,-0.47526466846466064
1789729834363307800,5.051307861328125,0.17235495150089264,0.16482149064540863,0.6712696552276611,0.701801061630249,-0.001113350735977292,-1.526321530342102,-0.48271194100379944
1789729834373244200,5.061244140625,0.17162883281707764,0.16449415683746338,0.6722332835197449,0.701133131980896,-0.002010626718401909,-1.5286974906921387,-0.48206236958503723
1789729834383180500,5.0711806640625,0.1710592657327652,0.16430167853832245,0.672537624835968,0.7010255455970764,0.0065649403259158134,-1.5293872356414795,-0.47237327694892883
1789729834393117200,5.0811171875,0.1706184446811676,0.1643139123916626,0.6721311807632446,0.7015197277069092,0.027839420363307,-1.5282845497131348,-0.45047998428344727
1789729834403053600,5.091053466796875,0.1704886108636856,0.16474345326423645,0.6711359620094299,0.7024028301239014,0.05766574293375015,-1.5258334875106812,-0.42110350728034973
1789729834412990200,5.100990234375,0.17082402110099792,0.16564585268497467,0.6696864366531372,0.703491747379303,0.08830075711011887,-1.5224246978759766,-0.3922901451587677
1789729834422926800,5.1109267578125,0.171562060713768,0.16690535843372345,0.6679022908210754,0.7047095894813538,0.11591603606939316,-1.518322229385376,-0.3676103949546814
1789729834432863200,5.12086328125,0.17278599739074707,0.16854266822338104,0.6658923625946045,0.7059219479560852,0.13825346529483795,-1.5138624906539917,-0.349474161863327
1789729834442799900,5.1307998046875,0.17440421879291534,0.17040957510471344,0.6637980937957764,0.7070472240447998,0.15431924164295197,-1.5093621015548706,-0.33852341771125793
1789729834452736500,5.140736572265625,0.17625123262405396,0.17233040928840637,0.6617158055305481,0.7080748081207275,0.16481441259384155,-1.5049896240234375,-0.33356335759162903
1789729834462673000,5.1506728515625,0.17815400660037994,0.1741335541009903,0.6597408652305603,0.708999752998352,0.17047487199306488,-1.5008878707885742,-0.33335161209106445
1789729834472609500,5.160609619140625,0.1802416890859604,0.17583110928535461,0.6579826474189758,0.7096866369247437,0.16959740221500397,-1.4973928928375244,-0.3397939205169678
1789729834482546200,5.170546142578125,0.18230587244033813,0.17721697688102722,0.6566019654273987,0.7100933194160461,0.16238264739513397,-1.4947870969772339,-0.35208141803741455
1789729834492482800,5.18048291015625,0.1842702329158783,0.17828166484832764,0.6556138396263123,0.7102327942848206,0.15025146305561066,-1.4930709600448608,-0.3686645030975342
1789729834502419200,5.190419189453125,0.18594986200332642,0.17887064814567566,0.6550998687744141,0.7101211547851562,0.13316288590431213,-1.492322325706482,-0.38908320665359497
1789729834512355800,5.20035595703125,0.18726831674575806,0.17888683080673218,0.6551678776741028,0.7097077369689941,0.1096152737736702,-1.4927393198013306,-0.4145815074443817
1789729834522292500,5.21029248046875,0.1883144974708557,0.1784866452217102,0.655759871006012,0.7089846134185791,0.07997262477874756,-1.4942342042922974,-0.44515591859817505
1789729834532228900,5.220228759765625,0.18890999257564545,0.1775367110967636,0.6567665338516235,0.7081323862075806,0.044391900300979614,-1.4963774681091309,-0.4801953136920929
1789729834542165500,5.23016552734375,0.18901456892490387,0.17599618434906006,0.6581045985221863,0.7072461843490601,0.002262525027617812,-1.498887300491333,-0.5201965570449829
1789729834552102100,5.24010205078125,0.18896569311618805,0.17428357899188995,0.6595434546470642,0.7063424587249756,-0.04407460615038872,-1.501418948173523,-0.5639302730560303
1789729834562038500,5.25003857421875,0.18861545622348785,0.172325998544693,0.6609735488891602,0.7055791616439819,-0.0919128805398941,-1.503626823425293,-0.6083700060844421
1789729834571975200,5.25997509765625,0.1883009672164917,0.17044763267040253,0.662283182144165,0.70489102602005,-0.1401744782924652,-1.5054525136947632,-0.6534069776535034
1789729834581912000,5.269912109375,0.1879941076040268,0.16861459612846375,0.663537323474884,0.7042340040206909,-0.18937721848487854,-1.5070390701293945,-0.6994664072990417
1789729834591848000,5.279847900390625,0.18773718178272247,0.16695699095726013,0.6647143363952637,0.7035872340202332,-0.23727869987487793,-1.5084495544433594,-0.7445573806762695
1789729834601783600,5.289783447265625,0.18738581240177155,0.1654173582792282,0.665810763835907,0.7030075788497925,-0.28122660517692566,-1.5096920728683472,-0.7857316136360168
1789729834611719400,5.299719482421875,0.1870567798614502,0.1642138659954071,0.6667914986610413,0.7024476528167725,-0.3186415731906891,-1.510901689529419,-0.8208989500999451
1789729834621656300,5.30965625,0.18681301176548004,0.16345039010047913,0.6676140427589417,0.701909065246582,-0.34762507677078247,-1.512102723121643,-0.8484019637107849
1789729834631593700,5.31959375,0.1865774542093277,0.1629636585712433,0.6682236790657043,0.701504647731781,-0.3672347366809845,-1.5130770206451416,-0.8669493198394775
1789729834641531400,5.329531494140625,0.1863333135843277,0.16268596053123474,0.668626070022583,0.7012505531311035,-0.3777259290218353,-1.5138049125671387,-0.8766735196113586
1789729834651466800,5.339466796875,0.1861916184425354,0.16271604597568512,0.6688364148139954,0.7010806202888489,-0.37991783022880554,-1.5143834352493286,-0.8786988854408264
1789729834661402000,5.349402099609375,0.18600696325302124,0.16294662654399872,0.6689227223396301,0.7009937167167664,-0.3739688992500305,-1.5149261951446533,-0.8728123307228088
1789729834671337700,5.359337646484375,0.18557989597320557,0.16320542991161346,0.6689753532409668,0.7009965181350708,-0.36058342456817627,-1.5155465602874756,-0.8591776490211487
1789729834681273900,5.36927392578125,0.1849283128976822,0.16351807117462158,0.6689944267272949,0.7010775804519653,-0.3394187092781067,-1.5162417888641357,-0.8375121355056763
1789729834691210200,5.379210205078125,0.1841014325618744,0.1640113741159439,0.6689651608467102,0.7012079358100891,-0.3084219992160797,-1.5170644521713257,-0.8060232996940613
1789729834701147400,5.3891474609375,0.18306317925453186,0.16462112963199615,0.6689570546150208,0.7013445496559143,-0.26914501190185547,-1.5180819034576416,-0.7661134600639343
1789729834711085000,5.3990849609375,0.1819608211517334,0.1653698980808258,0.6689578294754028,0.7014545798301697,-0.2238219827413559,-1.519190788269043,-0.7202682495117188
1789729834721022700,5.409022705078125,0.180751234292984,0.16606616973876953,0.6689183115959167,0.7016404271125793,-0.17399442195892334,-1.5200672149658203,-0.6696849465370178
1789729834730959400,5.41895947265625,0.17960529029369354,0.16675741970539093,0.6687439680099487,0.7019369006156921,-0.12179471552371979,-1.5204553604125977,-0.6168203353881836
1789729834740896000,5.42889599609375,0.17843253910541534,0.16732090711593628,0.6684215664863586,0.7024088501930237,-0.06891228258609772,-1.520222544670105,-0.5630500912666321
1789729834750832000,5.43883203125,0.17735899984836578,0.1678655594587326,0.6678585410118103,0.7030860185623169,-0.016549987718462944,-1.51919424533844,-0.5099225044250488
1789729834760768500,5.4487685546875,0.1764366626739502,0.16846498847007751,0.6669763922691345,0.7040114998817444,0.03444574028253555,-1.517215609550476,-0.4584695100784302
1789729834770704600,5.45870458984375,0.17561455070972443,0.16910110414028168,0.6658207178115845,0.705157458782196,0.0822385624051094,-1.5143992900848389,-0.4104238450527191
1789729834780641000,5.46864111328125,0.1748119443655014,0.16970688104629517,0.6644216775894165,0.7065296769142151,0.12555237114429474,-1.5108011960983276,-0.36684945225715637
1789729834790577200,5.4785771484375,0.17406444251537323,0.17040684819221497,0.6626818180084229,0.7081778645515442,0.16596297919750214,-1.5062367916107178,-0.32640528678894043
1789729834800513500,5.488513427734375,0.17329657077789307,0.1711617112159729,0.6606031060218811,0.710123598575592,0.20311428606510162,-1.5006850957870483,-0.28928208351135254
1789729834810450200,5.4984501953125,0.1727948933839798,0.1720733344554901,0.658172070980072,0.7122795581817627,0.23319189250469208,-1.4942505359649658,-0.25986164808273315
1789729834820386800,5.50838671875,0.17252585291862488,0.17295442521572113,0.6554248332977295,0.71466064453125,0.25424495339393616,-1.4869962930679321,-0.23977519571781158
1789729834830323200,5.5183232421875,0.17238985002040863,0.1736096292734146,0.6525148153305054,0.7171930074691772,0.2662889361381531,-1.4792790412902832,-0.22857502102851868
1789729834840259800,5.528259765625,0.17217600345611572,0.1736541986465454,0.6497713327407837,0.7197200059890747,0.2684828042984009,-1.4718117713928223,-0.22622396051883698
1789729834850196500,5.538196533203125,0.17180676758289337,0.17285001277923584,0.6474126577377319,0.722123384475708,0.26050281524658203,-1.4650801420211792,-0.23257707059383392
1789729834860132900,5.5481328125,0.17104415595531464,0.17102135717868805,0.6455829739570618,0.7243743538856506,0.24439813196659088,-1.4593104124069214,-0.2449767142534256
1789729834870069500,5.558069580078125,0.16982010006904602,0.16828230023384094,0.6444215774536133,0.726335346698761,0.2230556756258011,-1.4548672437667847,-0.26059815287590027
1789729834880006100,5.568006103515625,0.16817867755889893,0.16485139727592468,0.6440385580062866,0.7278422117233276,0.1984652280807495,-1.45211660861969,-0.2778301239013672
1789729834889942500,5.577942626953125,0.16634608805179596,0.16114114224910736,0.6443718671798706,0.7287985682487488,0.1725439876317978,-1.451100468635559,-0.29568910598754883
1789729834899879200,5.587879150390625,0.16460004448890686,0.15758052468299866,0.6453366279602051,0.7291198968887329,0.1466621309518814,-1.4518234729766846,-0.31383538246154785
1789729834909815800,5.59781591796875,0.16302385926246643,0.15432603657245636,0.6468222141265869,0.728853702545166,0.12108466774225235,-1.45406973361969,-0.33235591650009155
1789729834919752400,5.60775244140625,0.1618753969669342,0.15167087316513062,0.6485905051231384,0.7280952334403992,0.09628129750490189,-1.457376480102539,-0.35158786177635193
1789729834929688800,5.617688720703125,0.16111795604228973,0.14958305656909943,0.6504783630371094,0.727010190486908,0.07224947959184647,-1.4612865447998047,-0.37143799662590027
1789729834939625500,5.62762548828125,0.16064459085464478,0.14796899259090424,0.6523764133453369,0.7257434129714966,0.049222681671381,-1.4654536247253418,-0.3913843333721161
1789729834949562000,5.63756201171875,0.1602781116962433,0.14677311480045319,0.6541714072227478,0.7244503498077393,0.029297836124897003,-1.4695451259613037,-0.40899473428726196
1789729834959498500,5.64749853515625,0.15988163650035858,0.1459549218416214,0.6557583808898926,0.7232675552368164,0.014805150218307972,-1.4732749462127686,-0.42168447375297546
1789729834969435100,5.65743505859375,0.1594640612602234,0.14552129805088043,0.6570873260498047,0.7222402691841125,0.006789676379412413,-1.4765352010726929,-0.42843109369277954
1789729834979371800,5.667371826171875,0.15911048650741577,0.1455187201499939,0.6581438779830933,0.721356213092804,0.005544940009713173,-1.4793254137039185,-0.429130882024765
1789729834989308200,5.67730810546875,0.1588151901960373,0.145974799990654,0.6588748097419739,0.7206615805625916,0.012542126700282097,-1.481520652770996,-0.4223446846008301
1789729834999244800,5.687244873046875,0.1584300845861435,0.14672495424747467,0.6592578887939453,0.7202435731887817,0.028074759989976883,-1.4829480648040771,-0.4073278307914734
1789729835009181400,5.697181396484375,0.1579950600862503,0.14777542650699615,0.6592746376991272,0.7201089859008789,0.051707398146390915,-1.4835307598114014,-0.38458162546157837
1789729835019118000,5.7071181640625,0.15748398005962372,0.1490069329738617,0.6589012742042542,0.7203088998794556,0.08149033039808273,-1.483101725578308,-0.35584747791290283
1789729835029054500,5.717054443359375,0.15692771971225739,0.1502944678068161,0.6581383943557739,0.7208600044250488,0.113841213285923,-1.481570839881897,-0.3245721757411957
1789729835038991000,5.7269912109375,0.15635330975055695,0.15150916576385498,0.6571496725082397,0.7216321229934692,0.1446996033191681,-1.4793156385421753,-0.2946648895740509
1789729835048927500,5.736927490234375,0.1560247838497162,0.15274246037006378,0.6561164259910583,0.7223830819129944,0.17085939645767212,-1.476932406425476,-0.2698427736759186
1789729835058863900,5.74686376953125,0.1559649556875229,0.15394344925880432,0.6552743911743164,0.7229050993919373,0.1913071721792221,-1.4750728607177734,-0.25107017159461975
1789729835068800500,5.756800537109375,0.15608569979667664,0.1550443470478058,0.654876172542572,0.7230046391487122,0.2067951261997223,-1.474399209022522,-0.23736292123794556
1789729835078737000,5.76673681640625,0.1561921238899231,0.15586158633232117,0.6550801396369934,0.7226210832595825,0.217850923538208,-1.475242018699646,-0.22763855755329132
1789729835088673300,5.77667333984375,0.15611663460731506,0.15630298852920532,0.6558620929718018,0.721832275390625,0.22582323849201202,-1.4774656295776367,-0.22017361223697662
1789729835098609700,5.786609619140625,0.15574318170547485,0.156251922249794,0.6570489406585693,0.720844030380249,0.23064881563186646,-1.4805432558059692,-0.21469980478286743
1789729835108546300,5.79654638671875,0.15526112914085388,0.15596672892570496,0.6583424806594849,0.7198287844657898,0.23357616364955902,-1.483808159828186,-0.2106257975101471
1789729835118482700,5.806482666015625,0.15468119084835052,0.15554562211036682,0.6594926118850708,0.7189915180206299,0.2358890175819397,-1.4866183996200562,-0.20683392882347107
1789729835128419000,5.816419189453125,0.15414270758628845,0.1551605761051178,0.6602633595466614,0.7184827923774719,0.23816463351249695,-1.488425612449646,-0.20320135354995728
1789729835138355700,5.826355712890625,0.15376903116703033,0.15493948757648468,0.6604382395744324,0.7184498310089111,0.2404237538576126,-1.4887158870697021,-0.20007653534412384
1789729835148292000,5.8362919921875,0.1537860929965973,0.15507474541664124,0.6598371863365173,0.7189691066741943,0.24215753376483917,-1.487127423286438,-0.19857877492904663
1789729835158228500,5.846228515625,0.154392272233963,0.1556512415409088,0.6584621071815491,0.7199745178222656,0.24170607328414917,-1.4837580919265747,-0.20077794790267944
1789729835168164900,5.856164794921875,0.15548579394817352,0.15652190148830414,0.6565543413162231,0.7212914824485779,0.23869363963603973,-1.4792001247406006,-0.20668667554855347
1789729835178101500,5.8661015625,0.15714100003242493,0.15771278738975525,0.65436851978302,0.7226584553718567,0.2331562340259552,-1.4741790294647217,-0.21641084551811218
1789729835188038000,5.876037841796875,0.15912441909313202,0.1589895784854889,0.6521930694580078,0.7239101529121399,0.2252991795539856,-1.4693294763565063,-0.22905956208705902
1789729835197974300,5.885974365234375,0.1612064391374588,0.16001306474208832,0.6503258347511292,0.7249031662940979,0.21346087753772736,-1.4652656316757202,-0.24546179175376892
1789729835207911000,5.895910888671875,0.16329722106456757,0.1606050729751587,0.6489262580871582,0.7255582213401794,0.19631488621234894,-1.462302327156067,-0.2665477395057678
1789729835217847300,5.905847412109375,0.16509728133678436,0.16051681339740753,0.6479774713516235,0.7260182499885559,0.17406485974788666,-1.46018385887146,-0.29131680727005005
1789729835227783700,5.91578369140625,0.16652965545654297,0.15955545008182526,0.6474083065986633,0.7264106273651123,0.1449938863515854,-1.4585766792297363,-0.32109421491622925
1789729835237720300,5.92572021484375,0.16757601499557495,0.15761688351631165,0.6472066044807434,0.7267728447914124,0.10788274556398392,-1.4573333263397217,-0.35692301392555237
1789729835247656700,5.93565673828125,0.1683158576488495,0.1548548936843872,0.6473554968833923,0.727063000202179,0.06363676488399506,-1.4564145803451538,-0.3982387185096741
1789729835257593000,5.945593017578125,0.16883698105812073,0.15153594315052032,0.6478444337844849,0.7272059321403503,0.014261636883020401,-1.4558624029159546,-0.4435507357120514
1789729835267529700,5.95552978515625,0.16911718249320984,0.14791566133499146,0.6486867070198059,0.7271353602409363,-0.03747572377324104,-1.4558093547821045,-0.4904320538043976
1789729835277466400,5.96546630859375,0.1690838485956192,0.14426575601100922,0.6498861312866211,0.7268053293228149,-0.08830823749303818,-1.4564313888549805,-0.535903811454773
1789729835287402800,5.97540283203125,0.16894543170928955,0.14104320108890533,0.6513299942016602,0.7261773347854614,-0.13548175990581512,-1.4577699899673462,-0.5781791806221008
1789729835297339400,5.98533935546875,0.16881947219371796,0.1384757161140442,0.6527966260910034,0.7253834009170532,-0.17657282948493958,-1.4594776630401611,-0.6153392195701599
1789729835307276000,5.995276123046875,0.16900917887687683,0.13684193789958954,0.6539509296417236,0.7246091365814209,-0.2088860720396042,-1.4609483480453491,-0.6455389857292175
1789729835317212400,6.00521240234375,0.1695062220096588,0.1360723376274109,0.6545328497886658,0.724112331867218,-0.2298123687505722,-1.4615710973739624,-0.6660617589950562
1789729835327149000,6.015149169921875,0.1702684760093689,0.13606864213943481,0.6543593406677246,0.7240910530090332,-0.237298384308815,-1.4609037637710571,-0.6746569871902466
1789729835337085700,6.025085693359375,0.1710997372865677,0.136661097407341,0.653459906578064,0.7245956063270569,-0.23114387691020966,-1.4589675664901733,-0.6705921292304993
1789729835347022000,6.03502197265625,0.17207549512386322,0.13785824179649353,0.6519564390182495,0.7254915237426758,-0.21419976651668549,-1.4560319185256958,-0.6568396687507629
1789729835356958700,6.044958740234375,0.17308127880096436,0.13960321247577667,0.6499646902084351,0.7267047166824341,-0.18802127242088318,-1.452323079109192,-0.6347054243087769
1789729835366895600,6.0548955078125,0.17411096394062042,0.1419268399477005,0.6475451588630676,0.7281671762466431,-0.15400581061840057,-1.447953462600708,-0.6056236624717712
1789729835376832500,6.06483251953125,0.17510981857776642,0.1446559727191925,0.6447697281837463,0.729851484298706,-0.11517105996608734,-1.442910075187683,-0.5722836256027222
1789729835386769200,6.07476904296875,0.17616340517997742,0.1476871818304062,0.6417092084884644,0.7316858768463135,-0.07493793964385986,-1.4372299909591675,-0.5380833745002747
1789729835396705500,6.08470556640625,0.17722868919372559,0.15080787241458893,0.6385446786880493,0.7335582375526428,-0.036551084369421005,-1.4312152862548828,-0.5058930516242981
1789729835406642000,6.094641845703125,0.1782272607088089,0.15376895666122437,0.6354358196258545,0.7353988289833069,-0.002348922658711672,-1.4251282215118408,-0.4775695502758026
1789729835416578600,6.10457861328125,0.1792159527540207,0.15653108060359955,0.6324431896209717,0.7371535301208496,0.02705513872206211,-1.4191334247589111,-0.45374929904937744
1789729835426515200,6.11451513671875,0.18012022972106934,0.1589900702238083,0.6296185255050659,0.7388229370117188,0.05178434029221535,-1.4133305549621582,-0.4340440332889557
1789729835436451600,6.12445166015625,0.18096517026424408,0.1611318439245224,0.6269287467002869,0.7404380440711975,0.07217194139957428,-1.4076571464538574,-0.41813671588897705
1789729835446388200,6.13438818359375,0.18165676295757294,0.16282634437084198,0.6243352293968201,0.7420875430107117,0.08838668465614319,-1.401953101158142,-0.4055323600769043
1789729835456324600,6.14432470703125,0.18228279054164886,0.16404670476913452,0.6218432188034058,0.7437558174133301,0.0998910441994667,-1.396246075630188,-0.3968556821346283
1789729835466261000,6.154260986328125,0.18286553025245667,0.16473165154457092,0.6195501685142517,0.7453732490539551,0.10622726380825043,-1.3907742500305176,-0.3925000727176666
1789729835476197600,6.16419775390625,0.18329647183418274,0.1647522747516632,0.6175419688224792,0.7469276785850525,0.10739850252866745,-1.3856830596923828,-0.39210930466651917
1789729835486134300,6.17413427734375,0.1836891919374466,0.1641746610403061,0.615708589553833,0.7484703660011292,0.10373375564813614,-1.380739450454712,-0.39562180638313293
1789729835496071000,6.18407080078125,0.18390026688575745,0.1629726141691208,0.61391681432724,0.7501511573791504,0.09659136831760406,-1.3755618333816528,-0.40143856406211853
1789729835506007300,6.19400732421875,0.18378841876983643,0.1611306071281433,0.6120020747184753,0.7521384358406067,0.08735965937376022,-1.3697012662887573,-0.4079533517360687
1789729835515943700,6.203943603515625,0.18349561095237732,0.15874485671520233,0.6098374724388123,0.7544717788696289,0.07629618048667908,-1.3629049062728882,-0.41526567935943604
1789729835525880300,6.21388037109375,0.18317073583602905,0.15595859289169312,0.6073797345161438,0.7571098208427429,0.06382438540458679,-1.3551599979400635,-0.42338261008262634
1789729835535817000,6.22381689453125,0.18274682760238647,0.1528518795967102,0.6046348214149475,0.7600373029708862,0.05108455941081047,-1.3465248346328735,-0.4311835765838623
1789729835545753300,6.23375341796875,0.18239198625087738,0.14956139028072357,0.6016555428504944,0.7631350755691528,0.03801621496677399,-1.33722722530365,-0.43917086720466614
1789729835555690000,6.24368994140625,0.1823117434978485,0.14622743427753448,0.5984551906585693,0.7663102149963379,0.02448415197432041,-1.3273899555206299,-0.4479850232601166
1789729835565626600,6.253626708984375,0.18250884115695953,0.14296244084835052,0.5951855182647705,0.7694195508956909,0.010943746194243431,-1.3174477815628052,-0.4573266804218292
1789729835575563000,6.26356298828125,0.18294620513916016,0.13992324471473694,0.5921617150306702,0.7722024917602539,-0.0021936134435236454,-1.3082581758499146,-0.46693354845046997
1789729835585499600,6.273499755859375,0.18377794325351715,0.1374814361333847,0.5896366238594055,0.7743727564811707,-0.014241455122828484,-1.3006401062011719,-0.47686177492141724
1789729835595436000,6.28343603515625,0.18488726019859314,0.13590358197689056,0.5878301858901978,0.7757593393325806,-0.02392321266233921,-1.2952739000320435,-0.4860297739505768
1789729835605372400,6.293372314453125,0.1860990971326828,0.13521352410316467,0.5868026614189148,0.7763679027557373,-0.030766278505325317,-1.2923212051391602,-0.4937353730201721
1789729835615308800,6.303308837890625,0.18711093068122864,0.13511694967746735,0.586471676826477,0.7763915657997131,-0.03504945710301399,-1.2914178371429443,-0.4993912875652313
1789729835625245400,6.313245361328125,0.18792888522148132,0.13544148206710815,0.5866180658340454,0.7760267853736877,-0.03732779622077942,-1.291934609413147,-0.5033291578292847
1789729835635181800,6.323181884765625,0.18855643272399902,0.13603469729423523,0.5870128273963928,0.775472104549408,-0.037918467074632645,-1.2932281494140625,-0.5056686997413635
1789729835645118200,6.3331181640625,0.1889103502035141,0.1367618590593338,0.5875192880630493,0.7748742699623108,-0.03682826831936836,-1.2948895692825317,-0.5061101317405701
1789729835655054800,6.343054931640625,0.18916761875152588,0.13767048716545105,0.5880829691886902,0.774222731590271,-0.03444242849946022,-1.2968101501464844,-0.5053723454475403
1789729835664991200,6.3529912109375,0.18947729468345642,0.13881947100162506,0.588668942451477,0.7734962105751038,-0.031011849641799927,-1.298934817314148,-0.5040132403373718
1789729835674927600,6.362927734375,0.18981897830963135,0.14010190963745117,0.5891956090927124,0.7727798819541931,-0.026810631155967712,-1.300999402999878,-0.5021287798881531
1789729835684864000,6.372864013671875,0.19013379514217377,0.14143246412277222,0.5894961953163147,0.7722306847572327,-0.021618209779262543,-1.302546501159668,-0.49930188059806824
1789729835694800600,6.382800537109375,0.19006289541721344,0.14262567460536957,0.589553713798523,0.7719847559928894,-0.014742846600711346,-1.3034248352050781,-0.4940461814403534
1789729835704737000,6.392737060546875,0.18934939801692963,0.14360617101192474,0.5895330309867859,0.7719940543174744,-0.0058000339195132256,-1.303981065750122,-0.48547717928886414
1789729835714673400,6.40267333984375,0.1880256086587906,0.14439508318901062,0.5895533561706543,0.7721549272537231,0.004896293394267559,-1.304503321647644,-0.473978191614151
1789729835724610000,6.412610107421875,0.1862606555223465,0.14508916437625885,0.5895450711250305,0.7724588513374329,0.017247971147298813,-1.3048622608184814,-0.46004217863082886
1789729835734546400,6.42254638671875,0.18423308432102203,0.14580023288726807,0.5893077850341797,0.7729920744895935,0.03142484650015831,-1.3046170473098755,-0.44394010305404663
1789729835744482800,6.43248291015625,0.1824886053800583,0.14692553877830505,0.5886327028274536,0.77370685338974,0.04740474000573158,-1.3034782409667969,-0.42708826065063477
1789729835754419500,6.44241943359375,0.18145829439163208,0.14870621263980865,0.5873516201972961,0.7745820879936218,0.06465807557106018,-1.3011757135391235,-0.41101202368736267
1789729835764355800,6.45235595703125,0.1812833845615387,0.1511443704366684,0.5854342579841614,0.7756019830703735,0.08237672597169876,-1.2976535558700562,-0.3967350423336029
1789729835774292500,6.46229248046875,0.181952103972435,0.1540921926498413,0.5829505920410156,0.776735246181488,0.09950412064790726,-1.2930337190628052,-0.38508206605911255
1789729835784229000,6.47222900390625,0.18350431323051453,0.15740199387073517,0.5800426006317139,0.7778826355934143,0.11478725075721741,-1.2876386642456055,-0.377144992351532
1789729835794165500,6.48216552734375,0.1855408251285553,0.16061463952064514,0.5771085023880005,0.7789244651794434,0.12704600393772125,-1.2822164297103882,-0.37282025814056396
1789729835804102100,6.49210205078125,0.18797826766967773,0.16358529031276703,0.5745049118995667,0.7796461582183838,0.13565877079963684,-1.2775899171829224,-0.3723638355731964
1789729835814038800,6.502038818359375,0.19051054120063782,0.1660580039024353,0.5724267959594727,0.7800372242927551,0.14053726196289062,-1.2740741968154907,-0.3750187158584595
1789729835823975400,6.511975341796875,0.19291281700134277,0.16782212257385254,0.570850670337677,0.7802242636680603,0.1416439265012741,-1.2714625597000122,-0.38018032908439636
1789729835833911800,6.521911865234375,0.19476218521595,0.16852177679538727,0.5696811079978943,0.7804688215255737,0.1389939934015274,-1.269255518913269,-0.38669443130493164
1789729835843848400,6.531848388671875,0.1957983523607254,0.16800694167613983,0.5687938928604126,0.7809674739837646,0.13303372263908386,-1.26700758934021,-0.3935193717479706
1789729835853785000,6.54178515625,0.1961871087551117,0.16645988821983337,0.5680696964263916,0.7817279100418091,0.12422268092632294,-1.2645318508148193,-0.4007166028022766
1789729835863721500,6.551721435546875,0.19594433903694153,0.16405002772808075,0.5675443410873413,0.7826792597770691,0.11337669938802719,-1.2619988918304443,-0.4077378213405609
1789729835873658000,6.561658203125,0.19542120397090912,0.16125380992889404,0.5671952366828918,0.7836436033248901,0.10158533602952957,-1.259648084640503,-0.4147109389305115
1789729835883594800,6.5715947265625,0.19470606744289398,0.1584015190601349,0.5669074654579163,0.7846109867095947,0.09031389653682709,-1.2573843002319336,-0.42079561948776245
1789729835893531100,6.58153125,0.1940489411354065,0.15582087635993958,0.5665724277496338,0.7855319976806641,0.08035825192928314,-1.2551478147506714,-0.42605307698249817
1789729835903467800,6.5914677734375,0.19343498349189758,0.15355689823627472,0.5661371946334839,0.7864425182342529,0.07205135375261307,-1.25283682346344,-0.43019887804985046
1789729835913404400,6.601404296875,0.19304288923740387,0.15180844068527222,0.5655531287193298,0.7872981429100037,0.06573735922574997,-1.250458002090454,-0.4334461987018585
1789729835923340800,6.6113408203125,0.1928279548883438,0.15057268738746643,0.5649063587188721,0.7880520820617676,0.0614197663962841,-1.248215675354004,-0.435711532831192
1789729835933277400,6.62127734375,0.19246841967105865,0.14966966211795807,0.5643482804298401,0.7887115478515625,0.05917896702885628,-1.2463562488555908,-0.43616294860839844
1789729835943214000,6.631214111328125,0.19201312959194183,0.14894434809684753,0.5640588402748108,0.7891667485237122,0.05778110399842262,-1.2452354431152344,-0.4358621835708618
1789729835953150700,6.641150634765625,0.19177457690238953,0.1484234631061554,0.5642762184143066,0.7891675233840942,0.055826786905527115,-1.2454642057418823,-0.43668490648269653
1789729835963087000,6.651087158203125,0.19162607192993164,0.14798618853092194,0.5652084946632385,0.7886183261871338,0.0528753325343132,-1.2474693059921265,-0.4386882483959198
1789729835973023700,6.661023681640625,0.19152840971946716,0.1475343406200409,0.5667681097984314,0.7876067757606506,0.04866526648402214,-1.2509851455688477,-0.4419439136981964
1789729835982960400,6.67096044921875,0.19111010432243347,0.14674387872219086,0.5687981843948364,0.7863916158676147,0.043185342103242874,-1.2554359436035156,-0.44546136260032654
1789729835992896800,6.680896728515625,0.19040793180465698,0.14566101133823395,0.5710819959640503,0.7851070165634155,0.03680621460080147,-1.260329246520996,-0.44901520013809204
1789729836002833400,6.69083349609375,0.18942387402057648,0.1443558782339096,0.5734677314758301,0.7838461399078369,0.030093565583229065,-1.2653400897979736,-0.4521613121032715
1789729836012770000,6.70077001953125,0.18820549547672272,0.142805814743042,0.5758401155471802,0.7826834321022034,0.022936107590794563,-1.2701818943023682,-0.4550603926181793
1789729836022706400,6.71070654296875,0.18695701658725739,0.1410299390554428,0.5780017971992493,0.781710684299469,0.014949236996471882,-1.2743937969207764,-0.4584432542324066
1789729836032643000,6.72064306640625,0.1859065741300583,0.13912846148014069,0.5797718167304993,0.7809907793998718,0.006052559707313776,-1.2775919437408447,-0.4628855288028717
1789729836042579700,6.730579833984375,0.18534375727176666,0.13731825351715088,0.5810806155204773,0.7804720997810364,-0.003669947851449251,-1.2797236442565918,-0.4690466523170471
1789729836052516400,6.740516357421875,0.18536609411239624,0.13576778769493103,0.5820422172546387,0.7800213694572449,-0.013929036445915699,-1.2811474800109863,-0.4770122468471527
1789729836062452700,6.75045263671875,0.18579377233982086,0.13444694876670837,0.5826880931854248,0.7796661257743835,-0.024125389754772186,-1.2819149494171143,-0.48587095737457275
1789729836072389400,6.760389404296875,0.1862100064754486,0.1333579421043396,0.5834425091743469,0.7791895270347595,-0.03335414081811905,-1.283063530921936,-0.4940730929374695
1789729836082326000,6.770325927734375,0.18625806272029877,0.13243794441223145,0.5846925377845764,0.7783975601196289,-0.041331660002470016,-1.2855122089385986,-0.5006881952285767
1789729836092262400,6.780262451171875,0.18552832305431366,0.13115853071212769,0.586296021938324,0.7775819301605225,-0.048776812851428986,-1.288626790046692,-0.5050827264785767
1789729836102199000,6.790198974609375,0.18385908007621765,0.12928347289562225,0.5878496170043945,0.7771193385124207,-0.05522174388170242,-1.2913144826889038,-0.5062446594238281
1789729836112135700,6.8001357421875,0.1813167929649353,0.12691175937652588,0.5891215801239014,0.7771443724632263,-0.05977611988782883,-1.2930926084518433,-0.5035455822944641
1789729836122072600,6.810072509765625,0.17830824851989746,0.12434355169534683,0.5902760624885559,0.77737957239151,-0.06301817297935486,-1.2945281267166138,-0.49858358502388
1789729836132009000,6.820009033203125,0.1752893328666687,0.12172507494688034,0.5914545655250549,0.7775847911834717,-0.06656678766012192,-1.2960216999053955,-0.4938470721244812
1789729836141945000,6.829945068359375,0.1726614534854889,0.11944567412137985,0.592687726020813,0.7775872945785522,-0.07020502537488937,-1.2978476285934448,-0.4902656376361847
1789729836151881700,6.8398818359375,0.17065872251987457,0.1179952397942543,0.5941312313079834,0.7771491408348083,-0.07271047681570053,-1.3006467819213867,-0.48765167593955994
1789729836161818400,6.849818359375,0.16912561655044556,0.11749013513326645,0.5956764221191406,0.7763776183128357,-0.07239926606416702,-1.3042291402816772,-0.4842672646045685
1789729836171755000,6.859755126953125,0.16782033443450928,0.11779504269361496,0.5969870686531067,0.7756075263023376,-0.0679120272397995,-1.3077107667922974,-0.4782252609729767
1789729836181691400,6.86969140625,0.16668501496315002,0.11868985742330551,0.5978599190711975,0.7750434279441833,-0.059586282819509506,-1.3104560375213623,-0.46947401762008667
1789729836191628000,6.8796279296875,0.16588066518306732,0.12015599012374878,0.5982781052589417,0.7746673226356506,-0.048243146389722824,-1.3123807907104492,-0.4590427279472351
1789729836201564700,6.889564697265625,0.1652831733226776,0.12200865149497986,0.5985519886016846,0.7742937803268433,-0.03514561057090759,-1.3141319751739502,-0.447726309299469
1789729836211501600,6.89950146484375,0.16502386331558228,0.124150849878788,0.5989001393318176,0.773739218711853,-0.02201646938920021,-1.3161829710006714,-0.4372852146625519
1789729836221438000,6.90943798828125,0.1651257425546646,0.12641078233718872,0.5992899537086487,0.7730494141578674,-0.009901216253638268,-1.3183680772781372,-0.42855268716812134
1789729836231374300,6.919374267578125,0.1655074954032898,0.12864042818546295,0.5996723175048828,0.77230304479599,0.000800437293946743,-1.3205013275146484,-0.4215996563434601
1789729836241311000,6.92931103515625,0.1663912832736969,0.13094741106033325,0.6000716090202332,0.7714148163795471,0.009514392353594303,-1.3227148056030273,-0.41747820377349854
1789729836251247400,6.939247314453125,0.16768473386764526,0.13324326276779175,0.6005784869194031,0.7703464031219482,0.01592293567955494,-1.3252007961273193,-0.4162377715110779
1789729836261184000,6.94918408203125,0.16944904625415802,0.13554438948631287,0.6012094616889954,0.7690656185150146,0.01970345340669155,-1.3280221223831177,-0.41831302642822266
1789729836271120600,6.95912060546875,0.17151495814323425,0.13774311542510986,0.6019521355628967,0.7676347494125366,0.02099958434700966,-1.3310943841934204,-0.42315950989723206
1789729836281057300,6.969057373046875,0.17358580231666565,0.13978813588619232,0.6027893424034119,0.7661411762237549,0.021018987521529198,-1.3343387842178345,-0.4290635883808136
1789729836290994000,6.978993896484375,0.17568457126617432,0.141701802611351,0.6035141944885254,0.7647392749786377,0.020195849239826202,-1.3372496366500854,-0.4356711804866791
1789729836300930300,6.988930419921875,0.17788651585578918,0.1434701830148697,0.6039572954177856,0.7635497450828552,0.018408121541142464,-1.3393938541412354,-0.4432053565979004
1789729836310866700,6.99886669921875,0.17991480231285095,0.1450492888689041,0.6041768789291382,0.762601912021637,0.016802458092570305,-1.3408819437026978,-0.4500475525856018
1789729836320803800,7.008803955078125,0.18156126141548157,0.1463034451007843,0.6042770743370056,0.7618923783302307,0.015461587347090244,-1.3418861627578735,-0.45560628175735474
1789729836330739700,7.01873974609375,0.18283137679100037,0.147014319896698,0.6042954325675964,0.7614371180534363,0.012877481058239937,-1.3423686027526855,-0.461077481508255
1789729836340675600,7.028675537109375,0.18406468629837036,0.14754311740398407,0.6041529178619385,0.7611507773399353,0.009708588011562824,-1.3423433303833008,-0.4668281674385071
1789729836350611700,7.03861181640625,0.18544474244117737,0.1481867879629135,0.6038215756416321,0.7609536647796631,0.006944010965526104,-1.3419173955917358,-0.4725697636604309
1789729836360547800,7.0485478515625,0.18728527426719666,0.14906543493270874,0.6033125519752502,0.7607349753379822,0.0035830822307616472,-1.341196060180664,-0.4799368381500244
1789729836370484200,7.058484130859375,0.18979357182979584,0.15021371841430664,0.6026976108551025,0.7603747844696045,-0.0014835065230727196,-1.3403795957565308,-0.4903900623321533
1789729836380420900,7.0684208984375,0.1929393857717514,0.15175378322601318,0.602095901966095,0.7597537040710449,-0.007623312994837761,-1.339839220046997,-0.5034241080284119
1789729836390357800,7.078357666015625,0.19604277610778809,0.15334543585777283,0.6017902493476868,0.7588813900947571,-0.014042445458471775,-1.3400647640228271,-0.516734778881073
1789729836400295400,7.08829541015625,0.19858691096305847,0.154718816280365,0.6018679141998291,0.757878839969635,-0.019897516816854477,-1.3411026000976562,-0.5283188223838806
1789729836410232300,7.098232421875,0.20004554092884064,0.1554344892501831,0.6023491024971008,0.7569659948348999,-0.02511182241141796,-1.3427218198776245,-0.5366833806037903
1789729836420169000,7.1081689453125,0.2002132534980774,0.15531697869300842,0.6031993627548218,0.7562683820724487,-0.029512712731957436,-1.3447237014770508,-0.5410984754562378
1789729836430105600,7.118105712890625,0.19942151010036469,0.1545674204826355,0.6043838262557983,0.7556852102279663,-0.03357798606157303,-1.3471534252166748,-0.5428251028060913
1789729836440042000,7.1280419921875,0.1976735144853592,0.15289755165576935,0.6060747504234314,0.7551297545433044,-0.03975585848093033,-1.3502484560012817,-0.5438897609710693
1789729836449978600,7.137978515625,0.19543741643428802,0.1510411649942398,0.6081693768501282,0.7544009685516357,-0.045752666890621185,-1.3542498350143433,-0.5437641739845276
1789729836459915000,7.1479150390625,0.19391636550426483,0.1495460569858551,0.610678493976593,0.7530632019042969,-0.05536354333162308,-1.3594902753829956,-0.5488073229789734
1789729836469851400,7.157851318359375,0.19286124408245087,0.1484440118074417,0.6133748292922974,0.7513589262962341,-0.06636383384466171,-1.3654357194900513,-0.5564891695976257
1789729836479788000,7.1677880859375,0.19216014444828033,0.14772719144821167,0.6160507202148438,0.7494882941246033,-0.0774923712015152,-1.3715707063674927,-0.5653850436210632
1789729836489724400,7.177724365234375,0.1917438507080078,0.1472129076719284,0.6187041997909546,0.7475076913833618,-0.08967441320419312,-1.377761960029602,-0.5760530829429626
1789729836499660800,7.187660888671875,0.19098863005638123,0.14649072289466858,0.6213592886924744,0.7456383109092712,-0.10179024189710617,-1.3838410377502441,-0.5858635902404785
1789729836509597200,7.19759716796875,0.18957960605621338,0.1453462541103363,0.6236633658409119,0.7442969679832458,-0.11133973300457001,-1.3888362646102905,-0.5915644764900208
1789729836519533800,7.207533935546875,0.18773245811462402,0.1439533233642578,0.6254429221153259,0.7435423135757446,-0.1172880008816719,-1.3924363851547241,-0.5926986336708069
1789729836529470200,7.21747021484375,0.1856236755847931,0.1426241099834442,0.6268249750137329,0.7431639432907104,-0.11886750906705856,-1.395164132118225,-0.589198887348175
1789729836539406600,7.227406494140625,0.18354029953479767,0.1417340487241745,0.6279749870300293,0.7428807616233826,-0.11597265303134918,-1.3976575136184692,-0.5819125771522522
1789729836549343200,7.23734326171875,0.18199215829372406,0.14175260066986084,0.6288503408432007,0.7425175905227661,-0.10841456055641174,-1.40006422996521,-0.5720743536949158
1789729836559279600,7.247279541015625,0.18181495368480682,0.14333365857601166,0.6292393803596497,0.7419276237487793,-0.096236452460289,-1.4021955728530884,-0.5619008541107178
1789729836569216000,7.257216064453125,0.18321281671524048,0.14636725187301636,0.6292139887809753,0.741012454032898,-0.08231520652770996,-1.4041314125061035,-0.5544065237045288
1789729836579152600,7.267152587890625,0.18530887365341187,0.1501336693763733,0.6289014220237732,0.7400023937225342,-0.06631157547235489,-1.4058022499084473,-0.5469304323196411
1789729836589089300,7.27708935546875,0.1878449022769928,0.15431025624275208,0.6282454133033752,0.7390604615211487,-0.04865215718746185,-1.4068779945373535,-0.5390620231628418
1789729836599025700,7.287025634765625,0.19043691456317902,0.15822063386440277,0.6274292469024658,0.7382631897926331,-0.03291879594326019,-1.4073842763900757,-0.5328348278999329
1789729836608962300,7.29696240234375,0.19267486035823822,0.16123667359352112,0.6264692544937134,0.7378451228141785,-0.02130172774195671,-1.4069492816925049,-0.5289251208305359
1789729836618899000,7.30689892578125,0.19418711960315704,0.16305188834667206,0.6254739761352539,0.7378941178321838,-0.013916530646383762,-1.4056378602981567,-0.5264478325843811
1789729836628835600,7.316835693359375,0.19496288895606995,0.16385714709758759,0.6247202754020691,0.7381496429443359,-0.010209878906607628,-1.4042683839797974,-0.5250906944274902
1789729836638772000,7.32677197265625,0.19488303363323212,0.1638142615556717,0.6244259476661682,0.7384291887283325,-0.00870516337454319,-1.4034963846206665,-0.5234228372573853
1789729836648709600,7.336709716796875,0.19407476484775543,0.16325245797634125,0.6246240139007568,0.7385990023612976,-0.0077606989070773125,-1.4036270380020142,-0.5204654335975647
1789729836658646300,7.346646240234375,0.19274990260601044,0.16242362558841705,0.6253147721290588,0.7385441660881042,-0.006928929127752781,-1.4048314094543457,-0.5164482593536377
1789729836668583000,7.3565830078125,0.19116346538066864,0.16166456043720245,0.6264092326164246,0.7381954789161682,-0.004989291541278362,-1.4071123600006104,-0.5110211372375488
1789729836678519600,7.36651953125,0.18970414996147156,0.161413311958313,0.627647876739502,0.7375745177268982,-0.0001632529019843787,-1.4100977182388306,-0.5036258101463318
1789729836688456200,7.376456298828125,0.18869969248771667,0.16185176372528076,0.6286323070526123,0.7368974685668945,0.008208819665014744,-1.4128849506378174,-0.49436795711517334
1789729836698393000,7.38639306640625,0.18839292228221893,0.16303113102912903,0.6289644241333008,0.7364324331283569,0.020157543942332268,-1.4144799709320068,-0.4836648106575012
1789729836708328700,7.39632861328125,0.1890549510717392,0.16491524875164032,0.6284196972846985,0.7363082766532898,0.033657193183898926,-1.414286732673645,-0.47389957308769226
1789729836718264600,7.4062646484375,0.19071900844573975,0.1673240065574646,0.6269440650939941,0.7365935444831848,0.04657707363367081,-1.412071704864502,-0.46699655055999756
1789729836728200400,7.416200439453125,0.19289927184581757,0.16980217397212982,0.6247722506523132,0.7373037338256836,0.05780811980366707,-1.4081566333770752,-0.4626855254173279
1789729836738137600,7.4261376953125,0.1952267587184906,0.1721092164516449,0.6222955584526062,0.7382500767707825,0.06691690534353256,-1.40338933467865,-0.4604912996292114
1789729836748075500,7.436075439453125,0.19705933332443237,0.173884779214859,0.6198906302452087,0.7393695116043091,0.07482950389385223,-1.3984652757644653,-0.45799869298934937
1789729836758012000,7.446011962890625,0.19824235141277313,0.17511597275733948,0.6178690791130066,0.7404540181159973,0.08177827298641205,-1.394147515296936,-0.45470696687698364
1789729836767949000,7.455948974609375,0.1987258791923523,0.17565840482711792,0.616461992263794,0.7413681745529175,0.08641694486141205,-1.3909227848052979,-0.45165860652923584
1789729836777884700,7.465884765625,0.19862982630729675,0.1753900796175003,0.6157192587852478,0.7420743107795715,0.08690401166677475,-1.38885498046875,-0.450686514377594
1789729836787821000,7.475821044921875,0.19815796613693237,0.1743173897266388,0.6154900193214417,0.7426431775093079,0.08233076333999634,-1.3875848054885864,-0.45301690697669983
1789729836797757700,7.4857578125,0.19755516946315765,0.1727607697248459,0.6155248284339905,0.7431385517120361,0.07419371604919434,-1.3866889476776123,-0.45799720287323
1789729836807694000,7.495694091796875,0.19693869352340698,0.17101246118545532,0.6156196594238281,0.7436278462409973,0.06453346461057663,-1.385826587677002,-0.4641987979412079
1789729836817630500,7.50563037109375,0.196649968624115,0.1694495677947998,0.6155162453651428,0.7441474199295044,0.05462903529405594,-1.3845926523208618,-0.47141003608703613
1789729836827566800,7.51556689453125,0.19668824970722198,0.16815190017223358,0.6149818301200867,0.7448731660842896,0.04586217179894447,-1.3824431896209717,-0.4783789813518524
1789729836837503700,7.525503662109375,0.19721876084804535,0.16712632775306702,0.6138556003570557,0.7458919882774353,0.03771798312664032,-1.3789865970611572,-0.4858831763267517
1789729836847441200,7.535441162109375,0.19801008701324463,0.1661866307258606,0.6121077537536621,0.7473273277282715,0.030615970492362976,-1.3740251064300537,-0.4928966760635376
1789729836857377800,7.545377685546875,0.19872750341892242,0.16525840759277344,0.609801709651947,0.7492255568504333,0.026091549545526505,-1.3676706552505493,-0.4972814917564392
1789729836867314200,7.555314208984375,0.19905176758766174,0.1641083061695099,0.6073129177093506,0.7514106035232544,0.023269187659025192,-1.3607192039489746,-0.4990812838077545
1789729836877250300,7.565250244140625,0.19924801588058472,0.1628565639257431,0.605092465877533,0.7534195780754089,0.01989520713686943,-1.3543869256973267,-0.5010822415351868
1789729836887187000,7.57518701171875,0.1996660679578781,0.16161653399467468,0.6035486459732056,0.7548129558563232,0.013520579785108566,-1.3497626781463623,-0.5063819885253906
1789729836897123800,7.585123779296875,0.20021291077136993,0.16027189791202545,0.6029618382453918,0.7554235458374023,0.003182112006470561,-1.3474427461624146,-0.5156145691871643
1789729836907060500,7.595060546875,0.20084115862846375,0.15886740386486053,0.6032931208610535,0.7552889585494995,-0.010607067495584488,-1.3473316431045532,-0.5282643437385559
1789729836916997000,7.6049970703125,0.201427161693573,0.1573488861322403,0.6043018698692322,0.7546440958976746,-0.027073051780462265,-1.3487749099731445,-0.5433151125907898
1789729836926932500,7.614932373046875,0.20192229747772217,0.15585936605930328,0.6057169437408447,0.7536857724189758,-0.04443860054016113,-1.3511906862258911,-0.5591468811035156
1789729836936868400,7.624868408203125,0.20215125381946564,0.15444718301296234,0.6073113083839417,0.7526313066482544,-0.06074347347021103,-1.3540687561035156,-0.5736281275749207
1789729836946804200,7.63480419921875,0.2019878625869751,0.15317443013191223,0.6089379191398621,0.751620352268219,-0.07428738474845886,-1.357124924659729,-0.5849742889404297
1789729836956740600,7.64474072265625,0.2016393393278122,0.1523747444152832,0.6103790998458862,0.7507069110870361,-0.08316721767187119,-1.3600786924362183,-0.5920845866203308
1789729836966677800,7.654677734375,0.20135408639907837,0.15229201316833496,0.6114400029182434,0.7499365210533142,-0.08630042523145676,-1.3626304864883423,-0.5946073532104492
1789729836976615200,7.664615234375,0.20097088813781738,0.15274988114833832,0.6120351552963257,0.7494605779647827,-0.08328261971473694,-1.3644644021987915,-0.5916498303413391
1789729836986552800,7.674552734375,0.2004549354314804,0.15366531908512115,0.6120902299880981,0.7493666410446167,-0.07402794808149338,-1.3653299808502197,-0.5829588174819946
1789729836996489700,7.68448974609375,0.19976404309272766,0.15497000515460968,0.6116811037063599,0.7496164441108704,-0.059086523950099945,-1.3653366565704346,-0.568918764591217
1789729837006426400,7.69442626953125,0.19884778559207916,0.15655139088630676,0.6111264228820801,0.7499837875366211,-0.040267277508974075,-1.36515212059021,-0.5510815978050232
1789729837016362800,7.70436279296875,0.19797520339488983,0.15847262740135193,0.6108231544494629,0.7500581741333008,-0.020277464762330055,-1.3657574653625488,-0.5326165556907654
1789729837026299400,7.71429931640625,0.1975191980600357,0.16070719063282013,0.6110833883285522,0.7494907975196838,-0.002502643270418048,-1.3679059743881226,-0.5173982977867126
1789729837036236000,7.724236083984375,0.19739389419555664,0.1627345085144043,0.6120054125785828,0.7483331561088562,0.009836236014962196,-1.3715369701385498,-0.5077587962150574
1789729837046172400,7.73417236328125,0.19734421372413635,0.16402362287044525,0.6132749319076538,0.7470243573188782,0.015499083325266838,-1.3755548000335693,-0.5038127303123474
1789729837056109000,7.744109130859375,0.19701646268367767,0.16444282233715057,0.6144673824310303,0.7460381388664246,0.01698603667318821,-1.3788150548934937,-0.5023760795593262
1789729837066045700,7.754045654296875,0.19590900838375092,0.16401849687099457,0.6153901219367981,0.74566251039505,0.018452417105436325,-1.3808376789093018,-0.4986070394515991
1789729837075982000,7.763982177734375,0.1938222497701645,0.16298864781856537,0.6159973740577698,0.7459322214126587,0.023239513859152794,-1.3816560506820679,-0.48922136425971985
1789729837085918700,7.773918701171875,0.19078931212425232,0.16157983243465424,0.6164315342903137,0.7466616034507751,0.0323292575776577,-1.3817660808563232,-0.47360897064208984
1789729837095855400,7.78385546875,0.18716742098331451,0.16003938019275665,0.6168878078460693,0.7475327253341675,0.044445525854825974,-1.3818142414093018,-0.45392072200775146
1789729837105791700,7.793791748046875,0.1836046576499939,0.15867571532726288,0.6174092888832092,0.7482761144638062,0.05733489990234375,-1.3821150064468384,-0.4338063597679138
1789729837115728400,7.803728271484375,0.1806659996509552,0.15775221586227417,0.6179909110069275,0.7487064003944397,0.06920307874679565,-1.3828415870666504,-0.41626712679862976
1789729837125665000,7.8136650390625,0.17870816588401794,0.1574975550174713,0.6185643076896667,0.7487563490867615,0.07960445433855057,-1.3839776515960693,-0.40260234475135803
1789729837135601700,7.8236015625,0.1780567765235901,0.15815569460391998,0.6188960671424866,0.7484986186027527,0.08873088657855988,-1.385095477104187,-0.39346015453338623
1789729837145538600,7.83353857421875,0.1783088594675064,0.15937179327011108,0.6189275979995728,0.7481545209884644,0.09665542840957642,-1.385826587677002,-0.3876665234565735
1789729837155474700,7.843474609375,0.17934775352478027,0.1610446572303772,0.6185769438743591,0.7478379011154175,0.10348126292228699,-1.3859069347381592,-0.38480696082115173
1789729837165411000,7.8534111328125,0.18081893026828766,0.1628701090812683,0.6178605556488037,0.7476805448532104,0.10917762666940689,-1.385190486907959,-0.38395416736602783
1789729837175347200,7.86334716796875,0.18227070569992065,0.16451796889305115,0.6168442368507385,0.7478063702583313,0.1141200065612793,-1.3836205005645752,-0.3835900127887726
1789729837185283600,7.87328369140625,0.18337473273277283,0.1657627373933792,0.6155741810798645,0.748308002948761,0.11869040876626968,-1.3811532258987427,-0.3825225532054901
1789729837195220000,7.883219970703125,0.18401400744915009,0.16653768718242645,0.6141617894172668,0.7491390705108643,0.12292248755693436,-1.3780181407928467,-0.38044190406799316
1789729837205156600,7.893156494140625,0.18437354266643524,0.16696259379386902,0.6129252910614014,0.7499683499336243,0.12592372298240662,-1.375118374824524,-0.37866440415382385
1789729837215093200,7.90309326171875,0.18474966287612915,0.16713303327560425,0.6121879816055298,0.7504398226737976,0.12597601115703583,-1.3733770847320557,-0.3794582784175873
1789729837225030000,7.91302978515625,0.18525293469429016,0.1670810878276825,0.6121660470962524,0.7503452897071838,0.12228958308696747,-1.3733789920806885,-0.38380739092826843
1789729837234966500,7.922966552734375,0.18579570949077606,0.16659501194953918,0.612835168838501,0.7497727274894714,0.1137634664773941,-1.3749302625656128,-0.39237692952156067
1789729837244903200,7.932903076171875,0.18633532524108887,0.16550995409488678,0.6139536499977112,0.7489635944366455,0.0995955765247345,-1.3773033618927002,-0.40568438172340393
1789729837254839800,7.94283984375,0.1867656260728836,0.1638072431087494,0.615164577960968,0.7482368350028992,0.08083502948284149,-1.3795323371887207,-0.42252278327941895
1789729837264776400,7.9527763671875,0.18681751191616058,0.1615401804447174,0.6161512732505798,0.7479048371315002,0.06048936769366264,-1.3807852268218994,-0.4395892918109894
1789729837274713000,7.962713134765625,0.1860770732164383,0.15879034996032715,0.6168318390846252,0.7481172680854797,0.04255499318242073,-1.3808777332305908,-0.4524053633213043
1789729837284650200,7.972650146484375,0.1848122626543045,0.15611493587493896,0.6173011660575867,0.7486065626144409,0.029429154470562935,-1.3804317712783813,-0.4597705006599426
1789729837294587100,7.982587158203125,0.1831953376531601,0.15378811955451965,0.6178117394447327,0.7490642666816711,0.021304607391357422,-1.3802869319915771,-0.4621257483959198
1789729837304522800,7.992522705078125,0.1817876249551773,0.15231452882289886,0.6184965968132019,0.7491431832313538,0.01771850325167179,-1.3811067342758179,-0.46147820353507996
1789729837314458600,8.002458740234376,0.18095895648002625,0.15195715427398682,0.619363009929657,0.7487004399299622,0.018123744055628777,-1.3830682039260864,-0.4592936038970947
1789729837324394800,8.012394775390625,0.18095682561397552,0.15264321863651276,0.6202867031097412,0.7477961182594299,0.020671453326940536,-1.385814905166626,-0.4576830565929413
1789729837334331100,8.0223310546875,0.18160414695739746,0.15392166376113892,0.6211308240890503,0.7466756701469421,0.02352626994252205,-1.3887327909469604,-0.45757824182510376
1789729837344268000,8.03226806640625,0.1826288104057312,0.1554609090089798,0.621830403804779,0.7455236911773682,0.026190461590886116,-1.3914576768875122,-0.45860281586647034
1789729837354205000,8.042204833984375,0.18347367644309998,0.15678671002388,0.6225104331970215,0.7444703578948975,0.028533997014164925,-1.3940081596374512,-0.45937833189964294
1789729837364142000,8.05214208984375,0.18378663063049316,0.15760202705860138,0.623319149017334,0.7435437440872192,0.03030497208237648,-1.3965669870376587,-0.45920178294181824
1789729837374079200,8.062079345703125,0.18302708864212036,0.1575421541929245,0.6243073344230652,0.7429144382476807,0.032477058470249176,-1.3990209102630615,-0.45577797293663025
1789729837384016600,8.0720166015625,0.1813374012708664,0.1568741500377655,0.6253187656402588,0.742619514465332,0.0367765836417675,-1.401135802268982,-0.4479857385158539
1789729837393952500,8.081952392578126,0.17911773920059204,0.1559770554304123,0.6263133883476257,0.7425089478492737,0.04350252449512482,-1.4030473232269287,-0.4366644620895386
1789729837403888400,8.091888427734375,0.1770227700471878,0.15533386170864105,0.6273298859596252,0.7422880530357361,0.0515863373875618,-1.405163288116455,-0.4245379865169525
1789729837413824300,8.10182421875,0.17553406953811646,0.15514715015888214,0.6283913254737854,0.7417826652526855,0.05892198160290718,-1.4076846837997437,-0.4147060215473175
1789729837423761000,8.111760986328125,0.17471325397491455,0.15524303913116455,0.6293286085128784,0.7411615252494812,0.06388828903436661,-1.4100887775421143,-0.40863487124443054
1789729837433698000,8.121697998046875,0.1743222177028656,0.1553095579147339,0.6299313306808472,0.7407275438308716,0.06606466323137283,-1.411649227142334,-0.40595486760139465
1789729837443635000,8.131635009765626,0.17411556839942932,0.15518642961978912,0.630219042301178,0.7405571341514587,0.06586086750030518,-1.412309169769287,-0.40566444396972656
1789729837453572400,8.141572265625,0.17396877706050873,0.15498019754886627,0.6303616166114807,0.7405135035514832,0.06479519605636597,-1.4125555753707886,-0.4062105715274811
1789729837463509000,8.151509033203125,0.1739567667245865,0.1549411565065384,0.6306025981903076,0.7403193116188049,0.06384912133216858,-1.413157343864441,-0.40707075595855713
1789729837473445600,8.161445556640626,0.1741211861371994,0.1552116572856903,0.6311788558959961,0.7397326231002808,0.06329697370529175,-1.4148080348968506,-0.40822598338127136
1789729837483382000,8.171382080078125,0.1746240109205246,0.1559286117553711,0.6320633888244629,0.7387073636054993,0.06308277696371078,-1.4175291061401367,-0.41016918420791626
1789729837493318700,8.181318603515624,0.1754646748304367,0.1569840908050537,0.6330307126045227,0.7374552488327026,0.06281859427690506,-1.4206819534301758,-0.4131423234939575
1789729837503255300,8.19125537109375,0.17666445672512054,0.15827971696853638,0.6338262557983398,0.7362074851989746,0.06209774687886238,-1.4235581159591675,-0.4174533486366272
1789729837513191400,8.20119140625,0.17804092168807983,0.15962502360343933,0.634257435798645,0.7352133989334106,0.06131339073181152,-1.4255390167236328,-0.42217597365379333
1789729837523128300,8.21112841796875,0.17933575809001923,0.16086339950561523,0.6341744065284729,0.7347002625465393,0.06185979023575783,-1.426124930381775,-0.4253196716308594
1789729837533065000,8.22106494140625,0.1804402470588684,0.16200506687164307,0.6335849761962891,0.7346875071525574,0.0648781806230545,-1.4253299236297607,-0.42559802532196045
1789729837543001600,8.231001708984374,0.18133124709129333,0.16302652657032013,0.632669985294342,0.7350306510925293,0.0696965903043747,-1.423607349395752,-0.42360714077949524
1789729837552937700,8.240937744140625,0.18204829096794128,0.16385380923748016,0.6317058205604553,0.7354985475540161,0.07426661252975464,-1.4216346740722656,-0.42133280634880066
1789729837562873600,8.25087353515625,0.18258684873580933,0.16433607041835785,0.630935788154602,0.7359182834625244,0.07643681019544601,-1.4199587106704712,-0.42068812251091003
1789729837572809700,8.260809814453125,0.18324247002601624,0.16463717818260193,0.6304091811180115,0.7361392974853516,0.0750870555639267,-1.418828010559082,-0.4234597980976105
1789729837582746400,8.270746337890625,0.1837666630744934,0.16458271443843842,0.6301225423812866,0.7362661957740784,0.07081872224807739,-1.4181064367294312,-0.42842963337898254
1789729837592682800,8.280682861328126,0.18394941091537476,0.16408944129943848,0.6299554705619812,0.736473560333252,0.06507327407598495,-1.417410135269165,-0.43373388051986694
1789729837602619600,8.29061962890625,0.18380850553512573,0.16329655051231384,0.6298522353172302,0.7367732524871826,0.059188373386859894,-1.4166772365570068,-0.4382669925689697
1789729837612557800,8.300557861328125,0.1835445910692215,0.16243036091327667,0.6299273371696472,0.7369663119316101,0.05314689129590988,-1.4163498878479004,-0.4426611363887787
1789729837622494500,8.310494384765626,0.18336859345436096,0.1614851951599121,0.6303444504737854,0.7368611693382263,0.04445262998342514,-1.4168609380722046,-0.4497051537036896
1789729837632431000,8.32043115234375,0.1835009902715683,0.1605023592710495,0.631129801273346,0.7363705039024353,0.03129168972373009,-1.4183032512664795,-0.4615938663482666
1789729837642367200,8.3303671875,0.18394607305526733,0.15948747098445892,0.6321835517883301,0.7355756759643555,0.013715056702494621,-1.4204003810882568,-0.4782976806163788
1789729837652303000,8.34030322265625,0.18460774421691895,0.158381849527359,0.6333758234977722,0.7346224784851074,-0.007799333427101374,-1.4227510690689087,-0.49911847710609436
1789729837662239500,8.350239501953125,0.1855435073375702,0.15734058618545532,0.6346326470375061,0.7335250377655029,-0.03225347027182579,-1.425236701965332,-0.5233728289604187
1789729837672175900,8.36017578125,0.18667401373386383,0.15649253129959106,0.635874330997467,0.732343316078186,-0.05747105926275253,-1.4277254343032837,-0.5489581227302551
1789729837682112500,8.370112548828125,0.18778127431869507,0.15568828582763672,0.6369687914848328,0.7312797904014587,-0.08205089718103409,-1.429792881011963,-0.573944091796875
1789729837692049200,8.380049072265624,0.18889805674552917,0.15489482879638672,0.6377841234207153,0.7304495573043823,-0.10551979392766953,-1.4310897588729858,-0.5978627800941467
1789729837701986300,8.389986328125,0.18998515605926514,0.15413892269134521,0.6382098197937012,0.7299554944038391,-0.12606385350227356,-1.431383728981018,-0.6188855767250061
1789729837711923200,8.399923095703125,0.19087760150432587,0.1534532904624939,0.6382037997245789,0.7298724055290222,-0.1410352736711502,-1.4306551218032837,-0.6341721415519714
1789729837721860000,8.409860107421874,0.19154849648475647,0.15290206670761108,0.6378818154335022,0.730093777179718,-0.15019828081130981,-1.4292809963226318,-0.6435346603393555
1789729837731797000,8.419796875,0.19201122224330902,0.15255305171012878,0.6373910307884216,0.7304737567901611,-0.15417668223381042,-1.4276962280273438,-0.6477075815200806
1789729837741733400,8.4297333984375,0.19253410398960114,0.15258309245109558,0.6368973255157471,0.7307604551315308,-0.15522313117980957,-1.4264050722122192,-0.6495862007141113
1789729837751670000,8.439669921875,0.1932915449142456,0.15297925472259521,0.6366329789161682,0.7307080030441284,-0.15681219100952148,-1.4259274005889893,-0.6528710722923279
1789729837761606400,8.4496064453125,0.19431523978710175,0.1534392237663269,0.6366527080535889,0.7303227782249451,-0.16235975921154022,-1.4261373281478882,-0.6605852842330933
1789729837771542800,8.459542724609374,0.19564960896968842,0.15372921526432037,0.63690584897995,0.7296845316886902,-0.17408044636249542,-1.4266911745071411,-0.6746727228164673
1789729837781479400,8.4694794921875,0.1971021294593811,0.15368062257766724,0.6373534202575684,0.7289125919342041,-0.19151505827903748,-1.4273655414581299,-0.6941495537757874
1789729837791415800,8.479415771484375,0.19831781089305878,0.15315110981464386,0.6378478407859802,0.7282615900039673,-0.2114759385585785,-1.4277434349060059,-0.7151081562042236
1789729837801352700,8.489352783203126,0.19887137413024902,0.15211263298988342,0.6383290886878967,0.7279065251350403,-0.22962543368339539,-1.4277722835540771,-0.7325472831726074
1789729837811289900,8.499289794921875,0.19870831072330475,0.15090148150920868,0.638753354549408,0.7278309464454651,-0.2421092540025711,-1.4277032613754272,-0.7430205941200256
1789729837821226500,8.5092265625,0.19813565909862518,0.14977048337459564,0.639062762260437,0.7279490828514099,-0.24911022186279297,-1.4275658130645752,-0.7475314140319824
1789729837831163100,8.5191630859375,0.19768324494361877,0.14901386201381683,0.6393197774887085,0.7280016541481018,-0.25360235571861267,-1.4276130199432373,-0.7502539157867432
1789729837841099500,8.529099609375,0.19786934554576874,0.14895735681056976,0.6395358443260193,0.7277728319168091,-0.2577406167984009,-1.4279991388320923,-0.7545746564865112
1789729837851036000,8.539035888671876,0.19893217086791992,0.14964614808559418,0.6396377086639404,0.7272521257400513,-0.2627210021018982,-1.4285118579864502,-0.762108325958252
1789729837860972300,8.54897216796875,0.20064564049243927,0.15082359313964844,0.6395490169525146,0.726615846157074,-0.26794174313545227,-1.4288114309310913,-0.771554708480835
1789729837870908700,8.55890869140625,0.20262692868709564,0.15219919383525848,0.6392225027084351,0.7260663509368896,-0.27182018756866455,-1.4286569356918335,-0.7803518176078796
1789729837880845000,8.568844970703125,0.20441651344299316,0.15348902344703674,0.6385518908500671,0.7258832454681396,-0.2714085280895233,-1.4277029037475586,-0.7844704985618591
1789729837890781400,8.578781494140625,0.20555777847766876,0.1545000821352005,0.6375746726989746,0.7262053489685059,-0.2645151913166046,-1.4260162115097046,-0.7807645797729492
1789729837900719000,8.588718994140624,0.20576252043247223,0.15517058968544006,0.6363815069198608,0.7270504832267761,-0.2501652240753174,-1.4238277673721313,-0.767740786075592
1789729837910656000,8.598656005859375,0.20503674447536469,0.15553271770477295,0.6350461840629578,0.7283446192741394,-0.22927993535995483,-1.4212901592254639,-0.7463719844818115
1789729837920592400,8.60859228515625,0.20365403592586517,0.15581059455871582,0.6335931420326233,0.7299368977546692,-0.2031535506248474,-1.4185240268707275,-0.718680202960968
1789729837930528500,8.618528564453126,0.20211602747440338,0.15636314451694489,0.6320750117301941,0.7315605282783508,-0.173983633518219,-1.4157813787460327,-0.6881201863288879
1789729837940465400,8.62846533203125,0.2008638083934784,0.15744681656360626,0.6306728720664978,0.7328819632530212,-0.1447220891714096,-1.413588523864746,-0.6586567163467407
1789729837950402300,8.63840234375,0.20020082592964172,0.1590842753648758,0.6295889616012573,0.7336413264274597,-0.11862621456384659,-1.41240656375885,-0.6340151429176331
1789729837960339000,8.6483388671875,0.20029057562351227,0.16104723513126373,0.6289339661598206,0.7337502837181091,-0.09904444217681885,-1.412348747253418,-0.6174463629722595
1789729837970275300,8.658275390625,0.2010936290025711,0.16305404901504517,0.6286362409591675,0.7333424687385559,-0.08721653372049332,-1.4130867719650269,-0.6097280979156494
1789729837980212000,8.6682119140625,0.2024441361427307,0.1649220883846283,0.628432035446167,0.7327280044555664,-0.08173639327287674,-1.413884162902832,-0.6089590191841125
1789729837990148600,8.678148681640625,0.20393924415111542,0.16641056537628174,0.6281021237373352,0.7322595715522766,-0.08002571016550064,-1.4140654802322388,-0.61162930727005
1789729838000086300,8.688086181640625,0.20510703325271606,0.1673274040222168,0.6274657249450684,0.7322700619697571,-0.07863324135541916,-1.413081407546997,-0.6133237481117249
1789729838010020900,8.698020751953125,0.2054339498281479,0.16747897863388062,0.6264870166778564,0.7329813838005066,-0.07464540004730225,-1.4107404947280884,-0.6100907325744629
1789729838019956000,8.7079560546875,0.20458006858825684,0.16681940853595734,0.6253100037574768,0.7343743443489075,-0.06666006147861481,-1.4073913097381592,-0.5999533534049988
1789729838029891300,8.717891357421875,0.20283915102481842,0.1657734215259552,0.624065637588501,0.7361504435539246,-0.05473339185118675,-1.4036470651626587,-0.5840122103691101
1789729838039827200,8.7278271484375,0.200370192527771,0.16450606286525726,0.6229428648948669,0.738059401512146,-0.040081415325403214,-1.400071620941162,-0.5639497637748718
1789729838049763800,8.737763916015625,0.19764505326747894,0.16332589089870453,0.6220366358757019,0.7398185729980469,-0.024428656324744225,-1.3970824480056763,-0.542629063129425
1789729838059701000,8.747700927734375,0.19520212709903717,0.16241982579231262,0.6213846802711487,0.7412132024765015,-0.010375414043664932,-1.3948792219161987,-0.523709774017334
1789729838069639000,8.757638916015624,0.19365011155605316,0.16191904246807098,0.621006965637207,0.7420459985733032,-0.001210588263347745,-1.3936055898666382,-0.511561930179596
1789729838079576800,8.767576904296876,0.19321171939373016,0.16172252595424652,0.6209086775779724,0.7422853112220764,0.0008765908423811197,-1.39322829246521,-0.508551836013794
1789729838089514800,8.7775146484375,0.1936948448419571,0.16165930032730103,0.6209714412689209,0.742120623588562,-0.003492680611088872,-1.3933440446853638,-0.5135345458984375
1789729838099451400,8.787451416015625,0.194697305560112,0.16174602508544922,0.6210229396820068,0.7417962551116943,-0.010535105131566525,-1.3935221433639526,-0.5221710801124573
1789729838109388000,8.797387939453126,0.19551314413547516,0.16172689199447632,0.6210867762565613,0.7415323257446289,-0.017081057652831078,-1.3936539888381958,-0.5298829674720764
1789729838119324400,8.807324462890625,0.19621558487415314,0.1618010699748993,0.6212334632873535,0.7412077188491821,-0.02238214947283268,-1.394054889678955,-0.5363151431083679
1789729838129261000,8.817260986328124,0.19681935012340546,0.16193221509456635,0.6216287016868591,0.7406874299049377,-0.02755163423717022,-1.3951164484024048,-0.5425387024879456
1789729838139198000,8.827197998046875,0.1974664032459259,0.1621709167957306,0.6222424507141113,0.7399472594261169,-0.03320810943841934,-1.3967944383621216,-0.5494567155838013
1789729838149134600,8.837134521484375,0.19788506627082825,0.1623578667640686,0.6229732632637024,0.7391790747642517,-0.038155488669872284,-1.3987351655960083,-0.5552486181259155
1789729838159071000,8.847071044921876,0.19795404374599457,0.16238941252231598,0.6236635446548462,0.7385714054107666,-0.041554007679224014,-1.4004814624786377,-0.5587554574012756
1789729838169007600,8.857007568359375,0.19781553745269775,0.1622486561536789,0.6242230534553528,0.7381666302680969,-0.04418020322918892,-1.4017869234085083,-0.5609422326087952
1789729838178944500,8.866944580078124,0.19744718074798584,0.16191673278808594,0.6246941089630127,0.7379395961761475,-0.046164385974407196,-1.4027477502822876,-0.5618768930435181
1789729838188880600,8.876880615234375,0.19693732261657715,0.1615057736635208,0.6251115798950195,0.7378123998641968,-0.047430023550987244,-1.403527855873108,-0.5617741942405701
1789729838198817000,8.886817138671875,0.19617880880832672,0.16093020141124725,0.6254768371582031,0.737830638885498,-0.04781658574938774,-1.4040746688842773,-0.5601910948753357
1789729838208753200,8.896753173828126,0.19513234496116638,0.16015131771564484,0.6257622838020325,0.7380355596542358,-0.04719157516956329,-1.404297113418579,-0.5568839311599731
1789729838218689500,8.906689453125,0.19406457245349884,0.15936461091041565,0.6259690523147583,0.7383120059967041,-0.046092867851257324,-1.404321312904358,-0.5530657768249512
1789729838228626000,8.9166259765625,0.19328740239143372,0.1588810682296753,0.6261873841285706,0.7384349703788757,-0.04486960917711258,-1.4045732021331787,-0.5499891638755798
1789729838238562800,8.926562744140625,0.1930004507303238,0.1588461548089981,0.6265279054641724,0.7382286190986633,-0.044423606246709824,-1.4054198265075684,-0.5490530133247375
1789729838248499500,8.93649951171875,0.193319171667099,0.1592465490102768,0.6269758343696594,0.7376785278320312,-0.045756638050079346,-1.4068082571029663,-0.5514106154441833
1789729838258436400,8.946436279296876,0.1941630244255066,0.15985514223575592,0.6274155974388123,0.7369509935379028,-0.04965844377875328,-1.4082906246185303,-0.5574098825454712
1789729838268373000,8.956373046875,0.1952117681503296,0.16034036874771118,0.6277231574058533,0.7363063097000122,-0.05575599893927574,-1.4093369245529175,-0.5657342076301575
1789729838278310000,8.966309814453124,0.19598035514354706,0.16037142276763916,0.6278318166732788,0.7360026240348816,-0.062445543706417084,-1.409569263458252,-0.5735910534858704
1789729838288246500,8.97624658203125,0.19622106850147247,0.15996260941028595,0.6276823878288269,0.7361549139022827,-0.06713095307350159,-1.4088730812072754,-0.5780447721481323
1789729838298183700,8.98618359375,0.19583113491535187,0.15935617685317993,0.627273678779602,0.7367384433746338,-0.06689957529306412,-1.407440423965454,-0.5763829350471497
1789729838308120300,8.996120361328124,0.19495916366577148,0.15879309177398682,0.6267642974853516,0.7375243902206421,-0.061904750764369965,-1.405832290649414,-0.5693187117576599
1789729838318057000,9.006056884765625,0.19421015679836273,0.15858368575572968,0.6263100504875183,0.7381526231765747,-0.05536145344376564,-1.4046045541763306,-0.561396598815918
1789729838327993300,9.015993408203125,0.1937149316072464,0.15859852731227875,0.6259278059005737,0.7386037111282349,-0.04944262653589249,-1.4036951065063477,-0.5547935366630554
1789729838337930200,9.02593017578125,0.19353047013282776,0.15874812006950378,0.6254212260246277,0.7390488982200623,-0.04438874125480652,-1.4025436639785767,-0.5497133731842041
1789729838347866600,9.03586669921875,0.19353458285331726,0.15882772207260132,0.624677300453186,0.7396596670150757,-0.040405165404081345,-1.4007354974746704,-0.545892059803009
1789729838357802800,9.045802734375,0.19371932744979858,0.1588919311761856,0.6237611770629883,0.7403703331947327,-0.037283118814229965,-1.3984752893447876,-0.543185293674469
1789729838367739100,9.0557392578125,0.19392746686935425,0.15891090035438538,0.6229552030563354,0.7409900426864624,-0.035252273082733154,-1.396458387374878,-0.5415325164794922
1789729838377675500,9.065675537109374,0.19409313797950745,0.15884746611118317,0.6225151419639587,0.7413300275802612,-0.035146456211805344,-1.3953040838241577,-0.5416029095649719
1789729838387612000,9.07561181640625,0.19425033032894135,0.15869203209877014,0.622491717338562,0.7413418292999268,-0.03747839108109474,-1.395129680633545,-0.5439413785934448
1789729838397548500,9.085548583984375,0.1942397654056549,0.15828323364257812,0.6227403283119202,0.741223156452179,-0.04172125458717346,-1.395465612411499,-0.5475615859031677
1789729838407485400,9.0954853515625,0.19382111728191376,0.1575555056333542,0.6229900121688843,0.7412779927253723,-0.045411042869091034,-1.3956019878387451,-0.5495676398277283
1789729838417422000,9.105422119140625,0.1929280161857605,0.15658335387706757,0.6231508851051331,0.7415817379951477,-0.04704749956727028,-1.3953758478164673,-0.5484753847122192
1789729838427359000,9.11535888671875,0.1917334496974945,0.1555413156747818,0.6233001947402954,0.7419852614402771,-0.04690663889050484,-1.3950942754745483,-0.5450639128684998
1789729838437295600,9.125295654296876,0.19050297141075134,0.15468385815620422,0.6235523819923401,0.7422694563865662,-0.04548422247171402,-1.3952040672302246,-0.5405808091163635
1789729838447232500,9.135232421875,0.18958355486392975,0.1542702466249466,0.6240289211273193,0.742190420627594,-0.04384543374180794,-1.3961658477783203,-0.536969006061554
1789729838457169200,9.145169189453124,0.18915650248527527,0.15426193177700043,0.6248179078102112,0.741637110710144,-0.04404771327972412,-1.3981614112854004,-0.5364901423454285
1789729838467106000,9.15510595703125,0.1892782300710678,0.15462873876094818,0.6258116364479065,0.7406912446022034,-0.04638920724391937,-1.4008986949920654,-0.5394878387451172
1789729838477042700,9.165042724609375,0.189558207988739,0.15502695739269257,0.6267887949943542,0.7397094964981079,-0.04975350201129913,-1.403607726097107,-0.5437869429588318
1789729838486979600,9.1749794921875,0.18957318365573883,0.1552567034959793,0.6274774074554443,0.7390733957290649,-0.051153115928173065,-1.4054943323135376,-0.545505166053772
1789729838496916000,9.184916015625,0.18905548751354218,0.15538141131401062,0.6276974081993103,0.7389929890632629,-0.04692637547850609,-1.4061684608459473,-0.5406892895698547
1789729838506852600,9.1948525390625,0.18806743621826172,0.15551769733428955,0.6275070309638977,0.739378035068512,-0.0368790403008461,-1.4058395624160767,-0.5294023752212524
1789729838516789200,9.204789306640626,0.18696536123752594,0.1557789444923401,0.6270955204963684,0.7399513721466064,-0.02395513281226158,-1.405022382736206,-0.5152650475502014
1789729838526726000,9.214725830078125,0.18607524037361145,0.15617519617080688,0.6264963746070862,0.7405994534492493,-0.0109751271083951,-1.403787612915039,-0.5015884041786194
1789729838536662300,9.224662353515624,0.18539325892925262,0.1565151810646057,0.625636637210846,0.7414250373840332,0.0006596209132112563,-1.4018293619155884,-0.48949456214904785
1789729838546599000,9.234598876953125,0.1847400814294815,0.15668337047100067,0.6244297623634338,0.742569088935852,0.01158528309315443,-1.3988629579544067,-0.477922648191452
1789729838556535600,9.24453564453125,0.1839638352394104,0.15671731531620026,0.6228529810905457,0.7440773844718933,0.023167595267295837,-1.3948553800582886,-0.46534159779548645
1789729838566472000,9.254471923828126,0.18295687437057495,0.15663132071495056,0.6210348606109619,0.745861291885376,0.03565604239702225,-1.3901362419128418,-0.4513588845729828
1789729838576408600,9.26440869140625,0.18186809122562408,0.1565553843975067,0.6192253828048706,0.7476458549499512,0.04809580370783806,-1.3854224681854248,-0.4373224079608917
1789729838586345200,9.27434521484375,0.18095166981220245,0.15660877525806427,0.6176460981369019,0.7491618394851685,0.05910126119852066,-1.3813623189926147,-0.4251483678817749
1789729838596281600,9.284281494140625,0.18016570806503296,0.156707763671875,0.6164403557777405,0.7503227591514587,0.06820624321699142,-1.3782765865325928,-0.41511091589927673
1789729838606218200,9.29421826171875,0.17966751754283905,0.15695197880268097,0.6155603528022766,0.75111323595047,0.07546442747116089,-1.376115083694458,-0.40753281116485596
1789729838616155000,9.30415478515625,0.17925600707530975,0.15709730982780457,0.6149746179580688,0.7516607642173767,0.08060597628355026,-1.374654769897461,-0.4020369350910187
1789729838626091500,9.314091552734375,0.1788216382265091,0.15703974664211273,0.6146367788314819,0.7520524859428406,0.08376995474100113,-1.3737159967422485,-0.398175984621048
1789729838636028000,9.32402783203125,0.1784881204366684,0.1568591296672821,0.614497721195221,0.7522830367088318,0.08489726483821869,-1.373231291770935,-0.3963080644607544
1789729838645964500,9.333964599609375,0.17822512984275818,0.15649236738681793,0.6145902276039124,0.7523462176322937,0.08366865664720535,-1.3732495307922363,-0.39661484956741333
1789729838655901200,9.343901123046875,0.17810645699501038,0.15598583221435547,0.6148427724838257,0.7522731423377991,0.08008990436792374,-1.373619794845581,-0.39926978945732117
1789729838665837600,9.353837646484376,0.17783570289611816,0.1551777422428131,0.61515873670578,0.7522460222244263,0.07508604973554611,-1.3739778995513916,-0.4026869237422943
1789729838675774200,9.363774169921875,0.1772700697183609,0.1541178673505783,0.6154740452766418,0.7523394823074341,0.07012168318033218,-1.3741728067398071,-0.40526947379112244
1789729838685710800,9.3737109375,0.17643433809280396,0.15296496450901031,0.6158134937286377,0.7524934411048889,0.06618767231702805,-1.3743571043014526,-0.4062918424606323
1789729838695647500,9.3836474609375,0.17521750926971436,0.15172481536865234,0.616270124912262,0.7526549696922302,0.0638606995344162,-1.3747646808624268,-0.40501877665519714
1789729838705584000,9.393584228515625,0.17380450665950775,0.15056468546390533,0.6168597340583801,0.7527325749397278,0.06314974278211594,-1.3755425214767456,-0.40195322036743164
1789729838715520800,9.403520751953126,0.17252902686595917,0.1496809870004654,0.6175817847251892,0.7526102066040039,0.0633392184972763,-1.376819133758545,-0.3985821008682251
1789729838725457400,9.41345751953125,0.17149989306926727,0.14911338686943054,0.6184372901916504,0.7522554993629456,0.06401948630809784,-1.378623604774475,-0.39553049206733704
1789729838735394000,9.42339404296875,0.17077799141407013,0.14883126318454742,0.6193558573722839,0.7517196536064148,0.06470737606287003,-1.380764365196228,-0.39332976937294006
1789729838745331000,9.4333310546875,0.1702275574207306,0.14867201447486877,0.6201862096786499,0.7511911988258362,0.06540044397115707,-1.3827589750289917,-0.39155757427215576
1789729838755267600,9.443267578125,0.16979537904262543,0.1485045701265335,0.6207476258277893,0.7508584260940552,0.0658290907740593,-1.3840739727020264,-0.3902260959148407
1789729838765204200,9.453204345703124,0.16957613825798035,0.14832350611686707,0.6210231781005859,0.7507157921791077,0.06530354917049408,-1.384667992591858,-0.39015474915504456
1789729838775140900,9.463140869140625,0.1697952002286911,0.14822816848754883,0.621056318283081,0.7506577968597412,0.06291956454515457,-1.3847236633300781,-0.3927183449268341
1789729838785077500,9.473077392578125,0.17045314610004425,0.14818036556243896,0.6208069920539856,0.7507243156433105,0.058482781052589417,-1.384114146232605,-0.3980577290058136
1789729838795014100,9.48301416015625,0.17128179967403412,0.1479853093624115,0.6201823949813843,0.7510902881622314,0.05263299494981766,-1.3824776411056519,-0.4048672616481781
1789729838804950800,9.49295068359375,0.17211481928825378,0.14761069416999817,0.6193192601203918,0.751685619354248,0.04605919122695923,-1.380133032798767,-0.412161648273468
1789729838814887400,9.502887451171874,0.1726117879152298,0.14679677784442902,0.6184956431388855,0.7524088025093079,0.038469161838293076,-1.3776274919509888,-0.419345498085022
1789729838824824000,9.512823974609375,0.1726059466600418,0.1454446166753769,0.6178752779960632,0.753182053565979,0.02983713522553444,-1.3753153085708618,-0.4260490834712982
1789729838834760700,9.5227607421875,0.17211437225341797,0.14375759661197662,0.6175591945648193,0.7538773417472839,0.02128000184893608,-1.3735671043395996,-0.4314684569835663
1789729838844697600,9.532697509765624,0.17115060985088348,0.14188803732395172,0.6175783276557922,0.7544350624084473,0.013673090375959873,-1.3725522756576538,-0.4349672496318817
1789729838854634200,9.54263427734375,0.1698935329914093,0.140068918466568,0.6179810762405396,0.7547292709350586,0.007342707831412554,-1.3725343942642212,-0.4368149936199188
1789729838864571000,9.55257080078125,0.16893696784973145,0.1387917846441269,0.6188225746154785,0.7544904351234436,0.001790124922990799,-1.3739361763000488,-0.43908271193504333
1789729838874507500,9.562507568359376,0.16869257390499115,0.13831356167793274,0.6200440526008606,0.7536295652389526,-0.0037300363183021545,-1.376749873161316,-0.4434888958930969
1789729838884444200,9.572444091796875,0.16908513009548187,0.13852594792842865,0.621401309967041,0.7523836493492126,-0.008926046080887318,-1.3802967071533203,-0.4494890868663788
1789729838894380800,9.582380859375,0.16988876461982727,0.13920851051807404,0.6225762963294983,0.7511042356491089,-0.012992406263947487,-1.3836506605148315,-0.45564794540405273
1789729838904317400,9.5923173828125,0.17073598504066467,0.1399998664855957,0.6233882904052734,0.7500908374786377,-0.01549327839165926,-1.3861525058746338,-0.46048182249069214
1789729838914254000,9.602254150390625,0.17168091237545013,0.14084254205226898,0.6237797141075134,0.7493917346000671,-0.01696295477449894,-1.3876231908798218,-0.46452417969703674
1789729838924190700,9.612190673828126,0.17280447483062744,0.141701802611351,0.6238685846328735,0.7488973140716553,-0.018597902730107307,-1.388337254524231,-0.46903249621391296
1789729838934127600,9.622127685546875,0.17412979900836945,0.14258456230163574,0.6237431764602661,0.7485271692276001,-0.020786894485354424,-1.3885215520858765,-0.4744352698326111
1789729838944064500,9.632064453125,0.17577846348285675,0.14383558928966522,0.623204231262207,0.7483513355255127,-0.02096213586628437,-1.387882113456726,-0.4788512885570526
1789729838954001200,9.642001220703126,0.17762994766235352,0.14540991187095642,0.6215817332267761,0.7489591240882874,-0.016275081783533096,-1.3847159147262573,-0.4792303442955017
1789729838963937500,9.6519375,0.17862820625305176,0.14582905173301697,0.6191532611846924,0.7506498098373413,-0.011864053085446358,-1.3788403272628784,-0.47701990604400635
1789729838973874000,9.6618740234375,0.1786656528711319,0.14468783140182495,0.6164916157722473,0.7530485391616821,-0.012008204124867916,-1.371457576751709,-0.47572359442710876
1789729838983810300,9.671810302734375,0.17840857803821564,0.1426803171634674,0.6138910055160522,0.7556126713752747,-0.01665893942117691,-1.363730788230896,-0.477252334356308
1789729838993747000,9.681746826171874,0.178340345621109,0.14073607325553894,0.6115803122520447,0.7578638792037964,-0.0227032583206892,-1.3567861318588257,-0.4805292785167694
1789729839003684400,9.691684326171876,0.17839078605175018,0.13918942213058472,0.6097579002380371,0.7596040368080139,-0.027986587956547737,-1.3513095378875732,-0.48376575112342834
1789729839013621000,9.70162109375,0.1785239279270172,0.1379716843366623,0.6086181998252869,0.7607081532478333,-0.03342762961983681,-1.3477319478988647,-0.4877147376537323
1789729839023557600,9.7115576171875,0.1787746101617813,0.13692927360534668,0.6083806753158569,0.7610275745391846,-0.040977150201797485,-1.3464865684509277,-0.4941403269767761
1789729839033494300,9.721494384765625,0.1792263239622116,0.13609254360198975,0.6090925335884094,0.7605018019676208,-0.05124519392848015,-1.347689151763916,-0.5038148164749146
1789729839043431000,9.731430908203125,0.17973284423351288,0.13537916541099548,0.6104962825775146,0.7593832015991211,-0.06343481689691544,-1.3506495952606201,-0.5156264901161194
1789729839053367600,9.741367431640626,0.17994804680347443,0.13451457023620605,0.6121003031730652,0.7581937909126282,-0.07592809200286865,-1.3540045022964478,-0.5270875692367554
1789729839063304200,9.75130419921875,0.17966659367084503,0.13334287703037262,0.613379716873169,0.7574331164360046,-0.08663952350616455,-1.3563891649246216,-0.5356192588806152
1789729839073240600,9.761240478515624,0.17887519299983978,0.13192658126354218,0.6139964461326599,0.7573687434196472,-0.09358297288417816,-1.3570367097854614,-0.5393264889717102
1789729839083177000,9.771177001953125,0.17806346714496613,0.13070477545261383,0.6138699650764465,0.7578742504119873,-0.09632644057273865,-1.3560006618499756,-0.5391300320625305
1789729839093113300,9.78111328125,0.1775597184896469,0.1300046294927597,0.613257110118866,0.7586086392402649,-0.09564866870641708,-1.3540925979614258,-0.5367434024810791
1789729839103049700,9.7910498046875,0.17770728468894958,0.13010449707508087,0.6125867366790771,0.7590984106063843,-0.09340130537748337,-1.3525021076202393,-0.5348955988883972
1789729839112986400,9.800986328125,0.17865420877933502,0.1311240941286087,0.6122757196426392,0.7589516043663025,-0.09118770062923431,-1.3523117303848267,-0.5355545282363892
1789729839122923000,9.810923095703124,0.1799798309803009,0.13283810019493103,0.6125723123550415,0.7581005692481995,-0.08888930827379227,-1.3540352582931519,-0.5376477837562561
1789729839132859600,9.820859619140625,0.1813448667526245,0.13501764833927155,0.6134191751480103,0.7567041516304016,-0.08578988909721375,-1.3574278354644775,-0.5396373867988586
1789729839142796300,9.83079638671875,0.18215641379356384,0.1371031403541565,0.6147036552429199,0.7550901770591736,-0.08155664801597595,-1.361906886100769,-0.5395233035087585
1789729839152733000,9.84073291015625,0.18254297971725464,0.13904321193695068,0.616227924823761,0.7533977627754211,-0.07647032290697098,-1.3669353723526,-0.5377123355865479
1789729839162669600,9.850669677734375,0.18230758607387543,0.1405014544725418,0.6178391575813293,0.7518630623817444,-0.0709112361073494,-1.3719230890274048,-0.5338205099105835
1789729839172606200,9.860606201171874,0.18171074986457825,0.14161519706249237,0.6193236112594604,0.7505761384963989,-0.06470049917697906,-1.3764030933380127,-0.5282601118087769
1789729839182542800,9.87054296875,0.18090122938156128,0.1424262672662735,0.6205233335494995,0.7496267557144165,-0.05789601430296898,-1.379991888999939,-0.5213761925697327
1789729839192479500,9.8804794921875,0.18007595837116241,0.1430024951696396,0.6213250160217285,0.7490515112876892,-0.050963085144758224,-1.3824304342269897,-0.5140252113342285
1789729839202416000,9.890416015625,0.17942960560321808,0.14345815777778625,0.6216610074043274,0.7488406896591187,-0.0442611426115036,-1.383608341217041,-0.5070188045501709
1789729839212353000,9.90035302734375,0.17895671725273132,0.14385318756103516,0.6214809417724609,0.7490274906158447,-0.037248123437166214,-1.3834373950958252,-0.4998958706855774
1789729839222289700,9.91028955078125,0.17859596014022827,0.14437177777290344,0.620820939540863,0.7495609521865845,-0.028376445174217224,-1.3821274042129517,-0.491283655166626
1789729839232226300,9.920226318359376,0.17841853201389313,0.14517942070960999,0.6197967529296875,0.7502944469451904,-0.017470289021730423,-1.3800632953643799,-0.4813435673713684
1789729839242163000,9.930162841796875,0.17829345166683197,0.14587196707725525,0.6185531616210938,0.7512155771255493,-0.007310890592634678,-1.3773607015609741,-0.4720745086669922
1789729839252099600,9.940099609375,0.17840227484703064,0.14651265740394592,0.6172659993171692,0.752123236656189,0.0007579951197840273,-1.3745046854019165,-0.4651661813259125
1789729839262036200,9.9500361328125,0.17899297177791595,0.14726698398590088,0.6160497665405273,0.7528324127197266,0.006060760002583265,-1.3718935251235962,-0.4618896245956421
1789729839271972900,9.959972900390625,0.18016327917575836,0.14817920327186584,0.6150935888290405,0.7531560063362122,0.007871076464653015,-1.3700385093688965,-0.4631672501564026
1789729839281909500,9.969909423828126,0.18158474564552307,0.14890550076961517,0.6145124435424805,0.7531458139419556,0.005603327881544828,-1.3690235614776611,-0.468599796295166
1789729839291847200,9.97984716796875,0.18307936191558838,0.14937086403369904,0.6142189502716064,0.7529311776161194,0.0001509800204075873,-1.3685740232467651,-0.4769297242164612
1789729839301783800,9.98978369140625,0.18431523442268372,0.14941944181919098,0.6140546202659607,0.7527540326118469,-0.006992537062615156,-1.3681862354278564,-0.4859620928764343
1789729839311720400,9.999720458984376,0.18541496992111206,0.14911361038684845,0.6138443946838379,0.752716064453125,-0.015606180764734745,-1.367452621459961,-0.4957559108734131
1789729839321657000,10.009656982421875,0.18625330924987793,0.1483260840177536,0.613488495349884,0.7529547810554504,-0.025394529104232788,-1.3660402297973633,-0.5056539177894592
1789729839331593700,10.01959375,0.18689237534999847,0.1471668779850006,0.612852931022644,0.7535412907600403,-0.03542172163724899,-1.3636834621429443,-0.5149796009063721
1789729839341530400,10.0295302734375,0.18724055588245392,0.14566873013973236,0.6119934320449829,0.7544439435005188,-0.04497053846716881,-1.3605506420135498,-0.5229251384735107
1789729839351467000,10.039467041015625,0.18758642673492432,0.14425523579120636,0.61106938123703,0.755378007888794,-0.053464263677597046,-1.3573062419891357,-0.5299400091171265
1789729839361403600,10.049403564453126,0.18812867999076843,0.14326241612434387,0.6103182435035706,0.7560390830039978,-0.060739535838365555,-1.3547489643096924,-0.5366228818893433
1789729839371340000,10.059340087890625,0.18907038867473602,0.1430182307958603,0.6099128723144531,0.756177544593811,-0.06656032800674438,-1.3535090684890747,-0.5434975028038025
1789729839381276700,10.069276611328124,0.19027511775493622,0.14346036314964294,0.6099022626876831,0.7558000683784485,-0.07082313299179077,-1.353677749633789,-0.5501671433448792
1789729839391213300,10.07921337890625,0.1914554238319397,0.14421364665031433,0.6100688576698303,0.7552239894866943,-0.073568195104599,-1.3544963598251343,-0.5557225942611694
1789729839401150500,10.089150390625,0.19244349002838135,0.14495429396629333,0.6101393103599548,0.7547739744186401,-0.07491328567266464,-1.3550903797149658,-0.5595844388008118
1789729839411087000,10.099087158203124,0.19309809803962708,0.14540690183639526,0.6099714636802673,0.7546554207801819,-0.07525882869958878,-1.3549342155456543,-0.5615568161010742
1789729839421023700,10.109023681640625,0.19333235919475555,0.14546340703964233,0.609581708908081,0.7548994421958923,-0.07483973354101181,-1.3539988994598389,-0.5615891218185425
1789729839430960400,10.11896044921875,0.1932891607284546,0.1453431397676468,0.609108567237854,0.7553154826164246,-0.07361051440238953,-1.3527629375457764,-0.5601537823677063
1789729839440896800,10.128896728515626,0.1933068484067917,0.14540335536003113,0.6087443828582764,0.7555928826332092,-0.07198593765497208,-1.3519141674041748,-0.5586664080619812
1789729839450833400,10.13883349609375,0.19384606182575226,0.14600341022014618,0.6086591482162476,0.7554076910018921,-0.07097916305065155,-1.3520762920379639,-0.5593255162239075
1789729839460770300,10.148770263671874,0.19501255452632904,0.14711757004261017,0.6089498996734619,0.7546565532684326,-0.0717558041214943,-1.353461503982544,-0.5634086728096008
1789729839470707500,10.15870751953125,0.19659677147865295,0.14847199618816376,0.609573245048523,0.753476083278656,-0.07478314638137817,-1.355794072151184,-0.5706830620765686
1789729839480643300,10.168643310546875,0.19836466014385223,0.1498822271823883,0.6103916764259338,0.7520696520805359,-0.07946716248989105,-1.3586288690567017,-0.5799541473388672
1789729839490579200,10.1785791015625,0.19988605380058289,0.15104947984218597,0.6113083362579346,0.7506875395774841,-0.08484150469303131,-1.361553430557251,-0.5891965627670288
1789729839500515600,10.188515625,0.200890451669693,0.15178628265857697,0.612251877784729,0.7495008707046509,-0.09016456454992294,-1.364281415939331,-0.5970030426979065
1789729839510452000,10.198451904296874,0.20125684142112732,0.15202930569648743,0.6131300926208496,0.748634934425354,-0.09462850540876389,-1.3665547370910645,-0.6023014783859253
1789729839520388900,10.208388916015625,0.2010205239057541,0.15190425515174866,0.6138273477554321,0.7481522560119629,-0.09700118005275726,-1.3681848049163818,-0.6041002869606018
1789729839530326500,10.218326416015625,0.20037005841732025,0.15152624249458313,0.6142745018005371,0.7480363845825195,-0.09732871502637863,-1.3690693378448486,-0.6028943061828613
1789729839540263700,10.228263671875,0.19970810413360596,0.15115544199943542,0.614440381526947,0.7481521964073181,-0.09628761559724808,-1.3692777156829834,-0.6003318428993225
1789729839550200300,10.238200439453125,0.1992523968219757,0.1509263515472412,0.6144139766693115,0.7483416199684143,-0.09477437287569046,-1.3690991401672363,-0.5978181958198547
1789729839560137000,10.248136962890625,0.19896580278873444,0.15080943703651428,0.6143417954444885,0.7485007047653198,-0.09339714795351028,-1.3688716888427734,-0.5958547592163086
1789729839570073600,10.258073486328126,0.19878439605236053,0.15080024302005768,0.6143000721931458,0.7485849857330322,-0.09210065752267838,-1.3687855005264282,-0.5942808389663696
1789729839580010000,10.268010009765625,0.19859856367111206,0.15087512135505676,0.6142905950546265,0.7486270070075989,-0.09033909440040588,-1.3688410520553589,-0.592354953289032
1789729839589947100,10.277947021484374,0.19833089411258698,0.15096549689769745,0.6142550110816956,0.7487089037895203,-0.08782672882080078,-1.368852972984314,-0.5895822048187256
1789729839599883500,10.287883544921876,0.19798314571380615,0.15100370347499847,0.6141413450241089,0.7488865256309509,-0.08482193946838379,-1.368644118309021,-0.5861286520957947
1789729839609820000,10.29781982421875,0.1975591629743576,0.15094901621341705,0.6139565706253052,0.7491609454154968,-0.08167191594839096,-1.368199348449707,-0.5822877883911133
1789729839619756300,10.30775634765625,0.19717010855674744,0.15087321400642395,0.6136887669563293,0.7494980692863464,-0.07856615632772446,-1.367530345916748,-0.578517496585846
1789729839629693000,10.31769287109375,0.19685538113117218,0.15071937441825867,0.6133708357810974,0.7498718500137329,-0.07629270106554031,-1.3666720390319824,-0.5755787491798401
1789729839639629300,10.32762939453125,0.1968095749616623,0.15060870349407196,0.6130544543266296,0.750164806842804,-0.07547266781330109,-1.365822196006775,-0.574551522731781
1789729839649565700,10.337565673828125,0.19696028530597687,0.15059137344360352,0.6127525568008423,0.7503753900527954,-0.07533448189496994,-1.3650555610656738,-0.5746292471885681
1789729839659502300,10.34750244140625,0.19702014327049255,0.15056496858596802,0.6125091314315796,0.7505636811256409,-0.07491663098335266,-1.3644347190856934,-0.5742766857147217
1789729839669439500,10.357439453125,0.1969383805990219,0.1505250483751297,0.6122719645500183,0.7507866024971008,-0.0737219974398613,-1.3638334274291992,-0.5729193687438965
1789729839679377000,10.367376953125,0.19671902060508728,0.15048137307167053,0.6119309663772583,0.7511307597160339,-0.07128393650054932,-1.3629881143569946,-0.570117712020874
1789729839689313500,10.3773134765625,0.19633810222148895,0.15047459304332733,0.6113989353179932,0.7516648769378662,-0.06686805933713913,-1.3617150783538818,-0.5651669502258301
1789729839699250200,10.387250244140626,0.19576290249824524,0.15053093433380127,0.6107286214828491,0.7523482441902161,-0.06036032736301422,-1.3601596355438232,-0.5579396486282349
1789729839709186800,10.397186767578125,0.19506266713142395,0.15072575211524963,0.6100091338157654,0.7530744671821594,-0.05208048224449158,-1.358580231666565,-0.54896080493927
1789729839719123500,10.40712353515625,0.19437119364738464,0.15095649659633636,0.6093183755874634,0.7537659406661987,-0.04384512081742287,-1.3570830821990967,-0.5400899648666382
1789729839729060400,10.417060302734376,0.19393062591552734,0.1511666476726532,0.6086960434913635,0.7543399333953857,-0.03762145712971687,-1.355715274810791,-0.5335655808448792
1789729839738997000,10.4269970703125,0.19389352202415466,0.15148362517356873,0.6082556247711182,0.754641056060791,-0.03380424901843071,-1.3548434972763062,-0.5301828980445862
1789729839748933600,10.43693359375,0.19455957412719727,0.15200746059417725,0.6080068945884705,0.7545647025108337,-0.03350783511996269,-1.3545516729354858,-0.5316407084465027
1789729839758870500,10.44687060546875,0.19584856927394867,0.1526053249835968,0.6079315543174744,0.7541711926460266,-0.037059057503938675,-1.3547097444534302,-0.5379576683044434
1789729839768806700,10.456806640625,0.1971864402294159,0.1529497355222702,0.6079589128494263,0.7537305951118469,-0.04295200854539871,-1.354941725730896,-0.5463144779205322
1789729839778743000,10.466742919921876,0.19810862839221954,0.15292219817638397,0.6078762412071228,0.7535610795021057,-0.04841453582048416,-1.3546638488769531,-0.5530991554260254
1789729839788679200,10.47667919921875,0.19834132492542267,0.15252944827079773,0.6075667142868042,0.7538290023803711,-0.051298774778842926,-1.3536146879196167,-0.5557776689529419
1789729839798615600,10.486615478515626,0.19812393188476562,0.152008056640625,0.6070443391799927,0.7544121146202087,-0.05155732110142708,-1.3519845008850098,-0.5549967885017395
1789729839808552000,10.496552001953125,0.19802893698215485,0.15161894261837006,0.6063696146011353,0.755057692527771,-0.051156312227249146,-1.3500667810440063,-0.5539389252662659
1789729839818489900,10.50648974609375,0.19808736443519592,0.15127722918987274,0.605688214302063,0.7556576132774353,-0.05133836716413498,-1.3481570482254028,-0.5537595748901367
1789729839828427000,10.516427001953126,0.19812791049480438,0.15089815855026245,0.6050148606300354,0.756261944770813,-0.05168486759066582,-1.346243143081665,-0.5536636710166931
1789729839838363600,10.52636376953125,0.1981268972158432,0.1505570262670517,0.6043431162834167,0.756866991519928,-0.05155888572335243,-1.3443636894226074,-0.5530893206596375
1789729839848300300,10.53630029296875,0.19840428233146667,0.1505146622657776,0.6037424206733704,0.7572820782661438,-0.05138157308101654,-1.3428484201431274,-0.5533018112182617
1789729839858237000,10.54623681640625,0.1987922191619873,0.15050004422664642,0.6033958196640015,0.7574595212936401,-0.05250803381204605,-1.3419654369354248,-0.5550029277801514
1789729839868173600,10.556173583984375,0.19920487701892853,0.1504361778497696,0.6033116579055786,0.7574307918548584,-0.05495794117450714,-1.3416860103607178,-0.5579736232757568
1789729839878108400,10.5661083984375,0.19947940111160278,0.15038146078586578,0.6033865213394165,0.7573097348213196,-0.05710696801543236,-1.3418099880218506,-0.5604420304298401
1789729839888043800,10.576043701171875,0.19953586161136627,0.1503862738609314,0.6035184860229492,0.7571887969970703,-0.0578480027616024,-1.3421307802200317,-0.5612638592720032
1789729839897979600,10.585979736328126,0.19952978193759918,0.15055200457572937,0.6036341786384583,0.7570651769638062,-0.05717312917113304,-1.342529535293579,-0.5608116388320923
1789729839907916000,10.595916015625,0.19957874715328217,0.15092071890830994,0.6037793755531311,0.7568630576133728,-0.055636368691921234,-1.3431388139724731,-0.5598710179328918
1789729839917853200,10.605853271484374,0.199813112616539,0.1515873521566391,0.6040265560150146,0.7564706802368164,-0.053624797612428665,-1.3441925048828125,-0.5591527819633484
1789729839927790600,10.61579052734375,0.20015332102775574,0.1525265872478485,0.6044040322303772,0.7558902502059937,-0.05093000456690788,-1.3457492589950562,-0.5582934021949768
1789729839937728500,10.625728515625,0.20065917074680328,0.15380148589611053,0.604807436466217,0.7551748156547546,-0.047120265662670135,-1.3475959300994873,-0.5570482015609741
1789729839947666400,10.63566650390625,0.20107954740524292,0.15517990291118622,0.6051586866378784,0.7544993162155151,-0.04192448779940605,-1.3493947982788086,-0.5544456839561462
1789729839957604600,10.6456044921875,0.2014489620923996,0.15652038156986237,0.6053977608680725,0.7539318203926086,-0.036234062165021896,-1.3508951663970947,-0.5512268543243408
1789729839967539500,10.65553955078125,0.20191439986228943,0.15772002935409546,0.6055007576942444,0.7534744739532471,-0.031524237245321274,-1.351959466934204,-0.5489363670349121
1789729839977474600,10.665474609375,0.2025427222251892,0.15877525508403778,0.605499804019928,0.7530848979949951,-0.028360774740576744,-1.3526626825332642,-0.5482303500175476
1789729839987410000,10.675409912109375,0.2033325582742691,0.15974237024784088,0.6054041385650635,0.7527443766593933,-0.026420149952173233,-1.353068470954895,-0.5488649010658264
1789729839997346000,10.685345947265626,0.20420020818710327,0.160641148686409,0.6051697134971619,0.752506673336029,-0.024931326508522034,-1.3530852794647217,-0.5499771237373352
1789729840007282700,10.69528271484375,0.20509850978851318,0.16146598756313324,0.6048042178153992,0.7523797154426575,-0.02367497980594635,-1.352730393409729,-0.5512701869010925
1789729840017220000,10.70522021484375,0.2060682624578476,0.16228288412094116,0.6044092774391174,0.7522563338279724,-0.02280319295823574,-1.3522982597351074,-0.5530446171760559
1789729840027158000,10.715157958984374,0.20702463388442993,0.16316267848014832,0.6041214466094971,0.752034604549408,-0.021802034229040146,-1.3521770238876343,-0.554754376411438
1789729840037096200,10.72509619140625,0.20790918171405792,0.16402505338191986,0.6040384769439697,0.7516695261001587,-0.02117798663675785,-1.3525527715682983,-0.556695818901062
1789729840047033900,10.735033935546875,0.20843681693077087,0.16447988152503967,0.6041565537452698,0.7513290643692017,-0.021767139434814453,-1.3531484603881836,-0.5587166547775269
1789729840056970500,10.744970458984374,0.20850475132465363,0.1643412709236145,0.6042474508285522,0.7512674331665039,-0.023394860327243805,-1.3532719612121582,-0.5602362155914307
1789729840066907100,10.7549072265625,0.20823994278907776,0.16373954713344574,0.6041778326034546,0.7515282034873962,-0.025504035875201225,-1.352683663368225,-0.5610846281051636
1789729840076843800,10.76484375,0.2078358381986618,0.16296741366386414,0.6040981411933899,0.7518718838691711,-0.027849359437823296,-1.3519554138183594,-0.5617167949676514
1789729840086780400,10.774780517578124,0.20757710933685303,0.16225665807724,0.6042218208312988,0.751997709274292,-0.03135552257299423,-1.3517649173736572,-0.5637991428375244
1789729840096717000,10.784717041015625,0.207716703414917,0.16168025135993958,0.6046759486198425,0.7517182230949402,-0.037526797503232956,-1.352460265159607,-0.5693053007125854
1789729840106653700,10.79465380859375,0.20823712646961212,0.16127407550811768,0.6053730249404907,0.7511001825332642,-0.04580521583557129,-1.353844404220581,-0.5777108073234558
1789729840116590300,10.80459033203125,0.20881545543670654,0.16087162494659424,0.6061033010482788,0.7504366636276245,-0.054646074771881104,-1.3552948236465454,-0.5867680311203003
1789729840126527200,10.81452734375,0.209293395280838,0.16041436791419983,0.6066147685050964,0.7499880194664001,-0.06250087916851044,-1.356164813041687,-0.5946276783943176
1789729840136463600,10.824463623046874,0.20954981446266174,0.1598748117685318,0.6067497134208679,0.749922513961792,-0.06810638308525085,-1.3560667037963867,-0.5998190641403198
1789729840146400000,10.83439990234375,0.2098942995071411,0.15948769450187683,0.6064481735229492,0.7501524686813354,-0.07151682674884796,-1.355009913444519,-0.6031976342201233
1789729840156336600,10.844336669921875,0.21031509339809418,0.1592346727848053,0.6058216691017151,0.750594437122345,-0.07320527732372284,-1.3532578945159912,-0.6051852703094482
1789729840166273000,10.85427294921875,0.210773304104805,0.15910853445529938,0.6049301028251648,0.7512114644050598,-0.07324244827032089,-1.3509571552276611,-0.6057810187339783
1789729840176209400,10.86420947265625,0.2112058401107788,0.15902043879032135,0.6037803292274475,0.7520331740379333,-0.07189076393842697,-1.3480652570724487,-0.6050249338150024
1789729840186146000,10.87414599609375,0.21160271763801575,0.15892121195793152,0.6023156046867371,0.7531163692474365,-0.0692482590675354,-1.3444095849990845,-0.6029342412948608
1789729840196082700,10.884082763671875,0.21192201972007751,0.15869203209877014,0.6005958318710327,0.7544471621513367,-0.06611408293247223,-1.340051531791687,-0.6000697612762451
1789729840206019600,10.89401953125,0.21208645403385162,0.15825726091861725,0.5988438725471497,0.7558835744857788,-0.0633719339966774,-1.3354811668395996,-0.5970748066902161
1789729840215956200,10.903956298828126,0.21215005218982697,0.15781623125076294,0.5972658395767212,0.7572053670883179,-0.06084258481860161,-1.3313407897949219,-0.594123363494873
1789729840225893400,10.913893310546875,0.21210190653800964,0.15749649703502655,0.5960666537284851,0.758229672908783,-0.05838555470108986,-1.3282164335250854,-0.5912262797355652
1789729840235830800,10.923830810546875,0.21193307638168335,0.1573258638381958,0.5953932404518127,0.7588410973548889,-0.05623782426118851,-1.3264795541763306,-0.5886350274085999
1789729840245767400,10.933767333984376,0.2114167958498001,0.15703070163726807,0.595282256603241,0.7591332793235779,-0.05487475544214249,-1.3260341882705688,-0.5860885977745056
1789729840255704000,10.9437041015625,0.2107429802417755,0.15662062168121338,0.5956165194511414,0.7591431736946106,-0.05482426658272743,-1.3265912532806396,-0.584419310092926
1789729840265640700,10.953640625,0.2098456621170044,0.15595576167106628,0.5962676405906677,0.7590174674987793,-0.05613267049193382,-1.3277461528778076,-0.5833837389945984
1789729840275577300,10.963577392578125,0.20904389023780823,0.15527155995368958,0.5970249176025391,0.7587836980819702,-0.05842460319399834,-1.329138994216919,-0.5834375023841858
1789729840285513500,10.973513427734375,0.20819376409053802,0.15445582568645477,0.5978774428367615,0.758512556552887,-0.061577778309583664,-1.3306727409362793,-0.5840840339660645
1789729840295449600,10.98344970703125,0.20763203501701355,0.15383777022361755,0.5987590551376343,0.7580966353416443,-0.0652405321598053,-1.3323993682861328,-0.5859522223472595
1789729840305386000,10.993385986328125,0.20718148350715637,0.1533331274986267,0.599669337272644,0.7576024532318115,-0.06897356361150742,-1.334268569946289,-0.5882181525230408
1789729840315322400,11.003322265625,0.20692136883735657,0.1530301421880722,0.6005831360816956,0.7570106983184814,-0.0726017877459526,-1.3362770080566406,-0.5909535884857178
1789729840325259000,11.013259033203125,0.20675122737884521,0.15292955935001373,0.6013810634613037,0.7564438581466675,-0.0751379057765007,-1.3381462097167969,-0.5930328369140625
1789729840335196200,11.023196044921875,0.2066669464111328,0.15302196145057678,0.6019288897514343,0.7560123205184937,-0.0760987401008606,-1.3395456075668335,-0.5939624309539795
1789729840345133000,11.033133056640626,0.20661650598049164,0.15311160683631897,0.602196455001831,0.755794882774353,-0.07624795287847519,-1.3402632474899292,-0.5941473841667175
1789729840355070200,11.0430703125,0.2067124992609024,0.15321481227874756,0.6022114753723145,0.7557357549667358,-0.07621098309755325,-1.3403664827346802,-0.5944007039070129
1789729840365007400,11.05300732421875,0.20679661631584167,0.1531945765018463,0.6021384000778198,0.7557750344276428,-0.07653925567865372,-1.3401662111282349,-0.5948290228843689
1789729840374944300,11.0629443359375,0.206951305270195,0.1531333476305008,0.6021299362182617,0.7557518482208252,-0.07775147259235382,-1.3400845527648926,-0.5961812734603882
1789729840384881400,11.07288134765625,0.2070252150297165,0.15292444825172424,0.602368175983429,0.7555840611457825,-0.08032598346471786,-1.34049654006958,-0.5985445380210876
1789729840394817300,11.0828173828125,0.20689792931079865,0.15251557528972626,0.6029514074325562,0.7552362680435181,-0.08429686725139618,-1.3416112661361694,-0.6016916036605835
1789729840404754200,11.092754150390626,0.2065858691930771,0.1520451307296753,0.6038705706596375,0.7546820044517517,-0.08892166614532471,-1.3435090780258179,-0.6051068902015686
1789729840414690800,11.10269091796875,0.20612061023712158,0.15168188512325287,0.6051669120788574,0.7538434267044067,-0.09355466812849045,-1.3464139699935913,-0.6084336042404175
1789729840424627700,11.112627685546874,0.20568318665027618,0.1516345739364624,0.6068038940429688,0.7526556253433228,-0.09785870462656021,-1.350378155708313,-0.6119080781936646
1789729840434564400,11.122564453125,0.2054445445537567,0.1518012285232544,0.6087208986282349,0.7511376738548279,-0.10332603007555008,-1.3551572561264038,-0.6171319484710693
1789729840444501200,11.132501220703125,0.2053965926170349,0.15195085108280182,0.610751211643219,0.749470591545105,-0.11084507405757904,-1.3601716756820679,-0.6246597170829773
1789729840454438000,11.14243798828125,0.20541688799858093,0.15201686322689056,0.6125876903533936,0.7479512691497803,-0.11884085088968277,-1.3646410703659058,-0.6326595544815063
1789729840464374500,11.15237451171875,0.20520523190498352,0.15186066925525665,0.6139604449272156,0.746914803981781,-0.12496601790189743,-1.3678526878356934,-0.6381573677062988
1789729840474311200,11.162311279296874,0.20461687445640564,0.1514907032251358,0.6146867275238037,0.746553897857666,-0.12711256742477417,-1.3694021701812744,-0.6388545632362366
1789729840484247800,11.172247802734375,0.20382793247699738,0.1509610265493393,0.6147620677947998,0.7468149662017822,-0.1259012222290039,-1.3692946434020996,-0.6357089877128601
1789729840494184400,11.182184326171875,0.20298859477043152,0.15025809407234192,0.6143542528152466,0.7475205659866333,-0.1232418417930603,-1.3678958415985107,-0.6308212876319885
1789729840504121000,11.19212109375,0.2022516131401062,0.14957499504089355,0.6136188507080078,0.7484607696533203,-0.11964809149503708,-1.3657071590423584,-0.6252001523971558
1789729840514057700,11.2020576171875,0.20160117745399475,0.14907711744308472,0.6127292513847351,0.7494637370109558,-0.11478705704212189,-1.3632766008377075,-0.6187180876731873
1789729840523994400,11.211994384765624,0.20124779641628265,0.14903932809829712,0.6118527054786682,0.7502818703651428,-0.1089472621679306,-1.3611838817596436,-0.6123601198196411
1789729840533931300,11.22193115234375,0.20101822912693024,0.14924126863479614,0.6111805438995361,0.7508509159088135,-0.10329701006412506,-1.3597456216812134,-0.6067085862159729
1789729840543868000,11.231867919921875,0.20076391100883484,0.1493244171142578,0.6107739806175232,0.7512331008911133,-0.09946230798959732,-1.3588588237762451,-0.6026464700698853
1789729840553804500,11.241804443359374,0.20064422488212585,0.1490558385848999,0.6104230284690857,0.7516036033630371,-0.09901273250579834,-1.3578225374221802,-0.6016552448272705
1789729840563741200,11.2517412109375,0.2005678117275238,0.14807665348052979,0.6098473072052002,0.7522846460342407,-0.10250303894281387,-1.355702519416809,-0.6036540269851685
1789729840573677800,11.261677734375,0.20067043602466583,0.14658653736114502,0.6087723970413208,0.7534188032150269,-0.10820081830024719,-1.351967215538025,-0.6074182987213135
1789729840583614500,11.271614501953126,0.20120252668857574,0.14531107246875763,0.607210099697113,0.7547835111618042,-0.11291158944368362,-1.3471636772155762,-0.611173689365387
1789729840593551000,11.281551025390625,0.2022298276424408,0.14479516446590424,0.6054494380950928,0.7560214996337891,-0.11483190208673477,-1.3423941135406494,-0.6139829754829407
1789729840603487700,11.29148779296875,0.20354317128658295,0.14528904855251312,0.6038615703582764,0.7568437457084656,-0.11288060247898102,-1.338772177696228,-0.6147940754890442
1789729840613424400,11.30142431640625,0.20487339794635773,0.1467358022928238,0.6027994751930237,0.7570523619651794,-0.10741069167852402,-1.3371388912200928,-0.6134563684463501
1789729840623361800,11.31136181640625,0.20594750344753265,0.1487177163362503,0.6024349331855774,0.7566642761230469,-0.10005684942007065,-1.3376233577728271,-0.6105837225914001
1789729840633298700,11.321298583984374,0.20662827789783478,0.1507328748703003,0.6026667952537537,0.7558948993682861,-0.09256871044635773,-1.3396168947219849,-0.6070027351379395
1789729840643234600,11.331234619140625,0.20713648200035095,0.15202848613262177,0.603478193283081,0.7548482418060303,-0.09064527601003647,-1.342486023902893,-0.6076474785804749
1789729840653170700,11.341170654296874,0.20738625526428223,0.15164721012115479,0.6046199202537537,0.7539421916007996,-0.09889422357082367,-1.3449101448059082,-0.6156297922134399
1789729840663106600,11.3511064453125,0.20647750794887543,0.14989525079727173,0.6057465076446533,0.7536376118659973,-0.10902391374111176,-1.3463914394378662,-0.6217998266220093
1789729840673043200,11.361043212890625,0.2047591656446457,0.14793546497821808,0.6068111658096313,0.7536371350288391,-0.11559730768203735,-1.3476821184158325,-0.6229258179664612
1789729840682980600,11.370980712890624,0.20289209485054016,0.1460665613412857,0.6080370545387268,0.7535186409950256,-0.12148567289113998,-1.3494648933410645,-0.6232731938362122
1789729840692918500,11.38091845703125,0.20075389742851257,0.1443299949169159,0.6094686388969421,0.753269374370575,-0.12590165436267853,-1.3518999814987183,-0.6219313740730286
1789729840702855200,11.390855224609375,0.19859755039215088,0.14326366782188416,0.610905110836029,0.7528808116912842,-0.12602220475673676,-1.3548827171325684,-0.6172419786453247
1789729840712791800,11.400791748046874,0.19708573818206787,0.14327122271060944,0.6120895147323608,0.7523143887519836,-0.1219744011759758,-1.3579847812652588,-0.6109050512313843
1789729840722728400,11.410728515625,0.19647358357906342,0.144335076212883,0.6129986643791199,0.7515305280685425,-0.11521121114492416,-1.3610824346542358,-0.6047218441963196
1789729840732665000,11.4206650390625,0.19686168432235718,0.14617902040481567,0.613628089427948,0.7505582571029663,-0.10814480483531952,-1.363939642906189,-0.6008526086807251
1789729840742602000,11.43060205078125,0.19822239875793457,0.148460254073143,0.613988995552063,0.7494564056396484,-0.10304222255945206,-1.3663438558578491,-0.6010281443595886
1789729840752538600,11.44053857421875,0.20014144480228424,0.15084561705589294,0.6141335964202881,0.7483507990837097,-0.0998624786734581,-1.3682407140731812,-0.6041151285171509
1789729840762475300,11.450475341796874,0.2020293027162552,0.15300247073173523,0.6140722632408142,0.7474554777145386,-0.09715564548969269,-1.3694853782653809,-0.6073150038719177
1789729840772412000,11.460411865234375,0.2036336362361908,0.15478725731372833,0.6138836145401001,0.7468072772026062,-0.09459836781024933,-1.3701868057250977,-0.6097189784049988
1789729840782348500,11.4703486328125,0.20472334325313568,0.1560295820236206,0.6138691306114197,0.7462625503540039,-0.09317561984062195,-1.3709690570831299,-0.6117039918899536
1789729840792285200,11.48028515625,0.2051115483045578,0.15669113397598267,0.6142305731773376,0.7457197308540344,-0.09281835705041885,-1.3723090887069702,-0.6128547787666321
1789729840802221800,11.490221923828125,0.20457708835601807,0.1566895991563797,0.6149459481239319,0.7452771663665771,-0.09251639991998672,-1.3741154670715332,-0.611717164516449
1789729840812158500,11.500158447265624,0.20338977873325348,0.15622518956661224,0.6159576773643494,0.7448639869689941,-0.09239649027585983,-1.3763697147369385,-0.6091103553771973
1789729840822095000,11.51009521484375,0.20205602049827576,0.15556778013706207,0.6172497868537903,0.7442947626113892,-0.09392774850130081,-1.3791836500167847,-0.6076443195343018
1789729840832031700,11.52003173828125,0.20096078515052795,0.15496297180652618,0.6187265515327454,0.7434908747673035,-0.09764713793992996,-1.382465124130249,-0.6087853908538818
1789729840841968600,11.52996875,0.2002655416727066,0.15459515154361725,0.6202040910720825,0.7425233125686646,-0.10259409248828888,-1.3858829736709595,-0.6120882630348206
1789729840851905300,11.5399052734375,0.20005835592746735,0.1546068638563156,0.6214746832847595,0.741513729095459,-0.10739133507013321,-1.389023780822754,-0.6165236830711365
1789729840861842000,11.549842041015625,0.20034272968769073,0.15494374930858612,0.6223690509796143,0.740615963935852,-0.1115863099694252,-1.3914282321929932,-0.6215735673904419
1789729840871778600,11.559778564453126,0.20085664093494415,0.15536566078662872,0.6228919625282288,0.7399484515190125,-0.11499893665313721,-1.3929575681686401,-0.6263236403465271
1789729840881715200,11.569715087890625,0.20124948024749756,0.15559454262256622,0.6231555342674255,0.7395715713500977,-0.11762887239456177,-1.3937199115753174,-0.6298483610153198
1789729840891651800,11.57965185546875,0.2012319415807724,0.15544702112674713,0.6232521533966064,0.7395259737968445,-0.11913541704416275,-1.3938404321670532,-0.6311096549034119
1789729840901588500,11.58958837890625,0.20066313445568085,0.1549690216779709,0.6232427954673767,0.7397887110710144,-0.11842849105596542,-1.3935282230377197,-0.628873884677887
1789729840911525000,11.599525146484375,0.19965152442455292,0.1544206589460373,0.6232631206512451,0.7401598691940308,-0.11510765552520752,-1.3933029174804688,-0.6232696771621704
1789729840921461800,11.609461669921876,0.19859576225280762,0.1541406810283661,0.6234761476516724,0.7403228282928467,-0.11044974625110626,-1.3937638998031616,-0.6166421175003052
1789729840931398700,11.619398681640625,0.19772601127624512,0.1541738361120224,0.6239820718765259,0.7401224374771118,-0.10630033910274506,-1.395154595375061,-0.6112341284751892
1789729840941335300,11.629335205078124,0.197121262550354,0.15447479486465454,0.6246823072433472,0.7396301627159119,-0.10304417461156845,-1.3971900939941406,-0.6074866652488708
1789729840951272000,11.63927197265625,0.19679686427116394,0.15495169162750244,0.6253575086593628,0.7390459775924683,-0.10037028044462204,-1.3992613554000854,-0.6049900650978088
1789729840961208600,11.64920849609375,0.1966867297887802,0.15540124475955963,0.6258527040481567,0.7385615706443787,-0.09858205914497375,-1.400840163230896,-0.6036645770072937
1789729840971145500,11.6591455078125,0.1966434121131897,0.15570896863937378,0.6260544061660767,0.7383372783660889,-0.096864253282547,-1.4015790224075317,-0.6023181080818176
1789729840981082400,11.669082275390625,0.19640816748142242,0.15580075979232788,0.6259764432907104,0.7384466528892517,-0.09386235475540161,-1.4014877080917358,-0.5991079211235046
1789729840991019500,11.67901953125,0.19582678377628326,0.15567345917224884,0.6256754398345947,0.7388828992843628,-0.0887332484126091,-1.4007201194763184,-0.5929570198059082
1789729841000956400,11.688956298828124,0.19486986100673676,0.15533341467380524,0.6251683235168457,0.739636242389679,-0.0813879668712616,-1.3993200063705444,-0.5837416052818298
1789729841010893300,11.698893310546875,0.1936533898115158,0.1547905057668686,0.624451220035553,0.7406746745109558,-0.07278232276439667,-1.3972687721252441,-0.572603702545166
1789729841020829400,11.708829345703125,0.19259752333164215,0.15425941348075867,0.623491108417511,0.7418686151504517,-0.06442520767450333,-1.394596815109253,-0.5619813203811646
1789729841030765800,11.718765869140626,0.19179730117321014,0.15379783511161804,0.6223796606063843,0.7431039810180664,-0.057056352496147156,-1.3915683031082153,-0.5528326034545898
1789729841040702000,11.728701904296875,0.19145110249519348,0.15356694161891937,0.6212254762649536,0.7442060112953186,-0.051325757056474686,-1.3885583877563477,-0.54632568359375
1789729841050638300,11.738638427734376,0.19144293665885925,0.15337926149368286,0.6201359033584595,0.7451549172401428,-0.04815668612718582,-1.385715365409851,-0.542935848236084
1789729841060575000,11.748574951171875,0.19172541797161102,0.15317536890506744,0.6191471815109253,0.7459459900856018,-0.047667477279901505,-1.3830959796905518,-0.5426235795021057
1789729841070512000,11.75851220703125,0.19211675226688385,0.1528613120317459,0.6183211803436279,0.7465946078300476,-0.04941698536276817,-1.3808000087738037,-0.5445414185523987
1789729841080449800,11.76844970703125,0.1925944685935974,0.15241482853889465,0.617669939994812,0.7471017241477966,-0.053390055894851685,-1.3788409233093262,-0.5486077070236206
1789729841090386700,11.77838671875,0.19280850887298584,0.15155483782291412,0.6171439290046692,0.7476559281349182,-0.058994073420763016,-1.3769199848175049,-0.5533120036125183
1789729841100323300,11.7883232421875,0.19251129031181335,0.15027648210525513,0.616588294506073,0.7484485507011414,-0.06394247710704803,-1.3746713399887085,-0.5560070872306824
1789729841110260000,11.798260009765626,0.1916104406118393,0.14877264201641083,0.6160216927528381,0.7494460344314575,-0.06636768579483032,-1.3722929954528809,-0.5549682974815369
1789729841120196600,11.808196533203125,0.1903928518295288,0.14744216203689575,0.615675687789917,0.7503031492233276,-0.0663706362247467,-1.370615839958191,-0.5512815117835999
1789729841130134000,11.818134033203124,0.18946333229541779,0.14685557782649994,0.6159352660179138,0.7504404187202454,-0.06543214619159698,-1.3709291219711304,-0.5481159687042236
1789729841140070000,11.82806982421875,0.18930459022521973,0.14719082415103912,0.6170803308486938,0.749473512172699,-0.06654168665409088,-1.3740025758743286,-0.5494085550308228
1789729841150006000,11.838006103515625,0.19014723598957062,0.14821967482566833,0.6188563108444214,0.7475906610488892,-0.07211389392614365,-1.3790318965911865,-0.5575987696647644
1789729841159942100,11.847942138671876,0.19146345555782318,0.14939062297344208,0.6207295060157776,0.7454656362533569,-0.08081138879060745,-1.3843584060668945,-0.5698113441467285
1789729841169878800,11.857878662109375,0.19265595078468323,0.15033972263336182,0.6220768690109253,0.7438427209854126,-0.0884421169757843,-1.3882373571395874,-0.580487847328186
1789729841179816000,11.86781591796875,0.1932264268398285,0.15075747668743134,0.6225162148475647,0.7432424426078796,-0.09152761846780777,-1.3895599842071533,-0.5849902033805847
1789729841189753000,11.877753173828125,0.19329524040222168,0.1508338749408722,0.6220623254776001,0.7435889840126038,-0.08929003775119781,-1.3884906768798828,-0.5829896926879883
1789729841199690000,11.88768994140625,0.1931157261133194,0.1507662981748581,0.6211572885513306,0.7444054484367371,-0.08427677303552628,-1.3862327337265015,-0.5776668190956116
1789729841209627100,11.897627197265624,0.19298520684242249,0.15084747970104218,0.6202295422554016,0.7451959848403931,-0.07853483408689499,-1.384019136428833,-0.5719044804573059
1789729841219564000,11.90756396484375,0.19296066462993622,0.15118376910686493,0.6193715333938599,0.7458475232124329,-0.07209614664316177,-1.3821470737457275,-0.5659667253494263
1789729841229500700,11.917500732421875,0.19276989996433258,0.15145573019981384,0.618427574634552,0.7466245889663696,-0.0647413432598114,-1.3800270557403564,-0.5587819218635559
1789729841239437300,11.927437255859376,0.192546546459198,0.15151730179786682,0.6172749400138855,0.7476228475570679,-0.058013398200273514,-1.3772375583648682,-0.5518844723701477
1789729841249374000,11.9373740234375,0.19257450103759766,0.15136921405792236,0.6159257888793945,0.748757541179657,-0.05390404164791107,-1.3737947940826416,-0.5476843118667603
1789729841259310600,11.947310546875,0.19288156926631927,0.1510574072599411,0.6144657135009766,0.7499401569366455,-0.05250578373670578,-1.3699464797973633,-0.5463759303092957
1789729841269247200,11.957247314453125,0.19325615465641022,0.15048277378082275,0.6129174828529358,0.7512251138687134,-0.0530899241566658,-1.365700364112854,-0.5467756986618042
1789729841279184100,11.96718408203125,0.19367562234401703,0.14962570369243622,0.6112242937088013,0.7526664733886719,-0.055328551679849625,-1.3609058856964111,-0.5484986305236816
1789729841289120800,11.977120849609374,0.19397427141666412,0.14829449355602264,0.6093682646751404,0.7543560266494751,-0.05931328609585762,-1.355400562286377,-0.5511165857315063
1789729841299057400,11.987057373046875,0.19409413635730743,0.14645737409591675,0.6074597239494324,0.7562211155891418,-0.06518067419528961,-1.3494410514831543,-0.5546289682388306
1789729841308994000,11.996994140625,0.19432170689105988,0.14441333711147308,0.6056779026985168,0.7579829096794128,-0.07318688929080963,-1.3436468839645386,-0.5601336359977722
1789729841318930700,12.0069306640625,0.19484522938728333,0.14246417582035065,0.6042653322219849,0.7593435645103455,-0.08324247598648071,-1.3387893438339233,-0.5682370066642761
1789729841328867300,12.016867431640625,0.19575904309749603,0.140934556722641,0.6034377217292786,0.7600518465042114,-0.09463699907064438,-1.3355900049209595,-0.5788213014602661
1789729841338803200,12.02680322265625,0.197049081325531,0.14005047082901,0.6031259298324585,0.7601293921470642,-0.10583188384771347,-1.3340280055999756,-0.5906574130058289
1789729841348740000,12.036739990234375,0.19819511473178864,0.1395038515329361,0.6030375361442566,0.7600020170211792,-0.11495445668697357,-1.3332464694976807,-0.6006823778152466
1789729841358676700,12.0466767578125,0.19923809170722961,0.13922739028930664,0.6028150320053101,0.7599565982818604,-0.12135729193687439,-1.3323466777801514,-0.6082370281219482
1789729841368613400,12.05661328125,0.19997912645339966,0.13890133798122406,0.6023563742637634,0.760185182094574,-0.12547257542610168,-1.3308870792388916,-0.6130046248435974
1789729841378550000,12.066550048828125,0.20040099322795868,0.13847267627716064,0.6016478538513184,0.7607132196426392,-0.1274787336587906,-1.3288066387176514,-0.615063488483429
1789729841388486700,12.076486572265624,0.2006274312734604,0.13806600868701935,0.600849449634552,0.7613582611083984,-0.12796178460121155,-1.3265631198883057,-0.6153502464294434
1789729841398423300,12.08642333984375,0.20065835118293762,0.13775333762168884,0.6001775860786438,0.7619364261627197,-0.12736937403678894,-1.32472562789917,-0.614400327205658
1789729841408360000,12.09635986328125,0.20079536736011505,0.13780577480793,0.5996984839439392,0.7622680068016052,-0.12597987055778503,-1.3236050605773926,-0.6133235096931458
1789729841418296600,12.106296630859376,0.20104119181632996,0.1381555050611496,0.5994733572006226,0.7623170018196106,-0.12441536784172058,-1.3232941627502441,-0.6126432418823242
1789729841428233200,12.116233154296875,0.20158688724040985,0.1388515830039978,0.5994400978088379,0.7620725035667419,-0.12314068526029587,-1.3236520290374756,-0.6131812334060669
1789729841438169900,12.126169921875,0.2022884041070938,0.13973014056682587,0.599536657333374,0.7616499662399292,-0.12211675941944122,-1.3244328498840332,-0.614454448223114
1789729841448106800,12.136106689453126,0.2030976563692093,0.14065049588680267,0.5996469259262085,0.7611782550811768,-0.12147018313407898,-1.3252637386322021,-0.6163236498832703
1789729841458043400,12.14604345703125,0.20388612151145935,0.141377255320549,0.5996481776237488,0.7608317732810974,-0.12142152339220047,-1.325693964958191,-0.6184887886047363
1789729841467980000,12.15597998046875,0.20448726415634155,0.14178134500980377,0.5995675325393677,0.7606588006019592,-0.1219387874007225,-1.3257149457931519,-0.6204834580421448
1789729841477917000,12.1659169921875,0.20495525002479553,0.14193350076675415,0.5995264649391174,0.760536789894104,-0.1233539804816246,-1.3256586790084839,-0.6228121519088745
1789729841487853600,12.175853515625,0.2053307592868805,0.14191393554210663,0.5996585488319397,0.7603350281715393,-0.12593021988868713,-1.3258957862854004,-0.6259045004844666
1789729841497790500,12.18579052734375,0.2056954950094223,0.14178010821342468,0.6000845432281494,0.7599251866340637,-0.13025017082691193,-1.3267401456832886,-0.6305373907089233
1789729841507727000,12.19572705078125,0.20648907124996185,0.1418338119983673,0.6007936596870422,0.7591392397880554,-0.1369139701128006,-1.3283199071884155,-0.6383978724479675
1789729841517664000,12.2056640625,0.20772787928581238,0.14207686483860016,0.601746141910553,0.7580006122589111,-0.14596202969551086,-1.3305296897888184,-0.6495567560195923
1789729841527600600,12.2156005859375,0.20913070440292358,0.14237314462661743,0.6027889251708984,0.7567296028137207,-0.15617124736309052,-1.3329416513442993,-0.662190318107605
1789729841537537500,12.22553759765625,0.21039864420890808,0.14265413582324982,0.6036557555198669,0.7556334733963013,-0.16519810259342194,-1.334935188293457,-0.6734347939491272
1789729841547474200,12.23547412109375,0.21115267276763916,0.14274097979068756,0.6042279601097107,0.7549490928649902,-0.17137113213539124,-1.3361772298812866,-0.6808067560195923
1789729841557411000,12.2454111328125,0.21146707236766815,0.1427273452281952,0.6044842004776001,0.7546584606170654,-0.17433486878871918,-1.3366918563842773,-0.6841972470283508
1789729841567347700,12.25534765625,0.2115379124879837,0.1427251398563385,0.6044713854789734,0.7546493411064148,-0.17467635869979858,-1.3366442918777466,-0.6846414804458618
1789729841577284600,12.26528466796875,0.21150781214237213,0.14272059500217438,0.6042846441268921,0.7548081874847412,-0.17368510365486145,-1.336212158203125,-0.6836123466491699
1789729841587221200,12.27522119140625,0.21158497035503387,0.1427498757839203,0.6039891242980957,0.7550174593925476,-0.17259447276592255,-1.3355292081832886,-0.6826992034912109
1789729841597158100,12.285158203125,0.21169555187225342,0.14266660809516907,0.6035905480384827,0.7553209066390991,-0.17187002301216125,-1.3345052003860474,-0.6820467710494995
1789729841607095000,12.295094970703126,0.21156683564186096,0.14233198761940002,0.6030377149581909,0.7558615207672119,-0.17060554027557373,-1.3329662084579468,-0.6801480650901794
1789729841617031700,12.30503173828125,0.21111488342285156,0.14184284210205078,0.60240238904953,0.7565860748291016,-0.16815045475959778,-1.3311787843704224,-0.6763637065887451
1789729841626968600,12.314968505859374,0.21065041422843933,0.14150352776050568,0.6019436120986938,0.7571439743041992,-0.16559818387031555,-1.329929232597351,-0.6726675033569336
1789729841636905200,12.3249052734375,0.21042296290397644,0.14138314127922058,0.6018970012664795,0.7572667598724365,-0.1648710072040558,-1.3297709226608276,-0.6714335680007935
1789729841646842000,12.334842041015625,0.21058592200279236,0.14150914549827576,0.6023774743080139,0.7568157315254211,-0.16711236536502838,-1.3309611082077026,-0.6740628480911255
1789729841656778800,12.34477880859375,0.21113403141498566,0.1418207287788391,0.6032061576843262,0.7559441924095154,-0.17193813621997833,-1.3330309391021729,-0.6800893545150757
1789729841666715600,12.354715576171875,0.21184735000133514,0.1420692354440689,0.6039730906486511,0.7550851106643677,-0.17783889174461365,-1.334860920906067,-0.6873487234115601
1789729841676652300,12.36465234375,0.21255721151828766,0.142091765999794,0.6043122410774231,0.7546098828315735,-0.18312574923038483,-1.3354997634887695,-0.6936937570571899
1789729841686589200,12.374589111328126,0.21311251819133759,0.1418532282114029,0.6040739417076111,0.7546889185905457,-0.1863841563463211,-1.3346091508865356,-0.6974459886550903
1789729841696525800,12.38452587890625,0.21347050368785858,0.14140985906124115,0.6034525036811829,0.7551679611206055,-0.18792806565761566,-1.332703948020935,-0.6989234685897827
1789729841706462700,12.394462646484374,0.2138867825269699,0.1409989297389984,0.6027011871337891,0.7557268142700195,-0.18898171186447144,-1.3305126428604126,-0.7000539302825928
1789729841716399400,12.4043994140625,0.2143116444349289,0.14058442413806915,0.6019177436828613,0.75630784034729,-0.1899378001689911,-1.328243374824524,-0.7010970115661621
1789729841726336300,12.414336181640625,0.21457640826702118,0.1400735229253769,0.600989818572998,0.7570651173591614,-0.18992507457733154,-1.3256003856658936,-0.7008064985275269
1789729841736273000,12.42427294921875,0.21440570056438446,0.1392592042684555,0.599842369556427,0.7581729292869568,-0.18836772441864014,-1.322304368019104,-0.6979050636291504
1789729841746209800,12.434209716796875,0.21391531825065613,0.13819590210914612,0.5985031723976135,0.7595630884170532,-0.18578116595745087,-1.3184382915496826,-0.693156898021698
1789729841756146400,12.444146484375,0.21322785317897797,0.1369563639163971,0.5971164107322693,0.7610708475112915,-0.18308524787425995,-1.314366340637207,-0.6877578496932983
1789729841766082600,12.45408251953125,0.21240881085395813,0.13566143810749054,0.5959059596061707,0.7624792456626892,-0.18091003596782684,-1.3106924295425415,-0.6825926303863525
1789729841776019000,12.46401904296875,0.21160311996936798,0.13449226319789886,0.5950590968132019,0.7635709643363953,-0.17972181737422943,-1.3079627752304077,-0.6785886883735657
1789729841785955300,12.473955322265626,0.2111867517232895,0.13377325236797333,0.5946286916732788,0.7641476392745972,-0.17976048588752747,-1.3064768314361572,-0.6770062446594238
1789729841795892000,12.48389208984375,0.21111001074314117,0.13345356285572052,0.5946255326271057,0.7642272114753723,-0.18104854226112366,-1.306225299835205,-0.6777192950248718
1789729841805828900,12.493828857421875,0.21116554737091064,0.13328982889652252,0.5948679447174072,0.7640517354011536,-0.18313953280448914,-1.3066364526748657,-0.67963707447052
1789729841815765800,12.503765869140626,0.21119122207164764,0.13309478759765625,0.5950239896774292,0.763957142829895,-0.18490788340568542,-1.3068293333053589,-0.6811497211456299
1789729841825702700,12.51370263671875,0.21106259524822235,0.1327730268239975,0.5949036478996277,0.7641423344612122,-0.1854831874370575,-1.306317925453186,-0.6810793876647949
1789729841835639600,12.5236396484375,0.21084809303283691,0.1323583871126175,0.5945419073104858,0.7645549774169922,-0.18516108393669128,-1.305195689201355,-0.6798692941665649
1789729841845576400,12.533576416015626,0.21056732535362244,0.13195642828941345,0.5941146016120911,0.7650338411331177,-0.18420816957950592,-1.3039488792419434,-0.6779538989067078
1789729841855513000,12.54351318359375,0.21042481064796448,0.13188233971595764,0.5938220024108887,0.7653129696846008,-0.1827595829963684,-1.3032481670379639,-0.676210343837738
1789729841865450000,12.553449951171874,0.21049143373966217,0.1322108805179596,0.5937891602516174,0.7652633786201477,-0.18124550580978394,-1.3034249544143677,-0.6752715110778809
1789729841875387000,12.563386962890625,0.21059410274028778,0.13275806605815887,0.5940406918525696,0.7649451494216919,-0.17989102005958557,-1.3044281005859375,-0.6748396158218384
1789729841885323800,12.57332373046875,0.21068903803825378,0.13342070579528809,0.5945716500282288,0.7643910050392151,-0.17900443077087402,-1.3061727285385132,-0.6750089526176453
1789729841895260700,12.5832607421875,0.21092648804187775,0.1340409368276596,0.5953898429870605,0.7635797262191772,-0.18017777800559998,-1.30851411819458,-0.6773658990859985
1789729841905197600,12.593197509765625,0.21144020557403564,0.13438072800636292,0.5964542031288147,0.7625465393066406,-0.18522010743618011,-1.311127781867981,-0.6835771203041077
1789729841915134200,12.60313427734375,0.2123030126094818,0.13438592851161957,0.5976380705833435,0.7613781094551086,-0.1943730115890503,-1.3136440515518188,-0.6939242482185364
1789729841925070300,12.6130703125,0.21300536394119263,0.13390177488327026,0.5987885594367981,0.7603626251220703,-0.20537525415420532,-1.315690040588379,-0.7051803469657898
1789729841935006200,12.623006103515625,0.2132727950811386,0.13308264315128326,0.5996361374855042,0.759763240814209,-0.21480214595794678,-1.3168509006500244,-0.7137575149536133
1789729841944942600,12.632942626953126,0.2126423567533493,0.13185831904411316,0.6000543832778931,0.759823203086853,-0.22002971172332764,-1.3169265985488892,-0.7162541747093201
1789729841954879200,12.642879150390625,0.2113783061504364,0.13056206703186035,0.6001811623573303,0.7602995038032532,-0.22118553519248962,-1.3164615631103516,-0.713660478591919
1789729841964816400,12.65281640625,0.21005114912986755,0.1295759081840515,0.6003821492195129,0.7606772780418396,-0.2207440584897995,-1.3164550065994263,-0.7098194360733032
1789729841974753300,12.662753173828126,0.2089744657278061,0.12902961671352386,0.60088711977005,0.7606679201126099,-0.22059056162834167,-1.3174492120742798,-0.7072497606277466
1789729841984690700,12.672690673828125,0.2083493024110794,0.12900231778621674,0.6016532182693481,0.7602383494377136,-0.22110161185264587,-1.3193548917770386,-0.7067425847053528
1789729841994627800,12.6826279296875,0.20804443955421448,0.12935014069080353,0.6025776267051697,0.759530246257782,-0.22194485366344452,-1.3218518495559692,-0.7075709700584412
1789729842004565000,12.69256494140625,0.20805715024471283,0.13001754879951477,0.6035333275794983,0.7586535215377808,-0.22284746170043945,-1.3246045112609863,-0.7093874216079712
1789729842014501600,12.702501708984375,0.2084169089794159,0.13094913959503174,0.6044888496398926,0.7576331496238708,-0.22414135932922363,-1.327485203742981,-0.7124893069267273
1789729842024438300,12.712438232421874,0.20887404680252075,0.13188382983207703,0.6055250763893127,0.7565168142318726,-0.22638419270515442,-1.330527424812317,-0.7166833877563477
1789729842034375000,12.722375,0.20946308970451355,0.13275279104709625,0.6066232919692993,0.755321204662323,-0.23009711503982544,-1.3336167335510254,-0.7224445343017578
1789729842044311600,12.7323115234375,0.21010500192642212,0.13336621224880219,0.607712984085083,0.7541580200195312,-0.235617995262146,-1.3364444971084595,-0.7297245860099792
1789729842054248200,12.742248291015626,0.21062970161437988,0.13352838158607483,0.6085568070411682,0.7533020377159119,-0.24191056191921234,-1.3383433818817139,-0.7369697690010071
1789729842064184800,12.752184814453125,0.21079973876476288,0.1331225484609604,0.6088434457778931,0.7530946135520935,-0.24660718441009521,-1.338576078414917,-0.7413129806518555
1789729842074121500,12.76212158203125,0.2103801965713501,0.13204343616962433,0.6083467602729797,0.7538029551506042,-0.2477354109287262,-1.3366199731826782,-0.7402985095977783
1789729842084058400,12.772058349609376,0.20926178991794586,0.13037022948265076,0.6070360541343689,0.7554603219032288,-0.24425694346427917,-1.3325202465057373,-0.7328434586524963
1789729842093995000,12.7819951171875,0.2074577659368515,0.12836714088916779,0.6051746606826782,0.757790744304657,-0.23654626309871674,-1.327101230621338,-0.7197078466415405
1789729842103931600,12.791931640625,0.20516958832740784,0.12625129520893097,0.6032161712646484,0.7603264451026917,-0.22706003487110138,-1.3215080499649048,-0.703930139541626
1789729842113868300,12.801868408203125,0.20290127396583557,0.12426336109638214,0.6016406416893005,0.7625078558921814,-0.21929284930229187,-1.3168866634368896,-0.6900625824928284
1789729842123805000,12.811804931640625,0.20107582211494446,0.12256674468517303,0.6007932424545288,0.7639328241348267,-0.21567930281162262,-1.314051866531372,-0.6813731789588928
1789729842133741600,12.821741455078126,0.20005501806735992,0.1213659718632698,0.600769579410553,0.7644110321998596,-0.2169899195432663,-1.3132957220077515,-0.6794518232345581
1789729842143678200,12.83167822265625,0.19979429244995117,0.12064103037118912,0.6014496684074402,0.7640590667724609,-0.22251391410827637,-1.3143322467803955,-0.6835002899169922
1789729842153614800,12.84161474609375,0.2003665566444397,0.12049145251512527,0.602515697479248,0.7630923390388489,-0.23081642389297485,-1.3164784908294678,-0.6923572421073914
1789729842163551500,12.851551513671875,0.20163576304912567,0.12078943848609924,0.603630542755127,0.7618287801742554,-0.24056199193000793,-1.3188825845718384,-0.7043261528015137
1789729842173488000,12.861488037109375,0.20322750508785248,0.12127984315156937,0.6045420169830322,0.760604202747345,-0.25014498829841614,-1.3208640813827515,-0.7168999910354614
1789729842183425000,12.871425048828126,0.204641193151474,0.121706023812294,0.6050997376441956,0.7597130537033081,-0.25763675570487976,-1.3220282793045044,-0.7270528078079224
1789729842193361700,12.881361572265625,0.20538045465946198,0.12186384201049805,0.605259895324707,0.7593606114387512,-0.2612887918949127,-1.3222779035568237,-0.7320120930671692
1789729842203298600,12.891298583984375,0.2054811418056488,0.1218762919306755,0.6051040887832642,0.7594555616378784,-0.2609616219997406,-1.3219040632247925,-0.7318618893623352
1789729842213235500,12.9012353515625,0.20496027171611786,0.12180640548467636,0.6048287749290466,0.7598267197608948,-0.25738197565078735,-1.3213979005813599,-0.72743159532547
1789729842223172000,12.911172119140625,0.20405790209770203,0.12188712507486343,0.6045966148376465,0.7602412700653076,-0.25132253766059875,-1.3212424516677856,-0.720172643661499
1789729842233109000,12.92110888671875,0.20301446318626404,0.12224329262971878,0.6045089960098267,0.7605330944061279,-0.24377955496311188,-1.3216875791549683,-0.711609423160553
1789729842243045600,12.931045654296875,0.2020316869020462,0.12284230440855026,0.6045790910720825,0.7606425285339355,-0.23594504594802856,-1.3226656913757324,-0.7031834721565247
1789729842252982500,12.940982421875,0.20127785205841064,0.1235974133014679,0.6047000288963318,0.7606239318847656,-0.2285989373922348,-1.3238095045089722,-0.6958054304122925
1789729842262919200,12.950919189453124,0.20083312690258026,0.1244409829378128,0.6047022938728333,0.7606021165847778,-0.22173906862735748,-1.3246532678604126,-0.6895048022270203
1789729842272856000,12.96085595703125,0.20041047036647797,0.12503783404827118,0.6045035719871521,0.7607736587524414,-0.21539799869060516,-1.324813961982727,-0.6834142208099365
1789729842282792700,12.970792724609375,0.19996468722820282,0.12530730664730072,0.6040129661560059,0.7612361907958984,-0.20943498611450195,-1.3240289688110352,-0.6772161722183228
1789729842292729600,12.9807294921875,0.1991371512413025,0.12505747377872467,0.6033262014389038,0.7620384097099304,-0.2035747915506363,-1.3224600553512573,-0.6698242425918579
1789729842302666200,12.990666259765625,0.19802533090114594,0.12450259178876877,0.6025975346565247,0.7629949450492859,-0.19786816835403442,-1.3206130266189575,-0.6617310643196106
1789729842312603100,13.00060302734375,0.19666250050067902,0.12372368574142456,0.6019890904426575,0.7639538645744324,-0.19274620711803436,-1.3189235925674438,-0.6535232067108154
1789729842322539800,13.010539794921876,0.19514977931976318,0.12281429022550583,0.6016582250595093,0.764748752117157,-0.18882818520069122,-1.3178092241287231,-0.646092414855957
1789729842332476700,13.0204765625,0.1935635358095169,0.12193809449672699,0.601757824420929,0.7652135491371155,-0.18616215884685516,-1.3177411556243896,-0.6398247480392456
1789729842342413300,13.030413330078124,0.19211876392364502,0.12136385589838028,0.6024368405342102,0.7651346325874329,-0.18488086760044098,-1.3192274570465088,-0.6355467438697815
1789729842352350200,13.04035009765625,0.19104821979999542,0.121245376765728,0.6037173867225647,0.7644118070602417,-0.185372456908226,-1.3223872184753418,-0.6342089772224426
1789729842362286800,13.050286865234375,0.19054193794727325,0.12162645906209946,0.6054090857505798,0.7631386518478394,-0.18766005337238312,-1.326765775680542,-0.6361899375915527
1789729842372223700,13.0602236328125,0.19064705073833466,0.12241868674755096,0.6071745157241821,0.761581540107727,-0.19122028350830078,-1.3314929008483887,-0.6409303545951843
1789729842382160400,13.070160400390625,0.19113726913928986,0.12340755760669708,0.6085594892501831,0.7601923942565918,-0.19419801235198975,-1.3353921175003052,-0.6459627151489258
1789729842392097300,13.08009716796875,0.19153118133544922,0.1243017390370369,0.6090693473815918,0.7595389485359192,-0.19338855147361755,-1.3371952772140503,-0.6469865441322327
1789729842402034000,13.090033935546876,0.19168490171432495,0.12503208220005035,0.6083348393440247,0.7599688172340393,-0.18668033182621002,-1.3360118865966797,-0.6416025161743164
1789729842411970800,13.099970703125,0.1913388967514038,0.12549129128456116,0.6063500046730042,0.7615648508071899,-0.17362052202224731,-1.331784725189209,-0.6288247108459473
1789729842421907500,13.109907470703124,0.19028376042842865,0.1256256401538849,0.6034101247787476,0.7641377449035645,-0.15545161068439484,-1.325173020362854,-0.6094954609870911
1789729842431844400,13.11984423828125,0.18842513859272003,0.1253577172756195,0.599886953830719,0.7674092650413513,-0.13447490334510803,-1.3169699907302856,-0.5856455564498901
1789729842441781000,13.129781005859375,0.18565532565116882,0.12442509829998016,0.5960646867752075,0.7712051272392273,-0.11330855637788773,-1.307651162147522,-0.5593398809432983
1789729842451718000,13.1397177734375,0.18227918446063995,0.12287076562643051,0.5921309590339661,0.7752792835235596,-0.09410342574119568,-1.2976514101028442,-0.5332264304161072
1789729842461654500,13.149654541015625,0.17865504324436188,0.12082420289516449,0.5883147716522217,0.7793391942977905,-0.0783986747264862,-1.2875927686691284,-0.5095395445823669
1789729842471591400,13.15959130859375,0.17512062191963196,0.11834976077079773,0.584895670413971,0.7830856442451477,-0.0676516517996788,-1.278198480606079,-0.49030163884162903
1789729842481528000,13.169528076171876,0.17202642560005188,0.11556969583034515,0.5821855664253235,0.7862000465393066,-0.06281616538763046,-1.27030348777771,-0.4771296977996826
1789729842491465000,13.17946484375,0.16967251896858215,0.1127512976527214,0.5804283618927002,0.7884169816970825,-0.06366608291864395,-1.2646455764770508,-0.47060129046440125
1789729842501401600,13.189401611328124,0.16813218593597412,0.11022693663835526,0.5797027945518494,0.7896367907524109,-0.06858669966459274,-1.2615876197814941,-0.4696812033653259
1789729842511338500,13.19933837890625,0.16734765470027924,0.10834215581417084,0.5798947811126709,0.7899232506752014,-0.07527359575033188,-1.2610349655151367,-0.47248753905296326
1789729842521275100,13.209275146484375,0.16713452339172363,0.10721058398485184,0.5807477235794067,0.7894960641860962,-0.08194270730018616,-1.262438416481018,-0.47714969515800476
1789729842531212300,13.21921240234375,0.16737490892410278,0.10683073848485947,0.5819113850593567,0.7886393070220947,-0.08743911981582642,-1.2649682760238647,-0.482364296913147
1789729842541149400,13.2291494140625,0.16798649728298187,0.10722693055868149,0.5830091834068298,0.78764408826828,-0.09047087281942368,-1.2677534818649292,-0.48678091168403625
1789729842551086000,13.239086181640625,0.16870294511318207,0.10827191919088364,0.5837233662605286,0.7868186235427856,-0.08980192244052887,-1.269998550415039,-0.4886135160923004
1789729842561022700,13.249022705078126,0.1693558543920517,0.10973671078681946,0.583842396736145,0.786387026309967,-0.08533141016960144,-1.2710833549499512,-0.48720037937164307
1789729842570959400,13.25895947265625,0.16978859901428223,0.1112833246588707,0.5834132432937622,0.7863948345184326,-0.07824178785085678,-1.2709287405014038,-0.4830050766468048
1789729842580896000,13.26889599609375,0.16979582607746124,0.11260811984539032,0.5826029181480408,0.7868053317070007,-0.06968643516302109,-1.2697641849517822,-0.47643107175827026
1789729842590833000,13.2788330078125,0.16921308636665344,0.11352354288101196,0.5817574262619019,0.7874246835708618,-0.060795947909355164,-1.2683130502700806,-0.4680720567703247
1789729842600769500,13.28876953125,0.1680029183626175,0.11397448182106018,0.5812325477600098,0.788006067276001,-0.05248062312602997,-1.2673945426940918,-0.4586767256259918
1789729842610706400,13.29870654296875,0.16638745367527008,0.11406338214874268,0.5812163949012756,0.7883478403091431,-0.04545481503009796,-1.2675055265426636,-0.4494178891181946
1789729842620643300,13.308643310546875,0.1644160896539688,0.1137370765209198,0.5817171931266785,0.788439154624939,-0.040127407759428024,-1.2686421871185303,-0.44070035219192505
1789729842630580200,13.318580322265625,0.16259528696537018,0.1133468970656395,0.5825225114822388,0.7882784008979797,-0.03628838062286377,-1.2704671621322632,-0.4335789382457733
1789729842640516900,13.328516845703126,0.16092827916145325,0.11289719492197037,0.5834736824035645,0.7879814505577087,-0.033611975610256195,-1.2726056575775146,-0.4277501404285431
1789729842650453800,13.338453857421875,0.15947377681732178,0.11242726445198059,0.5844326615333557,0.7876335978507996,-0.03188381344079971,-1.274745225906372,-0.4231526255607605
1789729842660390400,13.348390380859374,0.15835291147232056,0.11207105219364166,0.5853192210197449,0.7872521281242371,-0.03077448345720768,-1.2767574787139893,-0.4198315739631653
1789729842670327300,13.358327392578126,0.15746043622493744,0.11180330812931061,0.5861847996711731,0.7868250012397766,-0.03009275160729885,-1.2787575721740723,-0.41740137338638306
1789729842680264000,13.368263916015625,0.15681900084018707,0.11163081973791122,0.5871815085411072,0.7862342596054077,-0.03020482510328293,-1.2811191082000732,-0.41626036167144775
1789729842690200600,13.37820068359375,0.15643474459648132,0.11149478703737259,0.5884582996368408,0.7853749990463257,-0.03176958113908768,-1.2841737270355225,-0.4169810712337494
1789729842700137200,13.38813720703125,0.15629594027996063,0.11136634647846222,0.5900393724441528,0.784233808517456,-0.03500518575310707,-1.2879676818847656,-0.4197217524051666
1789729842710073900,13.398073974609375,0.156416118144989,0.11123739928007126,0.5918578505516052,0.7828566431999207,-0.039978329092264175,-1.2923305034637451,-0.42456209659576416
1789729842720010500,13.408010498046876,0.15645796060562134,0.11086888611316681,0.5937819480895996,0.7814422249794006,-0.046323925256729126,-1.296829342842102,-0.43031078577041626
1789729842729947600,13.41794775390625,0.1561116874217987,0.11019440740346909,0.5957406163215637,0.780115008354187,-0.05288589745759964,-1.3012721538543701,-0.43527084589004517
1789729842739884500,13.427884521484375,0.1553950160741806,0.10953674465417862,0.5978236198425293,0.7787560820579529,-0.058096129447221756,-1.306056022644043,-0.4383598268032074
1789729842749821400,13.437821533203126,0.1545158326625824,0.10917707532644272,0.6002126336097717,0.7771421670913696,-0.061695393174886703,-1.3117715120315552,-0.44001510739326477
1789729842759758000,13.447758056640625,0.1539841741323471,0.10943946242332458,0.6028558611869812,0.7751623392105103,-0.06409905105829239,-1.3184378147125244,-0.44186386466026306
1789729842769695000,13.457695068359374,0.15437057614326477,0.11057352274656296,0.6054288744926453,0.7729159593582153,-0.06586521863937378,-1.325353741645813,-0.4456707239151001
1789729842779631600,13.467631591796875,0.15588174760341644,0.11244825273752213,0.6073693037033081,0.77081698179245,-0.06743859499692917,-1.3310507535934448,-0.4520230293273926
1789729842789568500,13.477568603515625,0.1580216884613037,0.11444460600614548,0.6077721118927002,0.7697692513465881,-0.06750734895467758,-1.332993984222412,-0.4580501616001129
1789729842799505200,13.487505126953126,0.15961022675037384,0.11592252552509308,0.6057316064834595,0.7708280086517334,-0.06114021688699722,-1.3286877870559692,-0.4562399685382843
1789729842809441800,13.49744189453125,0.15960858762264252,0.11631876230239868,0.6010406017303467,0.7744322419166565,-0.04668569937348366,-1.317379355430603,-0.44264107942581177
1789729842819378400,13.50737841796875,0.15803687274456024,0.11497095972299576,0.5945917963981628,0.7799144983291626,-0.03226016089320183,-1.3009084463119507,-0.42440149188041687
1789729842829315000,13.517315185546876,0.15572793781757355,0.1119702160358429,0.5879737138748169,0.785810649394989,-0.025226091966032982,-1.2832611799240112,-0.4101264178752899
1789729842839251700,13.527251708984375,0.15307320654392242,0.10807015746831894,0.5830982327461243,0.7904972434043884,-0.02580081857740879,-1.2695263624191284,-0.4015498459339142
1789729842849188400,13.537188232421874,0.15046124160289764,0.10453276336193085,0.5814620852470398,0.792676568031311,-0.03063681535422802,-1.2639105319976807,-0.39759561419487
1789729842859125200,13.547125244140625,0.14811579883098602,0.10211887955665588,0.5834087133407593,0.7920023202896118,-0.0370703786611557,-1.2675528526306152,-0.39700251817703247
1789729842869062000,13.557061767578125,0.14646418392658234,0.10119739174842834,0.5882065892219543,0.7888728380203247,-0.04392547160387039,-1.2788447141647339,-0.39981213212013245
1789729842878998500,13.56699853515625,0.14557209610939026,0.10113544017076492,0.5944963693618774,0.7843178510665894,-0.05290242284536362,-1.2942099571228027,-0.40700986981391907
1789729842888935200,13.57693505859375,0.14540912210941315,0.10105664283037186,0.6006810665130615,0.7796319723129272,-0.06625571846961975,-1.3093204498291016,-0.41964712738990784
1789729842898871800,13.586871826171874,0.14591968059539795,0.10052132606506348,0.6055870652198792,0.7758010625839233,-0.08410242199897766,-1.3210139274597168,-0.43718984723091125
1789729842908808400,13.596808349609375,0.1469089239835739,0.09963178634643555,0.6086986064910889,0.7732899188995361,-0.10317076742649078,-1.3280211687088013,-0.45624780654907227
1789729842918745000,13.6067451171875,0.14789548516273499,0.09854668378829956,0.6099971532821655,0.7722169160842896,-0.11887311190366745,-1.330424189567566,-0.4717555344104767
1789729842928682000,13.616681884765624,0.14848732948303223,0.0975247174501419,0.6098901629447937,0.7723175883293152,-0.12788856029510498,-1.3294628858566284,-0.48016926646232605
1789729842938618600,13.62661865234375,0.14860688149929047,0.0968819186091423,0.6090794801712036,0.7730149030685425,-0.12984661757946014,-1.32708740234375,-0.4814215898513794
1789729842948555500,13.636555419921875,0.1484462320804596,0.09690810739994049,0.6082425713539124,0.7737011313438416,-0.12624938786029816,-1.3250958919525146,-0.477673202753067
1789729842958492200,13.6464921875,0.1481701135635376,0.09763482213020325,0.6078989505767822,0.7739327549934387,-0.1194167509675026,-1.3247332572937012,-0.47150081396102905
1789729842968429000,13.656428955078125,0.14795880019664764,0.09894786030054092,0.6082764863967896,0.773509681224823,-0.1115296334028244,-1.3264509439468384,-0.4651704430580139
1789729842978365700,13.66636572265625,0.14780552685260773,0.10059729963541031,0.6092820167541504,0.7725342512130737,-0.10362918674945831,-1.3298815488815308,-0.4593607485294342
1789729842988302600,13.676302490234375,0.14792616665363312,0.10248604416847229,0.610680103302002,0.7711577415466309,-0.09666112810373306,-1.334373950958252,-0.455203652381897
1789729842998239200,13.6862392578125,0.1481546014547348,0.1042269691824913,0.612245500087738,0.7696378231048584,-0.0915256142616272,-1.3391859531402588,-0.4528155028820038
1789729843008176000,13.696176025390624,0.14830125868320465,0.10552054643630981,0.6136872172355652,0.7682839035987854,-0.08832678943872452,-1.3434576988220215,-0.4516110122203827
1789729843018112800,13.70611279296875,0.14828893542289734,0.10611213743686676,0.6147815585136414,0.7673293352127075,-0.08771450817584991,-1.3464977741241455,-0.45177364349365234
1789729843028049700,13.716049560546875,0.14813902974128723,0.10583008825778961,0.6155436038970947,0.7667860984802246,-0.0910707488656044,-1.3482369184494019,-0.4544690251350403
1789729843037986300,13.725986328125,0.14803370833396912,0.10483592748641968,0.6162089109420776,0.7664085626602173,-0.09915174543857574,-1.3493194580078125,-0.4609372317790985
1789729843047923200,13.735923095703125,0.14810127019882202,0.10356643795967102,0.617156982421875,0.7658050060272217,-0.11108153313398361,-1.3509019613265991,-0.4710966944694519
1789729843057859800,13.74585986328125,0.1483730971813202,0.10243043303489685,0.6187842488288879,0.7645910382270813,-0.12589503824710846,-1.3541772365570068,-0.48459532856941223
1789729843067796700,13.755796630859376,0.14886412024497986,0.10164996236562729,0.6212171912193298,0.7626243829727173,-0.1431610882282257,-1.3595715761184692,-0.5013381838798523
1789729843077733600,13.765733642578125,0.1495697945356369,0.10123316943645477,0.6242973804473877,0.7600220441818237,-0.1629018932580948,-1.3666893243789673,-0.5213620066642761
1789729843087670500,13.77567041015625,0.15035274624824524,0.10108127444982529,0.6276662349700928,0.7571074962615967,-0.18409889936447144,-1.3746110200881958,-0.5433264374732971
1789729843097607400,13.785607421875,0.15105098485946655,0.10110200941562653,0.6308556795120239,0.7543096542358398,-0.204395592212677,-1.3821775913238525,-0.5645285248756409
1789729843107544300,13.79554443359375,0.15163376927375793,0.10125968605279922,0.6335481405258179,0.7519111633300781,-0.22182367742061615,-1.388624906539917,-0.582916259765625
1789729843117481200,13.805481201171874,0.15193572640419006,0.101407989859581,0.6356192231178284,0.7500801086425781,-0.2348833829164505,-1.3936221599578857,-0.5965437293052673
1789729843127418000,13.815418212890625,0.15179643034934998,0.10144168138504028,0.637064516544342,0.7488766312599182,-0.242420494556427,-1.3971562385559082,-0.6038715839385986
1789729843137354800,13.825354736328125,0.15137916803359985,0.10147643834352493,0.6379857659339905,0.7481718063354492,-0.24482809007167816,-1.399524450302124,-0.6056899428367615
1789729843147291600,13.835291748046876,0.15074646472930908,0.10142649710178375,0.638560950756073,0.7478155493736267,-0.24410970509052277,-1.4010697603225708,-0.6039625406265259
1789729843157228500,13.845228515625,0.150011345744133,0.10133019834756851,0.6390039920806885,0.7475979328155518,-0.2421102672815323,-1.402296543121338,-0.600744903087616
1789729843167165400,13.85516552734375,0.14953014254570007,0.10144712775945663,0.6394774913787842,0.7472735643386841,-0.24052460491657257,-1.403677225112915,-0.5986130833625793
1789729843177102300,13.865102294921876,0.14952807128429413,0.10195090621709824,0.6400798559188843,0.7466894388198853,-0.24035944044589996,-1.4055067300796509,-0.5991436243057251
1789729843187039200,13.875039306640625,0.15009726583957672,0.1028934046626091,0.6408732533454895,0.7457648515701294,-0.2424108386039734,-1.4079480171203613,-0.6033387780189514
1789729843196976000,13.88497607421875,0.15146473050117493,0.10433993488550186,0.6418231725692749,0.7444693446159363,-0.24792338907718658,-1.4108949899673462,-0.612866997718811
1789729843206912800,13.894912841796875,0.15385419130325317,0.10629304498434067,0.6427462100982666,0.7429050803184509,-0.2577483654022217,-1.4138303995132446,-0.6289148330688477
1789729843216849700,13.904849609375,0.15727411210536957,0.10846418887376785,0.6433480381965637,0.7413526177406311,-0.272471159696579,-1.415804147720337,-0.6516813039779663
1789729843226786300,13.914786376953124,0.16170896589756012,0.1106160506606102,0.6431147456169128,0.7402821779251099,-0.28972503542900085,-1.4153850078582764,-0.6784593462944031
1789729843236723200,13.92472314453125,0.1662876009941101,0.11231166124343872,0.6415133476257324,0.7404020428657532,-0.3006953001022339,-1.411301612854004,-0.6985695958137512
1789729843246659800,13.934659912109375,0.1696109026670456,0.11326064169406891,0.6380610466003418,0.7424838542938232,-0.29274991154670715,-1.4027926921844482,-0.696952223777771
1789729843256596700,13.9445966796875,0.17015965282917023,0.11284705996513367,0.632967472076416,0.7467686533927917,-0.26422926783561707,-1.3903549909591675,-0.6688501238822937
1789729843266533400,13.954533447265625,0.1679612249135971,0.1110563725233078,0.6272702813148499,0.7523214221000671,-0.2274930626153946,-1.3761909008026123,-0.6266025304794312
1789729843276470300,13.96447021484375,0.1638961136341095,0.10837045311927795,0.6223938465118408,0.7576408982276917,-0.19477970898151398,-1.3636658191680908,-0.5843558311462402
1789729843286407000,13.974406982421876,0.15915918350219727,0.10558813810348511,0.6197022199630737,0.7612415552139282,-0.17240940034389496,-1.3563613891601562,-0.5512424111366272
1789729843296343800,13.98434375,0.15509386360645294,0.10346125811338425,0.6200675368309021,0.7620747089385986,-0.16380037367343903,-1.3566961288452148,-0.5336622595787048
1789729843306280400,13.994280517578124,0.15273389220237732,0.10239699482917786,0.6235036849975586,0.7598884105682373,-0.17119577527046204,-1.3648380041122437,-0.5359455347061157
1789729843316217300,14.00421728515625,0.1524280160665512,0.10240728408098221,0.6292049288749695,0.7552348375320435,-0.195794016122818,-1.3787435293197632,-0.5598610639572144
1789729843326153500,14.014153564453125,0.15391868352890015,0.10319801419973373,0.635881245136261,0.7492090463638306,-0.23727792501449585,-1.3949804306030273,-0.6043628454208374
1789729843336090600,14.024090576171876,0.15667255222797394,0.10428989678621292,0.6421383023262024,0.7431256175041199,-0.2922970652580261,-1.4097346067428589,-0.6647017598152161
1789729843346027800,14.03402783203125,0.16018305718898773,0.10534340143203735,0.646820604801178,0.7381512522697449,-0.3513304591178894,-1.4199970960617065,-0.7301729321479797
1789729843355964700,14.043964599609374,0.16366223990917206,0.10603632777929306,0.6492516398429871,0.7351484298706055,-0.39850667119026184,-1.424384355545044,-0.7833119630813599
1789729843365900000,14.053900146484375,0.1662510186433792,0.10620854049921036,0.649300754070282,0.7344990372657776,-0.41949307918548584,-1.4232590198516846,-0.8083042502403259
1789729843375836000,14.0638359375,0.16744142770767212,0.10595840215682983,0.6474987864494324,0.7358542680740356,-0.41282081604003906,-1.4184198379516602,-0.8030630350112915
1789729843385772000,14.07377197265625,0.16764825582504272,0.10580630600452423,0.6447822451591492,0.7382106184959412,-0.38949933648109436,-1.4121795892715454,-0.7799167037010193
1789729843395709200,14.083709228515625,0.1673561930656433,0.10602083802223206,0.6421520113945007,0.7405351400375366,-0.3622753620147705,-1.4066535234451294,-0.752669095993042
1789729843405646600,14.093646484375,0.16698063910007477,0.10676811635494232,0.6404603123664856,0.7419761419296265,-0.3398658335208893,-1.4036825895309448,-0.7308459281921387
1789729843415584000,14.103583984375,0.16686154901981354,0.10814183205366135,0.6401273608207703,0.7420912981033325,-0.3261072337627411,-1.4042025804519653,-0.7188939452171326
1789729843425521400,14.113521484375,0.16712559759616852,0.10990843921899796,0.6411597728729248,0.7408800721168518,-0.3230830430984497,-1.4080252647399902,-0.7187451124191284
1789729843435458800,14.123458740234375,0.16764257848262787,0.11156819015741348,0.6431577205657959,0.7387804985046387,-0.33100956678390503,-1.4138673543930054,-0.7297276854515076
1789729843445395200,14.133395263671876,0.1683899313211441,0.11276299506425858,0.6455162167549133,0.7363681793212891,-0.3486841022968292,-1.419998288154602,-0.7501171231269836
1789729843455331600,14.14333154296875,0.16942860186100006,0.11334541440010071,0.6477825045585632,0.7340467572212219,-0.37461787462234497,-1.4251561164855957,-0.7783192992210388
1789729843465268000,14.15326806640625,0.1708824634552002,0.11354571580886841,0.6496917009353638,0.7319885492324829,-0.4054913818836212,-1.4288303852081299,-0.8115326166152954
1789729843475204600,14.16320458984375,0.17288653552532196,0.11378759145736694,0.6510137319564819,0.7303038835525513,-0.43588700890541077,-1.4308276176452637,-0.8451507091522217
1789729843485141500,14.1731416015625,0.17518353462219238,0.11412043869495392,0.6516203880310059,0.7291626334190369,-0.4605270326137543,-1.4311013221740723,-0.873595118522644
1789729843495078400,14.183078369140626,0.1779208779335022,0.11494386196136475,0.6513976454734802,0.7285692691802979,-0.47533664107322693,-1.429814100265503,-0.8935829401016235
1789729843505015300,14.193015380859375,0.18070633709430695,0.11605623364448547,0.650372326374054,0.7286233305931091,-0.47853758931159973,-1.4271255731582642,-0.9024758338928223
1789729843514953200,14.202953125,0.1835051029920578,0.11747745424509048,0.6486798524856567,0.7292045950889587,-0.471737802028656,-1.4233949184417725,-0.9018579721450806
1789729843524889900,14.212889892578126,0.18578051030635834,0.11874045431613922,0.6466048955917358,0.7302660346031189,-0.4578857123851776,-1.4190360307693481,-0.8932157158851624
1789729843534826800,14.22282666015625,0.18760615587234497,0.11980929225683212,0.6444165706634521,0.7315579056739807,-0.4413813650608063,-1.4144964218139648,-0.8809948563575745
1789729843544763400,14.232763427734374,0.1888521909713745,0.12034300714731216,0.6424540877342224,0.7328745722770691,-0.4272550940513611,-1.4101908206939697,-0.8695327639579773
1789729843554700300,14.2427001953125,0.1897989958524704,0.12035690248012543,0.6408729553222656,0.734011173248291,-0.4187939167022705,-1.4063128232955933,-0.8625398874282837
1789729843564637000,14.252636962890625,0.19050641357898712,0.1197003573179245,0.6397120356559753,0.7349473834037781,-0.4173750877380371,-1.4027698040008545,-0.8612618446350098
1789729843574573800,14.26257373046875,0.1911313831806183,0.11847363412380219,0.6388822197914124,0.7357053160667419,-0.4222303032875061,-1.3993918895721436,-0.8653062582015991
1789729843584510500,14.272510498046875,0.19159847497940063,0.1167285218834877,0.6382582187652588,0.7364040017127991,-0.431029349565506,-1.3959991931915283,-0.8723118901252747
1789729843594447400,14.282447265625,0.19222131371498108,0.11477386206388474,0.6376685500144958,0.7370595335960388,-0.44223278760910034,-1.3923648595809937,-0.881649911403656
1789729843604384000,14.292384033203126,0.1927434206008911,0.11249196529388428,0.6370292901992798,0.7378273606300354,-0.45392635464668274,-1.388331651687622,-0.8908644318580627
1789729843614321000,14.30232080078125,0.19332198798656464,0.11019410192966461,0.6362226605415344,0.7387182116508484,-0.464171826839447,-1.3838932514190674,-0.8987001180648804
1789729843624257500,14.312257568359374,0.1937023103237152,0.10785100609064102,0.6352285742759705,0.7398190498352051,-0.4714292287826538,-1.3791414499282837,-0.903201699256897
1789729843634194400,14.3221943359375,0.1938328742980957,0.10565125197172165,0.6340581178665161,0.7411051988601685,-0.47463199496269226,-1.374342441558838,-0.9034970998764038
1789729843644131000,14.332131103515625,0.19363680481910706,0.10374993830919266,0.6328876614570618,0.7424243688583374,-0.4742284119129181,-1.370070219039917,-0.9001355767250061
1789729843654068000,14.34206787109375,0.1932677924633026,0.10238894075155258,0.6319518089294434,0.7435058951377869,-0.47188761830329895,-1.366957664489746,-0.8953474760055542
1789729843664004600,14.352004638671875,0.19275979697704315,0.10157448053359985,0.6314964294433594,0.7441360950469971,-0.46974095702171326,-1.3654848337173462,-0.8913102149963379
1789729843673941500,14.36194140625,0.19233697652816772,0.10139960795640945,0.6316050887107849,0.7441771626472473,-0.4691409766674042,-1.3657811880111694,-0.8898348212242126
1789729843683878100,14.371878173828126,0.19191792607307434,0.10177352279424667,0.6322864294052124,0.7436555027961731,-0.47016677260398865,-1.367819905281067,-0.8907504081726074
1789729843693815000,14.38181494140625,0.1914285123348236,0.10255106538534164,0.6334213614463806,0.7427083849906921,-0.47230255603790283,-1.3712526559829712,-0.8932309150695801
1789729843703751700,14.391751708984375,0.19089782238006592,0.1036577820777893,0.6347392797470093,0.7415652871131897,-0.4739759564399719,-1.3754338026046753,-0.8956527709960938
1789729843713688600,14.4016884765625,0.19028930366039276,0.10503337532281876,0.6359327435493469,0.7405049204826355,-0.47263917326927185,-1.379697322845459,-0.895342230796814
1789729843723625200,14.411625244140625,0.1892264187335968,0.10638889670372009,0.6368201375007629,0.7398208379745483,-0.46579793095588684,-1.383594274520874,-0.8888469338417053
1789729843733562000,14.42156201171875,0.1879279464483261,0.10784465074539185,0.6372823715209961,0.7395429611206055,-0.4527629315853119,-1.3868491649627686,-0.8759753108024597
1789729843743498800,14.431498779296875,0.18660269677639008,0.10943583399057388,0.6373693346977234,0.7395698428153992,-0.4349537789821625,-1.389441967010498,-0.8585013151168823
1789729843753435600,14.441435546875,0.18561284244060516,0.11135254055261612,0.6371658444404602,0.7397081851959229,-0.41435134410858154,-1.3915061950683594,-0.8392051458358765
1789729843763372500,14.45137255859375,0.1850619614124298,0.11351900547742844,0.6368049383163452,0.7398276329040527,-0.3933996558189392,-1.3931814432144165,-0.820567786693573
1789729843773309200,14.46130908203125,0.185209721326828,0.11598875373601913,0.6363282203674316,0.73981773853302,-0.37405267357826233,-1.3944900035858154,-0.8049988746643066
1789729843783246000,14.47124609375,0.18596599996089935,0.11854320019483566,0.6358237266540527,0.739656925201416,-0.358039528131485,-1.3954885005950928,-0.7937794327735901
1789729843793182700,14.4811826171875,0.18711641430854797,0.12091346085071564,0.6353597640991211,0.739381730556488,-0.3463549315929413,-1.396199107170105,-0.7872012853622437
1789729843803119600,14.49111962890625,0.18820087611675262,0.12274828553199768,0.6349357962608337,0.7391682863235474,-0.33817219734191895,-1.3965153694152832,-0.7832602262496948
1789729843813056300,14.50105615234375,0.18888737261295319,0.12392142415046692,0.6345037817955017,0.7391684651374817,-0.33160600066185,-1.3963614702224731,-0.7794044613838196
1789729843822993200,14.5109931640625,0.18887491524219513,0.12427479773759842,0.6340888142585754,0.7394683361053467,-0.3257872462272644,-1.3957703113555908,-0.7740938067436218
1789729843832929800,14.5209296875,0.1881447434425354,0.12386792153120041,0.6337425708770752,0.7400193214416504,-0.3206118047237396,-1.3949204683303833,-0.7672798037528992
1789729843842866700,14.53086669921875,0.18684610724449158,0.1228633001446724,0.633506178855896,0.7407179474830627,-0.31638821959495544,-1.3939979076385498,-0.7597222328186035
1789729843852803300,14.54080322265625,0.1851029247045517,0.12129367142915726,0.6333942413330078,0.7415096163749695,-0.31391286849975586,-1.393020510673523,-0.7524459362030029
1789729843862740200,14.550740234375,0.18312574923038483,0.11933889985084534,0.6333734393119812,0.7423350214958191,-0.3132023811340332,-1.3920007944107056,-0.7460378408432007
1789729843872676900,14.5606767578125,0.18098443746566772,0.11712042987346649,0.6334350109100342,0.7431604862213135,-0.3138453960418701,-1.3910084962844849,-0.7403640747070312
1789729843882613800,14.57061376953125,0.17893223464488983,0.11495260894298553,0.6336130499839783,0.7438438534736633,-0.3156929016113281,-1.3903062343597412,-0.7360960841178894
1789729843892550400,14.58055029296875,0.17715032398700714,0.11307542026042938,0.633901059627533,0.744312584400177,-0.3182806670665741,-1.3900161981582642,-0.7333781123161316
1789729843902487300,14.5904873046875,0.17574748396873474,0.11160590499639511,0.6342945098876953,0.7445316314697266,-0.321504145860672,-1.390182375907898,-0.7324309945106506
1789729843912424000,14.600423828125,0.17496885359287262,0.11069316416978836,0.6347419023513794,0.7444700598716736,-0.3256600499153137,-1.390710711479187,-0.7341240644454956
1789729843922360800,14.61036083984375,0.17472924292087555,0.11026716232299805,0.6351768374443054,0.7442185282707214,-0.3301580846309662,-1.3914165496826172,-0.7376437783241272
1789729843932297500,14.62029736328125,0.1749582290649414,0.11029486358165741,0.635484516620636,0.7438979148864746,-0.3338833451271057,-1.3920379877090454,-0.7417296767234802
1789729843942234400,14.630234375,0.1755051165819168,0.11062775552272797,0.6355764269828796,0.7436410784721375,-0.33612334728240967,-1.3923066854476929,-0.7452403903007507
1789729843952171000,14.6401708984375,0.17604590952396393,0.11097841709852219,0.6354318261146545,0.7435845732688904,-0.3364068865776062,-1.3920605182647705,-0.7468213438987732
1789729843962108000,14.65010791015625,0.17650681734085083,0.11133823543787003,0.635056734085083,0.7437419891357422,-0.33432236313819885,-1.3913384675979614,-0.7459409236907959
1789729843972044500,14.66004443359375,0.17662641406059265,0.11157002300024033,0.6345441937446594,0.7441161870956421,-0.32972443103790283,-1.3903387784957886,-0.7418713569641113
1789729843981981400,14.6699814453125,0.1763262152671814,0.11168910562992096,0.633962094783783,0.7446654438972473,-0.3225274085998535,-1.3892560005187988,-0.73443204164505
1789729843991918000,14.67991796875,0.1755819469690323,0.11171971261501312,0.6333884596824646,0.7453245520591736,-0.3130200207233429,-1.3882899284362793,-0.7239077091217041
1789729844001855000,14.68985498046875,0.17453208565711975,0.11174532026052475,0.6328422427177429,0.7460309863090515,-0.3017423450946808,-1.3874887228012085,-0.7111597061157227
1789729844011792000,14.6997919921875,0.17348143458366394,0.11192993819713593,0.6322678327560425,0.7467350959777832,-0.28927963972091675,-1.3867361545562744,-0.6974552869796753
1789729844021728800,14.709728759765625,0.1725466549396515,0.1122339740395546,0.6315796971321106,0.7474879622459412,-0.2761536240577698,-1.3857496976852417,-0.6834333539009094
1789729844031665700,14.719665771484374,0.17174334824085236,0.11250200122594833,0.6307328939437866,0.7483472228050232,-0.26333075761795044,-1.3842862844467163,-0.6698624491691589
1789729844041602600,14.7296025390625,0.17112836241722107,0.11268393695354462,0.6298013925552368,0.7492446899414062,-0.25208714604377747,-1.3824622631072998,-0.6580259799957275
1789729844051539500,14.73953955078125,0.17071504890918732,0.11277766525745392,0.6289368271827698,0.7500506639480591,-0.24344000220298767,-1.3806397914886475,-0.6489508748054504
1789729844061476400,14.749476318359376,0.17049382627010345,0.11281440407037735,0.6281889081001282,0.7507219314575195,-0.23731684684753418,-1.3789753913879395,-0.6425928473472595
1789729844071413200,14.759413330078125,0.17039847373962402,0.11274971812963486,0.6275575757026672,0.7512811422348022,-0.23349988460540771,-1.377462387084961,-0.6385738849639893
1789729844081350100,14.76935009765625,0.1706603318452835,0.11280710995197296,0.6269447803497314,0.7517246007919312,-0.23135757446289062,-1.375978946685791,-0.6369243264198303
1789729844091287000,14.779287109375,0.17100904881954193,0.11283024400472641,0.6262874603271484,0.7521896362304688,-0.22979702055454254,-1.3743373155593872,-0.6359364986419678
1789729844101224200,14.78922412109375,0.17143367230892181,0.11289340257644653,0.62553870677948,0.7527063488960266,-0.22797630727291107,-1.3724883794784546,-0.6348610520362854
1789729844111161000,14.7991611328125,0.1717914491891861,0.11291968822479248,0.6247871518135071,0.753244936466217,-0.2259916514158249,-1.3706263303756714,-0.6334725022315979
1789729844121098000,14.809097900390626,0.1719023585319519,0.11274758726358414,0.6241240501403809,0.7537949085235596,-0.224277064204216,-1.368890643119812,-0.6317051649093628
1789729844131034600,14.81903466796875,0.17177718877792358,0.11234334111213684,0.623600423336029,0.7543169260025024,-0.22339105606079102,-1.367372989654541,-0.6300824284553528
1789729844140971500,14.828971435546874,0.17134913802146912,0.11163981258869171,0.6233281493186951,0.7547436952590942,-0.22393395006656647,-1.3663067817687988,-0.6290054321289062
1789729844150908200,14.838908203125,0.17086391150951385,0.110837921500206,0.6233860850334167,0.7549239993095398,-0.22650811076164246,-1.3659619092941284,-0.6297190189361572
1789729844160845000,14.848844970703125,0.17034274339675903,0.11001242697238922,0.6238349080085754,0.7547917366027832,-0.23108425736427307,-1.3665320873260498,-0.6323293447494507
1789729844170781700,14.85878173828125,0.16987398266792297,0.10931803286075592,0.624663233757019,0.7543131113052368,-0.2371978461742401,-1.368082880973816,-0.6367237567901611
1789729844180718600,14.868718505859375,0.16951915621757507,0.10888821631669998,0.6257896423339844,0.7535210251808167,-0.24401415884494781,-1.3705047369003296,-0.6423527002334595
1789729844190655700,14.87865576171875,0.1691657155752182,0.10866755247116089,0.6270659565925598,0.752570629119873,-0.25045228004455566,-1.3734406232833862,-0.647899329662323
1789729844200592400,14.88859228515625,0.16886262595653534,0.10870013386011124,0.6283067464828491,0.7515985369682312,-0.2554785907268524,-1.376478672027588,-0.6524736285209656
1789729844210528800,14.89852880859375,0.16854630410671234,0.10893367230892181,0.629380464553833,0.7507368326187134,-0.25818848609924316,-1.3792916536331177,-0.6550087332725525
1789729844220465400,14.90846533203125,0.1682693511247635,0.10938646644353867,0.6301451325416565,0.7500914335250854,-0.25783368945121765,-1.381546974182129,-0.6548654437065125
1789729844230402000,14.918402099609375,0.16795098781585693,0.10993551462888718,0.6304869055747986,0.7497952580451965,-0.2539293169975281,-1.3829021453857422,-0.6512695550918579
1789729844240338400,14.92833837890625,0.16751064360141754,0.11043761670589447,0.6303552985191345,0.7499306201934814,-0.24660886824131012,-1.383141279220581,-0.6440340876579285
1789729844250275300,14.938275390625,0.1669100672006607,0.1107952892780304,0.6298258304595947,0.7504563927650452,-0.23686058819293976,-1.3823652267456055,-0.6339483857154846
1789729844260212700,14.948212646484375,0.16601860523223877,0.11090213805437088,0.6291415095329285,0.7512120604515076,-0.226124107837677,-1.3810973167419434,-0.6220993995666504
1789729844270150100,14.958150146484375,0.16489557921886444,0.1107899397611618,0.6285519003868103,0.7519690990447998,-0.21605852246284485,-1.3799325227737427,-0.610266387462616
1789729844280086800,14.968086669921876,0.16357986629009247,0.11044088006019592,0.6282222270965576,0.7525830864906311,-0.2079097479581833,-1.3792481422424316,-0.5997190475463867
1789729844290024000,14.97802392578125,0.16219821572303772,0.10991109907627106,0.6282259225845337,0.7529565095901489,-0.20242740213871002,-1.3792362213134766,-0.591468870639801
1789729844299960300,14.987960205078124,0.16072234511375427,0.10916631668806076,0.628557026386261,0.7531049847602844,-0.19956280291080475,-1.3798747062683105,-0.5853771567344666
1789729844309896700,14.997896728515625,0.1593923717737198,0.10839014500379562,0.629089891910553,0.7530547976493835,-0.19894307851791382,-1.3809401988983154,-0.5816894769668579
1789729844319833600,15.00783349609375,0.1580725759267807,0.1074858009815216,0.6297228336334229,0.7529336214065552,-0.1998327672481537,-1.3821560144424438,-0.5793391466140747
1789729844329771000,15.01777099609375,0.15674518048763275,0.10657010972499847,0.6303514838218689,0.7528152465820312,-0.20073167979717255,-1.383359670639038,-0.5769723653793335
1789729844339707600,15.027707763671875,0.15549568831920624,0.10582020878791809,0.6309239268302917,0.7527005672454834,-0.2006531059741974,-1.3845311403274536,-0.5739822387695312
1789729844349644500,15.03764453125,0.15448468923568726,0.105303093791008,0.6314183473587036,0.7525666952133179,-0.20008447766304016,-1.385622501373291,-0.5711860060691833
1789729844359581200,15.047581298828124,0.15381120145320892,0.1050771102309227,0.6318532228469849,0.7523712515830994,-0.1993778795003891,-1.3866912126541138,-0.5691614151000977
1789729844369518000,15.05751806640625,0.153347447514534,0.10499203205108643,0.6322469115257263,0.7521469593048096,-0.19885951280593872,-1.38770592212677,-0.5678324103355408
1789729844379454700,15.067454833984375,0.1531137228012085,0.10498091578483582,0.6325464248657227,0.7519443035125732,-0.19889836013317108,-1.3884857892990112,-0.567504346370697
1789729844389391600,15.0773916015625,0.15300670266151428,0.10497207939624786,0.6327258348464966,0.7518163323402405,-0.1991717666387558,-1.3889423608779907,-0.5676025152206421
1789729844399328300,15.087328369140625,0.15284855663776398,0.10494460165500641,0.6328362226486206,0.7517594695091248,-0.1988510936498642,-1.3892322778701782,-0.5670087933540344
1789729844409265200,15.09726513671875,0.15257048606872559,0.104900062084198,0.6329618096351624,0.7517164349555969,-0.1978866457939148,-1.389578104019165,-0.5655726194381714
1789729844419201800,15.107201904296875,0.15221253037452698,0.10484270006418228,0.6331506371498108,0.7516379952430725,-0.1967850625514984,-1.390089511871338,-0.5638625621795654
1789729844429140000,15.117139892578125,0.15183575451374054,0.10478010773658752,0.6333552598953247,0.7515504956245422,-0.1956660896539688,-1.3906399011611938,-0.5620996356010437
1789729844439074800,15.12707470703125,0.15152622759342194,0.10472673922777176,0.6334471106529236,0.7515429854393005,-0.1943461149930954,-1.3909051418304443,-0.5602512955665588
1789729844449010000,15.137010009765625,0.15130378305912018,0.10466422885656357,0.6332821249961853,0.751735508441925,-0.19234608113765717,-1.3905161619186401,-0.5578461289405823
1789729844458945300,15.1469453125,0.15102221071720123,0.1045122742652893,0.6328132748603821,0.7522079348564148,-0.18901656568050385,-1.389338493347168,-0.5539103746414185
1789729844468881400,15.15688134765625,0.1507062017917633,0.10430647432804108,0.6321351528167725,0.7528697848320007,-0.18482449650764465,-1.3876205682754517,-0.5489936470985413
1789729844478818300,15.166818359375,0.15044929087162018,0.10407043993473053,0.6313820481300354,0.7535854578018188,-0.18098381161689758,-1.3856827020645142,-0.544474184513092
1789729844488755700,15.176755615234375,0.15012973546981812,0.10370528697967529,0.6307041049003601,0.7542669177055359,-0.17813116312026978,-1.3838531970977783,-0.5406640768051147
1789729844498693600,15.186693603515625,0.1497011035680771,0.10317997634410858,0.6301800608634949,0.7548619508743286,-0.176529198884964,-1.3823165893554688,-0.5377110838890076
1789729844508632000,15.196632080078125,0.14924682676792145,0.1025124117732048,0.6298314929008484,0.755333662033081,-0.17667989432811737,-1.3811191320419312,-0.5362626314163208
1789729844518570200,15.2065703125,0.14879243075847626,0.10174504667520523,0.6296827793121338,0.7556509375572205,-0.17852690815925598,-1.3803433179855347,-0.5363590121269226
1789729844528507100,15.216507080078125,0.14855444431304932,0.10106521099805832,0.6297438144683838,0.7557381391525269,-0.18219329416751862,-1.3800880908966064,-0.5387048721313477
1789729844538444000,15.226444091796875,0.14856043457984924,0.10054080933332443,0.6299806237220764,0.7556095123291016,-0.1872178614139557,-1.3803057670593262,-0.5429773330688477
1789729844548381000,15.236380859375,0.14863839745521545,0.1001119464635849,0.6302429437637329,0.7554323673248291,-0.19216857850551605,-1.3806300163269043,-0.5474159121513367
1789729844558317600,15.246317626953125,0.14865010976791382,0.09972447901964188,0.6303547620773315,0.7553879618644714,-0.1956322342157364,-1.380630612373352,-0.5503372550010681
1789729844568254500,15.25625439453125,0.1484176069498062,0.09927603602409363,0.6301805377006531,0.7556381225585938,-0.1964627206325531,-1.379957675933838,-0.5501965284347534
1789729844578191400,15.26619140625,0.1478709876537323,0.0987037718296051,0.6296980381011963,0.7562222480773926,-0.19456791877746582,-1.3785325288772583,-0.5467114448547363
1789729844588127000,15.276126953125,0.14718690514564514,0.09807213395833969,0.6290156841278076,0.7570053935050964,-0.19127218425273895,-1.3766173124313354,-0.5415499806404114
1789729844598062800,15.286062744140626,0.1463693380355835,0.0973840206861496,0.6282719969749451,0.7578697800636292,-0.18730980157852173,-1.3745468854904175,-0.5354507565498352
1789729844607999000,15.2959990234375,0.14540936052799225,0.0966680571436882,0.6275628209114075,0.7587333917617798,-0.18289676308631897,-1.372576117515564,-0.5286539793014526
1789729844617936400,15.305936279296875,0.14431819319725037,0.09598759561777115,0.6269943118095398,0.7594977021217346,-0.17813967168331146,-1.3709996938705444,-0.5213685035705566
1789729844627873800,15.315873779296876,0.14324037730693817,0.0954078957438469,0.6267179846763611,0.7600026726722717,-0.17413288354873657,-1.3701963424682617,-0.5149849057197571
1789729844637811500,15.3258115234375,0.1422821283340454,0.09489551186561584,0.6268309354782104,0.7601536512374878,-0.17213788628578186,-1.3703585863113403,-0.5108662247657776
1789729844647749400,15.335749267578125,0.14161624014377594,0.09453758597373962,0.627299427986145,0.7599360942840576,-0.17245584726333618,-1.3714240789413452,-0.5096897482872009
1789729844657685800,15.345685791015624,0.14109359681606293,0.09423716366291046,0.6280292868614197,0.7594677209854126,-0.17443521320819855,-1.3731344938278198,-0.5104537606239319
1789729844667622100,15.3556220703125,0.14070238173007965,0.09398474544286728,0.6289005279541016,0.7588503360748291,-0.1775893270969391,-1.375192642211914,-0.5126458406448364
1789729844677558500,15.36555859375,0.14056234061717987,0.09383692592382431,0.6298027038574219,0.7581460475921631,-0.18184705078601837,-1.377335548400879,-0.5164533257484436
1789729844687495000,15.375494873046875,0.14058060944080353,0.0937260240316391,0.6307041645050049,0.7574066519737244,-0.18698501586914062,-1.3794608116149902,-0.5214232802391052
1789729844697431800,15.385431884765625,0.14066867530345917,0.09362675249576569,0.631563127040863,0.7566864490509033,-0.1924211084842682,-1.381469964981079,-0.5268108248710632
1789729844707369200,15.395369140625,0.14079459011554718,0.0936087816953659,0.63227778673172,0.7560681700706482,-0.19691438972949982,-1.38316810131073,-0.5314325094223022
1789729844717306400,15.405306396484375,0.1406831592321396,0.0935102254152298,0.6328158378601074,0.7556508779525757,-0.19957037270069122,-1.3844423294067383,-0.5337659120559692
1789729844727243800,15.415243896484375,0.1404457837343216,0.09338470548391342,0.6332330703735352,0.7553609013557434,-0.20097866654396057,-1.3854364156723022,-0.5346356630325317
1789729844737180400,15.425180419921874,0.14006847143173218,0.09312829375267029,0.633637547492981,0.7551234364509583,-0.20234832167625427,-1.386349081993103,-0.5350784659385681
1789729844747117300,15.435117431640625,0.13967934250831604,0.09279331564903259,0.6340855956077576,0.7548605799674988,-0.20446491241455078,-1.3873181343078613,-0.5361372828483582
1789729844757054000,15.445053955078125,0.1392337679862976,0.09237690269947052,0.6345954537391663,0.7545654773712158,-0.20714454352855682,-1.3883986473083496,-0.5375593304634094
1789729844766990800,15.454990966796874,0.13869066536426544,0.09189169853925705,0.6351892352104187,0.7542250752449036,-0.21012984216213226,-1.389663815498352,-0.5390451550483704
1789729844776927500,15.464927490234375,0.138262078166008,0.0915209949016571,0.6358234882354736,0.7538142800331116,-0.2133040428161621,-1.391074538230896,-0.5410476922988892
1789729844786865200,15.474865234375,0.13800854980945587,0.09131253510713577,0.636425793170929,0.7533776164054871,-0.21635261178016663,-1.3924685716629028,-0.5434107780456543
1789729844796800800,15.48480078125,0.13780507445335388,0.09123361855745316,0.6369193196296692,0.7530072331428528,-0.2182009369134903,-1.3936729431152344,-0.5448349714279175
1789729844806736600,15.494736572265625,0.13771268725395203,0.09141875803470612,0.637270450592041,0.7527045607566833,-0.21802780032157898,-1.3946810960769653,-0.5447806715965271
1789729844816672500,15.504672607421876,0.13780108094215393,0.09179091453552246,0.6375434994697571,0.7524118423461914,-0.21727654337882996,-1.395577073097229,-0.5446791052818298
1789729844826609200,15.514609130859375,0.138038769364357,0.09219307452440262,0.6378024220466614,0.7520996332168579,-0.21730704605579376,-1.3964167833328247,-0.5456181168556213
1789729844836546300,15.52454638671875,0.1382666826248169,0.09249097853899002,0.6380821466445923,0.7517838478088379,-0.21821336448192596,-1.39723801612854,-0.5472692251205444
1789729844846483500,15.5344833984375,0.13852155208587646,0.09274326264858246,0.638443648815155,0.7513988614082336,-0.22016270458698273,-1.3982197046279907,-0.5499342679977417
1789729844856421000,15.544421142578125,0.1387847661972046,0.09279749542474747,0.639024555683136,0.7508495450019836,-0.22505681216716766,-1.3995922803878784,-0.5552653670310974
1789729844866359000,15.554359130859375,0.13918398320674896,0.09261038899421692,0.6399309635162354,0.750026285648346,-0.23495738208293915,-1.401537299156189,-0.5654434561729431
1789729844876296200,15.564296142578126,0.13978815078735352,0.09229458123445511,0.6410906910896301,0.7489617466926575,-0.24930843710899353,-1.4039185047149658,-0.5801759362220764
1789729844886232800,15.57423291015625,0.14043699204921722,0.09183544665575027,0.6424048542976379,0.747769832611084,-0.26663294434547424,-1.4065150022506714,-0.5977374911308289
1789729844896170200,15.584170166015625,0.14116908609867096,0.09128416329622269,0.6438173651695251,0.7464835047721863,-0.2866355776786804,-1.409196138381958,-0.6179635524749756
1789729844906106000,15.594106201171876,0.14206011593341827,0.09074872732162476,0.6452702879905701,0.7451240420341492,-0.3087764382362366,-1.4118610620498657,-0.6405799984931946
1789729844916042200,15.604042236328125,0.1430201381444931,0.09030510485172272,0.6466724276542664,0.7437775135040283,-0.3310927748680115,-1.4143788814544678,-0.6636060476303101
1789729844925979000,15.613978759765626,0.1439186930656433,0.09005158394575119,0.6479005217552185,0.7425651550292969,-0.3506309390068054,-1.4166104793548584,-0.6840426921844482
1789729844935916000,15.623916015625,0.14478720724582672,0.09002576023340225,0.6488845944404602,0.741539478302002,-0.36649465560913086,-1.418440341949463,-0.7010948061943054
1789729844945853000,15.63385302734375,0.14569224417209625,0.090204156935215,0.6496634483337402,0.7406581044197083,-0.3795210123062134,-1.4199289083480835,-0.7156606912612915
1789729844955790000,15.6437900390625,0.1465466320514679,0.09060974419116974,0.6503334045410156,0.7398515939712524,-0.38953620195388794,-1.4213757514953613,-0.7274697422981262
1789729844965727200,15.653727294921875,0.14739131927490234,0.09133154898881912,0.651042640209198,0.7389707565307617,-0.39750057458877563,-1.4231897592544556,-0.7376649379730225
1789729844975664400,15.663664306640625,0.14841511845588684,0.09236214309930801,0.651961624622345,0.7378267049789429,-0.40679842233657837,-1.4256535768508911,-0.7498878240585327
1789729844985601300,15.673601318359376,0.14972072839736938,0.09358425438404083,0.6531062722206116,0.7363951802253723,-0.41971510648727417,-1.4286316633224487,-0.7664051055908203
1789729844995538000,15.683537841796875,0.1512623131275177,0.09486590325832367,0.6543881297111511,0.7347763776779175,-0.4364083409309387,-1.4318115711212158,-0.7871229648590088
1789729845005474800,15.693474853515625,0.15297864377498627,0.09618520736694336,0.6556954383850098,0.733082115650177,-0.4555879235267639,-1.434939980506897,-0.8106351494789124
1789729845015411500,15.703411376953126,0.1546372026205063,0.09726627171039581,0.6569316387176514,0.7314830422401428,-0.4764153063297272,-1.4376617670059204,-0.8353754281997681
1789729845025348400,15.713348388671875,0.15612031519412994,0.09796921163797379,0.6580337285995483,0.7300822734832764,-0.4980195164680481,-1.4397640228271484,-0.8601037859916687
1789729845035285200,15.72328515625,0.15727493166923523,0.09836442023515701,0.6589522361755371,0.7289519906044006,-0.5174371004104614,-1.4413197040557861,-0.8817359209060669
1789729845045222100,15.73322216796875,0.15800635516643524,0.09858284145593643,0.6596789956092834,0.7281064987182617,-0.5322622656822205,-1.4425408840179443,-0.8979151844978333
1789729845055159000,15.743158935546875,0.15851327776908875,0.09877130389213562,0.6602575778961182,0.7274460196495056,-0.5434780120849609,-1.4435617923736572,-0.910120964050293
1789729845065095700,15.753095703125,0.1589321494102478,0.09896095842123032,0.6606717705726624,0.7269526124000549,-0.55170738697052,-1.4443023204803467,-0.9192187786102295
1789729845075032600,15.763032470703125,0.15930527448654175,0.09923527389764786,0.6608784794807434,0.7266455888748169,-0.5559356808662415,-1.444746732711792,-0.924375057220459
1789729845084969500,15.772969482421875,0.15964600443840027,0.09965771436691284,0.6609657406806946,0.7264335751533508,-0.5569812655448914,-1.4451379776000977,-0.9265159964561462
1789729845094905600,15.782905517578126,0.16020572185516357,0.10027609765529633,0.6609974503517151,0.7261964082717896,-0.5576971173286438,-1.4454747438430786,-0.9289265275001526
1789729845104842000,15.792842041015625,0.16087369620800018,0.10089875757694244,0.6610285043716431,0.7259342074394226,-0.559391438961029,-1.4457372426986694,-0.9324785470962524
1789729845114778400,15.8027783203125,0.1615234911441803,0.10150406509637833,0.6610704064369202,0.7256672978401184,-0.561235249042511,-1.4460152387619019,-0.9361291527748108
1789729845124715000,15.812715087890625,0.16222013533115387,0.10218850523233414,0.6611058712005615,0.725383460521698,-0.5628141164779663,-1.4463346004486084,-0.9396961331367493
1789729845134651600,15.822651611328125,0.1627226173877716,0.1027611792087555,0.6612057685852051,0.7250989079475403,-0.5644505620002747,-1.4468002319335938,-0.9428780674934387
1789729845144588800,15.8325888671875,0.1630440205335617,0.10330907255411148,0.6613833904266357,0.7247867584228516,-0.5657792091369629,-1.4475247859954834,-0.9454522132873535
1789729845154526000,15.84252587890625,0.16314023733139038,0.10383498668670654,0.6616433262825012,0.7244526743888855,-0.5664315819740295,-1.4485557079315186,-0.9469901323318481
1789729845164463400,15.85246337890625,0.16333819925785065,0.10452094674110413,0.6619398593902588,0.7240384221076965,-0.5673578381538391,-1.449762225151062,-0.9491777420043945
1789729845174400500,15.862400390625,0.16352112591266632,0.10522017627954483,0.6622284054756165,0.7236318588256836,-0.5679463148117065,-1.4509797096252441,-0.9510248899459839
1789729845184338000,15.872337890625,0.16379156708717346,0.10609781742095947,0.662372887134552,0.7233102321624756,-0.5657013058662415,-1.4520511627197266,-0.9504243731498718
1789729845194274800,15.88227490234375,0.16407857835292816,0.10717671364545822,0.6623259782791138,0.7231290936470032,-0.5589238405227661,-1.4529587030410767,-0.9456082582473755
1789729845204211500,15.89221142578125,0.1643589287996292,0.10838591307401657,0.6620940566062927,0.723097562789917,-0.5480068325996399,-1.4536446332931519,-0.9368336200714111
1789729845214148400,15.9021484375,0.16446256637573242,0.1095626950263977,0.6617265343666077,0.7232331037521362,-0.533368706703186,-1.4541367292404175,-0.9240389466285706
1789729845224085000,15.9120849609375,0.16436152160167694,0.1107073426246643,0.6612772345542908,0.7234926223754883,-0.5155591368675232,-1.454545021057129,-0.9077315926551819
1789729845234022000,15.92202197265625,0.16384093463420868,0.11157476902008057,0.6608714461326599,0.7238481640815735,-0.4963913857936859,-1.4549919366836548,-0.8890596628189087
1789729845243959000,15.931958984375,0.16306020319461823,0.11222052574157715,0.6605958938598633,0.7241760492324829,-0.4782732427120209,-1.455605387687683,-0.8707394599914551
1789729845253895700,15.941895751953124,0.16203126311302185,0.11258915066719055,0.6604530811309814,0.7244799733161926,-0.46181124448776245,-1.4563305377960205,-0.853315532207489
1789729845263832600,15.95183251953125,0.16089020669460297,0.11273550987243652,0.6603458523750305,0.7248092293739319,-0.4465532898902893,-1.4569423198699951,-0.8366144895553589
1789729845273769500,15.96176953125,0.15984778106212616,0.1127820611000061,0.6601715087890625,0.7251913547515869,-0.43225517868995667,-1.4572211503982544,-0.8208754062652588
1789729845283705900,15.971705810546876,0.15889394283294678,0.11269116401672363,0.6598764657974243,0.7256834506988525,-0.41857391595840454,-1.4570225477218628,-0.805688202381134
1789729845293642500,15.981642578125,0.1581389605998993,0.11260288208723068,0.6594111919403076,0.7262847423553467,-0.4048585593700409,-1.4563164710998535,-0.7907634973526001
1789729845303580000,15.991579833984375,0.15750166773796082,0.11250286549329758,0.6588047742843628,0.7269887328147888,-0.3909197151660919,-1.4551990032196045,-0.775773286819458
1789729845313516800,16.001516845703126,0.1570444405078888,0.11255093663930893,0.658033549785614,0.7277782559394836,-0.3757166266441345,-1.4537339210510254,-0.7599961757659912
1789729845323453700,16.01145361328125,0.15664371848106384,0.11273884028196335,0.657040536403656,0.7287320494651794,-0.3575001060962677,-1.4518369436264038,-0.7414942383766174
1789729845333390300,16.021390380859376,0.1560874879360199,0.1129051074385643,0.6558917760848999,0.7298596501350403,-0.3366931080818176,-1.449594497680664,-0.7201506495475769
1789729845343327200,16.0313271484375,0.15548169612884521,0.11306755244731903,0.6547390222549438,0.7309979200363159,-0.31615784764289856,-1.4473130702972412,-0.6990025639533997
1789729845353263900,16.041263916015627,0.15469375252723694,0.11304688453674316,0.6537336707115173,0.7320672869682312,-0.2978023886680603,-1.4452497959136963,-0.6795050501823425
1789729845363200800,16.05120068359375,0.15376609563827515,0.11278486251831055,0.6529232263565063,0.7330257892608643,-0.2828882038593292,-1.4434632062911987,-0.6628958582878113
1789729845373137400,16.061137451171874,0.15284444391727448,0.11232274770736694,0.6523340344429016,0.7338137030601501,-0.2724893391132355,-1.4420149326324463,-0.6505182981491089
1789729845383074300,16.07107421875,0.1520286351442337,0.11168333888053894,0.6519024968147278,0.7344639301300049,-0.26657015085220337,-1.4407498836517334,-0.6425149440765381
1789729845393011000,16.081010986328124,0.15159976482391357,0.11105600744485855,0.6515807509422302,0.734933078289032,-0.2655025124549866,-1.4396194219589233,-0.6399378776550293
1789729845402948900,16.090948974609375,0.15152408182621002,0.11041885614395142,0.6514084339141846,0.7351973652839661,-0.2693745493888855,-1.4387134313583374,-0.6427928805351257
1789729845412884700,16.100884765625,0.15180754661560059,0.10991474241018295,0.6513906717300415,0.7352301478385925,-0.27683699131011963,-1.4381543397903442,-0.6499440670013428
1789729845422820600,16.110820556640626,0.1523827761411667,0.10960845649242401,0.6514983773231506,0.7350614666938782,-0.28635793924331665,-1.437940001487732,-0.6598557233810425
1789729845432756700,16.1207568359375,0.1531105935573578,0.1094772145152092,0.6516649723052979,0.7347820401191711,-0.29623880982398987,-1.4379404783248901,-0.6705970764160156
1789729845442693000,16.130693115234376,0.153927281498909,0.10953087359666824,0.6518028974533081,0.7344810366630554,-0.30498453974723816,-1.4379836320877075,-0.6805978417396545
1789729845452629800,16.140629638671875,0.15467964112758636,0.10966979712247849,0.6518185138702393,0.7342883348464966,-0.31114184856414795,-1.4378288984298706,-0.688042938709259
1789729845462567000,16.15056689453125,0.15544193983078003,0.10993997752666473,0.6516149044036865,0.7342677116394043,-0.3140426576137543,-1.4372663497924805,-0.6924410462379456
1789729845472504300,16.16050439453125,0.15610751509666443,0.11017145961523056,0.6511354446411133,0.7345170974731445,-0.31369003653526306,-1.4360647201538086,-0.6933985352516174
1789729845482442000,16.17044189453125,0.15678994357585907,0.11038471013307571,0.6503274440765381,0.7350553274154663,-0.3105597496032715,-1.4340718984603882,-0.6915870904922485
1789729845492379400,16.18037939453125,0.15742525458335876,0.1105165034532547,0.6492663025856018,0.7358373999595642,-0.30548128485679626,-1.4314357042312622,-0.6876513957977295
1789729845502316800,16.19031689453125,0.15798868238925934,0.11059872806072235,0.6480807662010193,0.7367488145828247,-0.299266517162323,-1.4284942150115967,-0.6824092268943787
1789729845512253200,16.200253173828123,0.1586427241563797,0.11072243750095367,0.6468979120254517,0.737628698348999,-0.2937666177749634,-1.4255588054656982,-0.6780737638473511
1789729845522190600,16.210190673828127,0.15925081074237823,0.1107478141784668,0.6458539366722107,0.7384082674980164,-0.2900708019733429,-1.4228856563568115,-0.6753313541412354
1789729845532127500,16.22012744140625,0.15992796421051025,0.11071497201919556,0.6449970006942749,0.7390156388282776,-0.2891097664833069,-1.4205790758132935,-0.6753348708152771
1789729845542064000,16.230064208984373,0.1607353538274765,0.1105942651629448,0.6442979574203491,0.7394682168960571,-0.2912774384021759,-1.4185212850570679,-0.6785256266593933
1789729845552001000,16.2400009765625,0.16179946064949036,0.11045878380537033,0.643644392490387,0.7398254871368408,-0.2960034906864166,-1.4164576530456543,-0.6846251487731934
1789729845561937700,16.249937744140624,0.16305160522460938,0.1103002205491066,0.6429673433303833,0.7401628494262695,-0.30212995409965515,-1.4142415523529053,-0.6923665404319763
1789729845571874600,16.25987451171875,0.16434405744075775,0.11008138209581375,0.6422275900840759,0.7405517101287842,-0.3083683252334595,-1.4118080139160156,-0.7001956701278687
1789729845581811200,16.269811279296874,0.16562682390213013,0.10985369980335236,0.6414156556129456,0.7410032749176025,-0.3138217031955719,-1.4091994762420654,-0.7072169780731201
1789729845591748000,16.279748046875,0.166869655251503,0.10962709784507751,0.6405346393585205,0.7415199279785156,-0.3182253837585449,-1.4064487218856812,-0.7131359577178955
1789729845601684700,16.289684814453125,0.16804948449134827,0.10936790704727173,0.6395627856254578,0.7421303391456604,-0.3215256333351135,-1.4034863710403442,-0.7178179025650024
1789729845611621600,16.29962158203125,0.16917288303375244,0.10910259187221527,0.6384934186935425,0.7428346276283264,-0.3235735297203064,-1.4003221988677979,-0.7211619019508362
1789729845621558300,16.309558349609375,0.17013216018676758,0.10879208147525787,0.6373634934425354,0.7436310052871704,-0.32421091198921204,-1.3970531225204468,-0.7227956652641296
1789729845631495200,16.3194951171875,0.17092634737491608,0.1083979383111,0.6362560987472534,0.7444543242454529,-0.324404776096344,-1.3938360214233398,-0.7236260771751404
1789729845641431800,16.329431884765626,0.1715485006570816,0.10793326795101166,0.6353291869163513,0.745169997215271,-0.3252037763595581,-1.3910444974899292,-0.7247036695480347
1789729845651368700,16.33936865234375,0.17205965518951416,0.10742536932229996,0.6347471475601196,0.7456214427947998,-0.32801851630210876,-1.3890488147735596,-0.7275599241256714
1789729845661305300,16.349305419921876,0.17251141369342804,0.10687501728534698,0.6345559358596802,0.7457588911056519,-0.33350223302841187,-1.3879261016845703,-0.7329215407371521
1789729845671242200,16.3592421875,0.1730235069990158,0.10641380399465561,0.634635865688324,0.7456381320953369,-0.3407239019870758,-1.3874635696411133,-0.7402253746986389
1789729845681179000,16.369178955078127,0.1734725534915924,0.10599304735660553,0.6348699331283569,0.7453944683074951,-0.34836068749427795,-1.3874046802520752,-0.7479044795036316
1789729845691115800,16.37911572265625,0.1739054024219513,0.1056109219789505,0.6351344585418701,0.745122492313385,-0.3558565378189087,-1.3874471187591553,-0.7554730176925659
1789729845701052700,16.389052734375,0.17440085113048553,0.10529657453298569,0.6352912783622742,0.7449173927307129,-0.36250564455986023,-1.3872720003128052,-0.7623875141143799
1789729845710990300,16.398990234375,0.17474868893623352,0.10498171299695969,0.6352656483650208,0.7449021935462952,-0.36674824357032776,-1.386756420135498,-0.76668781042099
1789729845720927500,16.408927490234376,0.1747971773147583,0.1046014279127121,0.6351252794265747,0.7450640201568604,-0.36851173639297485,-1.3860671520233154,-0.7679833769798279
1789729845730864400,16.418864501953124,0.1745995283126831,0.10417871177196503,0.6350574493408203,0.7452273368835449,-0.3694562315940857,-1.385617971420288,-0.7680372595787048
1789729845740801300,16.42880126953125,0.17420628666877747,0.10367973893880844,0.6352792382240295,0.745199978351593,-0.3718143701553345,-1.3858356475830078,-0.7690987586975098
1789729845750738000,16.438738037109374,0.17374908924102783,0.10309621691703796,0.6359211206436157,0.7448400855064392,-0.37756413221359253,-1.38693368434906,-0.7733204364776611
1789729845760674800,16.4486748046875,0.1733446568250656,0.10248369723558426,0.6369773745536804,0.744115948677063,-0.38722050189971924,-1.388886570930481,-0.7814680933952332
1789729845770611200,16.458611083984376,0.17325378954410553,0.10199008136987686,0.6383455991744995,0.7430316209793091,-0.40100333094596863,-1.3914597034454346,-0.79435795545578
1789729845780548400,16.46854833984375,0.17366524040699005,0.10170036554336548,0.6397916078567505,0.7417304515838623,-0.4179733097553253,-1.3940982818603516,-0.8114572763442993
1789729845790485500,16.478485595703123,0.1745418757200241,0.10159424692392349,0.6409924626350403,0.7405014634132385,-0.4352989196777344,-1.396084189414978,-0.8298636078834534
1789729845800422400,16.48842236328125,0.17564918100833893,0.10162445902824402,0.6416328549385071,0.7396804094314575,-0.44858649373054504,-1.3968360424041748,-0.8447847962379456
1789729845810359000,16.498359130859374,0.17678111791610718,0.10176926106214523,0.6415451765060425,0.7394669055938721,-0.45465758442878723,-1.396130084991455,-0.8527172803878784
1789729845820296000,16.5082958984375,0.17765215039253235,0.10178724676370621,0.6408100724220276,0.7398928999900818,-0.453763872385025,-1.3940846920013428,-0.8531475067138672
1789729845830232600,16.518232666015624,0.1783197522163391,0.10161488503217697,0.6396054029464722,0.7407978177070618,-0.4485292136669159,-1.3909791707992554,-0.8486865758895874
1789729845840169700,16.528169677734375,0.17884282767772675,0.10128875821828842,0.6381627917289734,0.7419596314430237,-0.441433310508728,-1.3872994184494019,-0.8419439196586609
1789729845850106600,16.538106689453127,0.1790657639503479,0.10087528079748154,0.6367919445037842,0.7431390285491943,-0.43383684754371643,-1.3838506937026978,-0.8341363668441772
1789729845860043300,16.548043212890626,0.17892681062221527,0.10037863254547119,0.635825514793396,0.7440667152404785,-0.42803922295570374,-1.3813787698745728,-0.8274648189544678
1789729845869980200,16.557980224609373,0.17868272960186005,0.09982170164585114,0.6354895234107971,0.7444871664047241,-0.4271883964538574,-1.3802475929260254,-0.825474739074707
1789729845879916800,16.567916748046876,0.1785188615322113,0.09921211004257202,0.6358258128166199,0.744320809841156,-0.4326303005218506,-1.380452275276184,-0.8297918438911438
1789729845889853700,16.577853759765624,0.17849119007587433,0.09865987300872803,0.6366601586341858,0.7436873912811279,-0.44272133708000183,-1.3816874027252197,-0.8390189409255981
1789729845899790300,16.587790283203127,0.17854328453540802,0.09818719327449799,0.6377790570259094,0.7427781820297241,-0.45539623498916626,-1.3835365772247314,-0.851049542427063
1789729845909727200,16.597727294921874,0.17881371080875397,0.09792912751436234,0.6389421224594116,0.7417469620704651,-0.4688097834587097,-1.385538935661316,-0.8644435405731201
1789729845919663900,16.607663818359374,0.17950326204299927,0.09801732748746872,0.6399869322776794,0.7406672239303589,-0.48205509781837463,-1.3873647451400757,-0.8787816166877747
1789729845929600800,16.617600830078125,0.18032976984977722,0.09829577058553696,0.6407917141914368,0.739733099937439,-0.49309417605400085,-1.3887815475463867,-0.8913951516151428
1789729845939537400,16.627537353515624,0.18118853867053986,0.09886430203914642,0.6412290334701538,0.7390682697296143,-0.49931803345680237,-1.389718770980835,-0.8996699452400208
1789729845949474300,16.637474365234375,0.18199783563613892,0.09975384175777435,0.6412737965583801,0.7387109398841858,-0.4996405243873596,-1.390228509902954,-0.9024446606636047
1789729845959412000,16.647411865234375,0.18260563910007477,0.10080007463693619,0.6410150527954102,0.7386434674263,-0.494844526052475,-1.3904215097427368,-0.9000424742698669
1789729845969348900,16.657348876953126,0.18305015563964844,0.10200314223766327,0.6405924558639526,0.7387349605560303,-0.4864894151687622,-1.3905494213104248,-0.8940739035606384
1789729845979285800,16.66728564453125,0.18323557078838348,0.10327523201704025,0.6401785016059875,0.7388710379600525,-0.47608187794685364,-1.3909214735031128,-0.885772705078125
1789729845989222400,16.677222412109376,0.1833658367395401,0.10468136519193649,0.6398684978485107,0.7389093637466431,-0.46540385484695435,-1.3916692733764648,-0.8773091435432434
1789729845999159300,16.6871591796875,0.18359942734241486,0.1060972586274147,0.6397294402122498,0.7387698292732239,-0.4568585157394409,-1.3927093744277954,-0.8711372017860413
1789729846009096000,16.697095947265623,0.1838878095149994,0.10733447223901749,0.6397789120674133,0.7384764552116394,-0.45147213339805603,-1.3939213752746582,-0.8679416179656982
1789729846019032800,16.70703271484375,0.18431156873703003,0.10840834677219391,0.639936089515686,0.7380776405334473,-0.4490026533603668,-1.3951102495193481,-0.8676233887672424
1789729846028969500,16.716969482421874,0.18478016555309296,0.1092442199587822,0.6401455402374268,0.737655520439148,-0.448842853307724,-1.3961386680603027,-0.869337797164917
1789729846038906400,16.72690625,0.18536913394927979,0.1098632961511612,0.6403494477272034,0.7372387051582336,-0.4508734941482544,-1.3968608379364014,-0.8731087446212769
1789729846048843000,16.736843017578124,0.18604879081249237,0.1102738007903099,0.6405068635940552,0.7368693947792053,-0.4544585347175598,-1.3972141742706299,-0.8782700896263123
1789729846058780000,16.74677978515625,0.18664996325969696,0.11045567691326141,0.6406455636024475,0.7365694642066956,-0.45879483222961426,-1.3973336219787598,-0.883741021156311
1789729846068716500,16.756716552734375,0.18723070621490479,0.11056206375360489,0.6408301591873169,0.7362454533576965,-0.4639163315296173,-1.3974770307540894,-0.8898577690124512
1789729846078653400,16.7666533203125,0.18786302208900452,0.11067629605531693,0.641125500202179,0.7358099818229675,-0.47043076157569885,-1.3978209495544434,-0.8974500894546509
1789729846088590000,16.776590087890625,0.18863220512866974,0.11084301769733429,0.6415353417396545,0.7352306842803955,-0.4787229299545288,-1.398362398147583,-0.9070917963981628
1789729846098527000,16.78652685546875,0.1895277351140976,0.11107301712036133,0.6420237421989441,0.7345390319824219,-0.48834747076034546,-1.399038314819336,-0.9183386564254761
1789729846108463600,16.796463623046876,0.19058755040168762,0.11137264221906662,0.6425183415412903,0.7337865233421326,-0.4988376796245575,-1.3996787071228027,-0.9307918548583984
1789729846118400500,16.806400390625,0.191707581281662,0.11167160421609879,0.6430123448371887,0.7330162525177002,-0.5098413228988647,-1.4002583026885986,-0.9438470602035522
1789729846128337400,16.81633740234375,0.19273310899734497,0.11190532892942429,0.6434860229492188,0.732295572757721,-0.5204674601554871,-1.4007658958435059,-0.9562938213348389
1789729846138274300,16.8262744140625,0.193670392036438,0.11221297830343246,0.643880307674408,0.7316544055938721,-0.5292761325836182,-1.401243805885315,-0.966903567314148
1789729846148211200,16.836211181640625,0.1943541169166565,0.11253569275140762,0.644226610660553,0.7311185002326965,-0.5357949733734131,-1.4018088579177856,-0.9748752117156982
1789729846158148000,16.846148193359376,0.19491997361183167,0.11298205703496933,0.6445397138595581,0.7306228876113892,-0.5404626131057739,-1.402525544166565,-0.9810013771057129
1789729846168085000,16.8560849609375,0.19550129771232605,0.11361457407474518,0.6448177695274353,0.7301239967346191,-0.5438045263290405,-1.403372883796692,-0.9860929250717163
1789729846178021600,16.866021728515626,0.1960873007774353,0.11440416425466537,0.6450532674789429,0.7296353578567505,-0.5458283424377441,-1.4043136835098267,-0.9901000261306763
1789729846187958500,16.87595849609375,0.19672437012195587,0.11537652462720871,0.6452323794364929,0.7291522026062012,-0.5465396642684937,-1.4053195714950562,-0.9931340217590332
1789729846197895400,16.8858955078125,0.19734111428260803,0.11638985574245453,0.645380973815918,0.7286928296089172,-0.5465542078018188,-1.4063307046890259,-0.9955019354820251
1789729846207832300,16.895832275390624,0.1979847252368927,0.11734938621520996,0.6455223560333252,0.7282390594482422,-0.5470253825187683,-1.4072492122650146,-0.9982897043228149
1789729846217769200,16.905769287109376,0.1985427588224411,0.11810590326786041,0.6457003355026245,0.7278068661689758,-0.5485449433326721,-1.408064603805542,-1.0017075538635254
1789729846227706000,16.9157060546875,0.1990375518798828,0.11873629689216614,0.6459037065505981,0.7273885607719421,-0.5506889224052429,-1.4088287353515625,-1.0054757595062256
1789729846237643000,16.92564306640625,0.19942626357078552,0.1192609891295433,0.6461353898048401,0.7269904017448425,-0.5530630946159363,-1.409600019454956,-1.0091660022735596
1789729846247580000,16.935579833984374,0.19955818355083466,0.11963196098804474,0.6463912725448608,0.7266656756401062,-0.5548145174980164,-1.4104232788085938,-1.0116344690322876
1789729846257516800,16.945516845703125,0.19961632788181305,0.12004263699054718,0.6465659141540527,0.7264266014099121,-0.5548538565635681,-1.411192536354065,-1.0123424530029297
1789729846267453700,16.95545361328125,0.1995745450258255,0.12050558626651764,0.6466140151023865,0.7263185977935791,-0.552349865436554,-1.4118542671203613,-1.0104396343231201
1789729846277390600,16.965390625,0.1993987113237381,0.12107931077480316,0.6465455293655396,0.726332426071167,-0.5467880368232727,-1.4125181436538696,-1.005444884300232
1789729846287327500,16.975327392578127,0.1992236226797104,0.12191314250230789,0.6464006304740906,0.7263700366020203,-0.5386934876441956,-1.4133317470550537,-0.998295247554779
1789729846297264000,16.98526416015625,0.1989348828792572,0.12282854318618774,0.6462785005569458,0.7264035940170288,-0.5294329524040222,-1.4143540859222412,-0.9899290204048157
1789729846307201000,16.995200927734373,0.19859930872917175,0.12378209084272385,0.6465075612068176,0.7261296510696411,-0.5236145853996277,-1.4161280393600464,-0.9849783778190613
1789729846317138000,17.005137939453125,0.19817382097244263,0.12478718906641006,0.6468708515167236,0.725750207901001,-0.5182557702064514,-1.4182833433151245,-0.9804250597953796
1789729846327074800,17.01507470703125,0.1976621001958847,0.1257919818162918,0.6472585201263428,0.7253705859184265,-0.5123805403709412,-1.4205433130264282,-0.975227952003479
1789729846337011700,17.02501171875,0.1970091611146927,0.12667973339557648,0.6476007103919983,0.7250882387161255,-0.5054343938827515,-1.422670602798462,-0.9685866236686707
1789729846346948600,17.034948486328126,0.19622188806533813,0.12748630344867706,0.6477827429771423,0.7249977588653564,-0.4957910478115082,-1.424468994140625,-0.9589400291442871
1789729846356885500,17.044885498046874,0.19530057907104492,0.12821398675441742,0.6477623581886292,0.725136399269104,-0.48288387060165405,-1.4258432388305664,-0.9457271099090576
1789729846366822400,17.054822509765625,0.1944025456905365,0.12890607118606567,0.6475547552108765,0.7254403233528137,-0.46794211864471436,-1.4267551898956299,-0.9304697513580322
1789729846376759300,17.06475927734375,0.19351820647716522,0.12952108681201935,0.6472634077072144,0.725827157497406,-0.452510803937912,-1.4273701906204224,-0.9146358370780945
1789729846386696200,17.0746962890625,0.19269715249538422,0.13010329008102417,0.6469228267669678,0.7262449860572815,-0.43717989325523376,-1.4277756214141846,-0.8989501595497131
1789729846396633300,17.08463330078125,0.1917944997549057,0.13055862486362457,0.6466104984283447,0.7266802191734314,-0.42233800888061523,-1.4281197786331177,-0.8834508061408997
1789729846406570800,17.09457080078125,0.19097648561000824,0.13105404376983643,0.6462605595588684,0.727117657661438,-0.4074549078941345,-1.4283480644226074,-0.8680941462516785
1789729846416507600,17.104507568359374,0.19022226333618164,0.13143879175186157,0.645814061164856,0.7276424169540405,-0.39290010929107666,-1.4281877279281616,-0.8530040383338928
1789729846426444500,17.114444580078125,0.18953253328800201,0.1317419409751892,0.6452662348747253,0.7282533645629883,-0.37851738929748535,-1.4276593923568726,-0.8380672335624695
1789729846436381400,17.12438134765625,0.18886426091194153,0.13199977576732635,0.6446130275726318,0.7289584279060364,-0.36370691657066345,-1.4268128871917725,-0.8226733803749084
1789729846446318300,17.134318359375,0.18816404044628143,0.13212478160858154,0.6437751650810242,0.7298567891120911,-0.34800267219543457,-1.4254072904586792,-0.8061556220054626
1789729846456255200,17.144255126953126,0.18762539327144623,0.13218072056770325,0.6426584720611572,0.7309685945510864,-0.3318955600261688,-1.4231985807418823,-0.7893834114074707
1789729846466192000,17.15419189453125,0.18717560172080994,0.13213445246219635,0.6412737369537354,0.7323071360588074,-0.3154051899909973,-1.420210361480713,-0.7722223997116089
1789729846476128800,17.164128662109373,0.18677425384521484,0.13196152448654175,0.6396369338035583,0.7338706851005554,-0.29880720376968384,-1.416472315788269,-0.7548547387123108
1789729846486065400,17.1740654296875,0.18663173913955688,0.13192903995513916,0.637737512588501,0.7355638742446899,-0.2819293141365051,-1.4121218919754028,-0.7378010749816895
1789729846496002300,17.184002197265624,0.18663734197616577,0.13214163482189178,0.6356090903282166,0.7373643517494202,-0.2635473906993866,-1.4073729515075684,-0.7198259234428406
1789729846505939000,17.19393896484375,0.18667814135551453,0.1326931118965149,0.6333349943161011,0.7392094135284424,-0.24291612207889557,-1.4025276899337769,-0.7001510858535767
1789729846515876000,17.2038759765625,0.186725914478302,0.13350355625152588,0.6311624050140381,0.7409077286720276,-0.22225825488567352,-1.3980902433395386,-0.6808324456214905
1789729846525813200,17.213813232421874,0.1870022714138031,0.13460595905780792,0.6292892694473267,0.7422306537628174,-0.2040441930294037,-1.3944931030273438,-0.6647019982337952
1789729846535750400,17.22375048828125,0.1878688484430313,0.1364036351442337,0.6275792121887207,0.7431309819221497,-0.18670904636383057,-1.3916666507720947,-0.6513124108314514
1789729846545686800,17.233686767578124,0.18846037983894348,0.13823403418064117,0.6256588101387024,0.7442614436149597,-0.16648173332214355,-1.388393759727478,-0.6346905827522278
1789729846555623700,17.243623779296875,0.18922899663448334,0.1394795924425125,0.6236086487770081,0.7455535531044006,-0.15173417329788208,-1.3842705488204956,-0.6229755878448486
1789729846565560600,17.253560546875,0.19002005457878113,0.14081025123596191,0.6214788556098938,0.7468794584274292,-0.13673610985279083,-1.3799978494644165,-0.6111752390861511
1789729846575498000,17.263498046875,0.19076181948184967,0.14237326383590698,0.619349479675293,0.7481617331504822,-0.12038931250572205,-1.3758906126022339,-0.5982944965362549
1789729846585434000,17.27343408203125,0.19122786819934845,0.143929585814476,0.6173369884490967,0.7494072318077087,-0.10342105478048325,-1.3720773458480835,-0.5843767523765564
1789729846595370200,17.283370361328124,0.1911810040473938,0.14525462687015533,0.6156472563743591,0.7505527138710022,-0.08667505532503128,-1.3689159154891968,-0.5695796012878418
1789729846605306600,17.293306640625,0.19057467579841614,0.14635393023490906,0.6144264340400696,0.7514931559562683,-0.07023949921131134,-1.366762638092041,-0.553919792175293
1789729846615243300,17.3032431640625,0.18944180011749268,0.14719724655151367,0.6136532425880432,0.7522462606430054,-0.05422011762857437,-1.3655331134796143,-0.5375075936317444
1789729846625180200,17.31318017578125,0.18789727985858917,0.14767767488956451,0.6132099628448486,0.7529007196426392,-0.03946329653263092,-1.3648549318313599,-0.5212101936340332
1789729846635117600,17.32311767578125,0.186223104596138,0.14789043366909027,0.6128817796707153,0.7535418272018433,-0.026247691363096237,-1.3642514944076538,-0.505870521068573
1789729846645055700,17.3330556640625,0.18468333780765533,0.14813707768917084,0.6124891042709351,0.7541913390159607,-0.013533330522477627,-1.3634703159332275,-0.4912834167480469
1789729846654992600,17.34299267578125,0.1834338903427124,0.14863373339176178,0.6118805408477783,0.7548921704292297,-0.0003592480206862092,-1.3622679710388184,-0.4770381450653076
1789729846664929500,17.352929443359375,0.18266251683235168,0.1495337188243866,0.6109524369239807,0.7556528449058533,0.013387887738645077,-1.3604772090911865,-0.46352508664131165
1789729846674866400,17.362866455078127,0.18229933083057404,0.15083160996437073,0.6097124814987183,0.7564836144447327,0.027968546375632286,-1.3581129312515259,-0.4503736197948456
1789729846684803000,17.372802978515626,0.18227089941501617,0.15249744057655334,0.6082776188850403,0.7573111057281494,0.043223731219768524,-1.35545015335083,-0.4375857710838318
1789729846694740500,17.382740478515625,0.18239417672157288,0.15435157716274261,0.606795072555542,0.7580947875976562,0.05862431228160858,-1.352750301361084,-0.425154447555542
1789729846704676600,17.392676513671876,0.1824338734149933,0.15608565509319305,0.6053764224052429,0.7588639855384827,0.07321866601705551,-1.350109577178955,-0.4132317900657654
1789729846714612700,17.40261279296875,0.1823534518480301,0.15745794773101807,0.6040956377983093,0.7596201300621033,0.08547932654619217,-1.3475884199142456,-0.4029352366924286
1789729846724549000,17.412549072265627,0.18216678500175476,0.15843665599822998,0.6030094623565674,0.7603240609169006,0.09510356187820435,-1.3453257083892822,-0.39453616738319397
1789729846734485800,17.42248583984375,0.1818639039993286,0.15907496213912964,0.6021196246147156,0.7609682083129883,0.10260286182165146,-1.3433606624603271,-0.387584924697876
1789729846744423000,17.4324228515625,0.18144263327121735,0.15938909351825714,0.6014865040779114,0.7615035772323608,0.10807973146438599,-1.3418593406677246,-0.38199394941329956
1789729846754360000,17.442360107421877,0.18078090250492096,0.1593317836523056,0.6011656522750854,0.7619261741638184,0.1118832603096962,-1.340926170349121,-0.37716203927993774
1789729846764297500,17.45229736328125,0.18003793060779572,0.159132719039917,0.6011204719543457,0.7621793150901794,0.11475930362939835,-1.3406062126159668,-0.3729132413864136
1789729846774235000,17.46223486328125,0.17914839088916779,0.15864251554012299,0.601155698299408,0.7624632716178894,0.11638366430997849,-1.3403273820877075,-0.36927297711372375
1789729846784172000,17.472172119140627,0.178163081407547,0.15773960947990417,0.6011621356010437,0.7628762722015381,0.11582326889038086,-1.3397678136825562,-0.3670803904533386
1789729846794109000,17.48210888671875,0.1771780550479889,0.15669752657413483,0.6010019183158875,0.7634464502334595,0.11456548422574997,-1.3387258052825928,-0.3653961718082428
1789729846804045800,17.4920458984375,0.1762848198413849,0.15579773485660553,0.6005938053131104,0.7641582489013672,0.11408444494009018,-1.3371427059173584,-0.363294392824173
1789729846813982500,17.501982421875,0.17553216218948364,0.1551724076271057,0.6000332832336426,0.7648987174034119,0.1148347482085228,-1.3353265523910522,-0.360576868057251
1789729846823919400,17.51191943359375,0.17504584789276123,0.15496332943439484,0.5994842648506165,0.7654827833175659,0.11682359874248505,-1.3337725400924683,-0.35761356353759766
1789729846833856300,17.521856201171875,0.17476430535316467,0.15509696304798126,0.5991057753562927,0.765816330909729,0.11969359964132309,-1.3328361511230469,-0.35455402731895447
1789729846843793200,17.531793212890626,0.17478971183300018,0.15554529428482056,0.5989507436752319,0.7658408880233765,0.12266876548528671,-1.3326516151428223,-0.3522785007953644
1789729846853730000,17.54172998046875,0.17498332262039185,0.15602783858776093,0.5990497469902039,0.7656210660934448,0.12465126067399979,-1.3331499099731445,-0.35127249360084534
1789729846863667000,17.5516669921875,0.17547421157360077,0.15654385089874268,0.5993552803993225,0.7651640772819519,0.12500640749931335,-1.3342326879501343,-0.35236167907714844
1789729846873603800,17.561603759765624,0.17600929737091064,0.15684960782527924,0.5998610258102417,0.7645820379257202,0.12348293513059616,-1.3357343673706055,-0.3550742566585541
1789729846883540500,17.57154052734375,0.17654617130756378,0.156973734498024,0.6004559397697449,0.7639655470848083,0.12060423940420151,-1.3373786211013794,-0.3588745892047882
1789729846893477600,17.5814775390625,0.17684589326381683,0.15673302114009857,0.6010464429855347,0.7634811401367188,0.11656799167394638,-1.338804841041565,-0.3629564940929413
1789729846903414500,17.59141455078125,0.1769690066576004,0.15619255602359772,0.601518452167511,0.7631915807723999,0.11163430660963058,-1.3397620916366577,-0.3672512173652649
1789729846913351400,17.601351318359374,0.1768515408039093,0.15535399317741394,0.6018513441085815,0.7631275653839111,0.1062210276722908,-1.3401893377304077,-0.37125158309936523
1789729846923288300,17.611288330078125,0.1768539994955063,0.15459319949150085,0.6020270586013794,0.7631428241729736,0.10088244825601578,-1.3402692079544067,-0.37547677755355835
1789729846933225200,17.62122509765625,0.17676028609275818,0.15384934842586517,0.6021815538406372,0.7631930112838745,0.09622099995613098,-1.3402882814407349,-0.3789108395576477
1789729846943162600,17.63116259765625,0.1767374873161316,0.15333595871925354,0.6023828387260437,0.7631427049636841,0.09261679649353027,-1.3405427932739258,-0.3817225396633148
1789729846953098200,17.64109814453125,0.1768883317708969,0.15299944579601288,0.6026783585548401,0.7629419565200806,0.08905494958162308,-1.3411407470703125,-0.384995698928833
1789729846963034600,17.65103466796875,0.17719054222106934,0.15269948542118073,0.6030922532081604,0.762604832649231,0.08466693013906479,-1.3420697450637817,-0.3893613815307617
1789729846972971300,17.66097119140625,0.177508145570755,0.1523134857416153,0.6035581827163696,0.7622394561767578,0.07948914915323257,-1.3430843353271484,-0.3944108486175537
1789729846982909400,17.670909423828125,0.17783066630363464,0.15182605385780334,0.6039742827415466,0.7619318962097168,0.07365107536315918,-1.3439172506332397,-0.39998456835746765
1789729846992846300,17.680846435546876,0.1779661923646927,0.15112265944480896,0.6043394804000854,0.7617504596710205,0.06748756021261215,-1.344487190246582,-0.4053010046482086
1789729847002783700,17.69078369140625,0.1779479682445526,0.15035656094551086,0.6046645641326904,0.7616483569145203,0.06183186545968056,-1.344904899597168,-0.40979713201522827
1789729847012719900,17.700719970703126,0.17782056331634521,0.14964181184768677,0.604984700679779,0.7615646719932556,0.0571344830095768,-1.3453243970870972,-0.413250595331192
1789729847022656000,17.710656005859374,0.1777220219373703,0.14908748865127563,0.6053638458251953,0.7613950371742249,0.05320747196674347,-1.345976710319519,-0.4162043333053589
1789729847032592400,17.72059228515625,0.1780262142419815,0.14862161874771118,0.6057319045066833,0.7611222863197327,0.04755915701389313,-1.3466722965240479,-0.42159733176231384
1789729847042528800,17.73052880859375,0.1785535216331482,0.1484038084745407,0.6063058376312256,0.7605841159820557,0.04179452359676361,-1.3480263948440552,-0.42777836322784424
1789729847052465400,17.74046533203125,0.17937743663787842,0.14844155311584473,0.607143223285675,0.7597143650054932,0.035336535423994064,-1.3501901626586914,-0.4354395568370819
1789729847062402300,17.75040234375,0.1803440898656845,0.14858220517635345,0.6081845760345459,0.7586243152618408,0.028090789914131165,-1.352921724319458,-0.4442334473133087
1789729847072339500,17.76033935546875,0.18083512783050537,0.14862088859081268,0.6087246537208557,0.7580664753913879,0.024078447371721268,-1.3543150424957275,-0.448984295129776
1789729847082276900,17.77027685546875,0.18101955950260162,0.14848345518112183,0.6090027689933777,0.7578259706497192,0.021321550011634827,-1.3549386262893677,-0.4517936110496521
1789729847092214300,17.78021435546875,0.18076127767562866,0.1481132060289383,0.6090884804725647,0.7578912377357483,0.020115109160542488,-1.3549333810806274,-0.4520806670188904
1789729847102151700,17.790151611328124,0.1802816241979599,0.14769186079502106,0.6090551614761353,0.7581143975257874,0.020193923264741898,-1.354594349861145,-0.4506922960281372
1789729847112089000,17.800089111328123,0.17952559888362885,0.1471891850233078,0.6090034246444702,0.7584331035614014,0.021415462717413902,-1.3541561365127563,-0.44764113426208496
1789729847122026000,17.81002587890625,0.17869815230369568,0.14674212038516998,0.6089388728141785,0.7587668895721436,0.023465944454073906,-1.3537158966064453,-0.4437381625175476
1789729847131963000,17.819962890625,0.17795082926750183,0.14645855128765106,0.6088789105415344,0.7590453624725342,0.026132704690098763,-1.3533812761306763,-0.4395727217197418
1789729847141899800,17.829899658203125,0.17728030681610107,0.14635628461837769,0.608853816986084,0.759242057800293,0.029488543048501015,-1.3532363176345825,-0.4350907802581787
1789729847151836400,17.83983642578125,0.17667193710803986,0.14631786942481995,0.6088705658912659,0.7593778967857361,0.03280814737081528,-1.353232741355896,-0.4308258593082428
1789729847161773300,17.849773193359376,0.17605090141296387,0.146083265542984,0.6088735461235046,0.7595648169517517,0.03488693758845329,-1.353083610534668,-0.4275001287460327
1789729847171710200,17.859710205078127,0.17537637054920197,0.14560812711715698,0.6088950634002686,0.7597948312759399,0.03558582067489624,-1.3528475761413574,-0.4251272976398468
1789729847181647000,17.869647216796874,0.17469243705272675,0.14502838253974915,0.609023928642273,0.7599599957466125,0.035373084247112274,-1.3528261184692383,-0.4234941899776459
1789729847191584000,17.879583984375,0.17387545108795166,0.14438749849796295,0.6094164848327637,0.7599546909332275,0.03492692857980728,-1.3534296751022339,-0.421795517206192
1789729847201521000,17.88952099609375,0.17300134897232056,0.14387516677379608,0.6100777983665466,0.7597206830978394,0.035097457468509674,-1.3547781705856323,-0.41956624388694763
1789729847211457800,17.899457763671876,0.1719180941581726,0.14345867931842804,0.6109638214111328,0.7593332529067993,0.036700133234262466,-1.3567367792129517,-0.41572558879852295
1789729847221394700,17.909394775390624,0.17079418897628784,0.1433779001235962,0.6118992567062378,0.7588487267494202,0.0408572293817997,-1.3589966297149658,-0.4097549319267273
1789729847231331600,17.91933154296875,0.169595867395401,0.14364081621170044,0.612766444683075,0.7583678960800171,0.048188548535108566,-1.3612557649612427,-0.401004433631897
1789729847241268500,17.9292685546875,0.16839486360549927,0.1441769003868103,0.6134901642799377,0.7579485774040222,0.05798547714948654,-1.3632780313491821,-0.3901894986629486
1789729847251205400,17.939205322265625,0.16721588373184204,0.14483030140399933,0.6140929460525513,0.7575967907905579,0.06893779337406158,-1.3650342226028442,-0.3784294128417969
1789729847261142300,17.949142333984376,0.16614574193954468,0.14551889896392822,0.614628255367279,0.757266104221344,0.07977252453565598,-1.3666231632232666,-0.36700114607810974
1789729847271079000,17.959078857421876,0.16510215401649475,0.14610624313354492,0.6151626706123352,0.7569472789764404,0.08985249698162079,-1.3681445121765137,-0.35622096061706543
1789729847281016000,17.96901611328125,0.16391174495220184,0.14642298221588135,0.6157699823379517,0.7566508650779724,0.09887543320655823,-1.369692325592041,-0.34588900208473206
1789729847290953000,17.978952880859374,0.1627063751220703,0.14660565555095673,0.616473913192749,0.7563024163246155,0.10697635263204575,-1.3714121580123901,-0.33625900745391846
1789729847300889900,17.988889892578126,0.16127558052539825,0.14651192724704742,0.6173029541969299,0.7559507489204407,0.1144028976559639,-1.3732895851135254,-0.32656973600387573
1789729847310826800,17.99882666015625,0.15990814566612244,0.14637033641338348,0.6181643605232239,0.7555646896362305,0.12115504592657089,-1.3752309083938599,-0.3175775408744812
1789729847320763600,18.008763671875,0.15862548351287842,0.14612075686454773,0.6190477013587952,0.7551600337028503,0.12661640346050262,-1.3771920204162598,-0.3098433017730713
1789729847330699800,18.01869970703125,0.15760789811611176,0.14586836099624634,0.6198866367340088,0.7547335624694824,0.13044624030590057,-1.3790794610977173,-0.3041248619556427
1789729847340636000,18.028635986328126,0.1568482220172882,0.14563392102718353,0.6205957531929016,0.7543542385101318,0.13290122151374817,-1.3806836605072021,-0.30018988251686096
1789729847350572500,18.038572509765626,0.15630555152893066,0.14544810354709625,0.6211071610450745,0.7540817260742188,0.13453389704227448,-1.381834626197815,-0.2974734604358673
1789729847360509000,18.048509033203125,0.15575209259986877,0.14515946805477142,0.6214156150817871,0.753997802734375,0.13565999269485474,-1.3824212551116943,-0.29511088132858276
1789729847370445800,18.05844580078125,0.15519101917743683,0.1447851061820984,0.6214960217475891,0.7541191577911377,0.13640373945236206,-1.3823837041854858,-0.293007493019104
1789729847380383000,18.068383056640624,0.1545225977897644,0.1442856788635254,0.6213521361351013,0.7544706463813782,0.13711412250995636,-1.3817009925842285,-0.29061359167099
1789729847390320000,18.078320068359375,0.15369221568107605,0.143656924366951,0.6210343241691589,0.7550216913223267,0.13805805146694183,-1.3804919719696045,-0.28757354617118835
1789729847400257500,18.088257568359374,0.1527639627456665,0.14298076927661896,0.6206088662147522,0.755687952041626,0.13936614990234375,-1.378970980644226,-0.2839650511741638
1789729847410195000,18.09819482421875,0.15174633264541626,0.14229442179203033,0.6201750636100769,0.7563783526420593,0.1411593109369278,-1.3774112462997437,-0.27972832322120667
1789729847420132400,18.10813232421875,0.1506904661655426,0.14166298508644104,0.619799792766571,0.7570152878761292,0.14353671669960022,-1.3760168552398682,-0.2749285399913788
1789729847430069500,18.118069580078124,0.1496763527393341,0.14114582538604736,0.6194842457771301,0.7575711607933044,0.14643479883670807,-1.3748258352279663,-0.26983097195625305
1789729847440006400,18.12800634765625,0.14871124923229218,0.14066153764724731,0.6192266345024109,0.7580617666244507,0.14917555451393127,-1.3738054037094116,-0.2650066018104553
1789729847449943300,18.137943359375,0.14797797799110413,0.1403227001428604,0.6189692616462708,0.7584781050682068,0.15150418877601624,-1.3728811740875244,-0.26114028692245483
1789729847459880200,18.147880126953126,0.14727014303207397,0.140007883310318,0.6187099814414978,0.7588855624198914,0.15382741391658783,-1.3719650506973267,-0.25735151767730713
1789729847469816800,18.15781689453125,0.14663754403591156,0.1397998034954071,0.6184017658233643,0.7592974901199341,0.1564970165491104,-1.3709726333618164,-0.25348201394081116
1789729847479754000,18.16775390625,0.1461266428232193,0.1397235244512558,0.618017852306366,0.7597225308418274,0.159419447183609,-1.3698536157608032,-0.2497306764125824
1789729847489690000,18.177690185546876,0.14574263989925385,0.1397397816181183,0.6175504326820374,0.7601732015609741,0.16225728392601013,-1.3685740232467651,-0.24638573825359344
1789729847499626200,18.187626220703127,0.14548705518245697,0.13979902863502502,0.6170363426208496,0.7606286406517029,0.16460175812244415,-1.3672157526016235,-0.24378500878810883
1789729847509562600,18.197562744140626,0.145352303981781,0.13984008133411407,0.6165197491645813,0.7610656023025513,0.16602332890033722,-1.365870475769043,-0.24225592613220215
1789729847519499300,18.207499267578125,0.14525757730007172,0.13976770639419556,0.6160807013511658,0.7614524364471436,0.16628441214561462,-1.3646986484527588,-0.24177728593349457
1789729847529436200,18.217436279296876,0.14515088498592377,0.1395571380853653,0.6157795190811157,0.7617549300193787,0.1655087172985077,-1.363835096359253,-0.24211078882217407
1789729847539373000,18.227373046875,0.14499768614768982,0.13923409581184387,0.6157046556472778,0.761903703212738,0.16406506299972534,-1.363507866859436,-0.24286997318267822
1789729847549310500,18.237310546875,0.1447305679321289,0.13877713680267334,0.6159284114837646,0.7618570327758789,0.162163645029068,-1.3638815879821777,-0.24371223151683807
1789729847559248000,18.247247802734375,0.144332617521286,0.1382005512714386,0.6164113283157349,0.7616467475891113,0.16002382338047028,-1.3648557662963867,-0.24441683292388916
1789729847569185300,18.257185302734374,0.14385230839252472,0.13756896555423737,0.6170457601547241,0.7613381743431091,0.15788117051124573,-1.3661859035491943,-0.24491798877716064
1789729847579123000,18.267123046875,0.14332912862300873,0.13690096139907837,0.6177600622177124,0.7609779238700867,0.15566596388816833,-1.3677030801773071,-0.2453734129667282
1789729847589059800,18.277059814453125,0.14293865859508514,0.1363096535205841,0.6185320615768433,0.7605302929878235,0.15314023196697235,-1.3694218397140503,-0.24643993377685547
1789729847598996700,18.286996826171876,0.14251452684402466,0.1356533318758011,0.6194218397140503,0.760002851486206,0.15021905303001404,-1.371417760848999,-0.24775360524654388
1789729847608933600,18.29693359375,0.1422698199748993,0.13505743443965912,0.620373010635376,0.7593787908554077,0.146515890955925,-1.373628854751587,-0.25019392371177673
1789729847618870300,18.306870361328127,0.14219173789024353,0.1344093680381775,0.6213909983634949,0.7586756944656372,0.14117784798145294,-1.3760266304016113,-0.2544322609901428
1789729847628807200,18.31680712890625,0.14230598509311676,0.13370129466056824,0.6224375367164612,0.7579211592674255,0.1339249610900879,-1.3785113096237183,-0.26077643036842346
1789729847638744000,18.326744140625,0.14260727167129517,0.13297832012176514,0.6234880089759827,0.7571278810501099,0.12509393692016602,-1.3810261487960815,-0.2689483165740967
1789729847648681000,18.336680908203125,0.14318661391735077,0.13237401843070984,0.6245326995849609,0.7562628984451294,0.11508098244667053,-1.3836016654968262,-0.2788764238357544
1789729847658617900,18.346617919921876,0.14388495683670044,0.1318354606628418,0.625591516494751,0.755348801612854,0.10447369515895844,-1.386240839958191,-0.2896662652492523
1789729847668554800,18.3565546875,0.1447029858827591,0.13142281770706177,0.6266151666641235,0.7544153332710266,0.09379766881465912,-1.3888355493545532,-0.30088162422180176
1789729847678491600,18.36649169921875,0.14534427225589752,0.13090397417545319,0.6275469660758972,0.7536073327064514,0.08335413038730621,-1.3911124467849731,-0.3114612102508545
1789729847688428500,18.376428466796874,0.14590948820114136,0.1303909420967102,0.6282886862754822,0.7529687285423279,0.07359951734542847,-1.3928766250610352,-0.32125964760780334
1789729847698365400,18.386365478515625,0.14629511535167694,0.1298847645521164,0.6287956237792969,0.7525581121444702,0.06550581008195877,-1.3940074443817139,-0.329158753156662
1789729847708302300,18.39630224609375,0.14641541242599487,0.12939979135990143,0.6290500164031982,0.7524057030677795,0.059989795088768005,-1.3944648504257202,-0.33413881063461304
1789729847718239200,18.4062392578125,0.146389901638031,0.12900808453559875,0.6290217638015747,0.7525014877319336,0.056916773319244385,-1.3942186832427979,-0.33661210536956787
1789729847728176000,18.416176025390627,0.14627307653427124,0.12871965765953064,0.6287520527839661,0.7527989745140076,0.055905457586050034,-1.3933873176574707,-0.3370514512062073
1789729847738112800,18.42611279296875,0.14618486166000366,0.12856967747211456,0.6283107399940491,0.7532100677490234,0.05620574951171875,-1.3921765089035034,-0.3364276587963104
1789729847748049700,18.436049560546873,0.1461840569972992,0.12857970595359802,0.6277965903282166,0.7536371350288391,0.057343147695064545,-1.3908551931381226,-0.3353273570537567
1789729847757986600,18.445986572265625,0.1462065577507019,0.128644198179245,0.6273084282875061,0.7540281414985657,0.058694418519735336,-1.3896270990371704,-0.3341241180896759
1789729847767923500,18.45592333984375,0.14627188444137573,0.12872761487960815,0.6269314885139465,0.7543147206306458,0.05965825542807579,-1.3886972665786743,-0.3333927392959595
1789729847777860400,18.4658603515625,0.1463158130645752,0.12874363362789154,0.6267003417015076,0.7544955015182495,0.0599282905459404,-1.3881123065948486,-0.3332200348377228
1789729847787797200,18.47579736328125,0.14623808860778809,0.1286475658416748,0.6265928745269775,0.7546162009239197,0.05990533158183098,-1.3877874612808228,-0.33299723267555237
1789729847797734100,18.485734130859374,0.14613214135169983,0.12859350442886353,0.6265308856964111,0.7546973824501038,0.06033927947282791,-1.3875962495803833,-0.33233511447906494
1789729847807671000,18.495671142578125,0.14591994881629944,0.12857387959957123,0.6264448165893555,0.7548131942749023,0.06185787543654442,-1.3873484134674072,-0.3304852247238159
1789729847817608000,18.50560791015625,0.14575880765914917,0.12875939905643463,0.626238226890564,0.7549841403961182,0.06491445004940033,-1.3868824243545532,-0.3274725079536438
1789729847827544800,18.515544921875,0.14556467533111572,0.12902826070785522,0.6258693337440491,0.7552815079689026,0.06916329264640808,-1.3860288858413696,-0.32334768772125244
1789729847837481700,18.525481689453127,0.1453208327293396,0.12927381694316864,0.6253119111061096,0.7557480931282043,0.07385857403278351,-1.38467276096344,-0.31867995858192444
1789729847847418600,18.535418701171874,0.14507880806922913,0.12947316467761993,0.6245006918907166,0.7564309239387512,0.07851728051900864,-1.3826407194137573,-0.31399738788604736
1789729847857355300,18.545355224609374,0.14471274614334106,0.12943324446678162,0.6234565377235413,0.7573685646057129,0.08237945288419724,-1.3798973560333252,-0.30959880352020264
1789729847867292200,18.555292236328125,0.14433631300926208,0.129182830452919,0.6222561001777649,0.7584696412086487,0.0847737118601799,-1.3766683340072632,-0.30635857582092285
1789729847877229000,18.56522900390625,0.14389805495738983,0.12866409122943878,0.6210747957229614,0.7596084475517273,0.0853792130947113,-1.3733786344528198,-0.30443069338798523
1789729847887166000,18.575166015625,0.14343634247779846,0.12794268131256104,0.6201008558273315,0.7606126666069031,0.08425366878509521,-1.3705437183380127,-0.3038981556892395
1789729847897102800,18.585102783203126,0.1430283933877945,0.12717147171497345,0.6194874048233032,0.7613183259963989,0.08190169930458069,-1.3686230182647705,-0.30458009243011475
1789729847907039700,18.595039794921874,0.14265097677707672,0.126431405544281,0.6193097829818726,0.7616568803787231,0.07898499071598053,-1.3678364753723145,-0.30589398741722107
1789729847916976600,18.6049765625,0.14225637912750244,0.1257040649652481,0.6195213794708252,0.7616789937019348,0.07571059465408325,-1.3680497407913208,-0.3075394034385681
1789729847926913500,18.61491357421875,0.1418454349040985,0.1249765008687973,0.6199778318405151,0.7615039348602295,0.07215911895036697,-1.3688886165618896,-0.3094259202480316
1789729847936850400,18.624850341796876,0.14134158194065094,0.12414973229169846,0.6205270886421204,0.7612854242324829,0.0682840421795845,-1.3699169158935547,-0.3113548159599304
1789729847946787300,18.634787353515627,0.14090655744075775,0.12330281734466553,0.6210268139839172,0.761096179485321,0.06385994702577591,-1.3708168268203735,-0.31390631198883057
1789729847956724200,18.64472412109375,0.14055682718753815,0.12244205176830292,0.6214024424552917,0.760993242263794,0.05895248055458069,-1.3713994026184082,-0.3170512318611145
1789729847966661000,18.6546611328125,0.1404339075088501,0.12170300632715225,0.6215778589248657,0.7609912157058716,0.053821761161088943,-1.3715349435806274,-0.32093244791030884
1789729847976597800,18.66459765625,0.14042706787586212,0.12103169411420822,0.6215219497680664,0.7611451745033264,0.048861678689718246,-1.3711113929748535,-0.32491952180862427
1789729847986534700,18.67453466796875,0.14044195413589478,0.1203889399766922,0.6212276220321655,0.7614846229553223,0.04443536698818207,-1.3700892925262451,-0.3284572958946228
1789729847996471600,18.684471435546875,0.14049102365970612,0.11979851871728897,0.6207136511802673,0.7619876265525818,0.04063304886221886,-1.3685283660888672,-0.3315061628818512
1789729848006408400,18.694408447265626,0.14058047533035278,0.11930205672979355,0.6200527548789978,0.7625868320465088,0.037601299583911896,-1.3666343688964844,-0.33398547768592834
1789729848016345300,18.704345458984374,0.14067073166370392,0.11888973414897919,0.6193215250968933,0.7632285952568054,0.03536567836999893,-1.3645985126495361,-0.3357946276664734
1789729848026282200,18.7142822265625,0.14069820940494537,0.11850114166736603,0.6186334490776062,0.7638416886329651,0.03364821895956993,-1.3626800775527954,-0.33702707290649414
1789729848036219100,18.72421923828125,0.14069175720214844,0.11813350766897202,0.6180957555770874,0.7643349766731262,0.03203254193067551,-1.3611528873443604,-0.33813148736953735
1789729848046156000,18.734156005859376,0.1408034861087799,0.11784611642360687,0.617768406867981,0.7646233439445496,0.02989254705607891,-1.3602007627487183,-0.34003618359565735
1789729848056093200,18.74409326171875,0.1410485953092575,0.11753939837217331,0.6176375150680542,0.7647311091423035,0.026439927518367767,-1.3597429990768433,-0.3434086740016937
1789729848066030800,18.75403076171875,0.14138394594192505,0.11717675626277924,0.6175711154937744,0.7647784948348999,0.021923640742897987,-1.3594245910644531,-0.3478919267654419
1789729848075968000,18.763968017578126,0.14165280759334564,0.1166725903749466,0.6174225211143494,0.7649257779121399,0.01698155328631401,-1.3588285446166992,-0.3525054156780243
1789729848085905000,18.77390478515625,0.14186732470989227,0.1160559207201004,0.6170763373374939,0.7652590870857239,0.012008033692836761,-1.3576756715774536,-0.3569199740886688
1789729848095842000,18.783842041015625,0.14199002087116241,0.11530725657939911,0.6165025234222412,0.7658118009567261,0.007187879178673029,-1.3558824062347412,-0.3608703911304474
1789729848105778400,18.7937783203125,0.14204898476600647,0.11451989412307739,0.6157210469245911,0.7665473818778992,0.0029912078753113747,-1.3535449504852295,-0.36406031250953674
1789729848115714800,18.80371484375,0.14207205176353455,0.11381080001592636,0.6148313283920288,0.7673624157905579,-0.00014869791630189866,-1.3509711027145386,-0.36626002192497253
1789729848125651500,18.8136513671875,0.14216843247413635,0.11329631507396698,0.6139526963233948,0.7681238055229187,-0.00235056527890265,-1.348517894744873,-0.36790719628334045
1789729848135588000,18.823588134765625,0.14229647815227509,0.11290215700864792,0.6132230758666992,0.768740713596344,-0.004199238494038582,-1.3464972972869873,-0.36941251158714294
1789729848145524700,18.833524658203125,0.142581507563591,0.11270454525947571,0.6126736998558044,0.7691547870635986,-0.005974312778562307,-1.3450217247009277,-0.37134483456611633
1789729848155462000,18.8434619140625,0.14297951757907867,0.11264590919017792,0.6122877597808838,0.7693968415260315,-0.007785283960402012,-1.3440216779708862,-0.3736681640148163
1789729848165399000,18.85339892578125,0.14339296519756317,0.11258568614721298,0.6119901537895203,0.7695654034614563,-0.00986766442656517,-1.343241572380066,-0.37627822160720825
1789729848175336200,18.863336181640626,0.14381065964698792,0.11242726445198059,0.6117088198661804,0.7697343230247498,-0.012644829228520393,-1.342454195022583,-0.3794475495815277
1789729848185273300,18.8732734375,0.14429965615272522,0.11217242479324341,0.6113906502723694,0.769932746887207,-0.016353528946638107,-1.3415249586105347,-0.38351505994796753
1789729848195210500,18.88321044921875,0.14471247792243958,0.11190906912088394,0.6110711693763733,0.7701472043991089,-0.019662583246827126,-1.3405876159667969,-0.38706058263778687
1789729848205148000,18.89314794921875,0.14530256390571594,0.11163343489170074,0.6107473969459534,0.770332932472229,-0.023992225527763367,-1.3396260738372803,-0.3918664753437042
1789729848215085000,18.9030849609375,0.14597170054912567,0.11139591038227081,0.6105781197547913,0.7703749537467957,-0.028832823038101196,-1.3390616178512573,-0.3973442614078522
1789729848225021200,18.913021240234375,0.14672386646270752,0.11125828325748444,0.610764741897583,0.7701039910316467,-0.03431226685643196,-1.3394265174865723,-0.40370580554008484
1789729848234957000,18.92295703125,0.1473218947649002,0.1109960600733757,0.6113569736480713,0.769557535648346,-0.040780700743198395,-1.3407377004623413,-0.4106322228908539
1789729848244893200,18.93289306640625,0.14774569869041443,0.11057624220848083,0.6121710538864136,0.7688892483711243,-0.04796156659722328,-1.3425195217132568,-0.41778042912483215
1789729848254830000,18.942830078125,0.14793777465820312,0.10998290777206421,0.6130678057670593,0.7682226300239563,-0.05531558766961098,-1.3444212675094604,-0.4245127737522125
1789729848264767200,18.952767333984376,0.1481957584619522,0.10941051691770554,0.6139534115791321,0.7675471305847168,-0.0629962608218193,-1.3462923765182495,-0.43169888854026794
1789729848274704600,18.96270458984375,0.14855878055095673,0.10879627615213394,0.6148497462272644,0.7668464183807373,-0.07171722501516342,-1.3481472730636597,-0.4400172829627991
1789729848284642300,18.972642333984375,0.1490877866744995,0.1081090047955513,0.6157081127166748,0.7661519050598145,-0.08191636204719543,-1.3498355150222778,-0.44995221495628357
1789729848294579700,18.982579833984374,0.1497334986925125,0.10743318498134613,0.6164330244064331,0.7655379176139832,-0.09244928508996964,-1.3511674404144287,-0.46041426062583923
1789729848304516900,18.992516845703125,0.15054447948932648,0.10686489939689636,0.6168989539146423,0.7650829553604126,-0.1024971753358841,-1.3518810272216797,-0.4707987606525421
1789729848314453800,19.002453857421877,0.1512603908777237,0.1062699630856514,0.6170441508293152,0.7649074792861938,-0.11113054305315018,-1.3517827987670898,-0.4796091318130493
1789729848324390700,19.012390625,0.1519032120704651,0.10563144832849503,0.6168227791786194,0.7650470733642578,-0.11833478510379791,-1.350754976272583,-0.4868406355381012
1789729848334327600,19.02232763671875,0.15248842537403107,0.10492735356092453,0.6162620782852173,0.765479326248169,-0.12437034398317337,-1.3488562107086182,-0.4927435517311096
1789729848344264400,19.032264404296875,0.15325936675071716,0.10431686043739319,0.6153950095176697,0.7661060690879822,-0.1296701282262802,-1.3462300300598145,-0.49833041429519653
1789729848354201300,19.042201416015626,0.15429039299488068,0.10377731919288635,0.6142674684524536,0.7668769359588623,-0.13492463529109955,-1.342966079711914,-0.5043658018112183
1789729848364138200,19.05213818359375,0.15547659993171692,0.103411965072155,0.6129775643348694,0.7677183747291565,-0.1392114758491516,-1.3393888473510742,-0.5099186301231384
1789729848374075100,19.0620751953125,0.15685662627220154,0.10331157594919205,0.6115068197250366,0.7686235308647156,-0.14213022589683533,-1.3355084657669067,-0.5147769451141357
1789729848384011800,19.07201171875,0.15841302275657654,0.1033448800444603,0.6100268363952637,0.7694754004478455,-0.1450219750404358,-1.3316632509231567,-0.5200595855712891
1789729848393948700,19.08194873046875,0.16001127660274506,0.10328197479248047,0.6086986660957336,0.7702046036720276,-0.14911697804927826,-1.3281168937683105,-0.5264626741409302
1789729848403885600,19.091885498046874,0.16160963475704193,0.10314550995826721,0.6076208353042603,0.7707400321960449,-0.15438194572925568,-1.3251237869262695,-0.5339187979698181
1789729848413822500,19.101822509765626,0.1630142778158188,0.10297387093305588,0.607354462146759,0.7706772089004517,-0.16160790622234344,-1.3240853548049927,-0.5429588556289673
1789729848423759400,19.11175927734375,0.16449768841266632,0.10286536067724228,0.607367753982544,0.7703658938407898,-0.1698227822780609,-1.3237255811691284,-0.5531778931617737
1789729848433696300,19.1216962890625,0.16600921750068665,0.10285665839910507,0.6075606942176819,0.769890546798706,-0.17825409770011902,-1.3238391876220703,-0.5637882947921753
1789729848443633200,19.131633056640624,0.16745492815971375,0.10296203941106796,0.6077926158905029,0.7693801522254944,-0.18585802614688873,-1.3241231441497803,-0.5736377835273743
1789729848453570000,19.141570068359375,0.1688353270292282,0.10322186350822449,0.6079311966896057,0.7689340114593506,-0.19190187752246857,-1.3242985010147095,-0.5820595026016235
1789729848463507000,19.1515068359375,0.17010824382305145,0.10361224412918091,0.6079042553901672,0.7686222195625305,-0.19600944221019745,-1.324196457862854,-0.5885860323905945
1789729848473443800,19.16144384765625,0.17104479670524597,0.10397527366876602,0.6077282428741455,0.7685045003890991,-0.19797462224960327,-1.323805809020996,-0.5924492478370667
1789729848483380700,19.171380615234376,0.17181867361068726,0.10446781665086746,0.607411801815033,0.7685152888298035,-0.1978124976158142,-1.3232214450836182,-0.5941423773765564
1789729848493317600,19.181317626953124,0.17257948219776154,0.10515342652797699,0.6070324778556824,0.7685509920120239,-0.1962355226278305,-1.322634220123291,-0.5946827530860901
1789729848503254300,19.191254150390623,0.1734841763973236,0.10606851428747177,0.6066513061523438,0.7685225605964661,-0.1940770149230957,-1.3221759796142578,-0.5951821208000183
1789729848513191200,19.201191162109374,0.17451554536819458,0.10710518062114716,0.606377124786377,0.7683616280555725,-0.19229499995708466,-1.322029709815979,-0.5964120030403137
1789729848523128000,19.211128173828126,0.17583522200584412,0.10834376513957977,0.6062317490577698,0.7680017352104187,-0.19133414328098297,-1.322267770767212,-0.59916752576828
1789729848533065000,19.22106494140625,0.17710910737514496,0.1094932034611702,0.6062073111534119,0.7675651907920837,-0.1911400407552719,-1.3227412700653076,-0.6024885773658752
1789729848543001900,19.231001953125,0.17820586264133453,0.11040296405553818,0.6062753200531006,0.7671271562576294,-0.1917950063943863,-1.3233026266098022,-0.606050431728363
1789729848552938800,19.240938720703124,0.17906396090984344,0.11101584136486053,0.6064280867576599,0.7667180299758911,-0.19328275322914124,-1.3239037990570068,-0.6096646189689636
1789729848562875600,19.250875732421875,0.17968067526817322,0.11132622510194778,0.6067031025886536,0.7663111090660095,-0.1957758069038391,-1.3246268033981323,-0.6134893894195557
1789729848572812500,19.2608125,0.1800682544708252,0.11140888929367065,0.6071953177452087,0.7658181190490723,-0.19931358098983765,-1.325744390487671,-0.617682695388794
1789729848582749400,19.27074951171875,0.18052777647972107,0.11158806830644608,0.6080254316329956,0.7650247812271118,-0.20413534343242645,-1.3277052640914917,-0.6233837008476257
1789729848592686300,19.280686279296877,0.18103832006454468,0.11190343648195267,0.6093790531158447,0.7637799978256226,-0.2108079195022583,-1.330976128578186,-0.631174623966217
1789729848602623200,19.290623291015624,0.1815226674079895,0.1124047040939331,0.6113519072532654,0.7620128393173218,-0.21927982568740845,-1.335837960243225,-0.6409582495689392
1789729848612560100,19.30056005859375,0.18210318684577942,0.1132797822356224,0.6138455867767334,0.7597365975379944,-0.22896958887577057,-1.3421720266342163,-0.6526092886924744
1789729848622497000,19.3104970703125,0.18261785805225372,0.11443784832954407,0.6166408061981201,0.7571715712547302,-0.23875699937343597,-1.3494491577148438,-0.6646547317504883
1789729848632434000,19.320433837890626,0.18297742307186127,0.11583022773265839,0.6194635033607483,0.7545644640922546,-0.24712233245372772,-1.3570301532745361,-0.6753907799720764
1789729848642370800,19.330370849609373,0.18319885432720184,0.1174870952963829,0.6220616102218628,0.7521132230758667,-0.25244140625,-1.3643646240234375,-0.6832752227783203
1789729848652308000,19.340307861328125,0.1833375096321106,0.11940474808216095,0.6242336630821228,0.74997478723526,-0.2535434663295746,-1.3709732294082642,-0.6872219443321228
1789729848662244900,19.350244873046876,0.18336038291454315,0.12153181433677673,0.6258732676506042,0.7482590675354004,-0.24945154786109924,-1.3765783309936523,-0.6861367225646973
1789729848672181800,19.360181640625,0.1831655353307724,0.12384049594402313,0.6269656419754028,0.747012734413147,-0.23914986848831177,-1.381140947341919,-0.678814172744751
1789729848682119000,19.370118896484374,0.18302518129348755,0.1265754997730255,0.6275721192359924,0.7460788488388062,-0.22286121547222137,-1.3848925828933716,-0.6662233471870422
1789729848692055800,19.380055908203126,0.18306908011436462,0.1297302544116974,0.6278210878372192,0.7453163862228394,-0.2021699845790863,-1.3880585432052612,-0.6501240134239197
1789729848701992700,19.38999267578125,0.18327279388904572,0.13318246603012085,0.6278613209724426,0.7446231842041016,-0.17863933742046356,-1.3908741474151611,-0.6318608522415161
1789729848711929900,19.399929931640624,0.18363502621650696,0.13683462142944336,0.6277795433998108,0.7439403533935547,-0.1534883677959442,-1.3934555053710938,-0.6125074625015259
1789729848721866800,19.40986669921875,0.1841224730014801,0.14040318131446838,0.6275636553764343,0.7433368563652039,-0.12862779200077057,-1.3955585956573486,-0.5935186743736267
1789729848731803600,19.4198037109375,0.18483871221542358,0.14371824264526367,0.6272175312042236,0.7428175210952759,-0.10638424009084702,-1.397059679031372,-0.5771270394325256
1789729848741740800,19.42974072265625,0.1856326013803482,0.14661480486392975,0.6268845200538635,0.7423344254493713,-0.08785782754421234,-1.3982391357421875,-0.5639650225639343
1789729848751677700,19.439677734375,0.18650975823402405,0.14911071956157684,0.6266540884971619,0.7418118119239807,-0.07351204007863998,-1.3993556499481201,-0.5545239448547363
1789729848761614600,19.449614501953125,0.18739953637123108,0.15113238990306854,0.6265594363212585,0.7412582039833069,-0.06362506002187729,-1.4004663228988647,-0.548869788646698
1789729848771551700,19.4595517578125,0.18800906836986542,0.15250328183174133,0.6266583204269409,0.7407392859458923,-0.05767218396067619,-1.401626467704773,-0.5457884669303894
1789729848781488600,19.469488525390624,0.1882828325033188,0.1533382087945938,0.6269392967224121,0.7402594685554504,-0.05426295846700668,-1.4028931856155396,-0.5439741611480713
1789729848791425500,19.479425537109375,0.18814639747142792,0.15371905267238617,0.6273272633552551,0.7398864030838013,-0.051802858710289,-1.4041415452957153,-0.5418456196784973
1789729848801362700,19.48936279296875,0.187790185213089,0.15382960438728333,0.6276613473892212,0.7396705746650696,-0.04955301806330681,-1.4050812721252441,-0.5392170548439026
1789729848811299600,19.499299560546874,0.18756642937660217,0.1539837121963501,0.6278062462806702,0.739572286605835,-0.04711504653096199,-1.4055664539337158,-0.536666989326477
1789729848821236500,19.509236572265625,0.1875036060810089,0.1542373150587082,0.6277381777763367,0.7395931482315063,-0.044159483164548874,-1.405574083328247,-0.533990204334259
1789729848831173600,19.519173583984376,0.1877831667661667,0.15475153923034668,0.6274108290672302,0.7396925687789917,-0.04061257466673851,-1.4050877094268799,-0.5316147804260254
1789729848841110500,19.529110595703123,0.1885284185409546,0.15559542179107666,0.6268427968025208,0.7398075461387634,-0.036998357623815536,-1.404196858406067,-0.5303441882133484
1789729848851047000,19.539046875,0.18964123725891113,0.15670520067214966,0.626136839389801,0.7398867011070251,-0.0335293710231781,-1.403125524520874,-0.5301513075828552
1789729848860983300,19.5489833984375,0.1907072812318802,0.157760888338089,0.6254040002822876,0.7400081753730774,-0.030054152011871338,-1.4019570350646973,-0.5298082828521729
1789729848870920000,19.558919921875,0.19153520464897156,0.15865734219551086,0.6246722340583801,0.7402207255363464,-0.026057256385684013,-1.4006950855255127,-0.5283651947975159
1789729848880856600,19.568856689453124,0.19205600023269653,0.1593189537525177,0.6239879727363586,0.7405207753181458,-0.021832283586263657,-1.3994052410125732,-0.5259013772010803
1789729848890793500,19.57879345703125,0.19229640066623688,0.15974287688732147,0.6233744025230408,0.7408837080001831,-0.017716383561491966,-1.398139476776123,-0.5227873921394348
1789729848900730600,19.588730712890627,0.1922646164894104,0.15990552306175232,0.6228817701339722,0.7412710785865784,-0.014166775159537792,-1.3970082998275757,-0.519455075263977
1789729848910667800,19.598667724609374,0.1921514868736267,0.15999887883663177,0.6225533485412598,0.7415561676025391,-0.011244772002100945,-1.3962451219558716,-0.5165212750434875
1789729848920605000,19.60860498046875,0.19212943315505981,0.1602107733488083,0.6224716901779175,0.7415846586227417,-0.009040393866598606,-1.396180272102356,-0.5145965814590454
1789729848930542000,19.6185419921875,0.19225168228149414,0.16062375903129578,0.622732937335968,0.7412441968917847,-0.007638697978109121,-1.3971117734909058,-0.5139585137367249
1789729848940479500,19.6284794921875,0.19248126447200775,0.16121353209018707,0.6233620047569275,0.7405274510383606,-0.00705198897048831,-1.3990892171859741,-0.5145289301872253
1789729848950416600,19.638416748046875,0.19282877445220947,0.16190460324287415,0.6242845058441162,0.7395084500312805,-0.007735066115856171,-1.4018772840499878,-0.5166732668876648
1789729848960353500,19.648353515625,0.19295956194400787,0.16236555576324463,0.6254596710205078,0.7383794784545898,-0.00971645675599575,-1.4051570892333984,-0.5194510817527771
1789729848970290400,19.65829052734375,0.19296051561832428,0.16270318627357483,0.6266781687736511,0.7372708916664124,-0.011977116577327251,-1.4084683656692505,-0.5221371054649353
1789729848980227300,19.668227294921873,0.1927809715270996,0.16290965676307678,0.6277585625648499,0.7363526225090027,-0.013364790007472038,-1.4113482236862183,-0.5235040783882141
1789729848990164200,19.678164306640625,0.19250060617923737,0.16305798292160034,0.6285686492919922,0.7357017397880554,-0.013251065276563168,-1.4135078191757202,-0.5231518149375916
1789729849000101400,19.688101318359376,0.19208140671253204,0.16316509246826172,0.6290810704231262,0.7353494763374329,-0.01096647884696722,-1.4148879051208496,-0.5203813910484314
1789729849010038300,19.698038330078123,0.19162961840629578,0.16337113082408905,0.6293072700500488,0.7352280616760254,-0.006196315865963697,-1.4156064987182617,-0.5152366757392883
1789729849019975200,19.70797509765625,0.19128574430942535,0.16380420327186584,0.629360020160675,0.7351760864257812,0.0004844017676077783,-1.4160308837890625,-0.5086779594421387
1789729849029912000,19.717912109375,0.1909443587064743,0.16435499489307404,0.6294440627098083,0.7350699305534363,0.008121197111904621,-1.4166053533554077,-0.5013363361358643
1789729849039849000,19.727848876953125,0.1906891167163849,0.1650387942790985,0.6296495199203491,0.734807014465332,0.015782317146658897,-1.4175713062286377,-0.49428412318229675
1789729849049785900,19.737785888671876,0.1905859261751175,0.16584645211696625,0.6300045251846313,0.7343475222587585,0.02273659035563469,-1.4189962148666382,-0.48833420872688293
1789729849059722800,19.74772265625,0.1904236078262329,0.16654928028583527,0.6304870247840881,0.7338162660598755,0.02884850651025772,-1.4206759929656982,-0.48298144340515137
1789729849069659000,19.757658935546875,0.19024479389190674,0.16706888377666473,0.6309679746627808,0.7333309650421143,0.03349430114030838,-1.4222326278686523,-0.4788047671318054
1789729849079595300,19.76759521484375,0.1900225281715393,0.16732257604599,0.6313816905021667,0.7329745888710022,0.03633132949471474,-1.4234460592269897,-0.4759902358055115
1789729849089531600,19.77753173828125,0.18980371952056885,0.16743367910385132,0.6316834688186646,0.732745885848999,0.03823733329772949,-1.4242823123931885,-0.4739103615283966
1789729849099468300,19.78746826171875,0.18941092491149902,0.16733552515506744,0.6318880319595337,0.7326935529708862,0.04012293741106987,-1.4247280359268188,-0.47129642963409424
1789729849109405000,19.797405029296876,0.18892690539360046,0.1671348512172699,0.6319983601570129,0.7327691316604614,0.04223253205418587,-1.424861192703247,-0.4681808054447174
1789729849119342000,19.807342041015627,0.18847718834877014,0.16689983010292053,0.6320773959159851,0.73287034034729,0.04381183162331581,-1.4248943328857422,-0.4655974209308624
1789729849129279200,19.817279296875,0.18844567239284515,0.16687574982643127,0.6321931481361389,0.7327840924263,0.04342811927199364,-1.425176739692688,-0.46589455008506775
1789729849139216600,19.827216552734374,0.18859915435314178,0.16683679819107056,0.6324725151062012,0.732512354850769,0.04053885489702225,-1.4258832931518555,-0.46893826127052307
1789729849149154300,19.837154296875,0.18889348208904266,0.1667291820049286,0.632915198802948,0.7320785522460938,0.0349663645029068,-1.4269741773605347,-0.47476375102996826
1789729849159091700,19.847091796875,0.18925900757312775,0.16648922860622406,0.6334731578826904,0.7315559387207031,0.02683672495186329,-1.4282766580581665,-0.48305290937423706
1789729849169029000,19.857029052734376,0.18963293731212616,0.16611763834953308,0.6340644359588623,0.7310311794281006,0.017018582671880722,-1.4295729398727417,-0.4928504526615143
1789729849178966000,19.866966064453123,0.19000132381916046,0.1655593365430832,0.6345835328102112,0.7306116223335266,0.005549248307943344,-1.4305472373962402,-0.5040236711502075
1789729849188903000,19.87690283203125,0.19023598730564117,0.1646542102098465,0.6350297927856445,0.7303673624992371,-0.007862596772611141,-1.4310864210128784,-0.5164437294006348
1789729849198839800,19.88683984375,0.19047094881534576,0.16358743607997894,0.6354682445526123,0.7301644682884216,-0.02293643169105053,-1.4314712285995483,-0.530292272567749
1789729849208776700,19.896776611328125,0.1907159388065338,0.16254322230815887,0.6360476016998291,0.7298291325569153,-0.03874494507908821,-1.4322028160095215,-0.5449169874191284
1789729849218713300,19.90671337890625,0.1909114122390747,0.161640003323555,0.6368686556816101,0.7292624115943909,-0.054252780973911285,-1.4336239099502563,-0.5593632459640503
1789729849228650200,19.916650146484375,0.19090092182159424,0.16083639860153198,0.6379473209381104,0.7284995913505554,-0.068620964884758,-1.4357593059539795,-0.5725021958351135
1789729849238587100,19.926587158203127,0.19062703847885132,0.1600494235754013,0.6392248272895813,0.7276242971420288,-0.08187839388847351,-1.4384160041809082,-0.5841615200042725
1789729849248524000,19.93652392578125,0.19018122553825378,0.1592632383108139,0.6405546069145203,0.7267435193061829,-0.0942082405090332,-1.441211223602295,-0.5946422219276428
1789729849258461000,19.9464609375,0.1894780695438385,0.1583758145570755,0.6417742967605591,0.7260446548461914,-0.1045340895652771,-1.4436759948730469,-0.6026011109352112
1789729849268397800,19.956397705078125,0.18844746053218842,0.15732711553573608,0.6427894830703735,0.725642740726471,-0.11180475354194641,-1.4455491304397583,-0.6068022847175598
1789729849278334700,19.966334716796876,0.18733376264572144,0.15631049871444702,0.6435719728469849,0.7254572510719299,-0.11622083932161331,-1.446881651878357,-0.6080849170684814
1789729849288271600,19.976271728515623,0.18628570437431335,0.1554240584373474,0.6441212296485901,0.7254300713539124,-0.11825051158666611,-1.4477260112762451,-0.6072754859924316
1789729849298208500,19.98620849609375,0.18526704609394073,0.1546284407377243,0.6444412469863892,0.7255767583847046,-0.11788241565227509,-1.4480674266815186,-0.604253351688385
1789729849308145400,19.9961455078125,0.18436318635940552,0.15401367843151093,0.6445267796516418,0.7258617281913757,-0.11506291478872299,-1.44794762134552,-0.5992193222045898
1789729849318082300,20.006082275390625,0.18351863324642181,0.1535332351922989,0.644498884677887,0.7262021899223328,-0.11062795668840408,-1.4476367235183716,-0.5928553342819214
1789729849328019200,20.016019287109376,0.18295474350452423,0.15340983867645264,0.6444846987724304,0.7263831496238708,-0.10560722649097443,-1.447590708732605,-0.5868327617645264
1789729849337955800,20.025955810546876,0.18246884644031525,0.15347398817539215,0.6446815133094788,0.7263171076774597,-0.10097640752792358,-1.4482033252716064,-0.5815770030021667
1789729849347892700,20.035892822265627,0.18202154338359833,0.15369142591953278,0.6451383829116821,0.7259776592254639,-0.09695310145616531,-1.4495806694030762,-0.5771979689598083
1789729849357829600,20.04582958984375,0.18165476620197296,0.15408387780189514,0.6457946300506592,0.7254026532173157,-0.09327789396047592,-1.4515820741653442,-0.5735306143760681
1789729849367766500,20.0557666015625,0.18122276663780212,0.1545274257659912,0.6465924382209778,0.7247053384780884,-0.08919180184602737,-1.453988790512085,-0.5694270133972168
1789729849377703400,20.065703369140625,0.1808888018131256,0.15508629381656647,0.6474291682243347,0.7239219546318054,-0.08507074415683746,-1.4565688371658325,-0.5655972957611084
1789729849387640300,20.075640380859376,0.18049795925617218,0.15559686720371246,0.6482160091400146,0.7232054471969604,-0.08027160167694092,-1.4589931964874268,-0.5609390139579773
1789729849397577200,20.0855771484375,0.1801437884569168,0.156192347407341,0.6488082408905029,0.7226341366767883,-0.07322145253419876,-1.4609788656234741,-0.5542140007019043
1789729849407514400,20.095514404296875,0.17973943054676056,0.1567610502243042,0.6491883993148804,0.722270131111145,-0.06402691453695297,-1.4624015092849731,-0.5452398061752319
1789729849417451300,20.105451171875,0.1793268620967865,0.15725459158420563,0.6493715047836304,0.7221007943153381,-0.053991369903087616,-1.4632577896118164,-0.535311222076416
1789729849427388200,20.11538818359375,0.17885395884513855,0.15761446952819824,0.6494206190109253,0.7220954298973083,-0.043760545551776886,-1.4636677503585815,-0.524910032749176
1789729849437325300,20.1253251953125,0.17843204736709595,0.15797607600688934,0.6493897438049316,0.7221485376358032,-0.03354319557547569,-1.4638592004776,-0.51460200548172
1789729849447262200,20.13526220703125,0.17796894907951355,0.15827806293964386,0.6494165062904358,0.7221726775169373,-0.02390018291771412,-1.464152216911316,-0.5047208666801453
1789729849457199000,20.14519921875,0.17757126688957214,0.15860840678215027,0.6495396494865417,0.7220873236656189,-0.015307352878153324,-1.4647023677825928,-0.49602237343788147
1789729849467136300,20.15513623046875,0.1770627647638321,0.15878497064113617,0.649785041809082,0.7219526171684265,-0.007942413911223412,-1.4654655456542969,-0.4881633520126343
1789729849477073200,20.1650732421875,0.1768590807914734,0.15917876362800598,0.6500298380851746,0.7216953635215759,-0.0016328177880495787,-1.4663593769073486,-0.48211950063705444
1789729849487010000,20.175010009765625,0.17686304450035095,0.15961869060993195,0.6502652764320374,0.7213850617408752,0.002682821825146675,-1.4672569036483765,-0.4784395098686218
1789729849496947200,20.184947265625,0.17719097435474396,0.16014893352985382,0.650400698184967,0.7210649251937866,0.00453218724578619,-1.4679512977600098,-0.4778328537940979
1789729849506884000,20.194884033203124,0.1776638925075531,0.16060702502727509,0.6503833532333374,0.7208622694015503,0.004411666188389063,-1.468201756477356,-0.47930821776390076
1789729849516821000,20.204821044921875,0.1782347708940506,0.1610250324010849,0.6500865817070007,0.7208958268165588,0.004163370467722416,-1.4676966667175293,-0.48100554943084717
1789729849526758100,20.214758056640626,0.17858688533306122,0.16120122373104095,0.6494776010513306,0.7213180661201477,0.005540376994758844,-1.4662182331085205,-0.48041781783103943
1789729849536695000,20.224695068359374,0.17868472635746002,0.16114957630634308,0.6486183404922485,0.7220781445503235,0.008708532899618149,-1.4639390707015991,-0.47734731435775757
1789729849546632000,20.2346318359375,0.1785154640674591,0.1608353704214096,0.6477913856506348,0.7229318618774414,0.011600464582443237,-1.461574912071228,-0.4737812280654907
1789729849556569000,20.244569091796876,0.17840586602687836,0.16047289967536926,0.6468439102172852,0.7238872647285461,0.013672569766640663,-1.4588698148727417,-0.47105783224105835
1789729849566506000,20.254506103515624,0.17832188308238983,0.15999390184879303,0.6460409760475159,0.7247304916381836,0.01313576940447092,-1.456471562385559,-0.47080639004707336
1789729849576443000,20.26444287109375,0.17855221033096313,0.1594596952199936,0.645474910736084,0.7252957224845886,0.006981228478252888,-1.4546632766723633,-0.4765436053276062
1789729849586380000,20.274380126953126,0.17891691625118256,0.15857259929180145,0.6456184387207031,0.725272536277771,-0.00867961160838604,-1.454466462135315,-0.4914448857307434
1789729849596317000,20.28431689453125,0.17965437471866608,0.15759658813476562,0.6460296511650085,0.7249367237091064,-0.031377535313367844,-1.4548615217208862,-0.5137888789176941
1789729849606253800,20.29425390625,0.18037745356559753,0.15638373792171478,0.6467288732528687,0.7243961691856384,-0.05878651887178421,-1.4557725191116333,-0.5404706597328186
1789729849616191000,20.30419091796875,0.1810133457183838,0.15505991876125336,0.6476346850395203,0.7237125635147095,-0.08843114972114563,-1.4570561647415161,-0.5690938234329224
1789729849626128100,20.314128173828124,0.18133258819580078,0.15357467532157898,0.6486983299255371,0.7229964137077332,-0.11807377636432648,-1.4585708379745483,-0.5970155000686646
1789729849636065000,20.32406494140625,0.18145312368869781,0.1521201729774475,0.6498002409934998,0.7222837805747986,-0.1460503786802292,-1.4601569175720215,-0.6230255365371704
1789729849646002000,20.334001953125,0.18141081929206848,0.150766521692276,0.6508185267448425,0.7216611504554749,-0.1708030253648758,-1.461584210395813,-0.645724892616272
1789729849655939000,20.34393896484375,0.181260347366333,0.1495913565158844,0.6516308784484863,0.7212103009223938,-0.19063909351825714,-1.4626303911209106,-0.6636155843734741
1789729849665876000,20.3538759765625,0.1808435171842575,0.1484537124633789,0.6522119641304016,0.7210246920585632,-0.20457732677459717,-1.4631861448287964,-0.6752819418907166
1789729849675813400,20.3638134765625,0.18034175038337708,0.14747479557991028,0.6525325775146484,0.7210611701011658,-0.21292836964130402,-1.4632599353790283,-0.6814759969711304
1789729849685749200,20.373749267578123,0.1797575205564499,0.14657050371170044,0.6526392102241516,0.7212949395179749,-0.2170732617378235,-1.4629018306732178,-0.6834588050842285
1789729849695685600,20.383685546875,0.17914964258670807,0.14574411511421204,0.6526253819465637,0.7216261029243469,-0.21872113645076752,-1.4623271226882935,-0.6830266118049622
1789729849705622300,20.393622314453125,0.17849649488925934,0.1449355036020279,0.6525839567184448,0.7219881415367126,-0.2193153351545334,-1.4617165327072144,-0.6815011501312256
1789729849715559000,20.403558837890625,0.17788413166999817,0.14418040215969086,0.652547299861908,0.7223235368728638,-0.21987450122833252,-1.461154580116272,-0.6800782084465027
1789729849725496000,20.41349609375,0.1773209273815155,0.1434914916753769,0.6525462865829468,0.7226000428199768,-0.22068573534488678,-1.4607224464416504,-0.6790737509727478
1789729849735433700,20.423433837890624,0.17690648138523102,0.14300446212291718,0.6525553464889526,0.7227899432182312,-0.22116921842098236,-1.4604471921920776,-0.6782495379447937
1789729849745371400,20.433371337890627,0.17663529515266418,0.14271624386310577,0.6525620222091675,0.7229071855545044,-0.22115597128868103,-1.4602956771850586,-0.6774246692657471
1789729849755308300,20.443308349609374,0.17640094459056854,0.14254887402057648,0.6525505185127258,0.72300785779953,-0.2200523167848587,-1.460194706916809,-0.6757383346557617
1789729849765245200,20.4532451171875,0.17625418305397034,0.14264032244682312,0.6524484753608704,0.7231177091598511,-0.21617548167705536,-1.460068941116333,-0.6717828512191772
1789729849775182600,20.4631826171875,0.175990492105484,0.14287297427654266,0.6522268056869507,0.7233359217643738,-0.20807339251041412,-1.4598044157028198,-0.6636391282081604
1789729849785118700,20.47311865234375,0.17554666101932526,0.1432150900363922,0.6518717408180237,0.7236961126327515,-0.19526486098766327,-1.4593473672866821,-0.6506887674331665
1789729849795054800,20.483054931640623,0.17502351105213165,0.14371627569198608,0.6513497829437256,0.724193274974823,-0.1782182902097702,-1.4586101770401,-0.6336197257041931
1789729849804991200,20.4929912109375,0.1744588166475296,0.14428460597991943,0.6506658792495728,0.7248309850692749,-0.15868866443634033,-1.4575018882751465,-0.6141097545623779
1789729849814928000,20.502927978515626,0.17408771812915802,0.14498229324817657,0.6498607993125916,0.7255029678344727,-0.13935811817646027,-1.4561136960983276,-0.5952724814414978
1789729849824865500,20.512865478515625,0.17392516136169434,0.14570577442646027,0.6490964889526367,0.7260809540748596,-0.12297624349594116,-1.4547744989395142,-0.5797240734100342
1789729849834803000,20.522802978515625,0.17407067120075226,0.14644941687583923,0.6485109925270081,0.7264196276664734,-0.11168111860752106,-1.4538309574127197,-0.5697351694107056
1789729849844740400,20.532740234375,0.17437905073165894,0.14707155525684357,0.6482505202293396,0.7264524698257446,-0.10624940693378448,-1.453586459159851,-0.5656606554985046
1789729849854677800,20.542677734375,0.17471632361412048,0.1474907547235489,0.6483227014541626,0.7262219786643982,-0.10597394406795502,-1.4540297985076904,-0.5664795637130737
1789729849864614700,20.55261474609375,0.17489226162433624,0.1475958526134491,0.6485851407051086,0.7259238958358765,-0.10884451866149902,-1.4547456502914429,-0.5697492957115173
1789729849874551600,20.562551513671874,0.17492756247520447,0.14745815098285675,0.6487928032875061,0.7257577180862427,-0.1124408021569252,-1.4551618099212646,-0.5731907486915588
1789729849884488400,20.572488525390625,0.1746845245361328,0.14700378477573395,0.6487712860107422,0.7259277105331421,-0.11458848416805267,-1.4548064470291138,-0.5743287205696106
1789729849894425300,20.58242529296875,0.17403671145439148,0.14621716737747192,0.648417055606842,0.7265583872795105,-0.1131877452135086,-1.4534261226654053,-0.5708600282669067
1789729849904362200,20.5923623046875,0.1730397641658783,0.14522290229797363,0.6476669311523438,0.7276641130447388,-0.10723962634801865,-1.4509468078613281,-0.5620500445365906
1789729849914299100,20.602299072265627,0.17178954184055328,0.14411906898021698,0.6465500593185425,0.7291715145111084,-0.09744775295257568,-1.447495698928833,-0.5488839745521545
1789729849924236000,20.612236083984374,0.17041544616222382,0.14292101562023163,0.6451560258865356,0.7309622764587402,-0.08620905876159668,-1.443284034729004,-0.5339669585227966
1789729849934172700,20.622172607421874,0.1691831350326538,0.14180320501327515,0.6435667872428894,0.7328647375106812,-0.07530708611011505,-1.4386112689971924,-0.5197188258171082
1789729849944109600,20.632109619140625,0.16810815036296844,0.1406763643026352,0.6419765949249268,0.7347216606140137,-0.06693540513515472,-1.4339114427566528,-0.5082195401191711
1789729849954046500,20.64204638671875,0.167388454079628,0.13963617384433746,0.6404808163642883,0.7363879084587097,-0.06227464973926544,-1.429481029510498,-0.5010708570480347
1789729849963983400,20.6519833984375,0.16684453189373016,0.13852569460868835,0.6391845345497131,0.7378459572792053,-0.061287689954042435,-1.4255064725875854,-0.49774453043937683
1789729849973920300,20.661920166015626,0.16656801104545593,0.1374835968017578,0.6381111145019531,0.7390315532684326,-0.06329014897346497,-1.422128438949585,-0.49788698554039
1789729849983857200,20.671857177734374,0.16625382006168365,0.13633187115192413,0.637405276298523,0.7399241924285889,-0.06772452592849731,-1.4196195602416992,-0.500234067440033
1789729849993794000,20.6817939453125,0.16606372594833374,0.13528946042060852,0.6371497511863708,0.7403781414031982,-0.07435867190361023,-1.4183123111724854,-0.5051003694534302
1789729850003731000,20.69173095703125,0.1660367250442505,0.1344681978225708,0.6374447345733643,0.7402799129486084,-0.08309639245271683,-1.4185200929641724,-0.512603223323822
1789729850013667800,20.701667724609376,0.16613781452178955,0.13386216759681702,0.6382415890693665,0.7396802306175232,-0.09367648512125015,-1.4201114177703857,-0.5224239826202393
1789729850023604700,20.711604736328123,0.16622209548950195,0.13331863284111023,0.6392618417739868,0.7388779520988464,-0.10499777644872665,-1.422295093536377,-0.5330430269241333
1789729850033541600,20.721541748046874,0.1661299169063568,0.13266338407993317,0.640215277671814,0.7381908297538757,-0.11568977683782578,-1.4242467880249023,-0.5426192879676819
1789729850043478500,20.731478515625,0.16593116521835327,0.13196660578250885,0.6409053802490234,0.7377614378929138,-0.1244669109582901,-1.4255155324935913,-0.5500770807266235
1789729850053415400,20.74141552734375,0.16576507687568665,0.13135375082492828,0.6412522792816162,0.7376067042350769,-0.1307784914970398,-1.42597496509552,-0.5552515387535095
1789729850063352600,20.7513525390625,0.1654808223247528,0.13072022795677185,0.6413076519966125,0.7377349138259888,-0.13441202044487,-1.4257104396820068,-0.5575579404830933
1789729850073289500,20.76128955078125,0.16507716476917267,0.13018424808979034,0.6411597728729248,0.7380486130714417,-0.1347767561674118,-1.425031304359436,-0.5565706491470337
1789729850083226400,20.771226318359375,0.16456153988838196,0.12979786098003387,0.6409507989883423,0.7384132146835327,-0.13237199187278748,-1.4243272542953491,-0.5528689622879028
1789729850093163500,20.78116357421875,0.1641598343849182,0.12965428829193115,0.6407745480537415,0.7386807799339294,-0.128985196352005,-1.423856258392334,-0.5486990213394165
1789729850103100400,20.791100341796874,0.1639789342880249,0.1297437995672226,0.640648603439331,0.7388144731521606,-0.12576644122600555,-1.423635721206665,-0.5453513264656067
1789729850113037300,20.801037353515625,0.1640191376209259,0.13002316653728485,0.640545129776001,0.7388461828231812,-0.12293513864278793,-1.423566222190857,-0.5429844260215759
1789729850122974500,20.810974365234376,0.164145827293396,0.13035982847213745,0.6403886079788208,0.7388943433761597,-0.12004988640546799,-1.4233880043029785,-0.5407736301422119
1789729850132911400,20.820911376953124,0.16428209841251373,0.13066324591636658,0.6400794386863708,0.7390784025192261,-0.11668378114700317,-1.422803521156311,-0.5380545258522034
1789729850142848300,20.83084814453125,0.1643083691596985,0.13081876933574677,0.6396163105964661,0.7394458651542664,-0.11284475773572922,-1.421745777130127,-0.5344959497451782
1789729850152785400,20.840785400390626,0.16428242623806,0.13090641796588898,0.6390746831893921,0.7399042844772339,-0.10878099501132965,-1.420451283454895,-0.5305424332618713
1789729850162722300,20.850722412109373,0.16430848836898804,0.1309877336025238,0.6385655403137207,0.7403236031532288,-0.10547847300767899,-1.4192254543304443,-0.5274155735969543
1789729850172659200,20.8606591796875,0.16450881958007812,0.13116422295570374,0.6381180882453918,0.7406335473060608,-0.10322041064500809,-1.418192744255066,-0.5257208943367004
1789729850182596000,20.87059619140625,0.16475056111812592,0.13140858709812164,0.6377291083335876,0.7408715486526489,-0.10104880481958389,-1.4173485040664673,-0.5242684483528137
1789729850192533200,20.880533203125,0.16504491865634918,0.13180774450302124,0.6373800039291382,0.7410354614257812,-0.09817468374967575,-1.4167009592056274,-0.5224109292030334
1789729850202470100,20.89047021484375,0.1653270125389099,0.13230958580970764,0.6370833516120911,0.7411382794380188,-0.09456807374954224,-1.416256070137024,-0.5199495553970337
1789729850212407000,20.900406982421874,0.16570599377155304,0.13297876715660095,0.6368004083633423,0.7411770224571228,-0.09038663655519485,-1.4159446954727173,-0.5172943472862244
1789729850222344200,20.91034423828125,0.16607266664505005,0.1336669772863388,0.6364793181419373,0.7412469983100891,-0.08575329929590225,-1.4155510663986206,-0.514198899269104
1789729850232281000,20.920281005859376,0.16647471487522125,0.1343480944633484,0.6360347270965576,0.74141526222229,-0.08089710026979446,-1.414836049079895,-0.5109274387359619
1789729850242218000,20.930218017578124,0.16686439514160156,0.1348920315504074,0.6354407072067261,0.7417381405830383,-0.07647103816270828,-1.4136543273925781,-0.5078771710395813
1789729850252155100,20.940155029296875,0.16730527579784393,0.13531579077243805,0.6346840262413025,0.7422093749046326,-0.0728219598531723,-1.4119786024093628,-0.505513072013855
1789729850262092000,20.950092041015626,0.16762901842594147,0.13550786674022675,0.6338188648223877,0.7428403496742249,-0.06978556513786316,-1.4098907709121704,-0.503262996673584
1789729850272029000,20.96002880859375,0.16778235137462616,0.13549229502677917,0.6329166293144226,0.7435774803161621,-0.06705120950937271,-1.4075907468795776,-0.5007696747779846
1789729850281966000,20.969966064453125,0.16780652105808258,0.13529345393180847,0.6320337057113647,0.7443588376045227,-0.06500089913606644,-1.4052348136901855,-0.498508483171463
1789729850291903000,20.979903076171876,0.16788525879383087,0.1350497454404831,0.6312285661697388,0.7450681924819946,-0.06416068971157074,-1.4030430316925049,-0.4974687993526459
1789729850301840000,20.98983984375,0.16803957521915436,0.13475139439105988,0.6306062340736389,0.7456141710281372,-0.06517720967531204,-1.4012713432312012,-0.49830877780914307
1789729850311777000,20.999777099609375,0.16830649971961975,0.134413480758667,0.6302081346511841,0.7459515333175659,-0.0683390274643898,-1.4000297784805298,-0.5013910531997681
1789729850321714000,21.0097138671875,0.1686396300792694,0.13400055468082428,0.6300143003463745,0.7461142539978027,-0.07347214967012405,-1.3992438316345215,-0.5064229369163513
1789729850331650800,21.01965087890625,0.1691341996192932,0.13365234434604645,0.629932165145874,0.7461341023445129,-0.07976823300123215,-1.3987592458724976,-0.5129407048225403
1789729850341588000,21.029587890625,0.1696176528930664,0.1332792341709137,0.6299124360084534,0.7461077570915222,-0.0864296555519104,-1.3984096050262451,-0.5197692513465881
1789729850351524900,21.03952490234375,0.1699465662240982,0.13282905519008636,0.6298688054084778,0.7461500763893127,-0.09239526838064194,-1.3979601860046387,-0.525567352771759
1789729850361461800,21.049461669921875,0.17007195949554443,0.13226403295993805,0.6296752691268921,0.7463851571083069,-0.09700515866279602,-1.3970807790756226,-0.5295549631118774
1789729850371399000,21.05939892578125,0.16995956003665924,0.13147906959056854,0.6292382478713989,0.7469177842140198,-0.10039602220058441,-1.395476222038269,-0.5316724181175232
1789729850381336000,21.069336181640626,0.16974206268787384,0.13052494823932648,0.6284783482551575,0.7477738857269287,-0.10279892385005951,-1.392970323562622,-0.5324209928512573
1789729850391272700,21.079272705078125,0.16922764480113983,0.12918195128440857,0.6274460554122925,0.7489896416664124,-0.10478011518716812,-1.3895705938339233,-0.531769871711731
1789729850401209900,21.0892099609375,0.16860447824001312,0.12763209640979767,0.6262204647064209,0.7504202723503113,-0.10669336467981339,-1.3855761289596558,-0.5306052565574646
1789729850411147000,21.09914697265625,0.1679316610097885,0.12600354850292206,0.62493896484375,0.7519131302833557,-0.10861053317785263,-1.3814079761505127,-0.5292629599571228
1789729850421084000,21.109083984375,0.16741573810577393,0.12452994287014008,0.6237570643424988,0.7532538771629333,-0.11088423430919647,-1.3775784969329834,-0.5287250876426697
1789729850431020800,21.119020751953126,0.16721652448177338,0.12340846657752991,0.6227399110794067,0.7543235421180725,-0.11339234560728073,-1.3743510246276855,-0.5293816924095154
1789729850440958000,21.1289580078125,0.16738620400428772,0.12273718416690826,0.6218515038490295,0.7551279067993164,-0.11560120433568954,-1.3716906309127808,-0.5309177041053772
1789729850450893800,21.138893798828125,0.16792547702789307,0.12259417027235031,0.6210589408874512,0.755683422088623,-0.11683054268360138,-1.3695650100708008,-0.5327674746513367
1789729850460830000,21.148829833984376,0.16883206367492676,0.12295134365558624,0.6203609704971313,0.7559967041015625,-0.11727789044380188,-1.367954134941101,-0.5350857377052307
1789729850470766600,21.1587666015625,0.17009344696998596,0.12371059507131577,0.6197643876075745,0.756079375743866,-0.11758895963430405,-1.3668102025985718,-0.5383582711219788
1789729850480703200,21.168703125,0.17156147956848145,0.12470407783985138,0.6193041801452637,0.755961537361145,-0.11813832819461823,-1.366131067276001,-0.5425015687942505
1789729850490640400,21.178640380859374,0.17311477661132812,0.1257425844669342,0.61898273229599,0.7556986808776855,-0.11948400735855103,-1.3658145666122437,-0.5476242899894714
1789729850500577500,21.18857763671875,0.17468225955963135,0.12673638761043549,0.618746280670166,0.7553654909133911,-0.12158147245645523,-1.3656755685806274,-0.5534518957138062
1789729850510515000,21.198514892578125,0.1760765016078949,0.12757517397403717,0.6185261011123657,0.7550808787345886,-0.12371814996004105,-1.3654991388320923,-0.5588434338569641
1789729850520452600,21.20845263671875,0.17723040282726288,0.1282670646905899,0.6182472705841064,0.7549220323562622,-0.12509195506572723,-1.3651176691055298,-0.5629140138626099
1789729850530390000,21.21839013671875,0.17807728052139282,0.12876079976558685,0.6179313063621521,0.7548973560333252,-0.12571795284748077,-1.3645581007003784,-0.5655055046081543
1789729850540327400,21.228327392578127,0.17849701642990112,0.12898355722427368,0.617621660232544,0.7550135850906372,-0.1255233883857727,-1.3638933897018433,-0.566262423992157
1789729850550264300,21.238264404296874,0.1785348504781723,0.12897759675979614,0.6174284815788269,0.7551636695861816,-0.12498100101947784,-1.3634135723114014,-0.5657777786254883
1789729850560201200,21.248201171875,0.1784171611070633,0.12893013656139374,0.6174750328063965,0.7551615238189697,-0.12476352602243423,-1.3635122776031494,-0.5653173327445984
1789729850570137600,21.2581376953125,0.1783646196126938,0.12906183302402496,0.617812991142273,0.7548749446868896,-0.1249764934182167,-1.364436149597168,-0.5656240582466125
1789729850580073700,21.26807373046875,0.17853960394859314,0.1293894499540329,0.6184291243553162,0.7542727589607239,-0.12649035453796387,-1.3661396503448486,-0.5678308606147766
1789729850590010400,21.27801025390625,0.17890232801437378,0.12988890707492828,0.6192730069160461,0.7534080743789673,-0.1290593445301056,-1.3684883117675781,-0.5716021656990051
1789729850599947300,21.287947265625,0.17958788573741913,0.13070720434188843,0.6202400922775269,0.7523071765899658,-0.13215066492557526,-1.3713128566741943,-0.5768205523490906
1789729850609884700,21.297884765625,0.18052425980567932,0.13173909485340118,0.6212497353553772,0.7510689496994019,-0.13573093712329865,-1.3743528127670288,-0.5832006335258484
1789729850619823000,21.307822998046873,0.1814405769109726,0.13274504244327545,0.6221962571144104,0.7498865723609924,-0.13922810554504395,-1.3772270679473877,-0.5894353985786438
1789729850629760000,21.317760009765625,0.18225522339344025,0.13368503749370575,0.6230034828186035,0.7488511204719543,-0.14197631180286407,-1.3797353506088257,-0.5946859121322632
1789729850639697000,21.32769677734375,0.1828535497188568,0.1344260275363922,0.62369704246521,0.7479948401451111,-0.14420883357524872,-1.3818615674972534,-0.5988244414329529
1789729850649633800,21.3376337890625,0.18343202769756317,0.13508230447769165,0.6243156790733337,0.7472184300422668,-0.14661487936973572,-1.3837471008300781,-0.6029895544052124
1789729850659570700,21.34757080078125,0.1840318739414215,0.13565126061439514,0.6249338388442993,0.7464507222175598,-0.14988110959529877,-1.3855609893798828,-0.6079208254814148
1789729850669507600,21.357507568359374,0.18470516800880432,0.13620619475841522,0.625601589679718,0.7456235885620117,-0.15412716567516327,-1.3874690532684326,-0.6139171123504639
1789729850679444500,21.367444580078125,0.18544556200504303,0.1367136389017105,0.6263445019721985,0.7447227239608765,-0.15973679721355438,-1.3895057439804077,-0.6213033199310303
1789729850689381400,21.37738134765625,0.18618452548980713,0.13709254562854767,0.6272264719009399,0.7437257170677185,-0.16723717749118805,-1.3917720317840576,-0.6303861141204834
1789729850699318300,21.387318359375,0.18690650165081024,0.13736949861049652,0.6282462477684021,0.7426319718360901,-0.1764092743396759,-1.3942835330963135,-0.6409626603126526
1789729850709255200,21.397255126953127,0.18758909404277802,0.13760749995708466,0.6293303966522217,0.7414969801902771,-0.18626923859119415,-1.3969138860702515,-0.6521111130714417
1789729850719192000,21.407192138671874,0.1881701797246933,0.13783299922943115,0.6303750872612,0.7404196858406067,-0.19552840292453766,-1.399451732635498,-0.6624948978424072
1789729850729128700,21.417128662109373,0.18859133124351501,0.13802661001682281,0.631297767162323,0.7394897937774658,-0.20328828692436218,-1.4017032384872437,-0.6711061000823975
1789729850739065600,21.427065673828125,0.18889637291431427,0.1382647156715393,0.631985068321228,0.7387800216674805,-0.20842763781547546,-1.403456211090088,-0.677002489566803
1789729850749002500,21.43700244140625,0.18914195895195007,0.13858772814273834,0.6324419975280762,0.7382654547691345,-0.21097785234451294,-1.4047480821609497,-0.680356502532959
1789729850758939400,21.446939453125,0.18947052955627441,0.1390669345855713,0.632754385471344,0.7378233075141907,-0.21202367544174194,-1.405806541442871,-0.6825602054595947
1789729850768876300,21.456876220703126,0.18998819589614868,0.1398136466741562,0.6329894065856934,0.7373473048210144,-0.21198388934135437,-1.4068565368652344,-0.6843448281288147
1789729850778813200,21.466813232421874,0.19057372212409973,0.14077205955982208,0.6332258582115173,0.7368106245994568,-0.2108599841594696,-1.4080746173858643,-0.6854503750801086
1789729850788750000,21.47675,0.1911562830209732,0.1418481320142746,0.6335324048995972,0.7361895442008972,-0.2092875987291336,-1.4095640182495117,-0.6862702369689941
1789729850798687000,21.48668701171875,0.19167155027389526,0.14296354353427887,0.6339216828346252,0.7355043888092041,-0.20744138956069946,-1.4113065004348755,-0.6867709755897522
1789729850808624000,21.4966240234375,0.1919931024312973,0.14399917423725128,0.6343409419059753,0.7348567247390747,-0.2048283964395523,-1.4131091833114624,-0.6861053109169006
1789729850818561000,21.50656103515625,0.1920485645532608,0.14486204087734222,0.6347709894180298,0.7343011498451233,-0.20141556859016418,-1.414864420890808,-0.6840003132820129
1789729850828498000,21.516497802734374,0.1919718086719513,0.14565332233905792,0.6351556181907654,0.7338319420814514,-0.19706913828849792,-1.4164851903915405,-0.6806666254997253
1789729850838435000,21.52643505859375,0.1917305737733841,0.14630408585071564,0.6354045867919922,0.733549952507019,-0.1914013922214508,-1.4177017211914062,-0.6755739450454712
1789729850848372000,21.5363720703125,0.19142137467861176,0.1468314677476883,0.6353898644447327,0.733538031578064,-0.18419310450553894,-1.418192744255066,-0.6686751246452332
1789729850858308900,21.546308837890624,0.19108453392982483,0.1471787393093109,0.6350415349006653,0.7338578701019287,-0.1758650243282318,-1.4177263975143433,-0.6603710651397705
1789729850868246000,21.55624609375,0.19093281030654907,0.14751270413398743,0.6343252062797546,0.734449565410614,-0.16678448021411896,-1.4163037538528442,-0.6515837907791138
1789729850878183000,21.566182861328127,0.19074411690235138,0.14771568775177002,0.6333370804786682,0.7353100776672363,-0.1568608283996582,-1.4141117334365845,-0.6417235732078552
1789729850888119800,21.576119873046874,0.19055594503879547,0.14794769883155823,0.6321887969970703,0.7362996935844421,-0.14597360789775848,-1.4115397930145264,-0.6309505105018616
1789729850898057000,21.586056884765625,0.1904059201478958,0.148284912109375,0.6310043334960938,0.7372860312461853,-0.13467422127723694,-1.4089411497116089,-0.6199766993522644
1789729850907993900,21.595993896484377,0.19017723202705383,0.14863215386867523,0.6298715472221375,0.7382431626319885,-0.12331490218639374,-1.406475305557251,-0.6088405847549438
1789729850917930800,21.6059306640625,0.18982212245464325,0.14897143840789795,0.62880539894104,0.7391744256019592,-0.11171776801347733,-1.4041699171066284,-0.5972675085067749
1789729850927868000,21.615867919921875,0.18937769532203674,0.14927564561367035,0.6277721524238586,0.7401047348976135,-0.1001959890127182,-1.4019137620925903,-0.5855876207351685
1789729850937804800,21.6258046875,0.18878617882728577,0.14936643838882446,0.6267808675765991,0.7410770058631897,-0.08976221829652786,-1.3996045589447021,-0.5744702816009521
1789729850947741700,21.63574169921875,0.18822692334651947,0.14929644763469696,0.6258441209793091,0.7420244812965393,-0.08140888065099716,-1.3972960710525513,-0.5652464032173157
1789729850957678800,21.645678955078125,0.18762096762657166,0.1489676982164383,0.6250656247138977,0.7428997159004211,-0.07571301609277725,-1.3951914310455322,-0.5582295060157776
1789729850967615700,21.65561572265625,0.18697503209114075,0.14840160310268402,0.6244902014732361,0.7436593770980835,-0.07265187054872513,-1.393424153327942,-0.553434431552887
1789729850977552600,21.665552734375,0.18631760776042938,0.1477404534816742,0.6241370439529419,0.7442522644996643,-0.07132035493850708,-1.3921443223953247,-0.5502035617828369
1789729850987489800,21.67548974609375,0.18560609221458435,0.1470600664615631,0.6240061521530151,0.7446744441986084,-0.0707603245973587,-1.3914098739624023,-0.5476254820823669
1789729850997426700,21.6854267578125,0.18490077555179596,0.14645759761333466,0.6240440607070923,0.7449368238449097,-0.07040219753980637,-1.3911504745483398,-0.5453622341156006
1789729851007363600,21.695363525390626,0.1842641532421112,0.14603444933891296,0.6242377758026123,0.7450153231620789,-0.06984873861074448,-1.3913978338241577,-0.543255090713501
1789729851017300700,21.70530078125,0.1836816519498825,0.14579132199287415,0.6245929002761841,0.7449091672897339,-0.06899844855070114,-1.3921681642532349,-0.5411826968193054
1789729851027237600,21.715237548828124,0.18322204053401947,0.14578795433044434,0.6250841021537781,0.7446109056472778,-0.06776896864175797,-1.3934311866760254,-0.5392498970031738
1789729851037174500,21.725174560546876,0.18277399241924286,0.14590691030025482,0.6257047057151794,0.7441763281822205,-0.0662076473236084,-1.3951010704040527,-0.5371725559234619
1789729851047111700,21.735111572265627,0.18236695230007172,0.14613746106624603,0.6263685822486877,0.7436723113059998,-0.06422370672225952,-1.3969528675079346,-0.5348920226097107
1789729851057048600,21.745048583984374,0.18167591094970703,0.14617633819580078,0.6270275712013245,0.7432783842086792,-0.061536334455013275,-1.3986860513687134,-0.5312167406082153
1789729851066985700,21.75498583984375,0.1806245595216751,0.14599142968654633,0.6276052594184875,0.7430833578109741,-0.05745125934481621,-1.400091528892517,-0.5252985954284668
1789729851076923000,21.7649228515625,0.17953896522521973,0.14557096362113953,0.6278705596923828,0.7432048320770264,-0.053599290549755096,-1.4005564451217651,-0.5192400217056274
1789729851086860300,21.7748603515625,0.17837168276309967,0.14524485170841217,0.6281206011772156,0.743338406085968,-0.048237141221761703,-1.4010488986968994,-0.5116897821426392
1789729851096797200,21.784797119140624,0.17734834551811218,0.14523103833198547,0.628474235534668,0.7432870268821716,-0.04180334880948067,-1.4019925594329834,-0.5037248730659485
1789729851106734300,21.794734375,0.17654988169670105,0.14552880823612213,0.629068911075592,0.7429157495498657,-0.03544391691684723,-1.4037284851074219,-0.4966013431549072
1789729851116671200,21.804671142578126,0.1760839819908142,0.14613547921180725,0.6299277544021606,0.7421791553497314,-0.030069412663578987,-1.40631103515625,-0.4913817346096039
1789729851126608100,21.814608154296874,0.17584827542304993,0.147000253200531,0.6309711933135986,0.7411772012710571,-0.024936260655522346,-1.409515380859375,-0.48710381984710693
1789729851136545000,21.824544921875,0.17563553154468536,0.14800052344799042,0.6321344375610352,0.7400364875793457,-0.01909889094531536,-1.4131109714508057,-0.48234662413597107
1789729851146482000,21.83448193359375,0.1754358410835266,0.14878761768341064,0.632967472076416,0.7392135858535767,-0.013718768954277039,-1.415732741355896,-0.4777742922306061
1789729851156419000,21.844419189453124,0.17515145242214203,0.1494329273700714,0.6337449550628662,0.7384843230247498,-0.008515078574419022,-1.4181240797042847,-0.47305309772491455
1789729851166356000,21.85435595703125,0.17465844750404358,0.14974968135356903,0.6344810128211975,0.7379046678543091,-0.004219186957925558,-1.4202088117599487,-0.4684630036354065
1789729851176292900,21.86429296875,0.17410188913345337,0.14984124898910522,0.6351316571235657,0.7374576926231384,-0.0010254225926473737,-1.421935796737671,-0.4645606279373169
1789729851186229800,21.874229736328125,0.17345279455184937,0.14966118335723877,0.6357202529907227,0.7371400594711304,0.0007323670433834195,-1.4233405590057373,-0.46157053112983704
1789729851196167000,21.8841669921875,0.17276670038700104,0.14925523102283478,0.6362878084182739,0.7368937730789185,0.0007672405918128788,-1.424554467201233,-0.45992398262023926
1789729851206103800,21.894103759765624,0.17225292325019836,0.14884358644485474,0.636827826499939,0.7366307377815247,-0.0007289201603271067,-1.425695538520813,-0.4600527882575989
1789729851216041000,21.904041015625,0.17166654765605927,0.14821715652942657,0.6374086141586304,0.7363916039466858,-0.0038452253211289644,-1.4268149137496948,-0.46138477325439453
1789729851225977900,21.913977783203126,0.1712861955165863,0.14758114516735077,0.6380259990692139,0.7360731363296509,-0.009200038388371468,-1.4280201196670532,-0.4652395248413086
1789729851235914800,21.923914794921874,0.17118340730667114,0.147003635764122,0.6387544274330139,0.7355807423591614,-0.01720595546066761,-1.4295411109924316,-0.4722305238246918
1789729851245851600,21.9338515625,0.17137011885643005,0.14657306671142578,0.6396202445030212,0.734870433807373,-0.02736370638012886,-1.43148934841156,-0.48200175166130066
1789729851255788800,21.943788818359376,0.1717304289340973,0.1462632715702057,0.6405605673789978,0.7340285181999207,-0.038673873990774155,-1.4336862564086914,-0.493350088596344
1789729851265725400,21.953725341796876,0.17232194542884827,0.14604049921035767,0.6414771676063538,0.7331332564353943,-0.051658160984516144,-1.4358491897583008,-0.5068367719650269
1789729851275662000,21.963662109375,0.17302995920181274,0.14576727151870728,0.6423174142837524,0.7322847247123718,-0.06634234637022018,-1.4377520084381104,-0.5221242904663086
1789729851285598700,21.9735986328125,0.1737183928489685,0.14535197615623474,0.6430093050003052,0.7315967082977295,-0.08181308954954147,-1.4391536712646484,-0.5379706025123596
1789729851295535400,21.983535400390625,0.17434903979301453,0.14479656517505646,0.643428385257721,0.7311882376670837,-0.09668663144111633,-1.4397430419921875,-0.5529446005821228
1789729851305472300,21.99347216796875,0.1747361719608307,0.1440155804157257,0.6434852480888367,0.7312000393867493,-0.10903599858283997,-1.4392658472061157,-0.5647282004356384
1789729851315409700,22.00340966796875,0.1749386191368103,0.14310376346111298,0.6431466937065125,0.73162841796875,-0.11802788823843002,-1.437713384628296,-0.5727119445800781
1789729851325347000,22.01334716796875,0.17493416368961334,0.14205147325992584,0.6424909830093384,0.732410192489624,-0.12399271875619888,-1.4352911710739136,-0.5771768093109131
1789729851335284500,22.023284423828127,0.17491737008094788,0.14104348421096802,0.6415593028068542,0.7334250807762146,-0.12739329040050507,-1.4322174787521362,-0.5791357159614563
1789729851345221600,22.0332216796875,0.17484641075134277,0.1400325745344162,0.6404103636741638,0.7346388101577759,-0.1287933588027954,-1.4286131858825684,-0.5790201425552368
1789729851355158500,22.043158447265625,0.17493313550949097,0.13914625346660614,0.6391224265098572,0.7359070777893066,-0.12960292398929596,-1.4247349500656128,-0.5787307620048523
1789729851365095000,22.053094970703125,0.17510581016540527,0.13823585212230682,0.6379059553146362,0.737092137336731,-0.13183729350566864,-1.4210083484649658,-0.5799551606178284
1789729851375031600,22.063031494140624,0.17548902332782745,0.1373070627450943,0.6368950605392456,0.7380481362342834,-0.13724157214164734,-1.41774320602417,-0.5846221446990967
1789729851384968200,22.07296826171875,0.1759250909090042,0.13627900183200836,0.6361696720123291,0.7387601733207703,-0.14548808336257935,-1.4150975942611694,-0.5920540690422058
1789729851394904800,22.08290478515625,0.17639896273612976,0.13522133231163025,0.6357622742652893,0.7391920685768127,-0.1560106724500656,-1.4131957292556763,-0.6017612218856812
1789729851404841700,22.092841796875,0.17698486149311066,0.13424471020698547,0.635702908039093,0.7392811179161072,-0.16875194013118744,-1.4121679067611694,-0.6139526963233948
1789729851414779000,22.10277880859375,0.17760784924030304,0.1333245038986206,0.6359919309616089,0.7390496134757996,-0.1834547221660614,-1.4119986295700073,-0.6282262206077576
1789729851424716300,22.11271630859375,0.17821292579174042,0.13253509998321533,0.6365390419960022,0.738574743270874,-0.1986636519432068,-1.4125317335128784,-0.6431573629379272
1789729851434653400,22.1226533203125,0.17859429121017456,0.13179728388786316,0.6372573375701904,0.7379950284957886,-0.21290338039398193,-1.4135481119155884,-0.6568605899810791
1789729851444590800,22.1325908203125,0.1788911074399948,0.13123565912246704,0.6380282640457153,0.7373568415641785,-0.22556307911872864,-1.414836049079895,-0.6691123843193054
1789729851454528000,22.142528076171875,0.1790889948606491,0.1307877004146576,0.6387654542922974,0.7367498874664307,-0.2364092916250229,-1.416149616241455,-0.6795718669891357
1789729851464465200,22.152465087890626,0.1792040467262268,0.13047686219215393,0.639405369758606,0.7362217307090759,-0.2448515146970749,-1.4173632860183716,-0.6877083778381348
1789729851474402000,22.162402099609373,0.1793791502714157,0.13048776984214783,0.6399626731872559,0.7356927394866943,-0.25063493847846985,-1.4186320304870605,-0.6937403082847595
1789729851484339200,22.172339111328125,0.17952634394168854,0.13075178861618042,0.6404929757118225,0.7351483106613159,-0.253961980342865,-1.4200642108917236,-0.6976409554481506
1789729851494276000,22.182276123046876,0.17950445413589478,0.13107138872146606,0.6410006284713745,0.7346540689468384,-0.2552315890789032,-1.4215484857559204,-0.6993181109428406
1789729851504213000,22.192212890625,0.17928126454353333,0.13135230541229248,0.6414867639541626,0.7342339754104614,-0.2549004554748535,-1.4230191707611084,-0.6990463137626648
1789729851514150100,22.202150146484374,0.17866379022598267,0.13140259683132172,0.6420120596885681,0.7339162826538086,-0.2533295452594757,-1.4245152473449707,-0.6966257095336914
1789729851524087000,22.212087158203126,0.17773902416229248,0.13131453096866608,0.6426199674606323,0.7336245179176331,-0.2508232295513153,-1.4261919260025024,-0.692620038986206
1789729851534024000,22.22202392578125,0.1765063852071762,0.13109932839870453,0.6432985663414001,0.7333658337593079,-0.24712727963924408,-1.4280292987823486,-0.6867908239364624
1789729851543960800,22.2319609375,0.17517201602458954,0.1309528648853302,0.643951416015625,0.733138918876648,-0.2415403574705124,-1.429897665977478,-0.6790232062339783
1789729851553897700,22.241897705078124,0.17392925918102264,0.13098442554473877,0.6444994211196899,0.732947587966919,-0.2341616153717041,-1.4316349029541016,-0.6698585152626038
1789729851563834600,22.251834716796875,0.17286637425422668,0.1312040090560913,0.6448817253112793,0.7328234910964966,-0.22520209848880768,-1.4330683946609497,-0.6596527099609375
1789729851573771300,22.261771240234374,0.1720116138458252,0.13162067532539368,0.6450716853141785,0.7327827215194702,-0.2146519422531128,-1.4341274499893188,-0.6484508514404297
1789729851583708200,22.271708251953125,0.17127789556980133,0.13216513395309448,0.6451376080513,0.7327985763549805,-0.20291854441165924,-1.4349404573440552,-0.6364306211471558
1789729851593645000,22.28164501953125,0.17058072984218597,0.13277389109134674,0.6451994180679321,0.7327967286109924,-0.1907605230808258,-1.4357668161392212,-0.6241318583488464
1789729851603582000,22.29158203125,0.16996686160564423,0.13344767689704895,0.6453825235366821,0.7326557040214539,-0.17958620190620422,-1.436903715133667,-0.6130276322364807
1789729851613518800,22.301518798828123,0.16930729150772095,0.13404083251953125,0.6457810401916504,0.7323489189147949,-0.17019586265087128,-1.4385050535202026,-0.6035172939300537
1789729851623455700,22.311455810546875,0.1686820238828659,0.13459183275699615,0.6463374495506287,0.7319011688232422,-0.1625497192144394,-1.44044828414917,-0.5957351922988892
1789729851633392600,22.321392578125,0.1679413616657257,0.1349598914384842,0.646966814994812,0.7314475178718567,-0.1558970808982849,-1.4424527883529663,-0.5885134339332581
1789729851643329500,22.33132958984375,0.1670766919851303,0.13513058423995972,0.6475655436515808,0.7310841083526611,-0.14954029023647308,-1.4442532062530518,-0.5811247229576111
1789729851653266400,22.341266357421876,0.1660354882478714,0.13503965735435486,0.648061215877533,0.7308988571166992,-0.14308616518974304,-1.445631742477417,-0.5730090737342834
1789729851663203600,22.35120361328125,0.16468583047389984,0.1345193237066269,0.6484020948410034,0.7309978008270264,-0.1365778148174286,-1.4463609457015991,-0.5637788772583008
1789729851673140500,22.361140380859375,0.16312275826931,0.1336326152086258,0.6485931873321533,0.7313413619995117,-0.13052667677402496,-1.4464834928512573,-0.5541754364967346
1789729851683077400,22.371077392578126,0.16141416132450104,0.13249534368515015,0.6486985087394714,0.7318337559700012,-0.12499639391899109,-1.4462342262268066,-0.5445242524147034
1789729851693014300,22.38101416015625,0.15961788594722748,0.13120026886463165,0.6487604379653931,0.732405960559845,-0.11997589468955994,-1.4457817077636719,-0.5350323915481567
1789729851702951400,22.390951416015625,0.15797044336795807,0.13001471757888794,0.6487425565719604,0.7329901456832886,-0.11491375416517258,-1.4451807737350464,-0.5258766412734985
1789729851712888300,22.400888427734376,0.1564452201128006,0.1289665848016739,0.648614227771759,0.7336157560348511,-0.1090436577796936,-1.4443764686584473,-0.5162931680679321
1789729851722825200,22.4108251953125,0.15520043671131134,0.12819847464561462,0.6483070254325867,0.7342860698699951,-0.10212309658527374,-1.443261981010437,-0.5064750909805298
1789729851732762400,22.420762451171875,0.1541815847158432,0.12763316929340363,0.6477692723274231,0.7350733280181885,-0.09416541457176208,-1.441657543182373,-0.496246874332428
1789729851742699300,22.43069921875,0.1534344106912613,0.12728779017925262,0.6469325423240662,0.7360258102416992,-0.08519379794597626,-1.4393908977508545,-0.4857253134250641
1789729851752636200,22.44063623046875,0.15295009315013885,0.12713752686977386,0.6458242535591125,0.737125039100647,-0.07570292055606842,-1.4365153312683105,-0.4753553569316864
1789729851762573300,22.4505732421875,0.15255795419216156,0.1270589828491211,0.644612729549408,0.738279402256012,-0.0662827342748642,-1.433402180671692,-0.4652974307537079
1789729851772510200,22.46051025390625,0.1523110419511795,0.12708960473537445,0.6434677839279175,0.7393231987953186,-0.05791656672954559,-1.4305071830749512,-0.4566591680049896
1789729851782447000,22.470447021484375,0.1521746814250946,0.1271398812532425,0.6425468921661377,0.7401431202888489,-0.051774363964796066,-1.428185224533081,-0.45042577385902405
1789729851792384300,22.48038427734375,0.15214020013809204,0.1271275281906128,0.6419405937194824,0.7406782507896423,-0.048802077770233154,-1.4266247749328613,-0.44740861654281616
1789729851802321200,22.490321044921874,0.15222807228565216,0.1269906610250473,0.6416187286376953,0.7409625053405762,-0.04950413480401039,-1.425713300704956,-0.44805291295051575
1789729851812258600,22.500258544921873,0.1522563099861145,0.1265750676393509,0.6414539217948914,0.7411704063415527,-0.05306575819849968,-1.4250448942184448,-0.4510638117790222
1789729851822196200,22.5101962890625,0.15220533311367035,0.12590840458869934,0.6413052678108215,0.7414230704307556,-0.05837211757898331,-1.4242749214172363,-0.4553435146808624
1789729851832133400,22.52013330078125,0.1520111858844757,0.12503540515899658,0.6411204934120178,0.741770327091217,-0.06414053589105606,-1.4232983589172363,-0.4595828652381897
1789729851842070300,22.5300703125,0.1515476256608963,0.12398452311754227,0.640949010848999,0.7421897053718567,-0.06917695701122284,-1.4222725629806519,-0.46244457364082336
1789729851852007200,22.540007080078126,0.15106099843978882,0.12306354194879532,0.6407826542854309,0.7425857186317444,-0.07275780290365219,-1.4213405847549438,-0.4640042185783386
1789729851861944300,22.5499443359375,0.15047472715377808,0.12222066521644592,0.6406605839729309,0.7429491877555847,-0.07490349560976028,-1.420580267906189,-0.46409496665000916
1789729851871881200,22.559881103515625,0.15005387365818024,0.12162026017904282,0.6405161619186401,0.7432572841644287,-0.0761297196149826,-1.4198936223983765,-0.46385523676872253
1789729851881817300,22.5698173828125,0.1497955024242401,0.12116768211126328,0.640324056148529,0.7435488104820251,-0.07718110084533691,-1.4191595315933228,-0.46389007568359375
1789729851891754000,22.57975390625,0.1498289555311203,0.1208890751004219,0.6401246786117554,0.743759036064148,-0.07913066446781158,-1.4184807538986206,-0.46549543738365173
1789729851901691100,22.589691162109375,0.15003806352615356,0.12064940482378006,0.6400004029273987,0.7438627481460571,-0.08258553594350815,-1.417997121810913,-0.46891331672668457
1789729851911628500,22.599628662109374,0.15040476620197296,0.12042579054832458,0.6400099396705627,0.7438167333602905,-0.08787795901298523,-1.417842984199524,-0.4744148850440979
1789729851921565700,22.609565673828126,0.15078018605709076,0.12013188004493713,0.6401661038398743,0.7436538338661194,-0.09459848701953888,-1.4180104732513428,-0.48125070333480835
1789729851931503000,22.619503173828125,0.15097719430923462,0.1196521520614624,0.6404521465301514,0.7434448599815369,-0.1021391749382019,-1.4184069633483887,-0.48837682604789734
1789729851941440000,22.62943994140625,0.15104462206363678,0.1190100684762001,0.6408743262290955,0.7431703805923462,-0.11078298091888428,-1.419054627418518,-0.49618059396743774
1789729851951377200,22.639377197265624,0.15098582208156586,0.11823228001594543,0.6414071917533875,0.7428467273712158,-0.1202317401766777,-1.4199031591415405,-0.5044081211090088
1789729851961313800,22.649313720703127,0.15077871084213257,0.11735057085752487,0.6419662237167358,0.7425456047058105,-0.12957508862018585,-1.420764446258545,-0.5121658444404602
1789729851971250700,22.659250732421874,0.15031445026397705,0.11632487177848816,0.6424829363822937,0.7423542141914368,-0.13782361149787903,-1.421463131904602,-0.5182521343231201
1789729851981187800,22.669187744140626,0.14971314370632172,0.11532922834157944,0.6428794264793396,0.7422877550125122,-0.14394664764404297,-1.4219015836715698,-0.5220625400543213
1789729851991124700,22.679124755859377,0.14901572465896606,0.11441470682621002,0.6431165933609009,0.742364227771759,-0.14756299555301666,-1.4220166206359863,-0.5233503580093384
1789729852001061600,22.6890615234375,0.14853887259960175,0.11379960179328918,0.6432279348373413,0.7424578666687012,-0.14964793622493744,-1.4219756126403809,-0.5238596796989441
1789729852010999000,22.6989990234375,0.14843498170375824,0.11359292268753052,0.6433424949645996,0.7424110174179077,-0.15130484104156494,-1.4221433401107788,-0.5250658988952637
1789729852020936000,22.70893603515625,0.14859972894191742,0.11366744339466095,0.6435630321502686,0.7421754598617554,-0.1533961296081543,-1.4227101802825928,-0.527494490146637
1789729852030872800,22.718872802734374,0.14903049170970917,0.11394932121038437,0.6439372301101685,0.7417211532592773,-0.1569029986858368,-1.4237459897994995,-0.5320155024528503
1789729852040809200,22.728809326171874,0.14982755482196808,0.11446131765842438,0.6444642543792725,0.7410237193107605,-0.16259904205799103,-1.4252407550811768,-0.5395802855491638
1789729852050746400,22.738746337890625,0.15078435838222504,0.11500435322523117,0.6450885534286499,0.7402018904685974,-0.17024604976177216,-1.4269591569900513,-0.5493686199188232
1789729852060683800,22.748683837890624,0.15176405012607574,0.11550110578536987,0.6457093954086304,0.7393825054168701,-0.17874008417129517,-1.4286224842071533,-0.5599713921546936
1789729852070621000,22.758620849609375,0.15258091688156128,0.11585374176502228,0.6462126970291138,0.7387192249298096,-0.1864856332540512,-1.4299222230911255,-0.5693880319595337
1789729852080557600,22.7685576171875,0.15303757786750793,0.11591177433729172,0.6465550661087036,0.738315999507904,-0.1926417350769043,-1.4306931495666504,-0.5762768983840942
1789729852090494000,22.778493896484374,0.15326911211013794,0.11583217978477478,0.6466957926750183,0.7381572127342224,-0.19658879935741425,-1.4309203624725342,-0.5804404020309448
1789729852100430600,22.7884306640625,0.15325011312961578,0.11566418409347534,0.6466484665870667,0.7382289171218872,-0.197659432888031,-1.4306837320327759,-0.5812441110610962
1789729852110367700,22.79836767578125,0.1529763787984848,0.11544359475374222,0.646427571773529,0.7385136485099792,-0.1955871880054474,-1.4300493001937866,-0.5784667730331421
1789729852120305400,22.808305419921876,0.15259891748428345,0.11522649973630905,0.6460381150245667,0.7389662861824036,-0.19135355949401855,-1.4290276765823364,-0.5733884572982788
1789729852130242800,22.818242919921875,0.15226465463638306,0.11502838134765625,0.6455425024032593,0.739499032497406,-0.18668271601200104,-1.4277455806732178,-0.5679665207862854
1789729852140179700,22.8281796875,0.1520935595035553,0.11486130207777023,0.6449702978134155,0.7400592565536499,-0.18279409408569336,-1.4262531995773315,-0.563610315322876
1789729852150117000,22.8381171875,0.15207132697105408,0.11469463258981705,0.644334614276886,0.7406432032585144,-0.17991623282432556,-1.4245679378509521,-0.5604833960533142
1789729852160053200,22.84805322265625,0.15221381187438965,0.11454204469919205,0.6437369585037231,0.741157054901123,-0.17869552969932556,-1.4229466915130615,-0.5592709183692932
1789729852169989400,22.8579892578125,0.15261895954608917,0.11443372815847397,0.6433129906654358,0.7414585947990417,-0.18053540587425232,-1.4217249155044556,-0.5615573525428772
1789729852179926000,22.867926025390624,0.15338796377182007,0.11447270959615707,0.6431472301483154,0.7414376139640808,-0.18588678538799286,-1.421154499053955,-0.5680835843086243
1789729852189862400,22.8778623046875,0.15436920523643494,0.11456329375505447,0.6432901620864868,0.7410959005355835,-0.1946457475423813,-1.4213221073150635,-0.5783885717391968
1789729852199799300,22.88779931640625,0.15538792312145233,0.11462108045816422,0.6435896158218384,0.7406139373779297,-0.20512822270393372,-1.4218252897262573,-0.5904192328453064
1789729852209736400,22.897736328125,0.15632212162017822,0.1145433709025383,0.6437860131263733,0.7402585744857788,-0.2154175192117691,-1.4219815731048584,-0.6019436120986938
1789729852219673600,22.907673583984376,0.15702030062675476,0.1142348051071167,0.6437116861343384,0.7402231693267822,-0.22373612225055695,-1.4213589429855347,-0.6108344197273254
1789729852229611300,22.917611328125,0.15731412172317505,0.11362119019031525,0.6433979868888855,0.740527868270874,-0.2293931543827057,-1.4200328588485718,-0.6160488724708557
1789729852239549200,22.927549072265624,0.15714514255523682,0.11274436861276627,0.6430151462554932,0.7410301566123962,-0.23276206851005554,-1.4184764623641968,-0.6179296374320984
1789729852249486600,22.937486572265627,0.15642625093460083,0.1116267666220665,0.6427677869796753,0.7415658235549927,-0.23444893956184387,-1.4172307252883911,-0.6169815063476562
1789729852259422700,22.947422607421874,0.15563078224658966,0.11065759509801865,0.6427447199821472,0.7418983578681946,-0.23582348227500916,-1.416669487953186,-0.6158152222633362
1789729852269359000,22.957359130859373,0.15489676594734192,0.10998860746622086,0.6430195569992065,0.7419133186340332,-0.23728249967098236,-1.4170438051223755,-0.6152424812316895
1789729852279296000,22.9672958984375,0.15449194610118866,0.10983069986104965,0.6435568928718567,0.7415550947189331,-0.2390490025281906,-1.418344497680664,-0.6161772608757019
1789729852289233200,22.977233154296876,0.15457123517990112,0.11026956140995026,0.6442276239395142,0.7408907413482666,-0.2408187836408615,-1.4202786684036255,-0.61866694688797
1789729852299171000,22.987171142578124,0.15499477088451385,0.11119519174098969,0.6448490619659424,0.74012291431427,-0.2410268485546112,-1.4223663806915283,-0.620793342590332
1789729852309108500,22.9971083984375,0.15539313852787018,0.11235251277685165,0.645236611366272,0.739526629447937,-0.23722746968269348,-1.4240832328796387,-0.6192163825035095
1789729852319045600,23.007045654296874,0.15574413537979126,0.11379017680883408,0.6452285647392273,0.7392399311065674,-0.22746425867080688,-1.4250773191452026,-0.6120226383209229
1789729852328982500,23.016982421875,0.15568827092647552,0.11523948609828949,0.6448051929473877,0.7393965721130371,-0.2107994258403778,-1.4251779317855835,-0.5973694920539856
1789729852338919400,23.02691943359375,0.1551787108182907,0.11660463362932205,0.6439580917358398,0.7400276064872742,-0.18790842592716217,-1.4242594242095947,-0.5757278203964233
1789729852348856600,23.036856689453124,0.15444128215312958,0.11790166050195694,0.6427291035652161,0.7410441040992737,-0.16150988638401031,-1.422329306602478,-0.5501660704612732
1789729852358794000,23.0467939453125,0.1536971777677536,0.11909812688827515,0.6413057446479797,0.7422397136688232,-0.13556231558322906,-1.4197572469711304,-0.5249105095863342
1789729852368730000,23.056730224609375,0.15297314524650574,0.12010115385055542,0.6398627758026123,0.7434719800949097,-0.11232663691043854,-1.4169212579727173,-0.502120852470398
1789729852378666800,23.066666748046874,0.15239959955215454,0.12096267193555832,0.6384999752044678,0.7446208000183105,-0.09287410974502563,-1.4141117334365845,-0.48312777280807495
1789729852388603100,23.07660302734375,0.15197326242923737,0.1217239499092102,0.6373503804206848,0.7455681562423706,-0.07717810571193695,-1.4117188453674316,-0.46795380115509033
1789729852398540000,23.0865400390625,0.15145404636859894,0.12229867279529572,0.636519193649292,0.7462894916534424,-0.06416792422533035,-1.4100019931793213,-0.4550509452819824
1789729852408477000,23.096476806640624,0.1510486900806427,0.12288009375333786,0.6359654068946838,0.7467480897903442,-0.053415216505527496,-1.408963680267334,-0.44456946849823
1789729852418414000,23.1064140625,0.1504875123500824,0.12325750291347504,0.6357061266899109,0.7470199465751648,-0.0444648414850235,-1.4085553884506226,-0.435359925031662
1789729852428351200,23.116351318359374,0.14977706968784332,0.1235044002532959,0.6355898380279541,0.7472208738327026,-0.036032889038324356,-1.4084343910217285,-0.42625945806503296
1789729852438288600,23.12628857421875,0.14896872639656067,0.1235799640417099,0.6353894472122192,0.7475403547286987,-0.028041046112775803,-1.4079980850219727,-0.4172148108482361
1789729852448225800,23.136225830078125,0.1481701135635376,0.12365078926086426,0.6349437236785889,0.7480658888816833,-0.01937967538833618,-1.4069193601608276,-0.4075184464454651
1789729852458163200,23.1461630859375,0.14733467996120453,0.12365700304508209,0.634189784526825,0.7488689422607422,-0.010122539475560188,-1.405004620552063,-0.39709293842315674
1789729852468100400,23.156100341796876,0.1464395523071289,0.12356079369783401,0.6331356763839722,0.7499516010284424,-0.0006139234756119549,-1.402255654335022,-0.3861960768699646
1789729852478037200,23.166037353515627,0.14562572538852692,0.12347811460494995,0.6318347454071045,0.7512197494506836,0.008742174133658409,-1.3988678455352783,-0.37559974193573
1789729852487974700,23.175974609375,0.14488592743873596,0.12339821457862854,0.6304833292961121,0.7525103092193604,0.01730515994131565,-1.3953440189361572,-0.3659110963344574
1789729852497911000,23.1859111328125,0.14407075941562653,0.12323620915412903,0.629355251789093,0.7536367774009705,0.02483181282877922,-1.3923463821411133,-0.35702282190322876
1789729852507847400,23.195847412109377,0.14314746856689453,0.12300588935613632,0.6285890936851501,0.7544893026351929,0.031475286930799484,-1.3902374505996704,-0.3487478494644165
1789729852517783800,23.20578369140625,0.14215244352817535,0.12270696461200714,0.6281286478042603,0.7551093101501465,0.037231069058179855,-1.3888740539550781,-0.3411446511745453
1789729852527720700,23.215720703125,0.14105403423309326,0.12216091901063919,0.627867579460144,0.7556207776069641,0.0411842055618763,-1.3879060745239258,-0.33483096957206726
1789729852537657600,23.22565771484375,0.14000371098518372,0.12135611474514008,0.6276735663414001,0.7561068534851074,0.04248948395252228,-1.3870011568069458,-0.33086007833480835
1789729852547594800,23.2355947265625,0.13891936838626862,0.12018994241952896,0.6275304555892944,0.7566117644309998,0.04096432402729988,-1.3860739469528198,-0.3291490972042084
1789729852557532200,23.2455322265625,0.13783104717731476,0.11873611062765121,0.6274645924568176,0.7570948004722595,0.036976158618927,-1.3852273225784302,-0.32947900891304016
1789729852567470000,23.255469970703125,0.13684751093387604,0.11719175428152084,0.6275295615196228,0.7574599385261536,0.03126600757241249,-1.3846882581710815,-0.3315475583076477
1789729852577407200,23.2654072265625,0.13593634963035583,0.11568453162908554,0.6277403235435486,0.7576810121536255,0.02505166083574295,-1.3845449686050415,-0.3342725932598114
1789729852587344600,23.2753447265625,0.13499632477760315,0.11425840854644775,0.6280666589736938,0.7577950358390808,0.019437629729509354,-1.3847352266311646,-0.3364682197570801
1789729852597280800,23.28528076171875,0.13401289284229279,0.11302758008241653,0.6284340620040894,0.7578495740890503,0.015596897341310978,-1.3851181268692017,-0.3371076285839081
1789729852607217400,23.295217529296874,0.13310974836349487,0.1121734008193016,0.6287692785263062,0.757857620716095,0.014294645749032497,-1.3855881690979004,-0.33586710691452026
1789729852617154600,23.305154541015625,0.13227161765098572,0.11171293258666992,0.6290339827537537,0.7578526735305786,0.01588124781847,-1.3860509395599365,-0.33239996433258057
1789729852627091500,23.315091552734376,0.13141366839408875,0.11148017644882202,0.6292158961296082,0.757885217666626,0.019652847200632095,-1.3863987922668457,-0.32704994082450867
1789729852637029000,23.325029052734376,0.13074670732021332,0.11153162270784378,0.6293205618858337,0.7579060792922974,0.024568874388933182,-1.3866697549819946,-0.32124218344688416
1789729852646966300,23.33496630859375,0.13026325404644012,0.11177545040845871,0.6294071674346924,0.7578815221786499,0.029808787629008293,-1.3869760036468506,-0.31565189361572266
1789729852656903200,23.344903076171875,0.12987974286079407,0.11210586130619049,0.6295506954193115,0.7577792406082153,0.03495477885007858,-1.387462854385376,-0.31042131781578064
1789729852666840000,23.354840087890626,0.1296231746673584,0.11254513263702393,0.6298121809959412,0.757540762424469,0.039895668625831604,-1.388299822807312,-0.3057304620742798
1789729852676777200,23.364777099609373,0.12925860285758972,0.1129249632358551,0.6302288770675659,0.7571999430656433,0.04487650468945503,-1.3895044326782227,-0.3007524907588959
1789729852686713600,23.374713623046876,0.12870770692825317,0.11315472424030304,0.6307097673416138,0.7568590044975281,0.04990159720182419,-1.390800952911377,-0.29524409770965576
1789729852696650500,23.384650390625,0.12788912653923035,0.11313755065202713,0.6311571598052979,0.7566273212432861,0.054928869009017944,-1.391893982887268,-0.2889951467514038
1789729852706588000,23.394587890625,0.12669134140014648,0.11282926797866821,0.6315091252326965,0.75658118724823,0.06048915907740593,-1.3925989866256714,-0.2812536358833313
1789729852716525000,23.404525146484374,0.1251450926065445,0.11230336874723434,0.6317128539085388,0.7567467093467712,0.06703012436628342,-1.3928070068359375,-0.2717244327068329
1789729852726461400,23.41446142578125,0.12347282469272614,0.11176231503486633,0.6317338347434998,0.7570838928222656,0.07463348656892776,-1.3925167322158813,-0.2609376311302185
1789729852736397600,23.4243974609375,0.12162470072507858,0.11124048382043839,0.6316151022911072,0.7575587630271912,0.08381909877061844,-1.3918416500091553,-0.24834950268268585
1789729852746334200,23.434334228515624,0.11975442618131638,0.11089406907558441,0.631359875202179,0.7581201195716858,0.0947112888097763,-1.39085054397583,-0.23428139090538025
1789729852756270800,23.444270751953123,0.11791607737541199,0.11070780456066132,0.630968451499939,0.7587611079216003,0.10670286417007446,-1.389534831047058,-0.2193954735994339
1789729852766207700,23.454207763671874,0.11611420661211014,0.11061804741621017,0.6304643154144287,0.7594708204269409,0.11912216991186142,-1.387933611869812,-0.20427817106246948
1789729852776145000,23.464144775390626,0.1145000010728836,0.11070357263088226,0.629862904548645,0.7602020502090454,0.13149473071098328,-1.3861281871795654,-0.1897328644990921
1789729852786082300,23.474082275390625,0.11300373822450638,0.11083295196294785,0.6292046904563904,0.760951817035675,0.14316979050636292,-1.3841818571090698,-0.17612063884735107
1789729852796020000,23.48402001953125,0.11165186017751694,0.11095578968524933,0.6285501718521118,0.7616740465164185,0.153547003865242,-1.3822487592697144,-0.16400448977947235
1789729852805958000,23.4939580078125,0.1105918139219284,0.11112985759973526,0.6279582381248474,0.7622913122177124,0.16215673089027405,-1.3805322647094727,-0.15414616465568542
1789729852815895300,23.503895263671875,0.10944627225399017,0.11101429164409637,0.6275071501731873,0.7628447413444519,0.16884075105190277,-1.379093885421753,-0.1456698179244995
1789729852825832200,23.513832275390627,0.10821016877889633,0.11060202121734619,0.6271653771400452,0.7633618712425232,0.17363931238651276,-1.3778564929962158,-0.1385193169116974
1789729852835769600,23.52376953125,0.10671724379062653,0.10976497083902359,0.6269611716270447,0.7638604044914246,0.17667043209075928,-1.3768391609191895,-0.13215267658233643
1789729852845705700,23.533705810546873,0.10506878048181534,0.10862712562084198,0.6269280910491943,0.7642786502838135,0.17831473052501678,-1.3761810064315796,-0.12651222944259644
1789729852855641900,23.543641845703124,0.1032068058848381,0.10718837380409241,0.6270771026611328,0.764613151550293,0.17898450791835785,-1.3759007453918457,-0.12110216170549393
1789729852865578800,23.553578857421876,0.10134292393922806,0.1056290715932846,0.6273175477981567,0.7648822069168091,0.17873172461986542,-1.3758474588394165,-0.11643727123737335
1789729852875516200,23.56351611328125,0.09961637854576111,0.10410068929195404,0.6275348663330078,0.7651402354240417,0.17782407999038696,-1.375780701637268,-0.11267074197530746
1789729852885453300,23.573453369140626,0.09821558743715286,0.10280308872461319,0.6275779604911804,0.7654613852500916,0.1765715330839157,-1.3753812313079834,-0.11005432903766632
1789729852895391500,23.5833916015625,0.09709009528160095,0.10170233249664307,0.6273432970046997,0.7659441828727722,0.17498692870140076,-1.37436044216156,-0.10845726728439331
1789729852905327900,23.593327880859373,0.09618392586708069,0.10077014565467834,0.6267920136451721,0.7666327953338623,0.17319944500923157,-1.3726012706756592,-0.10763092339038849
1789729852915264300,23.60326416015625,0.09540815651416779,0.09994550794363022,0.6259931921958923,0.7674898505210876,0.1713390350341797,-1.3702508211135864,-0.10722730308771133
1789729852925200600,23.61320068359375,0.09466353803873062,0.09916813671588898,0.6250556707382202,0.7684464454650879,0.1696145236492157,-1.3675615787506104,-0.10680554062128067
1789729852935137300,23.62313720703125,0.09393184632062912,0.0984613299369812,0.6240751147270203,0.7694234251976013,0.16835038363933563,-1.3647785186767578,-0.10604462772607803
1789729852945074000,23.633073974609374,0.09301040321588516,0.09763559699058533,0.6231753826141357,0.7703692317008972,0.1673746109008789,-1.3621516227722168,-0.10455034673213959
1789729852955011300,23.64301123046875,0.09209407866001129,0.09677837789058685,0.6224040985107422,0.7712105512619019,0.166174978017807,-1.3598568439483643,-0.10323752462863922
1789729852964949200,23.65294921875,0.09115768224000931,0.09578797966241837,0.6218414902687073,0.7718990445137024,0.16418354213237762,-1.358081340789795,-0.10248946398496628
1789729852974887200,23.66288720703125,0.09024021029472351,0.09467984735965729,0.6215865015983582,0.7723488211631775,0.1613297313451767,-1.35708749294281,-0.1024508997797966
1789729852984824000,23.672823974609376,0.08941397070884705,0.09352116286754608,0.6216925978660583,0.7725006341934204,0.1576947122812271,-1.357035517692566,-0.103239044547081
1789729852994761000,23.682760986328127,0.0886087566614151,0.09230277687311172,0.622174084186554,0.7723523378372192,0.15360179543495178,-1.3579466342926025,-0.10441660135984421
1789729853004698000,23.692697998046874,0.08795574307441711,0.09118504822254181,0.6229474544525146,0.7719362378120422,0.1493992954492569,-1.3596528768539429,-0.10605642944574356
1789729853014634500,23.702634521484374,0.08743860572576523,0.0902562364935875,0.6238853335380554,0.7713465094566345,0.145782008767128,-1.3618371486663818,-0.10757140815258026
1789729853024571100,23.712571044921877,0.08712950348854065,0.0896507054567337,0.6248086094856262,0.770704448223114,0.14328546822071075,-1.3640693426132202,-0.10872730612754822
1789729853034508300,23.72250830078125,0.08691012859344482,0.08930981159210205,0.6255308389663696,0.7701827883720398,0.1421811878681183,-1.3658406734466553,-0.10900555551052094
1789729853044445700,23.73244580078125,0.08662693947553635,0.089111328125,0.6259442567825317,0.7699017524719238,0.1424979865550995,-1.366825819015503,-0.10798582434654236
1789729853054382800,23.7423828125,0.0861763060092926,0.0889192521572113,0.6260202527046204,0.7699127197265625,0.14384105801582336,-1.36691153049469,-0.10572075098752975
1789729853064320800,23.75232080078125,0.08562307804822922,0.08875936269760132,0.6258121728897095,0.770162045955658,0.14599786698818207,-1.3662501573562622,-0.10255077481269836
1789729853074256600,23.762256591796874,0.08566966652870178,0.08833887428045273,0.6253409385681152,0.7705878615379333,0.14238956570625305,-1.3649884462356567,-0.10563960671424866
1789729853084192500,23.772192626953125,0.08571689575910568,0.0879988819360733,0.624760091304779,0.7710924744606018,0.13940800726413727,-1.3634545803070068,-0.10822145640850067
1789729853094128600,23.782128662109375,0.08570308238267899,0.08755993098020554,0.6242120862007141,0.7715876698493958,0.13609875738620758,-1.3619801998138428,-0.11090122908353806
1789729853104065000,23.79206494140625,0.08569924533367157,0.0868651494383812,0.6237944960594177,0.7720041871070862,0.13087353110313416,-1.3608040809631348,-0.11514069885015488
1789729853114002200,23.802002197265626,0.08582717180252075,0.08587408810853958,0.6236453056335449,0.7722213864326477,0.12270791828632355,-1.360289454460144,-0.1220763549208641
1789729853123940000,23.811940185546874,0.08609209954738617,0.08453426510095596,0.62389075756073,0.7721414566040039,0.11111145466566086,-1.3607406616210938,-0.13212689757347107
1789729853133878500,23.82187841796875,0.08635617792606354,0.08284638822078705,0.6246089339256287,0.7717141509056091,0.09673476964235306,-1.3623212575912476,-0.14444378018379211
1789729853143816200,23.831816162109376,0.08666450530290604,0.08100570738315582,0.6257926821708679,0.7709156274795532,0.08050159364938736,-1.3650429248809814,-0.15844844281673431
1789729853153753000,23.841753173828124,0.08682367950677872,0.07904305309057236,0.6273705959320068,0.769818127155304,0.06359482556581497,-1.3687011003494263,-0.17272837460041046
1789729853163690500,23.8516904296875,0.08670328557491302,0.07695891708135605,0.6291112899780273,0.7686214447021484,0.04682668671011925,-1.3726950883865356,-0.18629422783851624
1789729853173626600,23.861626708984375,0.08553560078144073,0.07528954744338989,0.6303108930587769,0.7679344415664673,0.040203265845775604,-1.375317096710205,-0.18882876634597778
1789729853183562800,23.871562744140626,0.08430714160203934,0.0736561268568039,0.6311151385307312,0.7675681114196777,0.03456225246191025,-1.3769322633743286,-0.1903589814901352
1789729853193499100,23.8814990234375,0.082933209836483,0.07202456891536713,0.6314840912818909,0.7675691843032837,0.03032003343105316,-1.3774248361587524,-0.1902988702058792
1789729853203435500,23.891435546875,0.08130977302789688,0.07031318545341492,0.6315105557441711,0.7678796648979187,0.0274640042334795,-1.3770121335983276,-0.18839257955551147
1789729853213372700,23.90137255859375,0.07956042885780334,0.06860687583684921,0.6313547492027283,0.7683452367782593,0.02567499317228794,-1.3761368989944458,-0.18525247275829315
1789729853223310000,23.91131005859375,0.0778098851442337,0.06701231747865677,0.6312032341957092,0.7687895894050598,0.024760384112596512,-1.3753104209899902,-0.18139629065990448
1789729853233248300,23.921248291015626,0.07616280019283295,0.06558696180582047,0.6312340497970581,0.7690520882606506,0.024297887459397316,-1.3750065565109253,-0.1774730235338211
1789729853243186200,23.931186279296874,0.07482745498418808,0.06443226337432861,0.6315367221832275,0.7690322995185852,0.023644791916012764,-1.3754829168319702,-0.17456531524658203
1789729853253123000,23.941123046875,0.07368867099285126,0.06337836384773254,0.632051408290863,0.7688069939613342,0.022284692153334618,-1.3765406608581543,-0.1727844476699829
1789729853263060200,23.951060302734376,0.07246313989162445,0.06214987114071846,0.6326123476028442,0.7685623168945312,0.020061854273080826,-1.3776812553405762,-0.17149324715137482
1789729853272996900,23.960996826171876,0.07101528346538544,0.060697589069604874,0.6330836415290833,0.768425464630127,0.017616933211684227,-1.3785425424575806,-0.16979120671749115
1789729853282933500,23.97093359375,0.06934047490358353,0.059128906577825546,0.6334933638572693,0.7683630585670471,0.015816912055015564,-1.3792227506637573,-0.16695713996887207
1789729853292870100,23.9808701171875,0.06732407212257385,0.057466622442007065,0.6339805126190186,0.7682667374610901,0.015484694391489029,-1.38008713722229,-0.16203440725803375
1789729853302808000,23.99080810546875,0.06508102267980576,0.05581367388367653,0.6345705389976501,0.7680947184562683,0.016682110726833344,-1.3812263011932373,-0.15527141094207764
1789729853312745200,24.0007451171875,0.06275763362646103,0.05423668771982193,0.6351839900016785,0.7678940296173096,0.01907239481806755,-1.3824515342712402,-0.14731092751026154
1789729853322682000,24.01068212890625,0.060412582010030746,0.052731242030858994,0.6357470750808716,0.7677208781242371,0.022305428981781006,-1.3835676908493042,-0.1385812610387802
1789729853332619000,24.020618896484375,0.05820111557841301,0.05139515921473503,0.6362408995628357,0.7675732374191284,0.026136264204978943,-1.384545922279358,-0.1296883523464203
1789729853342556200,24.03055615234375,0.0561177134513855,0.050215382128953934,0.6367000341415405,0.7674257159233093,0.030464885756373405,-1.3854684829711914,-0.12070459127426147
1789729853352493000,24.0404931640625,0.054111551493406296,0.0491492822766304,0.6371100544929504,0.7672985196113586,0.035296522080898285,-1.3862863779067993,-0.11149169504642487
1789729853362430000,24.050429931640625,0.05200950428843498,0.048043690621852875,0.6374595165252686,0.7672236561775208,0.04055600240826607,-1.3869372606277466,-0.10166037827730179
1789729853372367000,24.0603671875,0.0497053787112236,0.04671129584312439,0.6377456188201904,0.7672209143638611,0.04539750888943672,-1.3873847723007202,-0.09163879603147507
1789729853382304000,24.070303955078124,0.04720718413591385,0.0450931154191494,0.6379614472389221,0.7672961354255676,0.04924366623163223,-1.3876093626022339,-0.08193223923444748
1789729853392241000,24.080240966796875,0.04462587833404541,0.043270211666822433,0.6381555795669556,0.7673941254615784,0.051964469254016876,-1.3877606391906738,-0.07294297218322754
1789729853402178000,24.090177978515626,0.04199498891830444,0.04124710336327553,0.6384212970733643,0.7674329876899719,0.05334502458572388,-1.3880894184112549,-0.0649389773607254
1789729853412115000,24.100114990234374,0.03934887424111366,0.039065249264240265,0.6388261914253235,0.7673503756523132,0.05349957197904587,-1.3887838125228882,-0.05791313946247101
1789729853422051800,24.1100517578125,0.03645339608192444,0.03655985742807388,0.6394569277763367,0.7670915126800537,0.052697084844112396,-1.3900476694107056,-0.05102885514497757
1789729853431989000,24.119989013671876,0.03420747444033623,0.03450422361493111,0.6402694582939148,0.7666122317314148,0.051149703562259674,-1.3918815851211548,-0.04645218327641487
1789729853441926000,24.12992578125,0.032342519611120224,0.03268131613731384,0.6411421298980713,0.766043484210968,0.048888061195611954,-1.393927812576294,-0.043463073670864105
1789729853451862800,24.13986279296875,0.03063773363828659,0.03095521219074726,0.6419371962547302,0.7655192613601685,0.046302951872348785,-1.3958011865615845,-0.04116502031683922
1789729853461800000,24.149800048828126,0.028997574001550674,0.029346484690904617,0.6426443457603455,0.7650530338287354,0.04427309334278107,-1.3974666595458984,-0.03857235610485077
1789729853471736800,24.15973681640625,0.027309106662869453,0.02780846506357193,0.6432714462280273,0.764645516872406,0.04324251413345337,-1.3989347219467163,-0.035014137625694275
1789729853481673700,24.169673828125,0.02542460709810257,0.026163917034864426,0.6437251567840576,0.7643866539001465,0.04274735227227211,-1.3999443054199219,-0.030493231490254402
1789729853491611000,24.17961083984375,0.023308049887418747,0.02440187707543373,0.6439483761787415,0.764324426651001,0.04295189678668976,-1.400345802307129,-0.02477889321744442
1789729853501547800,24.1895478515625,0.02095983549952507,0.02256525121629238,0.6439316868782043,0.7644628882408142,0.044212937355041504,-1.4001175165176392,-0.017575494945049286
1789729853511484700,24.199484619140627,0.0183052197098732,0.020658794790506363,0.6437290906906128,0.7647554874420166,0.04710105061531067,-1.3993967771530151,-0.008212387561798096
1789729853521421800,24.209421875,0.015542490407824516,0.018843449652194977,0.6433451771736145,0.7651864886283875,0.05149342864751816,-1.3982092142105103,0.0026778923347592354
1789729853531358700,24.219358642578126,0.012854312546551228,0.01725323498249054,0.642734169960022,0.7657871246337891,0.05710504204034805,-1.3964414596557617,0.014360964298248291
1789729853541295600,24.229295654296877,0.010302180424332619,0.01591634377837181,0.6420072913169861,0.7664640545845032,0.06369149684906006,-1.39437997341156,0.02646605297923088
1789729853551232800,24.239232666015624,0.007944179698824883,0.014889492653310299,0.6413732171058655,0.76704341173172,0.07142090797424316,-1.3925647735595703,0.03899914771318436
1789729853561169700,24.249169677734375,0.005738563369959593,0.014126408845186234,0.6409518122673035,0.7674296498298645,0.08032561093568802,-1.3912956714630127,0.052117832005023956
1789729853571106600,24.2591064453125,0.0035319954622536898,0.013455430045723915,0.6407791972160339,0.7675991654396057,0.09015018492937088,-1.39065420627594,0.06602797657251358
1789729853581043700,24.269043701171874,0.001296023721806705,0.012760992161929607,0.6408998370170593,0.7675173282623291,0.10028216987848282,-1.390756368637085,0.08032140135765076
1789729853590980600,24.278980712890625,-0.0009940416784957051,0.01195478718727827,0.6412960290908813,0.7671997547149658,0.11026844382286072,-1.3915623426437378,0.0947050005197525
1789729853600917500,24.28891748046875,-0.0033348293509334326,0.010993383824825287,0.641903281211853,0.7666995525360107,0.11974921822547913,-1.392914056777954,0.10887536406517029
1789729853610854700,24.298854736328124,-0.005866589490324259,0.009778203442692757,0.6425750851631165,0.7661378383636475,0.1287207007408142,-1.3944282531738281,0.1231672391295433
1789729853620791600,24.30879150390625,-0.008626618422567844,0.008329259231686592,0.643072783946991,0.7657111883163452,0.13717706501483917,-1.395485520362854,0.13759920001029968
1789729853630728400,24.318728515625,-0.011420031078159809,0.00670349458232522,0.6431225538253784,0.7656487822532654,0.14350272715091705,-1.395408272743225,0.15019865334033966
1789729853640665600,24.32866552734375,-0.014208129607141018,0.004804959055036306,0.6425775289535522,0.7660738825798035,0.14608211815357208,-1.393857717514038,0.159432515501976
1789729853650603300,24.338603271484374,-0.01691216230392456,0.002738355426117778,0.6413986682891846,0.7670164108276367,0.1451101005077362,-1.3907420635223389,0.16523674130439758
1789729853660540400,24.34854052734375,-0.019348137080669403,0.000661964004393667,0.6396586894989014,0.7684152126312256,0.14090704917907715,-1.3862593173980713,0.16744694113731384
1789729853670477300,24.358477294921876,-0.02141181193292141,-0.0013571802992373705,0.6376661658287048,0.7700139880180359,0.13421228528022766,-1.3812075853347778,0.1665591299533844
1789729853680414500,24.36841455078125,-0.02308318391442299,-0.003136769635602832,0.6358028650283813,0.7714998722076416,0.12731795012950897,-1.3765243291854858,0.16457635164260864
1789729853690351400,24.378351318359375,-0.02417786233127117,-0.004136985633522272,0.6341275572776794,0.7728392481803894,0.12336369603872299,-1.3722652196884155,0.16360774636268616
1789729853700288300,24.388288330078126,-0.025241447612643242,-0.005035352893173695,0.6325675249099731,0.7740774154663086,0.12030976265668869,-1.3682955503463745,0.16335135698318481
1789729853710225400,24.398225341796874,-0.02634410932660103,-0.005940182600170374,0.6311721801757812,0.7751724720001221,0.11780449002981186,-1.3647505044937134,0.16370876133441925
1789729853720162300,24.408162353515625,-0.02731463313102722,-0.006578629370778799,0.6298561096191406,0.7762035727500916,0.11665283888578415,-1.3613802194595337,0.1648537963628769
1789729853730099200,24.41809912109375,-0.028301062062382698,-0.007106229197233915,0.6285297274589539,0.7772380113601685,0.11639093607664108,-1.3579641580581665,0.1667546182870865
1789729853740036000,24.4280361328125,-0.029484592378139496,-0.0076001365669071674,0.6271829009056091,0.7782766222953796,0.11745990067720413,-1.3544660806655884,0.1702200323343277
1789729853749973200,24.43797314453125,-0.03126581758260727,-0.008442397229373455,0.6258261799812317,0.7792899012565613,0.11938752979040146,-1.3509361743927002,0.1758919656276703
1789729853759910100,24.44791015625,-0.03336929902434349,-0.009447723627090454,0.624556303024292,0.7802093625068665,0.12202172726392746,-1.3476223945617676,0.1829625368118286
1789729853769847000,24.457846923828125,-0.03587979078292847,-0.01066947914659977,0.6233350038528442,0.7810584306716919,0.12536466121673584,-1.3444271087646484,0.19163133203983307
1789729853779784200,24.4677841796875,-0.03868434578180313,-0.012113934382796288,0.6221581697463989,0.7818413972854614,0.1287185102701187,-1.3413621187210083,0.20104919373989105
1789729853789721000,24.47772119140625,-0.041562438011169434,-0.013738971203565598,0.6210449934005737,0.7825515270233154,0.13122054934501648,-1.3385047912597656,0.20997940003871918
1789729853799658000,24.487657958984375,-0.04443740472197533,-0.015437113121151924,0.6200637221336365,0.7831398248672485,0.13334901630878448,-1.336014747619629,0.21863701939582825
1789729853809595100,24.49759521484375,-0.047391634434461594,-0.01720140315592289,0.6193239092826843,0.783515214920044,0.13582919538021088,-1.3341505527496338,0.22785323858261108
1789729853819532000,24.507531982421874,-0.050511039793491364,-0.01910076104104519,0.6190038323402405,0.7835292220115662,0.13905218243598938,-1.3333624601364136,0.23823662102222443
1789729853829469000,24.517468994140625,-0.05371025949716568,-0.021118350327014923,0.619330108165741,0.7830066680908203,0.14324358105659485,-1.3342270851135254,0.24986235797405243
1789729853839406000,24.527406005859376,-0.05658687278628349,-0.022997509688138962,0.6204179525375366,0.7818891406059265,0.14840416610240936,-1.3370212316513062,0.261787474155426
1789729853849343000,24.537343017578124,-0.05876493453979492,-0.02449868433177471,0.6221039295196533,0.7803417444229126,0.1539556384086609,-1.3413244485855103,0.27255702018737793
1789729853859280000,24.54727978515625,-0.060109399259090424,-0.0255581084638834,0.6239753365516663,0.7787094116210938,0.15869243443012238,-1.3461074829101562,0.2806887924671173
1789729853869217000,24.557217041015626,-0.06069856137037277,-0.026138829067349434,0.6256891489028931,0.7772679924964905,0.1623494029045105,-1.35048508644104,0.2859836220741272
1789729853879154000,24.56715380859375,-0.06092367321252823,-0.026383263990283012,0.6269586682319641,0.7762184143066406,0.16526763141155243,-1.3537068367004395,0.28954920172691345
1789729853889090800,24.5770908203125,-0.06094273552298546,-0.026239104568958282,0.6275296807289124,0.775760293006897,0.16793011128902435,-1.3550803661346436,0.2920241355895996
1789729853899028000,24.587028076171876,-0.061340488493442535,-0.026256464421749115,0.6269442439079285,0.7762015461921692,0.16851820051670074,-1.353534460067749,0.2932142913341522
1789729853908964900,24.59696484375,-0.06231699138879776,-0.02682247944176197,0.6253218054771423,0.7774122357368469,0.16581234335899353,-1.3494768142700195,0.29273563623428345
1789729853918901800,24.60690185546875,-0.06395223736763,-0.02783997356891632,0.6229580640792847,0.7791394591331482,0.16185231506824493,-1.34360671043396,0.2926012873649597
1789729853928839000,24.6168388671875,-0.06608100980520248,-0.0290996041148901,0.6202691197395325,0.7810587286949158,0.1582496017217636,-1.336936116218567,0.2938847243785858
1789729853938775800,24.62677587890625,-0.06871405243873596,-0.030690472573041916,0.6177634000778198,0.78275465965271,0.15564532577991486,-1.330771803855896,0.2973615825176239
1789729853948713700,24.636713623046877,-0.07163405418395996,-0.03250976651906967,0.6157922148704529,0.7839717268943787,0.15430453419685364,-1.3259928226470947,0.30283284187316895
1789729853958650600,24.646650634765624,-0.07447909563779831,-0.034390538930892944,0.6144511103630066,0.7846782803535461,0.15363013744354248,-1.322838544845581,0.3089419901371002
1789729853968587800,24.656587890625,-0.0770658403635025,-0.036288630217313766,0.6136572957038879,0.7849641442298889,0.15281669795513153,-1.3211147785186768,0.3145577311515808
1789729853978524700,24.666524658203127,-0.07915107160806656,-0.038014501333236694,0.6132882237434387,0.7849634289741516,0.15158529579639435,-1.3204854726791382,0.31878340244293213
1789729853988461600,24.676461669921874,-0.08066816627979279,-0.03947334364056587,0.6132142543792725,0.7847946882247925,0.14990350604057312,-1.320596694946289,0.3213573694229126
1789729853998398700,24.686398681640625,-0.08174426853656769,-0.040716201066970825,0.6132418513298035,0.7845982909202576,0.1476232260465622,-1.3209631443023682,0.3223908841609955
1789729854008335600,24.696335693359377,-0.08253996074199677,-0.041682083159685135,0.6131369471549988,0.7845463156700134,0.14535365998744965,-1.320946455001831,0.32264214754104614
1789729854018272500,24.7062724609375,-0.08317308127880096,-0.042276572436094284,0.6127067804336548,0.7847836017608643,0.14380742609500885,-1.3200078010559082,0.32286307215690613
1789729854028209700,24.716209716796875,-0.08392233401536942,-0.04257648438215256,0.611884355545044,0.7853291034698486,0.143722802400589,-1.317962408065796,0.32430344820022583
1789729854038146600,24.726146484375,-0.08493634313344955,-0.04272053763270378,0.6106398105621338,0.7861804962158203,0.14487046003341675,-1.314767599105835,0.3271462321281433
1789729854048083500,24.73608349609375,-0.08631566166877747,-0.0428750216960907,0.608977198600769,0.7873107194900513,0.14667698740959167,-1.3104859590530396,0.33120042085647583
1789729854058020600,24.7460205078125,-0.08804938197135925,-0.04317612573504448,0.6070029139518738,0.7886257767677307,0.14846712350845337,-1.3054417371749878,0.3359680473804474
1789729854067957500,24.75595751953125,-0.09009154886007309,-0.04376401752233505,0.6049051284790039,0.7899734377861023,0.14961686730384827,-1.3001694679260254,0.3409552574157715
1789729854077894400,24.765894287109376,-0.0925060361623764,-0.044832903891801834,0.6028459668159485,0.7912075519561768,0.14968745410442352,-1.295141577720642,0.34608906507492065
1789729854087831600,24.77583154296875,-0.09502603858709335,-0.046269677579402924,0.6010118722915649,0.7922208905220032,0.1485992968082428,-1.2908198833465576,0.3507396876811981
1789729854097768400,24.7857685546875,-0.09755948930978775,-0.04806966334581375,0.5995984077453613,0.7928765416145325,0.14646516740322113,-1.287697196006775,0.3548734486103058
1789729854107705300,24.795705322265626,-0.09984402358531952,-0.050031375139951706,0.598760724067688,0.7931037545204163,0.14364512264728546,-1.2861088514328003,0.35817763209342957
1789729854117642200,24.805642333984373,-0.10191407054662704,-0.05208123102784157,0.5984833240509033,0.7929179072380066,0.1406678557395935,-1.2859750986099243,0.3611234426498413
1789729854127579400,24.815579345703124,-0.10371322929859161,-0.054028429090976715,0.5986236929893494,0.7924482226371765,0.13802248239517212,-1.2868719100952148,0.36384937167167664
1789729854137516300,24.825516357421876,-0.10519886761903763,-0.05571652576327324,0.5990477204322815,0.7918148040771484,0.13608720898628235,-1.2884068489074707,0.3664523661136627
1789729854147453200,24.835453125,-0.1064092367887497,-0.05706692487001419,0.5996254682540894,0.7911192774772644,0.13517604768276215,-1.2902181148529053,0.3691937029361725
1789729854157390300,24.845390380859374,-0.10753020644187927,-0.058173757046461105,0.6002229452133179,0.7904337048530579,0.13528765738010406,-1.2919868230819702,0.3724796772003174
1789729854167327500,24.855327392578126,-0.1086796298623085,-0.05914156511425972,0.6007207632064819,0.7898262739181519,0.13609668612480164,-1.293448805809021,0.37630927562713623
1789729854177265000,24.865264892578125,-0.10984089225530624,-0.0599944032728672,0.6010375618934631,0.7893601655960083,0.13720634579658508,-1.2944176197052002,0.38029947876930237
1789729854187202000,24.8752021484375,-0.11119963228702545,-0.06091327965259552,0.6011496782302856,0.7890141010284424,0.13836142420768738,-1.2948882579803467,0.3847230076789856
1789729854197140200,24.88514013671875,-0.11271383613348007,-0.061906490474939346,0.601133406162262,0.7887343168258667,0.1394990235567093,-1.2950581312179565,0.3894655406475067
1789729854207075000,24.895074951171875,-0.11449363082647324,-0.06310578435659409,0.6010628342628479,0.7884366512298584,0.14054559171199799,-1.2951531410217285,0.39479780197143555
1789729854217010000,24.905010009765626,-0.1164829209446907,-0.0645633190870285,0.6010050177574158,0.7880712151527405,0.14112715423107147,-1.2953743934631348,0.4003373980522156
1789729854226945500,24.914945556640625,-0.11841233819723129,-0.06619932502508163,0.601106584072113,0.7875703573226929,0.1408587098121643,-1.2960907220840454,0.4051901698112488
1789729854236882000,24.9248818359375,-0.1202174499630928,-0.06801879405975342,0.6014730334281921,0.786861777305603,0.13969531655311584,-1.2975738048553467,0.4092201590538025
1789729854246819000,24.934819091796875,-0.12179853022098541,-0.06993678957223892,0.6021531820297241,0.7859297394752502,0.13778658211231232,-1.2999191284179688,0.4123086929321289
1789729854256757000,24.944757080078126,-0.12309395521879196,-0.07182672619819641,0.6031403541564941,0.7847996950149536,0.13553644716739655,-1.3030575513839722,0.4145891070365906
1789729854266695200,24.954695068359374,-0.12429294735193253,-0.07367752492427826,0.6043763756752014,0.7834871411323547,0.1337231993675232,-1.306809663772583,0.41709965467453003
1789729854276633900,24.9646337890625,-0.12538328766822815,-0.07547309994697571,0.6056598424911499,0.7821502685546875,0.1318654716014862,-1.3106803894042969,0.4193275272846222
1789729854286572300,24.974572265625,-0.126273974776268,-0.07704789191484451,0.6068198084831238,0.7809534072875977,0.13002829253673553,-1.3141798973083496,0.4209771752357483
1789729854296509200,24.98450927734375,-0.12719033658504486,-0.07844312489032745,0.6077268123626709,0.7799598574638367,0.12870290875434875,-1.316973090171814,0.42293041944503784
1789729854306446600,24.994446533203124,-0.1282230168581009,-0.07971961796283722,0.6082594394683838,0.7792458534240723,0.12764611840248108,-1.3187779188156128,0.42516782879829407
1789729854316383000,25.004383056640624,-0.12940287590026855,-0.08092528581619263,0.6083136200904846,0.7788841724395752,0.12643207609653473,-1.319358229637146,0.4273817241191864
1789729854326319400,25.0143193359375,-0.13073602318763733,-0.08203928917646408,0.6078601479530334,0.7788990139961243,0.12512612342834473,-1.3186304569244385,0.4296185076236725
1789729854336256000,25.024256103515626,-0.1320849359035492,-0.08295217156410217,0.6069747805595398,0.7792651057243347,0.123904287815094,-1.3167444467544556,0.4316963255405426
1789729854346192600,25.034192626953125,-0.1334940493106842,-0.0836900919675827,0.6057720184326172,0.7798817753791809,0.12313658744096756,-1.313987135887146,0.43408212065696716
1789729854356129500,25.044129638671876,-0.13485431671142578,-0.08421716839075089,0.6043431758880615,0.7806991338729858,0.12273845821619034,-1.3105804920196533,0.4364783763885498
1789729854366067200,25.054067138671876,-0.1360771358013153,-0.08450663834810257,0.6028420329093933,0.781615674495697,0.12284316122531891,-1.3068978786468506,0.43884435296058655
1789729854376004900,25.0640048828125,-0.13725480437278748,-0.08469859510660172,0.6014429926872253,0.7824663519859314,0.12353309243917465,-1.3034236431121826,0.4415874183177948
1789729854385942500,25.073942626953126,-0.13844379782676697,-0.08494167774915695,0.600207507610321,0.7831788659095764,0.12438095360994339,-1.3003768920898438,0.4445716142654419
1789729854395879400,25.08387939453125,-0.13983535766601562,-0.08546729385852814,0.5990691781044006,0.7837458252906799,0.12479636818170547,-1.2976936101913452,0.4478188753128052
1789729854405815300,25.093815185546877,-0.1413586139678955,-0.08623860776424408,0.5979858636856079,0.7842152118682861,0.12456542253494263,-1.2952635288238525,0.45096221566200256
1789729854415751400,25.10375146484375,-0.14288228750228882,-0.0871531069278717,0.5969441533088684,0.7846315503120422,0.12364517897367477,-1.293020486831665,0.4536224603652954
1789729854425687800,25.113687744140623,-0.14441891014575958,-0.0882720798254013,0.5959314703941345,0.7849948406219482,0.12174258381128311,-1.2909668684005737,0.4556133449077606
1789729854435624700,25.123624755859375,-0.14597415924072266,-0.0896000862121582,0.5949429273605347,0.785306453704834,0.11886457353830338,-1.289094090461731,0.45695701241493225
1789729854445561900,25.133561767578126,-0.14739109575748444,-0.09104735404253006,0.5940045714378357,0.7855856418609619,0.1148918941617012,-1.2874383926391602,0.4571760892868042
1789729854455499300,25.143499267578125,-0.14855918288230896,-0.09262088686227798,0.5932294726371765,0.7857673764228821,0.1096034049987793,-1.2862889766693115,0.45589160919189453
1789729854465437200,25.153437255859377,-0.14917007088661194,-0.09411896765232086,0.5928208231925964,0.7857820391654968,0.10323656350374222,-1.2860585451126099,0.4525896906852722
1789729854475374800,25.163374755859376,-0.14936205744743347,-0.09566566348075867,0.5928880572319031,0.7855079770088196,0.09594126790761948,-1.2870529890060425,0.4477916955947876
1789729854485312500,25.1733125,-0.14908191561698914,-0.09725160151720047,0.5934904217720032,0.7849113345146179,0.08758314698934555,-1.2894107103347778,0.4412684440612793
1789729854495249700,25.183249755859375,-0.14837008714675903,-0.09883547574281693,0.5946480631828308,0.7839716076850891,0.07847538590431213,-1.2931487560272217,0.4333316683769226
1789729854505186600,25.1931865234375,-0.14735332131385803,-0.10038347542285919,0.5962913036346436,0.7827176451683044,0.06905937194824219,-1.29806649684906,0.4245642423629761
1789729854515123200,25.203123291015626,-0.1463727056980133,-0.10193398594856262,0.5982726216316223,0.7811878323554993,0.06023405119776726,-1.3037984371185303,0.4164253771305084
1789729854525059800,25.213059814453125,-0.14558809995651245,-0.10343211144208908,0.6003550887107849,0.7795381546020508,0.05252392962574959,-1.3097341060638428,0.40960749983787537
1789729854534996500,25.22299658203125,-0.1451531946659088,-0.10497567057609558,0.6023826003074646,0.7778469324111938,0.04582080617547035,-1.315537691116333,0.4043748080730438
1789729854544933600,25.23293359375,-0.14512594044208527,-0.10662097483873367,0.6043281555175781,0.776117205619812,0.040112487971782684,-1.3211743831634521,0.4008808732032776
1789729854554871000,25.24287109375,-0.14550405740737915,-0.10837938636541367,0.6061802506446838,0.774356484413147,0.035394392907619476,-1.3266268968582153,0.3991340696811676
1789729854564810000,25.25281005859375,-0.14611779153347015,-0.11029114574193954,0.6080322861671448,0.7725167870521545,0.030824854969978333,-1.332160234451294,0.39809930324554443
1789729854574744600,25.26274462890625,-0.14659951627254486,-0.11213350296020508,0.6101067066192627,0.7705221772193909,0.026383716613054276,-1.3382337093353271,0.396890789270401
1789729854584679400,25.272679443359376,-0.14664676785469055,-0.11376354843378067,0.6125842928886414,0.7683053612709045,0.021717483177781105,-1.3452394008636475,0.394502729177475
1789729854594615000,25.282614990234375,-0.14626090228557587,-0.11525620520114899,0.6154916882514954,0.7658287882804871,0.016273600980639458,-1.3532845973968506,0.39049240946769714
1789729854604551400,25.292551513671874,-0.1456049233675003,-0.11669465899467468,0.6187160015106201,0.7631330490112305,0.009988291189074516,-1.3621292114257812,0.3851604759693146
1789729854614488800,25.30248876953125,-0.14491043984889984,-0.11814164370298386,0.6221053600311279,0.7602818012237549,0.003318413393571973,-1.3714216947555542,0.37939876317977905
1789729854624426800,25.3124267578125,-0.1442594975233078,-0.11957180500030518,0.6255472302436829,0.7573522925376892,-0.003356698900461197,-1.3808691501617432,0.37367522716522217
1789729854634365200,25.322365234375,-0.14389026165008545,-0.12109317630529404,0.6289018988609314,0.7543967366218567,-0.009568292647600174,-1.3901697397232056,0.3689642548561096
1789729854644304000,25.332303955078125,-0.1437653750181198,-0.12262991070747375,0.6320607662200928,0.7515268325805664,-0.015107661485671997,-1.3990107774734497,0.3653160035610199
1789729854654242000,25.342241943359376,-0.14384707808494568,-0.12416315078735352,0.6349858641624451,0.7487886548042297,-0.020041143521666527,-1.407282829284668,0.3625824749469757
1789729854664179000,25.352178955078124,-0.14404168725013733,-0.125623881816864,0.6376436948776245,0.7462447285652161,-0.024456189945340157,-1.4148606061935425,0.36044228076934814
1789729854674115800,25.36211572265625,-0.14445246756076813,-0.1271820217370987,0.6399190425872803,0.7439501881599426,-0.029310228303074837,-1.4215223789215088,0.358333945274353
1789729854684053000,25.372052978515626,-0.1451590657234192,-0.1289297491312027,0.6416867971420288,0.7419865727424622,-0.03513846918940544,-1.4269824028015137,0.355974018573761
1789729854693990100,25.381990234375,-0.14614875614643097,-0.13080750405788422,0.6429374814033508,0.7403791546821594,-0.04144065082073212,-1.4311819076538086,0.3537576496601105
1789729854703926300,25.39192626953125,-0.1474248468875885,-0.13274985551834106,0.643767237663269,0.7390583157539368,-0.04710296913981438,-1.434340238571167,0.3527056872844696
1789729854713862400,25.4018623046875,-0.14900998771190643,-0.1347593069076538,0.64433753490448,0.7378787398338318,-0.05130263790488243,-1.4368822574615479,0.35367050766944885
1789729854723799000,25.411799072265627,-0.15076719224452972,-0.13674937188625336,0.6448682546615601,0.7366911172866821,-0.05368968844413757,-1.4393399953842163,0.35667356848716736
1789729854733735700,25.421735595703126,-0.15246166288852692,-0.13854432106018066,0.645521342754364,0.7354339957237244,-0.0541207492351532,-1.4420377016067505,0.3612581193447113
1789729854743672600,25.431672607421874,-0.1539454162120819,-0.13998457789421082,0.6463096141815186,0.7341586947441101,-0.05218716710805893,-1.4449166059494019,0.36738818883895874
1789729854753609700,25.441609619140625,-0.15535911917686462,-0.14113664627075195,0.6470587849617004,0.7329794764518738,-0.047586314380168915,-1.447554349899292,0.3756718337535858
1789729854763547100,25.451547119140624,-0.15683455765247345,-0.14200951159000397,0.6475722789764404,0.7320426106452942,-0.03958192095160484,-1.4494367837905884,0.38705506920814514
1789729854773485600,25.461485595703124,-0.15855923295021057,-0.14272820949554443,0.6477289199829102,0.7313923835754395,-0.028072481974959373,-1.450305461883545,0.4020954966545105
1789729854783423200,25.47142333984375,-0.16045010089874268,-0.14330945909023285,0.6476307511329651,0.7309531569480896,-0.013991878367960453,-1.4504200220108032,0.4197603464126587
1789729854793360400,25.4813603515625,-0.16222095489501953,-0.14372661709785461,0.6474804878234863,0.7306134700775146,0.00043752798228524625,-1.4502811431884766,0.4373665452003479
1789729854803296300,25.491296142578125,-0.16380126774311066,-0.14417605102062225,0.6474428176879883,0.7302055954933167,0.0128891970962286,-1.4504339694976807,0.4527626633644104
1789729854813232400,25.501232421875,-0.16519881784915924,-0.14488942921161652,0.6475757956504822,0.7296313643455505,0.021167539060115814,-1.4511789083480835,0.4640955328941345
1789729854823168800,25.511168701171876,-0.1664954572916031,-0.14606080949306488,0.6479312777519226,0.7287870645523071,0.024300284683704376,-1.4527854919433594,0.47079193592071533
1789729854833105400,25.52110546875,-0.16765211522579193,-0.1476401686668396,0.6486150026321411,0.7275944948196411,0.02294350601732731,-1.4555095434188843,0.47337406873703003
1789729854843042800,25.531042724609375,-0.16874757409095764,-0.14961756765842438,0.6497076749801636,0.7259605526924133,0.018380798399448395,-1.4595587253570557,0.4732248783111572
1789729854852981000,25.54098095703125,-0.1696360856294632,-0.15172021090984344,0.651216983795166,0.7239620089530945,0.011913623660802841,-1.4647953510284424,0.47104108333587646
1789729854862919400,25.55091943359375,-0.17055495083332062,-0.15404313802719116,0.6529690027236938,0.7216739058494568,0.003971455618739128,-1.4708250761032104,0.46774154901504517
1789729854872856600,25.560856689453125,-0.17154957354068756,-0.15645022690296173,0.6547521948814392,0.7193008065223694,-0.004534487146884203,-1.4770119190216064,0.4641149938106537
1789729854882793500,25.57079345703125,-0.1727052479982376,-0.1589088886976242,0.6562545299530029,0.7171128392219543,-0.01399696059525013,-1.4825170040130615,0.4598540961742401
1789729854892730400,25.58073046875,-0.17404548823833466,-0.161422997713089,0.6572208404541016,0.7153401374816895,-0.02584993839263916,-1.486661672592163,0.45357224345207214
1789729854902667500,25.59066748046875,-0.17548322677612305,-0.16390341520309448,0.6575530767440796,0.7141185402870178,-0.040629010647535324,-1.4891196489334106,0.4444798231124878
1789729854912604400,25.6006044921875,-0.17687729001045227,-0.16627854108810425,0.6572738885879517,0.7134822607040405,-0.05892561003565788,-1.4898829460144043,0.4316727817058563
1789729854922541300,25.610541259765625,-0.17832203209400177,-0.16874513030052185,0.656389594078064,0.7133575677871704,-0.08160483092069626,-1.4890780448913574,0.41471049189567566
1789729854932478500,25.620478515625,-0.1798180788755417,-0.1715075820684433,0.654901385307312,0.713690996170044,-0.11085066944360733,-1.4868042469024658,0.39170974493026733
1789729854942415600,25.63041552734375,-0.18106020987033844,-0.17446301877498627,0.652830183506012,0.7145576477050781,-0.14789776504039764,-1.4829758405685425,0.3608418405056
1789729854952352800,25.640352783203124,-0.18200720846652985,-0.1775951087474823,0.6501402258872986,0.715996503829956,-0.19049112498760223,-1.477418303489685,0.3242829740047455
1789729854962289700,25.65028955078125,-0.18293453752994537,-0.1810130923986435,0.6469317078590393,0.717808187007904,-0.23351098597049713,-1.4704829454421997,0.28771719336509705
1789729854972226600,25.6602265625,-0.18394304811954498,-0.18462343513965607,0.643767774105072,0.7194735407829285,-0.2730346620082855,-1.4636762142181396,0.25506067276000977
1789729854982163700,25.670163818359374,-0.1851922571659088,-0.18830882012844086,0.6412193775177002,0.7204729914665222,-0.3070113956928253,-1.4585692882537842,0.2284042090177536
1789729854992100600,25.6801005859375,-0.18745601177215576,-0.19280359148979187,0.6394083499908447,0.720308244228363,-0.33869943022727966,-1.4560741186141968,0.20668907463550568
1789729855002037500,25.69003759765625,-0.1887679249048233,-0.19660735130310059,0.638819694519043,0.7194592356681824,-0.3733688294887543,-1.4561543464660645,0.17954671382904053
1789729855011974700,25.699974609375,-0.1895146667957306,-0.20015758275985718,0.6390697360038757,0.7180606126785278,-0.4135372042655945,-1.4580175876617432,0.1456783413887024
1789729855021911600,25.70991162109375,-0.18956150114536285,-0.2032787799835205,0.639890193939209,0.7164389491081238,-0.4592357277870178,-1.4607609510421753,0.10460607707500458
1789729855031849000,25.719848876953126,-0.18873746693134308,-0.205715611577034,0.6411263942718506,0.7148540019989014,-0.5094226002693176,-1.4637503623962402,0.05675019323825836
1789729855041785900,25.729785888671874,-0.18718364834785461,-0.20738108456134796,0.6425517201423645,0.7135002613067627,-0.5604884028434753,-1.4664257764816284,0.005807401146739721
1789729855051723000,25.739722900390625,-0.18515582382678986,-0.2082231193780899,0.643909215927124,0.712559700012207,-0.6064173579216003,-1.4683305025100708,-0.04189875349402428
1789729855061660000,25.749659912109376,-0.18296700716018677,-0.2082289457321167,0.645024299621582,0.7121147513389587,-0.6407588124275208,-1.4693689346313477,-0.07947343587875366
1789729855071596800,25.7595966796875,-0.18081094324588776,-0.20743048191070557,0.6458081007003784,0.7121881246566772,-0.6598479747772217,-1.469610571861267,-0.10291838645935059
1789729855081535000,25.769534912109375,-0.17892597615718842,-0.20598644018173218,0.6462303400039673,0.7127000689506531,-0.6626368165016174,-1.4692583084106445,-0.11060325801372528
1789729855091470300,25.77947021484375,-0.1775662899017334,-0.20411346852779388,0.6463647484779358,0.7134567499160767,-0.6504223346710205,-1.468712329864502,-0.10313685238361359
1789729855101405700,25.78940576171875,-0.17693780362606049,-0.20218342542648315,0.6463231444358826,0.7141997218132019,-0.6278442740440369,-1.4683351516723633,-0.08431587368249893
1789729855111342600,25.799342529296876,-0.17655660212039948,-0.20016789436340332,0.6463920474052429,0.714799165725708,-0.6023575067520142,-1.4684079885482788,-0.06235251948237419
1789729855121279700,25.80927978515625,-0.17626267671585083,-0.19825875759124756,0.6466453075408936,0.715174674987793,-0.5789660811424255,-1.4689676761627197,-0.04220474511384964
1789729855131217400,25.819217529296875,-0.17559359967708588,-0.19632267951965332,0.6471093893051147,0.7154535055160522,-0.5609480738639832,-1.469752311706543,-0.028023187071084976
1789729855141155600,25.829155517578126,-0.17444907128810883,-0.1944516897201538,0.6477969884872437,0.7156221866607666,-0.5510275959968567,-1.4707510471343994,-0.022541210055351257
1789729855151094000,25.839093994140626,-0.1726481020450592,-0.19251742959022522,0.6488077044487,0.7156662940979004,-0.5503672361373901,-1.4721174240112305,-0.027376094833016396
1789729855161029600,25.849029541015625,-0.17038317024707794,-0.19053030014038086,0.6500662565231323,0.7155987620353699,-0.5566353797912598,-1.473799705505371,-0.03989604115486145
1789729855170966000,25.858966064453124,-0.167988121509552,-0.18869763612747192,0.6513683795928955,0.7154666185379028,-0.5677685737609863,-1.4754984378814697,-0.0572391077876091
1789729855180903000,25.86890283203125,-0.1656244844198227,-0.1870301067829132,0.6525598168373108,0.7153698205947876,-0.5807632207870483,-1.4769190549850464,-0.0761471837759018
1789729855190839800,25.87883984375,-0.16344891488552094,-0.18559159338474274,0.6535031795501709,0.7153836488723755,-0.5932944416999817,-1.477816104888916,-0.09397158026695251
1789729855200777000,25.88877685546875,-0.16168618202209473,-0.18453361093997955,0.6541208028793335,0.7154934406280518,-0.6039777398109436,-1.4781498908996582,-0.10877905040979385
1789729855210714000,25.898714111328125,-0.16034795343875885,-0.18374480307102203,0.6544436812400818,0.7157023549079895,-0.6108845472335815,-1.4780268669128418,-0.11878976970911026
1789729855220651500,25.908651611328125,-0.1595417708158493,-0.1832350641489029,0.6544786095619202,0.7159811854362488,-0.6128082275390625,-1.4775532484054565,-0.12262854725122452
1789729855230588700,25.918588623046876,-0.15912504494190216,-0.18299898505210876,0.654309868812561,0.7162884473800659,-0.6122977137565613,-1.476832628250122,-0.1230623722076416
1789729855240526000,25.928526123046876,-0.1589750349521637,-0.1830785721540451,0.6540506482124329,0.7165381908416748,-0.6127186417579651,-1.4760444164276123,-0.12357664853334427
1789729855250463200,25.938463134765627,-0.15872980654239655,-0.18324053287506104,0.6538389325141907,0.7167443037033081,-0.6160621643066406,-1.4752832651138306,-0.1270325928926468
1789729855260400600,25.948400634765626,-0.15831828117370605,-0.18350324034690857,0.6536955833435059,0.7168988585472107,-0.6236021518707275,-1.4745417833328247,-0.13478083908557892
1789729855270337500,25.958337646484374,-0.15749546885490417,-0.18366675078868866,0.6536239385604858,0.7171035408973694,-0.6349813938140869,-1.4736546277999878,-0.14711147546768188
1789729855280274700,25.968274658203125,-0.1562424749135971,-0.18358321487903595,0.6535463929176331,0.7174695730209351,-0.6471332907676697,-1.4724332094192505,-0.1611984223127365
1789729855290211300,25.97821142578125,-0.15475474298000336,-0.18327286839485168,0.6533563137054443,0.7180442214012146,-0.6568906307220459,-1.4707756042480469,-0.1735583394765854
1789729855300148200,25.988148193359375,-0.15324071049690247,-0.18277272582054138,0.6530123949050903,0.7188088893890381,-0.6620981693267822,-1.4687585830688477,-0.18167744576931
1789729855310085000,25.998085205078127,-0.15185116231441498,-0.18207117915153503,0.6524239182472229,0.7198154926300049,-0.6602445244789124,-1.4662994146347046,-0.18284112215042114
1789729855320022500,26.0080224609375,-0.15096481144428253,-0.18139660358428955,0.651412844657898,0.7210868000984192,-0.6493852138519287,-1.4632216691970825,-0.1742168813943863
1789729855329960000,26.0179599609375,-0.15060453116893768,-0.18072190880775452,0.6500176191329956,0.7225890755653381,-0.6302268505096436,-1.459620475769043,-0.15651875734329224
1789729855339896800,26.027896728515625,-0.15067006647586823,-0.18010227382183075,0.6484478712081909,0.7241388559341431,-0.6073307394981384,-1.45588219165802,-0.13437902927398682
1789729855349833700,26.037833740234376,-0.15097194910049438,-0.17954671382904053,0.6469613313674927,0.7255421876907349,-0.5850847959518433,-1.452478051185608,-0.11245498061180115
1789729855359770600,26.0477705078125,-0.15134933590888977,-0.1790323108434677,0.6457369327545166,0.7266805171966553,-0.565767765045166,-1.449741005897522,-0.09329822659492493
1789729855369707800,26.057707763671875,-0.15160368382930756,-0.17849279940128326,0.6448183059692383,0.727575421333313,-0.5501982569694519,-1.4476591348648071,-0.0781136229634285
1789729855379644700,26.067644775390626,-0.15164262056350708,-0.1779504120349884,0.6441607475280762,0.7282823324203491,-0.5387868881225586,-1.4460684061050415,-0.0674118846654892
1789729855389581600,26.07758154296875,-0.15151651203632355,-0.17745526134967804,0.6436773538589478,0.7288565039634705,-0.5308425426483154,-1.4447894096374512,-0.06035400182008743
1789729855399519700,26.087519775390625,-0.15123021602630615,-0.1769963949918747,0.6433802843093872,0.7292897701263428,-0.526094377040863,-1.4438703060150146,-0.05667726695537567
1789729855409455000,26.097455078125,-0.15094920992851257,-0.17671315371990204,0.6432481408119202,0.7295331954956055,-0.5244651436805725,-1.443361759185791,-0.05586248263716698
1789729855419390700,26.107390625,-0.15069705247879028,-0.17650610208511353,0.6431971788406372,0.7296802997589111,-0.5239834785461426,-1.4430737495422363,-0.05604574829339981
1789729855429326600,26.11732666015625,-0.15066026151180267,-0.17644992470741272,0.6430528163909912,0.7298287749290466,-0.522788941860199,-1.442684531211853,-0.05498016998171806
1789729855439263000,26.127262939453125,-0.150814488530159,-0.1764310896396637,0.6427496671676636,0.7300684452056885,-0.519369900226593,-1.4420158863067627,-0.05135414004325867
1789729855449199900,26.137199951171876,-0.15129457414150238,-0.17646290361881256,0.6421762704849243,0.7304658889770508,-0.5120893120765686,-1.4408702850341797,-0.04331005737185478
1789729855459137500,26.147137451171876,-0.15191952884197235,-0.17638178169727325,0.6413361430168152,0.7310935854911804,-0.5008745789527893,-1.4391350746154785,-0.03127572685480118
1789729855469075500,26.157075439453124,-0.1526360660791397,-0.17622703313827515,0.6403433680534363,0.7318515181541443,-0.48753345012664795,-1.4370533227920532,-0.01708248257637024
1789729855479014000,26.167013916015627,-0.15339568257331848,-0.17609630525112152,0.6394224762916565,0.7325290441513062,-0.4748467803001404,-1.435162901878357,-0.0034484139177948236
1789729855488952000,26.1769521484375,-0.15387815237045288,-0.17585326731204987,0.6388365030288696,0.7329972982406616,-0.4651584327220917,-1.4339476823806763,0.0066087027080357075
1789729855498890000,26.186889892578126,-0.15412850677967072,-0.17562438547611237,0.6386687159538269,0.7331457734107971,-0.4596179723739624,-1.4336636066436768,0.012185260653495789
1789729855508825900,26.196825927734373,-0.15388868749141693,-0.17520438134670258,0.638940691947937,0.7330597043037415,-0.4581350088119507,-1.4342153072357178,0.012697241269052029
1789729855518761700,26.20676171875,-0.15353360772132874,-0.17481008172035217,0.6394465565681458,0.7327871322631836,-0.45897629857063293,-1.4353035688400269,0.01074583176523447
1789729855528697900,26.21669775390625,-0.15320296585559845,-0.1743847131729126,0.6400126814842224,0.7324633598327637,-0.45952677726745605,-1.4365630149841309,0.009073157794773579
1789729855538634500,26.226634521484375,-0.15300871431827545,-0.17393919825553894,0.6404609680175781,0.7322180271148682,-0.4580959975719452,-1.4376007318496704,0.009555242955684662
1789729855548571600,26.236571533203126,-0.1530504822731018,-0.17350780963897705,0.6406089663505554,0.7321821451187134,-0.45332813262939453,-1.438002109527588,0.01374882459640503
1789729855558509600,26.246509521484374,-0.15350963175296783,-0.1731547862291336,0.6402910351753235,0.7324476838111877,-0.4436480700969696,-1.4374401569366455,0.023592758923768997
1789729855568447700,26.25644775390625,-0.1544167697429657,-0.17286905646324158,0.6394510269165039,0.7330580949783325,-0.42871615290641785,-1.4357658624649048,0.03945688530802727
1789729855578385700,26.2663857421875,-0.15569980442523956,-0.17269951105117798,0.6381996273994446,0.733916699886322,-0.4106898009777069,-1.4332056045532227,0.05914786830544472
1789729855588322600,26.276322509765624,-0.15711955726146698,-0.1725575476884842,0.6367896199226379,0.7348716259002686,-0.39199262857437134,-1.4302639961242676,0.07975677400827408
1789729855598259700,26.286259765625,-0.15838831663131714,-0.172349214553833,0.6354658603668213,0.7357934713363647,-0.37493741512298584,-1.4274219274520874,0.09840697050094604
1789729855608196600,26.296196533203126,-0.15934063494205475,-0.17213661968708038,0.6343550086021423,0.7365957498550415,-0.36174142360687256,-1.4249489307403564,0.11272545903921127
1789729855618133500,26.306133544921874,-0.1598222404718399,-0.17190581560134888,0.6334863305091858,0.7372925281524658,-0.35331836342811584,-1.422865867614746,0.12155132740736008
1789729855628070700,26.316070556640625,-0.15996962785720825,-0.17173552513122559,0.6327338814735413,0.737946093082428,-0.34880295395851135,-1.4209359884262085,0.12606804072856903
1789729855638007600,26.326007568359376,-0.15993937849998474,-0.17167291045188904,0.6319666504859924,0.7386243939399719,-0.34695708751678467,-1.4189040660858154,0.12781597673892975
1789729855647944400,26.3359443359375,-0.1598973125219345,-0.17176474630832672,0.6310629844665527,0.7393843531608582,-0.3465670645236969,-1.4165371656417847,0.12832224369049072
1789729855657881600,26.345881591796875,-0.1598472148180008,-0.17189358174800873,0.6300161480903625,0.7402574419975281,-0.34636881947517395,-1.4138017892837524,0.1286870390176773
1789729855667818500,26.355818603515626,-0.16002973914146423,-0.17218329012393951,0.6287869811058044,0.7411952018737793,-0.3456036448478699,-1.410730004310608,0.13020075857639313
1789729855677755400,26.36575537109375,-0.16032437980175018,-0.17252925038337708,0.6274234652519226,0.7422058582305908,-0.3443353772163391,-1.4073725938796997,0.13247044384479523
1789729855687692300,26.3756923828125,-0.16067340970039368,-0.17294390499591827,0.6259518265724182,0.7432757019996643,-0.34320443868637085,-1.4037761688232422,0.1347891390323639
1789729855697629400,26.38562939453125,-0.16109609603881836,-0.1734836846590042,0.624431848526001,0.7443361878395081,-0.3426847755908966,-1.4001164436340332,0.13679060339927673
1789729855707566300,26.39556640625,-0.16135036945343018,-0.17404158413410187,0.6230276226997375,0.7453268766403198,-0.34376898407936096,-1.3966904878616333,0.13696551322937012
1789729855717503200,26.405503173828127,-0.16149257123470306,-0.17472794651985168,0.6218350529670715,0.7461310029029846,-0.34708723425865173,-1.3937907218933105,0.13492123782634735
1789729855727440400,26.4154404296875,-0.16142980754375458,-0.175478994846344,0.6209490895271301,0.746705949306488,-0.35278722643852234,-1.3916031122207642,0.13027572631835938
1789729855737377300,26.425377197265625,-0.16114279627799988,-0.1761912703514099,0.6204602122306824,0.7470065355300903,-0.36021745204925537,-1.3903270959854126,0.12349575012922287
1789729855747314200,26.435314208984376,-0.16074879467487335,-0.17683178186416626,0.6203269958496094,0.7470507025718689,-0.3682805895805359,-1.3898975849151611,0.11580275744199753
1789729855757251300,26.445251220703124,-0.16036640107631683,-0.17737485468387604,0.6203469634056091,0.7469875812530518,-0.3756658434867859,-1.3898448944091797,0.10865379869937897
1789729855767188200,26.455188232421875,-0.16016298532485962,-0.17790234088897705,0.6203144788742065,0.7469327449798584,-0.3815931975841522,-1.3897349834442139,0.1032029464840889
1789729855777125000,26.465125,-0.1602085530757904,-0.17843036353588104,0.6201298832893372,0.7469502687454224,-0.385527104139328,-1.3893541097640991,0.10011643171310425
1789729855787062300,26.475062255859374,-0.16061170399188995,-0.17897699773311615,0.6197847723960876,0.747019350528717,-0.3868754208087921,-1.3887430429458618,0.10017167776823044
1789729855796999200,26.484999267578125,-0.16132447123527527,-0.17959104478359222,0.6193660497665405,0.7470657229423523,-0.386581152677536,-1.3881093263626099,0.10242227464914322
1789729855806936300,26.494936279296876,-0.1620982587337494,-0.18018943071365356,0.6190639138221741,0.7470045685768127,-0.38598108291625977,-1.3878058195114136,0.10503796488046646
1789729855816873200,26.504873291015624,-0.16268478333950043,-0.18066765367984772,0.6190561652183533,0.7467679381370544,-0.38617366552352905,-1.388149380683899,0.10639654099941254
1789729855826810400,26.514810302734375,-0.16301502287387848,-0.1810682862997055,0.6194338202476501,0.7462855577468872,-0.38817495107650757,-1.3893444538116455,0.10543795675039291
1789729855836747500,26.52474755859375,-0.16293379664421082,-0.18129044771194458,0.6202660202980042,0.7455577850341797,-0.39236146211624146,-1.3914750814437866,0.10140912234783173
1789729855846684700,26.5346845703125,-0.16242890059947968,-0.18127335608005524,0.6214880347251892,0.7446539402008057,-0.3982941508293152,-1.3943579196929932,0.09464765340089798
1789729855856621600,26.54462158203125,-0.16170677542686462,-0.18115007877349854,0.6229057312011719,0.7436558604240417,-0.4054669141769409,-1.3976140022277832,0.0861656591296196
1789729855866558700,26.554558837890625,-0.16091257333755493,-0.1809663027524948,0.6243789792060852,0.7426366806030273,-0.41304320096969604,-1.4009631872177124,0.07708612829446793
1789729855876496000,26.564495849609376,-0.16017499566078186,-0.18072591722011566,0.6258127689361572,0.7416471242904663,-0.4199042320251465,-1.4042309522628784,0.06872560828924179
1789729855886432800,26.574432861328123,-0.15952511131763458,-0.18048599362373352,0.6271882057189941,0.7406831383705139,-0.42625975608825684,-1.4073941707611084,0.06100403144955635
1789729855896370000,26.584369873046874,-0.15881724655628204,-0.1801787167787552,0.6285436749458313,0.7397604584693909,-0.4326184093952179,-1.4104650020599365,0.053099337965250015
1789729855906307000,26.59430712890625,-0.15798477828502655,-0.17977634072303772,0.6298738121986389,0.7389047741889954,-0.4391944110393524,-1.413391351699829,0.04466123878955841
1789729855916244200,26.604244140625,-0.15709000825881958,-0.17934970557689667,0.6311178803443909,0.7381372451782227,-0.4460098147392273,-1.416054129600525,0.035864055156707764
1789729855926181000,26.61418115234375,-0.1561088263988495,-0.17885079979896545,0.6322160959243774,0.7375264167785645,-0.45252108573913574,-1.4182840585708618,0.027149200439453125
1789729855936118300,26.6241181640625,-0.1553598791360855,-0.17846550047397614,0.6330761313438416,0.7370400428771973,-0.45768317580223083,-1.420039176940918,0.020298819988965988
1789729855946055400,26.634055419921875,-0.1549089401960373,-0.17822659015655518,0.6337396502494812,0.7366223931312561,-0.46135205030441284,-1.4214695692062378,0.015596739947795868
1789729855955992600,26.64399267578125,-0.1546582281589508,-0.1780650019645691,0.6342942118644714,0.7362367510795593,-0.4638577103614807,-1.4227412939071655,0.01246644090861082
1789729855965929500,26.653929443359374,-0.1545337587594986,-0.17794853448867798,0.6347769498825073,0.7358748912811279,-0.46556782722473145,-1.4239054918289185,0.01038374938070774
1789729855975866600,26.66386669921875,-0.15434768795967102,-0.17778649926185608,0.6351765394210815,0.7356082797050476,-0.46699047088623047,-1.4248181581497192,0.008437074720859528
1789729855985803800,26.6738037109375,-0.15405519306659698,-0.17759741842746735,0.6354435086250305,0.7354846596717834,-0.4684782922267914,-1.4253238439559937,0.006237746682018042
1789729855995741000,26.683740966796876,-0.153726726770401,-0.17746633291244507,0.6355358362197876,0.735505223274231,-0.4701727032661438,-1.4253579378128052,0.003872289089486003
1789729856005677800,26.693677734375,-0.1532285362482071,-0.17726433277130127,0.6354777216911316,0.7357081174850464,-0.47187691926956177,-1.4249008893966675,0.001154859084635973
1789729856015615000,26.703614990234374,-0.152499720454216,-0.17700813710689545,0.635340690612793,0.7360394597053528,-0.4745461940765381,-1.4240974187850952,-0.002937059849500656
1789729856025552100,26.71355224609375,-0.15157632529735565,-0.1768171638250351,0.6352041959762573,0.7363938689231873,-0.47945263981819153,-1.4231735467910767,-0.00945211760699749
1789729856035489000,26.723489013671873,-0.1503768414258957,-0.17673678696155548,0.6351482272148132,0.7367072701454163,-0.4880242645740509,-1.422274112701416,-0.019873982295393944
1789729856045426200,26.73342626953125,-0.1490229070186615,-0.17696885764598846,0.6351938843727112,0.7368873357772827,-0.5014499425888062,-1.4215099811553955,-0.03492139279842377
1789729856055363300,26.74336328125,-0.14786115288734436,-0.17770831286907196,0.6353901028633118,0.736774206161499,-0.5192676782608032,-1.421194076538086,-0.05334904417395592
1789729856065300500,26.753300537109375,-0.14701958000659943,-0.17892193794250488,0.6358242630958557,0.7362741827964783,-0.5407463908195496,-1.4216078519821167,-0.07429267466068268
1789729856075237400,26.7632373046875,-0.1466359943151474,-0.18060706555843353,0.6365315914154053,0.7353274822235107,-0.5653502941131592,-1.4229143857955933,-0.09702257066965103
1789729856085174500,26.773174560546874,-0.14649301767349243,-0.18245822191238403,0.6376180648803711,0.7339563965797424,-0.5926872491836548,-1.4252407550811768,-0.12190983444452286
1789729856095111700,26.783111572265625,-0.14665623009204865,-0.18438804149627686,0.6391053199768066,0.7321457862854004,-0.6221601366996765,-1.42868971824646,-0.14838971197605133
1789729856105048800,26.793048828125,-0.1468852013349533,-0.1860315054655075,0.6410025954246521,0.7300223708152771,-0.6525086164474487,-1.433159589767456,-0.17608322203159332
1789729856114985700,26.80298583984375,-0.14720776677131653,-0.18723273277282715,0.6431413292884827,0.7277657985687256,-0.6810742020606995,-1.4383116960525513,-0.20251035690307617
1789729856124922600,26.812922607421875,-0.14745371043682098,-0.18774369359016418,0.6453474164009094,0.7256283164024353,-0.7049281597137451,-1.4436811208724976,-0.2253454476594925
1789729856134859800,26.82285986328125,-0.1475597769021988,-0.1874476671218872,0.6473824381828308,0.7238683700561523,-0.7203181385993958,-1.4487273693084717,-0.24108974635601044
1789729856144796700,26.832796630859374,-0.1473408043384552,-0.18615666031837463,0.6490755677223206,0.7227290868759155,-0.7235007286071777,-1.4529870748519897,-0.24653632938861847
1789729856154733600,26.842733642578125,-0.14700517058372498,-0.184089794754982,0.6502329111099243,0.7222863435745239,-0.7120333909988403,-1.456129789352417,-0.23861514031887054
1789729856164670700,26.852670654296876,-0.1466611623764038,-0.18148934841156006,0.6507973074913025,0.722506046295166,-0.6866855025291443,-1.4579963684082031,-0.21758224070072174
1789729856174607600,26.862607666015624,-0.1464371681213379,-0.1786779761314392,0.6508197784423828,0.7232316136360168,-0.6512280702590942,-1.4586400985717773,-0.18655259907245636
1789729856184544500,26.87254443359375,-0.1466650664806366,-0.1761338859796524,0.6504161953926086,0.7241719365119934,-0.6107688546180725,-1.4584133625030518,-0.14946110546588898
1789729856194481400,26.8824814453125,-0.14739076793193817,-0.17412666976451874,0.6498212814331055,0.725043535232544,-0.5712253451347351,-1.4578360319137573,-0.11177445203065872
1789729856204418600,26.89241845703125,-0.14852845668792725,-0.17291729152202606,0.6492628455162048,0.7256008982658386,-0.5389116406440735,-1.457401156425476,-0.07955922186374664
1789729856214355500,26.90235546875,-0.1499406099319458,-0.17264240980148315,0.6489217281341553,0.7256810665130615,-0.5180584788322449,-1.4575340747833252,-0.05705316364765167
1789729856224292400,26.912292236328124,-0.15138952434062958,-0.17318733036518097,0.6489237546920776,0.7252484560012817,-0.5101346969604492,-1.458482027053833,-0.04624049738049507
1789729856234229500,26.9222294921875,-0.1528857797384262,-0.17442940175533295,0.6492691040039062,0.7243272662162781,-0.5134398341178894,-1.4603065252304077,-0.04558360576629639
1789729856244166400,26.93216650390625,-0.1542188972234726,-0.17591550946235657,0.6499318480491638,0.7230897545814514,-0.5242734551429749,-1.4628281593322754,-0.0523446761071682
1789729856254103300,26.942103271484374,-0.15544992685317993,-0.17738834023475647,0.6507529616355896,0.7217265963554382,-0.5377060770988464,-1.4656902551651,-0.061874572187662125
1789729856264041200,26.952041259765625,-0.15670983493328094,-0.17861437797546387,0.6515327095985413,0.7204471230506897,-0.5474621653556824,-1.4684873819351196,-0.06804295629262924
1789729856273978400,26.961978271484377,-0.15792670845985413,-0.1792520135641098,0.6521803736686707,0.7194363474845886,-0.5480954051017761,-1.4709745645523071,-0.06600284576416016
1789729856283915500,26.97191552734375,-0.15899743139743805,-0.1790563464164734,0.6526568531990051,0.718816876411438,-0.5360507369041443,-1.4729876518249512,-0.05270694941282272
1789729856293852400,26.981852294921875,-0.15996932983398438,-0.1779499053955078,0.6528529524803162,0.7186979055404663,-0.5081416964530945,-1.4742302894592285,-0.02500896528363228
1789729856303789300,26.991789306640626,-0.16099032759666443,-0.17612506449222565,0.6526440382003784,0.719109058380127,-0.4648718237876892,-1.4743571281433105,0.017087293788790703
1789729856313726500,27.0017265625,-0.16211733222007751,-0.17381805181503296,0.652060329914093,0.7199462652206421,-0.4108070433139801,-1.4733374118804932,0.06944391876459122
1789729856323663600,27.01166357421875,-0.16332769393920898,-0.1713026762008667,0.6512739062309265,0.7209866642951965,-0.35308799147605896,-1.4715238809585571,0.12528271973133087
1789729856333600500,27.0216005859375,-0.1646023988723755,-0.16887392103672028,0.6504714488983154,0.7219934463500977,-0.29800939559936523,-1.469424843788147,0.1787048876285553
1789729856343538000,27.031537841796876,-0.16607655584812164,-0.1669652909040451,0.6497689485549927,0.7227319478988647,-0.25023239850997925,-1.4675577878952026,0.22587212920188904
1789729856353474800,27.041474853515624,-0.16751587390899658,-0.16561709344387054,0.6492540836334229,0.7231725454330444,-0.21244554221630096,-1.466177225112915,0.26380911469459534
1789729856363411700,27.05141162109375,-0.1687837839126587,-0.164786696434021,0.6488819122314453,0.7234014272689819,-0.1848655641078949,-1.4652090072631836,0.2920391857624054
1789729856373348900,27.061348876953126,-0.16996237635612488,-0.1644955426454544,0.6484911441802979,0.7235421538352966,-0.1663914918899536,-1.464327096939087,0.3118179142475128
1789729856383285800,27.07128564453125,-0.17142018675804138,-0.16487723588943481,0.6479235291481018,0.7236198782920837,-0.15422986447811127,-1.4632949829101562,0.32667505741119385
1789729856393222700,27.08122265625,-0.17324328422546387,-0.1657186597585678,0.6471346020698547,0.7236994504928589,-0.14444153010845184,-1.4619418382644653,0.34036797285079956
1789729856403159800,27.091159912109376,-0.17569369077682495,-0.1669813096523285,0.6460719704627991,0.7237679362297058,-0.13345862925052643,-1.4601730108261108,0.35679444670677185
1789729856413096700,27.1010966796875,-0.1785348653793335,-0.16832594573497772,0.6448378562927246,0.7238617539405823,-0.11972211301326752,-1.4580515623092651,0.3766746520996094
1789729856423034000,27.1110341796875,-0.1813824325799942,-0.16941237449645996,0.6435874104499817,0.7240132093429565,-0.10334154963493347,-1.4557408094406128,0.39883953332901
1789729856432971300,27.12097119140625,-0.18410341441631317,-0.17019082605838776,0.6423947215080261,0.7242030501365662,-0.08521638810634613,-1.4533731937408447,0.42211973667144775
1789729856442908400,27.130908447265625,-0.18612805008888245,-0.17028319835662842,0.6414380669593811,0.7245116829872131,-0.06676587462425232,-1.4511228799819946,0.4437038004398346
1789729856452845300,27.14084521484375,-0.18760789930820465,-0.16997042298316956,0.6406886577606201,0.7248664498329163,-0.04956682771444321,-1.4490907192230225,0.46264412999153137
1789729856462782200,27.1507822265625,-0.1885342001914978,-0.1693446785211563,0.6401492953300476,0.7252489924430847,-0.0345543809235096,-1.4473469257354736,0.47812455892562866
1789729856472719400,27.16071923828125,-0.189171701669693,-0.16861099004745483,0.6398245692253113,0.7255404591560364,-0.02085709571838379,-1.4460563659667969,0.49170222878456116
1789729856482656500,27.170656494140626,-0.18982110917568207,-0.16799306869506836,0.6397113800048828,0.7256139516830444,-0.007472396828234196,-1.4453688859939575,0.5051441192626953
1789729856492593400,27.180593505859374,-0.19067713618278503,-0.1676422655582428,0.6397711038589478,0.725417971611023,0.006055478937923908,-1.4452869892120361,0.5194135308265686
1789729856502530600,27.190530517578125,-0.19171646237373352,-0.16748224198818207,0.6399792432785034,0.7249972820281982,0.020363762974739075,-1.4456918239593506,0.5350034832954407
1789729856512467500,27.200467529296876,-0.19307149946689606,-0.167634978890419,0.6402324438095093,0.7243785858154297,0.03513745218515396,-1.4463969469070435,0.5519751310348511
1789729856522404600,27.210404541015624,-0.19444969296455383,-0.16784296929836273,0.6405044794082642,0.7237209677696228,0.04988202080130577,-1.44716215133667,0.5690320730209351
1789729856532341500,27.220341552734375,-0.19591787457466125,-0.1681189239025116,0.6406751275062561,0.7231096625328064,0.0643991157412529,-1.4476882219314575,0.5860978364944458
1789729856542278100,27.230278076171874,-0.19707833230495453,-0.16809828579425812,0.6407408118247986,0.7227408289909363,0.07802912592887878,-1.4477241039276123,0.6013989448547363
1789729856552215000,27.240215087890626,-0.19802135229110718,-0.16785955429077148,0.6406171321868896,0.7226482033729553,0.09013772010803223,-1.4471148252487183,0.6145510077476501
1789729856562153000,27.250153076171873,-0.1988988071680069,-0.1675380915403366,0.640244722366333,0.7228118181228638,0.10036512464284897,-1.4458085298538208,0.6256157755851746
1789729856572089900,27.26008984375,-0.2003556787967682,-0.16774065792560577,0.6395175457000732,0.7230061888694763,0.10856316238641739,-1.4439502954483032,0.6362806558609009
1789729856582027000,27.270027099609376,-0.20165805518627167,-0.1678512543439865,0.6386976838111877,0.7233431339263916,0.11506834626197815,-1.4418061971664429,0.6448977589607239
1789729856591964000,27.2799638671875,-0.2033851444721222,-0.16822674870491028,0.6377747058868408,0.7235866785049438,0.12237412482500076,-1.4395548105239868,0.6553314924240112
1789729856601900800,27.28990087890625,-0.20567847788333893,-0.1688927561044693,0.6367925405502319,0.7236483097076416,0.13194814324378967,-1.437302589416504,0.669295608997345
1789729856611838000,27.299837890625,-0.20838744938373566,-0.16984936594963074,0.6357541084289551,0.7235624194145203,0.14218565821647644,-1.4350792169570923,0.6849656105041504
1789729856621774800,27.30977490234375,-0.21122412383556366,-0.17106811702251434,0.6346041560173035,0.7234622836112976,0.15004567801952362,-1.432786464691162,0.6988394260406494
1789729856631711700,27.319711669921876,-0.2136983722448349,-0.1723456233739853,0.6333895921707153,0.7234967947006226,0.15307050943374634,-1.4304717779159546,0.70743727684021
1789729856641649000,27.32964892578125,-0.21559500694274902,-0.17369595170021057,0.6321494579315186,0.7236957550048828,0.1496243178844452,-1.42829430103302,0.7088226079940796
1789729856651585800,27.339585693359375,-0.21662186086177826,-0.17488586902618408,0.6309841871261597,0.7241193652153015,0.14003673195838928,-1.4263375997543335,0.7025466561317444
1789729856661522700,27.349522705078126,-0.21689952909946442,-0.17594391107559204,0.6299585700035095,0.7246727347373962,0.12587495148181915,-1.424734115600586,0.6903904676437378
1789729856671459600,27.35945947265625,-0.2165912687778473,-0.17685489356517792,0.629188597202301,0.7252119183540344,0.10964946448802948,-1.4236984252929688,0.675076961517334
1789729856681396700,27.369396728515625,-0.21567262709140778,-0.1773558259010315,0.6287899017333984,0.7257089614868164,0.09408030658960342,-1.4232755899429321,0.6588998436927795
1789729856691333600,27.379333740234376,-0.2144947499036789,-0.17755137383937836,0.6287108659744263,0.7260786294937134,0.08095746487379074,-1.4233856201171875,0.6443244814872742
1789729856701270500,27.3892705078125,-0.21320807933807373,-0.1776452511548996,0.628766655921936,0.7263862490653992,0.06855771690607071,-1.4237333536148071,0.6301565766334534
1789729856711207700,27.399207763671875,-0.21176457405090332,-0.17767351865768433,0.6288268566131592,0.7267494201660156,0.055267564952373505,-1.424028992652893,0.6147716641426086
1789729856721144600,27.40914453125,-0.2102631777524948,-0.17774169147014618,0.6288136839866638,0.7271799445152283,0.04060938209295273,-1.424148440361023,0.5979971885681152
1789729856731081500,27.41908154296875,-0.2088736593723297,-0.1780480146408081,0.6287001967430115,0.7276034355163574,0.024238036945462227,-1.4241586923599243,0.5800279378890991
1789729856741018600,27.4290185546875,-0.207589253783226,-0.1786462366580963,0.6285736560821533,0.7279336452484131,0.006063445936888456,-1.4243087768554688,0.5608386397361755
1789729856750955800,27.438955810546876,-0.20649117231369019,-0.17957140505313873,0.6285298466682434,0.7280561327934265,-0.013096120208501816,-1.424857497215271,0.5414125323295593
1789729856760893000,27.448892822265623,-0.20567093789577484,-0.18080344796180725,0.6286081075668335,0.7279157638549805,-0.03218389302492142,-1.4258906841278076,0.5229101181030273
1789729856770829800,27.458829833984375,-0.20520491898059845,-0.18227927386760712,0.6288157105445862,0.7274998426437378,-0.05001162365078926,-1.4273964166641235,0.5065405964851379
1789729856780767000,27.46876708984375,-0.20488624274730682,-0.18369710445404053,0.6291813850402832,0.7269166111946106,-0.06557025015354156,-1.4292484521865845,0.4925650358200073
1789729856790704000,27.4787041015625,-0.20470425486564636,-0.18494106829166412,0.6296549439430237,0.7262421250343323,-0.07800136506557465,-1.4312580823898315,0.4816596508026123
1789729856800641300,27.488641357421876,-0.20442980527877808,-0.1857416182756424,0.6302124857902527,0.7256312370300293,-0.0867929458618164,-1.4331812858581543,0.47360554337501526
1789729856810578200,27.498578125,-0.204140767455101,-0.1861063688993454,0.6307458877563477,0.7251555919647217,-0.09149086475372314,-1.4347623586654663,0.4689885675907135
1789729856820515300,27.508515380859375,-0.2037634551525116,-0.18594509363174438,0.6312050819396973,0.7249034643173218,-0.09190885722637177,-1.4358097314834595,0.46775558590888977
1789729856830452500,27.518452392578126,-0.20346680283546448,-0.18542379140853882,0.6315295100212097,0.7248377799987793,-0.08821205794811249,-1.436293363571167,0.47023704648017883
1789729856840389400,27.528389404296874,-0.20330938696861267,-0.18464963138103485,0.6316927075386047,0.7249373197555542,-0.08103121817111969,-1.4362125396728516,0.4760456383228302
1789729856850326500,27.538326416015625,-0.20335693657398224,-0.18374985456466675,0.6316481828689575,0.7251913547515869,-0.07130356132984161,-1.4355283975601196,0.48453035950660706
1789729856860263700,27.548263671875,-0.20381414890289307,-0.1829313337802887,0.6312628984451294,0.725605309009552,-0.05982637032866478,-1.4340399503707886,0.49550390243530273
1789729856870200800,27.558200927734376,-0.20487183332443237,-0.18252936005592346,0.630466103553772,0.726101279258728,-0.048665016889572144,-1.4317939281463623,0.5076761841773987
1789729856880137700,27.5681376953125,-0.20632556080818176,-0.18252107501029968,0.6294373869895935,0.7265840768814087,-0.03896024078130722,-1.4292278289794922,0.5195637345314026
1789729856890075000,27.578074951171875,-0.2080737203359604,-0.1829686462879181,0.6283619403839111,0.7269037365913391,-0.0314471460878849,-1.4268615245819092,0.5303648114204407
1789729856900012000,27.588011962890626,-0.2099302113056183,-0.18387004733085632,0.6274234056472778,0.7269532084465027,-0.026875397190451622,-1.425166368484497,0.5390433669090271
1789729856909949200,27.59794921875,-0.2116631418466568,-0.1851617693901062,0.6267665028572083,0.7266894578933716,-0.025951381772756577,-1.4244678020477295,0.5444504022598267
1789729856919886000,27.607885986328125,-0.21311278641223907,-0.18678905069828033,0.6264954209327698,0.7260828018188477,-0.029051758348941803,-1.4249919652938843,0.5458871722221375
1789729856929823200,27.6178232421875,-0.21412445604801178,-0.1886560022830963,0.6266956329345703,0.7251291275024414,-0.03639264777302742,-1.426882266998291,0.5427631735801697
1789729856939760400,27.627760498046875,-0.21471823751926422,-0.19061991572380066,0.627358078956604,0.7238659858703613,-0.04673801362514496,-1.430006742477417,0.5361363887786865
1789729856949697500,27.637697509765626,-0.21495328843593597,-0.19246748089790344,0.6283674240112305,0.7224304676055908,-0.05829091742634773,-1.433916687965393,0.5275845527648926
1789729856959634400,27.647634521484374,-0.21494652330875397,-0.19408053159713745,0.6295145153999329,0.7210008502006531,-0.06984339654445648,-1.4379949569702148,0.5183271169662476
1789729856969571600,27.657571533203125,-0.21478271484375,-0.19532524049282074,0.6306108236312866,0.7197543978691101,-0.07994850724935532,-1.4416700601577759,0.5097496509552002
1789729856979508700,27.6675087890625,-0.2147110402584076,-0.19624872505664825,0.6314386129379272,0.7187982201576233,-0.08718062192201614,-1.4444379806518555,0.503725528717041
1789729856989445600,27.677445556640624,-0.2147790491580963,-0.19680260121822357,0.6318826675415039,0.7182360291481018,-0.09065717458724976,-1.445975422859192,0.5011409521102905
1789729856999382800,27.6873828125,-0.21522723138332367,-0.19716931879520416,0.6318556666374207,0.7180250287055969,-0.08992686122655869,-1.4462069272994995,0.5030743479728699
1789729857009320000,27.69731982421875,-0.21606719493865967,-0.1974363923072815,0.6314013600349426,0.7180989980697632,-0.08565430343151093,-1.4453060626983643,0.5090040564537048
1789729857019257000,27.707257080078126,-0.2172618806362152,-0.19771356880664825,0.630632758140564,0.7183375954627991,-0.07913356274366379,-1.4436336755752563,0.5177390575408936
1789729857029194000,27.717194091796873,-0.2187964767217636,-0.1981787383556366,0.6296600103378296,0.7185969352722168,-0.07213915139436722,-1.4415950775146484,0.5277396440505981
1789729857039131100,27.727131103515624,-0.2204194813966751,-0.1987961232662201,0.6286138892173767,0.7188462615013123,-0.06641767919063568,-1.4394810199737549,0.5368285179138184
1789729857049068300,27.737068359375,-0.22209198772907257,-0.19968371093273163,0.6275705099105835,0.718997061252594,-0.0631854459643364,-1.437573790550232,0.5439008474349976
1789729857059006000,27.747005859375,-0.22363486886024475,-0.20081481337547302,0.6266693472862244,0.7189897894859314,-0.06321831792593002,-1.4362035989761353,0.5478695631027222
1789729857068942800,27.75694287109375,-0.22495970129966736,-0.20216010510921478,0.6259400844573975,0.7188347578048706,-0.06685996055603027,-1.4354205131530762,0.548214852809906
1789729857078879500,27.76687939453125,-0.22616422176361084,-0.20381002128124237,0.6253013014793396,0.7185468077659607,-0.07437021285295486,-1.4350866079330444,0.5449587106704712
1789729857088816400,27.77681640625,-0.227163627743721,-0.20569837093353271,0.6247972249984741,0.7181318402290344,-0.08576109260320663,-1.4352519512176514,0.5378631949424744
1789729857098753300,27.786753173828124,-0.22805561125278473,-0.20787973701953888,0.6245030164718628,0.7174766063690186,-0.10039842873811722,-1.4361498355865479,0.527785062789917
1789729857108690400,27.7966904296875,-0.22865614295005798,-0.21014539897441864,0.6245922446250916,0.7165471911430359,-0.11755997687578201,-1.4380466938018799,0.5148552656173706
1789729857118627300,27.80662744140625,-0.22896341979503632,-0.21235868334770203,0.6250911355018616,0.7153604626655579,-0.13614347577095032,-1.4409030675888062,0.49996939301490784
1789729857128564200,27.816564208984374,-0.2291649729013443,-0.2144760936498642,0.6258200407028198,0.7140257358551025,-0.15473602712154388,-1.4442527294158936,0.4847674071788788
1789729857138501400,27.82650146484375,-0.22924938797950745,-0.21628554165363312,0.6265872716903687,0.7127788662910461,-0.17184370756149292,-1.4474539756774902,0.4704204499721527
1789729857148438300,27.836438232421877,-0.22923482954502106,-0.2176928073167801,0.6272592544555664,0.711763322353363,-0.18639954924583435,-1.4501062631607056,0.45789018273353577
1789729857158375200,27.846375244140624,-0.22934278845787048,-0.21882086992263794,0.6276853084564209,0.7110066413879395,-0.19743336737155914,-1.4519566297531128,0.44866564869880676
1789729857168312300,27.856312255859375,-0.22969919443130493,-0.2197340726852417,0.6278099417686462,0.7104997038841248,-0.2040545642375946,-1.4529404640197754,0.4439217150211334
1789729857178249200,27.866249267578127,-0.23042896389961243,-0.22056844830513,0.6275947093963623,0.710195004940033,-0.2063419371843338,-1.4530844688415527,0.4439700245857239
1789729857188186400,27.876186279296874,-0.23177523910999298,-0.22165629267692566,0.6270923614501953,0.7098618745803833,-0.20532795786857605,-1.4528021812438965,0.4486294090747833
1789729857198123500,27.88612353515625,-0.2334173172712326,-0.22292397916316986,0.6266223788261414,0.7093417048454285,-0.20297524333000183,-1.4528076648712158,0.45533692836761475
1789729857208060400,27.896060302734377,-0.2350158542394638,-0.22432096302509308,0.6264301538467407,0.7085428237915039,-0.2018735259771347,-1.4536242485046387,0.46090811491012573
1789729857217997800,27.905997802734376,-0.23613688349723816,-0.22564400732517242,0.6266213059425354,0.7075803279876709,-0.2043168544769287,-1.4552817344665527,0.4620942175388336
1789729857227935500,27.915935546875,-0.23676025867462158,-0.22697806358337402,0.6270976066589355,0.7065225839614868,-0.2121048867702484,-1.457563042640686,0.45719602704048157
1789729857237873000,27.925872802734375,-0.23677007853984833,-0.2282664030790329,0.6278526782989502,0.7054327726364136,-0.226420596241951,-1.4603686332702637,0.4447720944881439
1789729857247809800,27.935809814453126,-0.236273854970932,-0.22953914105892181,0.6288701891899109,0.704278826713562,-0.24707381427288055,-1.4636762142181396,0.4252203106880188
1789729857257747000,27.945746826171874,-0.23565353453159332,-0.23093827068805695,0.6300376653671265,0.7029846906661987,-0.27214792370796204,-1.4673722982406616,0.40124741196632385
1789729857267683800,27.955683837890625,-0.23523440957069397,-0.2325040102005005,0.6312240958213806,0.7015431523323059,-0.2987140715122223,-1.4712344408035278,0.3763324022293091
1789729857277621200,27.965621337890624,-0.23529931902885437,-0.2342715859413147,0.6323021650314331,0.6999607086181641,-0.32367658615112305,-1.475064754486084,0.3540544807910919
1789729857287558000,27.975557861328124,-0.2357368916273117,-0.23607207834720612,0.6332340836524963,0.6983643174171448,-0.3456626832485199,-1.478654384613037,0.3353699743747711
1789729857297494500,27.98549462890625,-0.23654530942440033,-0.23791086673736572,0.6339393854141235,0.696825385093689,-0.3641907274723053,-1.4818120002746582,0.3207678198814392
1789729857307431200,27.99543115234375,-0.2375592142343521,-0.23959535360336304,0.6344465613365173,0.6954402923583984,-0.37785711884498596,-1.4844623804092407,0.31111666560173035
1789729857317367800,28.005367919921873,-0.23886287212371826,-0.2410946637392044,0.6347488760948181,0.6941986083984375,-0.38410162925720215,-1.486636757850647,0.3090554177761078
1789729857327304700,28.0153046875,-0.2402665913105011,-0.24225766956806183,0.6349326372146606,0.6931405067443848,-0.38269057869911194,-1.488406777381897,0.3143044710159302
1789729857337242000,28.0252421875,-0.24179640412330627,-0.24322554469108582,0.6350233554840088,0.6921858191490173,-0.37536367774009705,-1.4899095296859741,0.32537129521369934
1789729857347180000,28.035179931640624,-0.2434290498495102,-0.24401527643203735,0.6350615620613098,0.6912999749183655,-0.362606942653656,-1.491237998008728,0.34175992012023926
1789729857357117700,28.04511767578125,-0.24525399506092072,-0.24475353956222534,0.6350228786468506,0.6904289126396179,-0.3450756072998047,-1.4924166202545166,0.3631399869918823
1789729857367054800,28.055054931640626,-0.24721835553646088,-0.2454536408185959,0.6349274516105652,0.6895670294761658,-0.323824942111969,-1.4934642314910889,0.38839712738990784
1789729857376991700,28.06499169921875,-0.249176487326622,-0.24606099724769592,0.6348230838775635,0.6887414455413818,-0.3003251552581787,-1.4943995475769043,0.4157601594924927
1789729857386928600,28.0749287109375,-0.2509874105453491,-0.24653655290603638,0.6347565054893494,0.687974750995636,-0.2763243317604065,-1.4952540397644043,0.44320449233055115
1789729857396865800,28.08486572265625,-0.2527575194835663,-0.24700891971588135,0.6346994042396545,0.6872094869613647,-0.252412348985672,-1.4960743188858032,0.47049617767333984
1789729857406802700,28.094802734375,-0.25457262992858887,-0.24756968021392822,0.634614109992981,0.6864160299301147,-0.22887426614761353,-1.4968544244766235,0.4976189136505127
1789729857416739600,28.104739501953127,-0.2565169632434845,-0.2483346313238144,0.6344659924507141,0.6855522394180298,-0.20647509396076202,-1.497612714767456,0.5241115689277649
1789729857426676700,28.1146767578125,-0.25842520594596863,-0.24921241402626038,0.6343403458595276,0.6846326589584351,-0.1862221211194992,-1.4984720945358276,0.5485742092132568
1789729857436613600,28.124613525390625,-0.2603169083595276,-0.2501990497112274,0.634271502494812,0.6836192011833191,-0.16734489798545837,-1.4995415210723877,0.5718034505844116
1789729857446550500,28.134550537109376,-0.26222583651542664,-0.25127294659614563,0.6342676281929016,0.6824984550476074,-0.14852407574653625,-1.5008375644683838,0.5951356887817383
1789729857456487700,28.14448779296875,-0.2642361521720886,-0.25250232219696045,0.6342772841453552,0.681259274482727,-0.1295364946126938,-1.5022999048233032,0.6190263032913208
1789729857466424600,28.154424560546875,-0.2662147283554077,-0.2537164092063904,0.6343111395835876,0.6800051927566528,-0.10970793664455414,-1.5037895441055298,0.6436907052993774
1789729857476361500,28.164361572265626,-0.26833489537239075,-0.2549590766429901,0.6342849731445312,0.678730309009552,-0.08692219853401184,-1.505144715309143,0.6715785264968872
1789729857486298600,28.174298583984374,-0.27051103115081787,-0.25605112314224243,0.634225070476532,0.6775102615356445,-0.05932781845331192,-1.5062451362609863,0.7041388750076294
1789729857496235500,28.184235595703125,-0.2728692293167114,-0.2570279836654663,0.634060800075531,0.6763474941253662,-0.025839531794190407,-1.506925106048584,0.7427063584327698
1789729857506172400,28.19417236328125,-0.27534809708595276,-0.257862389087677,0.6337629556655884,0.67530357837677,0.011617160402238369,-1.5070456266403198,0.7852205038070679
1789729857516109600,28.204109619140624,-0.27801987528800964,-0.2586613893508911,0.6332558989524841,0.6743783950805664,0.050518643110990524,-1.5065081119537354,0.829434871673584
1789729857526046500,28.21404638671875,-0.28075847029685974,-0.2593637704849243,0.6325660943984985,0.6736209988594055,0.08830461651086807,-1.5053130388259888,0.8725029826164246
1789729857535983600,28.223983642578126,-0.28341782093048096,-0.25995707511901855,0.6317360997200012,0.6730573177337646,0.12177800387144089,-1.5035842657089233,0.9109824299812317
1789729857545920800,28.233920654296874,-0.28585708141326904,-0.26045459508895874,0.6308467984199524,0.672667384147644,0.14898572862148285,-1.5015825033187866,0.9427226781845093
1789729857555858000,28.24385791015625,-0.28800302743911743,-0.26088711619377136,0.6299823522567749,0.6723945140838623,0.16998466849327087,-1.4995901584625244,0.9677088260650635
1789729857565794800,28.253794921875,-0.29000186920166016,-0.2614094316959381,0.6291266083717346,0.6721336841583252,0.1859179139137268,-1.4977432489395142,0.9875429272651672
1789729857575732000,28.26373193359375,-0.2921096980571747,-0.2622068524360657,0.6282083988189697,0.6717690825462341,0.19852352142333984,-1.4960567951202393,1.0046430826187134
1789729857585669000,28.273669189453123,-0.29438769817352295,-0.26335373520851135,0.6272194385528564,0.6712499856948853,0.20825134217739105,-1.4945974349975586,1.019667387008667
1789729857595606300,28.283606201171875,-0.29686757922172546,-0.2649068534374237,0.6261409521102905,0.6705531477928162,0.21495923399925232,-1.4933955669403076,1.0326112508773804
1789729857605543200,28.293543212890626,-0.2994977831840515,-0.2667796015739441,0.6250114440917969,0.6696942448616028,0.21972332894802094,-1.4924554824829102,1.0443412065505981
1789729857615480300,28.303480224609373,-0.30219218134880066,-0.26889199018478394,0.6239332556724548,0.668643593788147,0.22413426637649536,-1.4919354915618896,1.0561929941177368
1789729857625417500,28.31341748046875,-0.30417394638061523,-0.2714196741580963,0.6226761937141418,0.6678951382637024,0.20735926926136017,-1.491813063621521,1.0464028120040894
1789729857635354600,28.323354736328124,-0.3058165907859802,-0.27384743094444275,0.6217401623725891,0.6670254468917847,0.1920354664325714,-1.4923824071884155,1.0373808145523071
1789729857645291500,28.33329150390625,-0.3070605993270874,-0.2761611342430115,0.6211742162704468,0.6660265922546387,0.17782412469387054,-1.493751049041748,1.0286705493927002
1789729857655228700,28.343228759765626,-0.30811503529548645,-0.278228223323822,0.6208258867263794,0.6650032997131348,0.16695623099803925,-1.4953480958938599,1.022627353668213
1789729857665165800,28.353165771484374,-0.30928313732147217,-0.28013864159584045,0.6204763054847717,0.6639845371246338,0.15999209880828857,-1.4967213869094849,1.0204308032989502
1789729857675102700,28.363102783203125,-0.3105168342590332,-0.28185200691223145,0.6201053261756897,0.6630294919013977,0.15628206729888916,-1.497784972190857,1.0212935209274292
1789729857685039900,28.373039794921876,-0.3117537200450897,-0.28337427973747253,0.6197710633277893,0.6621121168136597,0.15583539009094238,-1.4986951351165771,1.0251346826553345
1789729857694977000,28.38297705078125,-0.3131346106529236,-0.2847732603549957,0.6194672584533691,0.6611438393592834,0.16071300208568573,-1.4994879961013794,1.0343376398086548
1789729857704914200,28.3929140625,-0.3146578371524811,-0.28600069880485535,0.6191880106925964,0.6601516604423523,0.17148354649543762,-1.5000802278518677,1.0493967533111572
1789729857714851000,28.40285107421875,-0.3163398802280426,-0.2871458828449249,0.6188803315162659,0.6591384410858154,0.18625563383102417,-1.500454068183899,1.0685847997665405
1789729857724788200,28.412788330078126,-0.3180580735206604,-0.2880867123603821,0.6185662746429443,0.6581951975822449,0.2042754888534546,-1.5005160570144653,1.090767502784729
1789729857734725400,28.422725341796873,-0.3198423385620117,-0.2889227271080017,0.6182093620300293,0.6572988033294678,0.22392581403255463,-1.5002981424331665,1.1145275831222534
1789729857744662500,28.43266259765625,-0.3214045763015747,-0.2895980477333069,0.6179773211479187,0.656457245349884,0.24367940425872803,-1.5001789331436157,1.1377928256988525
1789729857754599400,28.442599365234376,-0.3225763142108917,-0.29029062390327454,0.6180167198181152,0.6555388569831848,0.2620106637477875,-1.5007771253585815,1.159040927886963
1789729857764536600,28.45253662109375,-0.3232012689113617,-0.2910016179084778,0.6183671355247498,0.6545846462249756,0.2771872878074646,-1.5022475719451904,1.1762917041778564
1789729857774473700,28.4624736328125,-0.3234219253063202,-0.29175809025764465,0.618910551071167,0.6536246538162231,0.289174348115921,-1.5043365955352783,1.1897797584533691
1789729857784410600,28.47241064453125,-0.3235137462615967,-0.2926187217235565,0.6194996237754822,0.6526357531547546,0.2993796467781067,-1.506716251373291,1.201446294784546
1789729857794347800,28.48234765625,-0.32349255681037903,-0.29343676567077637,0.6200833320617676,0.6517239212989807,0.30807533860206604,-1.5090686082839966,1.211357593536377
1789729857804285000,28.492284912109376,-0.32363760471343994,-0.2943761348724365,0.6204570531845093,0.6508721113204956,0.3135913610458374,-1.511101245880127,1.2185503244400024
1789729857814222000,28.50222216796875,-0.32408854365348816,-0.295405775308609,0.6205471754074097,0.6500948071479797,0.31691330671310425,-1.5125514268875122,1.2241802215576172
1789729857824159000,28.512158935546875,-0.32473433017730713,-0.2964898645877838,0.6204397678375244,0.649381160736084,0.318223774433136,-1.513599157333374,1.2282004356384277
1789729857834096000,28.52209619140625,-0.3253542482852936,-0.29768940806388855,0.6202445030212402,0.6487082839012146,0.3147515654563904,-1.5146557092666626,1.2275803089141846
1789729857844033800,28.53203369140625,-0.3258662223815918,-0.29891884326934814,0.6200681328773499,0.6480541825294495,0.3087139129638672,-1.5158452987670898,1.2242714166641235
1789729857853971200,28.54197119140625,-0.3262978196144104,-0.30007556080818176,0.6199036836624146,0.6474595069885254,0.30158156156539917,-1.5169957876205444,1.219628930091858
1789729857863908400,28.551908447265625,-0.32651257514953613,-0.3010684847831726,0.6197376251220703,0.6470491290092468,0.29004496335983276,-1.5180015563964844,1.209985375404358
1789729857873845200,28.56184521484375,-0.3266231417655945,-0.30191102623939514,0.6194677948951721,0.6468591094017029,0.2733033001422882,-1.5186173915863037,1.1947407722473145
1789729857883782400,28.571782470703123,-0.3266998529434204,-0.30265486240386963,0.6190391778945923,0.6468830704689026,0.2509501278400421,-1.5187615156173706,1.1736812591552734
1789729857893719600,28.581719482421875,-0.32671207189559937,-0.3034121096134186,0.6185325384140015,0.6470068097114563,0.22381556034088135,-1.5187581777572632,1.1477636098861694
1789729857903656400,28.591656494140626,-0.32647764682769775,-0.30412110686302185,0.6180175542831421,0.6472843289375305,0.18998099863529205,-1.5187065601348877,1.1146798133850098
1789729857913593600,28.601593505859373,-0.32618626952171326,-0.3048936426639557,0.6173498630523682,0.6477047801017761,0.14897021651268005,-1.5183528661727905,1.074433445930481
1789729857923530800,28.61153076171875,-0.3261168301105499,-0.3058311641216278,0.6163508296012878,0.6482490301132202,0.10301011800765991,-1.5173304080963135,1.0298608541488647
1789729857933467600,28.621467529296876,-0.326061487197876,-0.30681779980659485,0.615119993686676,0.6489793062210083,0.05264374613761902,-1.515712022781372,0.980989396572113
1789729857943404500,28.631404541015623,-0.32605740427970886,-0.30805814266204834,0.6136625409126282,0.6497730612754822,-0.0027583204209804535,-1.5137286186218262,0.9275712966918945
1789729857953341400,28.641341552734374,-0.32606804370880127,-0.30960196256637573,0.612052321434021,0.6505522131919861,-0.0622631274163723,-1.511569619178772,0.8705589771270752
1789729857963278000,28.651278076171874,-0.32621145248413086,-0.31156080961227417,0.6102915406227112,0.6511990427970886,-0.12418542802333832,-1.5093369483947754,0.8120028376579285
1789729857973215000,28.661215087890625,-0.3262135684490204,-0.3137161135673523,0.6085677742958069,0.6517761945724487,-0.18826919794082642,-1.5071758031845093,0.7513754367828369
1789729857983151900,28.67115185546875,-0.3261893093585968,-0.31615975499153137,0.6069280505180359,0.6521363854408264,-0.25344178080558777,-1.505295753479004,0.69007408618927
1789729857993089000,28.681089111328124,-0.3261250853538513,-0.318829745054245,0.605461597442627,0.652231752872467,-0.3191054165363312,-1.5038411617279053,0.6285766959190369
1789729858003027200,28.691027099609375,-0.32641756534576416,-0.3211444914340973,0.6052306890487671,0.6511632800102234,-0.3616023063659668,-1.5053995847702026,0.5902021527290344
1789729858012964400,28.70096435546875,-0.3263877034187317,-0.3232577443122864,0.6054433584213257,0.6499337553977966,-0.4073065221309662,-1.5077115297317505,0.5477775931358337
1789729858022901500,28.710901611328126,-0.3260296881198883,-0.32498422265052795,0.6060152053833008,0.6487183570861816,-0.4541339576244354,-1.5103782415390015,0.5030884742736816
1789729858032838700,28.720838623046873,-0.3255511522293091,-0.3262666165828705,0.6067661046981812,0.6476120948791504,-0.4967455565929413,-1.5130140781402588,0.46171683073043823
1789729858042775600,28.730775634765624,-0.32509440183639526,-0.3269921541213989,0.6075727939605713,0.6467186808586121,-0.5278693437576294,-1.515363335609436,0.4309874176979065
1789729858052712700,28.740712646484376,-0.32471877336502075,-0.3270834684371948,0.6083351373672485,0.6461443305015564,-0.5416501760482788,-1.517215609550476,0.4167269766330719
1789729858062649900,28.75064990234375,-0.324565052986145,-0.32675135135650635,0.6089122295379639,0.6458459496498108,-0.537918746471405,-1.5184667110443115,0.4196664094924927
1789729858072586500,28.76058642578125,-0.3244081437587738,-0.3259422779083252,0.6093735098838806,0.6458985209465027,-0.5199958682060242,-1.5190904140472412,0.43604087829589844
1789729858082523100,28.770523193359374,-0.3243139684200287,-0.32488760352134705,0.6096438765525818,0.6462219953536987,-0.49278515577316284,-1.519055724143982,0.4614230990409851
1789729858092459800,28.780459716796877,-0.3241131603717804,-0.3237040936946869,0.6098029613494873,0.6467663645744324,-0.4649396240711212,-1.5185134410858154,0.4870727062225342
1789729858102397200,28.790397216796876,-0.32381102442741394,-0.3226144015789032,0.60984206199646,0.6474249362945557,-0.44307583570480347,-1.5176132917404175,0.506733775138855
1789729858112334800,28.8003349609375,-0.32341697812080383,-0.3216918706893921,0.6097394824028015,0.6481771469116211,-0.4290158748626709,-1.5163774490356445,0.5187171697616577
1789729858122272300,28.810272216796875,-0.32335010170936584,-0.32127365469932556,0.6093408465385437,0.6487925052642822,-0.4209068715572357,-1.5149186849594116,0.5260745882987976
1789729858132209400,28.82020947265625,-0.3236404061317444,-0.3215677738189697,0.6086576581001282,0.6491431593894958,-0.42281588912010193,-1.5134575366973877,0.5251153707504272
1789729858142146300,28.830146240234374,-0.32433539628982544,-0.32262077927589417,0.6077685952186584,0.6491068601608276,-0.43391096591949463,-1.5122756958007812,0.516819179058075
1789729858152082200,28.840082275390625,-0.32602131366729736,-0.3251139223575592,0.6064656376838684,0.6482364535331726,-0.45697781443595886,-1.5117017030715942,0.500417172908783
1789729858162018300,28.850018310546876,-0.3266887366771698,-0.3273790776729584,0.6058273315429688,0.6473566293716431,-0.4976541996002197,-1.5120477676391602,0.4644114673137665
1789729858171954700,28.85995458984375,-0.32674384117126465,-0.32977110147476196,0.6056334972381592,0.6462952494621277,-0.5572912096977234,-1.5131245851516724,0.40866613388061523
1789729858181891300,28.869891357421874,-0.32633933424949646,-0.3321009874343872,0.6057115197181702,0.645232617855072,-0.6292752027511597,-1.5143063068389893,0.3397413194179535
1789729858191828500,28.879828369140625,-0.32554394006729126,-0.3339219093322754,0.6059520840644836,0.6444683074951172,-0.6995049715042114,-1.5150458812713623,0.27114126086235046
1789729858201766100,28.88976611328125,-0.3248378038406372,-0.3352309465408325,0.6060783863067627,0.6440261006355286,-0.7531298398971558,-1.5151475667953491,0.2184789627790451
1789729858211704000,28.8997041015625,-0.32450300455093384,-0.33599480986595154,0.6058656573295593,0.6439969539642334,-0.7788702845573425,-1.5144670009613037,0.19343551993370056
1789729858221642000,28.90964208984375,-0.32466620206832886,-0.3361491560935974,0.6051977872848511,0.644461989402771,-0.7709382176399231,-1.512933611869812,0.20189911127090454
1789729858231580200,28.919580078125,-0.3255765438079834,-0.3359273672103882,0.6039552688598633,0.6452834606170654,-0.7323943972587585,-1.510534405708313,0.24158205091953278
1789729858241517300,28.929517333984375,-0.32705432176589966,-0.33534398674964905,0.6022962331771851,0.6463893055915833,-0.6735650300979614,-1.5073363780975342,0.3018958866596222
1789729858251454200,28.9394541015625,-0.329323947429657,-0.3347848653793335,0.6002033948898315,0.6474725604057312,-0.6041527390480042,-1.5034902095794678,0.37411633133888245
1789729858261391400,28.949391357421874,-0.3321576714515686,-0.334446519613266,0.5980263352394104,0.6482139825820923,-0.5367447733879089,-1.4997317790985107,0.445596307516098
1789729858271328500,28.95932861328125,-0.33528125286102295,-0.3346219062805176,0.5960632562637329,0.6483234167098999,-0.4812312126159668,-1.4968665838241577,0.5064629316329956
1789729858281265400,28.969265380859376,-0.33829808235168457,-0.33524230122566223,0.5944795608520508,0.6478896737098694,-0.4396386444568634,-1.4951214790344238,0.5539411306381226
1789729858291202300,28.979202392578124,-0.34088656306266785,-0.3361201286315918,0.5932150483131409,0.6472368240356445,-0.4115891456604004,-1.4940823316574097,0.5875970721244812
1789729858301139500,28.989139404296875,-0.3426745533943176,-0.3369508385658264,0.5921877026557922,0.6468013525009155,-0.3972927927970886,-1.4931186437606812,0.6061380505561829
1789729858311076400,28.999076416015626,-0.34343841671943665,-0.3373539447784424,0.5914348363876343,0.6468749046325684,-0.39335963129997253,-1.4919006824493408,0.6119817495346069
1789729858321013200,29.00901318359375,-0.3434290587902069,-0.3372584283351898,0.5909826159477234,0.6473428606987,-0.3935489356517792,-1.4905933141708374,0.6116517186164856
1789729858330950400,29.018950439453125,-0.34318310022354126,-0.33686766028404236,0.5907344222068787,0.6479030847549438,-0.3920750021934509,-1.4894336462020874,0.6121238470077515
1789729858340887300,29.02888720703125,-0.3428800106048584,-0.33628925681114197,0.5906866192817688,0.6484073996543884,-0.38770610094070435,-1.488613486289978,0.6150879263877869
1789729858350824200,29.03882421875,-0.34280821681022644,-0.33594825863838196,0.5907201766967773,0.6485915780067444,-0.3830796480178833,-1.4883582592010498,0.6190544366836548
1789729858360761300,29.04876123046875,-0.34302955865859985,-0.33609744906425476,0.590854823589325,0.6482744812965393,-0.38121286034584045,-1.4889801740646362,0.6215043067932129
1789729858370698200,29.0586982421875,-0.34349164366722107,-0.3368477523326874,0.5910613536834717,0.6474515795707703,-0.385041207075119,-1.490475058555603,0.6195998191833496
1789729858380635100,29.06863525390625,-0.34414026141166687,-0.3381533622741699,0.5912790894508362,0.6462266445159912,-0.395347535610199,-1.492610216140747,0.6124047636985779
1789729858390572000,29.078572021484376,-0.34514498710632324,-0.34009283781051636,0.5913034081459045,0.6446487903594971,-0.41180628538131714,-1.494998574256897,0.6006556153297424
1789729858400509200,29.08850927734375,-0.34623515605926514,-0.34217867255210876,0.5912651419639587,0.6429933905601501,-0.4305189251899719,-1.4974011182785034,0.5870363712310791
1789729858410446300,29.0984462890625,-0.34738340973854065,-0.3443601131439209,0.5911498069763184,0.6413133144378662,-0.4512578845024109,-1.499709963798523,0.5716497898101807
1789729858420383500,29.108383544921875,-0.3483647406101227,-0.3463764488697052,0.5910974144935608,0.6397414803504944,-0.47301408648490906,-1.5019315481185913,0.554716944694519
1789729858430320400,29.1183203125,-0.34918272495269775,-0.34811779856681824,0.5911312699317932,0.6383174657821655,-0.493361234664917,-1.5040347576141357,0.538490355014801
1789729858440257500,29.128257568359373,-0.3495747745037079,-0.3492683172225952,0.5913717150688171,0.6372507810592651,-0.5104838609695435,-1.505900502204895,0.5238430500030518
1789729858450194700,29.138194580078125,-0.34936168789863586,-0.3497224748134613,0.5918321013450623,0.6366909742355347,-0.5253898501396179,-1.5073438882827759,0.5093047022819519
1789729858460131800,29.1481318359375,-0.34899207949638367,-0.34988075494766235,0.592129647731781,0.6365300416946411,-0.5371818542480469,-1.507981538772583,0.49715742468833923
1789729858470068700,29.15806884765625,-0.34835925698280334,-0.34972935914993286,0.5922622680664062,0.6368364095687866,-0.5472609996795654,-1.5077182054519653,0.4858054220676422
1789729858480006000,29.168005859375,-0.3477807939052582,-0.34964725375175476,0.5920999050140381,0.6373484134674072,-0.5572302937507629,-1.5067394971847534,0.4747792184352875
1789729858489943000,29.177943115234374,-0.3473093807697296,-0.34982383251190186,0.5917310118675232,0.6378509998321533,-0.5702425837516785,-1.5054644346237183,0.46131059527397156
1789729858499880200,29.187880126953125,-0.34689655900001526,-0.3504078686237335,0.5913175344467163,0.6381384134292603,-0.5907801985740662,-1.5043832063674927,0.4410715103149414
1789729858509817000,29.197817138671876,-0.34646931290626526,-0.3514264225959778,0.591061532497406,0.6380476355552673,-0.621524453163147,-1.5039669275283813,0.41129830479621887
1789729858519754200,29.207754150390624,-0.3461572229862213,-0.3529450595378876,0.5909609794616699,0.637471616268158,-0.6623080968856812,-1.5043104887008667,0.3724714517593384
1789729858529691400,29.21769140625,-0.3459439277648926,-0.3547293245792389,0.5909995436668396,0.6365606188774109,-0.7091492414474487,-1.5051637887954712,0.32817184925079346
1789729858539628300,29.227628173828126,-0.3459021747112274,-0.3565799295902252,0.5910681486129761,0.6354847550392151,-0.7560489773750305,-1.5061805248260498,0.2842023968696594
1789729858549565400,29.2375654296875,-0.3461015224456787,-0.3583400547504425,0.5910390615463257,0.6344122886657715,-0.7967337369918823,-1.5070512294769287,0.24669770896434784
1789729858559503600,29.247503662109374,-0.34627094864845276,-0.3596348464488983,0.5910438299179077,0.6335821747779846,-0.8273022770881653,-1.5077276229858398,0.21850769221782684
1789729858569441000,29.25744091796875,-0.34627777338027954,-0.3603839576244354,0.591169536113739,0.6330353021621704,-0.8485090136528015,-1.508309006690979,0.19852566719055176
1789729858579378000,29.2673779296875,-0.3459332287311554,-0.3604252338409424,0.5915303826332092,0.6328630447387695,-0.8604905009269714,-1.5088438987731934,0.1860385239124298
1789729858589315000,29.277315185546875,-0.34539279341697693,-0.3599061369895935,0.5920107960700989,0.6330044269561768,-0.862663745880127,-1.5092864036560059,0.18212701380252838
1789729858599252200,29.287252197265627,-0.34484943747520447,-0.3590927720069885,0.5924436450004578,0.633357584476471,-0.8562936782836914,-1.5095205307006836,0.1862795501947403
1789729858609189000,29.297189208984374,-0.34428495168685913,-0.3580179214477539,0.5927823781967163,0.6339558959007263,-0.8418863415718079,-1.5094048976898193,0.1980150192975998
1789729858619126300,29.307126220703125,-0.3441025912761688,-0.35708025097846985,0.5927701592445374,0.6345948576927185,-0.8199098706245422,-1.5088554620742798,0.21817472577095032
1789729858629063000,29.31706298828125,-0.3443807065486908,-0.3563406765460968,0.5923480987548828,0.6352534890174866,-0.79052734375,-1.507794737815857,0.2468249797821045
1789729858638999600,29.32699951171875,-0.3452926278114319,-0.35595086216926575,0.5914453864097595,0.63581782579422,-0.7548490166664124,-1.5062469244003296,0.28338170051574707
1789729858648936400,29.3369365234375,-0.3467658758163452,-0.35581767559051514,0.5901546478271484,0.6362897753715515,-0.7139666080474854,-1.5042953491210938,0.3264849781990051
1789729858658873000,29.346873046875,-0.34865373373031616,-0.355842262506485,0.5886167883872986,0.6366688013076782,-0.6703057885169983,-1.5020712614059448,0.3733102083206177
1789729858668810200,29.356810302734374,-0.3506461977958679,-0.35579171776771545,0.5870331525802612,0.6370648145675659,-0.6259026527404785,-1.4996529817581177,0.4209328293800354
1789729858678747400,29.366747314453125,-0.3525044322013855,-0.3555826246738434,0.5854918956756592,0.6375741958618164,-0.5838272571563721,-1.4969958066940308,0.46575987339019775
1789729858688684800,29.376684814453125,-0.3537761867046356,-0.35491952300071716,0.5842120051383972,0.6384127736091614,-0.5464139580726624,-1.49410879611969,0.5042313933372498
1789729858698622200,29.386622314453124,-0.35463809967041016,-0.35393860936164856,0.5830661654472351,0.6395256519317627,-0.5128723978996277,-1.4909220933914185,0.5376496315002441
1789729858708559600,29.3965595703125,-0.3552030026912689,-0.3528227210044861,0.5819767117500305,0.6408198475837708,-0.4844222068786621,-1.4874876737594604,0.5652810335159302
1789729858718497000,29.4064970703125,-0.355581670999527,-0.3518509268760681,0.5808849930763245,0.642133355140686,-0.4635731279850006,-1.4839909076690674,0.5852461457252502
1789729858728434200,29.41643408203125,-0.35570043325424194,-0.3511028587818146,0.5798793435096741,0.6433846950531006,-0.45166605710983276,-1.480720043182373,0.5962069034576416
1789729858738371300,29.426371337890625,-0.35556015372276306,-0.35069534182548523,0.5789910554885864,0.6444835662841797,-0.4493822455406189,-1.4778867959976196,0.5976705551147461
1789729858748308500,29.43630859375,-0.35542184114456177,-0.35085153579711914,0.5780813694000244,0.6452909708023071,-0.45567741990089417,-1.475492238998413,0.5914698243141174
1789729858758245600,29.44624560546875,-0.355385422706604,-0.3515491783618927,0.5770931839942932,0.6458156704902649,-0.4683789312839508,-1.473418951034546,0.579908013343811
1789729858768182500,29.4561826171875,-0.3553350269794464,-0.35257282853126526,0.576099693775177,0.6461722254753113,-0.48556646704673767,-1.471580982208252,0.5643638372421265
1789729858778119700,29.46611962890625,-0.3552725911140442,-0.353901743888855,0.5751476287841797,0.6463282108306885,-0.5067675113677979,-1.470070719718933,0.5452799201011658
1789729858788056800,29.476056884765626,-0.3550373315811157,-0.35531723499298096,0.5743723511695862,0.6463702917098999,-0.5308946967124939,-1.468930721282959,0.5231193900108337
1789729858797994000,29.485993896484374,-0.3548559248447418,-0.35681992769241333,0.5736862421035767,0.646251380443573,-0.555160403251648,-1.4680906534194946,0.5010430216789246
1789729858807931000,29.495930908203125,-0.35482633113861084,-0.35825127363204956,0.5730612277984619,0.6460303068161011,-0.5761643648147583,-1.4674427509307861,0.4823591411113739
1789729858817868000,29.505867919921876,-0.35490554571151733,-0.3594701588153839,0.5725403428077698,0.6457715034484863,-0.5925847291946411,-1.466984510421753,0.4680827260017395
1789729858827805200,29.51580517578125,-0.355103999376297,-0.3605065643787384,0.5721305012702942,0.645447850227356,-0.6049053072929382,-1.4667822122573853,0.457796186208725
1789729858837742000,29.5257421875,-0.35533592104911804,-0.36130231618881226,0.5719212889671326,0.6450605392456055,-0.6135875582695007,-1.4669718742370605,0.4507963955402374
1789729858847679200,29.53567919921875,-0.3555690348148346,-0.3619014620780945,0.5719271302223206,0.6445908546447754,-0.6197939515113831,-1.4675995111465454,0.4459387958049774
1789729858857616400,29.545616455078125,-0.3556555509567261,-0.3622845411300659,0.5721935629844666,0.6440912485122681,-0.6251768469810486,-1.4686415195465088,0.441296249628067
1789729858867553500,29.555553466796876,-0.3555927276611328,-0.36251628398895264,0.5726690292358398,0.6435728073120117,-0.6306936740875244,-1.4700037240982056,0.43601667881011963
1789729858877490400,29.565490478515624,-0.35527798533439636,-0.3625413179397583,0.5733799934387207,0.6430993676185608,-0.6368985176086426,-1.4716249704360962,0.42928802967071533
1789729858887427600,29.575427490234375,-0.35485514998435974,-0.3625624477863312,0.5742250084877014,0.6425666809082031,-0.6450371146202087,-1.473495602607727,0.42043405771255493
1789729858897364700,29.58536474609375,-0.3543311655521393,-0.36260876059532166,0.5752043128013611,0.6419535279273987,-0.6556932926177979,-1.4756395816802979,0.40893226861953735
1789729858907302000,29.595302001953126,-0.3538689613342285,-0.36282455921173096,0.5762377381324768,0.6411592364311218,-0.6691564917564392,-1.4780809879302979,0.39499664306640625
1789729858917238800,29.60523876953125,-0.35353580117225647,-0.36321255564689636,0.5772910714149475,0.6401750445365906,-0.684769868850708,-1.4807876348495483,0.3794000744819641
1789729858927176000,29.615176025390625,-0.35340169072151184,-0.36374276876449585,0.5782932639122009,0.6390424966812134,-0.7009826898574829,-1.4836204051971436,0.36376410722732544
1789729858937113000,29.625113037109376,-0.3535166382789612,-0.364396333694458,0.5791521668434143,0.6378276348114014,-0.7163097858428955,-1.4863777160644531,0.3496309518814087
1789729858947050200,29.63505029296875,-0.3539409637451172,-0.3650777041912079,0.5797562599182129,0.6366527676582336,-0.7271421551704407,-1.4887827634811401,0.34055641293525696
1789729858956987100,29.644987060546875,-0.3548055589199066,-0.3658144176006317,0.580023467540741,0.6355041861534119,-0.7310239672660828,-1.4907832145690918,0.3392598330974579
1789729858966924300,29.65492431640625,-0.35594865679740906,-0.36661070585250854,0.5800913572311401,0.6343430876731873,-0.7307731509208679,-1.4925850629806519,0.3426610827445984
1789729858976861400,29.664861328125,-0.3571626842021942,-0.36745020747184753,0.5801500678062439,0.633120059967041,-0.7302131056785583,-1.494466781616211,0.34656110405921936
1789729858986798600,29.674798583984376,-0.3582417666912079,-0.36818158626556396,0.5803238153457642,0.6319251656532288,-0.7301536798477173,-1.4964617490768433,0.34956103563308716
1789729858996735500,29.684735595703124,-0.35907965898513794,-0.3686908185482025,0.5806074142456055,0.6308913230895996,-0.7298077940940857,-1.4983797073364258,0.35208773612976074
1789729859006672400,29.69467236328125,-0.3597891330718994,-0.3691047728061676,0.5808520913124084,0.6300192475318909,-0.7291067242622375,-1.5000110864639282,0.3546085059642792
1789729859016609300,29.704609375,-0.36030063033103943,-0.3693455755710602,0.5810763835906982,0.6293786764144897,-0.7275789976119995,-1.5012849569320679,0.3573523759841919
1789729859026546200,29.714546142578126,-0.3608299195766449,-0.3695901930332184,0.5811856389045715,0.6288307309150696,-0.7249294519424438,-1.5022728443145752,0.3612607419490814
1789729859036483000,29.724483154296873,-0.36149322986602783,-0.36995944380760193,0.5811537504196167,0.6282618045806885,-0.7217603325843811,-1.5030943155288696,0.3661191165447235
1789729859046420000,29.734419921875,-0.36205852031707764,-0.37035807967185974,0.5811000466346741,0.6277509331703186,-0.7207962870597839,-1.50377357006073,0.36866462230682373
1789729859056356900,29.74435693359375,-0.36262378096580505,-0.3709597587585449,0.580940842628479,0.6272165775299072,-0.7239170670509338,-1.5042880773544312,0.3674655854701996
1789729859066294000,29.7542939453125,-0.36338144540786743,-0.371986448764801,0.58055180311203,0.6265298128128052,-0.7321791052818298,-1.5046334266662598,0.36215075850486755
1789729859076231400,29.7642314453125,-0.36412468552589417,-0.37338322401046753,0.5800496935844421,0.6257320046424866,-0.7489001750946045,-1.504866361618042,0.3489730954170227
1789729859086168600,29.77416845703125,-0.3645835518836975,-0.3749590814113617,0.5796416401863098,0.6249001026153564,-0.7759796977043152,-1.5051193237304688,0.3252658247947693
1789729859096105700,29.784105712890625,-0.36485135555267334,-0.376839816570282,0.579288899898529,0.623938798904419,-0.8147166967391968,-1.5054032802581787,0.29009202122688293
1789729859106043000,29.79404296875,-0.36498239636421204,-0.37902548909187317,0.5789744257926941,0.6228291392326355,-0.8642295002937317,-1.505661964416504,0.24442695081233978
1789729859115980000,29.80397998046875,-0.36485183238983154,-0.38116350769996643,0.578823983669281,0.6217397451400757,-0.9192193746566772,-1.5058563947677612,0.1927751749753952
1789729859125917200,29.813917236328123,-0.3645657002925873,-0.383084774017334,0.5787675976753235,0.620778501033783,-0.9725496172904968,-1.5058563947677612,0.14216937124729156
1789729859135854300,29.823854248046874,-0.36418449878692627,-0.384660929441452,0.5787723660469055,0.620022714138031,-1.019116997718811,-1.5056555271148682,0.09759975969791412
1789729859145791700,29.833791748046874,-0.3637939989566803,-0.3857088088989258,0.5788110494613647,0.6195646524429321,-1.0522910356521606,-1.5053449869155884,0.06552896648645401
1789729859155729000,29.84372900390625,-0.36357951164245605,-0.38619521260261536,0.5787803530693054,0.6194162368774414,-1.0669938325881958,-1.5050150156021118,0.05128581449389458
1789729859165666000,29.853666015625,-0.3637581169605255,-0.3862433433532715,0.5785538554191589,0.6194929480552673,-1.0615887641906738,-1.5047290325164795,0.057075683027505875
1789729859175603200,29.863603271484376,-0.36420297622680664,-0.38579341769218445,0.5782091021537781,0.6198337078094482,-1.0378215312957764,-1.5044695138931274,0.08083993196487427
1789729859185540400,29.873540283203123,-0.3649403750896454,-0.38500910997390747,0.5776979923248291,0.6203640103340149,-0.9989573359489441,-1.5041027069091797,0.11963316798210144
1789729859195477500,29.8834775390625,-0.3658570945262909,-0.3839627206325531,0.5770476460456848,0.6210774779319763,-0.9493296146392822,-1.5034565925598145,0.16905932128429413
1789729859205414000,29.893413818359374,-0.36665424704551697,-0.38263651728630066,0.5764103531837463,0.6220169067382812,-0.8958281874656677,-1.5024393796920776,0.22169876098632812
1789729859215350000,29.90335009765625,-0.3674880564212799,-0.38147595524787903,0.5756598114967346,0.6229321360588074,-0.8461974859237671,-1.5010647773742676,0.2708141803741455
1789729859225286700,29.91328662109375,-0.36812666058540344,-0.38050398230552673,0.5749505162239075,0.623803973197937,-0.8063796758651733,-1.4995088577270508,0.310109943151474
1789729859235223300,29.923223388671875,-0.36891064047813416,-0.3801244795322418,0.5741323232650757,0.6243255734443665,-0.7784028053283691,-1.498046875,0.3387952446937561
1789729859245160400,29.933160400390626,-0.3695075511932373,-0.38009369373321533,0.5734645128250122,0.6246050000190735,-0.7632017731666565,-1.4969230890274048,0.3549652695655823
1789729859255097900,29.943097900390626,-0.370108038187027,-0.3805205821990967,0.5728464722633362,0.6245566606521606,-0.7586564421653748,-1.4961822032928467,0.36124399304389954
1789729859265035300,29.95303515625,-0.37067535519599915,-0.38121771812438965,0.57232266664505,0.624275267124176,-0.7612154483795166,-1.4958096742630005,0.36080706119537354
1789729859274973200,29.96297314453125,-0.3711429536342621,-0.38194939494132996,0.5719560384750366,0.6238860487937927,-0.7671818733215332,-1.4957643747329712,0.3568459451198578
1789729859284910800,29.972910888671876,-0.3714800775051117,-0.3825330436229706,0.571749210357666,0.6235173344612122,-0.7731336355209351,-1.4959172010421753,0.3524317145347595
1789729859294848500,29.9828486328125,-0.3714412450790405,-0.38259974122047424,0.571819543838501,0.6234350800514221,-0.7757123112678528,-1.496098279953003,0.34989532828330994
1789729859304785700,29.99278564453125,-0.3712047040462494,-0.3822599947452545,0.5719825625419617,0.6236347556114197,-0.7731740474700928,-1.4960767030715942,0.3514699339866638
1789729859314722600,30.00272265625,-0.37079018354415894,-0.3814854025840759,0.5722107887268066,0.6241461038589478,-0.7644255757331848,-1.4957897663116455,0.35823696851730347
1789729859324659500,30.012659423828126,-0.3704180121421814,-0.3804682493209839,0.5723628997802734,0.6248480677604675,-0.7493740320205688,-1.4952043294906616,0.3709801733493805
1789729859334596000,30.02259619140625,-0.37015166878700256,-0.37931308150291443,0.5723927021026611,0.6256803870201111,-0.7292602062225342,-1.4943121671676636,0.3887415826320648
1789729859344533200,30.032533203125,-0.37008172273635864,-0.37819868326187134,0.5722832679748535,0.6264959573745728,-0.7066465020179749,-1.4932539463043213,0.4094054400920868
1789729859354470400,30.042470458984376,-0.37013640999794006,-0.37715277075767517,0.5721054673194885,0.6272560954093933,-0.6837543845176697,-1.4921536445617676,0.43066999316215515
1789729859364407600,30.052407470703123,-0.3703853189945221,-0.37628912925720215,0.5717889666557312,0.6279160976409912,-0.6615157723426819,-1.4909623861312866,0.4519135057926178
1789729859374344700,30.0623447265625,-0.37061163783073425,-0.37544316053390503,0.5714143514633179,0.6286295652389526,-0.640460193157196,-1.4895724058151245,0.47197070717811584
1789729859384281900,30.07228173828125,-0.3707968592643738,-0.37463417649269104,0.5709565877914429,0.6294183731079102,-0.6212606430053711,-1.487917184829712,0.49017253518104553
1789729859394219000,30.082218994140625,-0.3710302412509918,-0.3739500641822815,0.5703044533729553,0.6302782893180847,-0.6040144562721252,-1.4858547449111938,0.5067214965820312
1789729859404156200,30.09215625,-0.37130317091941833,-0.3733921945095062,0.5694620013237,0.6312093734741211,-0.5889825820922852,-1.4833948612213135,0.5213447213172913
1789729859414093600,30.102093505859376,-0.37185138463974,-0.37312909960746765,0.5683531761169434,0.6320410370826721,-0.5754979252815247,-1.4806796312332153,0.5353789925575256
1789729859424030500,30.112030517578123,-0.3725597858428955,-0.3730350732803345,0.5671370625495911,0.632771372795105,-0.5632308721542358,-1.477939486503601,0.5487480759620667
1789729859433967400,30.12196728515625,-0.373482882976532,-0.37322109937667847,0.5659232139587402,0.6332041025161743,-0.5530570149421692,-1.4756100177764893,0.5608386993408203
1789729859443904300,30.131904296875,-0.3742671608924866,-0.3734510540962219,0.5650320649147034,0.6334012746810913,-0.5458810329437256,-1.4740629196166992,0.5697532296180725
1789729859453841400,30.14184130859375,-0.3749569058418274,-0.373808890581131,0.564441442489624,0.6333088278770447,-0.5420339107513428,-1.4733508825302124,0.5753706097602844
1789729859463778800,30.15177880859375,-0.3750867247581482,-0.37388479709625244,0.5643430948257446,0.6332748532295227,-0.5414410829544067,-1.4732589721679688,0.5763104557991028
1789729859473716200,30.16171630859375,-0.3750559687614441,-0.3739067316055298,0.5644318461418152,0.633201003074646,-0.5421547889709473,-1.473490595817566,0.5755749344825745
1789729859483653400,30.1716533203125,-0.3749343156814575,-0.373769611120224,0.564633846282959,0.6331738829612732,-0.5416524410247803,-1.4738138914108276,0.5756351947784424
1789729859493590300,30.18159033203125,-0.3747614026069641,-0.373376727104187,0.5649144649505615,0.6332577466964722,-0.5379095673561096,-1.4740869998931885,0.5784255266189575
1789729859503527400,30.19152734375,-0.374845027923584,-0.3729948103427887,0.5651276111602783,0.6332431435585022,-0.5307577848434448,-1.4743942022323608,0.5850704312324524
1789729859513465300,30.20146533203125,-0.37495145201683044,-0.3724882900714874,0.5654077529907227,0.6332281827926636,-0.5212711095809937,-1.4747838973999023,0.5938770771026611
1789729859523401000,30.21140087890625,-0.3750357925891876,-0.3718758821487427,0.5657340884208679,0.6332467794418335,-0.510357677936554,-1.4751783609390259,0.6038987636566162
1789729859533336800,30.2213369140625,-0.37532472610473633,-0.3714674413204193,0.5658580660820007,0.6332045197486877,-0.4998125433921814,-1.4753613471984863,0.6142380237579346
1789729859543273000,30.23127294921875,-0.3755553960800171,-0.37106725573539734,0.5658715963363647,0.6332902908325195,-0.4904133975505829,-1.475204586982727,0.6233596205711365
1789729859553209600,30.241209716796874,-0.37583497166633606,-0.37082961201667786,0.5657190084457397,0.6333999633789062,-0.48310694098472595,-1.4747833013534546,0.6307485699653625
1789729859563147000,30.25114697265625,-0.3760251998901367,-0.37093213200569153,0.5655227899551392,0.6334022283554077,-0.48228543996810913,-1.474493384361267,0.6320669054985046
1789729859573084700,30.261084716796876,-0.3759971261024475,-0.37163087725639343,0.5653529763221741,0.6331608295440674,-0.4934299886226654,-1.474665880203247,0.6220356225967407
1789729859583022600,30.271022705078124,-0.375531405210495,-0.37288743257522583,0.5653495788574219,0.6327013373374939,-0.5191454291343689,-1.4754364490509033,0.5976173281669617
1789729859592960800,30.280960693359376,-0.3747132122516632,-0.3747233748435974,0.5654097199440002,0.6320476531982422,-0.5593673586845398,-1.4765206575393677,0.5590625405311584
1789729859602899000,30.29089892578125,-0.37380456924438477,-0.37730836868286133,0.5652980804443359,0.631147027015686,-0.6137602925300598,-1.4775059223175049,0.5074415802955627
1789729859612835000,30.3008349609375,-0.3727864623069763,-0.3803870677947998,0.5651348233222961,0.6300464272499084,-0.6788725852966309,-1.4783369302749634,0.4457508325576782
1789729859622771200,30.310771240234374,-0.3718263804912567,-0.38371890783309937,0.564964771270752,0.6287446022033691,-0.7486335635185242,-1.4790114164352417,0.37994274497032166
1789729859632707300,30.320707275390625,-0.37137115001678467,-0.38728272914886475,0.5645095705986023,0.6272355914115906,-0.8153181672096252,-1.4792470932006836,0.3184630274772644
1789729859642644000,30.33064404296875,-0.3711717426776886,-0.39050737023353577,0.5638139247894287,0.6259787082672119,-0.8709918260574341,-1.4786945581436157,0.26788678765296936
1789729859652581000,30.3405810546875,-0.37135910987854004,-0.3932238817214966,0.5626804828643799,0.6251864433288574,-0.9084052443504333,-1.4771132469177246,0.23540641367435455
1789729859662518500,30.3505185546875,-0.371795654296875,-0.3951020836830139,0.5611407160758972,0.6251267194747925,-0.923202633857727,-1.4744536876678467,0.22459019720554352
1789729859672456200,30.360456298828126,-0.37252458930015564,-0.39613422751426697,0.5593202114105225,0.625670850276947,-0.9172943830490112,-1.4711576700210571,0.2335740178823471
1789729859682395000,30.370394775390626,-0.37292733788490295,-0.39594927430152893,0.5579937100410461,0.6267315149307251,-0.8988476395606995,-1.4682344198226929,0.25248441100120544
1789729859692332300,30.380332275390625,-0.37321364879608154,-0.3949742913246155,0.5572525858879089,0.6278347373008728,-0.8741738796234131,-1.466294765472412,0.27606135606765747
1789729859702269400,30.39026953125,-0.3731386661529541,-0.3932647705078125,0.5572714805603027,0.6289346814155579,-0.8474160432815552,-1.4654791355133057,0.2998358905315399
1789729859712206600,30.40020654296875,-0.37264540791511536,-0.391255259513855,0.558028519153595,0.6298086047172546,-0.8251873254776001,-1.4658790826797485,0.31783419847488403
1789729859722143500,30.4101435546875,-0.3718873858451843,-0.389478862285614,0.5592891573905945,0.6302393674850464,-0.8123940825462341,-1.4673740863800049,0.3263140022754669
1789729859732080600,30.42008056640625,-0.3712157607078552,-0.3886133134365082,0.5605239272117615,0.6300725936889648,-0.8131486773490906,-1.4693653583526611,0.3229100704193115
1789729859742017800,30.430017822265626,-0.3692958652973175,-0.3876684904098511,0.5623623132705688,0.6301447153091431,-0.8302852511405945,-1.471437931060791,0.30089929699897766
1789729859751954700,30.43995458984375,-0.3673573136329651,-0.3876325488090515,0.5639799237251282,0.629854142665863,-0.8624938726425171,-1.4732847213745117,0.26532280445098877
1789729859761892000,30.44989208984375,-0.3654177486896515,-0.3882416784763336,0.5654084086418152,0.629326343536377,-0.9057422280311584,-1.4747765064239502,0.2198018580675125
1789729859771829200,30.459829345703124,-0.3634677529335022,-0.3891221880912781,0.5667250752449036,0.62872713804245,-0.954178512096405,-1.4758669137954712,0.16954238712787628
1789729859781766100,30.46976611328125,-0.3621477484703064,-0.39040178060531616,0.5676803588867188,0.6278331875801086,-1.0009315013885498,-1.4767767190933228,0.12269442528486252
1789729859791703300,30.479703369140626,-0.36122775077819824,-0.3917355537414551,0.568486213684082,0.6268023252487183,-1.0441372394561768,-1.477687120437622,0.08015367388725281
1789729859801640400,30.489640380859374,-0.36044254899024963,-0.3927713930606842,0.5694039463996887,0.6257722973823547,-1.0830663442611694,-1.4788671731948853,0.041610561311244965
1789729859811577300,30.499577392578125,-0.3599492907524109,-0.39356985688209534,0.570387065410614,0.6246582269668579,-1.117199420928955,-1.4804811477661133,0.00794159434735775
1789729859821514500,30.509514404296876,-0.3594091534614563,-0.39382675290107727,0.5716009736061096,0.6236969232559204,-1.146135926246643,-1.4824663400650024,-0.021525556221604347
1789729859831451600,30.51945166015625,-0.35879459977149963,-0.39345961809158325,0.5730111598968506,0.6229881048202515,-1.167884349822998,-1.484753966331482,-0.04497862607240677
1789729859841388800,30.529388916015623,-0.3586116135120392,-0.39288854598999023,0.5742663741111755,0.6222977042198181,-1.1806080341339111,-1.4873231649398804,-0.05903133377432823
1789729859851325700,30.53932568359375,-0.3586631715297699,-0.3920097053050995,0.5754496455192566,0.6217288970947266,-1.184446930885315,-1.4901045560836792,-0.06432394683361053
1789729859861262800,30.549262939453126,-0.35892897844314575,-0.3909353017807007,0.5765537619590759,0.6212288737297058,-1.1810131072998047,-1.4930555820465088,-0.06231449171900749
1789729859871200000,30.559199951171873,-0.35935044288635254,-0.38970789313316345,0.5776143670082092,0.620771050453186,-1.1716610193252563,-1.4961597919464111,-0.0543806292116642
1789729859881137200,30.56913720703125,-0.359910786151886,-0.3883943259716034,0.5786699056625366,0.6202864050865173,-1.158172845840454,-1.4994620084762573,-0.04222546145319939
1789729859891074000,30.579073974609376,-0.3605020046234131,-0.3869822025299072,0.5797749161720276,0.6197935938835144,-1.1418050527572632,-1.502920150756836,-0.02730155549943447
1789729859901011500,30.589011474609375,-0.361078143119812,-0.38560742139816284,0.5808654427528381,0.6192938089370728,-1.1246658563613892,-1.5063116550445557,-0.011563667096197605
1789729859910948600,30.598948486328126,-0.36132583022117615,-0.3841310143470764,0.5820103287696838,0.6189918518066406,-1.1080796718597412,-1.509340763092041,0.0029154308140277863
1789729859920885500,30.608885498046874,-0.3612089157104492,-0.38257896900177,0.5831902027130127,0.6189108490943909,-1.0932202339172363,-1.5119221210479736,0.014949534088373184
1789729859930822700,30.61882275390625,-0.36099350452423096,-0.3812648355960846,0.5842384099960327,0.6188588738441467,-1.0825062990188599,-1.514052391052246,0.023082081228494644
1789729859940759800,30.628759765625,-0.36052682995796204,-0.3801426887512207,0.5852458477020264,0.6188693642616272,-1.0795822143554688,-1.5157390832901,0.02333744242787361
1789729859950696700,30.63869677734375,-0.3599123954772949,-0.3793957829475403,0.586126446723938,0.618851900100708,-1.087319254875183,-1.5169281959533691,0.013319488614797592
1789729859960634400,30.64863427734375,-0.3594055771827698,-0.3792699873447418,0.5867748260498047,0.6186090707778931,-1.1076642274856567,-1.5177245140075684,-0.008088375441730022
1789729859970570800,30.65857080078125,-0.3587266802787781,-0.37944933772087097,0.5874589681625366,0.6182437539100647,-1.1418437957763672,-1.5183097124099731,-0.0431060865521431
1789729859980507100,30.668507080078125,-0.35811489820480347,-0.38011786341667175,0.5880805253982544,0.6175965070724487,-1.190001368522644,-1.51872718334198,-0.09117623418569565
1789729859990443800,30.67844384765625,-0.3575057089328766,-0.3811344802379608,0.588702917098999,0.6167293190956116,-1.250217080116272,-1.5189476013183594,-0.1507195681333542
1789729860000380400,30.68838037109375,-0.3567012846469879,-0.3821306526660919,0.5894804000854492,0.6158353686332703,-1.317433476448059,-1.518998146057129,-0.21761837601661682
1789729860010317300,30.6983173828125,-0.3557794392108917,-0.38301441073417664,0.5903226733207703,0.6150122880935669,-1.3842567205429077,-1.5188039541244507,-0.28450170159339905
1789729860020254700,30.708254638671875,-0.35463249683380127,-0.3835156261920929,0.5912538766860962,0.6144676208496094,-1.4431416988372803,-1.5183870792388916,-0.3444506824016571
1789729860030192400,30.7181923828125,-0.35339275002479553,-0.38363340497016907,0.5921922922134399,0.6142045855522156,-1.4900063276290894,-1.5178933143615723,-0.3931681513786316
1789729860040130300,30.72813037109375,-0.3521344065666199,-0.3833199739456177,0.5931106805801392,0.6142367720603943,-1.5224955081939697,-1.517518162727356,-0.42825791239738464
1789729860050068000,30.73806787109375,-0.35110437870025635,-0.3827694356441498,0.5938676595687866,0.6144383549690247,-1.540490746498108,-1.5173895359039307,-0.44886669516563416
1789729860060005000,30.748005126953124,-0.35011401772499084,-0.38186514377593994,0.5945451259613037,0.6149107813835144,-1.5447242259979248,-1.5174442529678345,-0.4562358558177948
1789729860069942300,30.7579423828125,-0.3493281900882721,-0.3808624744415283,0.5950338840484619,0.6155065298080444,-1.5377355813980103,-1.5176200866699219,-0.45220616459846497
1789729860079879200,30.767879150390623,-0.34874817728996277,-0.37985843420028687,0.5953827500343323,0.6161182522773743,-1.524352788925171,-1.5179181098937988,-0.4414437413215637
1789729860089816300,30.77781640625,-0.3483007550239563,-0.3789210617542267,0.5956647992134094,0.6166756749153137,-1.509718894958496,-1.5182733535766602,-0.4291013181209564
1789729860099753500,30.78775341796875,-0.34804895520210266,-0.37822529673576355,0.5958486795425415,0.6170672178268433,-1.497484803199768,-1.5186219215393066,-0.4184342622756958
1789729860109690400,30.7976904296875,-0.34794390201568604,-0.3777208626270294,0.595938503742218,0.6173486113548279,-1.4864422082901,-1.518924593925476,-0.40840208530426025
1789729860119627800,30.807627685546876,-0.34815049171447754,-0.37748998403549194,0.5958357453346252,0.6174724698066711,-1.4743646383285522,-1.5192347764968872,-0.3963707685470581
1789729860129565000,30.81756494140625,-0.3483690619468689,-0.3771137595176697,0.5957527756690979,0.6176591515541077,-1.4584592580795288,-1.5196795463562012,-0.3807310163974762
1789729860139501800,30.827501708984375,-0.34889116883277893,-0.37677839398384094,0.5955092906951904,0.6178039312362671,-1.4353998899459839,-1.5202993154525757,-0.3573731482028961
1789729860149438500,30.8374384765625,-0.349575012922287,-0.3762589991092682,0.5951671004295349,0.6180635690689087,-1.4007841348648071,-1.521065592765808,-0.32249799370765686
1789729860159375400,30.847375244140625,-0.3504925072193146,-0.37559568881988525,0.5946721434593201,0.6184237599372864,-1.352402925491333,-1.5219181776046753,-0.2737099528312683
1789729860169312000,30.85731201171875,-0.35135677456855774,-0.37459275126457214,0.5942100286483765,0.6189855933189392,-1.292568564414978,-1.5227560997009277,-0.21411582827568054
1789729860179249000,30.867248779296876,-0.3520902395248413,-0.373346745967865,0.5938102006912231,0.6197049021720886,-1.2261446714401245,-1.5234135389328003,-0.1485467106103897
1789729860189186000,30.87718603515625,-0.3524775207042694,-0.37177228927612305,0.5935301780700684,0.6206986904144287,-1.1553503274917603,-1.5236659049987793,-0.07971245050430298
1789729860199123500,30.88712353515625,-0.3527005612850189,-0.3700660765171051,0.5932539105415344,0.6218546628952026,-1.0822741985321045,-1.5234726667404175,-0.009075101464986801
1789729860209060600,30.897060546875,-0.3525645434856415,-0.3680325448513031,0.5931313633918762,0.6232539415359497,-1.0092097520828247,-1.5229040384292603,0.06042860820889473
1789729860218998000,30.906998046875,-0.35221612453460693,-0.3658995032310486,0.5930764079093933,0.6247572898864746,-0.9404966235160828,-1.5219866037368774,0.12507480382919312
1789729860228935200,30.91693505859375,-0.3516709804534912,-0.3638251721858978,0.5930265188217163,0.6263212561607361,-0.8806644082069397,-1.5206667184829712,0.18062888085842133
1789729860238873000,30.926873046875,-0.35107916593551636,-0.36196526885032654,0.5928443074226379,0.6279014348983765,-0.8297348022460938,-1.518876314163208,0.2275664359331131
1789729860248810000,30.93681005859375,-0.350568950176239,-0.3604537844657898,0.5924025774002075,0.629470944404602,-0.7876145243644714,-1.5165355205535889,0.2664126455783844
1789729860258747100,30.9467470703125,-0.3502093255519867,-0.3594520688056946,0.5916374325752258,0.6309617757797241,-0.7567713260650635,-1.5136595964431763,0.2950736880302429
1789729860268684300,30.956684326171874,-0.3501030504703522,-0.3592182695865631,0.5905370712280273,0.6321835517883301,-0.741144597530365,-1.5104957818984985,0.3101978003978729
1789729860278621200,30.96662109375,-0.3498563766479492,-0.3594624698162079,0.5893749594688416,0.6332648396492004,-0.7411684989929199,-1.5072453022003174,0.3102281391620636
1789729860288558000,30.97655810546875,-0.3496174216270447,-0.3603171706199646,0.5881319046020508,0.6340663433074951,-0.7550875544548035,-1.504084825515747,0.29737842082977295
1789729860298495700,30.986495849609376,-0.3494637906551361,-0.36167171597480774,0.5868521928787231,0.6345652937889099,-0.7777313590049744,-1.501131534576416,0.2767571210861206
1789729860308432600,30.9964326171875,-0.3493240773677826,-0.3632064759731293,0.5856108069419861,0.634912371635437,-0.8028900027275085,-1.498345971107483,0.25394129753112793
1789729860318369800,31.006369873046875,-0.3493160903453827,-0.36485275626182556,0.5843879580497742,0.6350995898246765,-0.8270798921585083,-1.495772361755371,0.23249326646327972
1789729860328306400,31.016306396484374,-0.349206805229187,-0.3662351667881012,0.5833658576011658,0.6353036165237427,-0.8476740717887878,-1.4934788942337036,0.2140391767024994
1789729860338243000,31.0262431640625,-0.3492382764816284,-0.3674028515815735,0.5824511051177979,0.6354514360427856,-0.8620430827140808,-1.4915430545806885,0.20168353617191315
1789729860348180000,31.036179931640625,-0.3493141531944275,-0.3681369721889496,0.5816711783409119,0.6356991529464722,-0.8677877187728882,-1.489862322807312,0.19730815291404724
1789729860358116900,31.046116943359376,-0.34952041506767273,-0.36844268441200256,0.580935537815094,0.6360812783241272,-0.8635305762290955,-1.488321304321289,0.20244404673576355
1789729860368054000,31.056053955078124,-0.3498687148094177,-0.36835014820098877,0.580238401889801,0.6365795135498047,-0.8501825928688049,-1.4869166612625122,0.21624693274497986
1789729860377991200,31.0659912109375,-0.3501458466053009,-0.36776456236839294,0.5797192454338074,0.6372383236885071,-0.8302129507064819,-1.4856947660446167,0.23573994636535645
1789729860387928600,31.075928466796874,-0.35057294368743896,-0.36698222160339355,0.5792914032936096,0.6378433704376221,-0.8059383630752563,-1.4847747087478638,0.2594541907310486
1789729860397865700,31.08586572265625,-0.3510509729385376,-0.36597391963005066,0.5790680646896362,0.6383623480796814,-0.7788220643997192,-1.4842994213104248,0.28571128845214844
1789729860407803100,31.09580322265625,-0.35155728459358215,-0.3648397624492645,0.5790974497795105,0.6387062072753906,-0.7509957551956177,-1.4844030141830444,0.31250372529029846
1789729860417740300,31.105740234375,-0.3523397147655487,-0.36384910345077515,0.5792481303215027,0.638703465461731,-0.722784698009491,-1.4851257801055908,0.34035423398017883
1789729860427677700,31.115677734375,-0.3532251715660095,-0.3628421723842621,0.5795433521270752,0.6385194063186646,-0.6930989027023315,-1.4862645864486694,0.3698120713233948
1789729860437614800,31.12561474609375,-0.35405436158180237,-0.3616999387741089,0.579907238483429,0.638377845287323,-0.6612066626548767,-1.4873782396316528,0.4011632204055786
1789729860447552300,31.13555224609375,-0.35525715351104736,-0.3608098328113556,0.5799745917320251,0.6381520628929138,-0.6265876293182373,-1.4881232976913452,0.4362766444683075
1789729860457489400,31.145489501953126,-0.3565084934234619,-0.35986849665641785,0.5798252820968628,0.638121485710144,-0.589259147644043,-1.4881926774978638,0.47411301732063293
1789729860467426300,31.15542626953125,-0.3577752411365509,-0.3589334487915039,0.5794700980186462,0.6382617354393005,-0.551663339138031,-1.4876124858856201,0.5122678279876709
1789729860477363500,31.165363525390624,-0.3589080274105072,-0.357908695936203,0.5790721774101257,0.6385623216629028,-0.5152699947357178,-1.4866282939910889,0.548863410949707
1789729860487300600,31.175300537109376,-0.3602738678455353,-0.35730302333831787,0.5783637762069702,0.6387742757797241,-0.4835697412490845,-1.485233187675476,0.5818462371826172
1789729860497237500,31.185237548828123,-0.36062705516815186,-0.3560959994792938,0.5778695344924927,0.6396957039833069,-0.4588780999183655,-1.4830982685089111,0.6051904559135437
1789729860507174700,31.195174560546874,-0.3605748414993286,-0.35429367423057556,0.5770235657691956,0.6414870023727417,-0.43343251943588257,-1.4791675806045532,0.6276944875717163
1789729860517111800,31.20511181640625,-0.36037102341651917,-0.352281779050827,0.5758206844329834,0.6437863111495972,-0.4103552997112274,-1.4739623069763184,0.6472800374031067
1789729860527049000,31.215049072265625,-0.3602603077888489,-0.3505447208881378,0.5741528868675232,0.6462811827659607,-0.39349985122680664,-1.4678254127502441,0.6612853407859802
1789729860536985900,31.22498583984375,-0.36025458574295044,-0.3490927219390869,0.5722886323928833,0.6487191915512085,-0.3812819719314575,-1.4615060091018677,0.6713101267814636
1789729860546923000,31.234923095703124,-0.36049768328666687,-0.3478808104991913,0.5704019665718079,0.6508931517601013,-0.37011680006980896,-1.4555104970932007,0.6810834407806396
1789729860556860200,31.244860107421875,-0.360831081867218,-0.34655988216400146,0.5685924291610718,0.6529929637908936,-0.35738763213157654,-1.4496679306030273,0.6923967003822327
1789729860566797300,31.25479736328125,-0.36159202456474304,-0.3452443778514862,0.5665768384933472,0.6550177335739136,-0.34176918864250183,-1.4435175657272339,0.7073285579681396
1789729860576734200,31.264734130859374,-0.36271196603775024,-0.3437879681587219,0.5642750859260559,0.657148003578186,-0.3233928680419922,-1.436654806137085,0.7254138588905334
1789729860586671400,31.27467138671875,-0.3640783727169037,-0.3420955538749695,0.5617541074752808,0.659431517124176,-0.3029206097126007,-1.4290863275527954,0.7456547021865845
1789729860596608500,31.2846083984375,-0.36502522230148315,-0.33977609872817993,0.5594294667243958,0.6620781421661377,-0.28214287757873535,-1.421162486076355,0.7645188570022583
1789729860606545700,31.294545654296876,-0.3657711446285248,-0.33720335364341736,0.5573610663414001,0.6647210121154785,-0.26193752884864807,-1.41352117061615,0.7820720672607422
1789729860616482600,31.304482666015623,-0.36618879437446594,-0.33447059988975525,0.5557700991630554,0.6671992540359497,-0.24295273423194885,-1.4067684412002563,0.7975817918777466
1789729860626419700,31.314419677734374,-0.36655426025390625,-0.3319425880908966,0.5545797348022461,0.6692484021186829,-0.2254878431558609,-1.4012011289596558,0.8117772936820984
1789729860636356900,31.32435693359375,-0.3666704595088959,-0.3296208381652832,0.5538665652275085,0.6709207892417908,-0.21039539575576782,-1.3969435691833496,0.8234755992889404
1789729860646293800,31.334293701171877,-0.36674028635025024,-0.32783693075180054,0.5534264445304871,0.6721187829971313,-0.19887985289096832,-1.3939226865768433,0.8323435187339783
1789729860656231000,31.34423095703125,-0.3665294349193573,-0.3264392614364624,0.5532652139663696,0.6730462312698364,-0.1913740634918213,-1.3919260501861572,0.8373263478279114
1789729860666168000,31.35416796875,-0.3659974932670593,-0.325426310300827,0.5533737540245056,0.6737366318702698,-0.1880028247833252,-1.3909251689910889,0.8382292985916138
1789729860676105200,31.364105224609375,-0.36541539430618286,-0.32486921548843384,0.553601861000061,0.6741339564323425,-0.18769153952598572,-1.3907090425491333,0.8366953134536743
1789729860686042000,31.3740419921875,-0.36473318934440613,-0.32469430565834045,0.5539349317550659,0.674314022064209,-0.19038806855678558,-1.391143560409546,0.8325808048248291
1789729860695979300,31.383979248046874,-0.36410850286483765,-0.3250024914741516,0.5542823672294617,0.6742176413536072,-0.1960114985704422,-1.3921560049057007,0.8263910412788391
1789729860705917000,31.3939169921875,-0.36338621377944946,-0.32557398080825806,0.5546746253967285,0.6740089654922485,-0.20419244468212128,-1.3935308456420898,0.8178959488868713
1789729860715854000,31.40385400390625,-0.3628147542476654,-0.326648473739624,0.5548766851425171,0.6736305356025696,-0.21579258143901825,-1.3950114250183105,0.8070412874221802
1789729860725791200,31.413791259765624,-0.3625270128250122,-0.32814860343933105,0.555055558681488,0.67290860414505,-0.22852584719657898,-1.3969618082046509,0.7961859107017517
1789729860735728400,31.423728271484375,-0.3620912730693817,-0.32946258783340454,0.5555867552757263,0.6720622181892395,-0.23987630009651184,-1.399524450302124,0.7861411571502686
1789729860745665500,31.43366552734375,-0.361473023891449,-0.330524206161499,0.5563826560974121,0.6712148189544678,-0.2500426173210144,-1.4024052619934082,0.7765593528747559
1789729860755602400,31.4436025390625,-0.3603396415710449,-0.33098480105400085,0.5573779344558716,0.6707713603973389,-0.2593778669834137,-1.4049572944641113,0.766007661819458
1789729860765539600,31.45353955078125,-0.3589859902858734,-0.33094072341918945,0.5582650899887085,0.6707811951637268,-0.26723840832710266,-1.4066218137741089,0.7557942867279053
1789729860775476700,31.463476806640625,-0.3576850891113281,-0.3305567502975464,0.5588114261627197,0.6712103486061096,-0.27330681681632996,-1.4070929288864136,0.746963381767273
1789729860785414000,31.473413818359376,-0.3562653064727783,-0.3297492265701294,0.5590752363204956,0.6721423864364624,-0.27798840403556824,-1.4063721895217896,0.7386953830718994
1789729860795351300,31.483351318359375,-0.3545593023300171,-0.3284628987312317,0.5592287182807922,0.6735451221466064,-0.2815134525299072,-1.4047787189483643,0.7303858399391174
1789729860805288000,31.493287841796874,-0.35285961627960205,-0.3270128071308136,0.5593112707138062,0.6750730276107788,-0.28376805782318115,-1.4028561115264893,0.7231135964393616
1789729860815224800,31.503224853515626,-0.3512553572654724,-0.32551273703575134,0.5594730377197266,0.6764991283416748,-0.2844425141811371,-1.4011365175247192,0.7174922823905945
1789729860825161500,31.513161376953125,-0.35021036863327026,-0.32432422041893005,0.5596102476119995,0.6774975061416626,-0.2830367684364319,-1.399898648262024,0.7153434753417969
1789729860835098400,31.523098388671876,-0.3496420085430145,-0.323413223028183,0.5597501993179321,0.678110659122467,-0.27993565797805786,-1.3991377353668213,0.7160890698432922
1789729860845035300,31.53303515625,-0.34949585795402527,-0.3227740526199341,0.559877872467041,0.6783850789070129,-0.2756086587905884,-1.3987821340560913,0.7191640734672546
1789729860854972400,31.542972412109375,-0.34967511892318726,-0.32230424880981445,0.5600215196609497,0.6783974766731262,-0.26992562413215637,-1.3987581729888916,0.7243788838386536
1789729860864909600,31.55290966796875,-0.3502178192138672,-0.3220334053039551,0.5601296424865723,0.678156852722168,-0.2629605531692505,-1.3989758491516113,0.7317728996276855
1789729860874847000,31.562846923828126,-0.35077857971191406,-0.32167166471481323,0.5603362321853638,0.6778680086135864,-0.25475171208381653,-1.3993500471115112,0.7402859926223755
1789729860884784000,31.5727841796875,-0.35139426589012146,-0.32118088006973267,0.5606122016906738,0.6775535941123962,-0.24477511644363403,-1.3997774124145508,0.7504443526268005
1789729860894721500,31.582721435546876,-0.35198378562927246,-0.32042551040649414,0.5609807968139648,0.6773000955581665,-0.23253712058067322,-1.4001420736312866,0.7623969316482544
1789729860904659000,31.592658935546876,-0.35249483585357666,-0.3193451762199402,0.5614219903945923,0.6771789789199829,-0.2180953323841095,-1.4003043174743652,0.7759119868278503
1789729860914596400,31.602596435546875,-0.35298797488212585,-0.31799614429473877,0.561855137348175,0.6771977543830872,-0.2017686516046524,-1.4001290798187256,0.7908654808998108
1789729860924533200,31.612533203125,-0.3537392020225525,-0.31666624546051025,0.5621262788772583,0.677203893661499,-0.1842045933008194,-1.3996063470840454,0.8075196743011475
1789729860934470100,31.62247021484375,-0.35402679443359375,-0.3148765563964844,0.5625557899475098,0.677531361579895,-0.1664740890264511,-1.3988163471221924,0.8228636384010315
1789729860944407000,31.632406982421877,-0.354584664106369,-0.31337451934814453,0.5627803206443787,0.677749514579773,-0.1497514247894287,-1.3978604078292847,0.8381080627441406
1789729860954344000,31.642343994140624,-0.35492926836013794,-0.311814546585083,0.5630049109458923,0.6781020760536194,-0.13456134498119354,-1.3967599868774414,0.851391077041626
1789729860964280800,31.65228076171875,-0.35515353083610535,-0.31024879217147827,0.5632117390632629,0.6785308718681335,-0.12059256434440613,-1.3955578804016113,0.8632546067237854
1789729860974217700,31.6622177734375,-0.355726033449173,-0.3089931905269623,0.5632079243659973,0.6788070201873779,-0.10722598433494568,-1.3942313194274902,0.8755835890769958
1789729860984155000,31.67215478515625,-0.3567962944507599,-0.30805832147598267,0.562900722026825,0.678925096988678,-0.09386846423149109,-1.3925886154174805,0.8892378211021423
1789729860994092000,31.682092041015625,-0.35839635133743286,-0.3073912560939789,0.5622000098228455,0.6789652109146118,-0.08052095770835876,-1.3903533220291138,0.9041958451271057
1789729861004029200,31.692029296875,-0.3611275553703308,-0.30725938081741333,0.5604783892631531,0.6790011525154114,-0.0679640918970108,-1.3864189386367798,0.9211379885673523
1789729861013966600,31.701966552734376,-0.36448904871940613,-0.3073718249797821,0.5581778287887573,0.6790491938591003,-0.05603831633925438,-1.3814513683319092,0.9389258623123169
1789729861023903700,31.71190380859375,-0.3679710924625397,-0.30750802159309387,0.5556616187095642,0.6791732311248779,-0.04531286656856537,-1.3760102987289429,0.9557917714118958
1789729861033841700,31.721841552734375,-0.37190356850624084,-0.3079545199871063,0.5528409481048584,0.6791307926177979,-0.03553057461977005,-1.370267629623413,0.9729876518249512
1789729861043778800,31.73177880859375,-0.373781681060791,-0.30764836072921753,0.5516276955604553,0.6792250275611877,-0.027443798258900642,-1.367197871208191,0.9837996363639832
1789729861053716000,31.741716064453126,-0.37504464387893677,-0.3071628510951996,0.5506500005722046,0.679541826248169,-0.021587535738945007,-1.3644155263900757,0.9910778403282166
1789729861063653000,31.751653076171873,-0.375785768032074,-0.3065650761127472,0.5498334169387817,0.6800633072853088,-0.017973680049180984,-1.361843466758728,0.9950731992721558
1789729861073590300,31.76159033203125,-0.3769795894622803,-0.3066278398036957,0.5488095879554749,0.6802012920379639,-0.01601802371442318,-1.3596289157867432,0.9992027878761292
1789729861083527200,31.771527099609376,-0.3778737187385559,-0.3066900372505188,0.5480328798294067,0.6803033351898193,-0.014724532142281532,-1.3579680919647217,1.002151370048523
1789729861093464800,31.78146484375,-0.3787249028682709,-0.3069244921207428,0.547455370426178,0.6801892518997192,-0.013494925573468208,-1.3569711446762085,1.0052087306976318
1789729861103401200,31.791401123046874,-0.37905392050743103,-0.30691999197006226,0.5473023056983948,0.680131196975708,-0.012127983383834362,-1.3566268682479858,1.0071250200271606
1789729861113337900,31.801337890625,-0.37913233041763306,-0.30684661865234375,0.5473906397819519,0.680049479007721,-0.010708613321185112,-1.3567359447479248,1.008545994758606
1789729861123274500,31.8112744140625,-0.3791482746601105,-0.3067808151245117,0.5475755929946899,0.6799213886260986,-0.009189163334667683,-1.3570709228515625,1.009964108467102
1789729861133212000,31.8212119140625,-0.37891557812690735,-0.30647557973861694,0.5479370951652527,0.6798975467681885,-0.007087100297212601,-1.3575022220611572,1.0111641883850098
1789729861143149600,31.831149658203124,-0.3785135746002197,-0.30593472719192505,0.5484451651573181,0.6799553632736206,-0.004052751697599888,-1.3579676151275635,1.0126352310180664
1789729861153087000,31.8410869140625,-0.3781108558177948,-0.3053112030029297,0.5490114092826843,0.680002748966217,-0.00023998197866603732,-1.3584613800048828,1.0147483348846436
1789729861163024100,31.851024169921875,-0.3774467408657074,-0.3043566048145294,0.549732506275177,0.6802169680595398,0.004433284047991037,-1.358889102935791,1.0167627334594727
1789729861172961300,31.860961181640626,-0.37714913487434387,-0.30352434515953064,0.5503517985343933,0.6802532076835632,0.010394372045993805,-1.359238624572754,1.0208667516708374
1789729861182898400,31.8708984375,-0.37688422203063965,-0.30248191952705383,0.5510175824165344,0.6803253889083862,0.017958002164959908,-1.3594237565994263,1.0262954235076904
1789729861192835600,31.880835693359376,-0.3771798014640808,-0.3016020655632019,0.5514431595802307,0.6802073121070862,0.027067085728049278,-1.359251618385315,1.0344654321670532
1789729861202772500,31.8907724609375,-0.37759721279144287,-0.3006027042865753,0.5517191886901855,0.6801943182945251,0.036654289811849594,-1.3585776090621948,1.0431478023529053
1789729861212709600,31.900709716796875,-0.3786569833755493,-0.29995304346084595,0.5515569448471069,0.6800234913825989,0.04604659229516983,-1.3573276996612549,1.053279161453247
1789729861222646800,31.910646728515626,-0.37981289625167847,-0.29921820759773254,0.5511497855186462,0.6800327897071838,0.054822925478219986,-1.3554091453552246,1.0628535747528076
1789729861232584000,31.920583984375,-0.3813493549823761,-0.29874974489212036,0.5503342151641846,0.6800393462181091,0.06209985911846161,-1.3528977632522583,1.072016716003418
1789729861242520800,31.930520751953125,-0.38244423270225525,-0.2980167269706726,0.5494637489318848,0.680449903011322,0.06719454377889633,-1.349960446357727,1.077878475189209
1789729861252458000,31.9404580078125,-0.3835185468196869,-0.2975471019744873,0.5484277009963989,0.680886447429657,0.06977739930152893,-1.3470078706741333,1.0816272497177124
1789729861262395100,31.95039501953125,-0.3836841881275177,-0.2967294156551361,0.5477527379989624,0.6816927194595337,0.0703437402844429,-1.3444768190383911,1.0812910795211792
1789729861272332000,31.96033203125,-0.3834608793258667,-0.2960277199745178,0.5473525524139404,0.6824445128440857,0.06963633745908737,-1.3427308797836304,1.079189419746399
1789729861282269200,31.970269287109375,-0.3827134072780609,-0.2953203022480011,0.5473493337631226,0.6831728219985962,0.06812313199043274,-1.3418868780136108,1.075364589691162
1789729861292206300,31.980206298828126,-0.3820441961288452,-0.2950245141983032,0.547468364238739,0.683579683303833,0.065997414290905,-1.3418291807174683,1.0716742277145386
1789729861302143500,31.9901435546875,-0.38168659806251526,-0.29521363973617554,0.5475091934204102,0.6836650967597961,0.0631411224603653,-1.3421939611434937,1.0685211420059204
1789729861312080400,32.000080322265624,-0.3823719322681427,-0.2963528037071228,0.5471007823944092,0.6831159591674805,0.05976313725113869,-1.342708706855774,1.0680755376815796
1789729861322017500,32.010017578125,-0.38210171461105347,-0.29676324129104614,0.5470930933952332,0.6830951571464539,0.05612681806087494,-1.3432409763336182,1.0646337270736694
1789729861331955200,32.019955078125,-0.3821961283683777,-0.29744476079940796,0.5469233989715576,0.682881772518158,0.05255226790904999,-1.3437366485595703,1.0622894763946533
1789729861341892400,32.02989233398438,-0.3822421133518219,-0.29799243807792664,0.5467904806137085,0.6827237010002136,0.0495033897459507,-1.3441439867019653,1.0601806640625
1789729861351829500,32.03982958984375,-0.38231202960014343,-0.298346608877182,0.5466570258140564,0.6826367378234863,0.04749832674860954,-1.3443007469177246,1.0588557720184326
1789729861361766400,32.04976635742187,-0.3824610412120819,-0.298478901386261,0.5464740991592407,0.682641863822937,0.0467333048582077,-1.3440601825714111,1.058563232421875
1789729861371703600,32.05970361328125,-0.3825680613517761,-0.29824379086494446,0.5462483167648315,0.6828653216362,0.04715711995959282,-1.3432602882385254,1.0588291883468628
1789729861381640700,32.069640625,-0.38249671459198,-0.29757142066955566,0.5459837913513184,0.6834099888801575,0.048251669853925705,-1.3418309688568115,1.0588046312332153
1789729861391577600,32.07957763671875,-0.38266435265541077,-0.29688146710395813,0.545477569103241,0.6840201616287231,0.04948840290307999,-1.339836835861206,1.0593189001083374
1789729861401514800,32.0895146484375,-0.38287028670310974,-0.29611796140670776,0.5448532700538635,0.6847330927848816,0.05059686675667763,-1.337491512298584,1.0596716403961182
1789729861411452000,32.09945190429688,-0.3830714225769043,-0.2953319549560547,0.5441604852676392,0.685510516166687,0.0513753816485405,-1.3349714279174805,1.0596626996994019
1789729861421389300,32.10938940429688,-0.38446736335754395,-0.29554232954978943,0.5421631336212158,0.6862205862998962,0.04744657129049301,-1.3308038711547852,1.0586230754852295
1789729861431326200,32.119326171875,-0.3861926794052124,-0.29608383774757385,0.5399783849716187,0.6867408156394958,0.0430583618581295,-1.3266383409500122,1.0582091808319092
1789729861441263600,32.129263671875,-0.3877272605895996,-0.29676517844200134,0.537874698638916,0.6872326731681824,0.03751223906874657,-1.3228483200073242,1.056539535522461
1789729861451200500,32.13920043945313,-0.3892306685447693,-0.29786282777786255,0.5357939004898071,0.6875333786010742,0.030237937346100807,-1.319645643234253,1.0537396669387817
1789729861461136100,32.14913623046875,-0.39035990834236145,-0.2991200387477875,0.5339087247848511,0.6878138184547424,0.02133805863559246,-1.3170887231826782,1.048926591873169
1789729861471072000,32.15907202148438,-0.3911544382572174,-0.30056247115135193,0.5322695374488831,0.6880040764808655,0.011169803328812122,-1.3153076171875,1.0425515174865723
1789729861481008000,32.16900805664063,-0.39129915833473206,-0.30187395215034485,0.5310802459716797,0.6882665753364563,0.00032721812021918595,-1.3143426179885864,1.034166932106018
1789729861490945000,32.178945068359376,-0.3910360336303711,-0.3031257688999176,0.5302602648735046,0.6884980797767639,-0.010639694519340992,-1.3140944242477417,1.0248401165008545
1789729861500882400,32.18888232421875,-0.3907214403152466,-0.3043491840362549,0.5296425819396973,0.6886124610900879,-0.02077682502567768,-1.3142356872558594,1.016184687614441
1789729861510820600,32.19882055664063,-0.39031022787094116,-0.30542296171188354,0.5292083621025085,0.6887040138244629,-0.029919316992163658,-1.3145779371261597,1.0081043243408203
1789729861520759300,32.20875927734375,-0.38971972465515137,-0.3062111437320709,0.5289448499679565,0.6888908743858337,-0.037986885756254196,-1.3149267435073853,1.0003360509872437
1789729861530697500,32.218697509765626,-0.3891153633594513,-0.3066897988319397,0.5287185311317444,0.6891932487487793,-0.04456005245447159,-1.3149675130844116,0.9935535192489624
1789729861540634600,32.22863452148437,-0.389055073261261,-0.3073779344558716,0.5281998515129089,0.6893184185028076,-0.05040186271071434,-1.314634919166565,0.9887673258781433
1789729861550571800,32.23857177734375,-0.3893767297267914,-0.3081149160861969,0.527421772480011,0.6894035339355469,-0.05550028756260872,-1.3138024806976318,0.9854696989059448
1789729861560509000,32.24850903320313,-0.390180766582489,-0.3089888095855713,0.5263307094573975,0.6893916726112366,-0.05992879718542099,-1.3124703168869019,0.9838994145393372
1789729861570446300,32.2584462890625,-0.3910449743270874,-0.30967462062835693,0.525256872177124,0.68941330909729,-0.06305444985628128,-1.3109581470489502,0.9834385514259338
1789729861580383000,32.26838305664062,-0.39195168018341064,-0.31019967794418335,0.5244060754776001,0.6893100142478943,-0.06422479450702667,-1.3097609281539917,0.9847169518470764
1789729861590320400,32.2783203125,-0.39243441820144653,-0.3103119730949402,0.5241847634315491,0.6891531348228455,-0.06308139115571976,-1.3094435930252075,0.9868650436401367
1789729861600257300,32.28825732421875,-0.39222997426986694,-0.30995553731918335,0.5247101187705994,0.689030110836029,-0.060278818011283875,-1.3101739883422852,0.9886879324913025
1789729861610194400,32.2981943359375,-0.39100244641304016,-0.3089529871940613,0.5259513258934021,0.6892317533493042,-0.05694098025560379,-1.3116436004638672,0.9882427453994751
1789729861620131600,32.30813159179687,-0.389724999666214,-0.3079512417316437,0.5272166728973389,0.6894367337226868,-0.05374465137720108,-1.3131707906723022,0.9875754714012146
1789729861630069000,32.31806909179687,-0.3886427581310272,-0.3069462478160858,0.5282131433486938,0.6897330284118652,-0.050635017454624176,-1.3141117095947266,0.9871863722801208
1789729861640005600,32.328005615234375,-0.38870787620544434,-0.30653971433639526,0.5284568071365356,0.6896905303001404,-0.04731316119432449,-1.3141711950302124,0.9899433851242065
1789729861649942500,32.33794262695312,-0.389803409576416,-0.30663084983825684,0.5279678702354431,0.6894060969352722,-0.04390489682555199,-1.3132585287094116,0.9953678846359253
1789729861659879200,32.347879150390625,-0.39139434695243835,-0.30689629912376404,0.5270387530326843,0.6890974640846252,-0.04059996455907822,-1.3116031885147095,1.001847505569458
1789729861669816000,32.35781616210937,-0.39341309666633606,-0.3073406517505646,0.5258625149726868,0.6886482834815979,-0.036944691091775894,-1.309640884399414,1.0097039937973022
1789729861679753000,32.3677529296875,-0.39518457651138306,-0.3075469434261322,0.5248057246208191,0.6883479952812195,-0.03309871256351471,-1.307639241218567,1.0169612169265747
1789729861689690600,32.37769067382813,-0.3968054950237274,-0.3076604902744293,0.5237546563148499,0.6881653070449829,-0.029699401929974556,-1.3055285215377808,1.0233839750289917
1789729861699628500,32.38762866210938,-0.3985392153263092,-0.3079131245613098,0.5224810838699341,0.6880185604095459,-0.02738090418279171,-1.3031057119369507,1.0291717052459717
1789729861709565700,32.397565673828126,-0.40089842677116394,-0.3087519109249115,0.5207884311676025,0.687555193901062,-0.026226066052913666,-1.300522804260254,1.0358197689056396
1789729861719502800,32.4075029296875,-0.403293639421463,-0.30997535586357117,0.5190767645835876,0.6868979930877686,-0.026623953133821487,-1.2983955144882202,1.0415881872177124
1789729861729439700,32.41743969726563,-0.40533211827278137,-0.31145578622817993,0.5176602005958557,0.6860969662666321,-0.028613613918423653,-1.2972400188446045,1.0455336570739746
1789729861739377000,32.427376953125,-0.4068050682544708,-0.31308794021606445,0.5167202353477478,0.6851903200149536,-0.031997792422771454,-1.297309398651123,1.047307014465332
1789729861749314000,32.43731396484375,-0.4078906178474426,-0.31491830945014954,0.5162172317504883,0.684084415435791,-0.03623772785067558,-1.2985776662826538,1.0478178262710571
1789729861759251200,32.44725122070312,-0.4078826904296875,-0.31630784273147583,0.5164850354194641,0.6832453608512878,-0.0408996045589447,-1.3009240627288818,1.0452656745910645
1789729861769188000,32.45718798828125,-0.40696656703948975,-0.31740424036979675,0.5173631906509399,0.6826185584068298,-0.046448178589344025,-1.3041852712631226,1.0397521257400513
1789729861779125200,32.467125244140625,-0.4044815003871918,-0.31764164566993713,0.5190632939338684,0.6826944947242737,-0.05316432937979698,-1.3080627918243408,1.0289815664291382
1789729861789062700,32.477062744140625,-0.4010846018791199,-0.3173086643218994,0.5212362408638,0.6831977367401123,-0.060451626777648926,-1.3122005462646484,1.0151691436767578
1789729861799000000,32.487,-0.3965355157852173,-0.3160320818424225,0.5239596366882324,0.684360682964325,-0.06766731292009354,-1.3163014650344849,0.9979814291000366
1789729861808936400,32.4969365234375,-0.3923817276954651,-0.3148803114891052,0.5264970660209656,0.6853377223014832,-0.07435878366231918,-1.3201937675476074,0.9822314381599426
1789729861818872800,32.50687280273438,-0.38720762729644775,-0.31294918060302734,0.5294750928878784,0.6868691444396973,-0.08146920800209045,-1.3240522146224976,0.9631368517875671
1789729861828809500,32.5168095703125,-0.3838043212890625,-0.3119291365146637,0.5312744975090027,0.6878530979156494,-0.08823999017477036,-1.3265386819839478,0.948925256729126
1789729861838746000,32.52674609375,-0.38090571761131287,-0.311303049325943,0.5327417850494385,0.688612699508667,-0.09564262628555298,-1.328792691230774,0.9355891942977905
1789729861848683000,32.53668310546875,-0.3777133822441101,-0.3104681670665741,0.5343294143676758,0.6895173788070679,-0.10335320979356766,-1.3310353755950928,0.9211373329162598
1789729861858621000,32.546620849609376,-0.37482643127441406,-0.30991917848587036,0.5359064340591431,0.6901156306266785,-0.11095716059207916,-1.3336256742477417,0.907749593257904
1789729861868559000,32.55655908203125,-0.37147292494773865,-0.30900922417640686,0.5378835797309875,0.6907984018325806,-0.11797849833965302,-1.3366613388061523,0.8935807943344116
1789729861878496800,32.56649682617188,-0.3681412935256958,-0.30794769525527954,0.5400295257568359,0.6913814544677734,-0.12357544153928757,-1.3399333953857422,0.8806300759315491
1789729861888434200,32.57643408203125,-0.363766074180603,-0.30570751428604126,0.5427855253219604,0.6925323605537415,-0.12676937878131866,-1.34317147731781,0.8665057420730591
1789729861898370800,32.586370849609374,-0.3596246540546417,-0.3032132685184479,0.5455034971237183,0.6936553716659546,-0.12736643850803375,-1.3461315631866455,0.8550010323524475
1789729861908307700,32.5963076171875,-0.3551205098628998,-0.30001622438430786,0.5483673214912415,0.6951064467430115,-0.12567277252674103,-1.3486698865890503,0.8441354632377625
1789729861918245400,32.60624536132813,-0.35087713599205017,-0.29661092162132263,0.5509933233261108,0.6966445446014404,-0.12206485867500305,-1.3505377769470215,0.8353534936904907
1789729861928182300,32.616182373046875,-0.34684720635414124,-0.29295814037323,0.5533477663993835,0.6983399987220764,-0.11668425053358078,-1.3516029119491577,0.8283776044845581
1789729861938119400,32.62611938476562,-0.3430638611316681,-0.2891675531864166,0.5553247332572937,0.7002169489860535,-0.11036951839923859,-1.3517330884933472,0.822601854801178
1789729861948055600,32.6360556640625,-0.33951088786125183,-0.285377562046051,0.5569620728492737,0.7022002935409546,-0.10389047116041183,-1.3511537313461304,0.8174327611923218
1789729861957991400,32.645991455078125,-0.3348435163497925,-0.28072118759155273,0.5589103102684021,0.7047656774520874,-0.09797297418117523,-1.3503361940383911,0.8086117506027222
1789729861967928000,32.65592797851563,-0.33072730898857117,-0.27665045857429504,0.5606038570404053,0.7069705128669739,-0.09293529391288757,-1.3496767282485962,0.8007476925849915
1789729861977865000,32.665864990234375,-0.32605260610580444,-0.27228108048439026,0.5625708103179932,0.709272027015686,-0.08839529752731323,-1.3493798971176147,0.7910573482513428
1789729861987802400,32.67580224609375,-0.32208096981048584,-0.2686392068862915,0.5644084215164185,0.7110133171081543,-0.08418168872594833,-1.3496694564819336,0.7833003401756287
1789729861997740300,32.685740234375,-0.31683337688446045,-0.26426219940185547,0.56694096326828,0.7129937410354614,-0.08067060261964798,-1.3508304357528687,0.7716870307922363
1789729862007678200,32.69567822265625,-0.3113642930984497,-0.260020911693573,0.5697214007377625,0.714743971824646,-0.07829012721776962,-1.3527979850769043,0.7588239908218384
1789729862017616600,32.70561669921875,-0.3059130907058716,-0.256005197763443,0.5725275874137878,0.7163034677505493,-0.07703350484371185,-1.355147123336792,0.7452521920204163
1789729862027553500,32.71555346679688,-0.29993391036987305,-0.25163203477859497,0.5754082798957825,0.7180712223052979,-0.07661384344100952,-1.3573856353759766,0.7295321226119995
1789729862037490400,32.725490478515624,-0.2943703234195709,-0.2475762665271759,0.5779861807823181,0.7197111248970032,-0.07669909298419952,-1.3593308925628662,0.7145102620124817
1789729862047427600,32.73542749023437,-0.2877486050128937,-0.24261407554149628,0.5807843208312988,0.7218232154846191,-0.07694254070520401,-1.3609882593154907,0.6963753700256348
1789729862057364500,32.74536450195313,-0.2802056670188904,-0.23679770529270172,0.583760678768158,0.7243170142173767,-0.07685782015323639,-1.3623794317245483,0.6759331226348877
1789729862067301400,32.75530126953125,-0.27275627851486206,-0.23086655139923096,0.5865784287452698,0.7267946004867554,-0.07585423439741135,-1.3634697198867798,0.6564753651618958
1789729862077238500,32.76523852539062,-0.2648538649082184,-0.2243577092885971,0.5894297957420349,0.7294439673423767,-0.07365280389785767,-1.3643038272857666,0.6367447972297668
1789729862087176200,32.77517626953125,-0.2571057379245758,-0.21779799461364746,0.5921984910964966,0.7319574356079102,-0.07018573582172394,-1.3651164770126343,0.6185281276702881
1789729862097113600,32.78511352539063,-0.24864330887794495,-0.21057569980621338,0.5952461361885071,0.7345178127288818,-0.06570015102624893,-1.3662551641464233,0.5993324518203735
1789729862107051000,32.79505102539063,-0.2390834242105484,-0.20239606499671936,0.5987129211425781,0.7371687889099121,-0.060156043618917465,-1.3678852319717407,0.5782010555267334
1789729862116987400,32.8049873046875,-0.22962765395641327,-0.19420848786830902,0.6021891236305237,0.7395420670509338,-0.05359642580151558,-1.3698574304580688,0.5583397150039673
1789729862126923800,32.814923828125,-0.22027188539505005,-0.185989111661911,0.6055796146392822,0.7417288422584534,-0.046189822256565094,-1.3719143867492676,0.5395394563674927
1789729862136860200,32.82486010742188,-0.21017174422740936,-0.17701737582683563,0.6090237498283386,0.7440314292907715,-0.03790220618247986,-1.3738758563995361,0.519519567489624
1789729862146797600,32.834797607421876,-0.20056070387363434,-0.16827546060085297,0.6121514439582825,0.7461429834365845,-0.02870706282556057,-1.3755704164505005,0.5015929341316223
1789729862156735500,32.84473559570313,-0.1896112561225891,-0.1582544445991516,0.6152694821357727,0.7486298084259033,-0.01879439316689968,-1.3767489194869995,0.4806620478630066
1789729862166673700,32.85467358398437,-0.1771363615989685,-0.14678490161895752,0.6182761192321777,0.7515394687652588,-0.008269598707556725,-1.3772053718566895,0.4561408460140228
1789729862176610000,32.864610107421875,-0.16420643031597137,-0.13478389382362366,0.6208017468452454,0.7546355128288269,0.0023530996404588223,-1.3767025470733643,0.43044981360435486
1789729862186546400,32.87454638671875,-0.15232940018177032,-0.12359680235385895,0.6225584745407104,0.7575886249542236,0.0123359439894557,-1.3752480745315552,0.4069831371307373
1789729862196483300,32.8844833984375,-0.1398175060749054,-0.11194291710853577,0.6239409446716309,0.7606691718101501,0.02124989591538906,-1.373134732246399,0.3809754252433777
1789729862206420700,32.89442065429687,-0.12674275040626526,-0.10003824532032013,0.6251019239425659,0.7636597752571106,0.02852865867316723,-1.3709074258804321,0.3522658348083496
1789729862216358700,32.904358642578124,-0.11311791092157364,-0.08798183500766754,0.6262185573577881,0.7663640379905701,0.034053735435009,-1.3690961599349976,0.32088643312454224
1789729862226296000,32.914296142578124,-0.10156571865081787,-0.07797757536172867,0.6271672248840332,0.768287181854248,0.03765852376818657,-1.3681071996688843,0.29357853531837463
1789729862236233200,32.92423315429688,-0.08771820366382599,-0.06652814149856567,0.6284754276275635,0.7699987888336182,0.038772109895944595,-1.3680740594863892,0.2584763765335083
1789729862246170400,32.93417041015625,-0.07434041053056717,-0.05589260160923004,0.629902720451355,0.7710849642753601,0.037238892167806625,-1.369094967842102,0.2226220965385437
1789729862256107300,32.944107177734374,-0.059739913791418076,-0.04463496059179306,0.6315569877624512,0.7717347741127014,0.033099591732025146,-1.3710753917694092,0.18158335983753204
1789729862266044400,32.95404443359375,-0.044375330209732056,-0.03307231888175011,0.6333650946617126,0.7718715667724609,0.026368040591478348,-1.3739498853683472,0.1364838182926178
1789729862275981600,32.96398168945313,-0.029289407655596733,-0.022026248276233673,0.6353088021278381,0.7713881731033325,0.016860445961356163,-1.3777775764465332,0.08978719264268875
1789729862285919000,32.9739189453125,-0.012744818814098835,-0.009949157945811749,0.6374430060386658,0.7703278064727783,0.004916015081107616,-1.3825492858886719,0.03715422749519348
1789729862295855900,32.98385595703125,0.0061958967708051205,0.00403703423216939,0.6396974921226501,0.7685912251472473,-0.009481516666710377,-1.3882341384887695,-0.024013694375753403
1789729862305793500,32.99379345703125,0.02475249208509922,0.017892446368932724,0.6419835090637207,0.7661098837852478,-0.024934114888310432,-1.394760012626648,-0.08548677712678909
1789729862315730000,33.00372998046875,0.04360106587409973,0.03245332092046738,0.6442103981971741,0.7629145979881287,-0.0396403893828392,-1.4019839763641357,-0.14763423800468445
1789729862325666300,33.01366625976563,0.06309567391872406,0.04821207746863365,0.6461907625198364,0.7590336203575134,-0.05209478735923767,-1.4096561670303345,-0.21018461883068085
1789729862335602700,33.023602783203124,0.08314837515354156,0.06515716016292572,0.647671103477478,0.7545614838600159,-0.06137951835989952,-1.4173535108566284,-0.2721238434314728
1789729862345539300,33.03353930664063,0.10196975618600845,0.08167606592178345,0.6486186981201172,0.7498165965080261,-0.06733443588018417,-1.4247013330459595,-0.3284847140312195
1789729862355476500,33.0434765625,0.12010829895734787,0.09807942062616348,0.6488701105117798,0.7449308633804321,-0.07014331966638565,-1.4313061237335205,-0.38070598244667053
1789729862365413600,33.05341357421875,0.13619284331798553,0.11291611194610596,0.648570716381073,0.7403090596199036,-0.07101329416036606,-1.436847448348999,-0.4259584844112396
1789729862375350800,33.06335083007812,0.15209972858428955,0.1276043802499771,0.6474981904029846,0.7357505559921265,-0.07122702896595001,-1.4411793947219849,-0.470262736082077
1789729862385288400,33.07328833007813,0.1681535691022873,0.14236609637737274,0.6456652879714966,0.7311447262763977,-0.07117363810539246,-1.4444451332092285,-0.5148220658302307
1789729862395226000,33.08322607421875,0.18337973952293396,0.15633881092071533,0.6433490514755249,0.7266581058502197,-0.0707913413643837,-1.4468488693237305,-0.5569226741790771
1789729862405163800,33.09316381835937,0.19754132628440857,0.16926629841327667,0.6407958269119263,0.7222929000854492,-0.07107764482498169,-1.4487264156341553,-0.5968239903450012
1789729862415101400,33.10310131835938,0.2109273076057434,0.18140316009521484,0.6381155252456665,0.7179214358329773,-0.07270418107509613,-1.450385332107544,-0.635966956615448
1789729862425038600,33.11303857421875,0.2238723635673523,0.1930752843618393,0.6353269815444946,0.7134162783622742,-0.07583557069301605,-1.4520138502120972,-0.6754738688468933
1789729862434975700,33.122975830078126,0.23629583418369293,0.20422503352165222,0.6324952244758606,0.7088062167167664,-0.08052349835634232,-1.4536665678024292,-0.715182363986969
1789729862444913000,33.13291284179687,0.2476987987756729,0.21437475085258484,0.6297961473464966,0.7043049931526184,-0.08713965117931366,-1.4553014039993286,-0.75398850440979
1789729862454849800,33.14284985351563,0.25887346267700195,0.2241661548614502,0.6270295977592468,0.6996912956237793,-0.0964459478855133,-1.4568541049957275,-0.7947807312011719
1789729862464787000,33.152786865234376,0.2693622410297394,0.23319600522518158,0.6243442893028259,0.6951674818992615,-0.1082310825586319,-1.4582747220993042,-0.8360397219657898
1789729862474724000,33.16272412109375,0.2783605456352234,0.24080601334571838,0.6220107674598694,0.6911081671714783,-0.12133222818374634,-1.4595201015472412,-0.8743478655815125
1789729862484661000,33.17266088867188,0.28826195001602173,0.2492258995771408,0.6191324591636658,0.6866341829299927,-0.13381987810134888,-1.4604655504226685,-0.9147974848747253
1789729862494598100,33.18259814453125,0.29666584730148315,0.25637000799179077,0.6164935231208801,0.682788074016571,-0.14373843371868134,-1.461026668548584,-0.9485765099525452
1789729862504535300,33.192535400390625,0.3055395185947418,0.26412233710289,0.6133600473403931,0.6787300109863281,-0.14949887990951538,-1.4613007307052612,-0.9799932837486267
1789729862514472400,33.20247241210937,0.31329411268234253,0.2711705267429352,0.6102666258811951,0.6751947402954102,-0.14877870678901672,-1.4612876176834106,-1.0022445917129517
1789729862524409300,33.21240942382813,0.32094606757164,0.27838951349258423,0.6068528890609741,0.6717309355735779,-0.14220808446407318,-1.4610120058059692,-1.0188804864883423
1789729862534346500,33.222346435546875,0.3287327289581299,0.28573307394981384,0.6030928492546082,0.6682592034339905,-0.13305224478244781,-1.4603259563446045,-1.03347647190094
1789729862544283600,33.23228369140625,0.3355242609977722,0.29202815890312195,0.5994448661804199,0.6654388904571533,-0.1221894696354866,-1.4589605331420898,-1.043290615081787
1789729862554220800,33.242220703125,0.34269648790359497,0.29854151606559753,0.5952711701393127,0.6626343727111816,-0.10878518968820572,-1.4568274021148682,-1.0516453981399536
1789729862564157700,33.25215771484375,0.3497921824455261,0.30482953786849976,0.5908463001251221,0.6600189805030823,-0.09423817694187164,-1.4540553092956543,-1.0585204362869263
1789729862574094800,33.2620947265625,0.35609257221221924,0.31021273136138916,0.5866541862487793,0.6578776240348816,-0.08070988953113556,-1.450909972190857,-1.0638182163238525
1789729862584032000,33.27203198242187,0.36168593168258667,0.31484469771385193,0.5828074812889099,0.6560423374176025,-0.0691908597946167,-1.4477765560150146,-1.068872094154358
1789729862593969200,33.28196923828125,0.36744317412376404,0.3196162283420563,0.5790116786956787,0.6538932919502258,-0.059984270483255386,-1.4450581073760986,-1.076797604560852
1789729862603906000,33.291906005859374,0.37284013628959656,0.3240603506565094,0.5756204128265381,0.6516411900520325,-0.0540483333170414,-1.4429699182510376,-1.0869368314743042
1789729862613843200,33.30184326171875,0.37767526507377625,0.3279910385608673,0.5727590322494507,0.649407684803009,-0.05148593708872795,-1.4415276050567627,-1.098742127418518
1789729862623780400,33.3117802734375,0.3828296363353729,0.3321591913700104,0.5699109435081482,0.6467714309692383,-0.05155951529741287,-1.4405124187469482,-1.1141445636749268
1789729862633717200,33.32171728515625,0.3877325654029846,0.33598801493644714,0.5672600269317627,0.6441984176635742,-0.053558867424726486,-1.4395761489868164,-1.1305642127990723
1789729862643654400,33.331654296875,0.39227941632270813,0.339301198720932,0.5647526979446411,0.6419080495834351,-0.05667722225189209,-1.4383392333984375,-1.1467336416244507
1789729862653591600,33.34159155273438,0.3964594602584839,0.3420025706291199,0.5622981190681458,0.6400585174560547,-0.06015823036432266,-1.4364392757415771,-1.1617181301116943
1789729862663528700,33.35152880859375,0.3994176983833313,0.34328553080558777,0.5603194236755371,0.6392673254013062,-0.06370335072278976,-1.4336957931518555,-1.1724413633346558
1789729862673465600,33.361465576171874,0.4026693105697632,0.3445113003253937,0.5580775737762451,0.6385286450386047,-0.06775032728910446,-1.4302908182144165,-1.1841094493865967
1789729862683402800,33.37140283203125,0.40573179721832275,0.3454186022281647,0.5558984279632568,0.63800048828125,-0.07199683040380478,-1.4265986680984497,-1.1951632499694824
1789729862693340000,33.38133984375,0.40903425216674805,0.3465036451816559,0.5536164045333862,0.6372873187065125,-0.07644905149936676,-1.4229398965835571,-1.2071442604064941
1789729862703277000,33.391277099609376,0.41227108240127563,0.3476242423057556,0.5514312982559204,0.63648521900177,-0.08082271367311478,-1.4195665121078491,-1.2190051078796387
1789729862713214200,33.40121411132812,0.41557666659355164,0.3488558530807495,0.5492672920227051,0.6355320811271667,-0.0853424072265625,-1.4164137840270996,-1.231329321861267
1789729862723151400,33.4111513671875,0.41824787855148315,0.3496457636356354,0.5474765300750732,0.6348905563354492,-0.08940903097391129,-1.4134880304336548,-1.2413924932479858
1789729862733088500,33.42108862304688,0.42103737592697144,0.3507155179977417,0.5456358194351196,0.6340407729148865,-0.09263421595096588,-1.4108721017837524,-1.2512882947921753
1789729862743025700,33.431025634765625,0.4242415726184845,0.3524179458618164,0.5435492992401123,0.6327518224716187,-0.09433742612600327,-1.4086580276489258,-1.261439561843872
1789729862752962800,33.440962890625,0.4275813102722168,0.3545062243938446,0.5413528680801392,0.6312183737754822,-0.09449136257171631,-1.4068089723587036,-1.2709373235702515
1789729862762900200,33.45090014648437,0.4305337965488434,0.3565220534801483,0.5393788814544678,0.6297643184661865,-0.09362184256315231,-1.4053969383239746,-1.2786325216293335
1789729862772837400,33.46083740234375,0.4330061674118042,0.35833245515823364,0.5376572012901306,0.6285127401351929,-0.09174536168575287,-1.4042856693267822,-1.2841540575027466
1789729862782774500,33.4707744140625,0.4352194666862488,0.3599854111671448,0.536032497882843,0.627426266670227,-0.08916471898555756,-1.4031909704208374,-1.2882747650146484
1789729862792711700,33.480711669921874,0.43759652972221375,0.36176636815071106,0.5343092679977417,0.6262171864509583,-0.08667466789484024,-1.4020893573760986,-1.2930048704147339
1789729862802648800,33.49064892578125,0.4396025836467743,0.36323148012161255,0.5328384041786194,0.625216543674469,-0.08463550359010696,-1.4010859727859497,-1.2970131635665894
1789729862812586000,33.5005859375,0.44204434752464294,0.36509981751441956,0.5312046408653259,0.6237952709197998,-0.0834328904747963,-1.4003342390060425,-1.303308367729187
1789729862822523100,33.510523193359376,0.44421273469924927,0.3667517304420471,0.5298839211463928,0.6224076747894287,-0.08375568687915802,-1.3999383449554443,-1.3102781772613525
1789729862832460500,33.52046044921875,0.4460829794406891,0.36809951066970825,0.5289788842201233,0.6210427284240723,-0.08672794699668884,-1.3999593257904053,-1.3188396692276
1789729862842397700,33.53039770507812,0.44770652055740356,0.3692016005516052,0.5284522175788879,0.619667112827301,-0.09223499894142151,-1.4003952741622925,-1.3290644884109497
1789729862852334800,33.5403349609375,0.44905635714530945,0.37008988857269287,0.5282685160636902,0.6183156371116638,-0.09959059953689575,-1.4012166261672974,-1.3402717113494873
1789729862862272000,33.55027197265625,0.44998136162757874,0.370704710483551,0.5284563302993774,0.6171131730079651,-0.10795150697231293,-1.4024020433425903,-1.3512474298477173
1789729862872209400,33.56020947265625,0.4505052864551544,0.37112873792648315,0.5289766788482666,0.6160293221473694,-0.11688067764043808,-1.4039968252182007,-1.3617362976074219
1789729862882146300,33.57014624023437,0.4509747624397278,0.37169113755226135,0.5295391082763672,0.6148624420166016,-0.12545040249824524,-1.405892252922058,-1.3719955682754517
1789729862892083700,33.58008374023437,0.44898489117622375,0.37033146619796753,0.5315319895744324,0.615419328212738,-0.13292135298252106,-1.4079917669296265,-1.373496174812317
1789729862902020900,33.590020751953126,0.4491603672504425,0.37100064754486084,0.5322116017341614,0.6142998337745667,-0.13993176817893982,-1.4103280305862427,-1.381844162940979
1789729862911958000,33.5999580078125,0.4489626884460449,0.37158408761024475,0.5331167578697205,0.6133059859275818,-0.14634713530540466,-1.4130396842956543,-1.3887776136398315
1789729862921895000,33.60989501953125,0.4489889442920685,0.37261244654655457,0.533923864364624,0.6119593381881714,-0.15260857343673706,-1.416222095489502,-1.3967010974884033
1789729862931832000,33.61983203125,0.4493393003940582,0.37411656975746155,0.5345577597618103,0.6102286577224731,-0.15885986387729645,-1.4197584390640259,-1.4059964418411255
1789729862941769200,33.629769287109376,0.44968870282173157,0.37565433979034424,0.5350735783576965,0.608572244644165,-0.1639024317264557,-1.4231284856796265,-1.4141559600830078
1789729862951706400,33.63970629882812,0.4497148394584656,0.3767513334751129,0.5355923175811768,0.6074174046516418,-0.16722442209720612,-1.425876259803772,-1.4192970991134644
1789729862961643300,33.64964331054688,0.4498591423034668,0.3777619004249573,0.5357915759086609,0.6065064668655396,-0.16808190941810608,-1.4278559684753418,-1.4220726490020752
1789729862971580400,33.659580322265626,0.4495813250541687,0.37838688492774963,0.5359987616539001,0.6061397194862366,-0.16559089720249176,-1.4293392896652222,-1.4201133251190186
1789729862981517600,33.669517578125,0.4496610462665558,0.3795299530029297,0.5358293056488037,0.6055154204368591,-0.1602877825498581,-1.4308644533157349,-1.416873812675476
1789729862991454700,33.67945483398437,0.4491870105266571,0.3804234564304352,0.535950779914856,0.6051989793777466,-0.15327194333076477,-1.4326739311218262,-1.410501480102539
1789729863001391600,33.6893916015625,0.4488449692726135,0.38155218958854675,0.5359385013580322,0.6047528982162476,-0.1449623554944992,-1.4345752000808716,-1.4034759998321533
1789729863011328800,33.699328857421875,0.4487188160419464,0.38264068961143494,0.5357639193534851,0.6043132543563843,-0.13697992265224457,-1.4360438585281372,-1.3971084356307983
1789729863021266000,33.70926586914062,0.4488094747066498,0.383416086435318,0.535416841506958,0.6040620803833008,-0.13033215701580048,-1.4366182088851929,-1.3919527530670166
1789729863031203600,33.71920361328125,0.4492360055446625,0.3838094472885132,0.5348004698753357,0.6040412187576294,-0.12553708255290985,-1.435972809791565,-1.3886284828186035
1789729863041140700,33.729140625,0.45047280192375183,0.3841961920261383,0.533703625202179,0.6038443446159363,-0.12406425178050995,-1.434218406677246,-1.3900960683822632
1789729863051078000,33.73907788085938,0.45186954736709595,0.38411661982536316,0.532658576965332,0.6037741303443909,-0.1269521713256836,-1.431775450706482,-1.3954249620437622
1789729863061014800,33.749014892578124,0.45329156517982483,0.3836205303668976,0.5317835807800293,0.6037948727607727,-0.13375835120677948,-1.4289758205413818,-1.4040058851242065
1789729863070952200,33.7589521484375,0.4552336633205414,0.3832748830318451,0.5308247208595276,0.6033968925476074,-0.14454865455627441,-1.426138162612915,-1.417759895324707
1789729863080888800,33.76888891601563,0.45685482025146484,0.3824766278266907,0.5303977727890015,0.6030535101890564,-0.159713014960289,-1.4236198663711548,-1.4345120191574097
1789729863090825500,33.77882543945312,0.45865049958229065,0.3817664682865143,0.5302290916442871,0.6022882461547852,-0.1793687492609024,-1.4216363430023193,-1.4561926126480103
1789729863100762000,33.78876220703125,0.45959392189979553,0.38037171959877014,0.5309356451034546,0.6018289923667908,-0.20277369022369385,-1.4203081130981445,-1.478874921798706
1789729863110699000,33.79869897460937,0.4597221612930298,0.3784085214138031,0.5324143767356873,0.6016622185707092,-0.22891457378864288,-1.419608473777771,-1.5018168687820435
1789729863120636200,33.80863623046875,0.45955178141593933,0.37629076838493347,0.5342723727226257,0.6014735698699951,-0.257289320230484,-1.4193347692489624,-1.5261750221252441
1789729863130573600,33.81857348632813,0.4587881863117218,0.3736862540245056,0.5366730093955994,0.6015430688858032,-0.2880120277404785,-1.4193209409713745,-1.5509740114212036
1789729863140511000,33.828510986328126,0.45874080061912537,0.37161293625831604,0.5387750864028931,0.6009842753410339,-0.32111573219299316,-1.4192495346069336,-1.580357551574707
1789729863150448400,33.838448486328126,0.4583137035369873,0.36888307332992554,0.5411852598190308,0.6008263826370239,-0.3557624816894531,-1.4186304807662964,-1.6095043420791626
1789729863160385800,33.8483857421875,0.45857998728752136,0.3663366138935089,0.5431349873542786,0.6004217267036438,-0.3901319205760956,-1.4170831441879272,-1.6399686336517334
1789729863170323200,33.8583232421875,0.4591276943683624,0.3636429011821747,0.5448133945465088,0.600119948387146,-0.42268458008766174,-1.4145852327346802,-1.668910026550293
1789729863180260600,33.86826049804687,0.4596082866191864,0.3607866168022156,0.5463559627532959,0.6000736951828003,-0.4517686069011688,-1.41156005859375,-1.6940184831619263
1789729863190197800,33.87819775390625,0.4598146080970764,0.3578694462776184,0.5477754473686218,0.6003682613372803,-0.47566211223602295,-1.4083908796310425,-1.713368535041809
1789729863200135000,33.88813500976563,0.45983389019966125,0.3551950752735138,0.5489135384559631,0.6009019613265991,-0.49305158853530884,-1.4053679704666138,-1.7263128757476807
1789729863210071800,33.89807177734375,0.45941951870918274,0.35262641310691833,0.5499537587165833,0.6017799973487854,-0.5048647522926331,-1.402725338935852,-1.7330975532531738
1789729863220009000,33.90800903320312,0.4593161940574646,0.3508315980434418,0.5506018400192261,0.6023150682449341,-0.5134404301643372,-1.400631308555603,-1.73850417137146
1789729863229946000,33.91794604492188,0.45872005820274353,0.34909316897392273,0.5514020919799805,0.6030469536781311,-0.5199868083000183,-1.3992078304290771,-1.7410887479782104
1789729863239883300,33.92788330078125,0.45863673090934753,0.3483406603336334,0.5517532825469971,0.6032241582870483,-0.5243237018585205,-1.3984520435333252,-1.7440232038497925
1789729863249820200,33.93782006835937,0.4583389461040497,0.3478730320930481,0.5520185828208923,0.6034775972366333,-0.5256576538085938,-1.3982408046722412,-1.7440447807312012
1789729863259757300,33.94775732421875,0.4584308862686157,0.3481431007385254,0.5518136024475098,0.6034395098686218,-0.5234882235527039,-1.3983696699142456,-1.7424944639205933
1789729863269694500,33.957694580078126,0.45873960852622986,0.3488750159740448,0.5512465238571167,0.6033005118370056,-0.5179310441017151,-1.398654818534851,-1.7387222051620483
1789729863279631400,33.96763134765625,0.45935967564582825,0.3500709533691406,0.5502516627311707,0.6030440330505371,-0.5088363885879517,-1.3989392518997192,-1.7327576875686646
1789729863289568500,33.97756860351563,0.4603458344936371,0.3517606556415558,0.5487954020500183,0.6026356816291809,-0.4962114691734314,-1.3991831541061401,-1.724762201309204
1789729863299505700,33.987505615234376,0.4609135389328003,0.3532833755016327,0.547366201877594,0.6026108264923096,-0.4804970920085907,-1.399495005607605,-1.7126622200012207
1789729863309442800,33.99744287109375,0.4616319239139557,0.35515668988227844,0.5456621646881104,0.6025052070617676,-0.46210187673568726,-1.399895191192627,-1.698753833770752
1789729863319379700,34.00737963867188,0.4615463316440582,0.356505811214447,0.5442830920219421,0.6030211448669434,-0.4415099024772644,-1.4003925323486328,-1.6803332567214966
1789729863329316900,34.01731689453125,0.46151480078697205,0.35812151432037354,0.5427332520484924,0.6034846305847168,-0.41878801584243774,-1.4009995460510254,-1.660337209701538
1789729863339254000,34.02725390625,0.46133509278297424,0.35974445939064026,0.5411721467971802,0.6040584444999695,-0.3944961726665497,-1.401625394821167,-1.6385267972946167
1789729863349191200,34.03719116210937,0.46077680587768555,0.3611091673374176,0.5397768020629883,0.6049181222915649,-0.3692030608654022,-1.4022104740142822,-1.6146067380905151
1789729863359128000,34.04712817382813,0.4605221152305603,0.362744003534317,0.5381564497947693,0.6055772304534912,-0.34323784708976746,-1.4026330709457397,-1.5910277366638184
1789729863369065200,34.057065185546875,0.4604478180408478,0.36447247862815857,0.5363863706588745,0.6061660647392273,-0.3168027400970459,-1.4027869701385498,-1.5674777030944824
1789729863379002400,34.06700244140625,0.4604654610157013,0.3661426305770874,0.5345755815505981,0.6067454814910889,-0.2908575236797333,-1.4026380777359009,-1.5444976091384888
1789729863388939500,34.076939453125,0.46056991815567017,0.36766982078552246,0.5328093767166138,0.6072959899902344,-0.26669949293136597,-1.4022002220153809,-1.5232270956039429
1789729863398876400,34.08687646484375,0.4605419635772705,0.36880436539649963,0.5312862992286682,0.6079632639884949,-0.2453307956457138,-1.40150785446167,-1.503843069076538
1789729863408813600,34.0968134765625,0.4606913626194,0.36977148056030273,0.5298933386802673,0.6084780693054199,-0.22777853906154633,-1.4006379842758179,-1.4883055686950684
1789729863418750700,34.10675073242187,0.46071499586105347,0.370375394821167,0.5288631319999695,0.6089890003204346,-0.2144029587507248,-1.3998173475265503,-1.4760843515396118
1789729863428687600,34.1166875,0.46093615889549255,0.370961993932724,0.527992308139801,0.6092201471328735,-0.20487026870250702,-1.3991607427597046,-1.4680126905441284
1789729863438625000,34.126625,0.46079036593437195,0.3710727095603943,0.5275821089744568,0.6096182465553284,-0.198536217212677,-1.398658275604248,-1.4616484642028809
1789729863448562200,34.136562255859374,0.4606194794178009,0.37099286913871765,0.5274060368537903,0.6099482774734497,-0.19517484307289124,-1.398268222808838,-1.4578708410263062
1789729863458499300,34.14649926757812,0.46035584807395935,0.3706948161125183,0.527457594871521,0.6102837920188904,-0.19413848221302032,-1.397958517074585,-1.4558663368225098
1789729863468436500,34.1564365234375,0.4599398672580719,0.37014877796173096,0.5276708006858826,0.6107444167137146,-0.19420766830444336,-1.3975849151611328,-1.4542690515518188
1789729863478373600,34.16637353515625,0.45930323004722595,0.3692772388458252,0.5279975533485413,0.6114682555198669,-0.19443722069263458,-1.3969569206237793,-1.4518897533416748
1789729863488310800,34.176310791015624,0.45861560106277466,0.36819949746131897,0.5283190011978149,0.6123560070991516,-0.1947401762008667,-1.3960039615631104,-1.4491561651229858
1789729863498248000,34.186248046875,0.4578704833984375,0.366923987865448,0.5286267995834351,0.6134126782417297,-0.19496232271194458,-1.3947287797927856,-1.4459189176559448
1789729863508185300,34.19618530273438,0.45744678378105164,0.3657646179199219,0.5286589860916138,0.6143926978111267,-0.1947675347328186,-1.3930468559265137,-1.4430606365203857
1789729863518122500,34.20612255859375,0.4569646418094635,0.36436545848846436,0.5286691784858704,0.6155729293823242,-0.19454775750637054,-1.3909608125686646,-1.4396849870681763
1789729863528059600,34.2160595703125,0.4566880762577057,0.36303484439849854,0.5285505056381226,0.6166653037071228,-0.19462016224861145,-1.3886926174163818,-1.4370970726013184
1789729863537996800,34.22599682617187,0.4566233158111572,0.3619672954082489,0.5283732414245605,0.617492139339447,-0.19520285725593567,-1.386677861213684,-1.4358352422714233
1789729863547934000,34.23593383789063,0.4565848112106323,0.36126965284347534,0.5283221006393433,0.617972731590271,-0.1962997168302536,-1.3854784965515137,-1.4357266426086426
1789729863557871000,34.24587109375,0.456537127494812,0.36113980412483215,0.528413712978363,0.6180055737495422,-0.19721098244190216,-1.385451316833496,-1.4363304376602173
1789729863567808300,34.255808349609374,0.456291526556015,0.36148443818092346,0.5287495255470276,0.617698073387146,-0.19766443967819214,-1.3866870403289795,-1.4368743896484375
1789729863577745700,34.26574560546875,0.4553349018096924,0.3616845905780792,0.5296487808227539,0.6175164580345154,-0.19837257266044617,-1.3889360427856445,-1.4361164569854736
1789729863587682800,34.27568286132812,0.45389384031295776,0.36164411902427673,0.5309803485870361,0.6174575090408325,-0.20019418001174927,-1.3917368650436401,-1.4351762533187866
1789729863597620000,34.285619873046876,0.4523756504058838,0.36148878931999207,0.5324443578720093,0.6174018979072571,-0.20316079258918762,-1.3946239948272705,-1.4350481033325195
1789729863607557000,34.29555712890625,0.45064955949783325,0.36104661226272583,0.5340474247932434,0.6175383925437927,-0.20671957731246948,-1.3973774909973145,-1.434667706489563
1789729863617494300,34.30549438476562,0.44902774691581726,0.3606168329715729,0.53554368019104,0.6176751255989075,-0.21008577942848206,-1.3999309539794922,-1.4343184232711792
1789729863627431400,34.31543139648438,0.4472540318965912,0.3600309193134308,0.5370386242866516,0.6180057525634766,-0.2125755399465561,-1.4022908210754395,-1.4325785636901855
1789729863637368600,34.32536865234375,0.4458468556404114,0.3598179817199707,0.5382091999053955,0.6181281805038452,-0.21366608142852783,-1.4045448303222656,-1.430733561515808
1789729863647305700,34.3353056640625,0.44440293312072754,0.35968002676963806,0.5392633676528931,0.6183294653892517,-0.2128179669380188,-1.4067257642745972,-1.427025318145752
1789729863657243100,34.3452431640625,0.44301649928092957,0.35977914929389954,0.5401515960693359,0.6184913516044617,-0.20977137982845306,-1.4089680910110474,-1.4216283559799194
1789729863667180300,34.35518017578125,0.44208574295043945,0.3606453537940979,0.5406490564346313,0.618218183517456,-0.2039390653371811,-1.4115713834762573,-1.4155399799346924
1789729863677117400,34.36511743164063,0.44103309512138367,0.3619583547115326,0.5411167740821838,0.6177933216094971,-0.1948598027229309,-1.4148690700531006,-1.4067294597625732
1789729863687055000,34.37505517578125,0.4399441182613373,0.36370328068733215,0.5415394306182861,0.6171743273735046,-0.1829914152622223,-1.4187729358673096,-1.3957843780517578
1789729863696991200,34.3849912109375,0.4386937618255615,0.3654366731643677,0.5420008301734924,0.6166351437568665,-0.16937671601772308,-1.4227635860443115,-1.3827950954437256
1789729863706927400,34.39492724609375,0.43756380677223206,0.36707231402397156,0.5423157215118408,0.6161894798278809,-0.15491712093353271,-1.4262655973434448,-1.369030475616455
1789729863716863700,34.40486376953125,0.43675318360328674,0.36843860149383545,0.5423664450645447,0.6159044504165649,-0.14111687242984772,-1.4287281036376953,-1.3560667037963867
1789729863726800400,34.41480029296875,0.43641263246536255,0.369634747505188,0.5420815944671631,0.6156798601150513,-0.1286706179380417,-1.4301384687423706,-1.3450287580490112
1789729863736737500,34.424737548828126,0.43614399433135986,0.37036967277526855,0.5416980981826782,0.6157660484313965,-0.11758973449468613,-1.4305932521820068,-1.3347307443618774
1789729863746675000,34.434675048828126,0.4359959065914154,0.37080445885658264,0.5412407517433167,0.6160114407539368,-0.1082395389676094,-1.4303916692733765,-1.3258864879608154
1789729863756612600,34.444612548828125,0.4357556998729706,0.3708069324493408,0.5409252047538757,0.616456925868988,-0.1015738770365715,-1.429801344871521,-1.3188387155532837
1789729863766550500,34.45455053710938,0.4354456663131714,0.3706018626689911,0.540791392326355,0.6169165372848511,-0.09734026342630386,-1.4292585849761963,-1.31374192237854
1789729863776488200,34.46448828125,0.43477433919906616,0.3701082170009613,0.5410535931587219,0.6174562573432922,-0.09519358724355698,-1.4291222095489502,-1.3095908164978027
1789729863786425900,34.47442578125,0.43406087160110474,0.3697388172149658,0.5415406823158264,0.6177524328231812,-0.09474411606788635,-1.4296436309814453,-1.3072463274002075
1789729863796363000,34.484363037109375,0.4329846203327179,0.36930084228515625,0.5424673557281494,0.6179565787315369,-0.09586267918348312,-1.431009292602539,-1.3056873083114624
1789729863806300400,34.494300537109375,0.4319142997264862,0.3691612184047699,0.5436447262763977,0.617754340171814,-0.09879643470048904,-1.4333552122116089,-1.3064242601394653
1789729863816237300,34.5042373046875,0.4305439293384552,0.36903178691864014,0.5452002882957458,0.6174173355102539,-0.10307078808546066,-1.4365389347076416,-1.3079683780670166
1789729863826174000,34.514174072265625,0.429492712020874,0.36940905451774597,0.5466915965080261,0.6166045665740967,-0.10814693570137024,-1.4403355121612549,-1.3117117881774902
1789729863836110800,34.52411083984375,0.4284505248069763,0.3699756860733032,0.5482770204544067,0.6155813932418823,-0.11403504759073257,-1.444623589515686,-1.3165936470031738
1789729863846047700,34.5340478515625,0.4274103045463562,0.37070217728614807,0.5499125719070435,0.6144074201583862,-0.12032993137836456,-1.4492685794830322,-1.322152018547058
1789729863855985200,34.543985107421875,0.4259868562221527,0.37120136618614197,0.5517656207084656,0.6134325265884399,-0.12635506689548492,-1.454074740409851,-1.3263943195343018
1789729863865922300,34.55392236328125,0.42481592297554016,0.3719569742679596,0.5534275770187378,0.6122885942459106,-0.1321559101343155,-1.458856463432312,-1.3312946557998657
1789729863875859700,34.56385961914062,0.42356860637664795,0.372585266828537,0.5550781488418579,0.6112757921218872,-0.13783414661884308,-1.4634373188018799,-1.3357398509979248
1789729863885796900,34.573796875,0.42231449484825134,0.37317171692848206,0.556662380695343,0.610344409942627,-0.14297962188720703,-1.4678254127502441,-1.3395830392837524
1789729863895734300,34.583734375,0.4208514988422394,0.37364283204078674,0.5582852959632874,0.6095839738845825,-0.14652472734451294,-1.4721646308898926,-1.3412797451019287
1789729863905671400,34.59367138671875,0.4196363389492035,0.374434232711792,0.559653639793396,0.6086806654930115,-0.1478842794895172,-1.476454734802246,-1.3417727947235107
1789729863915608800,34.60360888671875,0.4183720648288727,0.37523189187049866,0.5609610080718994,0.6078557372093201,-0.14724180102348328,-1.4806524515151978,-1.3402000665664673
1789729863925546000,34.6135458984375,0.4176351726055145,0.376491516828537,0.5619087219238281,0.6067071557044983,-0.14603254199028015,-1.4847497940063477,-1.339762806892395
1789729863935483000,34.62348291015625,0.41666850447654724,0.37751883268356323,0.5628889203071594,0.6058242321014404,-0.14245018362998962,-1.488601803779602,-1.3361746072769165
1789729863945420000,34.633419921875,0.41567304730415344,0.3785686492919922,0.5637291669845581,0.6050711870193481,-0.13457220792770386,-1.492215871810913,-1.3282904624938965
1789729863955357200,34.64335717773437,0.41431012749671936,0.3792126476764679,0.5646955370903015,0.6047014594078064,-0.12393408268690109,-1.4955151081085205,-1.3163362741470337
1789729863965294300,34.65329443359375,0.4129818379878998,0.37971118092536926,0.5655835270881653,0.6044672727584839,-0.11230621486902237,-1.4984077215194702,-1.3032169342041016
1789729863975231200,34.663231201171875,0.41178783774375916,0.3800440728664398,0.5663768649101257,0.6043298244476318,-0.10185306519269943,-1.5008094310760498,-1.2912348508834839
1789729863985168400,34.67316845703125,0.41076457500457764,0.38016393780708313,0.5670878291130066,0.6042840480804443,-0.09452103078365326,-1.5026657581329346,-1.282315969467163
1789729863995105500,34.68310546875,0.4099065363407135,0.38013318181037903,0.5677973031997681,0.6042198538780212,-0.09216588735580444,-1.5042558908462524,-1.2784076929092407
1789729864005042700,34.69304272460938,0.40944454073905945,0.3804191052913666,0.5684047341346741,0.6037818193435669,-0.09414088726043701,-1.5060697793960571,-1.2800418138504028
1789729864014979600,34.7029794921875,0.40893107652664185,0.38083139061927795,0.5691552758216858,0.6031625866889954,-0.09772361814975739,-1.5083988904953003,-1.2834028005599976
1789729864024916700,34.71291674804687,0.4082202613353729,0.381401389837265,0.5700995326042175,0.6023917198181152,-0.1003798097372055,-1.5114257335662842,-1.2857574224472046
1789729864034854000,34.72285400390625,0.40710169076919556,0.38195937871932983,0.5713796615600586,0.6015816926956177,-0.1020556390285492,-1.5152151584625244,-1.2864031791687012
1789729864044790800,34.732790771484375,0.4056316316127777,0.38245463371276855,0.5729146003723145,0.6007996797561646,-0.10215054452419281,-1.5195107460021973,-1.284758448600769
1789729864054728000,34.74272802734375,0.4039470851421356,0.3829801380634308,0.5745638012886047,0.6000245213508606,-0.09862936288118362,-1.524147868156433,-1.2791879177093506
1789729864064665000,34.7526650390625,0.40230345726013184,0.38366469740867615,0.5760529041290283,0.5992631912231445,-0.08716214448213577,-1.5286961793899536,-1.2660194635391235
1789729864074602200,34.76260229492188,0.40112513303756714,0.384202778339386,0.5770543217658997,0.5987446308135986,-0.07367569208145142,-1.5318872928619385,-1.2514004707336426
1789729864084539100,34.7725390625,0.40084508061408997,0.3845852315425873,0.57738196849823,0.5983706712722778,-0.07017863541841507,-1.5332456827163696,-1.2480604648590088
1789729864094476300,34.78247631835937,0.40131449699401855,0.38457736372947693,0.5771811604499817,0.5982547998428345,-0.08186966925859451,-1.5327330827713013,-1.2605434656143188
1789729864104413400,34.792413330078126,0.4027494192123413,0.38454675674438477,0.5762820243835449,0.5981769561767578,-0.10302823781967163,-1.5305259227752686,-1.284119963645935
1789729864114350600,34.8023505859375,0.4045582711696625,0.38436076045036316,0.5751368403434753,0.5981780886650085,-0.1277739554643631,-1.5274609327316284,-1.3116753101348877
1789729864124287500,34.81228759765625,0.4064435660839081,0.3841397166252136,0.574067234992981,0.5980694890022278,-0.1553439348936081,-1.5244555473327637,-1.3421293497085571
1789729864134224600,34.822224609375,0.40773046016693115,0.3835827112197876,0.5735318064689636,0.5980647802352905,-0.18345050513744354,-1.522110104560852,-1.371519923210144
1789729864144161800,34.832161865234376,0.4084663987159729,0.3828173279762268,0.5734533071517944,0.5981281995773315,-0.2107306271791458,-1.5204565525054932,-1.398775577545166
1789729864154099200,34.84209912109375,0.4085153639316559,0.3815689980983734,0.5739191770553589,0.5984455347061157,-0.23936843872070312,-1.519261360168457,-1.4253889322280884
1789729864164036400,34.85203637695312,0.40843209624290466,0.38020363450050354,0.5746018886566162,0.598716139793396,-0.27205440402030945,-1.5182846784591675,-1.4556196928024292
1789729864173973500,34.86197338867188,0.4084848463535309,0.37887367606163025,0.5753315687179565,0.5988225340843201,-0.3094416558742523,-1.5173370838165283,-1.4908480644226074
1789729864183910700,34.87191064453125,0.408648818731308,0.3774467408657074,0.5761001110076904,0.5988729596138,-0.3506774604320526,-1.5161620378494263,-1.5299558639526367
1789729864193847800,34.881847900390625,0.40918177366256714,0.37611913681030273,0.5767490863800049,0.598719596862793,-0.39531058073043823,-1.5146493911743164,-1.573264241218567
1789729864203785000,34.89178491210937,0.40995433926582336,0.3748583197593689,0.5773749947547913,0.5983784198760986,-0.4429347813129425,-1.512943983078003,-1.6200900077819824
1789729864213722000,34.90172216796875,0.41066038608551025,0.3735440671443939,0.5781435370445251,0.5979740619659424,-0.49202561378479004,-1.511275291442871,-1.6681793928146362
1789729864223659500,34.91165942382813,0.4115486741065979,0.3725631535053253,0.578809380531311,0.5973308086395264,-0.5392656326293945,-1.5097477436065674,-1.7152923345565796
1789729864233596700,34.9215966796875,0.41215014457702637,0.3714767396450043,0.5795993208885193,0.5968265533447266,-0.5825389623641968,-1.508318543434143,-1.7577706575393677
1789729864243533800,34.931533935546874,0.41287627816200256,0.37067824602127075,0.5802500247955322,0.5961885452270508,-0.6220859289169312,-1.5069942474365234,-1.797223448753357
1789729864253471000,34.94147094726563,0.41348764300346375,0.3699285387992859,0.5809491872787476,0.5955492258071899,-0.6599237322807312,-1.5058140754699707,-1.8348506689071655
1789729864263408000,34.951408203125,0.41405531764030457,0.36923742294311523,0.5816623568534851,0.5948871970176697,-0.6964889764785767,-1.5047001838684082,-1.8712300062179565
1789729864273345300,34.96134521484375,0.41470685601234436,0.3687063157558441,0.5823180675506592,0.5941208004951477,-0.7321512699127197,-1.5036206245422363,-1.9071210622787476
1789729864283282400,34.97128247070312,0.41558268666267395,0.3684779405593872,0.582857072353363,0.5931211113929749,-0.7682045102119446,-1.5026036500930786,-1.9442983865737915
1789729864293219600,34.98121948242188,0.41630491614341736,0.36819469928741455,0.5835029482841492,0.5921546816825867,-0.8044348359107971,-1.5016531944274902,-1.981297254562378
1789729864303157000,34.99115698242188,0.4171193838119507,0.3681609630584717,0.5840544104576111,0.5910578966140747,-0.8396065831184387,-1.5008410215377808,-2.0178163051605225
1789729864313094100,35.00109423828125,0.4178081154823303,0.36813926696777344,0.5846267342567444,0.5900181531906128,-0.8729913234710693,-1.500126600265503,-2.0523526668548584
1789729864323031300,35.01103125,0.41854578256607056,0.3682432174682617,0.5851341485977173,0.5889264941215515,-0.9051427245140076,-1.499441146850586,-2.085954427719116
1789729864332968400,35.02096850585937,0.41917312145233154,0.36831140518188477,0.5856819748878479,0.5878921747207642,-0.9363625645637512,-1.4987828731536865,-2.118374824523926
1789729864342905600,35.03090551757813,0.419800341129303,0.36849406361579895,0.5861777067184448,0.5868351459503174,-0.9662794470787048,-1.4982160329818726,-2.149685859680176
1789729864352842800,35.0408427734375,0.42030489444732666,0.3686905801296234,0.5866278409957886,0.5859000086784363,-0.9925900101661682,-1.4977792501449585,-2.1772029399871826
1789729864362780000,35.05077978515625,0.4207666218280792,0.368890643119812,0.5869303345680237,0.585139274597168,-1.0124330520629883,-1.4973734617233276,-2.1981852054595947
1789729864372717300,35.06071728515625,0.4210948050022125,0.3689172863960266,0.5871070027351379,0.5847089886665344,-1.0235390663146973,-1.4969117641448975,-2.2099077701568604
1789729864382654500,35.07065454101563,0.4215354323387146,0.36897778511047363,0.5870133638381958,0.5844472646713257,-1.0259637832641602,-1.4963630437850952,-2.2132015228271484
1789729864392591600,35.080591552734376,0.42199739813804626,0.3690696954727173,0.5867015719413757,0.584368884563446,-1.0207420587539673,-1.4958550930023193,-2.2089390754699707
1789729864402528800,35.09052880859375,0.4226086437702179,0.36934545636177063,0.5861309170722961,0.5843256115913391,-1.0098161697387695,-1.4954090118408203,-2.1995389461517334
1789729864412466000,35.1004658203125,0.4232751131057739,0.36970055103302,0.5854135155677795,0.5843378305435181,-0.9951319694519043,-1.4949970245361328,-2.1866116523742676
1789729864422403000,35.11040307617188,0.4241138696670532,0.3702498972415924,0.5845106244087219,0.5842856764793396,-0.9780399799346924,-1.4946013689041138,-2.1719043254852295
1789729864432340200,35.12034033203125,0.42475730180740356,0.37070316076278687,0.5836424827575684,0.5843986868858337,-0.9589325785636902,-1.4943253993988037,-2.154681444168091
1789729864442277000,35.13027709960937,0.42555728554725647,0.3713676929473877,0.5825894474983215,0.5844455361366272,-0.9374259114265442,-1.494097113609314,-2.1356894969940186
1789729864452213800,35.1402138671875,0.4261711835861206,0.3718385100364685,0.5815767645835876,0.5847073793411255,-0.9131754040718079,-1.4938113689422607,-2.1133060455322266
1789729864462150700,35.15015063476562,0.42686352133750916,0.3723468780517578,0.580403745174408,0.5850443243980408,-0.8847780227661133,-1.4934002161026,-2.086979627609253
1789729864472087600,35.16008764648438,0.4270554184913635,0.3722906708717346,0.579423725605011,0.5859107971191406,-0.8516672849655151,-1.492785930633545,-2.054117441177368
1789729864482024700,35.170024658203126,0.42741262912750244,0.3722715973854065,0.5782151222229004,0.5868556499481201,-0.8138334155082703,-1.4918432235717773,-2.016889810562134
1789729864491962000,35.179962158203125,0.42795529961586,0.372339129447937,0.5767640471458435,0.5878444314002991,-0.7720724940299988,-1.490576148033142,-1.9762109518051147
1789729864501899300,35.18989916992187,0.4285755157470703,0.3724769055843353,0.5751652717590332,0.5888708233833313,-0.728437066078186,-1.489104986190796,-1.9339185953140259
1789729864511836700,35.19983666992187,0.4290773868560791,0.37249991297721863,0.5736068487167358,0.590009868144989,-0.6853968501091003,-1.487465500831604,-1.8918273448944092
1789729864521773800,35.20977392578125,0.42958325147628784,0.37254321575164795,0.5720612406730652,0.5911139845848083,-0.6447119116783142,-1.4857227802276611,-1.8521370887756348
1789729864531711700,35.21971166992188,0.43008092045783997,0.3725653290748596,0.5705812573432922,0.5921676158905029,-0.6075645089149475,-1.4838892221450806,-1.8159377574920654
1789729864541649000,35.22964892578125,0.4306802451610565,0.37258172035217285,0.5691367387771606,0.5931110978126526,-0.5746855735778809,-1.4818824529647827,-1.7841790914535522
1789729864551586000,35.2395859375,0.4314841032028198,0.37263184785842896,0.5676852464675903,0.5938858389854431,-0.5464308261871338,-1.4796594381332397,-1.7574635744094849
1789729864561523200,35.24952319335937,0.4323679208755493,0.37259408831596375,0.5663007497787476,0.5945881605148315,-0.5225006341934204,-1.4772413969039917,-1.7350679636001587
1789729864571460400,35.25946044921875,0.4335837960243225,0.37271538376808167,0.5647890567779541,0.5950644016265869,-0.5017597079277039,-1.4746174812316895,-1.7167181968688965
1789729864581397200,35.269397216796875,0.43491363525390625,0.37278488278388977,0.5632636547088623,0.5954961180686951,-0.4834865629673004,-1.4717719554901123,-1.7009562253952026
1789729864591334400,35.27933447265625,0.4362964630126953,0.3727578818798065,0.5617460608482361,0.5959348082542419,-0.46719270944595337,-1.468712329864502,-1.6871106624603271
1789729864601271600,35.289271484375,0.4376652240753174,0.37256237864494324,0.5602645874023438,0.5964478254318237,-0.4524891972541809,-1.4654134511947632,-1.6745548248291016
1789729864611208400,35.29920849609375,0.4388898015022278,0.37207797169685364,0.5589296817779541,0.5971024632453918,-0.43997281789779663,-1.4619220495224,-1.6634498834609985
1789729864621145600,35.3091455078125,0.43993356823921204,0.3713136613368988,0.5578743815422058,0.597796618938446,-0.4318283200263977,-1.4584654569625854,-1.6559231281280518
1789729864631082800,35.31908276367187,0.4409847855567932,0.37055596709251404,0.557039737701416,0.5982703566551208,-0.42879989743232727,-1.4553179740905762,-1.6535285711288452
1789729864641020000,35.32902001953125,0.44170141220092773,0.369556725025177,0.5566476583480835,0.5987245440483093,-0.4306242763996124,-1.4526149034500122,-1.654975175857544
1789729864650956800,35.338956787109375,0.4424966871738434,0.3687620759010315,0.5564424991607666,0.5988180041313171,-0.43696415424346924,-1.450453758239746,-1.6614066362380981
1789729864660894000,35.34889404296875,0.44326135516166687,0.36814919114112854,0.5564402937889099,0.5986315608024597,-0.44662100076675415,-1.4488856792449951,-1.6713931560516357
1789729864670831000,35.3588310546875,0.4442061185836792,0.36794066429138184,0.5564101338386536,0.5980872511863708,-0.45761746168136597,-1.4478095769882202,-1.6837108135223389
1789729864680768300,35.368768310546876,0.4452349841594696,0.3680298328399658,0.5562778115272522,0.5973899960517883,-0.46745073795318604,-1.4470168352127075,-1.6955156326293945
1789729864690705200,35.378705078125,0.4465351402759552,0.36851975321769714,0.5557675361633301,0.5965920090675354,-0.47308972477912903,-1.4461925029754639,-1.7042962312698364
1789729864700642300,35.38864233398437,0.44812530279159546,0.36923566460609436,0.554817259311676,0.5958410501480103,-0.47363200783729553,-1.4449630975723267,-1.708898663520813
1789729864710579500,35.398579345703126,0.44973224401474,0.3698008358478546,0.5536509156227112,0.595364511013031,-0.4702461063861847,-1.4432024955749512,-1.7093703746795654
1789729864720516400,35.408516357421874,0.4514857530593872,0.37036842107772827,0.5522524118423462,0.5949833393096924,-0.46432241797447205,-1.441044807434082,-1.7075893878936768
1789729864730453500,35.41845361328125,0.45320653915405273,0.37085509300231934,0.5508826971054077,0.5946415662765503,-0.4587593376636505,-1.4388171434402466,-1.7059820890426636
1789729864740390700,35.428390625,0.45488861203193665,0.3713928163051605,0.5496572852134705,0.5941553711891174,-0.45555007457733154,-1.4368934631347656,-1.706743597984314
1789729864750327800,35.438327880859376,0.45661741495132446,0.37211111187934875,0.5486065745353699,0.593350350856781,-0.45607641339302063,-1.4354647397994995,-1.7116221189498901
1789729864760265000,35.44826489257812,0.4583980441093445,0.37302279472351074,0.5477746725082397,0.592172384262085,-0.4610992670059204,-1.4346024990081787,-1.7214069366455078
1789729864770202400,35.45820239257812,0.46007585525512695,0.3739464282989502,0.5472237467765808,0.5907964706420898,-0.4699932336807251,-1.4341851472854614,-1.7348896265029907
1789729864780139500,35.46813940429688,0.46166738867759705,0.3748227059841156,0.546852707862854,0.589341402053833,-0.4811621606349945,-1.433961272239685,-1.750410556793213
1789729864790076700,35.47807666015625,0.4630378186702728,0.37544742226600647,0.5466508269309998,0.5880544781684875,-0.4928407073020935,-1.433674931526184,-1.7656174898147583
1789729864800013800,35.488013916015625,0.4643401503562927,0.37590721249580383,0.5464662909507751,0.5869042277336121,-0.5039560198783875,-1.4331696033477783,-1.779866337776184
1789729864809951000,35.49795092773437,0.46569448709487915,0.3763275146484375,0.5462162494659424,0.5857935547828674,-0.5143532752990723,-1.4324628114700317,-1.793433666229248
1789729864819888000,35.50788818359375,0.46703583002090454,0.37659671902656555,0.5459792613983154,0.5847726464271545,-0.5246009230613708,-1.4315133094787598,-1.8065770864486694
1789729864829825300,35.5178251953125,0.46840107440948486,0.3767228126525879,0.545790433883667,0.5837749242782593,-0.5356645584106445,-1.4303406476974487,-1.8203418254852295
1789729864839762700,35.5277626953125,0.4700067639350891,0.37693530321121216,0.5456000566482544,0.5825238227844238,-0.549133837223053,-1.4290748834609985,-1.8370991945266724
1789729864849699800,35.537699951171874,0.4717029333114624,0.3772442638874054,0.545578122138977,0.5809712409973145,-0.566504180431366,-1.4280204772949219,-1.8580832481384277
1789729864859637000,35.54763696289063,0.4733632802963257,0.3776942491531372,0.5458055734634399,0.5791118741035461,-0.5880980491638184,-1.4274122714996338,-1.8834595680236816
1789729864869574100,35.55757421875,0.47477951645851135,0.37819036841392517,0.5463497042655945,0.5771121382713318,-0.6130817532539368,-1.4273147583007812,-1.9118502140045166
1789729864879511300,35.56751123046875,0.4760793447494507,0.37881559133529663,0.5470330715179443,0.5749800205230713,-0.6399096250534058,-1.4275566339492798,-1.9420944452285767
1789729864889448400,35.57744848632812,0.47731876373291016,0.37946945428848267,0.5477311015129089,0.5728528499603271,-0.6667113304138184,-1.4278066158294678,-1.972259283065796
1789729864899385600,35.58738549804688,0.4785887897014618,0.38014698028564453,0.5482912063598633,0.5708044767379761,-0.6914546489715576,-1.4278621673583984,-2.0004775524139404
1789729864909323000,35.59732299804688,0.47991955280303955,0.3807722330093384,0.5486384630203247,0.5689337253570557,-0.712618350982666,-1.4275507926940918,-2.0251569747924805
1789729864919260200,35.60726025390625,0.48129379749298096,0.38127049803733826,0.548747718334198,0.5673314929008484,-0.7291296124458313,-1.4267966747283936,-2.0450632572174072
1789729864929197300,35.617197265625,0.4827848970890045,0.3817475736141205,0.5485045313835144,0.5659772753715515,-0.7397927641868591,-1.4256592988967896,-2.059319496154785
1789729864939134500,35.62713452148437,0.4844917058944702,0.3823029398918152,0.5477960109710693,0.5648289322853088,-0.7437956929206848,-1.42415452003479,-2.0674710273742676
1789729864949071600,35.63707153320313,0.48619380593299866,0.382649302482605,0.5467596054077148,0.5641356110572815,-0.7407960295677185,-1.4221779108047485,-2.068270444869995
1789729864959008800,35.6470087890625,0.4878244698047638,0.38271182775497437,0.5454528331756592,0.5639504790306091,-0.7312657237052917,-1.4197169542312622,-2.0619351863861084
1789729864968946000,35.65694580078125,0.48923808336257935,0.38244789838790894,0.5440095663070679,0.5642989277839661,-0.7165859937667847,-1.4169185161590576,-2.04949688911438
1789729864978883000,35.66688305664063,0.49045035243034363,0.3818924129009247,0.5425849556922913,0.5649939775466919,-0.7000893950462341,-1.4138742685317993,-2.034372568130493
1789729864988820500,35.67682055664063,0.4916301369667053,0.3812064826488495,0.5412808656692505,0.5656822919845581,-0.6856241226196289,-1.410695195198059,-2.020998477935791
1789729864998757600,35.686757568359376,0.4925209879875183,0.3802511692047119,0.5404819846153259,0.5663138031959534,-0.6769207119941711,-1.4076935052871704,-2.0123701095581055
1789729865008694800,35.69669482421875,0.49346551299095154,0.3795274794101715,0.5401557683944702,0.5662882924079895,-0.6773360967636108,-1.405290961265564,-2.013340950012207
1789729865018632000,35.7066318359375,0.49408820271492004,0.3789249062538147,0.5406023263931274,0.5657224059104919,-0.6879680752754211,-1.4039074182510376,-2.0241000652313232
1789729865028569000,35.71656909179688,0.4944782555103302,0.37866631150245667,0.5416705012321472,0.5645318031311035,-0.7077088356018066,-1.4036582708358765,-2.0440948009490967
1789729865038506200,35.72650634765625,0.49456360936164856,0.37867191433906555,0.5432148575782776,0.5629671812057495,-0.7337281107902527,-1.4043453931808472,-2.0702333450317383
1789729865048443400,35.736443359375,0.49422991275787354,0.37869930267333984,0.5450462698936462,0.5614696741104126,-0.7616511583328247,-1.405580997467041,-2.0975215435028076
1789729865058380800,35.746380859375,0.4935959577560425,0.37859728932380676,0.5468522310256958,0.5603389739990234,-0.7868236303329468,-1.4068655967712402,-2.1212806701660156
1789729865068318000,35.75631787109375,0.49283158779144287,0.37836623191833496,0.5483246445655823,0.5597286224365234,-0.8052005171775818,-1.407936692237854,-2.137791395187378
1789729865078255000,35.766255126953126,0.4920509159564972,0.3780410587787628,0.5493373870849609,0.5596421360969543,-0.8153841495513916,-1.4087274074554443,-2.1459290981292725
1789729865088192300,35.776192138671874,0.4913967251777649,0.37784630060195923,0.5497959852218628,0.5598980188369751,-0.8175790309906006,-1.4094022512435913,-2.146550416946411
1789729865098129400,35.78612939453125,0.49103844165802,0.37809640169143677,0.5496137142181396,0.5602224469184875,-0.8127774596214294,-1.4101967811584473,-2.1415038108825684
1789729865108066600,35.79606665039063,0.49095866084098816,0.3788626790046692,0.5488454699516296,0.5605276823043823,-0.8020058870315552,-1.4112409353256226,-2.131903886795044
1789729865118003700,35.806003662109376,0.49103018641471863,0.37991684675216675,0.5477012991905212,0.5608705878257751,-0.7868972420692444,-1.4123929738998413,-2.11875319480896
1789729865127940900,35.81594091796875,0.49135589599609375,0.3812252879142761,0.5462836027145386,0.5610801577568054,-0.7698728442192078,-1.413487195968628,-2.1046104431152344
1789729865137877800,35.82587768554688,0.4916486442089081,0.38250282406806946,0.5449731945991516,0.5612284541130066,-0.7541974782943726,-1.414579153060913,-2.091705322265625
1789729865147815000,35.83581494140625,0.4917610287666321,0.38378244638442993,0.5440475344657898,0.5611545443534851,-0.743704617023468,-1.4160327911376953,-2.0836405754089355
1789729865157752000,35.845751953125,0.4914757013320923,0.3850376307964325,0.5437663793563843,0.5608170628547668,-0.7411727905273438,-1.4182028770446777,-2.0827317237854004
1789729865167689000,35.85568896484375,0.4903205931186676,0.386026531457901,0.544462263584137,0.5604731440544128,-0.7479373216629028,-1.421435832977295,-2.089001417160034
1789729865177626000,35.86562622070313,0.48831358551979065,0.38678357005119324,0.5460341572761536,0.5601741075515747,-0.7631407976150513,-1.4256980419158936,-2.1016950607299805
1789729865187563300,35.875563232421875,0.4856707453727722,0.3873392939567566,0.548242449760437,0.5599307417869568,-0.785232663154602,-1.4306410551071167,-2.1197376251220703
1789729865197500400,35.88550048828125,0.48259589076042175,0.3876890540122986,0.5508721470832825,0.5597662329673767,-0.8127008080482483,-1.4358868598937988,-2.1420092582702637
1789729865207437300,35.89543725585938,0.4796600639820099,0.3880997598171234,0.5533737540245056,0.5595375299453735,-0.8413255214691162,-1.4409260749816895,-2.165830612182617
1789729865217374500,35.90537451171875,0.477216899394989,0.38852429389953613,0.555366575717926,0.5593575239181519,-0.8654943108558655,-1.4451560974121094,-2.186163902282715
1789729865227311600,35.9153115234375,0.47578394412994385,0.38894498348236084,0.556565523147583,0.5590941309928894,-0.8823240995407104,-1.447858214378357,-2.2010481357574463
1789729865237248800,35.92524877929687,0.47569167613983154,0.38935586810112,0.5567954778671265,0.5586575269699097,-0.88960200548172,-1.448594331741333,-2.208861827850342
1789729865247186200,35.93518627929687,0.4766584038734436,0.38937443494796753,0.5563015341758728,0.5583125352859497,-0.8872146010398865,-1.4472463130950928,-2.208306312561035
1789729865257123800,35.94512377929688,0.4786730408668518,0.3891996443271637,0.5550813674926758,0.5579251050949097,-0.8767499923706055,-1.4441134929656982,-2.201298236846924
1789729865267061200,35.95506127929688,0.48102322220802307,0.38855668902397156,0.5535829663276672,0.5578407645225525,-0.8608641624450684,-1.439797282218933,-2.188699960708618
1789729865276998100,35.964998046875,0.483248770236969,0.3876112997531891,0.5520481467247009,0.5580958724021912,-0.8424534201622009,-1.4351707696914673,-2.1728358268737793
1789729865286934800,35.97493481445313,0.48483121395111084,0.3867938220500946,0.5508959889411926,0.5584288835525513,-0.8281334638595581,-1.4316293001174927,-2.160085916519165
1789729865296871700,35.98487158203125,0.48552852869033813,0.3865702748298645,0.5504840612411499,0.5583840608596802,-0.8246932625770569,-1.4302873611450195,-2.157573699951172
1789729865306808300,35.99480834960937,0.4852088987827301,0.38707247376441956,0.5510247945785522,0.5577803254127502,-0.8354970216751099,-1.4315690994262695,-2.1686363220214844
1789729865316745500,36.004745361328126,0.48387396335601807,0.3880443572998047,0.5525525212287903,0.5567523837089539,-0.8608494400978088,-1.4350377321243286,-2.1931464672088623
1789729865326683100,36.01468310546875,0.482427179813385,0.389663964509964,0.5544841885566711,0.5549534559249878,-0.8995512127876282,-1.4395133256912231,-2.231924295425415
1789729865336621000,36.02462109375,0.48111408948898315,0.3914623558521271,0.5565890073776245,0.5527161359786987,-0.9474536180496216,-1.4438058137893677,-2.2804837226867676
1789729865346558500,36.03455834960938,0.48034974932670593,0.39328399300575256,0.55836021900177,0.5502960085868835,-0.9957672357559204,-1.4470607042312622,-2.330543041229248
1789729865356495400,36.044495361328124,0.48037341237068176,0.3950083255767822,0.5594534277915955,0.5479249358177185,-1.0361130237579346,-1.448900818824768,-2.3739547729492188
1789729865366432500,36.0544326171875,0.4810602366924286,0.39642804861068726,0.5598545670509338,0.5458834171295166,-1.063589334487915,-1.4494141340255737,-2.4052138328552246
1789729865376369700,36.06436962890625,0.48216626048088074,0.3974921703338623,0.559637188911438,0.5443545579910278,-1.0765763521194458,-1.449039101600647,-2.422147035598755
1789729865386306800,36.074306884765626,0.4834687113761902,0.3983355462551117,0.5588918328285217,0.5433476567268372,-1.0766452550888062,-1.4483325481414795,-2.4261412620544434
1789729865396244200,36.084244140625,0.4844839870929718,0.39887192845344543,0.5579493641853333,0.5430183410644531,-1.067293405532837,-1.447817325592041,-2.4196317195892334
1789729865406181400,36.09418139648437,0.48508259654045105,0.39922335743904114,0.5569654703140259,0.5432357788085938,-1.0523295402526855,-1.4477533102035522,-2.4063973426818848
1789729865416118300,36.1041181640625,0.4854423999786377,0.3995879888534546,0.5560237169265747,0.5436108708381653,-1.0366963148117065,-1.4480410814285278,-2.3920674324035645
1789729865426055700,36.1140556640625,0.48572319746017456,0.4000226855278015,0.5552051067352295,0.5438769459724426,-1.0238919258117676,-1.4484672546386719,-2.3805434703826904
1789729865435992600,36.12399267578125,0.48607805371284485,0.40051984786987305,0.5545612573623657,0.543850839138031,-1.0162372589111328,-1.4487783908843994,-2.374424457550049
1789729865445930000,36.13392993164062,0.48667624592781067,0.40114226937294006,0.5540688633918762,0.5433588624000549,-1.0151572227478027,-1.448813557624817,-2.375566005706787
1789729865455867000,36.14386694335938,0.487548828125,0.40188881754875183,0.5537176728248596,0.5423820614814758,-1.0206767320632935,-1.448522925376892,-2.3840525150299072
1789729865465803800,36.1538037109375,0.488575279712677,0.4027302861213684,0.553469181060791,0.5410862565040588,-1.0306508541107178,-1.4480595588684082,-2.3974602222442627
1789729865475740700,36.16374072265625,0.48952850699424744,0.4035080373287201,0.5533093810081482,0.5398072004318237,-1.041490912437439,-1.4475775957107544,-2.411489963531494
1789729865485677600,36.173677490234375,0.490254282951355,0.4040888845920563,0.553200900554657,0.5388243794441223,-1.049916386604309,-1.4471766948699951,-2.4223268032073975
1789729865495614500,36.18361450195312,0.49091002345085144,0.4046190083026886,0.5529809594154358,0.5380547046661377,-1.05477774143219,-1.446871042251587,-2.4293770790100098
1789729865505551400,36.19355126953125,0.49130553007125854,0.4048941135406494,0.55277419090271,0.5376991033554077,-1.0555956363677979,-1.4466668367385864,-2.4314346313476562
1789729865515488800,36.20348876953125,0.4916902780532837,0.40512871742248535,0.5523803234100342,0.5375754833221436,-1.0516984462738037,-1.4465224742889404,-2.4286813735961914
1789729865525426000,36.213426025390625,0.49221786856651306,0.4054226577281952,0.5517413020133972,0.5375272631645203,-1.0438705682754517,-1.446333646774292,-2.4223709106445312
1789729865535363300,36.22336328125,0.49313974380493164,0.4059925675392151,0.5507708787918091,0.5372473001480103,-1.0341202020645142,-1.445995569229126,-2.4153785705566406
1789729865545300500,36.23330053710937,0.49443769454956055,0.4067898392677307,0.5495838522911072,0.5366665124893188,-1.0245492458343506,-1.445421814918518,-2.4096920490264893
1789729865555238000,36.24323779296875,0.4960209131240845,0.4077054560184479,0.5482876300811768,0.5358359813690186,-1.0159677267074585,-1.4445809125900269,-2.4057600498199463
1789729865565175300,36.25317529296875,0.49770429730415344,0.40850692987442017,0.5470241904258728,0.5349552035331726,-1.008064866065979,-1.443416714668274,-2.4025075435638428
1789729865575112400,36.263112548828126,0.4994475245475769,0.40917399525642395,0.5457555055618286,0.5341158509254456,-0.9995365738868713,-1.4419842958450317,-2.3985159397125244
1789729865585049900,36.2730498046875,0.5011479258537292,0.4096783399581909,0.5444639921188354,0.5334542393684387,-0.9890094995498657,-1.4404133558273315,-2.3921616077423096
1789729865594987000,36.28298706054687,0.5027226209640503,0.40999022126197815,0.5431928038597107,0.5330286622047424,-0.9765943884849548,-1.438771367073059,-2.3833415508270264
1789729865604924400,36.29292431640625,0.503887951374054,0.4098729193210602,0.5421905517578125,0.5330389142036438,-0.9634378552436829,-1.4371110200881958,-2.372227191925049
1789729865614861600,36.30286157226563,0.5048902034759521,0.40964579582214355,0.5413582921028137,0.533111035823822,-0.9520089626312256,-1.435492992401123,-2.362333059310913
1789729865624798700,36.312798828125,0.5057461857795715,0.40940576791763306,0.5407044887542725,0.5331476330757141,-0.9432973265647888,-1.4340258836746216,-2.354853630065918
1789729865634735900,36.32273583984375,0.5066957473754883,0.4093673825263977,0.5400463938713074,0.5329424738883972,-0.9369898438453674,-1.4326773881912231,-2.350322961807251
1789729865644672800,36.3326728515625,0.5076472163200378,0.4093516767024994,0.5394582748413086,0.5326446294784546,-0.9324249625205994,-1.431339144706726,-2.3475823402404785
1789729865654610000,36.34260986328125,0.508591890335083,0.4092932343482971,0.5389209389686584,0.5323321223258972,-0.9286049008369446,-1.4299414157867432,-2.3455002307891846
1789729865664547000,36.352547119140624,0.509556770324707,0.40927425026893616,0.5383538603782654,0.5319977402687073,-0.9247209429740906,-1.4285707473754883,-2.343466281890869
1789729865674484200,36.36248413085937,0.5105262994766235,0.40939006209373474,0.5377358198165894,0.5316041111946106,-0.9209269881248474,-1.4273830652236938,-2.3417742252349854
1789729865684421000,36.372421142578126,0.5115851163864136,0.4098026156425476,0.5369941592216492,0.5310176610946655,-0.917618989944458,-1.4264808893203735,-2.341275930404663
1789729865694358300,36.382358154296874,0.5127092003822327,0.41042396426200867,0.5361321568489075,0.5303242206573486,-0.9140315055847168,-1.425783395767212,-2.341002941131592
1789729865704295400,36.39229541015625,0.514129102230072,0.4113480746746063,0.5349857211112976,0.5293904542922974,-0.9094738960266113,-1.4250974655151367,-2.340888738632202
1789729865714232600,36.40223266601563,0.5156576633453369,0.4122698903083801,0.5336618423461914,0.5285221934318542,-0.9024289846420288,-1.424272060394287,-2.338505983352661
1789729865724169500,36.41216943359375,0.5174171924591064,0.4132595360279083,0.5319770574569702,0.5277276039123535,-0.8909088373184204,-1.423238754272461,-2.3322348594665527
1789729865734106600,36.42210668945312,0.5193962454795837,0.41423875093460083,0.5298788547515869,0.5271263122558594,-0.8734633922576904,-1.4218924045562744,-2.320467948913574
1789729865744043800,36.43204370117188,0.5212367177009583,0.41499707102775574,0.5275929570198059,0.5270060896873474,-0.850307285785675,-1.4204068183898926,-2.302333116531372
1789729865753981000,36.44198095703125,0.5230722427368164,0.4157862365245819,0.5250503420829773,0.5271046757698059,-0.8230946660041809,-1.4188969135284424,-2.280205726623535
1789729865763917800,36.45191772460937,0.5246515870094299,0.416312575340271,0.5225613117218018,0.5275928974151611,-0.7937725186347961,-1.4172661304473877,-2.2550015449523926
1789729865773855000,36.46185498046875,0.5262984037399292,0.4166751503944397,0.5200293660163879,0.5281678438186646,-0.7640895247459412,-1.415182113647461,-2.2292938232421875
1789729865783792000,36.47179223632813,0.5278946757316589,0.4165906608104706,0.517700731754303,0.5289284586906433,-0.7361184358596802,-1.4124239683151245,-2.204404830932617
1789729865793729300,36.481729248046875,0.5296880006790161,0.4162178039550781,0.515492856502533,0.5295851826667786,-0.7116062641143799,-1.4089155197143555,-2.182863473892212
1789729865803666400,36.49166650390625,0.5315700769424438,0.41560623049736023,0.5135771632194519,0.5300407409667969,-0.6927748918533325,-1.4049642086029053,-2.1667592525482178
1789729865813603600,36.501603515625,0.5335056185722351,0.41496559977531433,0.5120288729667664,0.5300959944725037,-0.6811620593070984,-1.4010154008865356,-2.157931327819824
1789729865823540700,36.51154077148438,0.535341739654541,0.41426974534988403,0.5109680891036987,0.5298125743865967,-0.6767627000808716,-1.397295355796814,-2.1560137271881104
1789729865833478100,36.52147802734375,0.5370252728462219,0.413560152053833,0.510354220867157,0.5292545557022095,-0.6781960129737854,-1.393925428390503,-2.1595897674560547
1789729865843415300,36.531415283203124,0.5384435057640076,0.41279762983322144,0.5102059245109558,0.528551459312439,-0.6843626499176025,-1.3909801244735718,-2.167259454727173
1789729865853353500,36.541353515625,0.539522111415863,0.41199785470962524,0.5104905366897583,0.5278002619743347,-0.6940661668777466,-1.3885443210601807,-2.1777026653289795
1789729865863290400,36.55129028320312,0.5401718020439148,0.4111793637275696,0.5111679434776306,0.527117908000946,-0.706038236618042,-1.3867244720458984,-2.189502716064453
1789729865873227500,36.5612275390625,0.5406073331832886,0.4105367064476013,0.5120294094085693,0.5263356566429138,-0.7196627855300903,-1.3854745626449585,-2.202834367752075
1789729865883164400,36.571164306640625,0.540753960609436,0.4099811315536499,0.5130884647369385,0.5255862474441528,-0.7342941164970398,-1.3847450017929077,-2.216740131378174
1789729865893101600,36.5811015625,0.5410735607147217,0.409880131483078,0.5139731168746948,0.5244704484939575,-0.7495036125183105,-1.3843978643417358,-2.232400417327881
1789729865903039200,36.591039306640624,0.5415874719619751,0.4101528227329254,0.5146485567092896,0.5230626463890076,-0.7646544575691223,-1.3842689990997314,-2.249077796936035
1789729865912977000,36.600976806640624,0.5424777269363403,0.41097214818000793,0.5149144530296326,0.5212321281433105,-0.7789347767829895,-1.384334921836853,-2.2666497230529785
1789729865922913000,36.6109130859375,0.5434694886207581,0.41211044788360596,0.5149059891700745,0.5193050503730774,-0.7914184927940369,-1.3846540451049805,-2.283221483230591
1789729865932849400,36.62084936523438,0.5446488261222839,0.41367581486701965,0.5145326256752014,0.5171906352043152,-0.8019726872444153,-1.3852683305740356,-2.299036979675293
1789729865942786000,36.6307861328125,0.5456617474555969,0.41529393196105957,0.5140669941902161,0.5152856707572937,-0.8104020357131958,-1.3861583471298218,-2.312495470046997
1789729865952722700,36.64072265625,0.5466029047966003,0.41703227162361145,0.513433039188385,0.5135132670402527,-0.8165737986564636,-1.3872984647750854,-2.3237810134887695
1789729865962659800,36.650659912109376,0.5473101735115051,0.4186573922634125,0.5128151774406433,0.5120528936386108,-0.8209006190299988,-1.388598918914795,-2.3325421810150146
1789729865972597000,36.66059692382812,0.5479370951652527,0.42024683952331543,0.5120918154716492,0.5108028650283813,-0.8229634165763855,-1.3899599313735962,-2.338817834854126
1789729865982534700,36.67053466796875,0.5485275983810425,0.4217771887779236,0.5112534165382385,0.5097464323043823,-0.8227395415306091,-1.391290307044983,-2.342630624771118
1789729865992472300,36.680472412109374,0.5491548776626587,0.42330458760261536,0.510291337966919,0.5087680220603943,-0.8208967447280884,-1.3925684690475464,-2.344902992248535
1789729866002410200,36.69041015625,0.549900233745575,0.4250262677669525,0.5091197490692139,0.5077001452445984,-0.8177962899208069,-1.393955945968628,-2.346531867980957
1789729866012348200,36.70034814453125,0.5506840348243713,0.42697811126708984,0.5077958703041077,0.5065373778343201,-0.8139780759811401,-1.3956164121627808,-2.3479599952697754
1789729866022285300,36.710285400390624,0.5513525009155273,0.42910251021385193,0.5064569115638733,0.5053541660308838,-0.8101558685302734,-1.3976856470108032,-2.3494770526885986
1789729866032222500,36.72022241210937,0.5518737435340881,0.4313148260116577,0.5051140785217285,0.5042446255683899,-0.8057432174682617,-1.4000884294509888,-2.3502728939056396
1789729866042159600,36.73015966796875,0.5522642731666565,0.43354231119155884,0.5037286877632141,0.5032918453216553,-0.7997227311134338,-1.40269935131073,-2.349229574203491
1789729866052095500,36.74009545898438,0.5527763366699219,0.43592366576194763,0.5021107792854309,0.5022884011268616,-0.7917545437812805,-1.4053528308868408,-2.3467979431152344
1789729866062031400,36.75003125,0.5532524585723877,0.4382336437702179,0.5004047155380249,0.5014560222625732,-0.7814626097679138,-1.4079487323760986,-2.3418495655059814
1789729866071968000,36.759968017578124,0.5538514256477356,0.4405076503753662,0.4984874725341797,0.5007113814353943,-0.7682076692581177,-1.4103012084960938,-2.334148645401001
1789729866081904600,36.76990454101563,0.5545312762260437,0.44253820180892944,0.49646908044815063,0.5001734495162964,-0.7521193027496338,-1.4121614694595337,-2.3233439922332764
1789729866091842000,36.77984204101563,0.5553547143936157,0.44439536333084106,0.4943711459636688,0.4996910095214844,-0.7346377372741699,-1.4135340452194214,-2.3111398220062256
1789729866101780000,36.78978002929688,0.5563051104545593,0.44618597626686096,0.49224188923835754,0.4991398751735687,-0.7172669172286987,-1.4146006107330322,-2.2992067337036133
1789729866111718100,36.79971826171875,0.5570996999740601,0.44762226939201355,0.4903430640697479,0.49883654713630676,-0.7001761794090271,-1.415350317955017,-2.286562204360962
1789729866121656300,36.80965625,0.5579860806465149,0.4488809406757355,0.48853060603141785,0.4984930157661438,-0.6843888163566589,-1.4157010316848755,-2.2750885486602783
1789729866131594000,36.819593994140625,0.5588849782943726,0.44990721344947815,0.4869256615638733,0.4981309771537781,-0.6710323691368103,-1.415710687637329,-2.265636444091797
1789729866141531600,36.82953173828125,0.5598740577697754,0.4507865607738495,0.48546406626701355,0.497651606798172,-0.6603221297264099,-1.4154072999954224,-2.2587478160858154
1789729866151468000,36.83946801757813,0.5610062479972839,0.4515736401081085,0.48412689566612244,0.4969651997089386,-0.6528224945068359,-1.41481614112854,-2.255204200744629
1789729866161404200,36.84940405273438,0.5621342658996582,0.4521922171115875,0.48303166031837463,0.49619320034980774,-0.6486461758613586,-1.4140444993972778,-2.2546536922454834
1789729866171340800,36.8593408203125,0.5632635951042175,0.4527736306190491,0.4821621775627136,0.49522697925567627,-0.6483147740364075,-1.4132883548736572,-2.2578816413879395
1789729866181277400,36.86927734375,0.5642311573028564,0.4532422125339508,0.4816054701805115,0.4942376911640167,-0.6511889696121216,-1.4126561880111694,-2.263749361038208
1789729866191214600,36.87921459960938,0.5651886463165283,0.45373469591140747,0.4811076819896698,0.4931754767894745,-0.6551498770713806,-1.4120891094207764,-2.270731210708618
1789729866201152000,36.889152099609376,0.5659738183021545,0.453957200050354,0.48078781366348267,0.49238157272338867,-0.6588078141212463,-1.4113658666610718,-2.2765188217163086
1789729866211089400,36.89908935546875,0.5669109225273132,0.4541521668434143,0.48036161065101624,0.49153897166252136,-0.661931574344635,-1.410378098487854,-2.2820541858673096
1789729866221027300,36.90902734375,0.5679008960723877,0.45428386330604553,0.4798891544342041,0.49073532223701477,-0.6643566489219666,-1.409211277961731,-2.2868878841400146
1789729866230965000,36.918965087890626,0.5689709782600403,0.4544772803783417,0.4793197512626648,0.48987242579460144,-0.666267991065979,-1.4080116748809814,-2.2915074825286865
1789729866240903000,36.92890283203125,0.5700698494911194,0.45479676127433777,0.478681355714798,0.4889217019081116,-0.668063223361969,-1.4069503545761108,-2.296323776245117
1789729866250840000,36.938840087890625,0.5710242986679077,0.45511117577552795,0.47811806201934814,0.48806577920913696,-0.6697050333023071,-1.4060819149017334,-2.300666093826294
1789729866260777200,36.94877709960937,0.5719435214996338,0.45552676916122437,0.47750040888786316,0.4872056543827057,-0.670729398727417,-1.4053987264633179,-2.3045153617858887
1789729866270714400,36.95871435546875,0.5728462338447571,0.45610150694847107,0.4767684042453766,0.48632344603538513,-0.6706869006156921,-1.4049522876739502,-2.3075780868530273
1789729866280651500,36.96865161132813,0.5736014246940613,0.45677199959754944,0.47596853971481323,0.485586941242218,-0.6687202453613281,-1.4048248529434204,-2.3085856437683105
1789729866290588400,36.97858837890625,0.5742771625518799,0.45761245489120483,0.475014865398407,0.4849303364753723,-0.6645066142082214,-1.4050227403640747,-2.3075108528137207
1789729866300525300,36.988525390625,0.5750089287757874,0.45876026153564453,0.47381019592285156,0.48415663838386536,-0.6585891842842102,-1.4055577516555786,-2.3054656982421875
1789729866310462500,36.99846240234375,0.5758352279663086,0.46025165915489197,0.47235924005508423,0.4831758737564087,-0.6516636610031128,-1.4064373970031738,-2.303306818008423
1789729866320400000,37.00839990234375,0.5766617059707642,0.4619523882865906,0.4707896113395691,0.48209795355796814,-0.6441134810447693,-1.407605767250061,-2.3009490966796875
1789729866330337300,37.018337158203124,0.5775984525680542,0.4638363718986511,0.4690486490726471,0.4808630049228668,-0.6359896063804626,-1.4088704586029053,-2.29864239692688
1789729866340274400,37.0282744140625,0.5786222219467163,0.46577975153923035,0.4672048091888428,0.4795468747615814,-0.6274538636207581,-1.410088062286377,-2.2962558269500732
1789729866350211800,37.0382119140625,0.5797445774078369,0.4677635431289673,0.46526777744293213,0.47814157605171204,-0.6186974048614502,-1.4112184047698975,-2.2939720153808594
1789729866360148700,37.048148681640626,0.5809507966041565,0.469781756401062,0.4632406234741211,0.47666487097740173,-0.6096078753471375,-1.4122713804244995,-2.291637659072876
1789729866370086000,37.0580859375,0.5819688439369202,0.4716114401817322,0.46140164136886597,0.4753982126712799,-0.6006369590759277,-1.4133145809173584,-2.2886440753936768
1789729866380023000,37.06802294921875,0.5828953981399536,0.4734317362308502,0.45969563722610474,0.47410470247268677,-0.5930275917053223,-1.4144971370697021,-2.2868032455444336
1789729866389960200,37.07796020507813,0.5836560726165771,0.4752127230167389,0.45817258954048157,0.4728597104549408,-0.5866270661354065,-1.4158793687820435,-2.2857320308685303
1789729866399897000,37.08789697265625,0.5841400623321533,0.47675928473472595,0.456906795501709,0.4719291627407074,-0.5801270604133606,-1.4173074960708618,-2.2834737300872803
1789729866409834200,37.09783422851562,0.5844354629516602,0.4780195653438568,0.4558365046977997,0.4713231921195984,-0.5729864239692688,-1.4185692071914673,-2.2795753479003906
1789729866419772000,37.10777197265625,0.5844604969024658,0.4788439869880676,0.4551234841346741,0.47114428877830505,-0.5660884976387024,-1.4195791482925415,-2.2744224071502686
1789729866429709000,37.117708984375,0.5843313336372375,0.4793717861175537,0.45471832156181335,0.4711590111255646,-0.5608587265014648,-1.4204095602035522,-2.269982099533081
1789729866439646200,37.12764624023438,0.5841771960258484,0.4798417389392853,0.454548180103302,0.4710359275341034,-0.5592007637023926,-1.4212733507156372,-2.2689313888549805
1789729866449582600,37.13758251953125,0.58400958776474,0.4804185926914215,0.45458492636680603,0.47062015533447266,-0.561962902545929,-1.4224159717559814,-2.2724802494049072
1789729866459519200,37.147519287109375,0.5838664174079895,0.4812995195388794,0.45469510555267334,0.4697905480861664,-0.5686823725700378,-1.4240509271621704,-2.280655860900879
1789729866469456100,37.1574560546875,0.583674430847168,0.482454389333725,0.45484933257102966,0.46869394183158875,-0.5779234766960144,-1.4261910915374756,-2.2918009757995605
1789729866479393300,37.16739331054688,0.58339923620224,0.4838038384914398,0.4550330936908722,0.4674655795097351,-0.5886116623878479,-1.4287347793579102,-2.3046061992645264
1789729866489330400,37.177330322265625,0.583109438419342,0.4853164553642273,0.455119788646698,0.46617305278778076,-0.5990362763404846,-1.4315030574798584,-2.3174571990966797
1789729866499268000,37.18726806640625,0.5827720761299133,0.4867529273033142,0.4551572799682617,0.4650593101978302,-0.6077373027801514,-1.4341785907745361,-2.328331232070923
1789729866509205500,37.19720556640625,0.5825936198234558,0.48809635639190674,0.45495668053627014,0.46407005190849304,-0.6131784319877625,-1.4364356994628906,-2.336127519607544
1789729866519143200,37.20714306640625,0.5824969410896301,0.4891345798969269,0.45462700724601746,0.46342089772224426,-0.6144469976425171,-1.4380804300308228,-2.339318037033081
1789729866529080600,37.21708056640625,0.5825332403182983,0.489949107170105,0.4541122019290924,0.463019460439682,-0.6115633845329285,-1.4391632080078125,-2.338205337524414
1789729866539018000,37.22701806640625,0.5827850103378296,0.490725040435791,0.45331960916519165,0.46265745162963867,-0.6052939891815186,-1.4398424625396729,-2.3341259956359863
1789729866548955100,37.236955078125,0.5832077860832214,0.49149569869041443,0.4523564577102661,0.46224918961524963,-0.5976406931877136,-1.4402512311935425,-2.3290488719940186
1789729866558892000,37.24689208984375,0.5837991833686829,0.49232974648475647,0.45127594470977783,0.461670845746994,-0.5903844237327576,-1.440514326095581,-2.324892520904541
1789729866568829200,37.2568291015625,0.584622323513031,0.49336591362953186,0.45007550716400146,0.4606938362121582,-0.5856772661209106,-1.4407774209976196,-2.3242428302764893
1789729866578768000,37.26676782226563,0.585405170917511,0.49441632628440857,0.44903936982154846,0.45958346128463745,-0.5841447710990906,-1.4411669969558716,-2.3267111778259277
1789729866588702500,37.27670239257812,0.5863198041915894,0.4956299364566803,0.4479959309101105,0.4581262767314911,-0.5859442353248596,-1.4416543245315552,-2.3331639766693115
1789729866598637300,37.28663720703125,0.5872201323509216,0.49680963158607483,0.4471285343170166,0.4565400183200836,-0.5911835432052612,-1.4421570301055908,-2.342961549758911
1789729866608573000,37.29657299804688,0.5880638957023621,0.497880220413208,0.44643348455429077,0.45496511459350586,-0.5984809398651123,-1.442600131034851,-2.3544669151306152
1789729866618509300,37.30650927734375,0.5886638760566711,0.49861380457878113,0.44603443145751953,0.4537757337093353,-0.6055780649185181,-1.4428894519805908,-2.3645033836364746
1789729866628446500,37.31644653320313,0.5892715454101562,0.49918311834335327,0.4455913305282593,0.4527953863143921,-0.6102285981178284,-1.4428983926773071,-2.3717713356018066
1789729866638384400,37.32638427734375,0.5897466540336609,0.49937543272972107,0.4452260732650757,0.4523237943649292,-0.6108882427215576,-1.4425106048583984,-2.3739476203918457
1789729866648323000,37.336322998046874,0.5903170704841614,0.499336302280426,0.44468265771865845,0.4521574378013611,-0.6066656708717346,-1.441607117652893,-2.3709797859191895
1789729866658262300,37.34626220703125,0.5910273790359497,0.4991248846054077,0.4439206123352051,0.45221176743507385,-0.5980541706085205,-1.4402059316635132,-2.3635923862457275
1789729866668201200,37.356201171875,0.5918292999267578,0.49879348278045654,0.44299378991127014,0.45243749022483826,-0.5862721800804138,-1.4384512901306152,-2.353001594543457
1789729866678138600,37.366138671875,0.5928137898445129,0.49849405884742737,0.44184041023254395,0.4526063799858093,-0.5729328989982605,-1.4364410638809204,-2.3413567543029785
1789729866688075000,37.37607495117187,0.5941213965415955,0.4983679950237274,0.44035011529922485,0.45248302817344666,-0.5591305494308472,-1.434191346168518,-2.330385208129883
1789729866698012200,37.38601220703125,0.5956225991249084,0.49833786487579346,0.43868619203567505,0.45215874910354614,-0.5458075404167175,-1.4317901134490967,-2.3205642700195312
1789729866707949600,37.39594946289063,0.5971744656562805,0.498330682516098,0.43701204657554626,0.45174068212509155,-0.5336557626724243,-1.4293485879898071,-2.3120951652526855
1789729866717887000,37.40588696289063,0.5987696051597595,0.4984070956707001,0.4353293478488922,0.4511691927909851,-0.5230537056922913,-1.42698073387146,-2.3054685592651367
1789729866727824100,37.41582421875,0.6003503799438477,0.49853000044822693,0.4337182641029358,0.45048388838768005,-0.5143688321113586,-1.424731731414795,-2.300835132598877
1789729866737761300,37.42576123046875,0.6018586754798889,0.498628169298172,0.43229031562805176,0.44973453879356384,-0.508244514465332,-1.4226012229919434,-2.298544406890869
1789729866747698400,37.43569848632813,0.6032986640930176,0.49873101711273193,0.43106797337532043,0.44886356592178345,-0.5052362084388733,-1.420648455619812,-2.2992208003997803
1789729866757635600,37.445635498046876,0.6046183109283447,0.49883607029914856,0.4301617741584778,0.4478394389152527,-0.5065203309059143,-1.4189777374267578,-2.303905487060547
1789729866767572500,37.455572509765624,0.6056655049324036,0.4988105595111847,0.4297808110713959,0.44681739807128906,-0.5127682685852051,-1.4176220893859863,-2.312612771987915
1789729866777509600,37.46550952148438,0.6065512895584106,0.4988122284412384,0.42977115511894226,0.44562163949012756,-0.5237419605255127,-1.416637659072876,-2.3257079124450684
1789729866787446800,37.47544677734375,0.6072565913200378,0.4990079700946808,0.43001702427864075,0.4442025125026703,-0.5384611487388611,-1.4162472486495972,-2.3425257205963135
1789729866797384000,37.485384033203125,0.6076759696006775,0.49937695264816284,0.43055975437164307,0.44268593192100525,-0.5563706159591675,-1.4165282249450684,-2.3622121810913086
1789729866807320800,37.49532080078125,0.6081104278564453,0.5001012682914734,0.4310126304626465,0.44082707166671753,-0.5759657621383667,-1.4172677993774414,-2.3843910694122314
1789729866817258000,37.50525805664063,0.608608603477478,0.5010087490081787,0.4312497675418854,0.43887296319007874,-0.594281017780304,-1.4180978536605835,-2.405853033065796
1789729866827195100,37.515195068359375,0.6094422936439514,0.5021126866340637,0.43093010783195496,0.43676331639289856,-0.6085119843482971,-1.4186387062072754,-2.4244909286499023
1789729866837132500,37.525132568359375,0.610400915145874,0.5030466914176941,0.4302966892719269,0.4349707067012787,-0.6171140074729919,-1.4186840057373047,-2.437457323074341
1789729866847071000,37.53507104492188,0.611682116985321,0.5039736032485962,0.42913585901260376,0.4332412779331207,-0.6199479699134827,-1.418215036392212,-2.4454495906829834
1789729866857006600,37.54500659179688,0.6131711602210999,0.5047940611839294,0.4276602268218994,0.43163740634918213,-0.6186347603797913,-1.4172743558883667,-2.4495959281921387
1789729866866942000,37.55494189453125,0.614734411239624,0.5054427981376648,0.4261058568954468,0.43018946051597595,-0.6153247356414795,-1.415972113609314,-2.4515740871429443
1789729866876878000,37.56487817382813,0.6163591742515564,0.5060182809829712,0.4245486855506897,0.42872515320777893,-0.6121882796287537,-1.4144799709320068,-2.4537389278411865
1789729866886815000,37.57481494140625,0.6178345680236816,0.5065080523490906,0.4232128858566284,0.42734163999557495,-0.6105722784996033,-1.4130852222442627,-2.456880807876587
1789729866896752400,37.58475244140625,0.6190313100814819,0.506976306438446,0.4221704602241516,0.4260837733745575,-0.610719621181488,-1.4120638370513916,-2.461055278778076
1789729866906690800,37.59469091796875,0.6200436353683472,0.5075803995132446,0.4212684631347656,0.4247833788394928,-0.6124469041824341,-1.4115033149719238,-2.466658353805542
1789729866916629200,37.60462915039062,0.6208762526512146,0.5082306861877441,0.4205019176006317,0.4235474467277527,-0.6148935556411743,-1.411264181137085,-2.472640037536621
1789729866926567700,37.614567626953125,0.6216380596160889,0.5088908672332764,0.41974949836730957,0.42238202691078186,-0.6168847680091858,-1.4111347198486328,-2.4780187606811523
1789729866936504800,37.6245048828125,0.6225424408912659,0.5096887946128845,0.41872286796569824,0.42110493779182434,-0.6170929074287415,-1.4109911918640137,-2.482290744781494
1789729866946442000,37.63444189453125,0.6235339641571045,0.5105334520339966,0.41744211316108704,0.4198846220970154,-0.614385187625885,-1.4107816219329834,-2.4839847087860107
1789729866956379000,37.64437890625,0.6246278285980225,0.5113576054573059,0.4158904254436493,0.4187942147254944,-0.6080500483512878,-1.4103833436965942,-2.4822819232940674
1789729866966316000,37.65431591796875,0.6258625984191895,0.512144923210144,0.41405370831489563,0.41780751943588257,-0.5982192158699036,-1.4097137451171875,-2.4773776531219482
1789729866976253200,37.66425317382812,0.6272256970405579,0.5129618048667908,0.4119618833065033,0.4168279767036438,-0.5859846472740173,-1.4088797569274902,-2.470486879348755
1789729866986190300,37.6741904296875,0.6285527348518372,0.5137208104133606,0.40985921025276184,0.4159661531448364,-0.5728424787521362,-1.4079903364181519,-2.46248722076416
1789729866996127200,37.684127197265624,0.6299513578414917,0.5145973563194275,0.4076739251613617,0.41491302847862244,-0.5604928731918335,-1.4071576595306396,-2.4557528495788574
1789729867006065000,37.69406494140625,0.6313192248344421,0.5155172348022461,0.40558111667633057,0.41374143958091736,-0.5499866604804993,-1.4064363241195679,-2.4509027004241943
1789729867016002000,37.704001953125,0.6327498555183411,0.51655113697052,0.4035225808620453,0.4122766852378845,-0.5420924425125122,-1.4058138132095337,-2.4491097927093506
1789729867025939200,37.71393920898438,0.6341157555580139,0.5175061821937561,0.40167954564094543,0.41077741980552673,-0.5365380644798279,-1.4051951169967651,-2.4493296146392822
1789729867035876400,37.72387646484375,0.6353499293327332,0.5183078646659851,0.40011096000671387,0.40938809514045715,-0.5327550172805786,-1.4045631885528564,-2.4506418704986572
1789729867045813200,37.73381323242187,0.636474609375,0.5189827680587769,0.3987647593021393,0.4080975353717804,-0.5303207635879517,-1.4039206504821777,-2.452737808227539
1789729867055750400,37.74375048828125,0.6374492049217224,0.5194950699806213,0.39770519733428955,0.4069569408893585,-0.5294287800788879,-1.403275966644287,-2.4556140899658203
1789729867065687600,37.7536875,0.6383090019226074,0.5198773145675659,0.3968633711338043,0.4059416949748993,-0.5296139121055603,-1.4026187658309937,-2.4589691162109375
1789729867075624700,37.763624755859375,0.6392405033111572,0.5202471017837524,0.3960265815258026,0.40481775999069214,-0.5307033061981201,-1.4018542766571045,-2.463397741317749
1789729867085561600,37.7735615234375,0.6401456594467163,0.5204351544380188,0.39534640312194824,0.4038093686103821,-0.5324442386627197,-1.4008729457855225,-2.4679925441741943
1789729867095499000,37.7834990234375,0.6412765979766846,0.5206197500228882,0.39449912309646606,0.40260377526283264,-0.5342223048210144,-1.3995682001113892,-2.47322940826416
1789729867105437400,37.7934375,0.6425274610519409,0.5206126570701599,0.3936011493206024,0.4014959931373596,-0.5349526405334473,-1.3978060483932495,-2.4773061275482178
1789729867115373300,37.803373291015625,0.644036591053009,0.5203984379768372,0.392537385225296,0.40039578080177307,-0.5343584418296814,-1.3953683376312256,-2.480285882949829
1789729867125309200,37.81330908203125,0.6458635926246643,0.5199636816978455,0.3912876844406128,0.39923927187919617,-0.5327901244163513,-1.3921550512313843,-2.482654333114624
1789729867135245300,37.82324536132813,0.6477065086364746,0.5191635489463806,0.39018797874450684,0.3983702063560486,-0.5307238101959229,-1.3883885145187378,-2.4837329387664795
1789729867145182200,37.83318212890625,0.6497758626937866,0.5183888673782349,0.388866126537323,0.39730018377304077,-0.5282647609710693,-1.3843345642089844,-2.485118865966797
1789729867155119000,37.843119140625,0.6517288088798523,0.5175750255584717,0.38761553168296814,0.39638349413871765,-0.5253756642341614,-1.3803822994232178,-2.485687494277954
1789729867165056800,37.85305688476563,0.6533833742141724,0.516851007938385,0.3865149915218353,0.39567840099334717,-0.522192120552063,-1.3769729137420654,-2.4853711128234863
1789729867174994400,37.86299438476563,0.6547815203666687,0.516233503818512,0.38550692796707153,0.3951563537120819,-0.5184601545333862,-1.3740681409835815,-2.4840633869171143
1789729867184932600,37.8729326171875,0.6560208201408386,0.5156230926513672,0.3845192790031433,0.39485999941825867,-0.5134671330451965,-1.3713760375976562,-2.4810845851898193
1789729867194870800,37.882870849609375,0.6574123501777649,0.5150343775749207,0.38328850269317627,0.394510418176651,-0.5070810914039612,-1.3684741258621216,-2.477200984954834
1789729867204808400,37.892808349609375,0.6589303612709045,0.5142430663108826,0.38192644715309143,0.3943311274051666,-0.4990125596523285,-1.3650645017623901,-2.471529722213745
1789729867214745600,37.90274560546875,0.6611691117286682,0.5135326385498047,0.3798552453517914,0.3935093581676483,-0.49000024795532227,-1.360729694366455,-2.4671475887298584
1789729867224682800,37.91268286132812,0.664162278175354,0.5122615694999695,0.3772282898426056,0.3926517069339752,-0.4782896339893341,-1.354449987411499,-2.4609243869781494
1789729867234620000,37.92261987304688,0.6677530407905579,0.51048344373703,0.3740995526313782,0.3918699324131012,-0.4639284014701843,-1.3464983701705933,-2.452632188796997
1789729867244557000,37.93255712890625,0.6717992424964905,0.5085522532463074,0.3705945611000061,0.39079415798187256,-0.44977864623069763,-1.3376421928405762,-2.4455926418304443
1789729867254494200,37.942494140625,0.675819993019104,0.5066588521003723,0.36717429757118225,0.3895473778247833,-0.4377784729003906,-1.328893780708313,-2.4408223628997803
1789729867264431000,37.95243115234375,0.6792445182800293,0.505374550819397,0.3641493022441864,0.38809633255004883,-0.42889711260795593,-1.3219444751739502,-2.4389588832855225
1789729867274368300,37.9623681640625,0.6816093325614929,0.5049875378608704,0.361946702003479,0.3865111470222473,-0.424537718296051,-1.3179378509521484,-2.440669059753418
1789729867284305400,37.972305419921874,0.6827070713043213,0.5057851076126099,0.36064714193344116,0.3847416341304779,-0.4248051643371582,-1.3176054954528809,-2.4460787773132324
1789729867294242300,37.9822421875,0.6824791431427002,0.5075854063034058,0.36036741733551025,0.38303342461586,-0.42948368191719055,-1.32073974609375,-2.45434832572937
1789729867304179500,37.992179443359376,0.6813344955444336,0.5099824666976929,0.3608194887638092,0.3814583420753479,-0.43734291195869446,-1.326106309890747,-2.464510440826416
1789729867314116600,38.00211669921875,0.6797036528587341,0.5124515891075134,0.36170342564582825,0.38021963834762573,-0.44642311334609985,-1.3322560787200928,-2.4746508598327637
1789729867324053800,38.0120537109375,0.6781104207038879,0.5146534442901611,0.36254945397377014,0.37928342819213867,-0.45437899231910706,-1.3378987312316895,-2.483173370361328
1789729867333990700,38.02199072265625,0.6769890189170837,0.5164110064506531,0.36298200488090515,0.37848326563835144,-0.4597017168998718,-1.3421510457992554,-2.4894189834594727
1789729867343927800,38.031927734375,0.6765183806419373,0.5175816416740417,0.3628593683242798,0.37784281373023987,-0.46121829748153687,-1.344546914100647,-2.4923839569091797
1789729867353865000,38.04186499023437,0.6768158674240112,0.5182152986526489,0.36203694343566895,0.3772299587726593,-0.4584934711456299,-1.344995379447937,-2.492093563079834
1789729867363802000,38.05180200195313,0.6780415177345276,0.518623948097229,0.36023518443107605,0.37619081139564514,-0.4519101679325104,-1.3437321186065674,-2.490172863006592
1789729867373739300,38.0617392578125,0.6798380017280579,0.5188151597976685,0.3577890992164612,0.3750174045562744,-0.44214189052581787,-1.341272234916687,-2.4862759113311768
1789729867383676400,38.071676513671875,0.6819540858268738,0.519000232219696,0.35484638810157776,0.37371304631233215,-0.43002909421920776,-1.3382817506790161,-2.481031656265259
1789729867393613600,38.08161352539062,0.6839979887008667,0.5194444060325623,0.35158538818359375,0.37244054675102234,-0.41555070877075195,-1.3356798887252808,-2.473910331726074
1789729867403550700,38.09155078125,0.6857243776321411,0.5196512937545776,0.3486851751804352,0.37170323729515076,-0.4009627103805542,-1.3331294059753418,-2.4651811122894287
1789729867413487900,38.10148779296875,0.6873871684074402,0.5200628638267517,0.34592458605766296,0.3706341087818146,-0.38897302746772766,-1.3310238122940063,-2.459390163421631
1789729867423425300,38.11142529296875,0.688659131526947,0.5206792950630188,0.34356847405433655,0.36959755420684814,-0.3790923058986664,-1.3298190832138062,-2.45503830909729
1789729867433363000,38.121363037109376,0.6896155476570129,0.5217052698135376,0.3414268493652344,0.36834999918937683,-0.37103742361068726,-1.3297189474105835,-2.4525768756866455
1789729867443300900,38.13130078125,0.6902820467948914,0.5230787396430969,0.33951303362846375,0.3669199049472809,-0.3647685647010803,-1.3306025266647339,-2.4518866539001465
1789729867453238800,38.14123876953125,0.6906677484512329,0.5246301889419556,0.3378620445728302,0.36550024151802063,-0.3597079813480377,-1.3321871757507324,-2.4519941806793213
1789729867463174100,38.151174072265626,0.6908887028694153,0.5260661244392395,0.3365064859390259,0.3642672002315521,-0.35560494661331177,-1.3338649272918701,-2.452263832092285
1789729867473110300,38.1611103515625,0.691277265548706,0.5273113250732422,0.3351651132106781,0.3629639446735382,-0.35231104493141174,-1.3350589275360107,-2.453394651412964
1789729867483047000,38.171046875,0.691933810710907,0.5282831192016602,0.33374252915382385,0.36160823702812195,-0.349303662776947,-1.3354859352111816,-2.4549732208251953
1789729867492983600,38.18098364257813,0.6928777098655701,0.5289403200149536,0.332192987203598,0.360264390707016,-0.3460193872451782,-1.335033893585205,-2.456397771835327
1789729867502921200,38.19092114257813,0.6941152811050415,0.5292655825614929,0.33054378628730774,0.35891881585121155,-0.34274670481681824,-1.3336801528930664,-2.457933187484741
1789729867512859100,38.20085913085938,0.695510745048523,0.5292943120002747,0.32893043756484985,0.35765501856803894,-0.3397958278656006,-1.3316773176193237,-2.4595487117767334
1789729867522797300,38.21079736328125,0.6970356106758118,0.5292773842811584,0.3272705376148224,0.3562314808368683,-0.3375290036201477,-1.3294559717178345,-2.4621639251708984
1789729867532735200,38.2207353515625,0.6984204053878784,0.5291861891746521,0.32585853338241577,0.35494667291641235,-0.33613449335098267,-1.3273526430130005,-2.465022563934326
1789729867542672600,38.23067260742187,0.6997178196907043,0.5291210412979126,0.32455766201019287,0.3536781966686249,-0.33525708317756653,-1.3254315853118896,-2.468198776245117
1789729867552609800,38.24060986328125,0.7007532119750977,0.5289203524589539,0.3235967457294464,0.3528078496456146,-0.33450832962989807,-1.3236734867095947,-2.4703097343444824
1789729867562547000,38.250546875,0.7017144560813904,0.5286527276039124,0.3227168321609497,0.35210371017456055,-0.33346712589263916,-1.3219050168991089,-2.4717230796813965
1789729867572484000,38.260484130859375,0.7026300430297852,0.5282356142997742,0.3218822181224823,0.3516674041748047,-0.33154353499412537,-1.319936752319336,-2.471729278564453
1789729867582421200,38.27042114257812,0.7035647630691528,0.5277716517448425,0.320921391248703,0.35137322545051575,-0.32823416590690613,-1.3178106546401978,-2.4703116416931152
1789729867592358400,38.2803583984375,0.7044485211372375,0.5273208022117615,0.3198509216308594,0.3512555956840515,-0.32339024543762207,-1.3157023191452026,-2.467250347137451
1789729867602295600,38.29029565429688,0.705332338809967,0.527035653591156,0.3185299336910248,0.35111019015312195,-0.3170073926448822,-1.3137646913528442,-2.4631121158599854
1789729867612232700,38.300232666015624,0.7060880661010742,0.5268633961677551,0.31709909439086914,0.3511449694633484,-0.3089454472064972,-1.31208074092865,-2.4571969509124756
1789729867622170400,38.31017041015625,0.7068694233894348,0.5270771980285645,0.31524693965911865,0.350919634103775,-0.2991630434989929,-1.310843825340271,-2.4506959915161133
1789729867632106800,38.32010668945313,0.7077896595001221,0.5277875065803528,0.31282907724380493,0.3501601815223694,-0.28799009323120117,-1.3100802898406982,-2.444615602493286
1789729867642043600,38.330043701171874,0.7086408734321594,0.5286760330200195,0.3103215992450714,0.34932830929756165,-0.27635377645492554,-1.3096364736557007,-2.438349485397339
1789729867651981600,38.339981689453126,0.7094575762748718,0.5296449661254883,0.3078441917896271,0.3483935594558716,-0.2652530372142792,-1.3093732595443726,-2.43274188041687
1789729867661919200,38.349919189453125,0.7101122736930847,0.5306138396263123,0.3056795597076416,0.3474903702735901,-0.2557258903980255,-1.3094083070755005,-2.4281656742095947
1789729867671855400,38.35985546875,0.7103679180145264,0.5314146876335144,0.3042551875114441,0.34699368476867676,-0.24857956171035767,-1.309861183166504,-2.4241459369659424
1789729867681791700,38.36979174804687,0.7103543281555176,0.5322761535644531,0.30334413051605225,0.34649842977523804,-0.24409405887126923,-1.3109358549118042,-2.4219980239868164
1789729867691728100,38.37972802734375,0.7099784016609192,0.5332200527191162,0.3030526638031006,0.3460724353790283,-0.2424631118774414,-1.3128105401992798,-2.421649217605591
1789729867701665300,38.38966528320312,0.7093556523323059,0.5344126224517822,0.3031162917613983,0.345453679561615,-0.2432229220867157,-1.3155553340911865,-2.4234867095947266
1789729867711603000,38.39960302734375,0.7085320353507996,0.5358425378799438,0.30345433950424194,0.3446311056613922,-0.2460852861404419,-1.3190656900405884,-2.427361011505127
1789729867721540600,38.40954052734375,0.7076138257980347,0.5372909903526306,0.304002583026886,0.3437782824039459,-0.2503717839717865,-1.3228075504302979,-2.4323818683624268
1789729867731478500,38.419478515625,0.7067796587944031,0.5386568903923035,0.3044985830783844,0.34291672706604004,-0.25473037362098694,-1.3262975215911865,-2.437551975250244
1789729867741416200,38.429416259765624,0.7061179280281067,0.5399154424667358,0.3047269284725189,0.3420969545841217,-0.25764739513397217,-1.3292961120605469,-2.4416089057922363
1789729867751353300,38.43935327148437,0.7056062817573547,0.5410065054893494,0.3046465814113617,0.341499924659729,-0.2579333186149597,-1.3316845893859863,-2.443131446838379
1789729867761289700,38.449289794921874,0.7053924798965454,0.5420850515365601,0.3039938509464264,0.3408122658729553,-0.2553195059299469,-1.3334914445877075,-2.442779064178467
1789729867771226600,38.4592265625,0.7052215337753296,0.5430746674537659,0.30308881402015686,0.34039631485939026,-0.2498144954442978,-1.334948182106018,-2.4394805431365967
1789729867781163500,38.46916357421875,0.705176591873169,0.5442118048667908,0.30169257521629333,0.33991333842277527,-0.24128715693950653,-1.3362916707992554,-2.434044361114502
1789729867791101000,38.479100830078124,0.7052077651023865,0.5454349517822266,0.2999034821987152,0.33947110176086426,-0.22983168065547943,-1.3374890089035034,-2.4262311458587646
1789729867801038000,38.4890380859375,0.7053093910217285,0.5466539859771729,0.297806978225708,0.33914458751678467,-0.2157498598098755,-1.3384101390838623,-2.416077136993408
1789729867810975500,38.4989755859375,0.7054961919784546,0.5476940274238586,0.29557037353515625,0.33903467655181885,-0.1999768614768982,-1.3387999534606934,-2.40407395362854
1789729867820912600,38.50891259765625,0.7057709693908691,0.5484299063682556,0.2933447062969208,0.3392062187194824,-0.18349754810333252,-1.3385009765625,-2.3908538818359375
1789729867830850000,38.51885009765625,0.7061566114425659,0.5488604307174683,0.2912161946296692,0.33954113721847534,-0.16764645278453827,-1.337556004524231,-2.3778064250946045
1789729867840787200,38.528787109375,0.7065447568893433,0.5490306615829468,0.2893785834312439,0.34002920985221863,-0.15355971455574036,-1.3362669944763184,-2.3657937049865723
1789729867850724600,38.538724609375,0.7067936658859253,0.5491094589233398,0.28793710470199585,0.3406078815460205,-0.14165076613426208,-1.335140585899353,-2.3551924228668213
1789729867860661800,38.54866186523437,0.7069292068481445,0.5493581295013428,0.28668609261512756,0.34098073840141296,-0.13151250779628754,-1.3345506191253662,-2.3464174270629883
1789729867870599200,38.55859912109375,0.7068698406219482,0.5498491525650024,0.2856544852256775,0.3411780893802643,-0.1227906346321106,-1.3347135782241821,-2.3390331268310547
1789729867880536300,38.568536376953126,0.7066035270690918,0.550544261932373,0.28484633564949036,0.34128430485725403,-0.11508101224899292,-1.3355636596679688,-2.3324902057647705
1789729867890473700,38.5784736328125,0.7062210440635681,0.5513296127319336,0.2841606140136719,0.34137994050979614,-0.10772183537483215,-1.3367443084716797,-2.326138973236084
1789729867900411100,38.5884111328125,0.7059445381164551,0.5521509051322937,0.2833505868911743,0.34129762649536133,-0.1005120575428009,-1.337846040725708,-2.3204121589660645
1789729867910348300,38.59834838867187,0.7058227062225342,0.5528444647789001,0.2824603319168091,0.3411649167537689,-0.09359775483608246,-1.3385483026504517,-2.315164804458618
1789729867920285400,38.60828540039063,0.7058796286582947,0.5533080101013184,0.2815001606941223,0.3410891890525818,-0.08684176206588745,-1.3386332988739014,-2.3100593090057373
1789729867930222800,38.61822290039063,0.7062079310417175,0.553557276725769,0.28034707903862,0.34095489978790283,-0.08023504167795181,-1.3379974365234375,-2.3054604530334473
1789729867940160000,38.628159912109375,0.7065992951393127,0.5534140467643738,0.27937403321266174,0.3411751687526703,-0.07415623217821121,-1.3366591930389404,-2.3004989624023438
1789729867950097200,38.63809716796875,0.7071536183357239,0.5531200170516968,0.27835577726364136,0.3413357138633728,-0.06886447966098785,-1.334908366203308,-2.296466588973999
1789729867960034600,38.64803466796875,0.7077143788337708,0.5527315139770508,0.2774937152862549,0.34150466322898865,-0.06481863558292389,-1.333099603652954,-2.293414831161499
1789729867969971200,38.65797119140625,0.7082610726356506,0.5524972677230835,0.2766970992088318,0.3413967490196228,-0.062135737389326096,-1.331696629524231,-2.2920849323272705
1789729867979908600,38.66790869140625,0.7086154818534851,0.5525564551353455,0.27605000138282776,0.3410891890525818,-0.06021079793572426,-1.3311225175857544,-2.291639804840088
1789729867989845800,38.677845703125,0.7085976004600525,0.5529578328132629,0.27563437819480896,0.34081193804740906,-0.0579347126185894,-1.3315978050231934,-2.2904908657073975
1789729867999783200,38.687783203125,0.7082710266113281,0.5537099838256836,0.27531135082244873,0.34053054451942444,-0.05470210686326027,-1.3329910039901733,-2.288297653198242
1789729868009720000,38.697719970703126,0.7077531218528748,0.5547958016395569,0.27484869956970215,0.3402135670185089,-0.049470722675323486,-1.3350121974945068,-2.2844185829162598
1789729868019657000,38.707656982421874,0.7070674300193787,0.5560191869735718,0.2742350101470947,0.3401374816894531,-0.04130969196557999,-1.3372048139572144,-2.2774763107299805
1789729868029593900,38.71759375,0.7064164280891418,0.5572556257247925,0.27336159348487854,0.3401697278022766,-0.03089154325425625,-1.3391411304473877,-2.2684996128082275
1789729868039530800,38.72753076171875,0.7059661746025085,0.5583934783935547,0.2721706032752991,0.3401935398578644,-0.01911262236535549,-1.3404842615127563,-2.2586426734924316
1789729868049467600,38.73746752929687,0.7055886387825012,0.5592309236526489,0.27100491523742676,0.3405316472053528,-0.006871985737234354,-1.3411433696746826,-2.2477481365203857
1789729868059405300,38.7474052734375,0.7055046558380127,0.5600639581680298,0.2695457935333252,0.34049472212791443,0.004688833374530077,-1.3414416313171387,-2.2385687828063965
1789729868069343200,38.75734326171875,0.7054816484451294,0.5608727335929871,0.2682012915611267,0.3402726650238037,0.014437085948884487,-1.341796875,-2.2313148975372314
1789729868079280600,38.76728076171875,0.7053660750389099,0.561735212802887,0.2671906054019928,0.3398844301700592,0.021735453978180885,-1.3426433801651,-2.226271867752075
1789729868089217800,38.7772177734375,0.7048911452293396,0.5627365708351135,0.2668183147907257,0.33950552344322205,0.026517949998378754,-1.3445203304290771,-2.2227773666381836
1789729868099155000,38.787155029296876,0.7040505409240723,0.5640865564346313,0.26696962118148804,0.3388899564743042,0.02897103875875473,-1.347792625427246,-2.2212331295013428
1789729868109092000,38.797092041015624,0.7027144432067871,0.5656903982162476,0.2678425908088684,0.3383003771305084,0.029149115085601807,-1.3524644374847412,-2.220855474472046
1789729868119029800,38.80702978515625,0.7010882496833801,0.5676301717758179,0.26902586221694946,0.3374853730201721,0.028032761067152023,-1.3582754135131836,-2.221691608428955
1789729868128966000,38.8169658203125,0.6989649534225464,0.5698245763778687,0.27060815691947937,0.33692607283592224,0.027847155928611755,-1.3651281595230103,-2.2206084728240967
1789729868138902300,38.82690234375,0.6965367197990417,0.5723915696144104,0.2721133828163147,0.33639082312583923,0.030607301741838455,-1.3727678060531616,-2.2166900634765625
1789729868148839000,38.8368388671875,0.693935751914978,0.5750908255577087,0.2734641432762146,0.3360671103000641,0.03705209121108055,-1.380544900894165,-2.2089903354644775
1789729868158775800,38.84677587890625,0.691619336605072,0.5778288245201111,0.27424708008766174,0.33550721406936646,0.04607353359460831,-1.3877782821655273,-2.1999428272247314
1789729868168713500,38.85671337890625,0.6897873878479004,0.5803853869438171,0.2744686007499695,0.3346836566925049,0.055971287190914154,-1.3939610719680786,-2.191260814666748
1789729868178651100,38.86665112304688,0.6885062456130981,0.582549512386322,0.2743673622608185,0.3336431384086609,0.06387849897146225,-1.3988845348358154,-2.185356378555298
1789729868188589000,38.87658911132812,0.6878425478935242,0.5846008062362671,0.27367672324180603,0.33198732137680054,0.06988075375556946,-1.402915358543396,-2.183208465576172
1789729868198526700,38.88652661132812,0.6875893473625183,0.5863771438598633,0.27269312739372253,0.3301836848258972,0.07457119226455688,-1.4059953689575195,-2.183018684387207
1789729868208464100,38.89646411132812,0.6874035000801086,0.5877504944801331,0.27195775508880615,0.3287320137023926,0.07761798799037933,-1.4084200859069824,-2.1834969520568848
1789729868218401300,38.9064013671875,0.6873300671577454,0.5890385508537292,0.2712100148200989,0.32719433307647705,0.07934204488992691,-1.4106537103652954,-2.1854407787323
1789729868228338400,38.91633837890625,0.6868168711662292,0.5899715423583984,0.27124807238578796,0.32655879855155945,0.08102170377969742,-1.4129092693328857,-2.184781074523926
1789729868238275600,38.926275634765624,0.6859903335571289,0.5906710624694824,0.27184128761291504,0.3265383243560791,0.08265349268913269,-1.4152206182479858,-2.1823372840881348
1789729868248212700,38.93621264648438,0.6850650906562805,0.5913001894950867,0.2726365029811859,0.32667917013168335,0.08386722207069397,-1.4175946712493896,-2.1797432899475098
1789729868258150000,38.94614990234375,0.6839143633842468,0.5918349623680115,0.2737739682197571,0.32717013359069824,0.0852813720703125,-1.4201229810714722,-2.1758670806884766
1789729868268087000,38.956087158203125,0.6825922727584839,0.5924299955368042,0.27501657605171204,0.32781150937080383,0.08807998150587082,-1.4229013919830322,-2.170212507247925
1789729868278024400,38.9660244140625,0.6813668608665466,0.5933315753936768,0.27586835622787476,0.32801440358161926,0.09233734756708145,-1.4259666204452515,-2.1644062995910645
1789729868287961600,38.97596166992187,0.6805126667022705,0.594424307346344,0.2761591970920563,0.3275642395019531,0.09604886174201965,-1.4288767576217651,-2.161043882369995
1789729868297898800,38.98589868164063,0.6799059510231018,0.5955555438995361,0.27621182799339294,0.3267239034175873,0.09797725081443787,-1.4316413402557373,-2.1604435443878174
1789729868307836000,38.9958359375,0.6794572472572327,0.596786618232727,0.275976300239563,0.32560816407203674,0.1001984104514122,-1.4343253374099731,-2.1604278087615967
1789729868317773000,39.00577294921875,0.679143488407135,0.5980303883552551,0.2754734456539154,0.3244042694568634,0.10369164496660233,-1.436728835105896,-2.159684419631958
1789729868327710200,39.01571020507812,0.6788391470909119,0.5991125702857971,0.2749881446361542,0.3234548270702362,0.10826259106397629,-1.4387506246566772,-2.1574225425720215
1789729868337647400,39.0256474609375,0.6784934401512146,0.6001112461090088,0.2745222747325897,0.3227238059043884,0.11435405164957047,-1.4405726194381714,-2.153259754180908
1789729868347584800,39.035584716796876,0.6780614852905273,0.6009555459022522,0.27419114112854004,0.3223419487476349,0.12181472778320312,-1.442148208618164,-2.1469626426696777
1789729868357522000,39.04552197265625,0.6775266528129578,0.6014422178268433,0.27417945861816406,0.3225686252117157,0.12990489602088928,-1.4431926012039185,-2.1385672092437744
1789729868367459000,39.055458984375,0.6769925951957703,0.6015118360519409,0.27443596720695496,0.3233410120010376,0.13754723966121674,-1.4435170888900757,-2.1293251514434814
1789729868377396200,39.06539624023438,0.6766427159309387,0.6012793779373169,0.2746732234954834,0.32430288195610046,0.14404968917369843,-1.4430952072143555,-2.120933771133423
1789729868387333400,39.07533349609375,0.6763216257095337,0.6006841659545898,0.27512645721435547,0.32568851113319397,0.14949622750282288,-1.4420409202575684,-2.1125760078430176
1789729868397270500,39.0852705078125,0.6760303974151611,0.5997918248176575,0.27572494745254517,0.3274269998073578,0.15430285036563873,-1.4404317140579224,-2.1040587425231934
1789729868407207700,39.09520776367187,0.676041841506958,0.5988311767578125,0.2759837508201599,0.328940212726593,0.15814146399497986,-1.438292384147644,-2.0973753929138184
1789729868417145000,39.10514501953125,0.6760513782501221,0.5976971983909607,0.2763737142086029,0.33065110445022583,0.16109736263751984,-1.4358948469161987,-2.0910451412200928
1789729868427082200,39.11508227539063,0.6760623455047607,0.5967426300048828,0.2766694128513336,0.33210238814353943,0.1638265997171402,-1.4338363409042358,-2.085505247116089
1789729868437019400,39.125019287109374,0.6758509278297424,0.5961290597915649,0.2770272493362427,0.3333340287208557,0.1675359308719635,-1.4326574802398682,-2.0792582035064697
1789729868446956500,39.13495654296875,0.6755936145782471,0.5961403250694275,0.2770408093929291,0.3338238596916199,0.1727088987827301,-1.4325765371322632,-2.073291301727295
1789729868456893700,39.14489379882812,0.6751123070716858,0.5964066982269287,0.27714940905570984,0.3342314660549164,0.17928673326969147,-1.4331895112991333,-2.065922260284424
1789729868466830800,39.154830810546876,0.6745046377182007,0.5966280698776245,0.2774004340171814,0.3348543345928192,0.18674977123737335,-1.4338263273239136,-2.0571048259735107
1789729868476768000,39.16476806640625,0.67389976978302,0.5965853333473206,0.27774593234062195,0.3358604311943054,0.19463416934013367,-1.4339061975479126,-2.0470962524414062
1789729868486705200,39.174705078125,0.6734617948532104,0.5963428616523743,0.2779351770877838,0.3370109796524048,0.20268882811069489,-1.4333029985427856,-2.036911725997925
1789729868496642600,39.184642578125,0.6730260252952576,0.5958113074302673,0.2782493829727173,0.33855900168418884,0.21060462296009064,-1.4321260452270508,-2.0260229110717773
1789729868506579700,39.19457983398438,0.6727297306060791,0.5952456593513489,0.2784214913845062,0.3399982154369354,0.2177247554063797,-1.4307140111923218,-2.016313314437866
1789729868516516900,39.204516845703125,0.6723777651786804,0.5946803689002991,0.27870965003967285,0.3414444625377655,0.22408466041088104,-1.4294514656066895,-2.007173538208008
1789729868526454000,39.2144541015625,0.6720231175422668,0.5942754745483398,0.2789403796195984,0.34265702962875366,0.23021438717842102,-1.4285176992416382,-1.9987319707870483
1789729868536391200,39.22439111328125,0.671528697013855,0.5939471125602722,0.27935951948165894,0.3438521921634674,0.2359228879213333,-1.4279991388320923,-1.9904552698135376
1789729868546328300,39.23432836914063,0.67098468542099,0.5937008857727051,0.2798333466053009,0.344952255487442,0.241323322057724,-1.4277530908584595,-1.9825574159622192
1789729868556265500,39.244265380859375,0.6700785160064697,0.593222439289093,0.28083065152168274,0.346721887588501,0.24768656492233276,-1.4275057315826416,-1.9718077182769775
1789729868566203000,39.254202880859374,0.6693301200866699,0.5927524566650391,0.28147417306900024,0.3484451174736023,0.25563862919807434,-1.4268025159835815,-1.960081934928894
1789729868576140000,39.26414013671875,0.6686193943023682,0.5920012593269348,0.2820548117160797,0.35061049461364746,0.2647774815559387,-1.4252707958221436,-1.9465330839157104
1789729868586077200,39.2740771484375,0.6679906845092773,0.5908453464508057,0.2826228141784668,0.3532910645008087,0.2738396227359772,-1.4227057695388794,-1.9322184324264526
1789729868596014300,39.284014404296876,0.6678212285041809,0.5894498229026794,0.2826932370662689,0.3558768033981323,0.2812318205833435,-1.4190073013305664,-1.9204633235931396
1789729868605951500,39.293951416015624,0.6680296063423157,0.5877652168273926,0.2824464440345764,0.3584585189819336,0.2862951159477234,-1.4143023490905762,-1.9114983081817627
1789729868615888600,39.303888671875,0.6687219738960266,0.5860823392868042,0.2816345691680908,0.36055561900138855,0.2893543243408203,-1.4090162515640259,-1.906175971031189
1789729868625825800,39.31382568359375,0.6694148182868958,0.5842759013175964,0.28097617626190186,0.36270904541015625,0.2906543016433716,-1.4036954641342163,-1.902267336845398
1789729868635763200,39.32376318359375,0.6701038479804993,0.5825295448303223,0.2804187834262848,0.3646717667579651,0.29050540924072266,-1.3987250328063965,-1.8999557495117188
1789729868645700400,39.333700439453125,0.6707746982574463,0.5810122489929199,0.27990663051605225,0.36624905467033386,0.2894672155380249,-1.3944299221038818,-1.8990994691848755
1789729868655637500,39.34363745117187,0.6713873147964478,0.5798311829566956,0.27941620349884033,0.3673710823059082,0.2882428467273712,-1.391007423400879,-1.8991570472717285
1789729868665574700,39.35357470703125,0.6716684699058533,0.578762948513031,0.279401034116745,0.3685511648654938,0.28668543696403503,-1.3884493112564087,-1.8987313508987427
1789729868675511800,39.36351171875,0.6718491911888123,0.5778607726097107,0.2795554995536804,0.36951902508735657,0.28449034690856934,-1.3865399360656738,-1.8990398645401
1789729868685449000,39.373448974609374,0.6718143820762634,0.5769121646881104,0.28011783957481384,0.3706369996070862,0.2813519835472107,-1.385056495666504,-1.8994163274765015
1789729868695386000,39.38338623046875,0.6714597344398499,0.5757399201393127,0.28126218914985657,0.37223243713378906,0.2773239016532898,-1.3837733268737793,-1.8989912271499634
1789729868705323500,39.39332348632813,0.6713918447494507,0.5747263431549072,0.28207287192344666,0.3733062148094177,0.2723153829574585,-1.382541298866272,-1.9009156227111816
1789729868715260700,39.4032607421875,0.6712819933891296,0.5737563371658325,0.28298503160476685,0.37430423498153687,0.2668059170246124,-1.3815675973892212,-1.9033095836639404
1789729868725197800,39.41319775390625,0.6712455153465271,0.5731160044670105,0.2836633622646332,0.3748367428779602,0.26194483041763306,-1.3810811042785645,-1.9062002897262573
1789729868735135000,39.42313500976562,0.6711434125900269,0.5728015899658203,0.2841967046260834,0.37509608268737793,0.2587307393550873,-1.381124496459961,-1.9081422090530396
1789729868745072000,39.43307202148438,0.6709616780281067,0.5727851986885071,0.2845408320426941,0.37518537044525146,0.257832407951355,-1.3815429210662842,-1.90836501121521
1789729868755009300,39.44300927734375,0.6706035137176514,0.5728650689125061,0.2848420739173889,0.375475138425827,0.25953492522239685,-1.382010817527771,-1.9057356119155884
1789729868764947000,39.45294702148438,0.6703044176101685,0.5730279684066772,0.28484299778938293,0.3757597804069519,0.2632322609424591,-1.3822163343429565,-1.9015893936157227
1789729868774884000,39.462884033203125,0.6700523495674133,0.5731326341629028,0.2846568524837494,0.3761904835700989,0.26823729276657104,-1.3819856643676758,-1.8961788415908813
1789729868784821200,39.4728212890625,0.6698142290115356,0.5730805993080139,0.2844187021255493,0.37687328457832336,0.27382025122642517,-1.38127601146698,-1.889844536781311
1789729868794758400,39.48275830078125,0.6697952747344971,0.572984516620636,0.2839212417602539,0.377427875995636,0.279000848531723,-1.380162000656128,-1.8845162391662598
1789729868804695800,39.49269580078125,0.6695551872253418,0.5726035833358765,0.2838784158229828,0.37846267223358154,0.2831715941429138,-1.3789515495300293,-1.8786863088607788
1789729868814632200,39.50263208007812,0.669254720211029,0.5722797513008118,0.28399962186813354,0.3793919086456299,0.2864365875720978,-1.3781245946884155,-1.8736871480941772
1789729868824568800,39.51256884765625,0.6691734194755554,0.572504997253418,0.283780962228775,0.37935903668403625,0.2891979515552521,-1.378249168395996,-1.8713370561599731
1789729868834505500,39.52250537109375,0.6688694357872009,0.5730640888214111,0.2838566303253174,0.37899431586265564,0.2916393578052521,-1.3795608282089233,-1.8694289922714233
1789729868844442600,39.53244262695313,0.6684410572052002,0.5738787055015564,0.28409966826438904,0.3783347010612488,0.2937924265861511,-1.3817168474197388,-1.8680559396743774
1789729868854379800,39.5423798828125,0.6678711771965027,0.5745418071746826,0.28465360403060913,0.37791815400123596,0.29512399435043335,-1.3839308023452759,-1.8666149377822876
1789729868864317000,39.55231689453125,0.6676477193832397,0.5751025676727295,0.28490814566612244,0.3772676885128021,0.2948281764984131,-1.385627031326294,-1.867632269859314
1789729868874254600,39.562254638671874,0.6671794652938843,0.5750277638435364,0.2858023941516876,0.37753361463546753,0.2926368713378906,-1.386653184890747,-1.868006706237793
1789729868884192300,39.57219213867187,0.6666763424873352,0.5745405554771423,0.2869526743888855,0.3782908022403717,0.28904989361763,-1.3870621919631958,-1.8685413599014282
1789729868894130000,39.5821298828125,0.6663674712181091,0.573968768119812,0.2878940999507904,0.3789871335029602,0.2849615812301636,-1.3870415687561035,-1.8699889183044434
1789729868904067800,39.59206787109375,0.665970504283905,0.5732462406158447,0.2889598608016968,0.3799660801887512,0.28107112646102905,-1.38679838180542,-1.8705683946609497
1789729868914005000,39.6020048828125,0.6655660271644592,0.5724009275436401,0.2900583744049072,0.3811104893684387,0.27712899446487427,-1.3863054513931274,-1.870864748954773
1789729868923942100,39.61194213867188,0.6652477383613586,0.5714004039764404,0.29113128781318665,0.3823474645614624,0.272493451833725,-1.3854490518569946,-1.8717230558395386
1789729868933879300,39.62187939453125,0.6650941371917725,0.5703408122062683,0.29209157824516296,0.38346269726753235,0.26683399081230164,-1.3843711614608765,-1.873969554901123
1789729868943816400,39.63181640625,0.6646631360054016,0.5690087080001831,0.2935858964920044,0.3850446045398712,0.2600662112236023,-1.3833619356155396,-1.875701904296875
1789729868953753600,39.64175366210937,0.6646785140037537,0.5681306719779968,0.2944154739379883,0.38568055629730225,0.2531581521034241,-1.3826314210891724,-1.880194902420044
1789729868963691000,39.65169091796875,0.664543867111206,0.5674001574516296,0.29531964659690857,0.3862963020801544,0.2472657561302185,-1.382295846939087,-1.883603811264038
1789729868973627100,39.661627197265624,0.6643630266189575,0.5669406652450562,0.2961263060569763,0.3866642713546753,0.24247585237026215,-1.3824313879013062,-1.8864929676055908
1789729868983563500,39.6715634765625,0.6642535924911499,0.5667597651481628,0.2967255115509033,0.38665804266929626,0.23829714953899384,-1.3829411268234253,-1.8897346258163452
1789729868993500000,39.6815,0.6637762188911438,0.5664006471633911,0.29780152440071106,0.3871765732765198,0.23452505469322205,-1.3836013078689575,-1.8909504413604736
1789729869003437000,39.69143701171875,0.6633136868476868,0.5660221576690674,0.29883483052253723,0.38772621750831604,0.23097960650920868,-1.3841533660888672,-1.8919498920440674
1789729869013374500,39.70137451171875,0.6627197861671448,0.5653621554374695,0.30012089014053345,0.3887101709842682,0.22710494697093964,-1.3843728303909302,-1.892141580581665
1789729869023312000,39.711311767578124,0.6621485948562622,0.5644996762275696,0.301491916179657,0.38987427949905396,0.2223859280347824,-1.3842638731002808,-1.8927236795425415
1789729869033249800,39.721249755859375,0.6611972451210022,0.5632139444351196,0.30353817343711853,0.3917560875415802,0.21654902398586273,-1.384068250656128,-1.8921400308609009
1789729869043187700,39.73118774414063,0.6601571440696716,0.5618526935577393,0.3058108985424042,0.3936924934387207,0.20958209037780762,-1.3840473890304565,-1.892223596572876
1789729869053125600,39.74112573242188,0.6596490144729614,0.5610567331314087,0.30735915899276733,0.3944729268550873,0.20187769830226898,-1.3844667673110962,-1.8961374759674072
1789729869063063000,39.75106298828125,0.6588703393936157,0.5603579878807068,0.3092196583747864,0.3953125774860382,0.19424961507320404,-1.3855092525482178,-1.8993948698043823
1789729869073000200,39.761000244140625,0.6600452065467834,0.5606760382652283,0.3085278868675232,0.39343780279159546,0.18522900342941284,-1.3856868743896484,-1.9126325845718384
1789729869082937300,39.77093725585937,0.6606453657150269,0.5612630248069763,0.3082267642021179,0.39182621240615845,0.17908918857574463,-1.3868759870529175,-1.9219672679901123
1789729869092874500,39.78087451171875,0.6604931950569153,0.5618561506271362,0.3085121810436249,0.3910071551799774,0.1767316460609436,-1.3886946439743042,-1.9252935647964478
1789729869102811600,39.79081176757813,0.6597839593887329,0.5624120831489563,0.309177428483963,0.39087992906570435,0.17794926464557648,-1.3907949924468994,-1.9233051538467407
1789729869112748800,39.800748779296875,0.6588791012763977,0.5630353093147278,0.30982208251953125,0.390998512506485,0.1819913238286972,-1.3929349184036255,-1.9181239604949951
1789729869122686000,39.81068603515625,0.6578170657157898,0.5636225342750549,0.31048092246055603,0.39141789078712463,0.1882714033126831,-1.394937515258789,-1.9101808071136475
1789729869132623400,39.82062329101562,0.6563761234283447,0.5639668703079224,0.31156104803085327,0.3924812078475952,0.19593307375907898,-1.3968673944473267,-1.899105191230774
1789729869142560500,39.830560546875,0.6554508805274963,0.5638314485549927,0.312696635723114,0.3933179974555969,0.19676576554775238,-1.3979896306991577,-1.895094633102417
1789729869152497700,39.84049755859375,0.6545829772949219,0.563285768032074,0.3140433728694916,0.39447054266929626,0.1952793449163437,-1.3985153436660767,-1.8925056457519531
1789729869162434800,39.85043481445312,0.6538939476013184,0.5623750686645508,0.3155176639556885,0.3957342803478241,0.19052651524543762,-1.3984763622283936,-1.8927571773529053
1789729869172372000,39.8603720703125,0.6530390381813049,0.5608784556388855,0.31760790944099426,0.39759349822998047,0.18237422406673431,-1.3980052471160889,-1.8943850994110107
1789729869182309000,39.87030908203125,0.6520891785621643,0.5588787198066711,0.3201780915260315,0.39990031719207764,0.1710968315601349,-1.3971199989318848,-1.8975722789764404
1789729869192246300,39.880246337890625,0.6511852145195007,0.5566730499267578,0.3229316473007202,0.4022289216518402,0.15739227831363678,-1.396100640296936,-1.902819275856018
1789729869202183700,39.89018359375,0.6504921317100525,0.5547524094581604,0.3255009651184082,0.40392929315567017,0.14208458364009857,-1.3955459594726562,-1.9110199213027954
1789729869212120800,39.90012084960937,0.649498462677002,0.5529080033302307,0.3285037577152252,0.4056227505207062,0.12563304603099823,-1.3957757949829102,-1.9196819067001343
1789729869222058000,39.91005810546875,0.6493347883224487,0.5520461201667786,0.3303905129432678,0.4055262506008148,0.10801602154970169,-1.3967351913452148,-1.9343706369400024
1789729869231995100,39.9199951171875,0.648048996925354,0.5505122542381287,0.3338403105735779,0.4068406820297241,0.08897008001804352,-1.3982890844345093,-1.945559024810791
1789729869241932300,39.929932373046874,0.6468233466148376,0.5491462349891663,0.33722057938575745,0.40784838795661926,0.06889709830284119,-1.40012526512146,-1.9584004878997803
1789729869251869400,39.93986938476562,0.6454753875732422,0.5476182103157043,0.3407737910747528,0.40908312797546387,0.04830627143383026,-1.4018219709396362,-1.9710646867752075
1789729869261806600,39.949806640625,0.6444790363311768,0.5461688041687012,0.3438531458377838,0.410013884305954,0.027916492894291878,-1.4030156135559082,-1.9847890138626099
1789729869271744000,39.959743896484376,0.6432907581329346,0.5443122386932373,0.3471032977104187,0.4116072356700897,0.00906377099454403,-1.403523564338684,-1.9955230951309204
1789729869281681200,39.96968115234375,0.6427189707756042,0.542731761932373,0.34938064217567444,0.41265931725502014,-0.007079307455569506,-1.4032584428787231,-2.0060391426086426
1789729869291618300,39.97961840820312,0.6415103673934937,0.5403752326965332,0.3522804379463196,0.415159672498703,-0.019659915938973427,-1.4021799564361572,-2.009437322616577
1789729869301555500,39.98955541992188,0.6409776210784912,0.5386040210723877,0.35389894247055054,0.41690394282341003,-0.02710336074233055,-1.4005905389785767,-2.011096239089966
1789729869311492600,39.99949267578125,0.6399998664855957,0.536823570728302,0.35560745000839233,0.41924214363098145,-0.02962510474026203,-1.399152398109436,-2.0066683292388916
1789729869321429800,40.0094296875,0.6391711831092834,0.5358395576477051,0.3566948473453522,0.4208384156227112,-0.02903270348906517,-1.3985848426818848,-2.001478910446167
1789729869331367000,40.01936694335937,0.6376217007637024,0.5348246693611145,0.3585444986820221,0.42290306091308594,-0.028522904962301254,-1.3990672826766968,-1.994327187538147
1789729869341304000,40.02930395507813,0.6365498900413513,0.5346134305000305,0.3598392903804779,0.423684298992157,-0.03007606230676174,-1.4004892110824585,-1.9924179315567017
1789729869351241500,40.03924145507813,0.6353225708007812,0.5345221161842346,0.36144620180130005,0.42427340149879456,-0.03407716378569603,-1.4026216268539429,-1.9927879571914673
1789729869361178600,40.0491787109375,0.6338001489639282,0.5343120098114014,0.36351537704467773,0.4250466227531433,-0.03990483283996582,-1.4051748514175415,-1.9938968420028687
1789729869371115800,40.05911572265625,0.6318409442901611,0.5337406396865845,0.3661421537399292,0.426424503326416,-0.046148739755153656,-1.4077805280685425,-1.9934217929840088
1789729869381053000,40.06905297851562,0.6301658153533936,0.5333231091499329,0.36832764744758606,0.4275420606136322,-0.051136452704668045,-1.4100936651229858,-1.9928643703460693
1789729869390990000,40.078989990234376,0.6282769441604614,0.53245609998703,0.3707166314125061,0.4293341338634491,-0.0544762909412384,-1.411772608757019,-1.9891014099121094
1789729869400927200,40.08892724609375,0.6262297034263611,0.5309121608734131,0.37339386343955994,0.43190932273864746,-0.05741953104734421,-1.4124568700790405,-1.9830180406570435
1789729869410864400,40.09886450195312,0.6246974468231201,0.5291508436203003,0.3756664991378784,0.4343123137950897,-0.06155427172780037,-1.412083387374878,-1.9790394306182861
1789729869420801800,40.1088017578125,0.623460054397583,0.5270202159881592,0.37784096598625183,0.4367877244949341,-0.06749162822961807,-1.4107800722122192,-1.9768321514129639
1789729869430739000,40.11873901367188,0.6224880814552307,0.5247642397880554,0.3798331916332245,0.4391557574272156,-0.0743921548128128,-1.4089462757110596,-1.9760361909866333
1789729869440676000,40.128676025390625,0.6211057901382446,0.5220518708229065,0.38233914971351624,0.44216084480285645,-0.08153971284627914,-1.4069653749465942,-1.973443627357483
1789729869450613200,40.13861328125,0.6203027367591858,0.5199872255325317,0.3841308653354645,0.44416359066963196,-0.08894713222980499,-1.4052767753601074,-1.9741038084030151
1789729869460550400,40.14855029296875,0.6193382740020752,0.5180931687355042,0.3860696256160736,0.44603797793388367,-0.09685450047254562,-1.4041900634765625,-1.9752488136291504
1789729869470487600,40.15848754882813,0.6178005337715149,0.5160350799560547,0.388603538274765,0.44834989309310913,-0.10500196367502213,-1.4037140607833862,-1.9748328924179077
1789729869480424700,40.1684248046875,0.6158967614173889,0.5138548016548157,0.3914795219898224,0.4509635865688324,-0.11295726150274277,-1.4035629034042358,-1.973077416419983
1789729869490362000,40.178362060546874,0.6139444708824158,0.5115585327148438,0.39436882734298706,0.45371052622795105,-0.12046892195940018,-1.4032423496246338,-1.9705719947814941
1789729869500299300,40.18829931640625,0.611940324306488,0.5090454816818237,0.39726683497428894,0.4567064940929413,-0.12717264890670776,-1.4025483131408691,-1.9667372703552246
1789729869510236400,40.198236328125,0.6101381182670593,0.5066143870353699,0.3998456597328186,0.4595615267753601,-0.13269151747226715,-1.401578664779663,-1.9624803066253662
1789729869520173800,40.208173828125,0.6084613800048828,0.5043688416481018,0.40215134620666504,0.4622349739074707,-0.13690361380577087,-1.4006190299987793,-1.957696795463562
1789729869530111500,40.21811157226563,0.6070154905319214,0.5025199055671692,0.4040428102016449,0.4644947350025177,-0.13969145715236664,-1.399862289428711,-1.9529622793197632
1789729869540049000,40.228048828125,0.6054994463920593,0.5008812546730042,0.40577569603919983,0.4667274057865143,-0.1402219533920288,-1.3993552923202515,-1.9462997913360596
1789729869549985800,40.23798583984375,0.6032270193099976,0.4987495541572571,0.4080500602722168,0.46995872259140015,-0.13783375918865204,-1.3988392353057861,-1.9339044094085693
1789729869559923000,40.2479228515625,0.6015603542327881,0.4970570504665375,0.4094655215740204,0.47264933586120605,-0.13272316753864288,-1.3978784084320068,-1.9212636947631836
1789729869569859800,40.25785986328125,0.599716305732727,0.4949859380722046,0.4108947217464447,0.47591471672058105,-0.12526771426200867,-1.396241307258606,-1.9051318168640137
1789729869579796700,40.26779663085937,0.5983144640922546,0.4930935204029083,0.4117310047149658,0.4789113998413086,-0.11622367054224014,-1.3940175771713257,-1.888914704322815
1789729869589734000,40.27773388671875,0.5965486168861389,0.490774005651474,0.4128643870353699,0.4825076758861542,-0.10661990195512772,-1.3914560079574585,-1.8704407215118408
1789729869599670800,40.2876708984375,0.595291256904602,0.48891481757164,0.4134517014026642,0.48543617129325867,-0.09730608016252518,-1.3888990879058838,-1.8544589281082153
1789729869609608000,40.29760791015625,0.594009518623352,0.4872133433818817,0.41411298513412476,0.48814576864242554,-0.0892564058303833,-1.3867638111114502,-1.840019941329956
1789729869619545600,40.307545654296874,0.593123733997345,0.48608577251434326,0.4144964814186096,0.4900178909301758,-0.0831146240234375,-1.385270595550537,-1.829586386680603
1789729869629483500,40.3174833984375,0.5919023752212524,0.48486852645874023,0.41531679034233093,0.49200209975242615,-0.07851262390613556,-1.3843175172805786,-1.8197063207626343
1789729869639421000,40.3274208984375,0.5905876159667969,0.483650267124176,0.4163408875465393,0.49391189217567444,-0.07539007067680359,-1.383692979812622,-1.8110785484313965
1789729869649358000,40.33735815429687,0.5900260806083679,0.4830314815044403,0.4167006015777588,0.49488428235054016,-0.07316514849662781,-1.3831150531768799,-1.806325912475586
1789729869659295200,40.34729516601563,0.5882987976074219,0.4812818765640259,0.4182069003582001,0.49736836552619934,-0.0710918977856636,-1.382266640663147,-1.7967352867126465
1789729869669232400,40.357232421875,0.5866830945014954,0.47936439514160156,0.41962453722953796,0.49992793798446655,-0.06935969740152359,-1.3809541463851929,-1.7874466180801392
1789729869679170000,40.367170166015626,0.5857365727424622,0.47771644592285156,0.42044928669929504,0.501918375492096,-0.06828542053699493,-1.3791630268096924,-1.7809362411499023
1789729869689106400,40.3771064453125,0.5849884748458862,0.47602880001068115,0.42114168405532837,0.5038101673126221,-0.06794115900993347,-1.3770697116851807,-1.7755500078201294
1789729869699042800,40.38704272460937,0.583990752696991,0.47405338287353516,0.4221426844596863,0.5059878826141357,-0.06852566450834274,-1.3749523162841797,-1.769953966140747
1789729869708979200,40.396979248046875,0.582676112651825,0.47190043330192566,0.4235391616821289,0.508343517780304,-0.07033218443393707,-1.3731781244277954,-1.7645021677017212
1789729869718916400,40.40691625976562,0.5811928510665894,0.4698372483253479,0.4252300560474396,0.510536253452301,-0.0737413540482521,-1.3720903396606445,-1.7604374885559082
1789729869728853800,40.41685375976562,0.5800701975822449,0.4683421552181244,0.42676714062690735,0.5119022727012634,-0.07909832149744034,-1.371816635131836,-1.7602384090423584
1789729869738791700,40.426791748046874,0.5788556933403015,0.46701890230178833,0.42857739329338074,0.5129725933074951,-0.0864974707365036,-1.3723293542861938,-1.7621821165084839
1789729869748729300,40.43672924804687,0.5775200724601746,0.4657536745071411,0.4306606352329254,0.5138827562332153,-0.09573015570640564,-1.373409390449524,-1.7657803297042847
1789729869758667300,40.446667236328125,0.5759010910987854,0.4642922580242157,0.43308162689208984,0.5149863362312317,-0.10600858926773071,-1.3747022151947021,-1.769407868385315
1789729869768604400,40.4566044921875,0.5737351179122925,0.4623100757598877,0.4359753131866455,0.5167426466941833,-0.11630859971046448,-1.3758656978607178,-1.7708539962768555
1789729869778541600,40.46654150390625,0.5718188285827637,0.46045494079589844,0.4385390877723694,0.5183511972427368,-0.1256871223449707,-1.3767297267913818,-1.772241473197937
1789729869788479000,40.47647900390625,0.5696208477020264,0.4582698941230774,0.441195547580719,0.5204491019248962,-0.13354778289794922,-1.3772059679031372,-1.7709137201309204
1789729869798416100,40.486416015625,0.566739559173584,0.455481618642807,0.44427165389060974,0.5234171152114868,-0.13968497514724731,-1.377402901649475,-1.7652767896652222
1789729869808353300,40.496353271484374,0.5645634531974792,0.4533044993877411,0.4465797543525696,0.5256897211074829,-0.1443905383348465,-1.37743079662323,-1.7610034942626953
1789729869818290400,40.50629052734375,0.5630212426185608,0.45167362689971924,0.44828999042510986,0.5272894501686096,-0.14868409931659698,-1.3774192333221436,-1.7587820291519165
1789729869828227600,40.5162275390625,0.5615851283073425,0.45023781061172485,0.44988852739334106,0.5286855101585388,-0.15284103155136108,-1.3775858879089355,-1.757043480873108
1789729869838164700,40.526164794921876,0.5601423382759094,0.4489627778530121,0.4514434337615967,0.5299733877182007,-0.15652431547641754,-1.377999186515808,-1.7551387548446655
1789729869848102000,40.53610180664062,0.5584955811500549,0.4476909041404724,0.45309609174728394,0.5313751101493835,-0.1594420224428177,-1.3786401748657227,-1.7520546913146973
1789729869858039300,40.54603930664062,0.5567536950111389,0.446533739566803,0.4547176957130432,0.5327895879745483,-0.16117824614048004,-1.3794881105422974,-1.7478272914886475
1789729869867976400,40.5559765625,0.5548767447471619,0.4453723132610321,0.45630183815956116,0.5343630909919739,-0.16128002107143402,-1.3803256750106812,-1.741703987121582
1789729869877913600,40.56591357421875,0.5529442429542542,0.4441266357898712,0.4578188359737396,0.5361027121543884,-0.16018563508987427,-1.3809348344802856,-1.7341452836990356
1789729869887850800,40.575850830078124,0.5513092279434204,0.44296085834503174,0.4589795768260956,0.5377560257911682,-0.15797536075115204,-1.381064772605896,-1.7262948751449585
1789729869897788000,40.58578784179687,0.5487680435180664,0.4406605362892151,0.4607347846031189,0.5407359600067139,-0.15436670184135437,-1.3803118467330933,-1.7130658626556396
1789729869907725000,40.59572509765625,0.5464394092559814,0.4380330741405487,0.46217629313468933,0.5439890623092651,-0.14980171620845795,-1.3784308433532715,-1.6988040208816528
1789729869917662200,40.605662109375,0.5451240539550781,0.4357309341430664,0.46278080344200134,0.5466371774673462,-0.1457328051328659,-1.3755569458007812,-1.687828540802002
1789729869927599600,40.615599609375,0.5441667437553406,0.4333919584751129,0.46323949098587036,0.5490565896034241,-0.14373160898685455,-1.3723008632659912,-1.6796174049377441
1789729869937536800,40.62553686523437,0.5431051850318909,0.4309215545654297,0.4640907645225525,0.5513284802436829,-0.14524807035923004,-1.3694809675216675,-1.674438238143921
1789729869947474000,40.63547387695313,0.5423227548599243,0.42892366647720337,0.4651601016521454,0.5527536869049072,-0.15114828944206238,-1.3678059577941895,-1.6750316619873047
1789729869957411000,40.6454111328125,0.5406349897384644,0.4266109764575958,0.46740221977233887,0.5543032288551331,-0.16155359148979187,-1.367700219154358,-1.677601933479309
1789729869967348200,40.65534814453125,0.5394771695137024,0.42521893978118896,0.4696206748485565,0.5546256899833679,-0.17569726705551147,-1.3690550327301025,-1.686630129814148
1789729869977285400,40.66528540039062,0.5376541614532471,0.4235462546348572,0.4725880026817322,0.5551550388336182,-0.1924603283405304,-1.3712773323059082,-1.6963691711425781
1789729869987222500,40.67522241210938,0.5355943441390991,0.4216606616973877,0.4757756292819977,0.5558583736419678,-0.21011562645435333,-1.373529076576233,-1.7061524391174316
1789729869997160000,40.68515991210938,0.533257007598877,0.4192712604999542,0.4790358245372772,0.5571115016937256,-0.2268604040145874,-1.3750941753387451,-1.7136108875274658
1789729870007097000,40.69509716796875,0.5305187702178955,0.41622233390808105,0.4823416471481323,0.5591559410095215,-0.2412921041250229,-1.375735878944397,-1.7168434858322144
1789729870017034200,40.7050341796875,0.5272253155708313,0.41259515285491943,0.48566940426826477,0.5620711445808411,-0.25175100564956665,-1.3756675720214844,-1.714058518409729
1789729870026971400,40.71497143554687,0.525124728679657,0.410135954618454,0.48775985836982727,0.5640237927436829,-0.25835317373275757,-1.3753515481948853,-1.712000846862793
1789729870036908500,40.724908447265626,0.5230036377906799,0.4079664349555969,0.489595502614975,0.565974235534668,-0.26192015409469604,-1.3752039670944214,-1.7074366807937622
1789729870046845700,40.734845703125,0.519810676574707,0.4053674638271332,0.4920133948326111,0.5686799883842468,-0.2632879912853241,-1.375679612159729,-1.697816252708435
1789729870056782800,40.74478295898437,0.518076479434967,0.40461206436157227,0.49328041076660156,0.5697019100189209,-0.2631959617137909,-1.377027988433838,-1.6929205656051636
1789729870066720000,40.75471997070313,0.5154183506965637,0.4036175012588501,0.495093435049057,0.5712436437606812,-0.261510968208313,-1.3792009353637695,-1.6841922998428345
1789729870076657400,40.76465747070313,0.512117326259613,0.4025971591472626,0.49712544679641724,0.5731645822525024,-0.25672781467437744,-1.3819602727890015,-1.6710933446884155
1789729870086594600,40.774594482421875,0.5085596442222595,0.40179726481437683,0.4989403188228607,0.575312614440918,-0.24684183299541473,-1.3848899602890015,-1.652844786643982
1789729870096531700,40.78453173828125,0.5057122707366943,0.4020284116268158,0.49971136450767517,0.5769894123077393,-0.22983400523662567,-1.3876620531082153,-1.6307553052902222
1789729870106468900,40.79446875,0.5024580955505371,0.4024035930633545,0.5001062154769897,0.5792245268821716,-0.2040257751941681,-1.3901591300964355,-1.599414348602295
1789729870116406000,40.80440600585938,0.49955636262893677,0.403778076171875,0.49961766600608826,0.5811960697174072,-0.1691046804189682,-1.3926366567611694,-1.561478614807129
1789729870126343200,40.81434326171875,0.49587538838386536,0.4053919017314911,0.49918508529663086,0.5835916996002197,-0.12596352398395538,-1.3955767154693604,-1.5142985582351685
1789729870136280300,40.8242802734375,0.49256983399391174,0.40784814953804016,0.49821123480796814,0.5855087041854858,-0.0771494209766388,-1.3985451459884644,-1.4637014865875244
1789729870146217700,40.8342177734375,0.48756563663482666,0.40853771567344666,0.49816688895225525,0.5892422199249268,-0.025444503873586655,-1.4000593423843384,-1.4039396047592163
1789729870156155000,40.84415478515625,0.483905553817749,0.4091916084289551,0.49705639481544495,0.5927331447601318,0.023541314527392387,-1.398909330368042,-1.3495121002197266
1789729870166092000,40.854092041015626,0.4797518849372864,0.4077244997024536,0.4963686168193817,0.5976763963699341,0.06347164511680603,-1.3947784900665283,-1.2995805740356445
1789729870176029200,40.864029296875,0.47730499505996704,0.40552330017089844,0.4950908422470093,0.6021759510040283,0.08699136227369308,-1.3882255554199219,-1.2680515050888062
1789729870185966300,40.87396630859375,0.47502753138542175,0.4014534652233124,0.49490296840667725,0.606840193271637,0.09053991734981537,-1.3810755014419556,-1.2534915208816528
1789729870195903500,40.88390356445313,0.4740752577781677,0.3975147604942322,0.49526920914649963,0.6098713874816895,0.07883059978485107,-1.3755756616592407,-1.25675630569458
1789729870205840600,40.893840576171876,0.4730956554412842,0.39405426383018494,0.496980220079422,0.6114837527275085,0.059670090675354004,-1.3737105131149292,-1.2680375576019287
1789729870215778000,40.903778076171875,0.4713578224182129,0.39163681864738464,0.5005626082420349,0.6114568710327148,0.036679357290267944,-1.377347707748413,-1.2832655906677246
1789729870225715200,40.91371508789062,0.4666038751602173,0.3888606131076813,0.5075739026069641,0.6110948920249939,0.008718699216842651,-1.387451410293579,-1.2969878911972046
1789729870235652400,40.92365234375,0.45832815766334534,0.38439202308654785,0.5178356766700745,0.6115753054618835,-0.026798631995916367,-1.4017542600631714,-1.308875560760498
1789729870245589500,40.93358959960938,0.4475681781768799,0.3772445321083069,0.5298869609832764,0.6136685609817505,-0.07343035936355591,-1.4159497022628784,-1.3231488466262817
1789729870255526700,40.943526611328124,0.43692344427108765,0.36846035718917847,0.5412279367446899,0.6167715787887573,-0.1285727620124817,-1.426490068435669,-1.3439661264419556
1789729870265463800,40.9534638671875,0.42616528272628784,0.3579367399215698,0.5510162115097046,0.6218083500862122,-0.17764879763126373,-1.4316400289535522,-1.3562716245651245
1789729870275401000,40.96340087890625,0.41950270533561707,0.3508167862892151,0.5562732815742493,0.6257036924362183,-0.20242367684841156,-1.4325683116912842,-1.357592225074768
1789729870285338400,40.97333837890625,0.41580161452293396,0.3475273847579956,0.5579347014427185,0.628524124622345,-0.19702871143817902,-1.4318013191223145,-1.3404253721237183
1789729870295275500,40.983275634765626,0.41324368119239807,0.3469322919845581,0.5577012300491333,0.6307432055473328,-0.16807958483695984,-1.4311668872833252,-1.3061944246292114
1789729870305212700,40.99321264648437,0.4104125499725342,0.34781065583229065,0.557036280632019,0.6326925754547119,-0.12385594099760056,-1.4318115711212158,-1.2586578130722046
1789729870315150000,41.00315014648437,0.40872615575790405,0.350935697555542,0.5557150840759277,0.6332201957702637,-0.07213808596134186,-1.4339656829833984,-1.2092641592025757
1789729870325088300,41.013088134765624,0.4068298041820526,0.3543337881565094,0.5546646118164062,0.6334699988365173,-0.017877774313092232,-1.4367849826812744,-1.1574084758758545
1789729870335025700,41.023025634765624,0.4061225652694702,0.3582436740398407,0.5532772541046143,0.6329377889633179,0.031228840351104736,-1.4392622709274292,-1.1135915517807007
1789729870344962800,41.032962890625,0.4060402810573578,0.3616428077220917,0.5519772171974182,0.6321921348571777,0.0696587935090065,-1.4410475492477417,-1.0806832313537598
1789729870354900000,41.04289990234375,0.4066738486289978,0.36464178562164307,0.5507259964942932,0.6311526298522949,0.0966392531991005,-1.4423718452453613,-1.059788465499878
1789729870364837000,41.052837158203126,0.4056372344493866,0.36511898040771484,0.5508108735084534,0.6314696669578552,0.11220701038837433,-1.4430572986602783,-1.0432451963424683
1789729870374774300,41.06277416992187,0.40490391850471497,0.36483126878738403,0.5508776307106018,0.6320481300354004,0.118287593126297,-1.4426896572113037,-1.0354535579681396
1789729870384711400,41.07271142578125,0.40281403064727783,0.3627989590167999,0.5518122315406799,0.6337357759475708,0.11904830485582352,-1.4417678117752075,-1.0277689695358276
1789729870394648600,41.08264868164063,0.40039685368537903,0.36014002561569214,0.5530006289482117,0.635745108127594,0.11635256558656693,-1.4405721426010132,-1.0219634771347046
1789729870404585700,41.092585693359375,0.39669689536094666,0.355960875749588,0.5550078749656677,0.6386623978614807,0.10941608250141144,-1.4391142129898071,-1.0157309770584106
1789729870414523100,41.102523193359374,0.39503124356269836,0.35325321555137634,0.5560557842254639,0.6402846574783325,0.09849554300308228,-1.4377323389053345,-1.0193901062011719
1789729870424460300,41.11246020507812,0.3931843042373657,0.3504190444946289,0.5575595498085022,0.6416696906089783,0.08466500788927078,-1.437255620956421,-1.025424599647522
1789729870434397400,41.1223974609375,0.39224115014076233,0.34840884804725647,0.5590195655822754,0.6420710682868958,0.06695255637168884,-1.4378913640975952,-1.0381884574890137
1789729870444334600,41.13233447265625,0.3911736309528351,0.3461422920227051,0.5607272386550903,0.6424590945243835,0.04619684815406799,-1.4387315511703491,-1.053363561630249
1789729870454271700,41.142271728515624,0.38779714703559875,0.34164032340049744,0.562984049320221,0.6449373960494995,0.030338751152157784,-1.4376810789108276,-1.0561939477920532
1789729870464209400,41.15220947265625,0.3834432065486908,0.33622056245803833,0.5640212893486023,0.6494667530059814,0.03041001409292221,-1.432621955871582,-1.0401828289031982
1789729870474146600,41.162146484375,0.37793710827827454,0.32922711968421936,0.5633296966552734,0.6568353772163391,0.04500603303313255,-1.4215540885925293,-1.0055094957351685
1789729870484083700,41.17208374023438,0.37410059571266174,0.32281967997550964,0.5594327449798584,0.665485680103302,0.06688370555639267,-1.404007911682129,-0.9676712155342102
1789729870494020900,41.182020751953125,0.3736283779144287,0.319047749042511,0.5525761246681213,0.6732532978057861,0.08958406001329422,-1.3832141160964966,-0.939091145992279
1789729870503958300,41.191958251953125,0.3758534789085388,0.31809359788894653,0.544546902179718,0.6789839863777161,0.11013174057006836,-1.3634974956512451,-0.9217240810394287
1789729870513895400,41.2018955078125,0.38067543506622314,0.32079756259918213,0.5367473363876343,0.6812322735786438,0.12965641915798187,-1.349158525466919,-0.9154119491577148
1789729870523832600,41.21183251953125,0.3881831467151642,0.32763853669166565,0.5301229953765869,0.6789230108261108,0.14812885224819183,-1.343117356300354,-0.9209853410720825
1789729870533769000,41.22176904296875,0.3958178162574768,0.33647671341896057,0.5259972214698792,0.6733785271644592,0.16537313163280487,-1.3456319570541382,-0.9309276938438416
1789729870543705600,41.23170556640625,0.4021683931350708,0.34541621804237366,0.5246933102607727,0.6660669445991516,0.1788836270570755,-1.354936957359314,-0.9423676133155823
1789729870553642200,41.24164233398437,0.4060524106025696,0.3520856499671936,0.5264713168144226,0.6587754487991333,0.18176431953907013,-1.368377685546875,-0.9563595056533813
1789729870563579100,41.2515791015625,0.40806055068969727,0.35596993565559387,0.5302563309669495,0.6523804068565369,0.17041327059268951,-1.382755160331726,-0.9767590761184692
1789729870573516300,41.261516357421876,0.40709632635116577,0.3562485873699188,0.5355798006057739,0.648470401763916,0.14943324029445648,-1.3954734802246094,-0.995833158493042
1789729870583453700,41.27145361328125,0.4044715464115143,0.354459285736084,0.5409882068634033,0.6466012597084045,0.12638160586357117,-1.4053484201431274,-1.0108987092971802
1789729870593391000,41.28139111328125,0.4013119041919708,0.3518342673778534,0.5456956624984741,0.6460477113723755,0.10553105920553207,-1.4123997688293457,-1.021660566329956
1789729870603329000,41.2913291015625,0.397937148809433,0.3488275706768036,0.5496604442596436,0.646404504776001,0.08840475231409073,-1.4172108173370361,-1.0278609991073608
1789729870613266700,41.3012666015625,0.3964954912662506,0.3481083810329437,0.5520333051681519,0.6456555724143982,0.07919978350400925,-1.4216182231903076,-1.033246636390686
1789729870623204600,41.31120458984375,0.3955252170562744,0.3492650091648102,0.554121196269989,0.6438349485397339,0.08015228062868118,-1.4279263019561768,-1.0323179960250854
1789729870633142000,41.32114208984375,0.39449965953826904,0.3519930839538574,0.5569118857383728,0.6405622959136963,0.08729764074087143,-1.438002109527588,-1.027583360671997
1789729870643079200,41.3310791015625,0.39266276359558105,0.3548086881637573,0.561271607875824,0.6363182663917542,0.09081821888685226,-1.451857089996338,-1.025152325630188
1789729870653016300,41.34101635742188,0.3920273184776306,0.35841912031173706,0.5661705136299133,0.6303183436393738,0.07758663594722748,-1.468335747718811,-1.0427826642990112
1789729870662953700,41.35095361328125,0.3902742862701416,0.36078834533691406,0.5722637176513672,0.6245253682136536,0.04676276445388794,-1.48590886592865,-1.0741199254989624
1789729870672891000,41.360890869140626,0.38663172721862793,0.3615274429321289,0.5790738463401794,0.6200703978538513,0.008363766595721245,-1.502798080444336,-1.1072676181793213
1789729870682828000,41.370828125,0.37964460253715515,0.359152615070343,0.5869698524475098,0.6183411478996277,-0.028738809749484062,-1.517798662185669,-1.1285160779953003
1789729870692765200,41.38076513671875,0.37141379714012146,0.35555657744407654,0.5945549011230469,0.6181713342666626,-0.05128999054431915,-1.5305644273757935,-1.1313228607177734
1789729870702702300,41.39070239257813,0.3649047911167145,0.3532235324382782,0.6001984477043152,0.617931604385376,-0.04979604855179787,-1.5407649278640747,-1.1151716709136963
1789729870712639500,41.400639404296875,0.35968467593193054,0.35122594237327576,0.6043620705604553,0.6180726289749146,-0.026045039296150208,-1.54801344871521,-1.079534888267517
1789729870722576600,41.41057666015625,0.35527199506759644,0.34907734394073486,0.6074796319007874,0.6187853217124939,0.020124882459640503,-1.5525654554367065,-1.0226162672042847
1789729870732514000,41.42051416015625,0.35169872641563416,0.346830278635025,0.60980623960495,0.619800865650177,0.06334638595581055,-1.5550761222839355,-0.969906747341156
1789729870742451200,41.430451171875,0.3482731580734253,0.34383919835090637,0.6118015646934509,0.6214331984519958,0.07998507469892502,-1.5557979345321655,-0.9428441524505615
1789729870752388400,41.440388427734376,0.34630027413368225,0.3419927656650543,0.6126822829246521,0.6226857304573059,0.10171430557966232,-1.555397868156433,-0.9149307608604431
1789729870762325500,41.450325439453124,0.34316784143447876,0.339190274477005,0.6139183044433594,0.6247320175170898,0.15105891227722168,-1.5545026063919067,-0.8559923768043518
1789729870772262700,41.4602626953125,0.34000274538993835,0.33631080389022827,0.614997386932373,0.6269540786743164,0.19916650652885437,-1.5530996322631836,-0.7981439828872681
1789729870782199800,41.47019970703125,0.3369714021682739,0.3330250084400177,0.6160039901733398,0.629351794719696,0.2061108499765396,-1.551109790802002,-0.7810471653938293
1789729870792137000,41.480136962890626,0.3347945809364319,0.32969939708709717,0.6167683005332947,0.6315122842788696,0.1564446985721588,-1.5487338304519653,-0.8219030499458313
1789729870802074000,41.49007421875,0.3352300226688385,0.3280351758003235,0.6165517568588257,0.6323588490486145,0.06105634570121765,-1.5462355613708496,-0.9153407216072083
1789729870812011500,41.50001147460937,0.3335948884487152,0.3236227333545685,0.6177670359611511,0.6343080401420593,-0.05915965884923935,-1.5434800386428833,-1.025902271270752
1789729870821948700,41.50994873046875,0.3310755789279938,0.3177739679813385,0.6195214986801147,0.6368687152862549,-0.17744512856006622,-1.539880633354187,-1.1308702230453491
1789729870831885800,41.5198857421875,0.3277718722820282,0.31093263626098633,0.6214065551757812,0.640109658241272,-0.26433128118515015,-1.535203456878662,-1.20167875289917
1789729870841823000,41.529822998046875,0.3254581689834595,0.3051142692565918,0.6223971843719482,0.643120527267456,-0.31389421224594116,-1.52972412109375,-1.2384231090545654
1789729870851760000,41.53976000976562,0.3215848207473755,0.2976682186126709,0.6236668229103088,0.6473148465156555,-0.3376695513725281,-1.5232250690460205,-1.2444192171096802
1789729870861697300,41.549697265625,0.3194052278995514,0.2917938232421875,0.6236813068389893,0.6510439515113831,-0.3428294360637665,-1.5158138275146484,-1.237014889717102
1789729870871634400,41.55963452148438,0.31840360164642334,0.2872440218925476,0.6228381991386414,0.6543565988540649,-0.33687618374824524,-1.50810706615448,-1.2224692106246948
1789729870881571800,41.56957177734375,0.3185338079929352,0.2843063175678253,0.6212089657783508,0.65711909532547,-0.3207536041736603,-1.5006239414215088,-1.2020699977874756
1789729870891509000,41.579509033203124,0.31788715720176697,0.281585156917572,0.6197437644004822,0.6599812507629395,-0.2959448993206024,-1.4941376447677612,-1.172107458114624
1789729870901446100,41.58944604492188,0.31845322251319885,0.2811194062232971,0.6176849603652954,0.6618343591690063,-0.263741135597229,-1.4890056848526,-1.1401551961898804
1789729870911383300,41.59938330078125,0.3201444447040558,0.28259286284446716,0.6151721477508545,0.6627307534217834,-0.22763746976852417,-1.4850742816925049,-1.109079122543335
1789729870921320400,41.609320556640625,0.3204156458377838,0.28332120180130005,0.6134490370750427,0.6638849377632141,-0.1926089972257614,-1.4822267293930054,-1.0756736993789673
1789729870931257600,41.61925756835937,0.32073765993118286,0.28445619344711304,0.6119756102561951,0.6646035313606262,-0.1608804166316986,-1.480365514755249,-1.0462660789489746
1789729870941194800,41.62919482421875,0.32133105397224426,0.28573983907699585,0.6106011271476746,0.6650303602218628,-0.13493020832538605,-1.4787938594818115,-1.0232923030853271
1789729870951132200,41.63913208007813,0.3212266266345978,0.28586509823799133,0.6096740365028381,0.6658769845962524,-0.11737745255231857,-1.4768555164337158,-1.0058152675628662
1789729870961069300,41.6490693359375,0.3204481899738312,0.28481894731521606,0.6092058420181274,0.6671277284622192,-0.10865259170532227,-1.4745888710021973,-0.9942817687988281
1789729870971006500,41.65900634765625,0.31792640686035156,0.2818840742111206,0.6096401810646057,0.6691808700561523,-0.1057671308517456,-1.4723275899887085,-0.9829058647155762
1789729870980943600,41.66894360351562,0.31424859166145325,0.277959942817688,0.6106153726577759,0.6716657876968384,-0.10363887250423431,-1.470314621925354,-0.9689511656761169
1789729870990880800,41.678880859375,0.3105675280094147,0.27429455518722534,0.6115349531173706,0.6740440130233765,-0.09884094446897507,-1.4685451984405518,-0.9527511596679688
1789729871000818000,41.68881787109375,0.30537891387939453,0.26952049136161804,0.6130439043045044,0.6769635081291199,-0.09200803935527802,-1.4671013355255127,-0.9304792881011963
1789729871010755000,41.698755126953124,0.2994671165943146,0.2642589807510376,0.6149412393569946,0.6799513697624207,-0.08575413376092911,-1.466192603111267,-0.9069555997848511
1789729871020692500,41.7086923828125,0.2941814064979553,0.2595977783203125,0.6167135834693909,0.6824446320533752,-0.08140172809362411,-1.4657090902328491,-0.887276828289032
1789729871030629600,41.71862963867188,0.2884391248226166,0.2543328106403351,0.6185407638549805,0.6852189302444458,-0.07832062244415283,-1.4648290872573853,-0.8672998547554016
1789729871040566800,41.72856689453125,0.28459596633911133,0.25048160552978516,0.6192281246185303,0.6876195073127747,-0.07407665252685547,-1.4626585245132446,-0.8513145446777344
1789729871050504200,41.738504150390625,0.2798349857330322,0.24560347199440002,0.6195517182350159,0.6910332441329956,-0.06531589478254318,-1.4586533308029175,-0.8279125690460205
1789729871060441300,41.74844140625,0.2762484848499298,0.24173730611801147,0.6186450719833374,0.6946424841880798,-0.050580352544784546,-1.4526888132095337,-0.8019529581069946
1789729871070378800,41.75837866210937,0.27237018942832947,0.23791804909706116,0.6172504425048828,0.6987212300300598,-0.030156221240758896,-1.445618748664856,-0.769986093044281
1789729871080316000,41.76831591796875,0.2702287435531616,0.2361610382795334,0.6151877045631409,0.7019604444503784,-0.0070804874412715435,-1.4388664960861206,-0.741155743598938
1789729871090253300,41.77825341796875,0.2675655484199524,0.2345508635044098,0.6136983036994934,0.7048183679580688,0.016254190355539322,-1.4336278438568115,-0.7114708423614502
1789729871100191000,41.78819091796875,0.26644814014434814,0.23465536534786224,0.6123163104057312,0.7064071297645569,0.03728926181793213,-1.4302257299423218,-0.6889896392822266
1789729871110128600,41.79812866210938,0.26388153433799744,0.23345276713371277,0.6119202375411987,0.7081100940704346,0.05393253266811371,-1.4279974699020386,-0.6666922569274902
1789729871120065800,41.808065673828125,0.2619973123073578,0.23247037827968597,0.6115098595619202,0.709486186504364,0.06545797735452652,-1.425955057144165,-0.6508809924125671
1789729871130003000,41.8180029296875,0.25689461827278137,0.22822296619415283,0.6120361685752869,0.7122718095779419,0.07253413647413254,-1.423222541809082,-0.6297401785850525
1789729871139940600,41.827940673828124,0.2517651915550232,0.22354017198085785,0.6123049855232239,0.7153507471084595,0.07643666118383408,-1.4195557832717896,-0.6111372113227844
1789729871149877200,41.83787719726563,0.24575579166412354,0.2179134041070938,0.6127128601074219,0.7188190221786499,0.07847440987825394,-1.4155036211013794,-0.5917063355445862
1789729871159814100,41.847814208984374,0.24102981388568878,0.21345306932926178,0.6128778457641602,0.721611499786377,0.07986629009246826,-1.411988377571106,-0.5766268372535706
1789729871169750800,41.85775073242188,0.2369588315486908,0.2097906768321991,0.613267719745636,0.7236996293067932,0.08125980198383331,-1.4097918272018433,-0.5637134909629822
1789729871179687700,41.867687744140625,0.23231032490730286,0.20590724050998688,0.6144770383834839,0.7252944707870483,0.08221887052059174,-1.4095150232315063,-0.5500122308731079
1789729871189624800,41.87762475585937,0.2277972400188446,0.20220477879047394,0.6162842512130737,0.726233720779419,0.08127729594707489,-1.4109777212142944,-0.5386643409729004
1789729871199562800,41.887562744140624,0.22506675124168396,0.19977852702140808,0.6179563403129578,0.7263356447219849,0.07687412947416306,-1.4132450819015503,-0.5353329181671143
1789729871209501000,41.8975009765625,0.221645325422287,0.19637522101402283,0.6198488473892212,0.7267032265663147,0.06878048181533813,-1.415357232093811,-0.533229649066925
1789729871219438000,41.90743798828125,0.21860601007938385,0.1928979754447937,0.6215560436248779,0.7270968556404114,0.05721864849328995,-1.4170231819152832,-0.5350801348686218
1789729871229375200,41.91737524414062,0.21555644273757935,0.18916760385036469,0.623282790184021,0.7275092005729675,0.04313148558139801,-1.4186002016067505,-0.5390846729278564
1789729871239312400,41.9273125,0.21196162700653076,0.18500259518623352,0.6252071261405945,0.727985143661499,0.028823906555771828,-1.4203872680664062,-0.5418729186058044
1789729871249249500,41.93724951171875,0.20753608644008636,0.180376335978508,0.6273519396781921,0.7285758256912231,0.016504256054759026,-1.4224450588226318,-0.5407831072807312
1789729871259187200,41.947187255859376,0.2024964988231659,0.17548386752605438,0.6294902563095093,0.7293439507484436,0.007108159828931093,-1.424375057220459,-0.5355049967765808
1789729871269123800,41.95712377929687,0.19930534064769745,0.17237213253974915,0.63086998462677,0.7297727465629578,0.0007847280940040946,-1.425705909729004,-0.532530665397644
1789729871279060700,41.967060791015626,0.19560210406780243,0.16902422904968262,0.6319717168807983,0.7306041121482849,-0.001737853861413896,-1.4262076616287231,-0.5246864557266235
1789729871288997400,41.97699731445312,0.19298022985458374,0.16688884794712067,0.6324047446250916,0.7314171195030212,0.00032882182858884335,-1.4258646965026855,-0.5156468152999878
1789729871298934500,41.9869345703125,0.1903720200061798,0.16509953141212463,0.6324880123138428,0.7324339747428894,0.007104063872247934,-1.4248729944229126,-0.5024440288543701
1789729871308872000,41.996871826171876,0.18894502520561218,0.16463251411914825,0.6321062445640564,0.7332377433776855,0.0174714382737875,-1.4235670566558838,-0.48932698369026184
1789729871318809300,42.006809326171876,0.1867360770702362,0.163710817694664,0.631799578666687,0.7342735528945923,0.030097752809524536,-1.4221255779266357,-0.4721433222293854
1789729871328746800,42.016746826171875,0.18544958531856537,0.16361361742019653,0.6313137412071228,0.7350387573242188,0.0426328107714653,-1.4207508563995361,-0.457609087228775
1789729871338684200,42.02668408203125,0.18459868431091309,0.16375292837619781,0.6308735609054565,0.7355996370315552,0.05312863737344742,-1.4196417331695557,-0.44609302282333374
1789729871348621600,42.03662158203125,0.1821907013654709,0.1624206155538559,0.6308646202087402,0.7365025281906128,0.0618746355175972,-1.4186615943908691,-0.43189358711242676
1789729871358559000,42.04655908203125,0.17960390448570251,0.1608157455921173,0.6309064626693726,0.7374535799026489,0.06928715854883194,-1.4176416397094727,-0.4183717370033264
1789729871368496400,42.05649633789063,0.17741034924983978,0.15945541858673096,0.6308969855308533,0.7382875680923462,0.07558190822601318,-1.4166624546051025,-0.4069027900695801
1789729871378433500,42.06643359375,0.1738661825656891,0.156873419880867,0.6312554478645325,0.7393766641616821,0.08088919520378113,-1.4158581495285034,-0.3926669657230377
1789729871388370700,42.07637060546875,0.1703295111656189,0.15410110354423523,0.6316666603088379,0.7404308915138245,0.08406980335712433,-1.4151206016540527,-0.3802987039089203
1789729871398307800,42.08630786132812,0.16589926183223724,0.1501729041337967,0.6321366429328918,0.7418414950370789,0.08372639119625092,-1.4139035940170288,-0.36848941445350647
1789729871408245200,42.09624536132812,0.16310453414916992,0.14720852673053741,0.631975531578064,0.7431914210319519,0.07996992021799088,-1.4117473363876343,-0.3639054000377655
1789729871418182400,42.10618237304688,0.16025982797145844,0.14390616118907928,0.6315732598304749,0.7447972893714905,0.07405126839876175,-1.4088345766067505,-0.36093994975090027
1789729871428119600,42.11611962890625,0.15592747926712036,0.139309361577034,0.6313941478729248,0.7467402219772339,0.06795226037502289,-1.4058010578155518,-0.3541266918182373
1789729871438056700,42.126056640625,0.153305783867836,0.1362733542919159,0.631107747554779,0.7480841279029846,0.06236705183982849,-1.4034265279769897,-0.35154613852500916
1789729871447993900,42.13599389648437,0.1509045958518982,0.13363508880138397,0.6313164234161377,0.7488718032836914,0.057449664920568466,-1.4025650024414062,-0.3491734564304352
1789729871457931000,42.14593090820313,0.14859125018119812,0.13127602636814117,0.6322529315948486,0.7489616274833679,0.05262907221913338,-1.4037449359893799,-0.3472058176994324
1789729871467868200,42.1558681640625,0.14743806421756744,0.12994979321956635,0.6336610317230225,0.7482303977012634,0.04662362113595009,-1.4067097902297974,-0.3495721220970154
1789729871477805300,42.165805419921874,0.14594821631908417,0.12824946641921997,0.6355288028717041,0.747231125831604,0.038618482649326324,-1.4106836318969727,-0.3528973162174225
1789729871487742700,42.17574267578125,0.14433856308460236,0.12627297639846802,0.637449324131012,0.7462438344955444,0.028583288192749023,-1.4146722555160522,-0.3576850891113281
1789729871497680000,42.18567993164063,0.1430303007364273,0.12447263300418854,0.639066219329834,0.7454147934913635,0.018104376271367073,-1.4179751873016357,-0.36362224817276
1789729871507617000,42.195616943359376,0.1411925107240677,0.12229108810424805,0.640421986579895,0.7449625730514526,0.009071300737559795,-1.420414686203003,-0.3668157160282135
1789729871517554200,42.20555419921875,0.13965877890586853,0.12045563012361526,0.6414660811424255,0.7446523308753967,0.0015023619635030627,-1.4222266674041748,-0.3694961965084076
1789729871527491300,42.2154912109375,0.13643291592597961,0.11719754338264465,0.6426501870155334,0.7447493076324463,-0.005402893293648958,-1.4237338304519653,-0.36702969670295715
1789729871537428500,42.22542846679688,0.13494139909744263,0.1154669001698494,0.6435559391975403,0.744509220123291,-0.012083933688700199,-1.4252666234970093,-0.3690465986728668
1789729871547365600,42.23536572265625,0.13316771388053894,0.11347772926092148,0.6446467041969299,0.7441906929016113,-0.019522204995155334,-1.427168846130371,-0.3710399568080902
1789729871557303000,42.245302978515625,0.13142861425876617,0.11137194186449051,0.646000862121582,0.7436435222625732,-0.029615698382258415,-1.4297088384628296,-0.3755663335323334
1789729871567240200,42.255240234375,0.12856191396713257,0.10804969817399979,0.6479618549346924,0.7429283857345581,-0.044224005192518234,-1.4332882165908813,-0.38122835755348206
1789729871577177300,42.26517724609375,0.12689152359962463,0.10553108900785446,0.6502873301506042,0.7415444254875183,-0.06446557492017746,-1.438153862953186,-0.3953929543495178
1789729871587114500,42.27511450195313,0.1262912154197693,0.10376182943582535,0.6529520153999329,0.7395523190498352,-0.09078273177146912,-1.44416344165802,-0.4182409942150116
1789729871597051600,42.2850517578125,0.12577661871910095,0.10197961330413818,0.6559497714042664,0.7372314929962158,-0.12276667356491089,-1.4509493112564087,-0.44685816764831543
1789729871606988800,42.29498876953125,0.12391708791255951,0.09908052533864975,0.6593597531318665,0.7348961234092712,-0.15907058119773865,-1.4582864046096802,-0.4762645661830902
1789729871616926000,42.30492602539063,0.1221764087677002,0.09660723060369492,0.6629804372787476,0.732254683971405,-0.1980476677417755,-1.4663199186325073,-0.5091299414634705
1789729871626863400,42.31486328125,0.12033222615718842,0.0943913459777832,0.6667540073394775,0.7294172644615173,-0.23989473283290863,-1.4748473167419434,-0.545092761516571
1789729871636800500,42.324800537109375,0.11939020454883575,0.09323827922344208,0.670320451259613,0.7264455556869507,-0.2849755585193634,-1.4832024574279785,-0.5871142148971558
1789729871646737700,42.33473754882812,0.11769793182611465,0.09150078147649765,0.673690676689148,0.7238202095031738,-0.3329646587371826,-1.490784764289856,-0.630145788192749
1789729871656674800,42.3446748046875,0.11524561047554016,0.08900758624076843,0.6767676472663879,0.7216520309448242,-0.3839617073535919,-1.4972532987594604,-0.6740306615829468
1789729871666612000,42.35461206054688,0.1134733334183693,0.08699823170900345,0.6793692111968994,0.7197309136390686,-0.43822628259658813,-1.5025197267532349,-0.7228612303733826
1789729871676549000,42.364549072265625,0.11186836659908295,0.08501636981964111,0.6816525459289551,0.718058168888092,-0.4957597553730011,-1.506811261177063,-0.7752481698989868
1789729871686486300,42.374486328125,0.10925786197185516,0.08198979496955872,0.6838492155075073,0.7167221903800964,-0.5567607879638672,-1.5103871822357178,-0.8281816840171814
1789729871696423700,42.38442358398437,0.10765732824802399,0.079915851354599,0.6857829093933105,0.7153496742248535,-0.6204771995544434,-1.513450264930725,-0.8866399526596069
1789729871706360800,42.39436083984375,0.10584472864866257,0.07775405794382095,0.6876312494277954,0.7140829563140869,-0.6851983070373535,-1.5162221193313599,-0.9456786513328552
1789729871716298200,42.40429833984375,0.10433551669120789,0.07606850564479828,0.6893600225448608,0.7128186225891113,-0.7501344680786133,-1.5188406705856323,-1.0060480833053589
1789729871726235400,42.4142353515625,0.10156052559614182,0.07347163558006287,0.6911986470222473,0.711710512638092,-0.8159351348876953,-1.5216044187545776,-1.0641800165176392
1789729871736172800,42.4241728515625,0.10018455982208252,0.0725947842001915,0.6929140090942383,0.7103261351585388,-0.8853050470352173,-1.5246528387069702,-1.1303294897079468
1789729871746110000,42.43410986328125,0.09806381911039352,0.07128756493330002,0.6946147680282593,0.7090923190116882,-0.9550667405128479,-1.527745246887207,-1.1951978206634521
1789729871756047400,42.44404736328125,0.09569428861141205,0.06995311379432678,0.6961078643798828,0.7080840468406677,-1.0179061889648438,-1.530643105506897,-1.252753496170044
1789729871765984500,42.45398461914063,0.09279577434062958,0.06823039799928665,0.6972983479499817,0.7074663043022156,-1.0642222166061401,-1.533194899559021,-1.2924829721450806
1789729871775922000,42.463921875,0.08918662369251251,0.0657854825258255,0.6980103254318237,0.7074599266052246,-1.0771888494491577,-1.5351014137268066,-1.2968285083770752
1789729871785859000,42.473859130859374,0.08600562065839767,0.06346782296895981,0.6979699730873108,0.7081050276756287,-1.0422899723052979,-1.5358457565307617,-1.2541052103042603
1789729871795796500,42.48379638671875,0.08230340480804443,0.06015152484178543,0.6973254084587097,0.7094682455062866,-0.9684465527534485,-1.5350680351257324,-1.1702828407287598
1789729871805734400,42.493734375,0.08038374036550522,0.05813475698232651,0.6960672736167908,0.711090087890625,-0.8787765502929688,-1.5328272581100464,-1.0750212669372559
1789729871815671600,42.50367163085937,0.07891927659511566,0.05630651116371155,0.6944808959960938,0.7129499316215515,-0.7901373505592346,-1.5295040607452393,-0.9817090630531311
1789729871825608700,42.51360864257813,0.07647119462490082,0.053416769951581955,0.6927704215049744,0.7150999307632446,-0.7093708515167236,-1.5254019498825073,-0.893366813659668
1789729871835545900,42.5235458984375,0.07330569624900818,0.04983219504356384,0.6909757256507874,0.7174229025840759,-0.6386915445327759,-1.5207834243774414,-0.8131104707717896
1789729871845483000,42.53348291015625,0.0717020034790039,0.047761984169483185,0.6890497803688049,0.7195748686790466,-0.5804708003997803,-1.515927791595459,-0.7496837973594666
1789729871855420200,42.54342016601562,0.06858740001916885,0.04428471624851227,0.6872766017913818,0.7217932343482971,-0.5335296392440796,-1.51108717918396,-0.6933963298797607
1789729871865357600,42.55335766601563,0.06550697237253189,0.040914386510849,0.6856234669685364,0.7238475680351257,-0.496345192193985,-1.5065062046051025,-0.6470681428909302
1789729871875294700,42.563294677734376,0.0626772865653038,0.03798939287662506,0.6841332912445068,0.7256652116775513,-0.4650309979915619,-1.5024549961090088,-0.6075989603996277
1789729871885231900,42.57323193359375,0.060625750571489334,0.03614889830350876,0.6827983260154724,0.727189302444458,-0.4353844225406647,-1.4990925788879395,-0.5724397897720337
1789729871895169000,42.5831689453125,0.05964267626404762,0.03568687662482262,0.6816257238388062,0.728392481803894,-0.4058855473995209,-1.4964690208435059,-0.5408976674079895
1789729871905106200,42.59310620117188,0.05857285484671593,0.0354338139295578,0.6806948781013489,0.7293614745140076,-0.3772539496421814,-1.494570016860962,-0.5103943943977356
1789729871915043300,42.603043212890626,0.056766439229249954,0.03465675562620163,0.6801044344902039,0.7300921082496643,-0.3516949713230133,-1.4934781789779663,-0.4811740815639496
1789729871924980500,42.61298046875,0.05586441978812218,0.034824442118406296,0.6798985600471497,0.7303453683853149,-0.33091816306114197,-1.4934773445129395,-0.45935574173927307
1789729871934918000,42.62291796875,0.05394161492586136,0.034071896225214005,0.6801938414573669,0.7302504777908325,-0.31554922461509705,-1.4946138858795166,-0.4401901960372925
1789729871944855000,42.63285498046875,0.05358835309743881,0.03468276187777519,0.6806576251983643,0.7298154234886169,-0.30465030670166016,-1.4962949752807617,-0.42965251207351685
1789729871954792200,42.64279223632813,0.052003175020217896,0.034044310450553894,0.6810767650604248,0.729569137096405,-0.29375940561294556,-1.4976502656936646,-0.41560572385787964
1789729871964729300,42.652729248046874,0.04741093888878822,0.03063865192234516,0.6812159419059753,0.729902982711792,-0.2765052914619446,-1.4979559183120728,-0.3870135545730591
1789729871974666500,42.66266650390625,0.04386763647198677,0.028377927839756012,0.6808345317840576,0.730571448802948,-0.2507700026035309,-1.4971082210540771,-0.35305461287498474
1789729871984603600,42.67260375976562,0.039147548377513885,0.02518104761838913,0.680136501789093,0.7316063046455383,-0.2194376140832901,-1.4953575134277344,-0.31050828099250793
1789729871994540800,42.682540771484376,0.03371405228972435,0.02146429382264614,0.6793304681777954,0.7327432632446289,-0.18638625741004944,-1.4932777881622314,-0.26449868083000183
1789729872004478200,42.692478271484376,0.028690505772829056,0.018136190250515938,0.6785995960235596,0.7337237000465393,-0.15603137016296387,-1.4914015531539917,-0.2223186194896698
1789729872014415400,42.70241528320312,0.02417055331170559,0.015109356492757797,0.6780873537063599,0.7344284057617188,-0.1316608488559723,-1.4900727272033691,-0.18726348876953125
1789729872024352500,42.7123525390625,0.020516760647296906,0.012612661346793175,0.6778711080551147,0.7347861528396606,-0.11454521864652634,-1.4895106554031372,-0.16144026815891266
1789729872034289700,42.72228955078125,0.017869999632239342,0.010806411504745483,0.6779926419258118,0.7347719669342041,-0.10347303003072739,-1.4898571968078613,-0.14406363666057587
1789729872044226800,42.732226806640625,0.01614333502948284,0.009698390029370785,0.6784000992774963,0.7344512939453125,-0.09619204699993134,-1.4909847974777222,-0.13276894390583038
1789729872054164000,42.7421640625,0.014434322714805603,0.008507098071277142,0.6790566444396973,0.7338946461677551,-0.09143299609422684,-1.4927722215652466,-0.12390317022800446
1789729872064101000,42.75210107421875,0.012007227167487144,0.006536718923598528,0.6799139976501465,0.7331644296646118,-0.08925028890371323,-1.495074987411499,-0.11549494415521622
1789729872074038500,42.76203857421875,0.009824578650295734,0.0046511199325323105,0.6808428168296814,0.7323489189147949,-0.08986496180295944,-1.4975727796554565,-0.11035078018903732
1789729872083975700,42.7719755859375,0.008012779988348484,0.002923024585470557,0.6817329525947571,0.7315514087677002,-0.09407515823841095,-1.4999613761901855,-0.1095505878329277
1789729872093912800,42.781912841796874,0.006511583924293518,0.0012132233241572976,0.6824718117713928,0.730881929397583,-0.10354799777269363,-1.5019125938415527,-0.11447907984256744
1789729872103850000,42.79185009765625,0.004933851305395365,-0.0007529241847805679,0.6829443573951721,0.730453372001648,-0.11617404222488403,-1.5031163692474365,-0.1220901682972908
1789729872113787400,42.80178735351563,0.0037603769451379776,-0.002368715824559331,0.6830847859382629,0.7303255796432495,-0.1280362755060196,-1.503415822982788,-0.13000550866127014
1789729872123724500,42.811724609375,0.002811144106090069,-0.003602424869313836,0.682878851890564,0.7305173873901367,-0.1343851536512375,-1.5028051137924194,-0.1332654505968094
1789729872133662000,42.821661865234375,0.0011070383479818702,-0.005122791975736618,0.6823831796646118,0.730975866317749,-0.13035079836845398,-1.501499891281128,-0.12466824054718018
1789729872143599600,42.831599609375,-0.0016473382711410522,-0.007121608592569828,0.6817496418952942,0.731549084186554,-0.11569134891033173,-1.4999310970306396,-0.10328229516744614
1789729872153537300,42.841537353515626,-0.004830716643482447,-0.009282010607421398,0.6811211109161377,0.7320959568023682,-0.09708821028470993,-1.498416781425476,-0.07711640745401382
1789729872163474700,42.851474609375,-0.007053214590996504,-0.01059364527463913,0.6805973052978516,0.7325471639633179,-0.0805327445268631,-1.4971414804458618,-0.055558718740940094
1789729872173411800,42.86141186523437,-0.008893358521163464,-0.011836142279207706,0.6802079081535339,0.7328696846961975,-0.07049140334129333,-1.4961869716644287,-0.041154034435749054
1789729872183349000,42.87134887695313,-0.010157201439142227,-0.012908670119941235,0.6799694299697876,0.7330564856529236,-0.06810532510280609,-1.4956023693084717,-0.03546074777841568
1789729872193286000,42.881285888671876,-0.011393130756914616,-0.014296233654022217,0.6798897981643677,0.7330864071846008,-0.07269804924726486,-1.495435118675232,-0.036339983344078064
1789729872203222500,42.89122241210937,-0.011715386062860489,-0.015110532753169537,0.6800229549407959,0.7329414486885071,-0.08305344730615616,-1.4957866668701172,-0.04508693888783455
1789729872213159400,42.901159423828126,-0.011781523935496807,-0.01583089306950569,0.6803334355354309,0.7326370477676392,-0.09680598974227905,-1.496590256690979,-0.05772673711180687
1789729872223097000,42.91109716796875,-0.010725051164627075,-0.01559149008244276,0.6806750893592834,0.7323409914970398,-0.1125357523560524,-1.4973905086517334,-0.07529129087924957
1789729872233034800,42.92103466796875,-0.0104003194719553,-0.01598009280860424,0.6807178258895874,0.7322975397109985,-0.12642602622509003,-1.4974092245101929,-0.08909119665622711
1789729872242972200,42.93097216796875,-0.01084576454013586,-0.016728265210986137,0.6801374554634094,0.7328134775161743,-0.13072523474693298,-1.4958208799362183,-0.0916997492313385
1789729872252909800,42.940909912109376,-0.012602088041603565,-0.018091242760419846,0.6788223385810852,0.7339714765548706,-0.12092799693346024,-1.4923983812332153,-0.07748428732156754
1789729872262847000,42.950846923828124,-0.015261314809322357,-0.019773265346884727,0.6770161986351013,0.7355441451072693,-0.10173547267913818,-1.4877560138702393,-0.05214127153158188
1789729872272784100,42.9607841796875,-0.01780766248703003,-0.021265074610710144,0.6751033663749695,0.7372015714645386,-0.08327800035476685,-1.4828115701675415,-0.027960237115621567
1789729872282721300,42.97072119140625,-0.02037682943046093,-0.022930923849344254,0.6732804775238037,0.7387505769729614,-0.06965282559394836,-1.478104829788208,-0.00833092536777258
1789729872292658400,42.980658447265625,-0.022292010486125946,-0.024215098470449448,0.6716504096984863,0.7401367425918579,-0.061002567410469055,-1.4738656282424927,0.0048575871624052525
1789729872302595800,42.990595947265625,-0.02473296970129013,-0.026401549577713013,0.6702938675880432,0.7412134408950806,-0.05973449721932411,-1.4704310894012451,0.012687618844211102
1789729872312532700,43.00053271484375,-0.02586689218878746,-0.027931855991482735,0.6694637537002563,0.7418686151504517,-0.06661265343427658,-1.4683141708374023,0.009588711895048618
1789729872322469600,43.0104697265625,-0.02542353980243206,-0.02853177674114704,0.6693516373634338,0.7419622540473938,-0.08099276572465897,-1.4679704904556274,-0.004568856675177813
1789729872332406500,43.02040649414062,-0.024045880883932114,-0.0286323931068182,0.6699556708335876,0.7414589524269104,-0.10136198997497559,-1.4694242477416992,-0.026750586926937103
1789729872342344000,43.03034399414062,-0.023469990119338036,-0.029605410993099213,0.6709786653518677,0.7405135035514832,-0.12559182941913605,-1.472036361694336,-0.05042260140180588
1789729872352281300,43.04028125,-0.02309136465191841,-0.030760083347558975,0.672112762928009,0.739449143409729,-0.15152986347675323,-1.474915862083435,-0.07526635378599167
1789729872362218800,43.05021875,-0.022643951699137688,-0.031707655638456345,0.6731136441230774,0.7385119199752808,-0.17619885504245758,-1.4773907661437988,-0.09923121333122253
1789729872372156200,43.06015625,-0.02330150082707405,-0.0334046296775341,0.6737299561500549,0.7378544211387634,-0.1964208036661148,-1.4789600372314453,-0.11612001061439514
1789729872382093600,43.070093505859376,-0.022219667211174965,-0.03313868120312691,0.6739227771759033,0.7377236485481262,-0.2086952179670334,-1.4792243242263794,-0.1303045153617859
1789729872392031000,43.080031005859375,-0.021628363057971,-0.03288014978170395,0.6735790371894836,0.7380666732788086,-0.21133512258529663,-1.4781866073608398,-0.1341465413570404
1789729872401968000,43.08996801757812,-0.02187911793589592,-0.03298015519976616,0.6727851629257202,0.7387785315513611,-0.2054988294839859,-1.4761207103729248,-0.1278095841407776
1789729872411905500,43.09990551757812,-0.022645529359579086,-0.033336758613586426,0.6716553568840027,0.7397667765617371,-0.19533923268318176,-1.4732534885406494,-0.11605332046747208
1789729872421842700,43.1098427734375,-0.022696301341056824,-0.03297688066959381,0.670414924621582,0.7409057021141052,-0.1842491179704666,-1.4700102806091309,-0.10539480298757553
1789729872431779800,43.11977978515625,-0.023334136232733727,-0.0332602821290493,0.6691609621047974,0.7420060038566589,-0.17551305890083313,-1.466779351234436,-0.0953465923666954
1789729872441717000,43.129717041015624,-0.02378155291080475,-0.03365805372595787,0.6679725050926208,0.7430439591407776,-0.17149558663368225,-1.4636633396148682,-0.09012457728385925
1789729872451654100,43.13965405273437,-0.024034898728132248,-0.0342179536819458,0.6668018102645874,0.7440610527992249,-0.17231382429599762,-1.4605348110198975,-0.08978301286697388
1789729872461591600,43.14959155273438,-0.02447747439146042,-0.03522106260061264,0.6655935049057007,0.7450809478759766,-0.1766405701637268,-1.457301139831543,-0.09205275028944016
1789729872471528700,43.15952880859375,-0.025584863498806953,-0.036999382078647614,0.6643151640892029,0.7460977435112,-0.18301959335803986,-1.4539505243301392,-0.09433180093765259
1789729872481465900,43.1694658203125,-0.027819877490401268,-0.03994625061750412,0.662925124168396,0.7471014857292175,-0.19109803438186646,-1.4504512548446655,-0.09505157917737961
1789729872491403000,43.17940307617187,-0.029743678867816925,-0.04278349131345749,0.6614757180213928,0.7481542229652405,-0.20072491466999054,-1.4467554092407227,-0.09791318327188492
1789729872501340200,43.18934008789063,-0.0315946601331234,-0.04568399488925934,0.6599738001823425,0.7492324709892273,-0.21134012937545776,-1.4429152011871338,-0.10177305340766907
1789729872511277300,43.19927734375,-0.03202037140727043,-0.047348227351903915,0.6585960388183594,0.7503226399421692,-0.22184737026691437,-1.4391813278198242,-0.10930035263299942
1789729872521214500,43.20921435546875,-0.0316084586083889,-0.04819628223776817,0.6574515104293823,0.7512892484664917,-0.2315530627965927,-1.4359298944473267,-0.11837463825941086
1789729872531151600,43.21915161132812,-0.031948573887348175,-0.04953017458319664,0.6565495729446411,0.7519765496253967,-0.23998062312602997,-1.4334630966186523,-0.1244157999753952
1789729872541089000,43.22908911132812,-0.03170101344585419,-0.05011940374970436,0.6560189723968506,0.7524109482765198,-0.24683037400245667,-1.4318997859954834,-0.13077408075332642
1789729872551026700,43.23902661132813,-0.03179430216550827,-0.05083344876766205,0.6558248996734619,0.7525282502174377,-0.2529982626438141,-1.4312983751296997,-0.13579310476779938
1789729872560964000,43.24896411132813,-0.03037934936583042,-0.050136130303144455,0.656110405921936,0.752384603023529,-0.2595056891441345,-1.4316946268081665,-0.14530161023139954
1789729872570901200,43.2589013671875,-0.029143191874027252,-0.04950699955224991,0.6566990613937378,0.7519614696502686,-0.2663712203502655,-1.4329217672348022,-0.15482044219970703
1789729872580837600,43.26883764648438,-0.02899702452123165,-0.04962284117937088,0.6573941707611084,0.7513518929481506,-0.27184516191482544,-1.4346511363983154,-0.16034406423568726
1789729872590774000,43.27877392578125,-0.029621385037899017,-0.05013716220855713,0.6580406427383423,0.7507271766662598,-0.27438899874687195,-1.4364436864852905,-0.1612781584262848
1789729872600711000,43.2887109375,-0.030501751229166985,-0.05057065188884735,0.6585162281990051,0.7502456903457642,-0.2728749215602875,-1.4379044771194458,-0.15790438652038574
1789729872610647800,43.298647705078125,-0.03172419220209122,-0.05126386880874634,0.6587863564491272,0.7499107122421265,-0.2700730562210083,-1.4389019012451172,-0.15238671004772186
1789729872620585000,43.3085849609375,-0.03217637911438942,-0.051328957080841064,0.6590063571929932,0.7496936917304993,-0.26734399795532227,-1.439622163772583,-0.1489259898662567
1789729872630522400,43.3185224609375,-0.032347895205020905,-0.05107564479112625,0.6592187285423279,0.7495169043540955,-0.26364943385124207,-1.440285563468933,-0.1453501433134079
1789729872640460000,43.3284599609375,-0.03335800766944885,-0.05144376680254936,0.659284770488739,0.7493892908096313,-0.2582145929336548,-1.440735101699829,-0.13796035945415497
1789729872650398500,43.3383984375,-0.03466902673244476,-0.052127938717603683,0.659010648727417,0.7495236396789551,-0.2520926296710968,-1.4403390884399414,-0.1290038675069809
1789729872660336400,43.34833642578125,-0.03675823658704758,-0.05352284014225006,0.6583290100097656,0.7499247193336487,-0.24504558742046356,-1.4390134811401367,-0.11700375378131866
1789729872670273500,43.3582734375,-0.038801491260528564,-0.05477257817983627,0.6573201417922974,0.7506161332130432,-0.23590801656246185,-1.4368358850479126,-0.10317958146333694
1789729872680211000,43.3682109375,-0.040243301540613174,-0.05537455901503563,0.6561623215675354,0.7515085935592651,-0.2252076268196106,-1.4341628551483154,-0.08956339955329895
1789729872690148000,43.37814819335937,-0.04234454408288002,-0.056556351482868195,0.6549496054649353,0.7523624897003174,-0.2150314748287201,-1.4314626455307007,-0.07470928132534027
1789729872700085200,43.38808520507813,-0.04360015317797661,-0.05708807334303856,0.6539585590362549,0.7531123161315918,-0.20663747191429138,-1.4291619062423706,-0.06376354396343231
1789729872710022100,43.398022216796875,-0.04471081495285034,-0.057620152831077576,0.6532613635063171,0.7536115646362305,-0.20054873824119568,-1.4275871515274048,-0.05533156543970108
1789729872719959300,43.40795922851562,-0.045610539615154266,-0.05810587480664253,0.6529550552368164,0.7537858486175537,-0.1968902051448822,-1.4269853830337524,-0.049700237810611725
1789729872729896400,43.417896484375,-0.04688829556107521,-0.05896768346428871,0.6528478860855103,0.7537333369255066,-0.19428247213363647,-1.4269795417785645,-0.044050365686416626
1789729872739833300,43.427833251953125,-0.04767047241330147,-0.0593530535697937,0.6527445316314697,0.7537435293197632,-0.19110488891601562,-1.426885962486267,-0.03921210393309593
1789729872749771300,43.437771240234376,-0.049182482063770294,-0.06017729640007019,0.6523570418357849,0.7539165019989014,-0.18544936180114746,-1.4262046813964844,-0.030230453237891197
1789729872759708700,43.447708740234376,-0.05084644630551338,-0.06088828295469284,0.6516830921173096,0.7543317675590515,-0.17681938409805298,-1.4248065948486328,-0.018214533105492592
1789729872769646300,43.457646240234375,-0.05246177315711975,-0.06140635535120964,0.6508291363716125,0.7549161911010742,-0.16654856503009796,-1.4229176044464111,-0.004897554405033588
1789729872779583000,43.4675830078125,-0.05367061868309975,-0.061491772532463074,0.6500138640403748,0.7555264234542847,-0.15574193000793457,-1.4210294485092163,0.007761930115520954
1789729872789520100,43.47752001953125,-0.05468759313225746,-0.061355479061603546,0.6493973731994629,0.7559946179389954,-0.1448538452386856,-1.4196068048477173,0.019912241026759148
1789729872799457800,43.48745776367188,-0.05496396869421005,-0.06055726110935211,0.6491415500640869,0.7562585473060608,-0.13418297469615936,-1.4189575910568237,0.029844429343938828
1789729872809395500,43.4973955078125,-0.055243149399757385,-0.05984795466065407,0.6489918231964111,0.7564231753349304,-0.12454536557197571,-1.4185789823532104,0.038872312754392624
1789729872819331600,43.50733154296875,-0.05627097561955452,-0.05982851982116699,0.6485621929168701,0.7567173838615417,-0.11531057208776474,-1.4176095724105835,0.049548372626304626
1789729872829268000,43.51726806640625,-0.05800589174032211,-0.06041766703128815,0.6475762724876404,0.7573836445808411,-0.10605105012655258,-1.4153110980987549,0.062130700796842575
1789729872839204600,43.52720458984375,-0.06070466339588165,-0.061984919011592865,0.6458577513694763,0.7585120797157288,-0.09850548952817917,-1.4112998247146606,0.07577750831842422
1789729872849141200,43.53714135742187,-0.06370468437671661,-0.06415638327598572,0.6435086131095886,0.7600805163383484,-0.09471990168094635,-1.4057506322860718,0.08697023242712021
1789729872859078400,43.54707836914063,-0.06629770249128342,-0.06650224328041077,0.6407999992370605,0.7619431614875793,-0.09607867896556854,-1.3992633819580078,0.09270184487104416
1789729872869016300,43.55701635742187,-0.06722378730773926,-0.06797096133232117,0.6383095979690552,0.7638205289840698,-0.10207683593034744,-1.393060326576233,0.09017086774110794
1789729872878954500,43.56695458984375,-0.06752753257751465,-0.06912355870008469,0.6364706158638,0.7652235627174377,-0.10957822948694229,-1.388445258140564,0.08478742092847824
1789729872888892700,43.576892578125,-0.0680556446313858,-0.07029984891414642,0.6355072855949402,0.7658699750900269,-0.11562269181013107,-1.386146068572998,0.08119591325521469
1789729872898830800,43.58683081054688,-0.068505197763443,-0.0711483582854271,0.6354511976242065,0.7657980918884277,-0.11961069703102112,-1.386157751083374,0.07906049489974976
1789729872908766700,43.5967666015625,-0.07009377330541611,-0.07266590744256973,0.6359015107154846,0.7651377320289612,-0.12144500017166138,-1.3877366781234741,0.08164513111114502
1789729872918702800,43.60670288085937,-0.07262150198221207,-0.07460038363933563,0.6364462375640869,0.7642624974250793,-0.12020184844732285,-1.3897684812545776,0.08923980593681335
1789729872928639200,43.61663916015625,-0.0756775289773941,-0.07667848467826843,0.6368885636329651,0.7633912563323975,-0.11628995835781097,-1.3916488885879517,0.10046524554491043
1789729872938576600,43.62657666015625,-0.07887990772724152,-0.07863625884056091,0.6372761726379395,0.7625440359115601,-0.11010964959859848,-1.393408179283142,0.11399964988231659
1789729872948514300,43.636514404296875,-0.08153923600912094,-0.07991663366556168,0.6376937627792358,0.7617816925048828,-0.1017855852842331,-1.3950682878494263,0.12793651223182678
1789729872958452200,43.6464521484375,-0.08354785293340683,-0.08035789430141449,0.6380958557128906,0.7611806988716125,-0.09069377928972244,-1.3964487314224243,0.1425156444311142
1789729872968390700,43.656390625,-0.08506283909082413,-0.07994039356708527,0.6383747458457947,0.7608228921890259,-0.07557565718889236,-1.3972591161727905,0.15919405221939087
1789729872978328600,43.66632861328125,-0.08566945046186447,-0.07830504328012466,0.638493537902832,0.7608252167701721,-0.056521881371736526,-1.3972622156143188,0.17677733302116394
1789729872988264700,43.6762646484375,-0.0860159695148468,-0.07605495303869247,0.6383862495422363,0.7611044049263,-0.03430118411779404,-1.3964552879333496,0.19628587365150452
1789729872998202600,43.68620263671875,-0.08707520365715027,-0.07407765835523605,0.6380077600479126,0.7614962458610535,-0.009778070263564587,-1.3949661254882812,0.21951203048229218
1789729873008139800,43.696139892578124,-0.08849271386861801,-0.07223767787218094,0.6373721957206726,0.7620416283607483,0.015299239195883274,-1.3927597999572754,0.2440081387758255
1789729873018077000,43.70607690429687,-0.08978492021560669,-0.07034969329833984,0.6365172266960144,0.7627813816070557,0.03878297656774521,-1.3898823261260986,0.26667001843452454
1789729873028014000,43.71601416015625,-0.09100377559661865,-0.06865020096302032,0.6354612708091736,0.7636716961860657,0.05899781361222267,-1.3864836692810059,0.28623339533805847
1789729873037951500,43.725951416015626,-0.09266981482505798,-0.06768132746219635,0.6341050863265991,0.7646844387054443,0.07494290918111801,-1.382500171661377,0.3032177686691284
1789729873047888000,43.73588793945312,-0.0938727855682373,-0.06674101948738098,0.6324365735054016,0.7660009860992432,0.08605804294347763,-1.3777501583099365,0.31476056575775146
1789729873057824300,43.74582421875,-0.09526417404413223,-0.06638142466545105,0.6303605437278748,0.7675700783729553,0.0923512727022171,-1.3721740245819092,0.3225928246974945
1789729873067761200,43.75576123046875,-0.09630303829908371,-0.06615132838487625,0.6279115676879883,0.7694652676582336,0.09413184970617294,-1.365759253501892,0.32560601830482483
1789729873077698000,43.765697998046875,-0.098283551633358,-0.06729518622159958,0.6250888109207153,0.7714114785194397,0.09068144112825394,-1.3588787317276,0.32671332359313965
1789729873087635200,43.77563525390625,-0.10021885484457016,-0.06911427527666092,0.62224280834198,0.773300290107727,0.08232565224170685,-1.352252721786499,0.32382214069366455
1789729873097572900,43.78557275390625,-0.10117071866989136,-0.07073980569839478,0.619807779788971,0.7749830484390259,0.0710158720612526,-1.3466967344284058,0.31628260016441345
1789729873107510800,43.7955107421875,-0.10251292586326599,-0.07306402921676636,0.6179279088973999,0.7760913968086243,0.05879436805844307,-1.342781662940979,0.30937525629997253
1789729873117449000,43.80544897460938,-0.1036573126912117,-0.07538343220949173,0.6168416142463684,0.7765815854072571,0.047395363450050354,-1.3408725261688232,0.30297473073005676
1789729873127386600,43.81538671875,-0.10553091019392014,-0.07817891240119934,0.6164535880088806,0.7763609290122986,0.038268301635980606,-1.3408628702163696,0.3005508780479431
1789729873137323800,43.82532373046875,-0.10651508718729019,-0.0800333023071289,0.6167640089988708,0.775790810585022,0.031841494143009186,-1.3423049449920654,0.29817840456962585
1789729873147260200,43.83526025390625,-0.10706179589033127,-0.08131636679172516,0.6175169944763184,0.7749826908111572,0.02760046161711216,-1.344667911529541,0.29652896523475647
1789729873157196500,43.84519653320312,-0.10757780075073242,-0.08241759985685349,0.6185291409492493,0.7739871144294739,0.024851331487298012,-1.347622036933899,0.2960573136806488
1789729873167133200,43.85513330078125,-0.10771258920431137,-0.08315403759479523,0.6197647452354431,0.7729004621505737,0.02281431294977665,-1.3510205745697021,0.2952199876308441
1789729873177070300,43.8650703125,-0.10732902586460114,-0.08345942199230194,0.6211822032928467,0.7717821598052979,0.02107040211558342,-1.3547375202178955,0.29330798983573914
1789729873187008300,43.87500830078125,-0.10690423846244812,-0.08365575969219208,0.6226971745491028,0.7705981135368347,0.019987838342785835,-1.3586671352386475,0.29183968901634216
1789729873196946400,43.88494653320313,-0.1074485182762146,-0.08452198654413223,0.6243028044700623,0.769127368927002,0.020096193999052048,-1.3630597591400146,0.2939091920852661
1789729873206884400,43.89488427734375,-0.10787223279476166,-0.08520297706127167,0.6262467503547668,0.7674106359481812,0.02156652882695198,-1.3682568073272705,0.29689106345176697
1789729873216821800,43.90482177734375,-0.10809832811355591,-0.08572310954332352,0.6285973191261292,0.7653964757919312,0.023972248658537865,-1.374447226524353,0.30028170347213745
1789729873226759000,43.914759033203126,-0.1083478182554245,-0.08632557094097137,0.6312886476516724,0.7630748748779297,0.026858091354370117,-1.3815559148788452,0.30429375171661377
1789729873236696300,43.9246962890625,-0.10762988775968552,-0.08613061159849167,0.6343123912811279,0.7606872320175171,0.030496375635266304,-1.3892580270767212,0.3065231144428253
1789729873246633500,43.93463354492187,-0.10733003169298172,-0.08624531328678131,0.6374141573905945,0.758119523525238,0.03510330617427826,-1.397290825843811,0.3107655644416809
1789729873256570600,43.94457055664063,-0.10745014995336533,-0.08662919700145721,0.6405161619186401,0.7554395198822021,0.041084226220846176,-1.4054356813430786,0.31737250089645386
1789729873266507800,43.9545078125,-0.10822337120771408,-0.08736550062894821,0.6434890031814575,0.7527130246162415,0.04951166361570358,-1.4133765697479248,0.3278729319572449
1789729873276445000,43.96444482421875,-0.108970046043396,-0.0878259465098381,0.6462284922599792,0.7502005100250244,0.06062142923474312,-1.420606255531311,0.3406333923339844
1789729873286382000,43.97438208007812,-0.10989826172590256,-0.08824621886014938,0.648547351360321,0.7480115294456482,0.07340309023857117,-1.426713228225708,0.35528263449668884
1789729873296319700,43.98431982421875,-0.11124538630247116,-0.08893327414989471,0.6502172350883484,0.7462793588638306,0.0858473926782608,-1.431214451789856,0.37059450149536133
1789729873306257000,43.9942568359375,-0.11211136728525162,-0.08894806355237961,0.6513046026229858,0.7451990246772766,0.09887497872114182,-1.4339219331741333,0.38485661149024963
1789729873316194600,44.00419458007813,-0.11300989985466003,-0.08845377713441849,0.6518880128860474,0.7446117401123047,0.11561299115419388,-1.43503999710083,0.4021625220775604
1789729873326131200,44.01413110351562,-0.11434953659772873,-0.08806029707193375,0.6519933938980103,0.7443616390228271,0.1333283931016922,-1.4348762035369873,0.4212348759174347
1789729873336068000,44.02406811523438,-0.11551010608673096,-0.08772651106119156,0.6519644856452942,0.7442471385002136,0.14789102971553802,-1.434396743774414,0.43698638677597046
1789729873346005200,44.034005126953126,-0.11675325781106949,-0.08788396418094635,0.6521700024604797,0.7438544034957886,0.1594996452331543,-1.4347540140151978,0.4505979120731354
1789729873355942700,44.043942626953125,-0.11734569817781448,-0.08801667392253876,0.6530718803405762,0.7429536581039429,0.16935577988624573,-1.436988115310669,0.46147072315216064
1789729873365880300,44.05388037109375,-0.11717122048139572,-0.08810093253850937,0.6547610759735107,0.7414829730987549,0.17746935784816742,-1.4413552284240723,0.469412624835968
1789729873375817700,44.063817626953124,-0.11694864928722382,-0.08861710131168365,0.6568596363067627,0.7395981550216675,0.1837530881166458,-1.4470375776290894,0.47606396675109863
1789729873385755000,44.0737548828125,-0.11753654479980469,-0.09006503969430923,0.6588807106018066,0.7375293970108032,0.18845850229263306,-1.452911615371704,0.48363247513771057
1789729873395692300,44.0836923828125,-0.11847373098134995,-0.0916885957121849,0.6606679558753967,0.7355780005455017,0.19399933516979218,-1.4582291841506958,0.4927954077720642
1789729873405628700,44.093628662109374,-0.12064195424318314,-0.09406721591949463,0.6620398163795471,0.7336894273757935,0.20253360271453857,-1.4626706838607788,0.5078064203262329
1789729873415565000,44.10356494140625,-0.12391804158687592,-0.09741587936878204,0.6630008220672607,0.7318363189697266,0.2101464569568634,-1.466435432434082,0.5248839855194092
1789729873425502000,44.113501953125,-0.12649676203727722,-0.10051766782999039,0.6637446284294128,0.7302998304367065,0.2107214629650116,-1.4697139263153076,0.5335792899131775
1789729873435438800,44.12343896484375,-0.12822893261909485,-0.1033468246459961,0.6643105149269104,0.7290872931480408,0.2020532190799713,-1.4726227521896362,0.531432569026947
1789729873445376000,44.1333759765625,-0.12920129299163818,-0.10589990019798279,0.6647611856460571,0.7281379103660583,0.18511489033699036,-1.4752657413482666,0.5195339322090149
1789729873455313400,44.1433134765625,-0.12779320776462555,-0.10635320842266083,0.6655945777893066,0.7275587916374207,0.16659928858280182,-1.4780359268188477,0.4996258616447449
1789729873465250800,44.153250732421874,-0.1251978874206543,-0.10553064197301865,0.6669831871986389,0.7268577218055725,0.1533242166042328,-1.4816397428512573,0.4814174473285675
1789729873475189000,44.16318896484375,-0.1225472018122673,-0.10444508492946625,0.6689711809158325,0.7256383299827576,0.14785164594650269,-1.4866424798965454,0.47054970264434814
1789729873485127200,44.17312719726562,-0.11915350705385208,-0.10260756313800812,0.671718955039978,0.7239252924919128,0.14934124052524567,-1.493327021598816,0.4644971489906311
1789729873495064600,44.18306469726563,-0.11539699882268906,-0.10065136849880219,0.6751095652580261,0.7216508388519287,0.15336203575134277,-1.5017386674880981,0.4602861702442169
1789729873505001700,44.193001708984376,-0.1124439388513565,-0.09981533139944077,0.6788195371627808,0.7187470197677612,0.15560686588287354,-1.5115646123886108,0.45705825090408325
1789729873514939100,44.202939208984375,-0.11100249737501144,-0.10058320313692093,0.6825151443481445,0.7153562307357788,0.1569967269897461,-1.5220659971237183,0.45744162797927856
1789729873524876000,44.2128759765625,-0.11188045889139175,-0.10343243926763535,0.6858358383178711,0.7116275429725647,0.16366302967071533,-1.532413363456726,0.4694076478481293
1789729873534813700,44.22281372070312,-0.11409164220094681,-0.10667861253023148,0.6890544891357422,0.7076769471168518,0.2220759391784668,-1.5424498319625854,0.535605788230896
1789729873544750800,44.23275073242188,-0.11888223141431808,-0.11121215671300888,0.6920093894004822,0.7032936215400696,0.43354830145835876,-1.5515011548995972,0.7604202628135681
1789729873554688000,44.24268798828125,-0.12571962177753448,-0.11671746522188187,0.6945704817771912,0.6986726522445679,0.9709411859512329,-1.556809663772583,1.31550931930542
1789729873564625400,44.25262548828125,-0.13337542116641998,-0.12231022119522095,0.6963979601860046,0.6944645643234253,1.56197190284729,-1.5549063682556152,1.9255774021148682
1789729873574562600,44.2625625,-0.14023421704769135,-0.12697924673557281,0.6974614262580872,0.6912005543708801,1.8219711780548096,-1.550065517425537,2.202174663543701
1789729873584499700,44.27249975585938,-0.14431600272655487,-0.12910431623458862,0.6981037259101868,0.6893157362937927,1.900091528892517,-1.5459532737731934,2.2892465591430664
1789729873594436900,44.282436767578126,-0.14603416621685028,-0.12923073768615723,0.6983611583709717,0.6886690855026245,1.8980638980865479,-1.5433624982833862,2.2898852825164795
1789729873604374000,44.2923740234375,-0.14517709612846375,-0.1272560954093933,0.6983901262283325,0.6891884207725525,1.851280927658081,-1.5423029661178589,2.239023208618164
1789729873614311200,44.30231127929687,-0.14210247993469238,-0.12353961914777756,0.6983745098114014,0.6905200481414795,1.7821024656295776,-1.5422924757003784,2.1600606441497803
1789729873624248300,44.31224829101563,-0.13906925916671753,-0.11996693909168243,0.6980873942375183,0.6920561194419861,1.6924002170562744,-1.542466640472412,2.060850143432617
1789729873634186000,44.32218603515625,-0.13629163801670074,-0.11645440012216568,0.6976104378700256,0.6936876773834229,1.5863215923309326,-1.54219651222229,1.9457263946533203
1789729873644123400,44.33212329101563,-0.13565605878829956,-0.1147911474108696,0.6966744661331177,0.6950289011001587,1.471451759338379,-1.5411968231201172,1.8275548219680786
1789729873654060500,44.342060546875,-0.1363973170518875,-0.11424687504768372,0.6954362392425537,0.6962124705314636,1.3575689792633057,-1.5394498109817505,1.71396005153656
1789729873663997700,44.351997802734374,-0.1381254345178604,-0.11466826498508453,0.6940187215805054,0.6972163319587708,1.2555716037750244,-1.537314534187317,1.6150586605072021
1789729873673934800,44.36193481445312,-0.13983994722366333,-0.11528558284044266,0.6926134824752808,0.6981694102287292,1.1668483018875122,-1.5351901054382324,1.529694676399231
1789729873683872300,44.37187231445313,-0.1419173628091812,-0.11646411567926407,0.6911953091621399,0.6989596486091614,1.0909503698349,-1.5331599712371826,1.4584869146347046
1789729873693809400,44.381809326171876,-0.14330895245075226,-0.1170705184340477,0.6900839805603027,0.6996721625328064,1.0352373123168945,-1.5312867164611816,1.4056553840637207
1789729873703746600,44.39174658203125,-0.14423951506614685,-0.11727696657180786,0.6893445253372192,0.7001751065254211,1.0028036832809448,-1.5297008752822876,1.3748643398284912
1789729873713683700,44.40168359375,-0.14430126547813416,-0.11665143072605133,0.6890234351158142,0.7005828022956848,0.9891883134841919,-1.5284096002578735,1.3604423999786377
1789729873723620900,44.41162084960938,-0.14423342049121857,-0.11597975343465805,0.6889166235923767,0.700813353061676,0.9871651530265808,-1.5274403095245361,1.3573590517044067
1789729873733558000,44.42155810546875,-0.1440037339925766,-0.11523706465959549,0.6888630390167236,0.7010356783866882,0.9860929846763611,-1.526617407798767,1.3548907041549683
1789729873743495200,44.4314951171875,-0.14386261999607086,-0.11466600000858307,0.6886343359947205,0.7013829350471497,0.9752139449119568,-1.5257381200790405,1.342990756034851
1789729873753433000,44.44143310546875,-0.1438874453306198,-0.11430910229682922,0.6881123185157776,0.7019481658935547,0.9496109485626221,-1.5246102809906006,1.3169145584106445
1789729873763370000,44.45136987304687,-0.14512768387794495,-0.11515188962221146,0.6870312690734863,0.7026137113571167,0.9062528610229492,-1.523015022277832,1.2765611410140991
1789729873773307000,44.46130688476563,-0.1466093510389328,-0.11610497534275055,0.685490608215332,0.7036532759666443,0.8468444347381592,-1.5205835103988647,1.2206683158874512
1789729873783243800,44.471243896484374,-0.14845065772533417,-0.11727724969387054,0.6834995150566101,0.7050083875656128,0.777739405632019,-1.5172278881072998,1.1559196710586548
1789729873793180700,44.4811806640625,-0.1504863202571869,-0.11868251860141754,0.6813144683837891,0.7064551711082458,0.7102996706962585,-1.5134544372558594,1.0934580564498901
1789729873803118000,44.4911181640625,-0.1520143449306488,-0.11971520632505417,0.6793232560157776,0.7078698873519897,0.6535568237304688,-1.5098249912261963,1.0404269695281982
1789729873813055500,44.501055419921876,-0.15293610095977783,-0.12016680091619492,0.677786648273468,0.7090668082237244,0.6142091155052185,-1.5067181587219238,1.003078818321228
1789729873822993000,44.510992919921875,-0.15435601770877838,-0.12098760157823563,0.6766613125801086,0.7096940875053406,0.5943947434425354,-1.5043823719024658,0.9865115880966187
1789729873832930300,44.520930419921875,-0.15416987240314484,-0.12017428874969482,0.6764205694198608,0.7101020812988281,0.594696581363678,-1.5031057596206665,0.9853798747062683
1789729873842867500,44.53086743164062,-0.15354114770889282,-0.11900297552347183,0.6767994165420532,0.7100746035575867,0.6099762916564941,-1.5029579401016235,0.9980648159980774
1789729873852805600,44.5408056640625,-0.15317502617835999,-0.11831797659397125,0.6775262355804443,0.709574818611145,0.6340662240982056,-1.5038188695907593,1.0206331014633179
1789729873862742800,44.55074267578125,-0.15202845633029938,-0.11708677560091019,0.6785793304443359,0.709019124507904,0.6625803112983704,-1.5052474737167358,1.0457099676132202
1789729873872680000,44.56067993164063,-0.1522863209247589,-0.11732525378465652,0.6793230772018433,0.7082117199897766,0.6882998943328857,-1.5066473484039307,1.072136402130127
1789729873882617000,44.5706171875,-0.15261976420879364,-0.11756107956171036,0.6797236204147339,0.7077163457870483,0.7046733498573303,-1.5073391199111938,1.08932626247406
1789729873892554200,44.58055419921875,-0.15355485677719116,-0.1181173026561737,0.6794870495796204,0.7076485753059387,0.7059037685394287,-1.5067702531814575,1.0927098989486694
1789729873902491600,44.59049169921875,-0.15504729747772217,-0.11897832900285721,0.6785407066345215,0.7080869078636169,0.6893761157989502,-1.5048474073410034,1.0795890092849731
1789729873912428800,44.6004287109375,-0.15696723759174347,-0.12026655673980713,0.677061140537262,0.7088620662689209,0.6593742370605469,-1.5021051168441772,1.0542333126068115
1789729873922366000,44.61036596679688,-0.15887856483459473,-0.12180522084236145,0.6754575371742249,0.7097029089927673,0.6251010894775391,-1.4994059801101685,1.0249593257904053
1789729873932303000,44.62030322265625,-0.15950621664524078,-0.12256341427564621,0.6741964817047119,0.7106300592422485,0.5914008617401123,-1.4974018335342407,0.9932754039764404
1789729873942240300,44.630240234375,-0.15938882529735565,-0.12305863946676254,0.6733444929122925,0.7113782167434692,0.5612801313400269,-1.4963951110839844,0.9637077450752258
1789729873952177400,44.64017749023437,-0.15948817133903503,-0.12410792708396912,0.6728164553642273,0.7116732001304626,0.5365594029426575,-1.4964609146118164,0.9406456351280212
1789729873962114600,44.65011450195313,-0.15915532410144806,-0.1250726282596588,0.6726565957069397,0.7117299437522888,0.5147887468338013,-1.4974539279937744,0.9197802543640137
1789729873972052000,44.660052001953126,-0.15877828001976013,-0.12642250955104828,0.6726866364479065,0.7115472555160522,0.49112004041671753,-1.4992682933807373,0.897503674030304
1789729873981989000,44.669989013671874,-0.15843433141708374,-0.12830691039562225,0.6728087067604065,0.7111710906028748,0.461440771818161,-1.50179922580719,0.8700316548347473
1789729873991926300,44.67992626953125,-0.15830448269844055,-0.13080178201198578,0.6728675365447998,0.7106896638870239,0.4227268695831299,-1.5046478509902954,0.8347156643867493
1789729874001863400,44.68986352539063,-0.15796580910682678,-0.13341450691223145,0.6728501915931702,0.7102956771850586,0.3727107048034668,-1.507461428642273,0.7879683375358582
1789729874011800600,44.699800537109375,-0.15786926448345184,-0.13636894524097443,0.6726757884025574,0.7099211812019348,0.3138444721698761,-1.5099669694900513,0.7332192063331604
1789729874021737700,44.70973779296875,-0.15729737281799316,-0.13878996670246124,0.6724257469177246,0.7098158001899719,0.2486061453819275,-1.5117864608764648,0.6706441044807434
1789729874031675000,44.7196748046875,-0.157141774892807,-0.14140863716602325,0.6719492673873901,0.7097846269607544,0.18128111958503723,-1.5128388404846191,0.606877326965332
1789729874041612000,44.72961206054688,-0.15665686130523682,-0.14354157447814941,0.671493411064148,0.709895133972168,0.11511887609958649,-1.5134013891220093,0.5430980324745178
1789729874051549400,44.73954956054688,-0.15657037496566772,-0.1460445672273636,0.6710542440414429,0.7098188996315002,0.049401238560676575,-1.5139809846878052,0.4808751046657562
1789729874061486600,44.749486572265624,-0.15549644827842712,-0.14763817191123962,0.6710829138755798,0.7096982002258301,-0.015349820256233215,-1.5150587558746338,0.41687026619911194
1789729874071423700,44.759423828125,-0.15436531603336334,-0.1492423713207245,0.6714974641799927,0.7092173099517822,-0.08145719021558762,-1.516955852508545,0.35143643617630005
1789729874081361200,44.76936108398438,-0.1520785093307495,-0.1499117910861969,0.6725068688392639,0.7086135149002075,-0.15533111989498138,-1.5196363925933838,0.2752050459384918
1789729874091298300,44.77929833984375,-0.14909090101718903,-0.15016447007656097,0.6739181280136108,0.7078537344932556,-0.24490495026111603,-1.5227760076522827,0.18165487051010132
1789729874101235700,44.789235595703126,-0.14601393043994904,-0.15054769814014435,0.6754875779151917,0.7069171667098999,-0.3545864224433899,-1.5258852243423462,0.06805969774723053
1789729874111172900,44.7991728515625,-0.14284548163414001,-0.15091724693775177,0.6770948767662048,0.7059473395347595,-0.4820786416530609,-1.528422236442566,-0.06349317729473114
1789729874121110300,44.8091103515625,-0.13943393528461456,-0.15086476504802704,0.6784765124320984,0.7053138613700867,-0.6094443202018738,-1.5295416116714478,-0.1958717703819275
1789729874131047700,44.81904760742187,-0.1362118422985077,-0.15061317384243011,0.6791130304336548,0.7053846716880798,-0.7057175636291504,-1.5284236669540405,-0.2971581816673279
1789729874140984800,44.82898486328125,-0.13333626091480255,-0.1499999463558197,0.678702175617218,0.7064593434333801,-0.7424356937408447,-1.5250070095062256,-0.3389004170894623
1789729874150922200,44.838922119140626,-0.13046018779277802,-0.14822368323802948,0.6774605512619019,0.7085598707199097,-0.7173847556114197,-1.5201412439346313,-0.3205412030220032
1789729874160859400,44.848859375,-0.1281595230102539,-0.1457618772983551,0.6756605505943298,0.7112041711807251,-0.6548272967338562,-1.5146961212158203,-0.264824777841568
1789729874170796800,44.858796875,-0.1270606368780136,-0.1435549110174179,0.6735207438468933,0.7138749361038208,-0.5806503891944885,-1.5091344118118286,-0.19538190960884094
1789729874180734000,44.86873388671875,-0.12599968910217285,-0.141045942902565,0.6713641285896301,0.7165893912315369,-0.5112564563751221,-1.503379464149475,-0.1310969740152359
1789729874190671400,44.87867138671875,-0.12512052059173584,-0.13893932104110718,0.6691908836364746,0.7191830277442932,-0.4576336443424225,-1.4974287748336792,-0.08173641562461853
1789729874200608500,44.8886083984375,-0.12373469024896622,-0.13688644766807556,0.6671800017356873,0.7216804027557373,-0.422281414270401,-1.4914873838424683,-0.05129392445087433
1789729874210546000,44.8985458984375,-0.12207629531621933,-0.13533195853233337,0.6653524041175842,0.7239397764205933,-0.4057108461856842,-1.485821008682251,-0.03930550441145897
1789729874220483000,44.908483154296874,-0.119698166847229,-0.13381096720695496,0.663744330406189,0.7260925769805908,-0.4030216336250305,-1.480360984802246,-0.042184460908174515
1789729874230420500,44.91842041015625,-0.11752881854772568,-0.13299861550331116,0.6620189547538757,0.7281684279441833,-0.4080302119255066,-1.474685788154602,-0.051434922963380814
1789729874240358000,44.92835791015625,-0.11643341928720474,-0.1336451768875122,0.6599423885345459,0.730108380317688,-0.4185526371002197,-1.4685802459716797,-0.06254880875349045
1789729874250295000,44.938294921875,-0.1149759590625763,-0.13421812653541565,0.6578710675239563,0.7321008443832397,-0.4310366213321686,-1.4622962474822998,-0.07624595612287521
1789729874260232400,44.948232421875,-0.11401566118001938,-0.13523761928081512,0.6559009552001953,0.7338290810585022,-0.4433465600013733,-1.4565134048461914,-0.08841285109519958
1789729874270169600,44.958169677734375,-0.11316824704408646,-0.13608328998088837,0.6542949676513672,0.7352362275123596,-0.45337778329849243,-1.451758623123169,-0.09839693456888199
1789729874280107000,44.96810693359375,-0.11368916928768158,-0.13768301904201508,0.6527972221374512,0.7361888289451599,-0.4591953456401825,-1.4480016231536865,-0.10112028568983078
1789729874290044200,44.97804418945312,-0.11348863691091537,-0.1382867842912674,0.651676595211029,0.7370988726615906,-0.46188005805015564,-1.4449208974838257,-0.10318957269191742
1789729874299981600,44.98798168945312,-0.11371470242738724,-0.13906565308570862,0.6506970524787903,0.7377824783325195,-0.4633588194847107,-1.4424378871917725,-0.10319263488054276
1789729874309918700,44.997918701171876,-0.11401314288377762,-0.1397593468427658,0.6500006914138794,0.7382190823554993,-0.4647674262523651,-1.4407402276992798,-0.10315172374248505
1789729874319856400,45.0078564453125,-0.11326292157173157,-0.13940349221229553,0.6498849987983704,0.7385036945343018,-0.4668586552143097,-1.4400389194488525,-0.10682791471481323
1789729874329793500,45.01779345703125,-0.11165536940097809,-0.13834695518016815,0.6503589749336243,0.7385298609733582,-0.4720499813556671,-1.440422534942627,-0.11586086452007294
1789729874339730700,45.02773071289062,-0.11039292812347412,-0.13769805431365967,0.6511561870574951,0.7381383776664734,-0.48088526725769043,-1.4417765140533447,-0.1274639070034027
1789729874349667800,45.03766772460938,-0.10942761600017548,-0.13738276064395905,0.6522504091262817,0.7373744249343872,-0.49308502674102783,-1.444002628326416,-0.14153213798999786
1789729874359605200,45.04760522460938,-0.10932887345552444,-0.13785281777381897,0.6534355878829956,0.736251175403595,-0.5077296495437622,-1.4468464851379395,-0.1556740552186966
1789729874369542400,45.05754248046875,-0.10948686301708221,-0.13847152888774872,0.6546168327331543,0.7350612282752991,-0.5223973393440247,-1.4497967958450317,-0.1692565232515335
1789729874379479600,45.0674794921875,-0.11067500710487366,-0.13974659144878387,0.6552988290786743,0.7340336441993713,-0.5320374965667725,-1.4520310163497925,-0.17537501454353333
1789729874389416700,45.07741674804687,-0.1122485101222992,-0.14099664986133575,0.6552724242210388,0.7335790395736694,-0.5322063565254211,-1.4527580738067627,-0.17148667573928833
1789729874399353900,45.08735375976563,-0.11438629776239395,-0.14255447685718536,0.6544005870819092,0.7337260246276855,-0.524235188961029,-1.4516798257827759,-0.15818040072917938
1789729874409291000,45.097291015625,-0.11605007201433182,-0.14360451698303223,0.6530699133872986,0.7344452142715454,-0.511488139629364,-1.4492202997207642,-0.1414947509765625
1789729874419228200,45.107228271484374,-0.11731892079114914,-0.14426101744174957,0.6516006588935852,0.7354193329811096,-0.49740421772003174,-1.4462050199508667,-0.12460029125213623
1789729874429165300,45.11716528320313,-0.11788731813430786,-0.14425939321517944,0.6503679156303406,0.7364192605018616,-0.48420804738998413,-1.4434279203414917,-0.11055385321378708
1789729874439102700,45.12710278320313,-0.11773381382226944,-0.14357143640518188,0.6496666669845581,0.7371968626976013,-0.4732650816440582,-1.441640019416809,-0.10080254077911377
1789729874449040000,45.137039794921876,-0.11718590557575226,-0.14254267513751984,0.6495776772499084,0.7375621795654297,-0.4656897783279419,-1.4412130117416382,-0.09549533575773239
1789729874458977300,45.146977294921875,-0.11695077270269394,-0.14186260104179382,0.6499479413032532,0.7374043464660645,-0.46193110942840576,-1.4421058893203735,-0.09306702017784119
1789729874468915200,45.156915283203126,-0.11721520870923996,-0.141651451587677,0.650583028793335,0.7368427515029907,-0.46051377058029175,-1.4439215660095215,-0.0915943905711174
1789729874478852400,45.166852294921874,-0.11832137405872345,-0.14210839569568634,0.6511524319648743,0.7360745668411255,-0.4586791396141052,-1.4459950923919678,-0.08753103017807007
1789729874488789500,45.17678955078125,-0.11966577172279358,-0.14253441989421844,0.6515101790428162,0.7354580163955688,-0.45280176401138306,-1.44767165184021,-0.07912079989910126
1789729874498727000,45.18672680664063,-0.12196580320596695,-0.1434229165315628,0.6514007449150085,0.7350042462348938,-0.4403648376464844,-1.4486550092697144,-0.06209641322493553
1789729874508663800,45.196663818359376,-0.12402383238077164,-0.1436508446931839,0.6511296629905701,0.734855592250824,-0.42104285955429077,-1.4491053819656372,-0.03948133811354637
1789729874518600700,45.2066005859375,-0.12562164664268494,-0.1429748833179474,0.6508713960647583,0.734944760799408,-0.39499205350875854,-1.449317216873169,-0.012102711014449596
1789729874528537600,45.21653759765625,-0.12651968002319336,-0.14127323031425476,0.650810718536377,0.7351734638214111,-0.3639944791793823,-1.4496042728424072,0.017731651663780212
1789729874538474500,45.226474609375,-0.12741252779960632,-0.1392921358346939,0.6509066224098206,0.7353124022483826,-0.3299002945423126,-1.450179100036621,0.05024901032447815
1789729874548412000,45.23641186523437,-0.1276763528585434,-0.1365222930908203,0.651271641254425,0.7354629039764404,-0.2929478585720062,-1.451005220413208,0.0835769772529602
1789729874558349300,45.24634936523437,-0.12787772715091705,-0.13367459177970886,0.6517162919044495,0.7355570793151855,-0.2553808391094208,-1.4518741369247437,0.11731794476509094
1789729874568286500,45.25628637695313,-0.12834736704826355,-0.13119171559810638,0.6521914601325989,0.7355011701583862,-0.21902166306972504,-1.4528411626815796,0.15076451003551483
1789729874578223900,45.26622387695313,-0.1290406882762909,-0.12904362380504608,0.6528118848800659,0.7352094054222107,-0.18387296795845032,-1.4542022943496704,0.1838018298149109
1789729874588161300,45.27616137695313,-0.12944699823856354,-0.12670756876468658,0.6537500619888306,0.7347104549407959,-0.14861299097537994,-1.456171989440918,0.21626056730747223
1789729874598098700,45.2860986328125,-0.1303916722536087,-0.12483213096857071,0.6547471284866333,0.7339762449264526,-0.11169923096895218,-1.4584144353866577,0.25181037187576294
1789729874608036000,45.2960361328125,-0.13214528560638428,-0.12374650686979294,0.6555413007736206,0.7331370711326599,-0.0744079127907753,-1.4603615999221802,0.29004359245300293
1789729874617973500,45.30597338867187,-0.13386134803295135,-0.12282627820968628,0.6560533046722412,0.7325223088264465,-0.03947492316365242,-1.4614787101745605,0.32611173391342163
1789729874627911400,45.315911376953125,-0.13589061796665192,-0.1224048063158989,0.6560301184654236,0.7322399020195007,-0.008808907121419907,-1.4612897634506226,0.3590954840183258
1789729874637848300,45.32584838867187,-0.13790273666381836,-0.12210099399089813,0.6555536985397339,0.7323411107063293,0.017762036994099617,-1.4598701000213623,0.3881426453590393
1789729874647785000,45.335784912109375,-0.14012661576271057,-0.12188079953193665,0.6548028588294983,0.7326273322105408,0.04364341124892235,-1.4576913118362427,0.4169347882270813
1789729874657721900,45.34572192382812,-0.14290887117385864,-0.12199027836322784,0.6540143489837646,0.7327759861946106,0.07085796445608139,-1.4554851055145264,0.44834262132644653
1789729874667658800,45.35565869140625,-0.1458660364151001,-0.12219192087650299,0.6534504294395447,0.7326627969741821,0.09938868135213852,-1.4538099765777588,0.48144885897636414
1789729874677596000,45.365595947265625,-0.1490171104669571,-0.12278230488300323,0.6532108187675476,0.7321434617042542,0.12714867293834686,-1.4530967473983765,0.5146172046661377
1789729874687533000,45.37553295898437,-0.15150751173496246,-0.12331179529428482,0.6535113453865051,0.7312746047973633,0.15193048119544983,-1.453749179840088,0.5437517762184143
1789729874697470700,45.385470703125,-0.1537162810564041,-0.12435212731361389,0.6542872786521912,0.7299424409866333,0.1719886213541031,-1.4559637308120728,0.5684777498245239
1789729874707408400,45.39540844726562,-0.15416161715984344,-0.12457328289747238,0.6557114124298096,0.728531539440155,0.18723779916763306,-1.4595786333084106,0.5846487879753113
1789729874717345800,45.405345703125,-0.15406590700149536,-0.12498095631599426,0.6574008464813232,0.7269577383995056,0.19714517891407013,-1.4641236066818237,0.5949568152427673
1789729874727284000,45.415283935546874,-0.1542518436908722,-0.1261177510023117,0.658867597579956,0.7253924608230591,0.200262188911438,-1.4686042070388794,0.5999377369880676
1789729874737220900,45.42522094726562,-0.1538204401731491,-0.12696896493434906,0.6599624156951904,0.7243395447731018,0.1950342357158661,-1.4721113443374634,0.5952805280685425
1789729874747157500,45.435157470703125,-0.15398287773132324,-0.12850338220596313,0.6603586673736572,0.7236729860305786,0.18125978112220764,-1.4742401838302612,0.5839368104934692
1789729874757094400,45.44509448242187,-0.1540440022945404,-0.1299893856048584,0.6602798104286194,0.7234665155410767,0.1612989455461502,-1.475144624710083,0.5662030577659607
1789729874767031300,45.45503125,-0.1544318050146103,-0.13181211054325104,0.6599133610725403,0.7233883738517761,0.13827766478061676,-1.4754633903503418,0.546373724937439
1789729874776968400,45.464968505859375,-0.15363208949565887,-0.13269716501235962,0.6598866581916809,0.7234212160110474,0.11419420689344406,-1.4761579036712646,0.5224072933197021
1789729874786905600,45.47490551757812,-0.15243415534496307,-0.1333911269903183,0.6603010296821594,0.7231688499450684,0.09038665890693665,-1.4778648614883423,0.49785444140434265
1789729874796843300,45.48484326171875,-0.15039166808128357,-0.13340869545936584,0.6612342596054077,0.7227404713630676,0.0671473890542984,-1.480528712272644,0.4716634750366211
1789729874806781000,45.49478100585937,-0.1474391669034958,-0.13258212804794312,0.6625272035598755,0.7223166823387146,0.044042132794857025,-1.483642339706421,0.44307026267051697
1789729874816718300,45.50471826171875,-0.14600297808647156,-0.13316607475280762,0.6635501980781555,0.7215615510940552,0.01888786256313324,-1.4867467880249023,0.41665875911712646
1789729874826657300,45.5146572265625,-0.1441153734922409,-0.13336898386478424,0.664590060710907,0.7209463119506836,-0.00923246145248413,-1.4896392822265625,0.38608235120773315
1789729874836592600,45.524592529296875,-0.1429831087589264,-0.13425584137439728,0.6654092669487,0.7202511429786682,-0.03965804725885391,-1.492242455482483,0.35528162121772766
1789729874846528000,45.534528076171874,-0.14177806675434113,-0.13503362238407135,0.6660968065261841,0.719708263874054,-0.07200832664966583,-1.4943628311157227,0.32229822874069214
1789729874856464100,45.544464111328125,-0.1418866217136383,-0.13692337274551392,0.6663215756416321,0.7191214561462402,-0.10486415773630142,-1.4957786798477173,0.29231545329093933
1789729874866400800,45.55440087890625,-0.14145302772521973,-0.13803541660308838,0.6663962006568909,0.7189251780509949,-0.13410773873329163,-1.4963358640670776,0.26404768228530884
1789729874876338000,45.564337890625,-0.1412632018327713,-0.1390426605939865,0.6661897301673889,0.7189597487449646,-0.15761393308639526,-1.496085524559021,0.2417236715555191
1789729874886275800,45.57427587890625,-0.14014925062656403,-0.1388959437608719,0.6660398244857788,0.7193449139595032,-0.17525383830070496,-1.4953733682632446,0.22226916253566742
1789729874896214000,45.58421411132812,-0.13997216522693634,-0.1393156200647354,0.6656718254089355,0.7196387648582458,-0.18677471578121185,-1.4944511651992798,0.21110495924949646
1789729874906152700,45.594152587890626,-0.138673797249794,-0.13842462003231049,0.6655431389808655,0.7201809287071228,-0.19280286133289337,-1.493506669998169,0.20192401111125946
1789729874916091400,45.60409130859375,-0.13723136484622955,-0.1372169703245163,0.665585994720459,0.7206485867500305,-0.195192351937294,-1.492906928062439,0.19571514427661896
1789729874926028800,45.61402880859375,-0.13575485348701477,-0.13600358366966248,0.6659470200538635,0.720824658870697,-0.1980450600385666,-1.4931670427322388,0.18898022174835205
1789729874935966000,45.62396606445313,-0.13385753333568573,-0.13461746275424957,0.6667985916137695,0.7206524014472961,-0.20524998009204865,-1.4946084022521973,0.1770300269126892
1789729874945903400,45.6339033203125,-0.1323627531528473,-0.1339249610900879,0.6679626703262329,0.7199792265892029,-0.21957823634147644,-1.4971843957901,0.15953072905540466
1789729874955840300,45.64384033203125,-0.1310688704252243,-0.1336865872144699,0.6693691611289978,0.7189532518386841,-0.24118360877037048,-1.5005618333816528,0.1356946974992752
1789729874965777200,45.65377709960938,-0.13145481050014496,-0.13501885533332825,0.6704972386360168,0.7175813317298889,-0.2652166187763214,-1.5040053129196167,0.11411436647176743
1789729874975714300,45.66371435546875,-0.13237512111663818,-0.13672186434268951,0.6713453531265259,0.716295599937439,-0.28794798254966736,-1.506919503211975,0.09514498710632324
1789729874985651700,45.673651611328125,-0.13395383954048157,-0.13903696835041046,0.6717661023139954,0.7151610851287842,-0.3109518885612488,-1.5089972019195557,0.07774202525615692
1789729874995589400,45.68358935546875,-0.13549308478832245,-0.14151474833488464,0.6719781160354614,0.7141852974891663,-0.33895257115364075,-1.5104938745498657,0.05552686005830765
1789729875005526800,45.69352685546875,-0.13688942790031433,-0.14398150146007538,0.6722698211669922,0.713150680065155,-0.3717942237854004,-1.5121108293533325,0.028250450268387794
1789729875015464400,45.70346435546875,-0.13645900785923004,-0.14468513429164886,0.6733160018920898,0.712103009223938,-0.409199982881546,-1.5147151947021484,-0.008775800466537476
1789729875025401000,45.71340112304687,-0.13507437705993652,-0.14423635601997375,0.675211489200592,0.7106618285179138,-0.45178860425949097,-1.5190097093582153,-0.05403453856706619
1789729875035338500,45.72333837890625,-0.13243646919727325,-0.14222775399684906,0.6781505346298218,0.7087621092796326,-0.5050827264785767,-1.5253416299819946,-0.11406172066926956
1789729875045276000,45.73327587890625,-0.12981876730918884,-0.139833465218544,0.6817725896835327,0.7062434554100037,-0.5803361535072327,-1.533401608467102,-0.19657328724861145
1789729875055213300,45.74321337890625,-0.12792952358722687,-0.13774681091308594,0.6856240034103394,0.703263521194458,-0.6968632936477661,-1.5422444343566895,-0.31885474920272827
1789729875065150500,45.753150390625,-0.12715360522270203,-0.13646391034126282,0.6891295909881592,0.7002213597297668,-0.8858131766319275,-1.5503143072128296,-0.5107885003089905
1789729875075087600,45.76308764648437,-0.12754952907562256,-0.13614001870155334,0.6919003129005432,0.6974747180938721,-1.1827502250671387,-1.556315541267395,-0.8076319694519043
1789729875085024300,45.773024169921875,-0.1290554702281952,-0.13673116266727448,0.6938241720199585,0.695167064666748,-1.586660623550415,-1.5597692728042603,-1.2085270881652832
1789729875094961000,45.7829609375,-0.13035236299037933,-0.13693292438983917,0.6951099038124084,0.6935992240905762,-1.986601710319519,-1.5612529516220093,-1.606311559677124
1789729875104897800,45.792897705078126,-0.13149289786815643,-0.13680152595043182,0.6956860423088074,0.692831814289093,-2.2549898624420166,-1.5622828006744385,-1.8732484579086304
1789729875114834700,45.80283471679687,-0.13242441415786743,-0.13631081581115723,0.6956259608268738,0.6928113698959351,-2.38877272605896,-1.5640040636062622,-2.0063936710357666
1789729875124772000,45.81277221679687,-0.13314440846443176,-0.13542482256889343,0.6950941681861877,0.6933806538581848,-2.406257390975952,-1.5667550563812256,-2.024117946624756
1789729875134709800,45.82270971679687,-0.13392288982868195,-0.13435505330562592,0.694216787815094,0.6943172812461853,-1.5333070755004883,-1.5701982975006104,-1.1515851020812988
1789729875144648200,45.832648193359375,-0.13475246727466583,-0.1330396980047226,0.6930771470069885,0.6955474615097046,0.4157319664955139,-1.5665535926818848,0.796745240688324
1789729875154585900,45.8425859375,-0.13558194041252136,-0.1314445286989212,0.6917482614517212,0.69701087474823,0.47630202770233154,-1.5613218545913696,0.8562168478965759
1789729875164523300,45.852523193359374,-0.13685542345046997,-0.13018552958965302,0.69025057554245,0.6984815001487732,0.49104297161102295,-1.5558098554611206,0.8709867000579834
1789729875174460200,45.86246020507812,-0.13847902417182922,-0.12941104173660278,0.6886389255523682,0.6998948454856873,0.4875701069831848,-1.550355076789856,0.8687482476234436
1789729875184397000,45.87239697265625,-0.13996167480945587,-0.12892159819602966,0.6869378089904785,0.7013604044914246,0.4620200991630554,-1.5451109409332275,0.8446400761604309
1789729875194334200,45.882334228515624,-0.14146296679973602,-0.12908582389354706,0.6848795413970947,0.7030399441719055,0.4057164490222931,-1.539717197418213,0.790751039981842
1789729875204271000,45.89227099609375,-0.14269141852855682,-0.1297442615032196,0.6823492646217346,0.7051277160644531,0.3229699432849884,-1.5337411165237427,0.7107435464859009
1789729875214208000,45.9022080078125,-0.14389002323150635,-0.1311771273612976,0.6794140338897705,0.7074494957923889,0.2299291342496872,-1.527259111404419,0.6215219497680664
1789729875224145200,45.912145263671874,-0.1444607377052307,-0.13263553380966187,0.676457405090332,0.7098903656005859,0.14269118010997772,-1.52064049243927,0.5372424125671387
1789729875234082600,45.92208251953125,-0.14488182961940765,-0.13435621559619904,0.6737654805183411,0.7120376825332642,0.06954780220985413,-1.5146524906158447,0.4672204256057739
1789729875244020000,45.93202001953125,-0.1447375863790512,-0.13569176197052002,0.6718162894248962,0.7136536836624146,0.013226756826043129,-1.5102519989013672,0.41264498233795166
1789729875253957400,45.94195727539063,-0.1444668024778366,-0.13676220178604126,0.6707168221473694,0.7145378589630127,-0.026253104209899902,-1.5078630447387695,0.3743344843387604
1789729875263894800,45.95189477539063,-0.1436549574136734,-0.13704046607017517,0.6705915927886963,0.7147657871246338,-0.05127726122736931,-1.5076189041137695,0.3485419750213623
1789729875273832200,45.96183227539063,-0.14313538372516632,-0.13726091384887695,0.6711680889129639,0.7142864465713501,-0.06428162753582001,-1.5092447996139526,0.3350953757762909
1789729875283769600,45.97176953125,-0.1426142305135727,-0.13715781271457672,0.6722937822341919,0.7133512496948242,-0.06710600107908249,-1.5122145414352417,0.3313519358634949
1789729875293707000,45.98170703125,-0.1428070217370987,-0.13745543360710144,0.6734894514083862,0.7121264934539795,-0.06193942576646805,-1.5156265497207642,0.33720678091049194
1789729875303644400,45.99164453125,-0.1427275687456131,-0.13724547624588013,0.6745991706848145,0.7111318111419678,-0.05040767788887024,-1.5185465812683105,0.3483050465583801
1789729875313581800,46.00158178710937,-0.1432148814201355,-0.13725583255290985,0.6751859784126282,0.7104746699333191,-0.03242354467511177,-1.520179033279419,0.3669990003108978
1789729875323519200,46.01151928710937,-0.14365410804748535,-0.13681389391422272,0.6752843260765076,0.7103777527809143,-0.007208408322185278,-1.5202285051345825,0.3922097682952881
1789729875333456400,46.02145629882813,-0.14428797364234924,-0.1360931545495987,0.6749457120895386,0.7107093930244446,0.025599496439099312,-1.5189003944396973,0.4248988926410675
1789729875343393800,46.03139379882813,-0.1450325846672058,-0.13507986068725586,0.6744269132614136,0.7112435102462769,0.06456030905246735,-1.5168540477752686,0.4634832441806793
1789729875353331000,46.0413310546875,-0.14573557674884796,-0.13378193974494934,0.6739585995674133,0.7117888331413269,0.10701491683721542,-1.5146822929382324,0.5050914287567139
1789729875363268000,46.05126806640625,-0.1462612897157669,-0.1322816163301468,0.6737680435180664,0.712141752243042,0.15102051198482513,-1.5130305290222168,0.547700047492981
1789729875373205200,46.06120532226562,-0.14753536880016327,-0.13169845938682556,0.6738253235816956,0.7119327783584595,0.19502955675125122,-1.5124276876449585,0.5927096009254456
1789729875383142400,46.071142333984376,-0.14865684509277344,-0.13131968677043915,0.6743324398994446,0.7112889885902405,0.2392682284116745,-1.5130584239959717,0.6380163431167603
1789729875393080300,46.08108032226563,-0.1499243527650833,-0.13143427670001984,0.675162136554718,0.7102138996124268,0.28504419326782227,-1.5147439241409302,0.6857775449752808
1789729875403017000,46.09101684570312,-0.1514955312013626,-0.13205614686012268,0.6760143041610718,0.7089533805847168,0.3312095105648041,-1.5166983604431152,0.735098123550415
1789729875412953300,46.100953369140626,-0.15324515104293823,-0.13292059302330017,0.6764901280403137,0.7079612612724304,0.36959898471832275,-1.5178087949752808,0.7772572636604309
1789729875422890000,46.11088989257812,-0.156171977519989,-0.13491900265216827,0.6760698556900024,0.7073448300361633,0.3894807696342468,-1.5173137187957764,0.8042593002319336
1789729875432827000,46.12082690429688,-0.15900222957134247,-0.13675791025161743,0.6749045252799988,0.7074739933013916,0.38843974471092224,-1.5150116682052612,0.8099849820137024
1789729875442763800,46.130763671875,-0.16161024570465088,-0.1382681429386139,0.6730428338050842,0.7083624601364136,0.3702215254306793,-1.51091468334198,0.7977524399757385
1789729875452701200,46.140701171875,-0.16422724723815918,-0.1397647112607956,0.6706153154373169,0.7097678184509277,0.3416936993598938,-1.5054963827133179,0.7752198576927185
1789729875462638600,46.150638671875,-0.1657475084066391,-0.14025643467903137,0.6681240797042847,0.7116643190383911,0.3114160895347595,-1.49942946434021,0.7479035258293152
1789729875472576500,46.16057641601562,-0.1662762463092804,-0.13975927233695984,0.6658099293708801,0.7138043642044067,0.2864692211151123,-1.4932315349578857,0.7230534553527832
1789729875482514400,46.170514404296874,-0.16643935441970825,-0.13884250819683075,0.6638377904891968,0.7157793641090393,0.2706063687801361,-1.487592339515686,0.7061485052108765
1789729875492452400,46.180452392578125,-0.16665233671665192,-0.13800041377544403,0.6623137593269348,0.7173027992248535,0.26300719380378723,-1.483077883720398,0.6976796388626099
1789729875502389800,46.1903896484375,-0.16753792762756348,-0.13805270195007324,0.6611948013305664,0.7181183099746704,0.25989681482315063,-1.4801045656204224,0.6959582567214966
1789729875512327200,46.2003271484375,-0.16848459839820862,-0.1385335624217987,0.660582959651947,0.7183672785758972,0.2591265141963959,-1.4787192344665527,0.6972725987434387
1789729875522264300,46.21026440429687,-0.1692657470703125,-0.13913200795650482,0.6603607535362244,0.7182722687721252,0.2597126364707947,-1.4784395694732666,0.699862539768219
1789729875532201500,46.22020141601563,-0.1707002967596054,-0.14052310585975647,0.660068690776825,0.7179303169250488,0.2586061358451843,-1.4784739017486572,0.7028558254241943
1789729875542138600,46.230138671875,-0.1722574681043625,-0.1421995460987091,0.6596261262893677,0.7176349759101868,0.2535977065563202,-1.4783672094345093,0.7025430798530579
1789729875552075800,46.24007568359375,-0.1731511950492859,-0.14339616894721985,0.6591624617576599,0.7176079154014587,0.24491465091705322,-1.4780139923095703,0.6969001889228821
1789729875562013000,46.25001293945313,-0.17415501177310944,-0.14475159347057343,0.6585296988487244,0.7176737785339355,0.2336542010307312,-1.4773536920547485,0.6890745162963867
1789729875571950000,46.2599501953125,-0.17427144944667816,-0.14527668058872223,0.6579408645629883,0.7180793881416321,0.22107037901878357,-1.476344108581543,0.6774343848228455
1789729875581887500,46.269887451171876,-0.17404766380786896,-0.14535760879516602,0.6573200225830078,0.7186855673789978,0.20924769341945648,-1.474959373474121,0.6654188632965088
1789729875591824600,46.27982470703125,-0.17382383346557617,-0.14530736207962036,0.6565919518470764,0.7194150686264038,0.19821010529994965,-1.4731874465942383,0.6540029644966125
1789729875601761800,46.28976171875,-0.17416873574256897,-0.14577975869178772,0.6556881070137024,0.7200601100921631,0.18685483932495117,-1.4712589979171753,0.6438575983047485
1789729875611699000,46.29969897460938,-0.1747162640094757,-0.1464899629354477,0.6548278331756592,0.7205660343170166,0.17614427208900452,-1.4695775508880615,0.6349954605102539
1789729875621636000,46.309635986328125,-0.17607569694519043,-0.14798979461193085,0.6540536880493164,0.7206317782402039,0.16768763959407806,-1.4685609340667725,0.6307100057601929
1789729875631573200,46.3195732421875,-0.17672455310821533,-0.14896829426288605,0.6538060903549194,0.7204959988594055,0.16169747710227966,-1.4685959815979004,0.6270872354507446
1789729875641510400,46.32951049804687,-0.17706944048404694,-0.1498546451330185,0.6540102362632751,0.7200421094894409,0.15734940767288208,-1.469749927520752,0.6245174407958984
1789729875651447600,46.33944750976563,-0.1774856150150299,-0.15101900696754456,0.6544516682624817,0.7192949056625366,0.15280109643936157,-1.4717092514038086,0.6222463846206665
1789729875661385000,46.349385009765626,-0.17775003612041473,-0.152208149433136,0.6548877358436584,0.7185816764831543,0.14560744166374207,-1.4737080335617065,0.6171454191207886
1789729875671322000,46.359322021484374,-0.17820337414741516,-0.15351544320583344,0.6549548506736755,0.7181299924850464,0.13549312949180603,-1.474836826324463,0.609582245349884
1789729875681259500,46.36925952148437,-0.17897938191890717,-0.15483635663986206,0.6544466614723206,0.7181167006492615,0.12386462092399597,-1.4744592905044556,0.6010128855705261
1789729875691196700,46.37919677734375,-0.17973977327346802,-0.15580031275749207,0.6533479690551758,0.7187185287475586,0.11120016127824783,-1.4723045825958252,0.5908874273300171
1789729875701134000,46.38913403320313,-0.17992961406707764,-0.15608802437782288,0.6517947912216187,0.720017671585083,0.09598442912101746,-1.468548059463501,0.576414167881012
1789729875711071200,46.3990712890625,-0.18009571731090546,-0.15659619867801666,0.6499258279800415,0.7215535640716553,0.07627911120653152,-1.464136004447937,0.5577480792999268
1789729875721008600,46.409008544921875,-0.17976431548595428,-0.15727996826171875,0.6482347846031189,0.7230072617530823,0.05108502879738808,-1.4603184461593628,0.533119261264801
1789729875730945800,46.41894580078125,-0.1784142255783081,-0.15793660283088684,0.6471875905990601,0.7241357564926147,0.019567711278796196,-1.4581278562545776,0.5006201863288879
1789729875740883200,46.42888330078125,-0.1765386313199997,-0.1590653508901596,0.646945595741272,0.7245644927024841,-0.01855599321424961,-1.45822012424469,0.4614061713218689
1789729875750820400,46.4388203125,-0.17424046993255615,-0.16056379675865173,0.6476837396621704,0.7241306900978088,-0.06234845519065857,-1.4609119892120361,0.416410893201828
1789729875760757800,46.4487578125,-0.17147651314735413,-0.16207586228847504,0.6495134830474854,0.7228135466575623,-0.11087988317012787,-1.4662376642227173,0.3659850060939789
1789729875770695000,46.45869482421875,-0.16836577653884888,-0.1633525788784027,0.6522989869117737,0.7207460999488831,-0.1639394313097,-1.4737000465393066,0.31016212701797485
1789729875780632300,46.46863232421875,-0.1658494621515274,-0.16492155194282532,0.6554689407348633,0.7180914282798767,-0.22149689495563507,-1.4821957349777222,0.25112977623939514
1789729875790569700,46.47856982421875,-0.1637812852859497,-0.16644705832004547,0.6585456728935242,0.7153940796852112,-0.2827356159687042,-1.4902902841567993,0.18901897966861725
1789729875800507000,46.4885068359375,-0.16310079395771027,-0.16864857077598572,0.6607925295829773,0.7129579186439514,-0.34290626645088196,-1.4965894222259521,0.13100343942642212
1789729875810444300,46.4984443359375,-0.16310366988182068,-0.17071138322353363,0.6618430018424988,0.7114904522895813,-0.3904971182346344,-1.4997494220733643,0.08639302104711533
1789729875820381400,46.50838134765625,-0.16395550966262817,-0.17291034758090973,0.6613686680793762,0.7112047076225281,-0.41845864057540894,-1.4991741180419922,0.06288082897663116
1789729875830318800,46.51831884765625,-0.16453894972801208,-0.174454927444458,0.6598336696624756,0.7121179103851318,-0.4296656548976898,-1.4955198764801025,0.05480771139264107
1789729875840256000,46.52825610351562,-0.1649467796087265,-0.1754325032234192,0.6576399207115173,0.7138107419013977,-0.4278252422809601,-1.4899656772613525,0.05872208625078201
1789729875850193400,46.538193359375,-0.16390474140644073,-0.17463797330856323,0.6555419564247131,0.7161714434623718,-0.4171818196773529,-1.4836924076080322,0.06675264984369278
1789729875860130600,46.54813061523438,-0.16313175857067108,-0.17375242710113525,0.6536521911621094,0.718287467956543,-0.4036504030227661,-1.4781286716461182,0.07792743295431137
1789729875870068000,46.55806787109375,-0.1615070253610611,-0.17189015448093414,0.6526830792427063,0.7199819684028625,-0.3913460373878479,-1.4744573831558228,0.08519243448972702
1789729875880005000,46.568005126953125,-0.15944147109985352,-0.1696801334619522,0.6527682542800903,0.7208887934684753,-0.38434740900993347,-1.473338007926941,0.08597670495510101
1789729875889942500,46.577942626953124,-0.15811006724834442,-0.16842684149742126,0.6536939740180969,0.7206370830535889,-0.386181116104126,-1.4749705791473389,0.0803619846701622
1789729875899880000,46.5878798828125,-0.1571321338415146,-0.16794906556606293,0.6554129123687744,0.7194001078605652,-0.3996553122997284,-1.4789886474609375,0.06472501158714294
1789729875909817000,46.59781713867188,-0.15649601817131042,-0.16828130185604095,0.6576767563819885,0.7173923254013062,-0.4267924726009369,-1.4846909046173096,0.0370863638818264
1789729875919754500,46.60775439453125,-0.1565910279750824,-0.16965289413928986,0.6601472496986389,0.7147746086120605,-0.4676748216152191,-1.4913430213928223,-0.001728553674183786
1789729875929691600,46.617691650390626,-0.15709243714809418,-0.17142561078071594,0.6626089811325073,0.7119582891464233,-0.5172634720802307,-1.4981067180633545,-0.04806934669613838
1789729875939629000,46.627629150390625,-0.15814632177352905,-0.17342010140419006,0.6647390127182007,0.7092512249946594,-0.5673373341560364,-1.5042325258255005,-0.09375835210084915
1789729875949566200,46.63756616210937,-0.15925468504428864,-0.17498187720775604,0.6664806604385376,0.7069814801216125,-0.6091083288192749,-1.5093426704406738,-0.13168197870254517
1789729875959504000,46.64750390625,-0.15984442830085754,-0.17551349103450775,0.6678944826126099,0.7053805589675903,-0.6354392170906067,-1.5133308172225952,-0.15640883147716522
1789729875969441300,46.65744116210937,-0.1601540744304657,-0.17529234290122986,0.6689188480377197,0.7043939828872681,-0.6429044604301453,-1.5162439346313477,-0.1637645661830902
1789729875979378400,46.66737841796875,-0.159222811460495,-0.17345505952835083,0.6699087619781494,0.704119086265564,-0.6317887306213379,-1.518389344215393,-0.15669411420822144
1789729875989314800,46.67731469726562,-0.15771277248859406,-0.17063476145267487,0.6708102226257324,0.7042897939682007,-0.602742612361908,-1.5200401544570923,-0.13395842909812927
1789729875999251700,46.68725170898438,-0.15626603364944458,-0.16751576960086823,0.6714707612991333,0.7047314643859863,-0.5572200417518616,-1.5211364030838013,-0.09508059173822403
1789729876009188900,46.69718896484375,-0.15558169782161713,-0.16490986943244934,0.6717362999916077,0.705244243144989,-0.5001908540725708,-1.5216032266616821,-0.042834073305130005
1789729876019127000,46.707126953125,-0.15536926686763763,-0.16264085471630096,0.6716921925544739,0.7058597207069397,-0.4365703761577606,-1.521389126777649,0.017184149473905563
1789729876029065000,46.71706494140625,-0.15637609362602234,-0.1614544540643692,0.6711639165878296,0.7064120769500732,-0.36983969807624817,-1.52042818069458,0.08365952968597412
1789729876039002000,46.72700219726563,-0.1578165590763092,-0.16069354116916656,0.6702789068222046,0.7071051597595215,-0.30521342158317566,-1.518552303314209,0.149283766746521
1789729876048939300,46.736939208984374,-0.15983611345291138,-0.16061729192733765,0.6689950823783875,0.7078842520713806,-0.24875295162200928,-1.515781283378601,0.2085837423801422
1789729876058876400,46.74687646484375,-0.1614697128534317,-0.16049203276634216,0.6676201820373535,0.7088392972946167,-0.2060600221157074,-1.5124797821044922,0.2534894049167633
1789729876068813600,46.7568134765625,-0.16260087490081787,-0.16024473309516907,0.666327953338623,0.709851861000061,-0.17634715139865875,-1.5091450214385986,0.2845103442668915
1789729876078750700,46.766750732421876,-0.1628197729587555,-0.1594243347644806,0.6653690338134766,0.7108851075172424,-0.15554144978523254,-1.5062367916107178,0.3044629395008087
1789729876088687900,46.77668798828125,-0.16261422634124756,-0.15844617784023285,0.6646827459335327,0.7117922902107239,-0.14090532064437866,-1.5039000511169434,0.3173973262310028
1789729876098625300,46.78662524414062,-0.16248929500579834,-0.15771658718585968,0.6640515327453613,0.7125715613365173,-0.13048824667930603,-1.5018329620361328,0.3265886902809143
1789729876108562400,46.7965625,-0.16272807121276855,-0.15732860565185547,0.6632339954376221,0.7133638262748718,-0.12114395946264267,-1.4994763135910034,0.33573588728904724
1789729876118500400,46.80650024414062,-0.16309739649295807,-0.15707972645759583,0.6621613502502441,0.7143301367759705,-0.11369746923446655,-1.4965122938156128,0.34338250756263733
1789729876128437500,46.8164375,-0.16460774838924408,-0.15809699892997742,0.6606642007827759,0.7151450514793396,-0.1114501804113388,-1.4931808710098267,0.34933263063430786
1789729876138374700,46.826374755859376,-0.16554374992847443,-0.15889902412891388,0.659263551235199,0.71604323387146,-0.11517342925071716,-1.4899280071258545,0.3481665849685669
1789729876148312000,46.83631201171875,-0.16591192781925201,-0.15949317812919617,0.6580443382263184,0.7169468998908997,-0.12384026497602463,-1.486978530883789,0.34092849493026733
1789729876158249200,46.84624926757812,-0.16662025451660156,-0.16057895123958588,0.656731367111206,0.7177436947822571,-0.1350080370903015,-1.4840624332427979,0.33240023255348206
1789729876168186400,46.85618627929688,-0.1674230843782425,-0.16186311841011047,0.6553109288215637,0.7185662388801575,-0.1475672870874405,-1.4809648990631104,0.32291126251220703
1789729876178123800,46.86612377929688,-0.1681194305419922,-0.16315887868404388,0.6538391709327698,0.7194507718086243,-0.16124624013900757,-1.4777095317840576,0.3121689260005951
1789729876188061200,46.87606127929688,-0.16881605982780457,-0.1645868718624115,0.6523789763450623,0.7202873826026917,-0.17607542872428894,-1.474535584449768,0.3004702925682068
1789729876197998300,46.885998291015625,-0.16922998428344727,-0.1659376621246338,0.6511625051498413,0.7209807634353638,-0.1924537569284439,-1.4719077348709106,0.2866951525211334
1789729876207935500,46.895935546875,-0.16989262402057648,-0.16771300137043,0.6502399444580078,0.7212467193603516,-0.21067509055137634,-1.4702879190444946,0.27204787731170654
1789729876217872600,46.90587255859375,-0.17116038501262665,-0.17015467584133148,0.6496982574462891,0.7208631038665771,-0.22993703186511993,-1.4701008796691895,0.2581993639469147
1789729876227809800,46.91580981445313,-0.17212983965873718,-0.17225658893585205,0.6498443484306335,0.7200008630752563,-0.24810747802257538,-1.4715389013290405,0.24449411034584045
1789729876237747000,46.925746826171874,-0.17258602380752563,-0.1736806035041809,0.6506827473640442,0.7187914252281189,-0.26372551918029785,-1.4744271039962769,0.23158615827560425
1789729876247684000,46.93568408203125,-0.17352181673049927,-0.17531120777130127,0.6518523693084717,0.7171085476875305,-0.2769201695919037,-1.4784435033798218,0.22209197282791138
1789729876257621200,46.94562133789063,-0.17404362559318542,-0.1763649433851242,0.6534491777420044,0.715268075466156,-0.28816187381744385,-1.483282208442688,0.21309658885002136
1789729876267558700,46.95555859375,-0.17396287620067596,-0.17668506503105164,0.6553597450256348,0.7134584188461304,-0.2975962162017822,-1.4885190725326538,0.20395544171333313
1789729876277495800,46.965495849609376,-0.1731925904750824,-0.17624326050281525,0.6574184894561768,0.7118592262268066,-0.3058418929576874,-1.493665099143982,0.19388599693775177
1789729876287433000,46.97543286132812,-0.17179231345653534,-0.17512169480323792,0.6594382524490356,0.710606038570404,-0.3129771649837494,-1.4982645511627197,0.1830245405435562
1789729876297370000,46.9853701171875,-0.17041662335395813,-0.17386965453624725,0.6611295938491821,0.7096726298332214,-0.31708112359046936,-1.5019601583480835,0.17505350708961487
1789729876307307300,46.99530737304688,-0.16855385899543762,-0.17202122509479523,0.6625332832336426,0.7092586755752563,-0.3174212574958801,-1.5045217275619507,0.16927814483642578
1789729876317244400,47.005244384765625,-0.16788971424102783,-0.17115429043769836,0.663224995136261,0.7089794278144836,-0.3134576976299286,-1.5059133768081665,0.17099915444850922
1789729876327181600,47.015181640625,-0.167862668633461,-0.17081809043884277,0.6633943319320679,0.7089084982872009,-0.30680522322654724,-1.5062830448150635,0.17711898684501648
1789729876337119000,47.02511889648437,-0.16901475191116333,-0.17157737910747528,0.6630197763442993,0.708801805973053,-0.29927292466163635,-1.505938172340393,0.18744038045406342
1789729876347056000,47.03505615234375,-0.17084521055221558,-0.17293211817741394,0.6623517274856567,0.7086583375930786,-0.2907191216945648,-1.5052311420440674,0.20064562559127808
1789729876356993500,47.04499365234375,-0.17264926433563232,-0.1742069274187088,0.6616817116737366,0.7085347175598145,-0.28116491436958313,-1.5044875144958496,0.21469804644584656
1789729876366930700,47.0549306640625,-0.17479199171066284,-0.17579059302806854,0.660974383354187,0.7082783579826355,-0.27176153659820557,-1.5038706064224243,0.2295474112033844
1789729876376868000,47.0648681640625,-0.17695719003677368,-0.17742864787578583,0.6603085994720459,0.7079532742500305,-0.26333025097846985,-1.5034016370773315,0.24354030191898346
1789729876386805200,47.07480517578125,-0.17831143736839294,-0.1783289760351181,0.6599167585372925,0.7077525854110718,-0.2554512619972229,-1.50313401222229,0.2547180652618408
1789729876396742700,47.08474267578125,-0.1797768622636795,-0.17936815321445465,0.659550666809082,0.7074604630470276,-0.24838629364967346,-1.5030264854431152,0.26544755697250366
1789729876406679800,47.0946796875,-0.1812312752008438,-0.18041463196277618,0.6591796875,0.7071689367294312,-0.2417316436767578,-1.502906084060669,0.2757628262042999
1789729876416617200,47.1046171875,-0.18254201114177704,-0.18143342435359955,0.65883868932724,0.7068888545036316,-0.23738546669483185,-1.5028111934661865,0.28352025151252747
1789729876426554600,47.1145546875,-0.18365494906902313,-0.18230347335338593,0.6585507988929749,0.7066450119018555,-0.23381245136260986,-1.5027410984039307,0.28999850153923035
1789729876436491800,47.12449169921875,-0.18517249822616577,-0.18349577486515045,0.6581071615219116,0.7063536047935486,-0.22915275394916534,-1.502510905265808,0.298631489276886
1789729876446429200,47.13442919921875,-0.18605639040470123,-0.18400096893310547,0.6577495336532593,0.7063230276107788,-0.22262217104434967,-1.5020278692245483,0.3072030544281006
1789729876456366300,47.14436645507813,-0.1869443953037262,-0.18439851701259613,0.6573625802993774,0.7063450813293457,-0.2139291614294052,-1.5014164447784424,0.3177862763404846
1789729876466303700,47.1543037109375,-0.18830950558185577,-0.185215562582016,0.6568381190299988,0.706256628036499,-0.20493635535240173,-1.5007566213607788,0.32998672127723694
1789729876476241000,47.164240966796875,-0.18920135498046875,-0.18572117388248444,0.6564451456069946,0.7062508463859558,-0.19872817397117615,-1.5001739263534546,0.338251531124115
1789729876486178300,47.17417822265625,-0.19011719524860382,-0.18648874759674072,0.6560475826263428,0.7061720490455627,-0.1974649876356125,-1.499709129333496,0.3419904410839081
1789729876496115500,47.18411547851562,-0.19067415595054626,-0.18713821470737457,0.6556987166404724,0.7061741352081299,-0.20067772269248962,-1.499223232269287,0.34055468440055847
1789729876506052900,47.19405297851562,-0.1916269063949585,-0.18832102417945862,0.6552509665489197,0.7060173153877258,-0.20715850591659546,-1.498833417892456,0.33721381425857544
1789729876515990000,47.203989990234376,-0.19219015538692474,-0.18923546373844147,0.6549894213676453,0.7058624029159546,-0.21525782346725464,-1.4987140893936157,0.33128684759140015
1789729876525927400,47.213927490234376,-0.19207802414894104,-0.18954487144947052,0.6549999117851257,0.7058001756668091,-0.22359320521354675,-1.4988491535186768,0.32324057817459106
1789729876535864800,47.22386474609375,-0.19231124222278595,-0.19017674028873444,0.6549066305160522,0.7056532502174377,-0.23201458156108856,-1.4989503622055054,0.31608909368515015
1789729876545802000,47.23380200195312,-0.19274649024009705,-0.1909070461988449,0.6546226739883423,0.7056007981300354,-0.2388429194688797,-1.498640537261963,0.31097787618637085
1789729876555739400,47.24373950195312,-0.19358381628990173,-0.19180803000926971,0.6540659070014954,0.7056435346603394,-0.24177733063697815,-1.497795581817627,0.3106085956096649
1789729876565676500,47.25367651367188,-0.19468779861927032,-0.19274255633354187,0.6533563733100891,0.7057424783706665,-0.24058273434638977,-1.496644139289856,0.3148142993450165
1789729876575614000,47.26361401367188,-0.19543984532356262,-0.19310186803340912,0.6527993679046631,0.7059518098831177,-0.23456408083438873,-1.495537281036377,0.3224804699420929
1789729876585551000,47.273551025390624,-0.195829838514328,-0.1928916722536087,0.6524888873100281,0.7061881422996521,-0.2239985466003418,-1.4947211742401123,0.33331963419914246
1789729876595488500,47.283488525390624,-0.19625288248062134,-0.1926112174987793,0.6523938179016113,0.7062351107597351,-0.21123115718364716,-1.4944604635238647,0.3462996482849121
1789729876605425700,47.29342578125,-0.19620615243911743,-0.1919863075017929,0.6526999473571777,0.7061353921890259,-0.1994609534740448,-1.4949734210968018,0.35707560181617737
1789729876615363000,47.30336303710938,-0.19593630731105804,-0.19131362438201904,0.6533143520355225,0.7058246731758118,-0.1897604763507843,-1.4962317943572998,0.3653756082057953
1789729876625300200,47.31330029296875,-0.19527365267276764,-0.19039486348628998,0.6541494727134705,0.7054831385612488,-0.1816396564245224,-1.497856855392456,0.3711518943309784
1789729876635237600,47.323237548828125,-0.19545768201351166,-0.19031399488449097,0.6546803712844849,0.704961359500885,-0.17452025413513184,-1.4993025064468384,0.37840890884399414
1789729876645175000,47.333175048828124,-0.19641487300395966,-0.19101905822753906,0.6548174619674683,0.7043769955635071,-0.16923393309116364,-1.5002787113189697,0.3861303925514221
1789729876655112700,47.34311279296875,-0.19757778942584991,-0.19225212931632996,0.6546972393989563,0.7038278579711914,-0.1714663803577423,-1.5008938312530518,0.3874188959598541
1789729876665050000,47.35305004882812,-0.19831515848636627,-0.1936436891555786,0.6545848846435547,0.7033433318138123,-0.18549005687236786,-1.5015109777450562,0.37652361392974854
1789729876674987500,47.36298754882812,-0.1986742615699768,-0.19521187245845795,0.6545587778091431,0.7028325796127319,-0.2108207643032074,-1.502338171005249,0.3540232479572296
1789729876684924400,47.37292431640625,-0.19834721088409424,-0.19663716852664948,0.6548518538475037,0.7022544145584106,-0.247165247797966,-1.5037024021148682,0.31928369402885437
1789729876694861600,47.382861572265625,-0.19794808328151703,-0.1983424574136734,0.6554575562477112,0.7013217806816101,-0.292775422334671,-1.5059216022491455,0.27557820081710815
1789729876704798700,47.392798828125,-0.1974179744720459,-0.20006534457206726,0.6564547419548035,0.7000479698181152,-0.34569594264030457,-1.5090233087539673,0.22438712418079376
1789729876714736000,47.40273608398437,-0.1968298703432083,-0.2017522007226944,0.6579005718231201,0.6983701586723328,-0.40686938166618347,-1.513132929801941,0.16479803621768951
1789729876724673300,47.41267333984375,-0.1954095959663391,-0.20257173478603363,0.6600087881088257,0.696540117263794,-0.47896891832351685,-1.5181429386138916,0.09177123010158539
1789729876734611000,47.42261083984375,-0.19388210773468018,-0.20304660499095917,0.6623759269714355,0.694579005241394,-0.5618304014205933,-1.5234425067901611,0.007320166565477848
1789729876744548000,47.432548095703126,-0.19166190922260284,-0.20240816473960876,0.6648996472358704,0.6929683685302734,-0.6480939388275146,-1.5282902717590332,-0.0831863209605217
1789729876754485200,47.4424853515625,-0.19035282731056213,-0.20210698246955872,0.6668295860290527,0.691561222076416,-0.7249241471290588,-1.5320700407028198,-0.16241103410720825
1789729876764422100,47.45242211914063,-0.18924154341220856,-0.20145073533058167,0.6682006120681763,0.690733790397644,-0.7764987349510193,-1.5345494747161865,-0.21660104393959045
1789729876774359300,47.462359375,-0.1884971708059311,-0.2007806897163391,0.668929398059845,0.6904270052909851,-0.7980239987373352,-1.5357810258865356,-0.24021214246749878
1789729876784296400,47.47229638671875,-0.1876710206270218,-0.1998378038406372,0.6691732406616211,0.6906892657279968,-0.7922515869140625,-1.5358389616012573,-0.23704330623149872
1789729876794233900,47.48223388671875,-0.18635952472686768,-0.1983306109905243,0.6691545248031616,0.6914964318275452,-0.7674192190170288,-1.534949779510498,-0.21635213494300842
1789729876804171800,47.492171875,-0.1848791390657425,-0.19665919244289398,0.6689023375511169,0.6926142573356628,-0.7343059182167053,-1.5333490371704102,-0.18786130845546722
1789729876814109200,47.502109130859374,-0.18348979949951172,-0.195185124874115,0.6684495210647583,0.6938368082046509,-0.7028225064277649,-1.531264066696167,-0.1605719029903412
1789729876824046300,47.51204638671875,-0.1813831776380539,-0.193205326795578,0.6681375503540039,0.6952438950538635,-0.6794018149375916,-1.528971791267395,-0.14313457906246185
1789729876833983500,47.5219833984375,-0.18015716969966888,-0.19229675829410553,0.667635440826416,0.6962960958480835,-0.6672275066375732,-1.526774287223816,-0.13407835364341736
1789729876843920600,47.531920654296876,-0.17933131754398346,-0.1920788288116455,0.6671128273010254,0.6970699429512024,-0.6681307554244995,-1.5247511863708496,-0.13649988174438477
1789729876853858300,47.5418583984375,-0.1786067932844162,-0.1923726499080658,0.6666142344474792,0.6976516842842102,-0.6829617619514465,-1.5227760076522827,-0.1519496887922287
1789729876863795500,47.55179541015625,-0.1782137155532837,-0.19335822761058807,0.6659825444221497,0.6980829238891602,-0.7067708969116211,-1.5205965042114258,-0.17487475275993347
1789729876873732600,47.56173266601562,-0.1781175583600998,-0.19494491815567017,0.6651169061660767,0.6984913349151611,-0.7340513467788696,-1.517931580543518,-0.1999511569738388
1789729876883670000,47.571669921875,-0.1784120351076126,-0.19714175164699554,0.6639140844345093,0.6989437937736511,-0.7598969340324402,-1.5146143436431885,-0.22211609780788422
1789729876893607700,47.58160766601563,-0.17884494364261627,-0.19961674511432648,0.6624576449394226,0.6995123624801636,-0.7819634675979614,-1.5107128620147705,-0.23988322913646698
1789729876903544300,47.59154443359375,-0.1783437877893448,-0.2011222243309021,0.6611221432685852,0.7004718780517578,-0.7965350151062012,-1.5064858198165894,-0.2529430389404297
1789729876913481000,47.60148095703125,-0.17783933877944946,-0.20228135585784912,0.6597408652305603,0.7015678286552429,-0.8011363744735718,-1.5022711753845215,-0.25654420256614685
1789729876923417600,47.61141748046875,-0.17628848552703857,-0.2018551528453827,0.6586564183235168,0.703099250793457,-0.7929009795188904,-1.4982702732086182,-0.25117406249046326
1789729876933355000,47.62135498046875,-0.17556220293045044,-0.20150436460971832,0.657317578792572,0.7046328783035278,-0.7716163992881775,-1.494465947151184,-0.23143114149570465
1789729876943292700,47.631292724609374,-0.17427010834217072,-0.20001175999641418,0.6561400294303894,0.7064739465713501,-0.740807294845581,-1.4908227920532227,-0.20467165112495422
1789729876953231000,47.64123120117188,-0.17410868406295776,-0.19918248057365417,0.6546339988708496,0.7081432342529297,-0.7055655121803284,-1.4872031211853027,-0.17084278166294098
1789729876963168000,47.65116796875,-0.1732553392648697,-0.19768166542053223,0.6532822847366333,0.7100188732147217,-0.6721946597099304,-1.4834104776382446,-0.1408817619085312
1789729876973105000,47.66110498046875,-0.17248325049877167,-0.19655266404151917,0.6519338488578796,0.7117576003074646,-0.646806538105011,-1.4795711040496826,-0.11823560297489166
1789729876983042000,47.6710419921875,-0.1719949096441269,-0.19626636803150177,0.6506331562995911,0.7131435871124268,-0.6341014504432678,-1.4759279489517212,-0.10662081092596054
1789729876992979000,47.68097900390625,-0.17105557024478912,-0.1965133547782898,0.6496677994728088,0.7141808271408081,-0.6391087770462036,-1.4726749658584595,-0.11260140687227249
1789729877002916000,47.690916015625,-0.17033368349075317,-0.1978648453950882,0.6489704251289368,0.7146140933036804,-0.6608532667160034,-1.4700855016708374,-0.1333877146244049
1789729877012853200,47.70085327148438,-0.16933152079582214,-0.1995493322610855,0.6487963795661926,0.7145419120788574,-0.6950677037239075,-1.4684226512908936,-0.1665785312652588
1789729877022790700,47.710790771484376,-0.167445108294487,-0.2007514089345932,0.6494500637054443,0.7140557765960693,-0.7397419810295105,-1.4679582118988037,-0.21224971115589142
1789729877032728000,47.72072802734375,-0.16656000912189484,-0.20283980667591095,0.6503767967224121,0.7128280401229858,-0.7909033894538879,-1.468611240386963,-0.261655330657959
1789729877042665500,47.73066552734375,-0.1657094806432724,-0.20449811220169067,0.6516439914703369,0.7113937139511108,-0.8410090804100037,-1.4700108766555786,-0.31059521436691284
1789729877052603000,47.74060278320312,-0.16496101021766663,-0.20552758872509003,0.652944028377533,0.710077702999115,-0.8828269243240356,-1.4716604948043823,-0.352023184299469
1789729877062540300,47.75054028320312,-0.16438829898834229,-0.20595653355121613,0.6539509296417236,0.7091590762138367,-0.9106655716896057,-1.473024845123291,-0.38009077310562134
1789729877072477700,47.76047778320312,-0.16439288854599,-0.20616531372070312,0.6543010473251343,0.7087742686271667,-0.9196333289146423,-1.473677396774292,-0.388754278421402
1789729877082415000,47.7704150390625,-0.16393257677555084,-0.20529256761074066,0.6542282700538635,0.7092012763023376,-0.9094788432121277,-1.4734673500061035,-0.3805526793003082
1789729877092352500,47.7803525390625,-0.1637440174818039,-0.20418843626976013,0.6535935401916504,0.7101482152938843,-0.884335994720459,-1.4724289178848267,-0.3572920560836792
1789729877102290000,47.7902900390625,-0.16312645375728607,-0.20236800611019135,0.6527190804481506,0.711614191532135,-0.8494921326637268,-1.4706693887710571,-0.3259994387626648
1789729877112227300,47.800227294921875,-0.16323694586753845,-0.20104703307151794,0.6514055132865906,0.713165283203125,-0.8102260231971741,-1.4683427810668945,-0.28847599029541016
1789729877122164500,47.81016455078125,-0.1634289026260376,-0.19976064562797546,0.6499781012535095,0.7147833108901978,-0.7710593342781067,-1.4656795263290405,-0.25087639689445496
1789729877132102000,47.82010180664062,-0.16337451338768005,-0.19830168783664703,0.6486241221427917,0.7164300084114075,-0.7346612215042114,-1.4628779888153076,-0.21665632724761963
1789729877142039000,47.8300390625,-0.16465257108211517,-0.19811518490314484,0.6470339894294739,0.7176258563995361,-0.7024769186973572,-1.460258960723877,-0.18283458054065704
1789729877151976400,47.8399765625,-0.16700313985347748,-0.19894939661026,0.6454089283943176,0.7183149456977844,-0.6751556992530823,-1.4581681489944458,-0.15081313252449036
1789729877161913600,47.84991357421875,-0.16902890801429749,-0.19964179396629333,0.6442312002182007,0.7187061309814453,-0.6541705131530762,-1.4568599462509155,-0.12582014501094818
1789729877171850800,47.85985083007812,-0.17103344202041626,-0.20039285719394684,0.6434692740440369,0.7187054753303528,-0.638255774974823,-1.4565201997756958,-0.10585537552833557
1789729877181788000,47.86978784179688,-0.17239724099636078,-0.2005247324705124,0.643349826335907,0.7184497714042664,-0.6256545186042786,-1.4573237895965576,-0.09107009321451187
1789729877191725000,47.87972509765625,-0.17311248183250427,-0.20003682374954224,0.6438843011856079,0.7179347276687622,-0.616177499294281,-1.4593071937561035,-0.08129043132066727
1789729877201662200,47.889662109375,-0.17367812991142273,-0.19946575164794922,0.6448354125022888,0.7171029448509216,-0.6101690530776978,-1.4622297286987305,-0.0753336027264595
1789729877211599400,47.89959936523437,-0.17462830245494843,-0.19933734834194183,0.6459605693817139,0.7158941626548767,-0.6076249480247498,-1.4658546447753906,-0.07163625210523605
1789729877221536500,47.90953662109375,-0.1749889999628067,-0.19867683947086334,0.6474634408950806,0.7146309614181519,-0.6067943572998047,-1.4700298309326172,-0.07130477577447891
1789729877231474000,47.91947387695313,-0.17602871358394623,-0.1986064910888672,0.6488526463508606,0.7131336331367493,-0.6062020659446716,-1.4744073152542114,-0.06934811174869537
1789729877241411000,47.9294111328125,-0.17762050032615662,-0.19888827204704285,0.6499515175819397,0.711658239364624,-0.6016853451728821,-1.4784590005874634,-0.06213248521089554
1789729877251348200,47.93934814453125,-0.17931728065013885,-0.19890817999839783,0.6506882309913635,0.7105530500411987,-0.5872846245765686,-1.4816865921020508,-0.04525072127580643
1789729877261285400,47.94928540039062,-0.18116717040538788,-0.19865164160728455,0.6509317755699158,0.709932267665863,-0.5602747201919556,-1.4837430715560913,-0.01592474989593029
1789729877271222500,47.959222412109376,-0.1836448609828949,-0.19853219389915466,0.6505123972892761,0.7097134590148926,-0.520266592502594,-1.4844403266906738,0.02754180319607258
1789729877281159700,47.96915966796875,-0.18576467037200928,-0.19765989482402802,0.6497496962547302,0.7101038098335266,-0.46942201256752014,-1.4837732315063477,0.08022906631231308
1789729877291097000,47.97909716796875,-0.18769420683383942,-0.1963142454624176,0.6486485600471497,0.7109758257865906,-0.41269809007644653,-1.4817837476730347,0.13783620297908783
1789729877301034200,47.9890341796875,-0.18935735523700714,-0.1946452409029007,0.6472827792167664,0.7122373580932617,-0.3565131425857544,-1.4786006212234497,0.19405364990234375
1789729877310971600,47.9989716796875,-0.19047944247722626,-0.1926208883523941,0.6458612084388733,0.7137773633003235,-0.3061661124229431,-1.4746639728546143,0.2431255429983139
1789729877320908800,48.00890869140625,-0.19134075939655304,-0.19071851670742035,0.644477367401123,0.7153069972991943,-0.26512354612350464,-1.470582365989685,0.2826932370662689
1789729877330846200,48.01884619140625,-0.1918601393699646,-0.18901462852954865,0.6433021426200867,0.7166767120361328,-0.23430262506008148,-1.4669040441513062,0.3118247985839844
1789729877340783600,48.02878369140625,-0.19271060824394226,-0.18822287023067474,0.642229437828064,0.7176183462142944,-0.21367111802101135,-1.4639407396316528,0.33258649706840515
1789729877350720800,48.038720703125,-0.1932428926229477,-0.18785761296749115,0.6414698362350464,0.718250036239624,-0.2032427191734314,-1.4618918895721436,0.34329134225845337
1789729877360658200,48.048658203125,-0.1951294094324112,-0.18939919769763947,0.640550971031189,0.7181552052497864,-0.2020934820175171,-1.460693120956421,0.349503755569458
1789729877370595300,48.05859521484375,-0.19578073918819427,-0.1904262900352478,0.640093207359314,0.7181144952774048,-0.2085179090499878,-1.4601417779922485,0.34555912017822266
1789729877380532700,48.06853271484375,-0.1967238187789917,-0.19201050698757172,0.6396100521087646,0.7178653478622437,-0.21874436736106873,-1.4598690271377563,0.3390587866306305
1789729877390470000,48.078469970703125,-0.19751578569412231,-0.19349175691604614,0.6390860080718994,0.7177168726921082,-0.22944901883602142,-1.4593918323516846,0.33171209692955017
1789729877400407300,48.0884072265625,-0.19801948964595795,-0.19462209939956665,0.6384055614471436,0.7178780436515808,-0.23907114565372467,-1.458243489265442,0.32451769709587097
1789729877410344400,48.09834448242187,-0.19843046367168427,-0.1954171359539032,0.6373994946479797,0.7184423208236694,-0.24553705751895905,-1.4560424089431763,0.3198665976524353
1789729877420281900,48.10828173828125,-0.19824178516864777,-0.19526411592960358,0.636142373085022,0.7196492552757263,-0.2468368262052536,-1.4525563716888428,0.31812217831611633
1789729877430219000,48.118218994140626,-0.1982290893793106,-0.19477936625480652,0.6344109773635864,0.7213106155395508,-0.24247795343399048,-1.4477275609970093,0.32183200120925903
1789729877440156400,48.128156494140626,-0.19850684702396393,-0.19418197870254517,0.6321504712104797,0.7233769297599792,-0.23460307717323303,-1.4415478706359863,0.32934829592704773
1789729877450093800,48.13809375,-0.19852407276630402,-0.19321836531162262,0.6295022964477539,0.7259350419044495,-0.22638477385044098,-1.4341073036193848,0.3363133668899536
1789729877460031200,48.14803125,-0.19892758131027222,-0.1927117109298706,0.6263796091079712,0.7286553382873535,-0.22065718472003937,-1.4257627725601196,0.34205901622772217
1789729877469969000,48.157968994140624,-0.19978325068950653,-0.19295282661914825,0.6229383945465088,0.7313026785850525,-0.21931283175945282,-1.4170905351638794,0.3452104926109314
1789729877479906600,48.167906494140624,-0.20038820803165436,-0.19351685047149658,0.6195645332336426,0.7338498830795288,-0.22316917777061462,-1.4087034463882446,0.34327390789985657
1789729877489844000,48.17784399414062,-0.20095644891262054,-0.1946450024843216,0.6164627075195312,0.7360051274299622,-0.2318173199892044,-1.401299238204956,0.33731284737586975
1789729877499781000,48.18778100585938,-0.20174553990364075,-0.19644461572170258,0.6138579845428467,0.737486720085144,-0.2437010258436203,-1.3955743312835693,0.32940414547920227
1789729877509718500,48.19771850585938,-0.2020578682422638,-0.19816391170024872,0.6121901869773865,0.7383270859718323,-0.2572409212589264,-1.3920893669128418,0.31896308064460754
1789729877519655700,48.20765576171875,-0.2023596465587616,-0.2000572830438614,0.6114770174026489,0.7383248209953308,-0.27159202098846436,-1.391135573387146,0.30788931250572205
1789729877529592300,48.21759228515625,-0.20174740254878998,-0.2013467252254486,0.6120150089263916,0.7376958131790161,-0.28703176975250244,-1.3928210735321045,0.2934078872203827
1789729877539529500,48.22752954101563,-0.20097243785858154,-0.20253466069698334,0.6135215163230896,0.7363294959068298,-0.3031923770904541,-1.3968863487243652,0.2777518928050995
1789729877549466600,48.237466552734375,-0.20009014010429382,-0.20361293852329254,0.6157311797142029,0.7344254851341248,-0.3202142119407654,-1.402665138244629,0.2608725130558014
1789729877559403500,48.24740356445312,-0.1990998387336731,-0.2046276181936264,0.6182934045791626,0.7322568297386169,-0.33894675970077515,-1.409262776374817,0.2420130968093872
1789729877569341000,48.2573408203125,-0.1981676071882248,-0.20565052330493927,0.6207891702651978,0.730108380317688,-0.35881444811820984,-1.4156782627105713,0.22212743759155273
1789729877579278000,48.26727807617188,-0.19826585054397583,-0.20737594366073608,0.6226894855499268,0.7279722690582275,-0.37807244062423706,-1.4212077856063843,0.2054428905248642
1789729877589215500,48.277215576171876,-0.19821026921272278,-0.20872583985328674,0.6242244839668274,0.7262850403785706,-0.39533814787864685,-1.4255690574645996,0.18999740481376648
1789729877599153700,48.28715356445313,-0.19897453486919403,-0.2104814499616623,0.6251475811004639,0.7247738838195801,-0.40948963165283203,-1.4288476705551147,0.17950724065303802
1789729877609091300,48.29709130859375,-0.19946354627609253,-0.21165993809700012,0.6259371042251587,0.7236139178276062,-0.4199274182319641,-1.4314751625061035,0.1714838594198227
1789729877619028500,48.30702856445313,-0.19988517463207245,-0.21250934898853302,0.6267324686050415,0.72255939245224,-0.4276060163974762,-1.4339988231658936,0.16563595831394196
1789729877628966000,48.3169658203125,-0.19974543154239655,-0.21264967322349548,0.6278089284896851,0.7216216325759888,-0.4332880675792694,-1.4367752075195312,0.15989729762077332
1789729877638903000,48.326903076171874,-0.19836343824863434,-0.21159082651138306,0.6293814182281494,0.7209440469741821,-0.4382234513759613,-1.4398698806762695,0.1512831151485443
1789729877648840400,48.33684033203125,-0.19687968492507935,-0.2103898674249649,0.6310783624649048,0.7202184796333313,-0.4431498050689697,-1.4432076215744019,0.14231662452220917
1789729877658777600,48.34677758789063,-0.1951889842748642,-0.2089860588312149,0.6329368948936462,0.7194560170173645,-0.44854673743247986,-1.4468141794204712,0.13227277994155884
1789729877668714800,48.35671484375,-0.19367806613445282,-0.20755204558372498,0.6347982883453369,0.7186390161514282,-0.4521928131580353,-1.4505422115325928,0.12420497834682465
1789729877678652000,48.36665185546875,-0.19291247427463531,-0.2065042108297348,0.6364054083824158,0.7177248001098633,-0.45243728160858154,-1.4541316032409668,0.12121876329183578
1789729877688589000,48.37658911132812,-0.1932642161846161,-0.2063804715871811,0.6374765038490295,0.7167145609855652,-0.4510131776332855,-1.4571512937545776,0.12292878329753876
1789729877698526200,48.38652612304688,-0.19453735649585724,-0.2072218954563141,0.6378336548805237,0.7158089876174927,-0.4497782588005066,-1.4590145349502563,0.1272558569908142
1789729877708463400,48.39646337890625,-0.19616061449050903,-0.2085072547197342,0.6375880241394043,0.7152113318443298,-0.4483988285064697,-1.4595834016799927,0.1329248994588852
1789729877718400800,48.40640087890625,-0.1967347264289856,-0.20904575288295746,0.6371895670890808,0.7152515053749084,-0.44790932536125183,-1.4589766263961792,0.13506917655467987
1789729877728338000,48.416337890625,-0.19760358333587646,-0.2100057303905487,0.6364043354988098,0.7154299020767212,-0.44852256774902344,-1.457608938217163,0.1371850222349167
1789729877738275600,48.426275634765624,-0.19763267040252686,-0.2102460265159607,0.6357938647270203,0.7158939242362976,-0.4492538273334503,-1.4560589790344238,0.13687872886657715
1789729877748213200,48.43621313476562,-0.19754473865032196,-0.2102697342634201,0.6353349685668945,0.7163184881210327,-0.4488859176635742,-1.454797625541687,0.13717332482337952
1789729877758150400,48.446150390625,-0.19709396362304688,-0.20993384718894958,0.635187029838562,0.7166723012924194,-0.44874221086502075,-1.4540706872940063,0.13616612553596497
1789729877768086300,48.45608618164062,-0.19647058844566345,-0.2093711644411087,0.6353622674942017,0.7168527245521545,-0.4485820531845093,-1.4540501832962036,0.13457204401493073
