time,seconds_elapsed,z,y,x
1789729829681234400,0.369234375,6.536170482635498,7.134122371673584,1.1216834783554077
1789729829691275300,0.379275146484375,6.598419666290283,7.086238384246826,1.0785878896713257
1789729829701316600,0.389316650390625,6.67982292175293,7.086238384246826,1.0402805805206299
1789729829711364000,0.399364013671875,6.8043212890625,7.105391979217529,1.035492181777954
1789729829721411600,0.40941162109375,6.890512466430664,7.114968776702881,1.0402805805206299
1789729829731217000,0.419216796875,6.933608055114746,7.095815181732178,1.0402805805206299
1789729829741031200,0.42903125,6.9910688400268555,7.071873188018799,0.9923965930938721
1789729829750850600,0.4388505859375,6.98628044128418,7.062296390533447,0.9445125460624695
1789729829760673300,0.44867333984375,6.890512466430664,7.076661586761475,0.8870517015457153
1789729829770498800,0.458498779296875,6.766014099121094,7.134122371673584,0.8104372620582581
1789729829780326700,0.46832666015625,6.675034523010254,7.186794757843018,0.729034423828125
1789729829790179800,0.478179931640625,6.631938934326172,7.1676411628723145,0.7146692276000977
1789729829800033500,0.488033447265625,6.598419666290283,7.129333972930908,0.7433996200561523
1789729829809888300,0.49788818359375,6.627150535583496,7.129333972930908,0.729034423828125
1789729829819759000,0.507759033203125,6.708553314208984,7.148487567901611,0.6955155730247498
1789729829829630200,0.517630126953125,6.799532890319824,7.119757175445557,0.7050924301147461
1789729829839504000,0.52750390625,6.861782073974609,7.110180377960205,0.7003039717674255
1789729829849380600,0.537380615234375,6.866570472717285,7.091026782989502,0.7003039717674255
1789729829859265000,0.54726513671875,6.847416877746582,7.08144998550415,0.7003039717674255
1789729829869149700,0.557149658203125,6.813898086547852,7.129333972930908,0.690727174282074
1789729829879036000,0.567035888671875,6.718130111694336,7.191583156585693,0.6955155730247498
1789729829888926500,0.576926513671875,6.607996463775635,7.196371555328369,0.7577648162841797
1789729829898816800,0.586816650390625,6.507440090179443,7.162852764129639,0.829590916633606
1789729829908710100,0.596710205078125,6.4595561027526855,7.186794757843018,0.8391677141189575
1789729829926678800,0.6146787109375,6.641515731811523,7.2801690101623535,0.889445960521698
1789729829936615000,0.624614990234375,6.799532890319824,7.2298903465271,0.9804255962371826
1789729829946552000,0.634552001953125,6.912060260772705,7.21791934967041,1.0307037830352783
1789729829956488200,0.64448828125,6.943184852600098,7.215525150299072,1.035492181777954
1789729829966421000,0.6544208984375,6.936002254486084,7.239467620849609,1.0283095836639404
1789729829976354800,0.664354736328125,6.933608055114746,7.270592212677002,1.0259153842926025
1789729829986289400,0.674289306640625,6.97430944442749,7.299322605133057,1.0283095836639404
1789729829996225500,0.6842255859375,6.943184852600098,7.253832817077637,1.095347285270691
1789729830006163000,0.694162841796875,6.868964672088623,7.215525150299072,1.1097124814987183
1789729830016101600,0.7041015625,6.777985095977783,7.256227016448975,1.0594342947006226
1789729830026040800,0.714040771484375,6.653486728668213,7.265803813934326,0.99479079246521
1789729830035980300,0.723980224609375,6.53377628326416,7.203554153442383,0.9660604000091553
1789729830045915400,0.733915283203125,6.476315498352051,7.191583156585693,0.9229647517204285
1789729830055850800,0.743850830078125,6.44279670715332,7.215525150299072,0.9157821536064148
1789729830065786000,0.7537861328125,6.53377628326416,7.292140007019043,0.9181763529777527
1789729830075722200,0.76372216796875,6.722918510437012,7.390900611877441,0.9588778018951416
1789729830085658400,0.773658447265625,6.797138690948486,7.374141216278076,1.0426748991012573
1789729830095595300,0.78359521484375,6.787561893463135,7.3454108238220215,1.116895079612732
1789729830105532700,0.79353271484375,6.732495307922363,7.4316020011901855,1.1408370733261108
1789729830115470800,0.803470947265625,6.610390663146973,7.524975776672363,1.1408370733261108
1789729830125407700,0.81340771484375,6.507440090179443,7.608773231506348,1.1336544752120972
1789729830137844000,0.825843994140625,6.478709697723389,7.781155586242676,1.116895079612732
1789729830147780600,0.835780517578125,6.507440090179443,7.790732383728027,1.1264718770980835
1789729830157717000,0.845717041015625,6.564900875091553,7.86734676361084,1.116895079612732
1789729830167653400,0.8556533203125,6.698976516723633,7.910442352294922,1.092953085899353
1789729830177589800,0.86558984375,6.9240312576293945,7.90086555480957,1.07379949092865
1789729830187529200,0.875529296875,7.101202011108398,7.848193168640137,1.07379949092865
1789729830197468700,0.88546875,7.101202011108398,7.814674377441406,1.0785878896713257
1789729830207426300,0.89542626953125,6.900089263916016,7.814674377441406,1.0546458959579468
1789729830217387000,0.905386962890625,6.62236213684082,7.881711959838867,1.0259153842926025
1789729830227373300,0.915373291015625,6.387730121612549,7.972691535949707,0.9780313968658447
1789729830237363200,0.92536328125,6.224924564361572,8.030152320861816,0.9205705523490906
1789729830247355400,0.93535546875,6.167463779449463,8.058882713317871,0.8678981065750122
1789729830257350400,0.945350341796875,6.186617374420166,8.125920295715332,0.7721300721168518
1789729830267347000,0.955346923828125,6.244078159332275,8.178592681884766,0.7003039717674255
1789729830277343500,0.965343505859375,6.210559368133545,8.097189903259277,0.7433996200561523
1789729830287340000,0.975340087890625,6.100425720214844,8.034940719604492,0.8008604645729065
1789729830297353500,0.985353515625,5.898714542388916,8.097189903259277,0.7960720658302307
1789729830309339000,0.9973388671875,5.439027786254883,8.279149055480957,0.645237386226654
1789729830319149800,1.00714990234375,5.309741020202637,8.360552787780762,0.5728127360343933
1789729830328973000,1.01697314453125,5.309741020202637,8.396465301513672,0.5297171473503113
1789729830338825500,1.026825439453125,5.429450988769531,8.355764389038086,0.49140989780426025
1789729830348701200,1.036701171875,5.606621742248535,8.279149055480957,0.39564183354377747
1789729830358603500,1.046603515625,5.745485305786133,8.221688270568848,0.21847090125083923
1789729830368535600,1.05653564453125,5.817311763763428,8.190564155578613,0.03651157766580582
1789729830378516500,1.0665166015625,5.750273704528809,8.145073890686035,-0.04728548228740692
1789729830388529200,1.076529052734375,5.594650745391846,8.109161376953125,-0.10474632680416107
1789729830398559700,1.086559814453125,5.436633586883545,8.097189903259277,-0.17417816817760468
1789729830408596200,1.09659619140625,5.2714338302612305,8.133103370666504,-0.20769700407981873
1789729830418532900,1.106532958984375,5.1134161949157715,8.188169479370117,-0.22445641458034515
1789729830428469200,1.11646923828125,5.022436618804932,8.276755332946777,-0.22924481332302094
1789729830438405600,1.126405517578125,4.9386396408081055,8.478466987609863,-0.27712884545326233
1789729830448342000,1.136342041015625,4.806359767913818,8.686761856079102,-0.29867666959762573
1789729830458278400,1.1462783203125,4.662707805633545,8.796895980834961,-0.26755204796791077
1789729830468214800,1.15621484375,4.547786235809326,8.904634475708008,-0.2579752206802368
1789729830478151400,1.1661513671875,4.547786235809326,9.007585525512695,-0.26755204796791077
1789729830488087800,1.176087890625,4.622006416320801,8.995614051818848,-0.2890998423099518
1789729830498024700,1.186024658203125,4.643554210662842,8.94533634185791,-0.29628247022628784
1789729830507960300,1.195960205078125,4.523844242095947,8.902240753173828,-0.33698388934135437
1789729830517896700,1.205896728515625,4.3610382080078125,8.859145164489746,-0.36332011222839355
1789729830527833600,1.21583349609375,4.135983467102051,8.859145164489746,-0.3345896899700165
1789729830537770000,1.22577001953125,3.8821980953216553,8.91421127319336,-0.3274070918560028
1789729830547706600,1.23570654296875,3.685275077819824,9.007585525512695,-0.3561375141143799
1789729830557643000,1.24564306640625,3.6493618488311768,9.06983470916748,-0.4231751561164856
1789729830567579400,1.255579345703125,3.6062662601470947,9.045892715454102,-0.48303020000457764
1789729830577515800,1.265515869140625,3.5009214878082275,9.0051908493042,-0.5746083855628967
1789729830587452200,1.2754521484375,3.359663486480713,9.0051908493042,-0.6751648783683777
1789729830597388800,1.285388916015625,3.206434726715088,9.029132843017578,-0.7230489253997803
1789729830607325200,1.2953251953125,2.9765913486480713,9.012373924255371,-0.6943184733390808
1789729830617261600,1.305261474609375,2.7323827743530273,8.998008728027344,-0.7254431247711182
1789729830627198000,1.315197998046875,2.559401512145996,9.060257911682129,-0.7829039692878723
1789729830637134300,1.32513427734375,2.4229321479797363,9.074623107910156,-0.7876923680305481
1789729830647070700,1.33507080078125,2.3319525718688965,9.01476764678955,-0.7086837291717529
1789729830657006800,1.3450068359375,2.296039342880249,8.971672058105469,-0.667982280254364
1789729830666943200,1.354943115234375,2.2912509441375732,8.942941665649414,-0.6967126727104187
1789729830676879600,1.364879638671875,2.3056161403656006,8.91181755065918,-0.7158663272857666
1789729830686816000,1.37481591796875,2.274491548538208,8.880692481994629,-0.6751648783683777
1789729830696752400,1.38475244140625,2.2026655673980713,8.861538887023926,-0.6200982332229614
1789729830706689300,1.394689208984375,2.1356279850006104,8.808866500854492,-0.5841852426528931
1789729830716626200,1.404626220703125,2.123656988143921,8.768165588378906,-0.5626373887062073
1789729830726562600,1.4145625,2.1068975925445557,8.753800392150879,-0.5291185975074768
1789729830736499000,1.4244990234375,2.0422539710998535,8.749011993408203,-0.46148237586021423
1789729830746435300,1.434435302734375,1.9752163887023926,8.775347709655762,-0.3968389332294464
1789729830756371700,1.444371826171875,1.9488801956176758,8.808866500854492,-0.3824737071990967
1789729830766308000,1.45430810546875,1.941697597503662,8.816049575805664,-0.3489548861980438
1789729830776244500,1.464244384765625,1.9991583824157715,8.818443298339844,-0.3345896899700165
1789729830786180900,1.474180908203125,2.140416383743286,8.839991569519043,-0.29628247022628784
1789729830796117200,1.4841171875,2.2385785579681396,8.89026927947998,-0.24839842319488525
1789729830806053400,1.494053466796875,2.274491548538208,8.935759544372559,-0.1909375786781311
1789729830815989800,1.50398974609375,2.3367409706115723,9.01476764678955,-0.15502455830574036
1789729830825926100,1.513926025390625,2.454056739807129,9.12729549407959,-0.10474632680416107
1789729830835862500,1.523862548828125,2.4875755310058594,9.201516151428223,-0.0017956512747332454
1789729830845799000,1.533798828125,2.473210334777832,9.206304550170898,0.07960720360279083
1789729830855735300,1.5437353515625,2.4660277366638184,9.254188537597656,0.09157821536064148
1789729830865671700,1.553671630859375,2.456450939178467,9.30925464630127,0.0867898091673851
1789729830875608000,1.563608154296875,2.4444799423217773,9.323619842529297,0.06524199992418289
1789729830885544400,1.57354443359375,2.537853717803955,9.321226119995117,0.055665191262960434
1789729830895481000,1.583481201171875,2.7299885749816895,9.258976936340332,0.09397241473197937
1789729830905417500,1.59341748046875,2.9215245246887207,9.165602684020996,0.08918401598930359
1789729830915353900,1.603353759765625,3.069965124130249,9.122507095336914,0.03651157766580582
1789729830925290200,1.613290283203125,3.180098295211792,9.136872291564941,-0.04967968538403511
1789729830935227000,1.623226806640625,3.199252128601074,9.117718696594238,-0.12868833541870117
1789729830945163300,1.633163330078125,3.153762102127075,9.134477615356445,-0.15502455830574036
1789729830955099600,1.643099609375,3.04602313041687,9.189544677734375,-0.13347674906253815
1789729830965036300,1.653036376953125,2.9239187240600586,9.280524253845215,-0.09038111567497253
1789729830974972700,1.66297265625,2.868852138519287,9.388263702392578,-0.10235211998224258
1789729830984909000,1.672908935546875,2.892794132232666,9.476848602294922,-0.11911153793334961
1789729830994845400,1.682845458984375,2.9239187240600586,9.476848602294922,-0.08080431073904037
1789729831004782800,1.692782958984375,2.873640537261963,9.43135929107666,-0.05925649031996727
1789729831014719500,1.702719482421875,2.830544948577881,9.416994094848633,-0.13347674906253815
1789729831024656000,1.71265576171875,2.8353333473205566,9.443329811096191,-0.22445641458034515
1789729831034592300,1.72259228515625,2.8616695404052734,9.393052101135254,-0.21009120345115662
1789729831044528600,1.732528564453125,2.866457939147949,9.323619842529297,-0.15502455830574036
1789729831054465000,1.742465087890625,2.9047651290893555,9.349956512451172,-0.14065934717655182
1789729831064401400,1.7524013671875,2.9311013221740723,9.409811019897461,-0.15981295704841614
1789729831074337800,1.762337890625,2.935889720916748,9.436147689819336,-0.17178396880626678
1789729831084274200,1.772274169921875,2.9718029499053955,9.462483406066895,-0.1933317929506302
1789729831094210600,1.78221044921875,3.022081136703491,9.493608474731445,-0.19572599232196808
1789729831104146700,1.792146728515625,3.0795419216156006,9.496002197265625,-0.14784196019172668
1789729831114083000,1.8020830078125,3.134608507156372,9.46727180480957,-0.03292027488350868
1789729831124019500,1.81201953125,3.1465795040130615,9.486425399780273,0.058059390634298325
1789729831133955800,1.821955810546875,3.093907117843628,9.510367393493652,0.12270283699035645
1789729831143892200,1.831892333984375,3.04602313041687,9.55585765838623,0.14903905987739563
1789729831153828600,1.84182861328125,3.0555999279022217,9.517550468444824,0.16101007163524628
1789729831163765000,1.851764892578125,3.0651767253875732,9.40023422241211,0.13946224749088287
1789729831173701400,1.861701416015625,3.072359323501587,9.270947456359863,0.07721300423145294
1789729831183638000,1.871637939453125,3.1010897159576416,9.213486671447754,-0.011372458189725876
1789729831193574400,1.881574462890625,3.1010897159576416,9.182361602783203,-0.06883329898118973
1789729831203510800,1.8915107421875,3.074753522872925,9.144054412841797,-0.10714052617549896
1789729831213447400,1.901447509765625,3.0579941272735596,9.139266014099121,-0.13826514780521393
1789729831223383800,1.9113837890625,3.005321741104126,9.170391082763672,-0.15263035893440247
1789729831233320200,1.9213203125,2.8999767303466797,9.199121475219727,-0.13108254969120026
1789729831243256800,1.9312568359375,2.804208755493164,9.244611740112305,-0.12629413604736328
1789729831253193200,1.941193115234375,2.741959571838379,9.318831443786621,-0.1430535465478897
1789729831263129600,1.951129638671875,2.672527551651001,9.37629222869873,-0.1454477459192276
1789729831273066000,1.96106591796875,2.6408045291900635,9.419387817382812,-0.1646013706922531
1789729831283002600,1.971002685546875,2.646191358566284,9.452906608581543,-0.18136078119277954
1789729831292939000,1.98093896484375,2.626439332962036,9.496002197265625,-0.15741875767707825
1789729831302875400,1.99087548828125,2.5929205417633057,9.510367393493652,-0.13587094843387604
1789729831312812000,2.00081201171875,2.646191358566284,9.5223388671875,-0.15981295704841614
1789729831322748400,2.01074853515625,2.737171173095703,9.486425399780273,-0.15741875767707825
1789729831332684800,2.020684814453125,2.7946319580078125,9.421782493591309,-0.1215057373046875
1789729831342621200,2.03062109375,2.7994203567504883,9.393052101135254,-0.11671733111143112
1789729831352557800,2.040557861328125,2.8353333473205566,9.39784049987793,-0.13587094843387604
1789729831362494200,2.050494140625,2.868852138519287,9.349956512451172,-0.13347674906253815
1789729831372430600,2.0604306640625,2.916736125946045,9.232640266418457,-0.15263035893440247
1789729831382367200,2.0703671875,2.9741971492767334,9.134477615356445,-0.20290859043598175
1789729831392303600,2.0803037109375,3.0388405323028564,9.091382026672363,-0.2651578485965729
1789729831402240000,2.090239990234375,3.0986955165863037,9.029132843017578,-0.3010708689689636
1789729831412176400,2.10017626953125,3.1513679027557373,8.969278335571289,-0.31543606519699097
1789729831422113000,2.110113037109375,3.20404052734375,8.94773006439209,-0.34656068682670593
1789729831432049400,2.12004931640625,3.206434726715088,8.94773006439209,-0.34656068682670593
1789729831441985800,2.12998583984375,3.1417911052703857,8.964489936828613,-0.36571431159973145
1789729831451922400,2.13992236328125,3.0555999279022217,9.043498039245605,-0.36810851097106934
1789729831461858800,2.14985888671875,2.9502551555633545,9.151237487792969,-0.36092591285705566
1789729831471795200,2.159795166015625,2.8592753410339355,9.24940013885498,-0.34177228808403015
1789729831481731600,2.169731689453125,2.787449359893799,9.321226119995117,-0.29149407148361206
1789729831491668200,2.179668212890625,2.7252001762390137,9.383475303649902,-0.20530278980731964
1789729831501604600,2.1896044921875,2.6773159503936768,9.438541412353516,-0.12868833541870117
1789729831511541000,2.199541015625,2.653373956680298,9.484031677246094,-0.04010287672281265
1789729831521477600,2.2094775390625,2.63362193107605,9.48882007598877,-0.023343466222286224
1789729831531414000,2.2194140625,2.6557681560516357,9.49121379852295,-0.10235211998224258
1789729831541350400,2.229350341796875,2.782660961151123,9.493608474731445,-0.15981295704841614
1789729831551287000,2.239287109375,2.892794132232666,9.460089683532715,-0.11432313174009323
1789729831561223400,2.249223388671875,2.8999767303466797,9.40023422241211,0.0077811554074287415
1789729831571159800,2.259159912109375,2.914341926574707,9.388263702392578,0.07481880486011505
1789729831581096200,2.26909619140625,2.852092742919922,9.460089683532715,0.09157821536064148
1789729831591032800,2.27903271484375,2.718017578125,9.5007905960083,0.09876082092523575
1789729831600969200,2.28896923828125,2.670133352279663,9.49121379852295,0.06763619929552078
1789729831610905600,2.298905517578125,2.6653449535369873,9.479243278503418,0.01735796220600605
1789729831620842200,2.30884228515625,2.6773159503936768,9.421782493591309,-0.025737667456269264
1789729831630778600,2.318778564453125,2.7682957649230957,9.366715431213379,-0.06643909960985184
1789729831640715000,2.328715087890625,2.8784289360046387,9.345168113708496,-0.0975637212395668
1789729831650652400,2.33865234375,3.00053334236145,9.335591316223145,-0.09038111567497253
1789729831660588800,2.3485888671875,3.0125043392181396,9.321226119995117,-0.07841010391712189
1789729831670525200,2.358525146484375,2.959831953048706,9.28531265258789,-0.076015904545784
1789729831680461800,2.3684619140625,2.8999767303466797,9.266159057617188,-0.10235211998224258
1789729831690397400,2.3783974609375,2.895188331604004,9.254188537597656,-0.10714052617549896
1789729831700333300,2.388333251953125,2.897582530975342,9.24940013885498,-0.12389993667602539
1789729831710269700,2.398269775390625,2.876034736633301,9.287707328796387,-0.15263035893440247
1789729831720206300,2.408206298828125,2.828150749206543,9.326014518737793,-0.12629413604736328
1789729831730143200,2.418143310546875,2.8113913536071777,9.316437721252441,-0.08798690885305405
1789729831740080600,2.42808056640625,2.8640637397766113,9.311649322509766,-0.07841010391712189
1789729831750017000,2.43801708984375,2.959831953048706,9.299677848815918,-0.07841010391712189
1789729831759953400,2.447953369140625,3.0651767253875732,9.282918930053711,-0.0736217051744461
1789729831769890300,2.457890380859375,3.1729156970977783,9.268553733825684,-0.08798690885305405
1789729831779826000,2.467825927734375,3.2351651191711426,9.235034942626953,-0.11671733111143112
1789729831789761300,2.47776123046875,3.2567129135131836,9.201516151428223,-0.1693897694349289
1789729831799697200,2.487697265625,3.2112231254577637,9.201516151428223,-0.20530278980731964
1789729831809633300,2.49763330078125,3.1417911052703857,9.19433307647705,-0.21009120345115662
1789729831819569700,2.507569580078125,3.067570924758911,9.220669746398926,-0.20769700407981873
1789729831829506300,2.51750634765625,3.007715940475464,9.24940013885498,-0.1909375786781311
1789729831839443200,2.527443115234375,2.9933507442474365,9.275735855102539,-0.1646013706922531
1789729831849380400,2.53738037109375,3.0340521335601807,9.292495727539062,-0.10714052617549896
1789729831859317200,2.547317138671875,3.072359323501587,9.299677848815918,-0.04010287672281265
1789729831869254400,2.55725439453125,3.110666513442993,9.292495727539062,0.0005985504249110818
1789729831879190800,2.567190673828125,3.180098295211792,9.294889450073242,0.012569558806717396
1789729831889127400,2.57712744140625,3.2399535179138184,9.30925464630127,0.01735796220600605
1789729831899063800,2.587063720703125,3.1896753311157227,9.287707328796387,0.050876785069704056
1789729831909000200,2.597000244140625,3.0867245197296143,9.268553733825684,0.0293289702385664
1789729831918936800,2.606936767578125,3.0196869373321533,9.316437721252441,-0.04010287672281265
1789729831928874500,2.61687451171875,3.029263734817505,9.345168113708496,-0.11432313174009323
1789729831938808300,2.626808349609375,3.0795419216156006,9.290101051330566,-0.15502455830574036
1789729831948742700,2.63674267578125,3.18249249458313,9.201516151428223,-0.17417816817760468
1789729831958677200,2.64667724609375,3.2974143028259277,9.12729549407959,-0.20530278980731964
1789729831968612900,2.65661279296875,3.402759075164795,9.081805229187012,-0.2124854028224945
1789729831978549500,2.666549560546875,3.488950490951538,9.067440032958984,-0.21966800093650818
1789729831988486700,2.676486572265625,3.5679590702056885,9.074623107910156,-0.2364274114370346
1789729831998424600,2.686424560546875,3.6110546588897705,9.067440032958984,-0.25079262256622314
1789729832008363300,2.69636328125,3.5895068645477295,9.029132843017578,-0.22685061395168304
1789729832018301200,2.70630126953125,3.5464112758636475,9.026739120483398,-0.20051439106464386
1789729832028237800,2.71623779296875,3.5057098865509033,9.065046310424805,-0.22206220030784607
1789729832038174200,2.72617431640625,3.445854902267456,9.112930297851562,-0.262763649225235
1789729832048110600,2.736110595703125,3.376422882080078,9.134477615356445,-0.284311443567276
1789729832058047000,2.746046875,3.3189620971679688,9.144054412841797,-0.284311443567276
1789729832067983600,2.755983642578125,3.3405098915100098,9.139266014099121,-0.27712884545326233
1789729832077919700,2.765919677734375,3.448249101638794,9.115324020385742,-0.2555810213088989
1789729832087856400,2.7758564453125,3.5416228771209717,9.091382026672363,-0.22685061395168304
1789729832097793000,2.78579296875,3.603872060775757,9.07222843170166,-0.22924481332302094
1789729832107729400,2.7957294921875,3.6804866790771484,9.10574722290039,-0.24121582508087158
1789729832117665800,2.805665771484375,3.66851544380188,9.117718696594238,-0.22685061395168304
1789729832127602200,2.815602294921875,3.5464112758636475,9.165602684020996,-0.19572599232196808
1789729832137538800,2.825538818359375,3.4171242713928223,9.254188537597656,-0.16220717132091522
1789729832147475200,2.83547509765625,3.3452982902526855,9.302072525024414,-0.13826514780521393
1789729832157412000,2.845412109375,3.3692402839660645,9.302072525024414,-0.12629413604736328
1789729832167347700,2.85534765625,3.3883938789367676,9.28531265258789,-0.10953472554683685
1789729832177283300,2.865283447265625,3.424306869506836,9.275735855102539,-0.11432313174009323
1789729832187219200,2.87521923828125,3.510498285293579,9.247005462646484,-0.09516951441764832
1789729832197155000,2.885155029296875,3.5703532695770264,9.21588134765625,-0.04967968538403511
1789729832207091500,2.895091552734375,3.599083662033081,9.196727752685547,0.005386953707784414
1789729832217028000,2.905028076171875,3.639785051345825,9.208698272705078,0.048482585698366165
1789729832226965000,2.914965087890625,3.663727045059204,9.203909873962402,0.10115502029657364
1789729832236902100,2.924902099609375,3.620631456375122,9.201516151428223,0.16579847037792206
1789729832246839600,2.934839599609375,3.5464112758636475,9.230246543884277,0.17537526786327362
1789729832256776200,2.944776123046875,3.4841620922088623,9.290101051330566,0.13706804811954498
1789729832266712000,2.954712158203125,3.426701068878174,9.299677848815918,0.12749123573303223
1789729832276647700,2.964647705078125,3.330933094024658,9.287707328796387,0.1322796493768692
1789729832286583800,2.974583740234375,3.230376720428467,9.304466247558594,0.12749123573303223
1789729832296520400,2.9845205078125,3.175309896469116,9.323619842529297,0.13946224749088287
1789729832306457000,2.99445703125,3.1633388996124268,9.330802917480469,0.17537526786327362
1789729832316394000,3.00439404296875,3.20404052734375,9.326014518737793,0.18495208024978638
1789729832326331400,3.014331298828125,3.3500866889953613,9.294889450073242,0.18974047899246216
1789729832336268500,3.0242685546875,3.5009214878082275,9.199121475219727,0.19452889263629913
1789729832346204000,3.034203857421875,3.5847184658050537,9.122507095336914,0.1777694821357727
1789729832356139300,3.04413916015625,3.558382272720337,9.110535621643066,0.11791443079710007
1789729832366075000,3.054074951171875,3.4530375003814697,9.10574722290039,0.04369417950510979
1789729832376010800,3.0640107421875,3.3500866889953613,9.141660690307617,-0.018555063754320145
1789729832385948200,3.0739482421875,3.2351651191711426,9.206304550170898,-0.03292027488350868
1789729832395885600,3.083885498046875,3.1298201084136963,9.28531265258789,-0.028131870552897453
1789729832405823000,3.093822998046875,3.053205728530884,9.323619842529297,-0.018555063754320145
1789729832415759600,3.103759521484375,3.0771477222442627,9.323619842529297,-0.025737667456269264
1789729832425696000,3.113696044921875,3.156156301498413,9.321226119995117,-0.05446808785200119
1789729832435632400,3.12363232421875,3.2567129135131836,9.326014518737793,-0.04967968538403511
1789729832445569000,3.133569091796875,3.362057685852051,9.30686092376709,-0.04010287672281265
1789729832455505400,3.14350537109375,3.4985272884368896,9.25179386138916,-0.028131870552897453
1789729832465441300,3.153441162109375,3.6110546588897705,9.187150001525879,0.010175357572734356
1789729832475377000,3.163376953125,3.603872060775757,9.117718696594238,0.0628477931022644
1789729832485313000,3.17331298828125,3.5224692821502686,9.153631210327148,0.02214636653661728
1789729832495249200,3.183249267578125,3.421912670135498,9.278130531311035,-0.06643909960985184
1789729832505185500,3.193185546875,3.3237504959106445,9.27334213256836,-0.06643909960985184
1789729832515122200,3.2031220703125,3.2327709197998047,9.256582260131836,-0.06404489278793335
1789729832525059000,3.21305908203125,3.117849111557007,9.316437721252441,-0.07841010391712189
1789729832534996000,3.222995849609375,2.9933507442474365,9.414599418640137,-0.08080431073904037
1789729832544932900,3.232932861328125,2.9478609561920166,9.428964614868164,-0.0520738884806633
1789729832554870000,3.2428701171875,2.957437753677368,9.383475303649902,-0.04249707981944084
1789729832564806400,3.252806396484375,2.9502551555633545,9.330802917480469,-0.07841010391712189
1789729832574742500,3.262742431640625,2.9502551555633545,9.266159057617188,-0.14784196019172668
1789729832584679000,3.272678955078125,3.0101101398468018,9.144054412841797,-0.2124854028224945
1789729832594615000,3.282614990234375,3.0579941272735596,8.986037254333496,-0.22685061395168304
1789729832604551200,3.29255126953125,3.026869535446167,8.863933563232422,-0.2651578485965729
1789729832614487600,3.302487548828125,3.026869535446167,8.792107582092285,-0.32022446393966675
1789729832624424000,3.312423828125,3.04602313041687,8.756194114685059,-0.3705027103424072
1789729832634360800,3.32236083984375,3.0412347316741943,8.705916404724121,-0.4231751561164856
1789729832644298200,3.33229833984375,3.0555999279022217,8.67718505859375,-0.4471171796321869
1789729832654234600,3.342234619140625,3.053205728530884,8.679579734802246,-0.4231751561164856
1789729832664169700,3.352169677734375,3.096301317214966,8.710704803466797,-0.3800795078277588
1789729832674105000,3.36210498046875,3.180098295211792,8.770559310913086,-0.2890998423099518
1789729832684040700,3.372040771484375,3.268683910369873,8.847173690795898,-0.21009120345115662
1789729832693976800,3.381976806640625,3.402759075164795,8.899846076965332,-0.10474632680416107
1789729832703913500,3.39191357421875,3.5296518802642822,8.938153266906738,0.01735796220600605
1789729832713850400,3.401850341796875,3.5703532695770264,9.012373924255371,0.07242459803819656
1789729832723787800,3.411787841796875,3.5631706714630127,9.156025886535645,0.06524199992418289
1789729832733725200,3.42172509765625,3.5631706714630127,9.318831443786621,0.048482585698366165
1789729832743663400,3.431663330078125,3.512892484664917,9.455301284790039,0.10354922711849213
1789729832753599000,3.441598876953125,3.4386723041534424,9.582193374633789,0.21607670187950134
1789729832763534800,3.451534912109375,3.397970676422119,9.68813705444336,0.2974795699119568
1789729832773470700,3.461470703125,3.3859996795654297,9.771934509277344,0.3908534348011017
1789729832783406600,3.471406494140625,3.405153274536133,9.769539833068848,0.49380409717559814
1789729832793343200,3.48134326171875,3.4626142978668213,9.726444244384766,0.5321113467216492
1789729832803280100,3.491280029296875,3.579930067062378,9.609128952026367,0.46746787428855896
1789729832813217000,3.501217041015625,3.692457675933838,9.486425399780273,0.3669114112854004
1789729832823154200,3.511154296875,3.759495258331299,9.330802917480469,0.28550854325294495
1789729832833091000,3.521091064453125,3.803189516067505,9.179967880249023,0.19692309200763702
1789729832843027500,3.53102734375,3.8319199085235596,9.053074836730957,0.10594342648983002
1789729832852964000,3.540964111328125,3.8343141078948975,8.916605949401855,0.02693476900458336
1789729832862900500,3.550900390625,3.824737310409546,8.78731918334961,-0.03292027488350868
1789729832872836900,3.5608369140625,3.8079779148101807,8.7083101272583,-0.06883329898118973
1789729832882773500,3.5707734375,3.7888240814208984,8.660426139831543,-0.09277531504631042
1789729832892710000,3.5807099609375,3.7403416633605957,8.595782279968262,-0.09038111567497253
1789729832902646300,3.590646240234375,3.694851875305176,8.564658164978027,-0.13108254969120026
1789729832912583000,3.6005830078125,3.6756980419158936,8.581417083740234,-0.16220717132091522
1789729832922518500,3.6105185546875,3.639785051345825,8.610147476196289,-0.15741875767707825
1789729832932454100,3.6204541015625,3.582324266433716,8.658031463623047,-0.11671733111143112
1789729832942390000,3.63039013671875,3.510498285293579,8.756194114685059,-0.0975637212395668
1789729832952326100,3.640326171875,3.4626142978668213,8.897452354431152,-0.0999579206109047
1789729832962262500,3.650262451171875,3.41951847076416,9.031527519226074,-0.08080431073904037
1789729832972199400,3.660199462890625,3.359663486480713,9.12729549407959,-0.04010287672281265
1789729832982136300,3.67013623046875,3.309385299682617,9.244611740112305,-0.025737667456269264
1789729832992073500,3.680073486328125,3.2974143028259277,9.37389850616455,-0.03770867735147476
1789729833002011100,3.69001123046875,3.2830491065979004,9.505578994750977,0.01975216343998909
1789729833011947500,3.699947509765625,3.2854433059692383,9.586981773376465,0.13946224749088287
1789729833021884000,3.7098837890625,3.2998085021972656,9.647436141967773,0.2495955228805542
1789729833031820300,3.7198203125,3.400364875793457,9.700108528137207,0.2998737692832947
1789729833041757200,3.729757080078125,3.5416228771209717,9.704896926879883,0.39564183354377747
1789729833051693000,3.739693115234375,3.539228677749634,9.62828254699707,0.5033808946609497
1789729833061629000,3.74962890625,3.4123358726501465,9.55585765838623,0.4985924959182739
1789729833071564800,3.759564697265625,3.3261446952819824,9.49121379852295,0.3429693877696991
1789729833081501200,3.769501220703125,3.330933094024658,9.30686092376709,0.2017114907503128
1789729833091438000,3.77943798828125,3.400364875793457,9.033921241760254,0.09636662155389786
1789729833101374700,3.789374755859375,3.5176808834075928,8.792107582092285,-0.0017956512747332454
1789729833111311600,3.7993115234375,3.709217071533203,8.646060943603516,-0.076015904545784
1789729833121249300,3.809249267578125,3.930082082748413,8.511985778808594,-0.09277531504631042
1789729833131184400,3.819184326171875,4.0545806884765625,8.406042098999023,-0.08319851011037827
1789729833141120000,3.8291201171875,4.116829872131348,8.434772491455078,-0.07841010391712189
1789729833151056400,3.839056396484375,4.107253074645996,8.543109893798828,-0.07122749835252762
1789729833160992800,3.84899267578125,4.021061897277832,8.653243064880371,-0.05925649031996727
1789729833170929400,3.858929443359375,3.949235677719116,8.727463722229004,-0.0017956512747332454
1789729833180866300,3.8688662109375,3.843890905380249,8.811261177062988,0.09636662155389786
1789729833190803700,3.8788037109375,3.6541502475738525,8.866327285766602,0.1538274586200714
1789729833200740400,3.888740234375,3.4769794940948486,8.935759544372559,0.14903905987739563
1789729833210677000,3.898677001953125,3.41951847076416,9.007585525512695,0.13706804811954498
1789729833220613400,3.90861328125,3.400364875793457,8.988431930541992,0.1538274586200714
1789729833230549800,3.9185498046875,3.4171242713928223,8.89026927947998,0.19931729137897491
1789729833240486400,3.928486328125,3.4338839054107666,8.828020095825195,0.18974047899246216
1789729833250422800,3.9384228515625,3.4841620922088623,8.835203170776367,0.15143325924873352
1789729833260359200,3.948359130859375,3.642179250717163,8.866327285766602,0.12030863761901855
1789729833270295600,3.958295654296875,3.884592294692993,8.842385292053223,0.13946224749088287
1789729833280232200,3.968232177734375,4.066551685333252,8.794501304626465,0.1777694821357727
1789729833290168600,3.97816845703125,4.224568843841553,8.811261177062988,0.2041056901216507
1789729833300105000,3.98810498046875,4.320336818695068,8.863933563232422,0.20889410376548767
1789729833310041600,3.99804150390625,4.413711071014404,8.916605949401855,0.17298106849193573
1789729833319978000,4.00797802734375,4.435258865356445,8.94773006439209,0.17058686912059784
1789729833329914400,4.017914306640625,4.325125217437744,8.97885513305664,0.16101007163524628
1789729833339850800,4.027850830078125,4.128800868988037,9.057863235473633,0.09636662155389786
1789729833349787400,4.037787353515625,3.9612066745758057,9.148842811584473,-0.028131870552897453
1789729833359723800,4.047723876953125,3.824737310409546,9.227851867675781,-0.0975637212395668
1789729833369660200,4.05766015625,3.6373908519744873,9.258976936340332,-0.12629413604736328
1789729833379596800,4.0675966796875,3.5057098865509033,9.323619842529297,-0.17896658182144165
1789729833389533200,4.077533203125,3.5057098865509033,9.448118209838867,-0.3106476664543152
1789729833399469600,4.087469482421875,3.553593873977661,9.543886184692383,-0.3082534670829773
1789729833409406200,4.09740625,3.4626142978668213,9.611522674560547,-0.22445641458034515
1789729833419342600,4.107342529296875,3.3716344833374023,9.767146110534668,-0.18136078119277954
1789729833429279000,4.117279052734375,3.3285388946533203,10.001777648925781,-0.11432313174009323
1789729833439215400,4.12721533203125,3.160944700241089,10.169371604919434,0.09636662155389786
1789729833449152000,4.137152099609375,2.890399932861328,10.214861869812012,0.33099839091300964
1789729833459088400,4.14708837890625,2.609679937362671,10.29865837097168,0.414795458316803
1789729833469024800,4.157024658203125,2.300827741622925,10.411186218261719,0.383670836687088
1789729833478961400,4.16696142578125,1.98958158493042,10.504559516906738,0.3597288131713867
1789729833488897800,4.176897705078125,1.8195933103561401,10.54526138305664,0.2735375463962555
1789729833498834200,4.186834228515625,1.764526605606079,10.521319389343262,0.26156654953956604
1789729833508770600,4.1967705078125,1.7142484188079834,10.392032623291016,0.3477577865123749
1789729833518707200,4.206707275390625,1.678335428237915,10.257957458496094,0.3693056106567383
1789729833528643600,4.2166435546875,1.7357962131500244,10.200496673583984,0.3166331648826599
1789729833538580000,4.226580078125,1.8076223134994507,10.133459091186523,0.2974795699119568
1789729833548516600,4.2365166015625,1.843535304069519,10.049661636352539,0.28790274262428284
1789729833558453000,4.246452880859375,1.9632453918457031,9.96825885772705,0.23762452602386475
1789729833568389400,4.256389404296875,2.1164743900299072,9.891644477844238,0.21128830313682556
1789729833578325800,4.26632568359375,2.169146776199341,9.795876502990723,0.2519897222518921
1789729833588262400,4.276262451171875,2.205059766769409,9.726444244384766,0.25677812099456787
1789729833598198800,4.28619873046875,2.231395959854126,9.731232643127441,0.16101007163524628
1789729833608135200,4.29613525390625,2.166752576828003,9.676166534423828,0.14903905987739563
1789729833618071800,4.30607177734375,2.073378562927246,9.546280860900879,0.09157821536064148
1789729833628008200,4.31600830078125,1.9273324012756348,9.496002197265625,0.03411737456917763
1789729833637944600,4.325944580078125,1.7357962131500244,9.512762069702148,0.07960720360279083
1789729833647881000,4.335880859375,1.522712230682373,9.548674583435059,0.17537526786327362
1789729833657817600,4.345817626953125,1.301847219467163,9.676166534423828,0.228047713637352
1789729833667754000,4.35575390625,1.1150994300842285,9.786299705505371,0.20889410376548767
1789729833677690400,4.3656904296875,0.983418345451355,9.769539833068848,0.16579847037792206
1789729833687627000,4.375626953125,0.9259575009346008,9.853337287902832,0.17298106849193573
1789729833697563400,4.3855634765625,0.9642647504806519,9.920374870300293,0.19452889263629913
1789729833707499800,4.395499755859375,1.1725603342056274,9.889249801635742,0.292691171169281
1789729833717436400,4.4054365234375,1.647210717201233,9.829395294189453,0.4626794755458832
1789729833727373600,4.41537353515625,2.0925323963165283,9.668983459472656,0.44592007994651794
1789729833737310200,4.425310302734375,2.3032219409942627,9.46487808227539,0.22086510062217712
1789729833747246600,4.43524658203125,2.341529369354248,9.323619842529297,0.18734627962112427
1789729833757183000,4.445182861328125,2.1164743900299072,9.134477615356445,0.1586158573627472
1789729833767119600,4.45511962890625,1.9081788063049316,9.108141899108887,0.048482585698366165
1789729833777055500,4.465055419921875,1.644816517829895,9.167996406555176,-0.011372458189725876
1789729833786991400,4.474991455078125,1.522712230682373,9.19433307647705,0.0077811554074287415
1789729833796927500,4.484927490234375,1.558625340461731,9.297284126281738,0.053270988166332245
1789729833806864400,4.494864501953125,1.5825673341751099,9.37629222869873,0.07481880486011505
1789729833816801300,4.50480126953125,1.5514427423477173,9.369110107421875,0.12030863761901855
1789729833826738200,4.51473828125,1.6328455209732056,9.503185272216797,0.02214636653661728
1789729833836675000,4.524675048828125,1.5849615335464478,9.5223388671875,-0.004189853090792894
1789729833846611500,4.534611572265625,1.4502876996994019,9.55825138092041,0.058059390634298325
1789729833856547000,4.544547119140625,1.3640964031219482,9.728838920593262,0.01735796220600605
1789729833866483700,4.554483642578125,1.268328309059143,9.798270225524902,0.01735796220600605
1789729833876420000,4.564420166015625,1.1534066200256348,9.774328231811523,0.10354922711849213
1789729833886356500,4.5743564453125,1.0456676483154297,9.800664901733398,0.12030863761901855
1789729833896293000,4.584293212890625,0.899621307849884,9.81263542175293,-0.008978256024420261
1789729833906229500,4.5942294921875,0.7894880175590515,9.733627319335938,-0.03770867735147476
1789729833916166000,4.604165771484375,0.839766263961792,9.683348655700684,0.23523031175136566
1789729833926102300,4.614102294921875,0.8661024570465088,9.81024169921875,-0.04010287672281265
1789729833936039000,4.624038818359375,0.5907692909240723,9.59715747833252,0.055665191262960434
1789729833945975300,4.633975341796875,0.6697779297828674,10.049661636352539,-0.5482721924781799
1789729833955911700,4.64391162109375,0.7416039705276489,10.15021800994873,-0.8786720037460327
1789729833965848600,4.6538486328125,0.801459014415741,9.726444244384766,-0.5602431893348694
1789729833975785500,4.663785400390625,0.8349778652191162,9.536704063415527,-0.33698388934135437
1789729833985722000,4.67372216796875,0.9163807034492493,9.702502250671387,-0.3561375141143799
1789729833995658800,4.68365869140625,0.9331400990486145,9.805453300476074,-0.4902127981185913
1789729834005595100,4.69359521484375,0.945111095905304,9.759963035583496,-0.5770025849342346
1789729834015531800,4.70353173828125,0.9929951429367065,9.702502250671387,-0.5506663918495178
1789729834025468200,4.71346826171875,0.9762357473373413,9.71926212310791,-0.5482721924781799
1789729834035404500,4.723404541015625,0.8158242106437683,9.774328231811523,-0.6129156351089478
1789729834045341000,4.7333408203125,0.7655459642410278,9.896432876586914,-0.6272808313369751
1789729834055277600,4.743277587890625,0.8421604633331299,10.032901763916016,-0.5841852426528931
1789729834065214000,4.7532138671875,0.9283517003059387,10.135852813720703,-0.6200982332229614
1789729834075150300,4.763150390625,1.0408791303634644,10.135852813720703,-0.6584054827690125
1789729834085087000,4.7730869140625,1.1294646263122559,10.035296440124512,-0.7469909191131592
1789729834095023400,4.7830234375,1.2755109071731567,9.949105262756348,-0.8188169598579407
1789729834104959700,4.792959716796875,1.4790180921554565,9.929951667785645,-0.9768342971801758
1789729834114896100,4.802896240234375,1.6639702320098877,9.915586471557617,-0.9600749015808105
1789729834124832800,4.812832763671875,1.742978811264038,10.040084838867188,-0.849941611289978
1789729834134769200,4.82276904296875,1.7597382068634033,10.145429611206055,-0.7781155705451965
1789729834144705500,4.83270556640625,1.678335428237915,10.152612686157227,-0.7158663272857666
1789729834154642200,4.84264208984375,1.5203180313110352,10.044873237609863,-0.6991068720817566
1789729834164578600,4.85257861328125,1.3784615993499756,9.874884605407715,-0.7493851184844971
1789729834174515000,4.862514892578125,1.268328309059143,9.695320129394531,-0.7015010714530945
1789729834184451300,4.872451416015625,1.081580638885498,9.621099472045898,-0.5530605912208557
1789729834194388000,4.882387939453125,0.7344213724136353,9.716867446899414,-0.3824737071990967
1789729834204324400,4.892324462890625,0.4183867573738098,9.798270225524902,-0.27473464608192444
1789729834214260700,4.9022607421875,0.21428105235099792,9.793481826782227,-0.10474632680416107
1789729834224197400,4.912197265625,0.09696517139673233,9.769539833068848,0.02693476900458336
1789729834234133800,4.9221337890625,0.07302315533161163,9.714473724365234,0.07721300423145294
1789729834244070100,4.932070068359375,0.09696517139673233,9.62828254699707,0.09157821536064148
1789729834254006800,4.9420068359375,0.09696517139673233,9.551069259643555,0.14185644686222076
1789729834263943200,4.951943115234375,0.04189852997660637,9.582193374633789,0.14664486050605774
1789729834273879600,4.961879638671875,-0.07302315533161163,9.592369079589844,0.18495208024978638
1789729834283816000,4.97181591796875,-0.16639702022075653,9.618705749511719,0.25677812099456787
1789729834293752600,4.981752685546875,-0.25977087020874023,9.63067626953125,0.2472013235092163
1789729834303689000,4.99168896484375,-0.27413609623908997,9.57979965209961,0.2256535142660141
1789729834313625300,5.001625244140625,-0.3363853394985199,9.592369079589844,0.24480712413787842
1789729834323562000,5.01156201171875,-0.6260837316513062,9.762357711791992,0.18734627962112427
1789729834333498400,5.021498291015625,-1.1438298225402832,9.925163269042969,0.14903905987739563
1789729834343434800,5.031434814453125,-1.447893500328064,10.11669921875,0.1538274586200714
1789729834353371100,5.04137109375,-1.7184382677078247,10.176554679870605,0.1825578808784485
1789729834363307800,5.051307861328125,-2.013523578643799,10.257957458496094,0.2017114907503128
1789729834373244200,5.061244140625,-2.3080103397369385,10.442310333251953,0.10833762586116791
1789729834383180500,5.0711806640625,-2.3965959548950195,10.471040725708008,0.1801636815071106
1789729834393117200,5.0811171875,-2.1164743900299072,10.432733535766602,0.16340427100658417
1789729834403053600,5.091053466796875,-1.670554280281067,10.38963794708252,0.03411737456917763
1789729834412990200,5.100990234375,-1.301847219467163,10.260351181030273,0.03172317147254944
1789729834422926800,5.1109267578125,-0.9977835416793823,10.212467193603516,-0.04010287672281265
1789729834432863200,5.12086328125,-0.6643909811973572,10.193313598632812,-0.15981295704841614
1789729834442799900,5.1307998046875,-0.37469255924224854,10.152612686157227,-0.19812019169330597
1789729834452736500,5.140736572265625,-0.13048399984836578,10.17176628112793,-0.24600422382354736
1789729834462673000,5.1506728515625,0.152031809091568,10.193313598632812,-0.4255693554878235
1789729834472609500,5.160609619140625,0.46627077460289,10.186131477355957,-0.5117605924606323
1789729834482546200,5.170546142578125,0.6602011322975159,10.152612686157227,-0.47824180126190186
1789729834492482800,5.18048291015625,0.7918822169303894,10.095151901245117,-0.4950011968612671
1789729834502419200,5.190419189453125,0.945111095905304,10.030508041381836,-0.5069721937179565
1789729834512355800,5.20035595703125,1.002571940422058,9.956287384033203,-0.3968389332294464
1789729834522292500,5.21029248046875,0.8565256595611572,9.9586820602417,-0.2867056429386139
1789729834532228900,5.220228759765625,0.6817489266395569,9.965864181518555,-0.1933317929506302
1789729834542165500,5.23016552734375,0.595557689666748,9.975440979003906,0.046088382601737976
1789729834552102100,5.24010205078125,0.535702645778656,9.908403396606445,0.2663549482822418
1789729834562038500,5.25003857421875,0.5620388388633728,9.836577415466309,0.3908534348011017
1789729834571975200,5.25997509765625,0.6482301354408264,9.666589736938477,0.47465047240257263
1789729834581912000,5.269912109375,0.6482301354408264,9.496002197265625,0.6356605291366577
1789729834591848000,5.279847900390625,0.4950011968612671,9.40023422241211,0.7553706169128418
1789729834601783600,5.289783447265625,0.3555389642715454,9.302072525024414,0.9205705523490906
1789729834611719400,5.299719482421875,0.23822307586669922,9.203909873962402,1.0522516965866089
1789729834621656300,5.30965625,0.010773907415568829,9.141660690307617,1.0833762884140015
1789729834631593700,5.31959375,-0.16879121959209442,9.098565101623535,1.0546458959579468
1789729834641531400,5.329531494140625,-0.2406172752380371,9.088988304138184,0.9995791912078857
1789729834651466800,5.339466796875,-0.28131869435310364,9.12729549407959,0.9900023937225342
1789729834661402000,5.349402099609375,-0.3172317147254944,9.172784805297852,0.9205705523490906
1789729834671337700,5.359337646484375,-0.36990416049957275,9.175179481506348,0.8415619134902954
1789729834681273900,5.36927392578125,-0.34596213698387146,9.141660690307617,0.8415619134902954
1789729834691210200,5.379210205078125,-0.22864626348018646,9.108141899108887,0.7529764175415039
1789729834701147400,5.3891474609375,-0.25019407272338867,9.055469512939453,0.5919663906097412
1789729834711085000,5.3990849609375,-0.4058171808719635,8.98124885559082,0.4339490532875061
1789729834721022700,5.409022705078125,-0.5710170865058899,8.875904083251953,0.30466216802597046
1789729834730959400,5.41895947265625,-0.669179379940033,8.784924507141113,0.16340427100658417
1789729834740896000,5.42889599609375,-0.6763619780540466,8.722675323486328,0.11791443079710007
1789729834750832000,5.43883203125,-0.6572083830833435,8.717886924743652,0.10115502029657364
1789729834760768500,5.4487685546875,-0.5231330990791321,8.76577091217041,0.01735796220600605
1789729834770704600,5.45870458984375,-0.29568392038345337,8.930971145629883,-0.04967968538403511
1789729834780641000,5.46864111328125,-0.13766659796237946,9.244611740112305,-0.023343466222286224
1789729834790577200,5.4785771484375,0.020350715145468712,9.599552154541016,-0.0736217051744461
1789729834800513500,5.488513427734375,0.23343466222286224,9.927556991577148,-0.27473464608192444
1789729834810450200,5.4984501953125,0.41120412945747375,10.243592262268066,-0.5171475410461426
1789729834820386800,5.50838671875,0.6338648796081543,10.535684585571289,-0.706289529800415
1789729834830323200,5.5183232421875,0.9187749028205872,10.814010620117188,-0.9289502501487732
1789729834840259800,5.528259765625,1.1294646263122559,11.132439613342285,-1.0821791887283325
1789729834850196500,5.538196533203125,1.2228385210037231,11.472415924072266,-1.0414776802062988
1789729834860132900,5.5481328125,1.3880383968353271,11.71662425994873,-0.8906430602073669
1789729834870069500,5.558069580078125,1.623268723487854,11.730989456176758,-0.6655880808830261
1789729834880006100,5.568006103515625,1.7286136150360107,11.460445404052734,-0.48063600063323975
1789729834889942500,5.577942626953125,1.7597382068634033,11.180323600769043,-0.36571431159973145
1789729834899879200,5.587879150390625,1.6041151285171509,10.969634056091309,-0.3058592677116394
1789729834909815800,5.59781591796875,1.2419921159744263,10.669759750366211,-0.20051439106464386
1789729834919752400,5.60775244140625,0.8517372608184814,10.44470500946045,-0.09277531504631042
1789729834929688800,5.617688720703125,0.45429977774620056,10.257957458496094,-0.030526071786880493
1789729834939625500,5.62762548828125,0.05147533491253853,10.085575103759766,0.08200141042470932
1789729834949562000,5.63756201171875,-0.30047231912612915,9.822212219238281,0.22086510062217712
1789729834959498500,5.64749853515625,-0.4920084476470947,9.575011253356934,0.24480712413787842
1789729834969435100,5.65743505859375,-0.48722004890441895,9.369110107421875,0.17058686912059784
1789729834979371800,5.667371826171875,-0.4297592043876648,9.275735855102539,0.1562216579914093
1789729834989308200,5.67730810546875,-0.37229835987091064,9.321226119995117,0.0628477931022644
1789729834999244800,5.687244873046875,-0.3315969407558441,9.452906608581543,-0.04967968538403511
1789729835009181400,5.697181396484375,-0.3363853394985199,9.567828178405762,-0.15981295704841614
1789729835019118000,5.7071181640625,-0.3172317147254944,9.635464668273926,-0.2795230448246002
1789729835029054500,5.717054443359375,-0.06344634294509888,9.633070945739746,-0.5291185975074768
1789729835038991000,5.7269912109375,0.3411737382411957,9.48882007598877,-0.7733271718025208
1789729835048927500,5.736927490234375,0.7775170207023621,9.287707328796387,-0.8978256583213806
1789729835058863900,5.74686376953125,1.083974838256836,9.12968921661377,-0.9552865028381348
1789729835068800500,5.756800537109375,1.1150994300842285,9.112930297851562,-0.9744400978088379
1789729835078737000,5.76673681640625,0.8301894664764404,9.34037971496582,-0.9074024558067322
1789729835088673300,5.77667333984375,0.3411737382411957,9.623494148254395,-0.8619126081466675
1789729835098609700,5.786609619140625,-0.14484919607639313,9.894038200378418,-0.6967126727104187
1789729835108546300,5.79654638671875,-0.5135562419891357,10.157401084899902,-0.5117605924606323
1789729835118482700,5.806482666015625,-0.7122750282287598,10.382455825805664,-0.4040215313434601
1789729835128419000,5.816419189453125,-0.7751228213310242,10.583568572998047,-0.32022446393966675
1789729835138355700,5.826355712890625,-0.7559691667556763,10.684124946594238,-0.24839842319488525
1789729835148292000,5.8362919921875,-0.5135562419891357,10.723031044006348,-0.3010708689689636
1789729835158228500,5.846228515625,-0.06823474913835526,10.669759750366211,-0.444722980260849
1789729835168164900,5.856164794921875,0.406415730714798,10.571598052978516,-0.545877993106842
1789729835178101500,5.8661015625,0.7703344225883484,10.521319389343262,-0.6703764796257019
1789729835188038000,5.876037841796875,1.0073603391647339,10.528501510620117,-0.8068459630012512
1789729835197974300,5.885974365234375,1.0384849309921265,10.619482040405273,-0.8451532125473022
1789729835207911000,5.895910888671875,0.839766263961792,10.8690767288208,-0.7134721279144287
1789729835217847300,5.905847412109375,0.6003460884094238,11.094132423400879,-0.6177040338516235
1789729835227783700,5.91578369140625,0.5117605924606323,11.209053993225098,-0.45429977774620056
1789729835237720300,5.92572021484375,0.6458359360694885,11.134833335876465,-0.12629413604736328
1789729835247656700,5.93565673828125,0.9259575009346008,10.931326866149902,0.28072014451026917
1789729835257593000,5.945593017578125,1.2132617235183716,10.66018295288086,0.7481880187988281
1789729835267529700,5.95552978515625,1.467047095298767,10.327388763427734,1.260547161102295
1789729835277466400,5.96546630859375,1.6160861253738403,9.987412452697754,1.6196774244308472
1789729835287402800,5.97540283203125,1.5418659448623657,9.704896926879883,1.775899052619934
1789729835297339400,5.98533935546875,1.2970588207244873,9.515155792236328,1.7926585674285889
1789729835307276000,5.995276123046875,0.9666589498519897,9.361927032470703,1.7058687210083008
1789729835317212400,6.00521240234375,0.6769605278968811,9.134477615356445,1.5622166395187378
1789729835327149000,6.015149169921875,0.657806932926178,8.883087158203125,1.4185645580291748
1789729835337085700,6.025085693359375,0.9068039059638977,8.691550254821777,1.1791443824768066
1789729835347022000,6.03502197265625,1.2132617235183716,8.526350975036621,0.9923965930938721
1789729835356958700,6.044958740234375,1.4790180921554565,8.315062522888184,0.872686505317688
1789729835366895600,6.0548955078125,1.678335428237915,8.101978302001953,0.6619967818260193
1789729835376832500,6.06483251953125,1.764526605606079,7.9176249504089355,0.436343252658844
1789729835386769200,6.07476904296875,1.9967641830444336,7.759607791900635,0.19692309200763702
1789729835396705500,6.08470556640625,2.2673089504241943,7.553706169128418,-0.03531447425484657
1789729835406642000,6.094641845703125,2.5067291259765625,7.443572998046875,-0.13347674906253815
1789729835416578600,6.10457861328125,2.7060465812683105,7.481880187988281,-0.19572599232196808
1789729835426515200,6.11451513671875,2.715623378753662,7.582436561584473,-0.23403321206569672
1789729835436451600,6.12445166015625,2.6437971591949463,7.73087739944458,-0.26994624733924866
1789729835446388200,6.13438818359375,2.6581623554229736,7.934384346008301,-0.36810851097106934
1789729835456324600,6.14432470703125,2.801814556121826,8.169015884399414,-0.4878185987472534
1789729835466261000,6.154260986328125,2.9023709297180176,8.439560890197754,-0.5434837937355042
1789729835476197600,6.16419775390625,2.8113913536071777,8.722675323486328,-0.5219359993934631
1789729835486134300,6.17413427734375,2.6581623554229736,9.074623107910156,-0.353743314743042
1789729835496071000,6.18407080078125,2.456450939178467,9.452906608581543,-0.15741875767707825
1789729835506007300,6.19400732421875,2.2864625453948975,9.798270225524902,-0.04728548228740692
1789729835515943700,6.203943603515625,2.3750481605529785,10.047266960144043,0.09157821536064148
1789729835525880300,6.21388037109375,2.6653449535369873,10.111910820007324,0.33339259028434753
1789729835535817000,6.22381689453125,3.1848866939544678,10.001777648925781,0.5919663906097412
1789729835545753300,6.23375341796875,3.7840356826782227,9.700108528137207,0.7864952683448792
1789729835555690000,6.24368994140625,4.435258865356445,9.208698272705078,0.9876081943511963
1789729835565626600,6.253626708984375,5.247491359710693,8.653243064880371,1.157596468925476
1789729835575563000,6.26356298828125,5.896320343017578,8.111555099487305,1.358709454536438
1789729835585499600,6.273499755859375,6.289567947387695,7.785943984985352,1.4664485454559326
1789729835595436000,6.28343603515625,6.356605529785156,7.714118003845215,1.4233529567718506
1789729835605372400,6.293372314453125,6.035782337188721,7.694964408874512,1.2629413604736328
1789729835615308800,6.303308837890625,5.395932197570801,7.649474620819092,0.9756371974945068
1789729835625245400,6.313245361328125,4.760869979858398,7.618350028991699,0.6859387755393982
1789729835635181800,6.323181884765625,4.198232650756836,7.5417351722717285,0.49140989780426025
1789729835645118200,6.3331181640625,3.803189516067505,7.438784599304199,0.2998737692832947
1789729835655054800,6.343054931640625,3.4985272884368896,7.376535415649414,0.08918401598930359
1789729835664991200,6.3529912109375,3.180098295211792,7.41484260559082,-0.10714052617549896
1789729835674927600,6.362927734375,2.7467479705810547,7.587224960327148,-0.13826514780521393
1789729835684864000,6.372864013671875,2.406172752380371,7.915230751037598,-0.04010287672281265
1789729835694800600,6.382800537109375,2.5019407272338867,8.307879447937012,0.04369417950510979
1789729835704737000,6.392737060546875,2.8401217460632324,8.598176956176758,0.046088382601737976
1789729835714673400,6.40267333984375,3.0843303203582764,8.760982513427734,-0.013766659423708916
1789729835724610000,6.412610107421875,3.227982521057129,8.91181755065918,-0.1215057373046875
1789729835734546400,6.42254638671875,3.4410665035247803,9.081805229187012,-0.284311443567276
1789729835744482800,6.43248291015625,3.6278140544891357,9.247005462646484,-0.5219359993934631
1789729835754419500,6.44241943359375,3.7475242614746094,9.3643217086792,-0.7805097699165344
1789729835764355800,6.45235595703125,3.803189516067505,9.457695007324219,-0.9959878921508789
1789729835774292500,6.46229248046875,3.7912182807922363,9.599552154541016,-1.2114660739898682
1789729835784229000,6.47222900390625,3.8941690921783447,9.769539833068848,-1.4748282432556152
1789729835794165500,6.48216552734375,4.049792289733887,9.977835655212402,-1.6645687818527222
1789729835804102100,6.49210205078125,4.009090900421143,10.24119758605957,-1.690904974937439
1789729835814038800,6.502038818359375,3.716399669647217,10.585963249206543,-1.623268723487854
1789729835823975400,6.511975341796875,3.335721492767334,11.0486421585083,-1.4915876388549805
1789729835833911800,6.521911865234375,3.0795419216156006,11.584943771362305,-1.2665326595306396
1789729835843848400,6.531848388671875,3.1417911052703857,12.064382553100586,-1.0893617868423462
1789729835853785000,6.54178515625,3.57753586769104,12.294225692749023,-0.8906430602073669
1789729835863721500,6.551721435546875,4.176684856414795,12.174515724182129,-0.6512228846549988
1789729835873658000,6.561658203125,4.617218017578125,11.899182319641113,-0.34656068682670593
1789729835883594800,6.5715947265625,4.969764232635498,11.628039360046387,-0.1215057373046875
1789729835893531100,6.58153125,5.151723384857178,11.235389709472656,0.15143325924873352
1789729835903467800,6.5914677734375,5.233126163482666,10.794857025146484,0.4578910768032074
1789729835913404400,6.601404296875,5.297770023345947,10.346542358398438,0.7050924301147461
1789729835923340800,6.6113408203125,5.261856555938721,9.850942611694336,0.9157821536064148
1789729835933277400,6.62127734375,5.163694381713867,9.393052101135254,0.8942343592643738
1789729835943214000,6.631214111328125,5.18284797668457,8.91421127319336,0.6739677786827087
1789729835953150700,6.641150634765625,5.139752388000488,8.35097599029541,0.579995334148407
1789729835963087000,6.651087158203125,4.6938323974609375,7.869740962982178,0.6715735793113708
1789729835973023700,6.661023681640625,4.013879299163818,7.558494567871094,0.767341673374176
1789729835982960400,6.67096044921875,3.3452982902526855,7.332841396331787,0.8678981065750122
1789729835992896800,6.680896728515625,2.7898435592651367,7.088632583618164,0.9660604000091553
1789729836002833400,6.69083349609375,2.2864625453948975,6.846818447113037,0.9780313968658447
1789729836012770000,6.70077001953125,1.7334020137786865,6.509235858917236,0.8343793153762817
1789729836022706400,6.71070654296875,1.1893197298049927,6.099228858947754,0.6835445761680603
1789729836032643000,6.72064306640625,0.8062474131584167,5.668272495269775,0.5297171473503113
1789729836042579700,6.730579833984375,0.641047477722168,5.349843502044678,0.4100070297718048
1789729836052516400,6.740516357421875,0.3603273630142212,5.421669960021973,0.39564183354377747
1789729836062452700,6.75045263671875,0.45908817648887634,5.486313343048096,0.5081692934036255
1789729836072389400,6.760389404296875,0.7272387742996216,5.9340291023254395,0.6859387755393982
1789729836082326000,6.770325927734375,0.25498247146606445,6.4398040771484375,0.729034423828125
1789729836092262400,6.780262451171875,-0.6141127347946167,6.779780864715576,0.729034423828125
1789729836102199000,6.790198974609375,-1.1869255304336548,7.098209381103516,0.8487445116043091
1789729836112135700,6.8001357421875,-0.8924387097358704,7.4770917892456055,0.750582218170166
1789729836122072600,6.810072509765625,-0.25737667083740234,7.726089000701904,0.414795458316803
1789729836132009000,6.820009033203125,0.28371289372444153,7.797914981842041,0.14185644686222076
1789729836141945000,6.829945068359375,0.961870551109314,8.042123794555664,0.03651157766580582
1789729836151881700,6.8398818359375,1.0791864395141602,8.631695747375488,0.19213469326496124
1789729836161818400,6.849818359375,0.5069721937179565,9.177573204040527,0.41718965768814087
1789729836171755000,6.859755126953125,-0.18555063009262085,9.479243278503418,0.41958385705947876
1789729836181691400,6.86969140625,-0.628477931022644,9.671378135681152,0.292691171169281
1789729836191628000,6.8796279296875,-0.48961424827575684,9.949105262756348,0.060453593730926514
1789729836201564700,6.889564697265625,-0.21428105235099792,10.214861869812012,-0.24839842319488525
1789729836211501600,6.89950146484375,-0.20709845423698425,10.63624095916748,-0.5770025849342346
1789729836221438000,6.90943798828125,-0.21667525172233582,11.187505722045898,-0.8547300100326538
1789729836231374300,6.919374267578125,0.06584054976701736,11.673528671264648,-1.0654197931289673
1789729836241311000,6.92931103515625,0.4231751561164856,11.96861457824707,-1.1635819673538208
1789729836251247400,6.939247314453125,0.6697779297828674,12.078747749328613,-1.2210428714752197
1789729836261184000,6.94918408203125,0.7224503755569458,12.085929870605469,-1.1348515748977661
1789729836271120600,6.95912060546875,0.657806932926178,12.107478141784668,-0.8643068075180054
1789729836281057300,6.969057373046875,0.30047231912612915,12.236764907836914,-0.7709329724311829
1789729836290994000,6.978993896484375,-0.017956512048840523,12.344504356384277,-0.751779317855835
1789729836300930300,6.988930419921875,-0.16400282084941864,12.291831970214844,-0.5339069962501526
1789729836310866700,6.99886669921875,-0.27892449498176575,12.253523826599121,-0.29388827085494995
1789729836320803800,7.008803955078125,-0.3842693865299225,12.231976509094238,-0.34656068682670593
1789729836330739700,7.01873974609375,-0.243011474609375,12.033257484436035,-0.2388216257095337
1789729836340675600,7.028675537109375,0.1041477769613266,11.596914291381836,0.02214636653661728
1789729836350611700,7.03861181640625,0.41120412945747375,11.271303176879883,-0.023343466222286224
1789729836360547800,7.0485478515625,0.7032967209815979,11.273696899414062,-0.2603694200515747
1789729836370484200,7.058484130859375,1.060032844543457,11.249754905700684,-0.31783026456832886
1789729836380420900,7.0684208984375,1.301847219467163,11.007941246032715,-0.15741875767707825
1789729836390357800,7.078357666015625,1.1007342338562012,10.837952613830566,0.07960720360279083
1789729836400295400,7.08829541015625,0.5811924338340759,10.730213165283203,0.20889410376548767
1789729836410232300,7.098232421875,0.09217676520347595,10.662577629089355,0.33099839091300964
1789729836420169000,7.1081689453125,-0.1280897855758667,10.516530990600586,0.40282443165779114
1789729836430105600,7.118105712890625,-0.008379706181585789,10.202890396118164,0.37648820877075195
1789729836440042000,7.1280419921875,0.13766659796237946,9.944316864013672,0.13706804811954498
1789729836449978600,7.137978515625,0.8661024570465088,9.973047256469727,-0.3561375141143799
1789729836459915000,7.1479150390625,0.8182184100151062,9.428964614868164,0.3669114112854004
1789729836469851400,7.157851318359375,0.43993455171585083,9.189544677734375,0.37888240814208984
1789729836479788000,7.1677880859375,0.1472434103488922,9.124900817871094,0.3932476341724396
1789729836489724400,7.177724365234375,-0.1759738177061081,9.079411506652832,0.5656301379203796
1789729836499660800,7.187660888671875,-1.127070426940918,9.151237487792969,0.7457938194274902
1789729836509597200,7.19759716796875,-1.7830817699432373,9.136872291564941,0.7362170219421387
1789729836519533800,7.207533935546875,-1.6777368783950806,9.021950721740723,0.7601590156555176
1789729836529470200,7.21747021484375,-1.0097545385360718,8.921394348144531,0.6859387755393982
1789729836539406600,7.227406494140625,-0.4513070285320282,8.650849342346191,0.6236895322799683
1789729836549343200,7.23734326171875,-0.013168109580874443,8.092401504516602,0.5129576921463013
1789729836559279600,7.247279541015625,0.47824180126190186,7.5201873779296875,0.35254621505737305
1789729836569216000,7.257216064453125,0.28131869435310364,7.436390399932861,0.4602852761745453
1789729836579152600,7.267152587890625,0.1759738177061081,7.357381820678711,0.42197805643081665
1789729836589089300,7.27708935546875,0.19033902883529663,7.246650218963623,0.2950853705406189
1789729836599025700,7.287025634765625,0.0347159244120121,7.429207801818848,0.12030863761901855
1789729836608962300,7.29696240234375,0.07062894850969315,7.704541206359863,0.08918401598930359
1789729836618899000,7.30689892578125,0.7368155717849731,8.066065788269043,0.11312603205442429
1789729836628835600,7.316835693359375,1.4814122915267944,8.312667846679688,0.18974047899246216
1789729836638772000,7.32677197265625,1.968033790588379,8.434772491455078,0.26156654953956604
1789729836648709600,7.336709716796875,2.3127987384796143,8.403648376464844,0.292691171169281
1789729836658646300,7.346646240234375,2.5665841102600098,8.343792915344238,0.3621230125427246
1789729836668583000,7.3565830078125,2.6868927478790283,8.343792915344238,0.5273229479789734
1789729836678519600,7.36651953125,2.4660277366638184,8.245630264282227,0.6260837316513062
1789729836688456200,7.376456298828125,1.9536685943603516,8.195352554321289,0.690727174282074
1789729836698393000,7.38639306640625,1.580173134803772,8.159439086914062,0.5440823435783386
1789729836708328700,7.39632861328125,1.349731206893921,8.192957878112793,0.32381579279899597
1789729836718264600,7.4062646484375,1.2443863153457642,8.310274124145508,0.10354922711849213
1789729836728200400,7.416200439453125,1.4215573072433472,8.504802703857422,-0.0999579206109047
1789729836738137600,7.4261376953125,1.6089035272598267,8.727463722229004,-0.14784196019172668
1789729836748075500,7.436075439453125,1.8986018896102905,8.916605949401855,-0.17657238245010376
1789729836758012000,7.446011962890625,2.183511972427368,9.045892715454102,-0.36810851097106934
1789729836767949000,7.455948974609375,2.3535003662109375,9.10574722290039,-0.6344634294509888
1789729836777884700,7.465884765625,2.410961151123047,9.062651634216309,-0.8427590131759644
1789729836787821000,7.475821044921875,2.4827871322631836,9.196727752685547,-0.8547300100326538
1789729836797757700,7.4857578125,2.713229179382324,9.637859344482422,-0.7350199222564697
1789729836807694000,7.495694091796875,2.873640537261963,10.145429611206055,-0.6967126727104187
1789729836817630500,7.50563037109375,2.780266761779785,10.676942825317383,-0.5841852426528931
1789729836827566800,7.51556689453125,2.6144683361053467,11.156381607055664,-0.5889736413955688
1789729836837503700,7.525503662109375,2.5282769203186035,11.537059783935547,-0.5171475410461426
1789729836847441200,7.535441162109375,2.609679937362671,11.77408504486084,-0.20051439106464386
1789729836857377800,7.545377685546875,2.9909565448760986,11.7046537399292,0.07481880486011505
1789729836867314200,7.555314208984375,3.5871126651763916,11.331157684326172,0.21128830313682556
1789729836877250300,7.565250244140625,4.135983467102051,10.797250747680664,0.26396074891090393
1789729836887187000,7.57518701171875,4.423287868499756,10.327388763427734,0.3645172119140625
1789729836897123800,7.585123779296875,4.2078094482421875,10.052056312561035,0.6212953329086304
1789729836907060500,7.595060546875,3.5942952632904053,9.889249801635742,0.8966285586357117
1789729836916997000,7.6049970703125,2.9885623455047607,9.853337287902832,1.2222399711608887
1789729836926932500,7.614932373046875,2.52109432220459,9.860519409179688,1.4975731372833252
1789729836936868400,7.624868408203125,2.248155355453491,9.78869342803955,1.6627731323242188
1789729836946804200,7.63480419921875,2.1571757793426514,9.747992515563965,1.7130513191223145
1789729836956740600,7.64474072265625,2.188300371170044,9.68813705444336,1.6124948263168335
1789729836966677800,7.654677734375,2.123656988143921,9.543886184692383,1.4832079410552979
1789729836976615200,7.664615234375,1.9728221893310547,9.242217063903809,1.3515268564224243
1789729836986552800,7.674552734375,1.9488801956176758,8.772953987121582,1.2222399711608887
1789729836996489700,7.68448974609375,2.231395959854126,8.221688270568848,1.0019733905792236
1789729837006426400,7.69442626953125,2.7467479705810547,7.738059997558594,0.5656301379203796
1789729837016362800,7.70436279296875,3.20404052734375,7.529764175415039,-0.13587094843387604
1789729837026299400,7.71429931640625,3.1298201084136963,7.702147006988525,-0.8643068075180054
1789729837036236000,7.724236083984375,2.360682964324951,8.109161376953125,-1.2545616626739502
1789729837046172400,7.73417236328125,1.4287399053573608,8.693944931030273,-1.139639973640442
1789729837056109000,7.744109130859375,0.9642647504806519,9.3427734375,-0.7086837291717529
1789729837066045700,7.754045654296875,0.9882067441940308,9.870096206665039,-0.262763649225235
1789729837075982000,7.763982177734375,1.4215573072433472,10.104728698730469,0.050876785069704056
1789729837085918700,7.773918701171875,2.1140801906585693,9.99459457397461,0.06763619929552078
1789729837095855400,7.78385546875,2.672527551651001,9.606734275817871,-0.10714052617549896
1789729837105791700,7.793791748046875,3.0627825260162354,9.294889450073242,-0.33937808871269226
1789729837115728400,7.803728271484375,3.20404052734375,9.120112419128418,-0.49978959560394287
1789729837125665000,7.8136650390625,2.9718029499053955,9.100958824157715,-0.4902127981185913
1789729837135601700,7.8236015625,2.5665841102600098,9.25179386138916,-0.5291185975074768
1789729837145538600,7.83353857421875,2.0877439975738525,9.57979965209961,-0.5793967843055725
1789729837155474700,7.843474609375,1.623268723487854,9.96825885772705,-0.6488286852836609
1789729837165411000,7.8534111328125,1.3593080043792725,10.303446769714355,-0.5985504388809204
1789729837175347200,7.86334716796875,1.1965023279190063,10.538078308105469,-0.5093663930892944
1789729837185283600,7.87328369140625,1.2419921159744263,10.533289909362793,-0.3824737071990967
1789729837195220000,7.883219970703125,1.7621324062347412,10.447098731994629,-0.38726213574409485
1789729837205156600,7.893156494140625,2.4420857429504395,10.308235168457031,-0.5093663930892944
1789729837215093200,7.90309326171875,2.911947727203369,10.109517097473145,-0.5937620401382446
1789729837225030000,7.91302978515625,2.890399932861328,9.980229377746582,-0.5985504388809204
1789729837234966500,7.922966552734375,2.5043349266052246,10.152612686157227,-0.5626373887062073
1789729837244903200,7.932903076171875,2.030282974243164,10.60272216796875,-0.375291109085083
1789729837254839800,7.94283984375,1.6831238269805908,11.12765121459961,0.010175357572734356
1789729837264776400,7.9527763671875,1.742978811264038,11.493964195251465,0.5321113467216492
1789729837274713000,7.962713134765625,2.3271639347076416,11.55621337890625,0.9516952037811279
1789729837284650200,7.972650146484375,3.1633388996124268,11.28806209564209,1.1025298833847046
1789729837294587100,7.982587158203125,3.8343141078948975,10.847529411315918,1.0905588865280151
1789729837304522800,7.992522705078125,4.059369087219238,10.289081573486328,1.0857704877853394
1789729837314458600,8.002458740234376,3.737947463989258,9.975440979003906,0.8870517015457153
1789729837324394800,8.012394775390625,2.935889720916748,9.886856079101562,0.558447539806366
1789729837334331100,8.0223310546875,2.0925323963165283,9.819818496704102,0.3477577865123749
1789729837344268000,8.03226806640625,1.4814122915267944,9.807847023010254,0.2711433470249176
1789729837354205000,8.042204833984375,1.0959458351135254,9.896432876586914,0.19931729137897491
1789729837364142000,8.05214208984375,0.7200561761856079,9.996989250183105,0.23283611238002777
1789729837374079200,8.062079345703125,0.406415730714798,9.944316864013672,0.3908534348011017
1789729837384016600,8.0720166015625,0.4710591733455658,9.71926212310791,0.40282443165779114
1789729837393952500,8.081952392578126,0.8373720645904541,9.46727180480957,0.16819266974925995
1789729837403888400,8.091888427734375,1.1318588256835938,9.237428665161133,-0.15741875767707825
1789729837413824300,8.10182421875,0.9714473485946655,9.048286437988281,-0.43754035234451294
1789729837423761000,8.111760986328125,0.47584760189056396,8.751405715942383,-0.43993455171585083
1789729837433698000,8.121697998046875,0.27413609623908997,8.432378768920898,-0.29149407148361206
1789729837443635000,8.131635009765626,0.4471171796321869,8.209717750549316,-0.05686229094862938
1789729837453572400,8.141572265625,0.9091981053352356,8.152256965637207,0.09157821536064148
1789729837463509000,8.151509033203125,1.4335283041000366,8.169015884399414,0.08918401598930359
1789729837473445600,8.161445556640626,1.6759412288665771,8.226476669311523,-0.008978256024420261
1789729837483382000,8.171382080078125,1.4742296934127808,8.329427719116211,-0.18136078119277954
1789729837493318700,8.181318603515624,1.0743980407714844,8.4108304977417,-0.353743314743042
1789729837503255300,8.19125537109375,0.6554127335548401,8.511985778808594,-0.40880993008613586
1789729837513191400,8.20119140625,0.28371289372444153,8.725069999694824,-0.3298012912273407
1789729837523128300,8.21112841796875,0.24779987335205078,8.995614051818848,-0.27712884545326233
1789729837533065000,8.22106494140625,0.6027402877807617,9.187150001525879,-0.3489548861980438
1789729837543001600,8.231001708984374,1.1150994300842285,9.237428665161133,-0.45669397711753845
1789729837552937700,8.240937744140625,1.5969325304031372,9.278130531311035,-0.6488286852836609
1789729837562873600,8.25087353515625,1.9153614044189453,9.388263702392578,-0.7469909191131592
1789729837572809700,8.260809814453125,1.968033790588379,9.640253067016602,-0.7015010714530945
1789729837582746400,8.270746337890625,1.845929503440857,9.941922187805176,-0.5171475410461426
1789729837592682800,8.280682861328126,1.8315643072128296,10.035296440124512,-0.29388827085494995
1789729837602619600,8.29061962890625,2.1140801906585693,9.944316864013672,-0.1430535465478897
1789729837612557800,8.300557861328125,2.367865562438965,9.7791166305542,-0.17417816817760468
1789729837622494500,8.310494384765626,2.3798365592956543,9.546280860900879,-0.20530278980731964
1789729837632431000,8.32043115234375,2.166752576828003,9.457695007324219,-0.11192893236875534
1789729837642367200,8.3303671875,1.7764976024627686,9.469666481018066,0.055665191262960434
1789729837652303000,8.34030322265625,1.558625340461731,9.551069259643555,0.2519897222518921
1789729837662239500,8.350239501953125,1.3401544094085693,9.740809440612793,0.4842272996902466
1789729837672175900,8.36017578125,0.9642647504806519,10.013748168945312,0.5895721912384033
1789729837682112500,8.370112548828125,0.6625953316688538,10.303446769714355,0.5512649416923523
1789729837692049200,8.380049072265624,0.5476736426353455,10.542867660522461,0.5536591410636902
1789729837701986300,8.389986328125,0.6242880821228027,10.497377395629883,0.7266402244567871
1789729837711923200,8.399923095703125,0.9810241460800171,10.29865837097168,0.8631097078323364
1789729837721860000,8.409860107421874,1.445499300956726,10.064026832580566,0.93254154920578
1789729837731797000,8.419796875,1.9153614044189453,9.803058624267578,0.9133879542350769
1789729837741733400,8.4297333984375,2.3032219409942627,9.503185272216797,0.8056488633155823
1789729837751670000,8.439669921875,2.2409727573394775,9.191938400268555,0.5201402902603149
1789729837761606400,8.4496064453125,1.8842366933822632,9.139266014099121,0.1801636815071106
1789729837771542800,8.459542724609374,1.5418659448623657,9.361927032470703,0.02693476900458336
1789729837781479400,8.4694794921875,1.0983400344848633,9.635464668273926,0.1777694821357727
1789729837791415800,8.479415771484375,0.8325836658477783,9.7791166305542,0.5273229479789734
1789729837801352700,8.489352783203126,0.8158242106437683,9.7791166305542,0.9828197956085205
1789729837811289900,8.499289794921875,0.861314058303833,9.759963035583496,1.1743559837341309
1789729837821226500,8.5092265625,1.081580638885498,9.657012939453125,1.0809820890426636
1789729837831163100,8.5191630859375,1.2587515115737915,9.496002197265625,0.9373299479484558
1789729837841099500,8.529099609375,1.1629834175109863,9.412205696105957,0.7984662652015686
1789729837851036000,8.539035888671876,0.8086416125297546,9.515155792236328,0.7122750282287598
1789729837860972300,8.54897216796875,0.45190557837486267,9.704896926879883,0.7338228225708008
1789729837870908700,8.55890869140625,0.07062894850969315,9.77672290802002,0.9038111567497253
1789729837880845000,8.568844970703125,-0.07302315533161163,9.738415718078613,1.1264718770980835
1789729837890781400,8.578781494140625,0.0347159244120121,9.975440979003906,1.3036428689956665
1789729837900719000,8.588718994140624,0.2908954918384552,10.126276016235352,1.3467384576797485
1789729837910656000,8.598656005859375,0.7559691667556763,9.882067680358887,1.358709454536438
1789729837920592400,8.60859228515625,1.3305776119232178,9.378686904907227,1.2701239585876465
1789729837930528500,8.618528564453126,1.9393033981323242,8.804078102111816,1.0666168928146362
1789729837940465400,8.62846533203125,2.3032219409942627,8.339004516601562,0.7386112213134766
1789729837950402300,8.63840234375,2.209848165512085,8.094796180725098,0.23283611238002777
1789729837960339000,8.6483388671875,1.742978811264038,8.24084186553955,-0.262763649225235
1789729837970275300,8.658275390625,0.9858125448226929,8.61972427368164,-0.46627077460289
1789729837980212000,8.6682119140625,0.24779987335205078,9.189544677734375,-0.5315127968788147
1789729837990148600,8.678148681640625,-0.3411737382411957,10.037690162658691,-0.40880993008613586
1789729838000086300,8.688086181640625,-0.6117185354232788,10.758943557739258,-0.2603694200515747
1789729838010020900,8.698020751953125,-0.3148375153541565,11.2282075881958,-0.05686229094862938
1789729838019956000,8.7079560546875,0.4854243993759155,11.28566837310791,0.13946224749088287
1789729838029891300,8.717891357421875,1.4742296934127808,10.976816177368164,0.2783259451389313
1789729838039827200,8.7278271484375,2.406172752380371,10.363302230834961,0.2663549482822418
1789729838049763800,8.737763916015625,3.072359323501587,9.577404975891113,0.12030863761901855
1789729838059701000,8.747700927734375,3.421912670135498,8.930971145629883,-0.13826514780521393
1789729838069639000,8.757638916015624,3.4578258991241455,8.588600158691406,-0.43035775423049927
1789729838079576800,8.767576904296876,3.1681272983551025,8.559869766235352,-0.5219359993934631
1789729838089514800,8.7775146484375,2.691681146621704,8.749011993408203,-0.2651578485965729
1789729838099451400,8.787451416015625,2.3295583724975586,8.895057678222656,0.060453593730926514
1789729838109388000,8.797387939453126,2.2218191623687744,8.883087158203125,0.16340427100658417
1789729838119324400,8.807324462890625,2.2816741466522217,9.03870964050293,-0.030526071786880493
1789729838129261000,8.817260986328124,2.1116859912872314,9.189544677734375,-0.24600422382354736
1789729838139198000,8.827197998046875,1.7357962131500244,9.275735855102539,-0.22206220030784607
1789729838149134600,8.837134521484375,1.2228385210037231,9.385869026184082,-0.18136078119277954
1789729838159071000,8.847071044921876,0.8756792545318604,9.505578994750977,-0.27234044671058655
1789729838169007600,8.857007568359375,0.839766263961792,9.543886184692383,-0.3130418658256531
1789729838178944500,8.866944580078124,0.961870551109314,9.496002197265625,-0.2651578485965729
1789729838188880600,8.876880615234375,1.1079168319702148,9.302072525024414,-0.14065934717655182
1789729838198817000,8.886817138671875,1.246780514717102,8.940547943115234,0.046088382601737976
1789729838208753200,8.896753173828126,1.512536883354187,8.588600158691406,0.17058686912059784
1789729838218689500,8.906689453125,1.9919757843017578,8.312667846679688,0.228047713637352
1789729838228626000,8.9166259765625,2.449268341064453,8.202534675598145,0.15143325924873352
1789729838238562800,8.926562744140625,2.5785553455352783,8.327033042907715,-0.03770867735147476
1789729838248499500,8.93649951171875,2.2577321529388428,8.705916404724121,-0.2579752206802368
1789729838258436400,8.946436279296876,1.7166426181793213,9.227851867675781,-0.4040215313434601
1789729838268373000,8.956373046875,1.2635399103164673,9.822212219238281,-0.3944447338581085
1789729838278310000,8.966309814453124,1.0767922401428223,10.277111053466797,-0.19572599232196808
1789729838288246500,8.97624658203125,1.1629834175109863,10.540472984313965,0.11312603205442429
1789729838298183700,8.98618359375,1.6519991159439087,10.74218463897705,0.23044191300868988
1789729838308120300,8.996120361328124,2.2625205516815186,10.885836601257324,0.048482585698366165
1789729838318057000,9.006056884765625,2.47560453414917,10.837952613830566,-0.1454477459192276
1789729838327993300,9.015993408203125,2.161964178085327,10.696096420288086,-0.13587094843387604
1789729838337930200,9.02593017578125,1.7262194156646729,10.490194320678711,0.0005985504249110818
1789729838347866600,9.03586669921875,1.6136919260025024,10.229227066040039,0.24241292476654053
1789729838357802800,9.045802734375,1.886630892753601,9.977835655212402,0.4100070297718048
1789729838367739100,9.0557392578125,2.1811177730560303,9.807847023010254,0.414795458316803
1789729838377675500,9.065675537109374,2.231395959854126,9.793481826782227,0.3190273642539978
1789729838387612000,9.07561181640625,1.965639591217041,9.90361499786377,0.24480712413787842
1789729838397548500,9.085548583984375,1.5514427423477173,9.99459457397461,0.35015198588371277
1789729838407485400,9.0954853515625,1.512536883354187,9.944316864013672,0.46507367491722107
1789729838417422000,9.105422119140625,1.9081788063049316,9.668983459472656,0.4626794755458832
1789729838427359000,9.11535888671875,2.408566951751709,9.177573204040527,0.4411316514015198
1789729838437295600,9.125295654296876,2.8209681510925293,8.710704803466797,0.2998737692832947
1789729838447232500,9.135232421875,2.9550435543060303,8.465897560119629,0.058059390634298325
1789729838457169200,9.145169189453124,2.69646954536438,8.425195693969727,-0.07841010391712189
1789729838467106000,9.15510595703125,1.9632453918457031,8.5287446975708,-0.04489128291606903
1789729838477042700,9.165042724609375,1.0456676483154297,8.780136108398438,0.16579847037792206
1789729838486979600,9.1749794921875,0.36990416049957275,9.06983470916748,0.49140989780426025
1789729838496916000,9.184916015625,0.23822307586669922,9.314043045043945,0.5895721912384033
1789729838506852600,9.1948525390625,0.5716156363487244,9.469666481018066,0.4124012291431427
1789729838516789200,9.204789306640626,0.8158242106437683,9.529520988464355,0.14425064623355865
1789729838526726000,9.214725830078125,0.8900445103645325,9.759963035583496,-0.04489128291606903
1789729838536662300,9.224662353515624,0.9307458996772766,9.99220085144043,0.02693476900458336
1789729838546599000,9.234598876953125,1.1127052307128906,10.11669921875,0.26396074891090393
1789729838556535600,9.24453564453125,1.5101426839828491,10.164583206176758,0.4291606545448303
1789729838566472000,9.254471923828126,2.1811177730560303,10.222043991088867,0.3884592354297638
1789729838576408600,9.26440869140625,2.8544869422912598,10.29865837097168,0.2041056901216507
1789729838586345200,9.27434521484375,3.2758665084838867,10.408791542053223,0.055665191262960434
1789729838596281600,9.284281494140625,3.376422882080078,10.399214744567871,0.0077811554074287415
1789729838606218200,9.29421826171875,3.206434726715088,10.38963794708252,-0.016160860657691956
1789729838616155000,9.30415478515625,2.9454667568206787,10.394426345825195,-0.03292027488350868
1789729838626091500,9.314091552734375,2.737171173095703,10.439916610717773,-0.07841010391712189
1789729838636028000,9.32402783203125,2.58813214302063,10.504559516906738,-0.16220717132091522
1789729838645964500,9.333964599609375,2.408566951751709,10.583568572998047,-0.22685061395168304
1789729838655901200,9.343901123046875,2.0829553604125977,10.619482040405273,-0.1430535465478897
1789729838665837600,9.353837646484376,1.8626888990402222,10.631452560424805,0.03890577703714371
1789729838675774200,9.363774169921875,1.9033904075622559,10.526107788085938,0.21607670187950134
1789729838685710800,9.3737109375,2.099714994430542,10.255562782287598,0.3597288131713867
1789729838695647500,9.3836474609375,2.3056161403656006,9.913191795349121,0.40043023228645325
1789729838705584000,9.393584228515625,2.47560453414917,9.52473258972168,0.3214215636253357
1789729838715520800,9.403520751953126,2.5689783096313477,9.177573204040527,0.17537526786327362
1789729838725457400,9.41345751953125,2.473210334777832,8.94773006439209,0.012569558806717396
1789729838735394000,9.42339404296875,2.1164743900299072,8.76577091217041,-0.07841010391712189
1789729838745331000,9.4333310546875,1.599326729774475,8.605359077453613,-0.18375498056411743
1789729838755267600,9.443267578125,1.2755109071731567,8.60775375366211,-0.4016273319721222
1789729838765204200,9.453204345703124,1.2539631128311157,8.78731918334961,-0.6248866319656372
1789729838775140900,9.463140869140625,1.1342530250549316,9.062651634216309,-0.7541735172271729
1789729838785077500,9.473077392578125,0.8924387097358704,9.318831443786621,-0.6751648783683777
1789729838795014100,9.48301416015625,1.0145429372787476,9.560646057128906,-0.47824180126190186
1789729838804950800,9.49295068359375,1.4526818990707397,9.75278091430664,-0.27234044671058655
1789729838814887400,9.502887451171874,1.8722656965255737,9.949105262756348,-0.15502455830574036
1789729838824824000,9.512823974609375,2.298433542251587,9.932345390319824,0.14664486050605774
1789729838834760700,9.5227607421875,2.648585557937622,9.584588050842285,0.536899745464325
1789729838844697600,9.532697509765624,2.9047651290893555,9.077016830444336,0.7050924301147461
1789729838854634200,9.54263427734375,3.24953031539917,8.67718505859375,0.7050924301147461
1789729838864571000,9.55257080078125,3.3644518852233887,8.315062522888184,0.5895721912384033
1789729838874507500,9.562507568359376,3.026869535446167,8.044517517089844,0.4818331003189087
1789729838884444200,9.572444091796875,2.3918075561523438,7.903259754180908,0.42197805643081665
1789729838894380800,9.582380859375,1.7142484188079834,7.838616371154785,0.3932476341724396
1789729838904317400,9.5923173828125,1.2970588207244873,7.967903137207031,0.18974047899246216
1789729838914254000,9.602254150390625,1.268328309059143,8.429984092712402,-0.1693897694349289
1789729838924190700,9.612190673828126,1.3377602100372314,8.916605949401855,-0.4255693554878235
1789729838934127600,9.622127685546875,1.3210008144378662,9.369110107421875,-0.4471171796321869
1789729838944064500,9.632064453125,0.6937199234962463,9.452906608581543,0.17058686912059784
1789729838954001200,9.642001220703126,0.34596213698387146,9.941922187805176,-0.18136078119277954
1789729838963937500,9.6519375,0.8804676532745361,10.33217716217041,-0.8930372595787048
1789729838973874000,9.6618740234375,1.86508309841156,9.922768592834473,-0.7637503147125244
1789729838983810300,9.671810302734375,2.9550435543060303,9.187150001525879,-0.3250128924846649
1789729838993747000,9.681746826171874,3.685275077819824,8.693944931030273,0.25677812099456787
1789729839003684400,9.691684326171876,4.152742862701416,8.514379501342773,0.436343252658844
1789729839013621000,9.70162109375,4.521450042724609,8.602965354919434,0.39564183354377747
1789729839023557600,9.7115576171875,4.732139587402344,8.772953987121582,0.4100070297718048
1789729839033494300,9.721494384765625,4.598064422607422,9.060257911682129,0.4866214990615845
1789729839043431000,9.731430908203125,4.001908302307129,9.517550468444824,0.6883329749107361
1789729839053367600,9.741367431640626,3.3213562965393066,9.874884605407715,0.9014169573783875
1789729839063304200,9.75130419921875,2.895188331604004,9.932345390319824,1.1408370733261108
1789729839073240600,9.761240478515624,3.0196869373321533,9.609128952026367,1.2078747749328613
1789729839083177000,9.771177001953125,3.5727474689483643,9.06983470916748,1.1959037780761719
1789729839093113300,9.78111328125,4.298789024353027,8.658031463623047,0.99479079246521
1789729839103049700,9.7910498046875,4.866214752197266,8.485649108886719,0.6619967818260193
1789729839112986400,9.800986328125,4.988917827606201,8.456320762634277,0.49619829654693604
1789729839122923000,9.810923095703124,4.547786235809326,8.55029296875,0.4842272996902466
1789729839132859600,9.820859619140625,3.7840356826782227,8.87829875946045,0.47465047240257263
1789729839142796300,9.83079638671875,3.1274259090423584,9.30686092376709,0.292691171169281
1789729839152733000,9.84073291015625,2.6144683361053467,9.692925453186035,0.0867898091673851
1789729839162669600,9.850669677734375,2.2385785579681396,9.97065258026123,-0.10953472554683685
1789729839172606200,9.860606201171874,1.968033790588379,10.140641212463379,-0.2603694200515747
1789729839182542800,9.87054296875,1.845929503440857,10.35372543334961,-0.3824737071990967
1789729839192479500,9.8804794921875,1.8531121015548706,10.473435401916504,-0.43754035234451294
1789729839202416000,9.890416015625,1.922544002532959,10.418368339538574,-0.3058592677116394
1789729839212353000,9.90035302734375,2.0614075660705566,10.375272750854492,-0.07841010391712189
1789729839222289700,9.91028955078125,2.3582887649536133,10.32978343963623,0.02693476900458336
1789729839232226300,9.920226318359376,2.5905263423919678,10.15021800994873,-0.06165069341659546
1789729839242163000,9.930162841796875,2.9526493549346924,10.068815231323242,-0.2603694200515747
1789729839252099600,9.940099609375,3.1872811317443848,9.886856079101562,-0.2890998423099518
1789729839262036200,9.9500361328125,3.4171242713928223,9.791088104248047,-0.43035775423049927
1789729839271972900,9.959972900390625,3.3955764770507812,10.02811336517334,-0.5482721924781799
1789729839281909500,9.969909423828126,3.1489737033843994,10.36569595336914,-0.5386953949928284
1789729839291847200,9.97984716796875,2.6653449535369873,10.672154426574707,-0.43754035234451294
1789729839301783800,9.98978369140625,2.3127987384796143,11.063007354736328,-0.43275195360183716
1789729839311720400,9.999720458984376,2.1045033931732178,11.391013145446777,-0.4279635548591614
1789729839321657000,10.009656982421875,2.0446481704711914,11.46523380279541,-0.29388827085494995
1789729839331593700,10.01959375,2.22660756111145,11.259331703186035,-0.0975637212395668
1789729839341530400,10.0295302734375,2.765901565551758,10.780491828918457,0.09876082092523575
1789729839351467000,10.039467041015625,3.378817081451416,10.23880386352539,0.2041056901216507
1789729839361403600,10.049403564453126,3.886986494064331,9.882067680358887,0.23283611238002777
1789729839371340000,10.059340087890625,4.004302501678467,9.750386238098145,0.19692309200763702
1789729839381276700,10.069276611328124,3.5224692821502686,9.738415718078613,0.17537526786327362
1789729839391213300,10.07921337890625,2.8568811416625977,9.805453300476074,0.1538274586200714
1789729839401150500,10.089150390625,2.343923568725586,9.7791166305542,0.11552023142576218
1789729839411087000,10.099087158203124,2.2457611560821533,9.551069259643555,0.1107318252325058
1789729839421023700,10.109023681640625,2.535459518432617,9.16081428527832,0.17537526786327362
1789729839430960400,10.11896044921875,3.0603883266448975,8.610147476196289,0.21128830313682556
1789729839440896800,10.128896728515626,3.5200750827789307,8.073247909545898,0.12988543510437012
1789729839450833400,10.13883349609375,3.6733038425445557,7.754819393157959,0.02693476900458336
1789729839460770300,10.148770263671874,3.381211280822754,7.60637903213501,0.005386953707784414
1789729839470707500,10.15870751953125,2.806602954864502,7.642292022705078,0.10354922711849213
1789729839480643300,10.168643310546875,2.2409727573394775,7.795520782470703,0.26396074891090393
1789729839490579200,10.1785791015625,1.7980455160140991,8.030152320861816,0.3908534348011017
1789729839500515600,10.188515625,1.525106430053711,8.305485725402832,0.47225627303123474
1789729839510452000,10.198451904296874,1.3808557987213135,8.55268669128418,0.5392939448356628
1789729839520388900,10.208388916015625,1.5101426839828491,8.684368133544922,0.5249287486076355
1789729839530326500,10.218326416015625,1.7908629179000854,8.67718505859375,0.41718965768814087
1789729839540263700,10.228263671875,2.185906171798706,8.64366626739502,0.28550854325294495
1789729839550200300,10.238200439453125,2.559401512145996,8.710704803466797,0.12270283699035645
1789729839560137000,10.248136962890625,2.8113913536071777,8.801684379577637,0.0628477931022644
1789729839570073600,10.258073486328126,2.890399932861328,8.8878755569458,0.11312603205442429
1789729839580010000,10.268010009765625,2.7922377586364746,8.995614051818848,0.1825578808784485
1789729839589947100,10.277947021484374,2.6605565547943115,9.088988304138184,0.21847090125083923
1789729839599883500,10.287883544921876,2.63362193107605,9.084199905395508,0.22086510062217712
1789729839609820000,10.29781982421875,2.7084407806396484,9.00279712677002,0.22086510062217712
1789729839619756300,10.30775634765625,2.80899715423584,9.050681114196777,0.14185644686222076
1789729839629693000,10.31769287109375,3.00053334236145,9.189544677734375,0.058059390634298325
1789729839639629300,10.32762939453125,3.1417911052703857,9.326014518737793,0.10833762586116791
1789729839649565700,10.337565673828125,3.18249249458313,9.541492462158203,0.21847090125083923
1789729839659502300,10.34750244140625,3.1465795040130615,9.803058624267578,0.2950853705406189
1789729839669439500,10.357439453125,3.0340521335601807,9.932345390319824,0.3429693877696991
1789729839679377000,10.367376953125,2.9550435543060303,9.985017776489258,0.42197805643081665
1789729839689313500,10.3773134765625,3.0651767253875732,9.894038200378418,0.4578910768032074
1789729839699250200,10.387250244140626,3.273472309112549,9.62828254699707,0.4507084786891937
1789729839709186800,10.397186767578125,3.4171242713928223,9.187150001525879,0.345363587141037
1789729839719123500,10.40712353515625,3.539228677749634,8.950124740600586,0.16101007163524628
1789729839729060400,10.417060302734376,3.6900634765625,8.67479133605957,-0.06165069341659546
1789729839738997000,10.4269970703125,3.6541502475738525,8.737040519714355,-0.34177228808403015
1789729839748933600,10.43693359375,3.4769794940948486,9.191938400268555,-0.6105214357376099
1789729839758870500,10.44687060546875,3.1848866939544678,9.783905029296875,-0.5889736413955688
1789729839768806700,10.456806640625,2.7946319580078125,10.195708274841309,-0.31543606519699097
1789729839778743000,10.466742919921876,2.5689783096313477,10.32978343963623,0.02214636653661728
1789729839788679200,10.47667919921875,2.7994203567504883,10.404003143310547,0.18495208024978638
1789729839798615600,10.486615478515626,3.1465795040130615,10.449493408203125,0.04369417950510979
1789729839808552000,10.496552001953125,3.397970676422119,10.540472984313965,-0.13108254969120026
1789729839818489900,10.50648974609375,3.443460702896118,10.47822380065918,-0.076015904545784
1789729839828427000,10.516427001953126,3.4314894676208496,10.176554679870605,0.14664486050605774
1789729839838363600,10.52636376953125,3.5703532695770264,9.915586471557617,0.24480712413787842
1789729839848300300,10.53630029296875,3.8103721141815186,9.917980194091797,0.14425064623355865
1789729839858237000,10.54623681640625,3.8965632915496826,9.915586471557617,0.14425064623355865
1789729839868173600,10.556173583984375,3.772064685821533,9.745597839355469,0.40521863102912903
1789729839878108400,10.5661083984375,3.6326024532318115,9.5007905960083,0.6500257849693298
1789729839888043800,10.576043701171875,3.555988073348999,9.282918930053711,0.7170634269714355
1789729839897979600,10.585979736328126,3.5224692821502686,9.10574722290039,0.579995334148407
1789729839907916000,10.595916015625,3.5033156871795654,9.029132843017578,0.3597288131713867
1789729839917853200,10.605853271484374,3.3955764770507812,9.01476764678955,0.13706804811954498
1789729839927790600,10.61579052734375,3.1705214977264404,9.045892715454102,-0.004189853090792894
1789729839937728500,10.625728515625,2.828150749206543,8.97885513305664,-0.04249707981944084
1789729839947666400,10.63566650390625,2.5091233253479004,8.866327285766602,-0.15981295704841614
1789729839957604600,10.6456044921875,2.322375535964966,8.818443298339844,-0.39205053448677063
1789729839967539500,10.65553955078125,2.2457611560821533,8.866327285766602,-0.5913678407669067
1789729839977474600,10.665474609375,2.2457611560821533,8.995614051818848,-0.6536170840263367
1789729839987410000,10.675409912109375,2.1739351749420166,9.09377670288086,-0.6009446382522583
1789729839997346000,10.685345947265626,2.1571757793426514,9.223063468933105,-0.5746083855628967
1789729840007282700,10.69528271484375,2.2864625453948975,9.407417297363281,-0.5267243981361389
1789729840017220000,10.70522021484375,2.454056739807129,9.55825138092041,-0.43035775423049927
1789729840027158000,10.715157958984374,2.499546527862549,9.72165584564209,-0.4279635548591614
1789729840037096200,10.72509619140625,2.3558945655822754,9.84615421295166,-0.41120412945747375
1789729840047033900,10.735033935546875,1.9321208000183105,9.728838920593262,-0.22445641458034515
1789729840056970500,10.744970458984374,1.7405846118927002,9.385869026184082,0.10115502029657364
1789729840066907100,10.7549072265625,2.073378562927246,9.043498039245605,0.37888240814208984
1789729840076843800,10.76484375,2.559401512145996,8.859145164489746,0.37169981002807617
1789729840086780400,10.774780517578124,2.9071593284606934,8.942941665649414,0.16340427100658417
1789729840096717000,10.784717041015625,2.8999767303466797,9.096170425415039,0.12749123573303223
1789729840106653700,10.79465380859375,2.540247917175293,9.1847562789917,0.25677812099456787
1789729840116590300,10.80459033203125,2.097320795059204,9.242217063903809,0.4842272996902466
1789729840126527200,10.81452734375,1.7597382068634033,9.302072525024414,0.6428431272506714
1789729840136463600,10.824463623046874,1.699883222579956,9.381080627441406,0.5871779918670654
1789729840146400000,10.83439990234375,1.8507179021835327,9.517550468444824,0.4578910768032074
1789729840156336600,10.844336669921875,1.987187385559082,9.647436141967773,0.3166331648826599
1789729840166273000,10.85427294921875,1.9943699836730957,9.678560256958008,0.24480712413787842
1789729840176209400,10.86420947265625,1.889025092124939,9.584588050842285,0.28790274262428284
1789729840186146000,10.87414599609375,1.8818424940109253,9.567828178405762,0.23762452602386475
1789729840196082700,10.884082763671875,2.2409727573394775,9.68813705444336,0.228047713637352
1789729840206019600,10.89401953125,2.7754783630371094,9.647436141967773,0.32860419154167175
1789729840215956200,10.903956298828126,3.335721492767334,9.577404975891113,0.3884592354297638
1789729840225893400,10.913893310546875,3.81994891166687,9.59715747833252,0.3621230125427246
1789729840235830800,10.923830810546875,3.9636008739471436,9.613917350769043,0.2783259451389313
1789729840245767400,10.933767333984376,3.8582561016082764,9.575011253356934,0.19452889263629913
1789729840255704000,10.9437041015625,3.5679590702056885,9.55825138092041,0.19213469326496124
1789729840265640700,10.953640625,3.18249249458313,9.481637001037598,0.17058686912059784
1789729840275577300,10.963577392578125,2.9454667568206787,9.503185272216797,0.12509703636169434
1789729840285513500,10.973513427734375,2.8161797523498535,9.479243278503418,0.10833762586116791
1789729840295449600,10.98344970703125,2.6408045291900635,9.450512886047363,0.0867898091673851
1789729840305386000,10.993385986328125,2.4444799423217773,9.510367393493652,0.0077811554074287415
1789729840315322400,11.003322265625,2.118868589401245,9.63067626953125,0.048482585698366165
1789729840325259000,11.013259033203125,1.723825216293335,9.726444244384766,0.005386953707784414
1789729840335196200,11.023196044921875,1.4574702978134155,9.915586471557617,-0.11671733111143112
1789729840345133000,11.033133056640626,1.4526818990707397,10.054450035095215,-0.20051439106464386
1789729840355070200,11.0430703125,1.702277421951294,10.020931243896484,-0.14784196019172668
1789729840365007400,11.05300732421875,2.10210919380188,9.819818496704102,-0.04489128291606903
1789729840374944300,11.0629443359375,2.4899697303771973,9.541492462158203,0.07003039866685867
1789729840384881400,11.07288134765625,2.7539305686950684,9.189544677734375,0.2663549482822418
1789729840394817300,11.0828173828125,2.852092742919922,8.734646797180176,0.5249287486076355
1789729840404754200,11.092754150390626,2.892794132232666,8.305485725402832,0.7050924301147461
1789729840414690800,11.10269091796875,2.7299885749816895,8.128314971923828,0.7170634269714355
1789729840424627700,11.112627685546874,2.4157495498657227,8.365341186523438,0.40282443165779114
1789729840434564400,11.122564453125,1.9273324012756348,8.859145164489746,0.048482585698366165
1789729840444501200,11.132501220703125,1.2659341096878052,9.242217063903809,-0.08319851011037827
1789729840454438000,11.14243798828125,0.6051344871520996,9.352350234985352,0.10594342648983002
1789729840464374500,11.15237451171875,0.1496376097202301,9.419387817382812,0.3429693877696991
1789729840474311200,11.162311279296874,0.08499415963888168,9.690531730651855,0.2711433470249176
1789729840484247800,11.172247802734375,0.3818751573562622,10.018536567687988,0.13946224749088287
1789729840494184400,11.182184326171875,0.8517372608184814,10.102334022521973,0.08439560979604721
1789729840504121000,11.19212109375,1.3664906024932861,9.953893661499023,0.1801636815071106
1789729840514057700,11.2020576171875,1.9321208000183105,9.654618263244629,0.30226796865463257
1789729840523994400,11.211994384765624,2.3032219409942627,9.416994094848633,0.30226796865463257
1789729840533931300,11.22193115234375,2.2888567447662354,9.37629222869873,0.16579847037792206
1789729840543868000,11.231867919921875,1.922544002532959,9.436147689819336,-0.028131870552897453
1789729840553804500,11.241804443359374,1.4526818990707397,9.515155792236328,-0.08319851011037827
1789729840563741200,11.2517412109375,1.2874820232391357,9.337985038757324,0.0628477931022644
1789729840573677800,11.261677734375,1.6160861253738403,9.009979248046875,0.3884592354297638
1789729840583614500,11.271614501953126,2.4444799423217773,8.966883659362793,0.5704185366630554
1789729840593551000,11.281551025390625,3.3476924896240234,9.021950721740723,0.6811503767967224
1789729840603487700,11.29148779296875,3.95641827583313,9.124900817871094,0.6979097723960876
1789729840613424400,11.30142431640625,4.006696701049805,9.383475303649902,0.49140989780426025
1789729840623361800,11.31136181640625,3.3859996795654297,9.5223388671875,0.19692309200763702
1789729840633298700,11.321298583984374,2.7682957649230957,9.798270225524902,-0.6536170840263367
1789729840643234600,11.331234619140625,2.166752576828003,10.751761436462402,-1.1324573755264282
1789729840653170700,11.341170654296874,1.447893500328064,10.492588996887207,-0.31543606519699097
1789729840663106600,11.3511064453125,1.7334020137786865,9.795876502990723,0.2017114907503128
1789729840673043200,11.361043212890625,2.7922377586364746,9.920374870300293,0.32620999217033386
1789729840682980600,11.370980712890624,3.5176808834075928,10.193313598632812,0.35015198588371277
1789729840692918500,11.38091845703125,3.884592294692993,9.985017776489258,0.6332663297653198
1789729840702855200,11.390855224609375,4.035427093505859,9.37629222869873,0.9469067454338074
1789729840712791800,11.400791748046874,4.155137062072754,9.00279712677002,0.8750807046890259
1789729840722728400,11.410728515625,4.001908302307129,9.021950721740723,0.4842272996902466
1789729840732665000,11.4206650390625,3.6278140544891357,9.057863235473633,0.11312603205442429
1789729840742602000,11.43060205078125,3.227982521057129,9.06983470916748,0.07242459803819656
1789729840752538600,11.44053857421875,2.7012581825256348,9.053074836730957,0.18495208024978638
1789729840762475300,11.450475341796874,2.346317768096924,9.211092948913574,0.2041056901216507
1789729840772412000,11.460411865234375,2.425326347351074,9.678560256958008,0.11312603205442429
1789729840782348500,11.4703486328125,2.6653449535369873,9.913191795349121,0.1322796493768692
1789729840792285200,11.48028515625,2.609679937362671,9.692925453186035,0.32620999217033386
1789729840802221800,11.490221923828125,2.6240451335906982,9.335591316223145,0.4794389009475708
1789729840812158500,11.500158447265624,2.825756549835205,9.012373924255371,0.37409400939941406
1789729840822095000,11.51009521484375,2.9694087505340576,8.775347709655762,0.2472013235092163
1789729840832031700,11.52003173828125,2.8329391479492188,8.636484146118164,0.2783259451389313
1789729840841968600,11.52996875,2.513911724090576,8.58381175994873,0.42676645517349243
1789729840851905300,11.5399052734375,2.1068975925445557,8.60775375366211,0.5153518915176392
1789729840861842000,11.549842041015625,1.7262194156646729,8.76337718963623,0.5728127360343933
1789729840871778600,11.559778564453126,1.556231141090393,9.0051908493042,0.6476315855979919
1789729840881715200,11.569715087890625,1.580173134803772,9.110535621643066,0.7314286231994629
1789729840891651800,11.57965185546875,1.8100165128707886,9.077016830444336,0.8846575021743774
1789729840901588500,11.58958837890625,2.315192937850952,8.952518463134766,1.0067617893218994
1789729840911525000,11.599525146484375,2.9502551555633545,8.801684379577637,0.8918401598930359
1789729840921461800,11.609461669921876,3.3668460845947266,8.746617317199707,0.5991489887237549
1789729840931398700,11.619398681640625,3.311779499053955,8.796895980834961,0.35733461380004883
1789729840941335300,11.629335205078124,2.897582530975342,8.904634475708008,0.19213469326496124
1789729840951272000,11.63927197265625,2.4205379486083984,9.086593627929688,0.02454056777060032
1789729840961208600,11.64920849609375,2.032677173614502,9.440936088562012,-0.04249707981944084
1789729840971145500,11.6591455078125,1.8315643072128296,9.829395294189453,-0.011372458189725876
1789729840981082400,11.669082275390625,1.8698714971542358,10.078392028808594,0.07960720360279083
1789729840991019500,11.67901953125,2.027888774871826,10.121487617492676,0.15143325924873352
1789729841000956400,11.688956298828124,2.2649147510528564,10.152612686157227,0.03411737456917763
1789729841010893300,11.698893310546875,2.5306711196899414,10.183736801147461,-0.09038111567497253
1789729841020829400,11.708829345703125,2.849698543548584,10.193313598632812,-0.18136078119277954
1789729841030765800,11.718765869140626,3.153762102127075,10.214861869812012,-0.22685061395168304
1789729841040702000,11.728701904296875,3.292625904083252,10.257957458496094,-0.284311443567276
1789729841050638300,11.738638427734376,3.2830491065979004,10.363302230834961,-0.23403321206569672
1789729841060575000,11.748574951171875,3.2591071128845215,10.564414978027344,-0.15023615956306458
1789729841070512000,11.75851220703125,3.2207999229431152,10.780491828918457,-0.0736217051744461
1789729841080449800,11.76844970703125,3.1010897159576416,10.964845657348633,0.0628477931022644
1789729841090386700,11.77838671875,2.9095535278320312,10.79964542388916,0.5129576921463013
1789729841100323300,11.7883232421875,2.9981391429901123,10.234015464782715,1.0666168928146362
1789729841110260000,11.798260009765626,3.510498285293579,9.409811019897461,1.4113819599151611
1789729841120196600,11.808196533203125,4.210203647613525,8.55268669128418,1.3515268564224243
1789729841130134000,11.818134033203124,4.6291890144348145,8.17141056060791,0.8415619134902954
1789729841140070000,11.82806982421875,4.131195068359375,8.31985092163086,0.12988543510437012
1789729841150006000,11.838006103515625,2.758718967437744,8.681973457336426,-0.21009120345115662
1789729841159942100,11.847942138671876,1.1773487329483032,8.928576469421387,-0.10953472554683685
1789729841169878800,11.857878662109375,-0.07062894850969315,8.923788070678711,0.12988543510437012
1789729841179816000,11.86781591796875,-0.4537012279033661,9.009979248046875,0.1586158573627472
1789729841189753000,11.877753173828125,0.1280897855758667,9.239823341369629,-0.16220717132091522
1789729841199690000,11.88768994140625,1.0480618476867676,9.43375301361084,-0.46148237586021423
1789729841209627100,11.897627197265624,1.5849615335464478,9.479243278503418,-0.569819986820221
1789729841219564000,11.90756396484375,1.5053542852401733,9.412205696105957,-0.48303020000457764
1789729841229500700,11.917500732421875,1.3545196056365967,9.318831443786621,-0.5291185975074768
1789729841239437300,11.927437255859376,1.5203180313110352,9.40023422241211,-0.7134721279144287
1789729841249374000,11.9373740234375,1.845929503440857,9.586981773376465,-0.7469909191131592
1789729841259310600,11.947310546875,2.0661959648132324,9.793481826782227,-0.6224924325942993
1789729841269247200,11.957247314453125,2.1715409755706787,10.02571964263916,-0.4638765752315521
1789729841279184100,11.96718408203125,2.274491548538208,10.17176628112793,-0.26755204796791077
1789729841289120800,11.977120849609374,2.5689783096313477,10.140641212463379,-0.05446808785200119
1789729841299057400,11.987057373046875,3.093907117843628,10.02811336517334,0.07721300423145294
1789729841308994000,11.996994140625,3.6709096431732178,10.049661636352539,0.12030863761901855
1789729841318930700,12.0069306640625,4.200626850128174,10.32978343963623,0.1586158573627472
1789729841328867300,12.016867431640625,4.37540340423584,10.60272216796875,0.3166331648826599
1789729841338804000,12.026803955078124,3.9372646808624268,10.688913345336914,0.5488707423210144
1789729841348740600,12.03674072265625,3.2854433059692383,10.79964542388916,0.6476315855979919
1789729841358676700,12.0466767578125,2.8784289360046387,10.866683006286621,0.5895721912384033
1789729841368613400,12.05661328125,2.7491421699523926,10.681731224060059,0.579995334148407
1789729841378550000,12.066550048828125,2.9694087505340576,10.394426345825195,0.5728127360343933
1789729841388486700,12.076486572265624,3.426701068878174,10.004171371459961,0.5201402902603149
1789729841398423300,12.08642333984375,3.8055837154388428,9.512762069702148,0.44592007994651794
1789729841408360000,12.09635986328125,3.95641827583313,9.103353500366211,0.30466216802597046
1789729841418296600,12.106296630859376,3.8965632915496826,8.808866500854492,0.18495208024978638
1789729841428233200,12.116233154296875,3.646967649459839,8.64366626739502,0.14664486050605774
1789729841438169900,12.126169921875,3.2615013122558594,8.49522590637207,0.10833762586116791
1789729841448106800,12.136106689453126,2.804208755493164,8.427590370178223,0.08200141042470932
1789729841458043400,12.14604345703125,2.5665841102600098,8.461109161376953,0.08439560979604721
1789729841467980000,12.15597998046875,2.6773159503936768,8.379706382751465,0.12988543510437012
1789729841477917000,12.1659169921875,2.914341926574707,8.123526573181152,0.18495208024978638
1789729841487853600,12.175853515625,3.206434726715088,7.8745293617248535,0.21847090125083923
1789729841497790500,12.18579052734375,3.397970676422119,7.778761386871338,0.2017114907503128
1789729841507727000,12.19572705078125,3.4386723041534424,7.979874134063721,0.1825578808784485
1789729841517664000,12.2056640625,3.1705214977264404,8.293514251708984,0.30945056676864624
1789729841527600600,12.2156005859375,2.6773159503936768,8.590993881225586,0.6212953329086304
1789729841537537500,12.22553759765625,2.276885747909546,8.851962089538574,0.9157821536064148
1789729841547474200,12.23547412109375,2.185906171798706,8.98124885559082,1.0402805805206299
1789729841557411000,12.2454111328125,2.31758713722229,9.057863235473633,0.9684545993804932
1789729841567347700,12.25534765625,2.5258827209472656,9.086593627929688,0.7625532150268555
1789729841577284600,12.26528466796875,2.765901565551758,9.16081428527832,0.49619829654693604
1789729841587221200,12.27522119140625,2.911947727203369,9.211092948913574,0.3645172119140625
1789729841597158100,12.285158203125,2.914341926574707,9.156025886535645,0.5033808946609497
1789729841607095000,12.295094970703126,3.0603883266448975,8.94533634185791,0.7553706169128418
1789729841617031700,12.30503173828125,3.5679590702056885,8.739435195922852,0.8008604645729065
1789729841626968600,12.314968505859374,4.052186489105225,8.653243064880371,0.5752069354057312
1789729841636905200,12.3249052734375,4.255693435668945,8.758588790893555,0.2974795699119568
1789729841646842000,12.334842041015625,3.975571870803833,8.988431930541992,0.17058686912059784
1789729841656778800,12.34477880859375,3.1417911052703857,9.225458145141602,0.25438392162323
1789729841666715600,12.354715576171875,2.279279947280884,9.531915664672852,0.4411316514015198
1789729841676652300,12.36465234375,1.7693150043487549,9.7791166305542,0.7050924301147461
1789729841686589200,12.374589111328126,1.86508309841156,10.013748168945312,0.7841010689735413
1789729841696525800,12.38452587890625,2.360682964324951,10.317811965942383,0.6811503767967224
1789729841706462700,12.394462646484374,2.715623378753662,10.60032844543457,0.6212953329086304
1789729841716399400,12.4043994140625,2.7108349800109863,10.737396240234375,0.7721300721168518
1789729841726336300,12.414336181640625,2.6581623554229736,10.735001564025879,1.0091559886932373
1789729841736273000,12.42427294921875,2.8401217460632324,10.676942825317383,1.136048674583435
1789729841746209800,12.434209716796875,3.2806549072265625,10.506954193115234,1.2078747749328613
1789729841756146400,12.444146484375,3.86543869972229,10.229227066040039,1.282094955444336
1789729841766082600,12.45408251953125,4.41849946975708,9.980229377746582,1.2725181579589844
1789729841776019000,12.46401904296875,4.763264179229736,9.86770248413086,1.1528080701828003
1789729841785955300,12.473955322265626,4.784811973571777,10.006566047668457,0.9516952037811279
1789729841795892000,12.48389208984375,4.365826606750488,10.229227066040039,0.812831461429596
1789729841805828900,12.493828857421875,3.5942952632904053,10.303446769714355,0.7864952683448792
1789729841815765800,12.503765869140626,3.002927541732788,10.32978343963623,0.7625532150268555
1789729841825702700,12.51370263671875,2.852092742919922,10.289081573486328,0.6308721303939819
1789729841835639600,12.5236396484375,3.0148985385894775,10.17416000366211,0.4770447015762329
1789729841845576400,12.533576416015626,3.333327293395996,9.996989250183105,0.3645172119140625
1789729841855513000,12.54351318359375,3.536834478378296,9.860519409179688,0.24001872539520264
1789729841865450000,12.553449951171874,3.467402696609497,9.68574333190918,0.21607670187950134
1789729841875387000,12.563386962890625,3.273472309112549,9.323619842529297,0.28311434388160706
1789729841885323800,12.57332373046875,3.050811529159546,8.942941665649414,0.20889410376548767
1789729841895260700,12.5832607421875,2.7515363693237305,8.892663955688477,-0.004189853090792894
1789729841905197600,12.593197509765625,2.408566951751709,9.167996406555176,-0.14065934717655182
1789729841915134200,12.60313427734375,2.0661959648132324,9.531915664672852,0.10115502029657364
1789729841925070300,12.6130703125,1.766920804977417,9.769539833068848,0.6308721303939819
1789729841935006200,12.623006103515625,1.5442601442337036,9.745597839355469,1.171961784362793
1789729841944942600,12.632942626953126,1.845929503440857,9.55825138092041,1.3898340463638306
1789729841954879200,12.642879150390625,2.667739152908325,9.225458145141602,1.2318167686462402
1789729841964816400,12.65281640625,3.290231704711914,8.782530784606934,0.9660604000091553
1789729841974753300,12.662753173828126,3.3429040908813477,8.300697326660156,0.8343793153762817
1789729841984690700,12.672690673828125,3.053205728530884,7.876923561096191,0.8391677141189575
1789729841994627800,12.6826279296875,2.653373956680298,7.544129371643066,0.8798691034317017
1789729842004565000,12.69256494140625,2.3319525718688965,7.3669586181640625,0.8487445116043091
1789729842014501600,12.702501708984375,2.166752576828003,7.357381820678711,0.7577648162841797
1789729842024438300,12.712438232421874,1.9967641830444336,7.529764175415039,0.596754789352417
1789729842034375000,12.722375,1.800439715385437,7.996633529663086,0.3214215636253357
1789729842044311600,12.7323115234375,1.4646528959274292,8.753800392150879,0.1322796493768692
1789729842054248200,12.742248291015626,1.0313023328781128,9.553462982177734,0.11791443079710007
1789729842064184800,12.752184814453125,0.7511807680130005,10.284293174743652,0.20889410376548767
1789729842074121500,12.76212158203125,0.9091981053352356,10.792462348937988,0.3932476341724396
1789729842084058400,12.772058349609376,1.6927006244659424,10.969634056091309,0.6165069341659546
1789729842093995000,12.7819951171875,2.890399932861328,10.864288330078125,0.690727174282074
1789729842103931600,12.791931640625,4.195838451385498,10.518924713134766,0.5321113467216492
1789729842113868300,12.801868408203125,5.235520362854004,10.092757225036621,0.3477577865123749
1789729842123805000,12.811804931640625,5.757456302642822,9.72165584564209,0.3357867896556854
1789729842133741600,12.821741455078126,5.692812919616699,9.507973670959473,0.49140989780426025
1789729842143678200,12.83167822265625,5.106233596801758,9.553462982177734,0.7194576263427734
1789729842153614800,12.84161474609375,4.222174644470215,9.803058624267578,0.9157821536064148
1789729842163551500,12.851551513671875,3.3045969009399414,10.121487617492676,1.0857704877853394
1789729842173488000,12.861488037109375,2.4899697303771973,10.315418243408203,1.3563152551651
1789729842183425000,12.871425048828126,1.9321208000183105,10.380061149597168,1.657984733581543
1789729842193361700,12.881361572265625,1.778891921043396,10.336965560913086,1.7830817699432373
1789729842203298600,12.891298583984375,2.0374655723571777,10.200496673583984,1.7399860620498657
1789729842213235500,12.9012353515625,2.434903144836426,9.87967300415039,1.6531962156295776
1789729842223172000,12.911172119140625,2.780266761779785,9.472060203552246,1.4688427448272705
1789729842233109000,12.92110888671875,2.943072557449341,9.187150001525879,1.1456254720687866
1789729842243045600,12.931045654296875,2.8544869422912598,9.029132843017578,0.8176198601722717
1789729842252982500,12.940982421875,2.6001031398773193,8.988431930541992,0.5847837924957275
1789729842262919200,12.950919189453124,2.319981336593628,9.045892715454102,0.46986207365989685
1789729842272856000,12.96085595703125,2.097320795059204,9.057863235473633,0.4866214990615845
1789729842282792700,12.970792724609375,2.1332337856292725,8.971672058105469,0.6332663297653198
1789729842292729600,12.9807294921875,2.4612393379211426,8.806472778320312,0.8391677141189575
1789729842302666200,12.990666259765625,2.8640637397766113,8.593388557434082,1.0450690984725952
1789729842312603100,13.00060302734375,3.2160115242004395,8.190564155578613,1.2030863761901855
1789729842322539800,13.010539794921876,3.5416228771209717,7.706935405731201,1.382651448249817
1789729842332476700,13.0204765625,3.846285104751587,7.213130950927734,1.4856021404266357
1789729842342413300,13.030413330078124,3.9588124752044678,6.95695161819458,1.3874398469924927
1789729842352350200,13.04035009765625,3.6996402740478516,6.971316814422607,1.1288660764694214
1789729842362286800,13.050286865234375,3.0986955165863037,7.292140007019043,0.8008604645729065
1789729842372223700,13.0602236328125,2.2146365642547607,7.833827972412109,0.6404489278793335
1789729842382160400,13.070160400390625,1.1677719354629517,8.511985778808594,0.6619967818260193
1789729842392097300,13.08009716796875,0.32202014327049255,9.326014518737793,0.6572083830833435
1789729842402034000,13.090033935546876,0.02753331884741783,10.104728698730469,0.5728127360343933
1789729842411970800,13.099970703125,0.3842693865299225,10.669759750366211,0.4770447015762329
1789729842421907500,13.109907470703124,1.103128433227539,10.888230323791504,0.3477577865123749
1789729842431844400,13.11984423828125,1.8842366933822632,10.754155158996582,0.2232593148946762
1789729842441781000,13.129781005859375,2.69646954536438,10.257957458496094,0.1801636815071106
1789729842451718000,13.1397177734375,3.6349966526031494,9.527127265930176,0.19931729137897491
1789729842461654500,13.149654541015625,4.631583213806152,8.806472778320312,0.13706804811954498
1789729842471591400,13.15959130859375,5.541978359222412,8.283937454223633,0.07721300423145294
1789729842481528000,13.169528076171876,6.308721542358398,7.996633529663086,0.048482585698366165
1789729842491465000,13.17946484375,6.811503887176514,7.931990146636963,0.2064998894929886
1789729842501401600,13.189401611328124,6.914454460144043,8.068459510803223,0.49140989780426025
1789729842511338500,13.19933837890625,6.6630635261535645,8.398859977722168,0.690727174282074
1789729842521275100,13.209275146484375,6.066906929016113,8.839991569519043,0.6835445761680603
1789729842531212300,13.21921240234375,5.2450971603393555,9.316437721252441,0.6141127347946167
1789729842541149400,13.2291494140625,4.353855609893799,9.822212219238281,0.5704185366630554
1789729842551086000,13.239086181640625,3.5631706714630127,10.245985984802246,0.44831427931785583
1789729842561022700,13.249022705078126,3.1417911052703857,10.540472984313965,0.17537526786327362
1789729842570959400,13.25895947265625,3.0555999279022217,10.641029357910156,-0.011372458189725876
1789729842580896000,13.26889599609375,3.3405098915100098,10.612298965454102,-0.11192893236875534
1789729842590833000,13.2788330078125,3.891774892807007,10.432733535766602,-0.1430535465478897
1789729842600769500,13.28876953125,4.440047264099121,10.202890396118164,-0.22206220030784607
1789729842610706400,13.29870654296875,4.8255133628845215,10.061633110046387,-0.34416648745536804
1789729842620643300,13.308643310546875,5.0032830238342285,9.917980194091797,-0.36092591285705566
1789729842630580200,13.318580322265625,5.034407615661621,9.803058624267578,-0.322618693113327
1789729842640516900,13.328516845703126,5.000888824462891,9.728838920593262,-0.2555810213088989
1789729842650453800,13.338453857421875,4.936245441436768,9.637859344482422,-0.12629413604736328
1789729842660390400,13.348390380859374,4.875791549682617,9.529520988464355,0.04369417950510979
1789729842670327300,13.358327392578126,4.897938251495361,9.486425399780273,0.10594342648983002
1789729842680264000,13.368263916015625,4.887762546539307,9.481637001037598,0.060453593730926514
1789729842690200600,13.37820068359375,4.6914381980896,9.529520988464355,0.02214636653661728
1789729842700137200,13.38813720703125,4.332307815551758,9.724050521850586,0.005386953707784414
1789729842710073900,13.398073974609375,3.8295257091522217,9.855731010437012,0.12988543510437012
1789729842720010500,13.408010498046876,3.3500866889953613,9.75278091430664,0.4602852761745453
1789729842729947600,13.41794775390625,3.223194122314453,9.59476375579834,0.8008604645729065
1789729842739884500,13.427884521484375,3.405153274536133,9.560646057128906,0.8176198601722717
1789729842749821400,13.437821533203126,3.4075474739074707,9.736021041870117,0.4626794755458832
1789729842759758000,13.447758056640625,2.9526493549346924,10.320206642150879,-0.1693897694349289
1789729842769695000,13.457695068359374,2.056619167327881,11.53466510772705,-0.9074024558067322
1789729842779631600,13.467631591796875,0.6075286865234375,12.902353286743164,-1.0678139925003052
1789729842789568500,13.477568603515625,-1.0480618476867676,13.745710372924805,-0.3298012912273407
1789729842799505200,13.487505126953126,-1.6777368783950806,14.478935241699219,0.3932476341724396
1789729842809441800,13.49744189453125,-0.456095427274704,14.759056091308594,0.345363587141037
1789729842819378400,13.50737841796875,2.43011474609375,13.83908462524414,0.07242459803819656
1789729842829315000,13.517315185546876,5.994482517242432,12.035652160644531,0.3860650360584259
1789729842839251700,13.527251708984375,9.249998092651367,10.499771118164062,1.0043675899505615
1789729842849188400,13.537188232421874,10.6925048828125,9.474454879760742,1.5310919284820557
1789729842859125200,13.547125244140625,10.052654266357422,8.775347709655762,1.7202339172363281
1789729842869062000,13.557061767578125,7.652467250823975,8.579023361206055,1.4401123523712158
1789729842878998500,13.56699853515625,4.214992046356201,8.875904083251953,0.7242460250854492
1789729842888935200,13.57693505859375,1.0648212432861328,9.448118209838867,0.03172317147254944
1789729842898871800,13.586871826171874,-0.8541314601898193,10.064026832580566,-0.17178396880626678
1789729842908808400,13.596808349609375,-1.6657658815383911,10.313023567199707,0.10833762586116791
1789729842918745000,13.6067451171875,-1.5652093887329102,10.339360237121582,0.436343252658844
1789729842928682000,13.616681884765624,-0.6428431272506714,10.166977882385254,0.606930136680603
1789729842938618600,13.62661865234375,0.6482301354408264,9.86770248413086,0.6260837316513062
1789729842948555500,13.636555419921875,1.7525556087493896,9.416994094848633,0.414795458316803
1789729842958492200,13.6464921875,2.499546527862549,9.019556045532227,0.1346738487482071
1789729842968429000,13.656428955078125,2.744353771209717,8.660426139831543,-0.023343466222286224
1789729842978365700,13.66636572265625,2.646191358566284,8.49522590637207,-0.1454477459192276
1789729842988302600,13.676302490234375,2.43011474609375,8.451532363891602,-0.1430535465478897
1789729842998239200,13.6862392578125,2.0685901641845703,8.35336971282959,-0.008978256024420261
1789729843008176000,13.696176025390624,1.659181833267212,8.161833763122559,0.10115502029657364
1789729843018112800,13.70611279296875,1.534683346748352,8.118738174438477,0.03651157766580582
1789729843028049700,13.716049560546875,1.821987509727478,8.13789176940918,-0.05925649031996727
1789729843037986300,13.725986328125,2.4444799423217773,8.200140953063965,0.02454056777060032
1789729843047923200,13.735923095703125,3.089118719100952,8.185775756835938,0.21128830313682556
1789729843057859800,13.74585986328125,3.3500866889953613,8.180987358093262,0.3860650360584259
1789729843067796700,13.755796630859376,3.026869535446167,8.300697326660156,0.4315548539161682
1789729843077733600,13.765733642578125,2.293645143508911,8.51677417755127,0.5153518915176392
1789729843087670500,13.77567041015625,1.3281834125518799,8.705916404724121,0.6015431880950928
1789729843097607400,13.785607421875,0.49978959560394287,8.964489936828613,0.6883329749107361
1789729843107544300,13.79554443359375,-0.02513911761343479,9.266159057617188,0.7122750282287598
1789729843117481200,13.805481201171874,-0.32441434264183044,9.359533309936523,0.7242460250854492
1789729843127418000,13.815418212890625,-0.2885012924671173,9.34037971496582,0.669179379940033
1789729843137354800,13.825354736328125,-0.02513911761343479,9.263765335083008,0.5009866952896118
1789729843147291600,13.835291748046876,0.43275195360183716,9.132083892822266,0.35733461380004883
1789729843157228500,13.845228515625,0.9355342984199524,8.98124885559082,0.24480712413787842
1789729843167165400,13.85516552734375,1.3377602100372314,8.954913139343262,0.1322796493768692
1789729843177102300,13.865102294921876,1.5825673341751099,9.053074836730957,0.010175357572734356
1789729843187039200,13.875039306640625,1.5969325304031372,9.270947456359863,-0.23403321206569672
1789729843196976000,13.88497607421875,1.2084733247756958,9.850942611694336,-0.6200982332229614
1789729843206912800,13.894912841796875,0.5117605924606323,10.900201797485352,-1.1300631761550903
1789729843216849700,13.904849609375,-0.5279214978218079,12.255918502807617,-1.4700398445129395
1789729843226786300,13.914786376953124,-1.6514005661010742,13.676279067993164,-1.137245774269104
1789729843236723200,13.92472314453125,-2.58813214302063,14.536396026611328,-0.06165069341659546
1789729843246659800,13.934659912109375,-2.628833532333374,14.677653312683105,1.157596468925476
1789729843256596700,13.9445966796875,-0.8732850551605225,13.810354232788086,1.9841946363449097
1789729843266533400,13.954533447265625,2.279279947280884,11.553818702697754,2.3289597034454346
1789729843276470300,13.96447021484375,5.41987419128418,8.789712905883789,2.475006103515625
1789729843286407000,13.974406982421876,7.74823522567749,6.557119846343994,2.2427685260772705
1789729843296343800,13.98434375,8.526948928833008,5.090671539306641,1.7178397178649902
1789729843306280400,13.994280517578124,7.6548614501953125,4.417900562286377,1.1528080701828003
1789729843316217300,14.00421728515625,5.549160957336426,4.614225387573242,0.7098808288574219
1789729843326153500,14.014153564453125,2.8616695404052734,5.483919143676758,0.4291606545448303
1789729843336090600,14.024090576171876,0.27892449498176575,6.729502201080322,0.21128830313682556
1789729843346027800,14.03402783203125,-1.6083049774169922,8.10437297821045,0.2998737692832947
1789729843355964700,14.043964599609374,-2.5522189140319824,9.175179481506348,0.6165069341659546
1789729843365900000,14.053900146484375,-2.22660756111145,9.819818496704102,0.7601590156555176
1789729843375836000,14.0638359375,-0.6236895322799683,9.99459457397461,0.5823895931243896
1789729843385772000,14.07377197265625,1.4526818990707397,9.747992515563965,0.13946224749088287
1789729843395709200,14.083709228515625,3.208828926086426,9.369110107421875,-0.3561375141143799
1789729843405646600,14.093646484375,4.270058631896973,8.942941665649414,-0.667982280254364
1789729843415584000,14.103583984375,4.413711071014404,8.555081367492676,-0.8690952062606812
1789729843425521400,14.113521484375,3.4961330890655518,8.2312650680542,-0.811634361743927
1789729843435458800,14.123458740234375,1.9345149993896484,7.905653953552246,-0.667982280254364
1789729843445395200,14.133395263671876,0.6458359360694885,7.953537940979004,-0.5117605924606323
1789729843455331600,14.14333154296875,-0.12330138683319092,8.200140953063965,-0.31783026456832886
1789729843465268000,14.15326806640625,-0.5542576909065247,8.650849342346191,-0.04489128291606903
1789729843475204600,14.16320458984375,-0.8565256595611572,9.211092948913574,0.21128830313682556
1789729843485141500,14.1731416015625,-0.9977835416793823,9.827000617980957,0.4387374520301819
1789729843495078400,14.183078369140626,-1.0887632369995117,10.459070205688477,0.5632359385490417
1789729843505015300,14.193015380859375,-0.9882067441940308,10.943297386169434,0.6332663297653198
1789729843514953200,14.202953125,-0.7146692276000977,11.180323600769043,0.6548141837120056
1789729843524889900,14.212889892578126,-0.2908954918384552,11.199477195739746,0.6117185354232788
1789729843534826800,14.22282666015625,0.25498247146606445,11.189900398254395,0.40521863102912903
1789729843544763400,14.232763427734374,0.7104793787002563,11.084555625915527,0.2041056901216507
1789729843554700300,14.2427001953125,0.9738415479660034,10.988787651062012,0.0867898091673851
1789729843564637000,14.252636962890625,1.0935516357421875,10.92414379119873,0.14425064623355865
1789729843574573800,14.26257373046875,1.148618221282959,10.876259803771973,0.414795458316803
1789729843584510500,14.272510498046875,1.1941081285476685,11.051036834716797,0.6476315855979919
1789729843594447400,14.282447265625,1.2659341096878052,11.443685531616211,0.851138710975647
1789729843604384000,14.292384033203126,1.3808557987213135,11.83154582977295,1.1288660764694214
1789729843614321000,14.30232080078125,1.6112977266311646,12.107478141784668,1.4329297542572021
1789729843624257500,14.312257568359374,1.9321208000183105,12.162544250488281,1.775899052619934
1789729843634194400,14.3221943359375,2.451662540435791,11.980585098266602,2.1110873222351074
1789729843644131000,14.332131103515625,3.0819361209869385,11.594520568847656,2.319382905960083
1789729843654068000,14.34206787109375,3.6517560482025146,11.144410133361816,2.3361423015594482
1789729843664004600,14.352004638671875,3.891774892807007,10.645817756652832,2.257133722305298
1789729843673941500,14.36194140625,3.8055837154388428,10.186131477355957,2.18770170211792
1789729843683878100,14.371878173828126,3.4338839054107666,9.877279281616211,2.05123233795166
1789729843693815000,14.38181494140625,2.7467479705810547,9.707290649414062,1.8596961498260498
1789729843703751700,14.391751708984375,1.9057846069335938,9.6618013381958,1.7130513191223145
1789729843713688600,14.4016884765625,1.148618221282959,9.52473258972168,1.6627731323242188
1789729843723625200,14.411625244140625,0.6554127335548401,9.266159057617188,1.523909330368042
1789729843733562000,14.42156201171875,0.5045779943466187,8.904634475708008,1.2653355598449707
1789729843743498800,14.431498779296875,0.535702645778656,8.526350975036621,0.9780313968658447
1789729843753435600,14.441435546875,0.5764040350914001,8.183381080627441,0.6165069341659546
1789729843763372500,14.45137255859375,0.497395396232605,7.994239330291748,0.2472013235092163
1789729843773309200,14.46130908203125,0.34356793761253357,7.999027729034424,-0.04967968538403511
1789729843783246000,14.47124609375,0.12330138683319092,8.10437297821045,-0.2388216257095337
1789729843793182700,14.4811826171875,-0.19273324310779572,8.202534675598145,-0.24121582508087158
1789729843803119600,14.49111962890625,-0.46327802538871765,8.370129585266113,-0.05925649031996727
1789729843813056300,14.50105615234375,-0.5207388401031494,8.562263488769531,0.11552023142576218
1789729843822993200,14.5109931640625,-0.3292027413845062,8.7083101272583,0.22086510062217712
1789729843832929800,14.5209296875,0.05147533491253853,8.835203170776367,0.26156654953956604
1789729843842866700,14.53086669921875,0.5045779943466187,8.89026927947998,0.28072014451026917
1789729843852803300,14.54080322265625,0.945111095905304,8.85675048828125,0.3621230125427246
1789729843862740200,14.550740234375,1.392826795578003,8.794501304626465,0.5033808946609497
1789729843872676900,14.5606767578125,1.944091796875,8.746617317199707,0.645237386226654
1789729843882613800,14.57061376953125,2.4013843536376953,8.650849342346191,0.7984662652015686
1789729843892550400,14.58055029296875,2.7108349800109863,8.581417083740234,0.8702923059463501
1789729843902487300,14.5904873046875,2.895188331604004,8.684368133544922,0.8248024582862854
1789729843912424000,14.600423828125,2.9215245246887207,8.94773006439209,0.7721300721168518
1789729843922360800,14.61036083984375,2.780266761779785,9.294889450073242,0.7793126702308655
1789729843932297500,14.62029736328125,2.4803929328918457,9.649829864501953,0.7960720658302307
1789729843942234400,14.630234375,2.169146776199341,10.016142845153809,0.7553706169128418
1789729843952171000,14.6401708984375,1.9704279899597168,10.375272750854492,0.7242460250854492
1789729843962108000,14.65010791015625,1.922544002532959,10.653000831604004,0.7170634269714355
1789729843972044500,14.66004443359375,1.9345149993896484,10.837952613830566,0.7362170219421387
1789729843981981400,14.6699814453125,2.0614075660705566,10.897807121276855,0.7146692276000977
1789729843991918000,14.67991796875,2.2385785579681396,10.852317810058594,0.6039373874664307
1789729844001855000,14.68985498046875,2.3798365592956543,10.718242645263672,0.4578910768032074
1789729844011792000,14.6997919921875,2.4013843536376953,10.540472984313965,0.3214215636253357
1789729844021728800,14.709728759765625,2.3247697353363037,10.257957458496094,0.26156654953956604
1789729844031665700,14.719665771484374,2.403778553009033,10.011354446411133,0.21368250250816345
1789729844041602600,14.7296025390625,2.689286947250366,9.870096206665039,0.1562216579914093
1789729844051539500,14.73953955078125,2.9502551555633545,9.795876502990723,0.14903905987739563
1789729844061476400,14.749476318359376,3.093907117843628,9.793481826782227,0.14903905987739563
1789729844071413200,14.759413330078125,3.1058781147003174,9.87967300415039,0.1322796493768692
1789729844081350100,14.76935009765625,3.005321741104126,10.035296440124512,0.1538274586200714
1789729844091287000,14.779287109375,2.892794132232666,10.231620788574219,0.23283611238002777
1789729844101224200,14.78922412109375,2.9071593284606934,10.356119155883789,0.2998737692832947
1789729844111161000,14.7991611328125,2.9287071228027344,10.348937034606934,0.3645172119140625
1789729844121098000,14.809097900390626,2.876034736633301,10.222043991088867,0.49380409717559814
1789729844131034600,14.81903466796875,2.8880057334899902,10.071209907531738,0.6093243360519409
1789729844140971500,14.828971435546874,3.026869535446167,9.884461402893066,0.7098808288574219
1789729844150908200,14.838908203125,3.1657330989837646,9.68813705444336,0.8104372620582581
1789729844160845000,14.848844970703125,3.160944700241089,9.493608474731445,0.9516952037811279
1789729844170781700,14.85878173828125,3.002927541732788,9.3427734375,1.0402805805206299
1789729844180718600,14.868718505859375,2.6437971591949463,9.254188537597656,1.0809820890426636
1789729844190655700,14.87865576171875,2.164358377456665,9.189544677734375,1.07379949092865
1789729844200592400,14.88859228515625,1.7166426181793213,9.172784805297852,1.0019733905792236
1789729844210528800,14.89852880859375,1.2970588207244873,9.220669746398926,0.9229647517204285
1789729844220465400,14.90846533203125,0.8948329091072083,9.261370658874512,0.8415619134902954
1789729844230402000,14.918402099609375,0.5979518890380859,9.25179386138916,0.7338228225708008
1789729844240338400,14.92833837890625,0.5500678420066833,9.237428665161133,0.606930136680603
1789729844250275300,14.938275390625,0.8206126093864441,9.232640266418457,0.47465047240257263
1789729844260212700,14.948212646484375,1.2779051065444946,9.172784805297852,0.35494041442871094
1789729844270150100,14.958150146484375,1.6855180263519287,9.084199905395508,0.2495955228805542
1789729844280086800,14.968086669921876,2.008735179901123,9.019556045532227,0.17058686912059784
1789729844290024000,14.97802392578125,2.207453966140747,8.983643531799316,0.11552023142576218
1789729844299960300,14.987960205078124,2.231395959854126,9.007585525512695,0.09157821536064148
1789729844309896700,14.997896728515625,2.1356279850006104,9.043498039245605,0.11312603205442429
1789729844319833600,15.00783349609375,2.013523578643799,9.021950721740723,0.23523031175136566
1789729844329771000,15.01777099609375,1.9369091987609863,9.009979248046875,0.3693056106567383
1789729844339707600,15.027707763671875,1.9153614044189453,9.019556045532227,0.3477577865123749
1789729844349644500,15.03764453125,1.8938134908676147,9.057863235473633,0.2663549482822418
1789729844359581200,15.047581298828124,1.8171991109848022,9.081805229187012,0.1801636815071106
1789729844369518000,15.05751806640625,1.6136919260025024,9.136872291564941,0.09876082092523575
1789729844379454700,15.067454833984375,1.447893500328064,9.230246543884277,0.08200141042470932
1789729844389391600,15.0773916015625,1.4215573072433472,9.314043045043945,0.2017114907503128
1789729844399328300,15.087328369140625,1.5029600858688354,9.369110107421875,0.26156654953956604
1789729844409265200,15.09726513671875,1.5921441316604614,9.440936088562012,0.24480712413787842
1789729844419201800,15.107201904296875,1.580173134803772,9.515155792236328,0.17537526786327362
1789729844429140000,15.117139892578125,1.4646528959274292,9.586981773376465,0.12749123573303223
1789729844439074800,15.12707470703125,1.2994530200958252,9.680954933166504,0.14903905987739563
1789729844449010000,15.137010009765625,1.1988965272903442,9.750386238098145,0.23523031175136566
1789729844458945300,15.1469453125,1.323395013809204,9.817423820495605,0.28790274262428284
1789729844468881400,15.15688134765625,1.5873557329177856,9.84615421295166,0.2783259451389313
1789729844478818300,15.166818359375,1.8387469053268433,9.805453300476074,0.3214215636253357
1789729844488755700,15.176755615234375,2.0638017654418945,9.75278091430664,0.383670836687088
1789729844498693600,15.186693603515625,2.2146365642547607,9.700108528137207,0.41958385705947876
1789729844508632000,15.196632080078125,2.387019157409668,9.6618013381958,0.47225627303123474
1789729844518570200,15.2065703125,2.5450363159179688,9.666589736938477,0.4842272996902466
1789729844528507100,15.216507080078125,2.612074136734009,9.783905029296875,0.5033808946609497
1789729844538444000,15.226444091796875,2.3726539611816406,9.96825885772705,0.5943605899810791
1789729844548381000,15.236380859375,1.9728221893310547,10.198101997375488,0.6955155730247498
1789729844558317600,15.246317626953125,1.6160861253738403,10.406397819519043,0.8200140595436096
1789729844568254500,15.25625439453125,1.4359225034713745,10.51174259185791,0.8798691034317017
1789729844578191400,15.26619140625,1.580173134803772,10.66018295288086,0.8104372620582581
1789729844588127000,15.276126953125,1.8387469053268433,10.664971351623535,0.7649474143981934
1789729844598062800,15.286062744140626,2.0901381969451904,10.528501510620117,0.7936778664588928
1789729844607999000,15.2959990234375,2.360682964324951,10.308235168457031,0.851138710975647
1789729844617936400,15.305936279296875,2.7012581825256348,10.090363502502441,0.7984662652015686
1789729844627873800,15.315873779296876,2.9526493549346924,9.872490882873535,0.6596025824546814
1789729844637811500,15.3258115234375,2.9502551555633545,9.623494148254395,0.5632359385490417
1789729844647749400,15.335749267578125,2.7491421699523926,9.383475303649902,0.5608417391777039
1789729844657685800,15.345685791015624,2.4636335372924805,9.191938400268555,0.5608417391777039
1789729844667622100,15.3556220703125,2.161964178085327,9.062651634216309,0.5105634927749634
1789729844677558500,15.36555859375,1.920149803161621,9.033921241760254,0.4554968774318695
1789729844687495000,15.375494873046875,1.7166426181793213,9.084199905395508,0.4124012291431427
1789729844697431800,15.385431884765625,1.4718354940414429,9.165602684020996,0.4339490532875061
1789729844707369200,15.395369140625,1.2659341096878052,9.227851867675781,0.46507367491722107
1789729844717306400,15.405306396484375,1.246780514717102,9.242217063903809,0.3932476341724396
1789729844727243800,15.415243896484375,1.3736732006072998,9.258976936340332,0.21607670187950134
1789729844737180400,15.425180419921874,1.4933832883834839,9.278130531311035,0.07960720360279083
1789729844747117300,15.435117431640625,1.53707754611969,9.242217063903809,0.046088382601737976
1789729844757054000,15.445053955078125,1.5682021379470825,9.201516151428223,0.10115502029657364
1789729844766990800,15.454990966796874,1.6089035272598267,9.263765335083008,0.09876082092523575
1789729844776927500,15.464927490234375,1.5945383310317993,9.390657424926758,0.11312603205442429
1789729844786865200,15.474865234375,1.4933832883834839,9.496002197265625,0.19692309200763702
1789729844796800800,15.48480078125,1.4335283041000366,9.536704063415527,0.2998737692832947
1789729844806736600,15.494736572265625,1.5005658864974976,9.616311073303223,0.18974047899246216
1789729844816672500,15.504672607421876,1.534683346748352,9.724050521850586,0.0293289702385664
1789729844826609200,15.514609130859375,1.447893500328064,9.700108528137207,0.01975216343998909
1789729844836546300,15.52454638671875,1.3808557987213135,9.503185272216797,0.1107318252325058
1789729844846483500,15.5344833984375,1.4383167028427124,9.34037971496582,0.046088382601737976
1789729844856421000,15.544421142578125,1.534683346748352,9.335591316223145,-0.1215057373046875
1789729844866359000,15.554359130859375,1.3952209949493408,9.419387817382812,-0.13587094843387604
1789729844876296200,15.564296142578126,1.0959458351135254,9.46727180480957,-0.0017956512747332454
1789729844886232800,15.57423291015625,0.8756792545318604,9.659406661987305,0.060453593730926514
1789729844896170200,15.584170166015625,0.7727286219596863,9.961075782775879,0.06524199992418289
1789729844906106000,15.594106201171876,0.6434416770935059,10.200496673583984,0.18495208024978638
1789729844916042200,15.604042236328125,0.4423287510871887,10.360907554626465,0.47465047240257263
1789729844925979000,15.613978759765626,0.2885012924671173,10.466252326965332,0.6189011335372925
1789729844935916000,15.623916015625,0.333991140127182,10.538078308105469,0.6165069341659546
1789729844945853000,15.63385302734375,0.4734533727169037,10.437521934509277,0.7362170219421387
1789729844955790000,15.6437900390625,0.70090252161026,10.152612686157227,0.8990227580070496
1789729844965727200,15.653727294921875,0.9594763517379761,9.927556991577148,0.8104372620582581
1789729844975664400,15.663664306640625,0.9882067441940308,9.855731010437012,0.6236895322799683
1789729844985601300,15.673601318359376,0.7368155717849731,9.834183692932129,0.536899745464325
1789729844995538000,15.683537841796875,0.3387795388698578,9.874884605407715,0.5752069354057312
1789729845005474800,15.693474853515625,-0.10175357013940811,10.02571964263916,0.5752069354057312
1789729845015411500,15.703411376953126,-0.4321534037590027,10.253169059753418,0.5536591410636902
1789729845025348400,15.713348388671875,-0.6428431272506714,10.418368339538574,0.6739677786827087
1789729845035285200,15.72328515625,-0.7050924301147461,10.432733535766602,0.910993754863739
1789729845045222100,15.73322216796875,-0.5638344883918762,10.499771118164062,0.9373299479484558
1789729845055159000,15.743158935546875,-0.4489128291606903,10.626664161682129,0.7960720658302307
1789729845065095700,15.753095703125,-0.4465186297893524,10.585963249206543,0.8056488633155823
1789729845075032600,15.763032470703125,-0.3363853394985199,10.42076301574707,0.8415619134902954
1789729845084969500,15.772969482421875,-0.18076223134994507,10.308235168457031,0.7457938194274902
1789729845094905600,15.782905517578126,-0.1256955862045288,10.303446769714355,0.5823895931243896
1789729845104842000,15.792842041015625,-0.16879121959209442,10.360907554626465,0.6141127347946167
1789729845114778400,15.8027783203125,-0.243011474609375,10.303446769714355,0.7170634269714355
1789729845124715000,15.812715087890625,-0.23822307586669922,10.310629844665527,0.7745242714881897
1789729845134651600,15.822651611328125,-0.16160862147808075,10.250774383544922,0.8583213090896606
1789729845144588800,15.8325888671875,-0.0802057534456253,10.052056312561035,0.9445125460624695
1789729845154526000,15.84252587890625,-0.020350715145468712,9.860519409179688,0.9133879542350769
1789729845164463400,15.85246337890625,-0.017956512048840523,9.707290649414062,0.8367735147476196
1789729845174400500,15.862400390625,-0.14006079733371735,9.601945877075195,0.851138710975647
1789729845184338000,15.872337890625,-0.23822307586669922,9.567828178405762,0.8750807046890259
1789729845194274800,15.88227490234375,-0.23343466222286224,9.567828178405762,0.8152256608009338
1789729845204211500,15.89221142578125,-0.21188685297966003,9.551069259643555,0.7170634269714355
1789729845214148400,15.9021484375,-0.12090718746185303,9.546280860900879,0.6356605291366577
1789729845224085000,15.9120849609375,0.07541735470294952,9.457695007324219,0.5512649416923523
1789729845234022000,15.92202197265625,0.34596213698387146,9.39784049987793,0.3908534348011017
1789729845243959000,15.931958984375,0.5452794432640076,9.3427734375,0.26156654953956604
1789729845253895700,15.941895751953124,0.6147112846374512,9.230246543884277,0.2017114907503128
1789729845263832600,15.95183251953125,0.6386532783508301,9.122507095336914,0.16819266974925995
1789729845273769500,15.96176953125,0.70090252161026,9.067440032958984,0.1346738487482071
1789729845283705900,15.971705810546876,0.7918822169303894,9.10574722290039,0.1107318252325058
1789729845293642500,15.981642578125,0.9379284977912903,9.230246543884277,0.07960720360279083
1789729845303580000,15.991579833984375,1.0887632369995117,9.357138633728027,0.07003039866685867
1789729845313516800,16.001516845703126,1.1414356231689453,9.378686904907227,0.13946224749088287
1789729845323453700,16.01145361328125,1.2372037172317505,9.37629222869873,0.17058686912059784
1789729845333390300,16.021390380859376,1.5634137392044067,9.37389850616455,0.058059390634298325
1789729845343327200,16.0313271484375,1.9105730056762695,9.297284126281738,-0.06643909960985184
1789729845353263900,16.041263916015627,2.1356279850006104,9.110535621643066,-0.17896658182144165
1789729845363200800,16.05120068359375,2.3535003662109375,8.91181755065918,-0.25318682193756104
1789729845373137400,16.061137451171874,2.473210334777832,8.7083101272583,-0.27473464608192444
1789729845383074300,16.07107421875,2.557007312774658,8.58620548248291,-0.3274070918560028
1789729845393011000,16.081010986328124,2.667739152908325,8.614935874938965,-0.3585317134857178
1789729845402948900,16.090948974609375,2.741959571838379,8.705916404724121,-0.3010708689689636
1789729845412884700,16.100884765625,2.7252001762390137,8.842385292053223,-0.2148796021938324
1789729845422820600,16.110820556640626,2.5689783096313477,9.031527519226074,-0.13826514780521393
1789729845432756700,16.1207568359375,2.31758713722229,9.270947456359863,-0.07122749835252762
1789729845442693000,16.130693115234376,2.013523578643799,9.5007905960083,-0.023343466222286224
1789729845452629800,16.140629638671875,1.7405846118927002,9.680954933166504,-0.018555063754320145
1789729845462567000,16.15056689453125,1.447893500328064,9.762357711791992,-0.025737667456269264
1789729845472504300,16.16050439453125,1.2348095178604126,9.7791166305542,-0.06643909960985184
1789729845482442000,16.17044189453125,1.2372037172317505,9.740809440612793,-0.06165069341659546
1789729845492379400,16.18037939453125,1.447893500328064,9.642647743225098,0.01496376097202301
1789729845502316800,16.19031689453125,1.7525556087493896,9.560646057128906,0.03890577703714371
1789729845512253200,16.200253173828123,2.03507137298584,9.46487808227539,0.055665191262960434
1789729845522190600,16.210190673828127,2.2457611560821533,9.361927032470703,0.0293289702385664
1789729845532127500,16.22012744140625,2.3343467712402344,9.323619842529297,-0.0065840547904372215
1789729845542064000,16.230064208984373,2.2864625453948975,9.361927032470703,0.010175357572734356
1789729845552001000,16.2400009765625,2.1930887699127197,9.493608474731445,0.07960720360279083
1789729845561937700,16.249937744140624,2.1116859912872314,9.625887870788574,0.21368250250816345
1789729845571874600,16.25987451171875,2.070984363555908,9.728838920593262,0.35494041442871094
1789729845581811200,16.269811279296874,2.056619167327881,9.850942611694336,0.44352585077285767
1789729845591748000,16.279748046875,1.9776105880737305,10.001777648925781,0.49140989780426025
1789729845601684700,16.289684814453125,1.9249382019042969,10.14782428741455,0.558447539806366
1789729845611621600,16.29962158203125,1.9249382019042969,10.176554679870605,0.6787561774253845
1789729845621558300,16.309558349609375,2.0470423698425293,10.140641212463379,0.7697358727455139
1789729845631495200,16.3194951171875,2.3127987384796143,10.090363502502441,0.8343793153762817
1789729845641431800,16.329431884765626,2.653373956680298,10.013748168945312,0.8200140595436096
1789729845651368700,16.33936865234375,2.873640537261963,10.016142845153809,0.788889467716217
1789729845661305300,16.349305419921876,2.8329391479492188,10.006566047668457,0.8248024582862854
1789729845671242200,16.3592421875,2.653373956680298,10.016142845153809,0.8942343592643738
1789729845681179000,16.369178955078127,2.410961151123047,10.11430549621582,0.8846575021743774
1789729845691115800,16.37911572265625,2.161964178085327,10.289081573486328,0.8248024582862854
1789729845701052700,16.389052734375,1.9105730056762695,10.4542818069458,0.9085995554924011
1789729845710990300,16.398990234375,1.8100165128707886,10.449493408203125,0.99479079246521
1789729845720927500,16.408927490234376,1.946485996246338,10.315418243408203,0.9852139949798584
1789729845730864400,16.418864501953124,2.1715409755706787,10.064026832580566,0.8702923059463501
1789729845740801300,16.42880126953125,2.2673089504241943,9.635464668273926,0.7098808288574219
1789729845750738000,16.438738037109374,2.188300371170044,9.175179481506348,0.5919663906097412
1789729845760674800,16.4486748046875,1.9369091987609863,8.832808494567871,0.41958385705947876
1789729845770611200,16.458611083984376,1.5029600858688354,8.772953987121582,0.20889410376548767
1789729845780548400,16.46854833984375,0.8589198589324951,8.988431930541992,0.053270988166332245
1789729845790485500,16.478485595703123,0.11611878126859665,9.304466247558594,0.1562216579914093
1789729845800422400,16.48842236328125,-0.4728548228740692,9.586981773376465,0.3405751883983612
1789729845810359000,16.498359130859374,-0.6955155730247498,9.795876502990723,0.4411316514015198
1789729845820296000,16.5082958984375,-0.5398924946784973,9.927556991577148,0.35733461380004883
1789729845830232600,16.518232666015624,-0.19273324310779572,9.975440979003906,0.2902969419956207
1789729845840169700,16.528169677734375,0.35075053572654724,9.86770248413086,0.46507367491722107
1789729845850106600,16.538106689453127,0.9977835416793823,9.565434455871582,0.6476315855979919
1789729845860043300,16.548043212890626,1.558625340461731,9.316437721252441,0.579995334148407
1789729845869980200,16.557980224609373,1.9345149993896484,9.187150001525879,0.49380409717559814
1789729845879916800,16.567916748046876,1.9249382019042969,9.017162322998047,0.606930136680603
1789729845889853700,16.577853759765624,1.7286136150360107,8.897452354431152,0.7601590156555176
1789729845899790300,16.587790283203127,1.4933832883834839,8.895057678222656,0.8176198601722717
1789729845909727200,16.597727294921874,1.2922704219818115,9.088988304138184,0.7362170219421387
1789729845919663900,16.607663818359374,1.060032844543457,9.388263702392578,0.7386112213134766
1789729845929600800,16.617600830078125,0.8086416125297546,9.592369079589844,0.8822633028030396
1789729845939537400,16.627537353515624,0.6649895310401917,9.745597839355469,0.99479079246521
1789729845949474300,16.637474365234375,0.6961141228675842,9.963470458984375,0.9205705523490906
1789729845959412000,16.647411865234375,0.8804676532745361,10.107122421264648,0.7793126702308655
1789729845969348900,16.657348876953126,1.127070426940918,10.095151901245117,0.6715735793113708
1789729845979285800,16.66728564453125,1.3114240169525146,9.973047256469727,0.5416881442070007
1789729845989222400,16.677222412109376,1.4335283041000366,9.889249801635742,0.2663549482822418
1789729845999159300,16.6871591796875,1.4311341047286987,9.886856079101562,0.055665191262960434
1789729846009096000,16.697095947265623,1.268328309059143,9.886856079101562,-0.016160860657691956
1789729846019032800,16.70703271484375,1.0767922401428223,9.90122127532959,0.01975216343998909
1789729846028969500,16.716969482421874,0.9427168965339661,9.999382972717285,0.03651157766580582
1789729846038906400,16.72690625,0.8541314601898193,10.186131477355957,0.12749123573303223
1789729846048843000,16.736843017578124,0.861314058303833,10.305841445922852,0.3429693877696991
1789729846058780000,16.74677978515625,1.0241197347640991,10.279504776000977,0.5823895931243896
1789729846068716500,16.756716552734375,1.227626919746399,10.23880386352539,0.7218518257141113
1789729846078653400,16.7666533203125,1.390432596206665,10.169371604919434,0.812831461429596
1789729846088590000,16.776590087890625,1.3760673999786377,10.056844711303711,0.9085995554924011
1789729846098527000,16.78652685546875,1.2228385210037231,9.946710586547852,0.9756371974945068
1789729846108463600,16.796463623046876,1.0720038414001465,9.953893661499023,0.9995791912078857
1789729846118400500,16.806400390625,0.9403226971626282,10.049661636352539,1.0043675899505615
1789729846128337400,16.81633740234375,0.7942764163017273,10.121487617492676,1.0833762884140015
1789729846138274300,16.8262744140625,0.7583633661270142,10.119093894958496,1.1336544752120972
1789729846148211200,16.836211181640625,0.8325836658477783,10.032901763916016,1.1288660764694214
1789729846158148000,16.846148193359376,0.9068039059638977,9.961075782775879,1.0594342947006226
1789729846168085000,16.8560849609375,0.9355342984199524,9.917980194091797,1.0019733905792236
1789729846178021600,16.866021728515626,0.9139865040779114,9.771934509277344,1.0019733905792236
1789729846187958500,16.87595849609375,0.8445546627044678,9.611522674560547,0.9828197956085205
1789729846197895400,16.8858955078125,0.7439981698989868,9.5007905960083,0.9014169573783875
1789729846207832300,16.895832275390624,0.6649895310401917,9.457695007324219,0.8559271097183228
1789729846217769200,16.905769287109376,0.6003460884094238,9.450512886047363,0.9014169573783875
1789729846227706000,16.9157060546875,0.5620388388633728,9.462483406066895,0.9660604000091553
1789729846237643000,16.92564306640625,0.5596446394920349,9.474454879760742,1.0235211849212646
1789729846247580000,16.935579833984374,0.5309142470359802,9.503185272216797,1.0690110921859741
1789729846257516800,16.945516845703125,0.5141547918319702,9.572616577148438,1.092953085899353
1789729846267453700,16.95545361328125,0.5764040350914001,9.609128952026367,1.1264718770980835
1789729846277390600,16.965390625,0.7152677774429321,9.519944190979004,1.159990668296814
1789729846287327500,16.975327392578127,0.8325836658477783,9.369110107421875,1.0881646871566772
1789729846297264000,16.98526416015625,0.8421604633331299,9.261370658874512,0.9636662006378174
1789729846307201000,16.995200927734373,0.6985083222389221,9.1847562789917,0.829590916633606
1789729846317138000,17.005137939453125,0.4423287510871887,9.203909873962402,0.7194576263427734
1789729846327074800,17.01507470703125,0.25258827209472656,9.311649322509766,0.6165069341659546
1789729846337011700,17.02501171875,0.11372458189725876,9.39784049987793,0.5728127360343933
1789729846346948600,17.034948486328126,0.09935937076807022,9.443329811096191,0.4985924959182739
1789729846356885500,17.044885498046874,0.20470423996448517,9.46727180480957,0.383670836687088
1789729846366822400,17.054822509765625,0.3579331636428833,9.469666481018066,0.31184476613998413
1789729846376759300,17.06475927734375,0.4686649739742279,9.481637001037598,0.28072014451026917
1789729846386696200,17.0746962890625,0.5404910445213318,9.496002197265625,0.28790274262428284
1789729846396633300,17.08463330078125,0.5285200476646423,9.5007905960083,0.2902969419956207
1789729846406570800,17.09457080078125,0.4686649739742279,9.592369079589844,0.24480712413787842
1789729846416507600,17.104507568359374,0.4686649739742279,9.709685325622559,0.28072014451026917
1789729846426444500,17.114444580078125,0.4207809567451477,9.637859344482422,0.32381579279899597
1789729846436381400,17.12438134765625,0.30047231912612915,9.529520988464355,0.30466216802597046
1789729846446318300,17.134318359375,0.2693476974964142,9.52473258972168,0.2256535142660141
1789729846456255200,17.144255126953126,0.39624038338661194,9.553462982177734,0.23523031175136566
1789729846466192000,17.15419189453125,0.5835866928100586,9.616311073303223,0.19931729137897491
1789729846476128800,17.164128662109373,0.882861852645874,9.786299705505371,0.2902969419956207
1789729846486065400,17.1740654296875,1.2348095178604126,9.793481826782227,0.4100070297718048
1789729846496002300,17.184002197265624,1.5921441316604614,9.673771858215332,0.46507367491722107
1789729846505939000,17.19393896484375,1.987187385559082,9.704896926879883,0.3405751883983612
1789729846515876000,17.2038759765625,2.1954829692840576,9.63067626953125,0.16340427100658417
1789729846525813200,17.213813232421874,2.0853497982025146,9.448118209838867,0.16819266974925995
1789729846535750400,17.22375048828125,1.6160861253738403,9.354744911193848,0.2759317457675934
1789729846545686800,17.233686767578124,1.6089035272598267,9.791088104248047,-0.1430535465478897
1789729846555623700,17.243623779296875,1.7573440074920654,9.803058624267578,0.07003039866685867
1789729846565560600,17.253560546875,1.9943699836730957,9.606734275817871,0.35015198588371277
1789729846575498000,17.263498046875,2.145204782485962,9.625887870788574,0.4387374520301819
1789729846585434000,17.27343408203125,2.387019157409668,9.740809440612793,0.30466216802597046
1789729846595370200,17.283370361328124,2.7706899642944336,9.709685325622559,0.3190273642539978
1789729846605306600,17.293306640625,2.9694087505340576,9.529520988464355,0.3190273642539978
1789729846615243300,17.3032431640625,3.0579941272735596,9.46727180480957,0.2711433470249176
1789729846625180200,17.31318017578125,3.072359323501587,9.46487808227539,0.11791443079710007
1789729846635117600,17.32311767578125,3.1657330989837646,9.479243278503418,0.10594342648983002
1789729846645055700,17.3330556640625,3.244741916656494,9.46727180480957,0.17537526786327362
1789729846654992600,17.34299267578125,3.309385299682617,9.486425399780273,0.23762452602386475
1789729846664929500,17.352929443359375,3.354875087738037,9.421782493591309,0.26396074891090393
1789729846674866400,17.362866455078127,3.4578258991241455,9.30925464630127,0.21607670187950134
1789729846684803000,17.372802978515626,3.515286684036255,9.201516151428223,0.09157821536064148
1789729846694740500,17.382740478515625,3.3931822776794434,9.177573204040527,-0.19572599232196808
1789729846704676600,17.392676513671876,3.2160115242004395,9.12729549407959,-0.4423287510871887
1789729846714612700,17.40261279296875,3.134608507156372,9.077016830444336,-0.5386953949928284
1789729846724549000,17.412549072265627,3.069965124130249,9.115324020385742,-0.586579442024231
1789729846734485800,17.42248583984375,3.1010897159576416,9.25179386138916,-0.6009446382522583
1789729846744423000,17.4324228515625,3.2160115242004395,9.333196640014648,-0.5602431893348694
1789729846754360000,17.442360107421877,3.2758665084838867,9.388263702392578,-0.4926069974899292
1789729846764297500,17.45229736328125,3.048417329788208,9.359533309936523,-0.4255693554878235
1789729846774235000,17.46223486328125,2.9095535278320312,9.505578994750977,-0.5195417404174805
1789729846784172000,17.472172119140627,2.890399932861328,9.529520988464355,-0.3992331326007843
1789729846794109000,17.48210888671875,2.9550435543060303,9.486425399780273,-0.13587094843387604
1789729846804045800,17.4920458984375,3.227982521057129,9.507973670959473,-0.011372458189725876
1789729846813982500,17.501982421875,3.6086604595184326,9.43375301361084,0.01975216343998909
1789729846823919400,17.51191943359375,3.889380693435669,9.314043045043945,-0.04010287672281265
1789729846833856300,17.521856201171875,3.9420530796051025,9.136872291564941,-0.1215057373046875
1789729846843793200,17.531793212890626,3.79840087890625,9.0051908493042,-0.24600422382354736
1789729846853730000,17.54172998046875,3.579930067062378,8.969278335571289,-0.3585317134857178
1789729846863667000,17.5516669921875,3.287837505340576,9.021950721740723,-0.4231751561164856
1789729846873603800,17.561603759765624,2.9215245246887207,9.175179481506348,-0.3800795078277588
1789729846883540500,17.57154052734375,2.5115175247192383,9.321226119995117,-0.31543606519699097
1789729846893477600,17.5814775390625,2.2170307636260986,9.445724487304688,-0.24600422382354736
1789729846903414500,17.59141455078125,2.094926595687866,9.536704063415527,-0.17896658182144165
1789729846913351400,17.601351318359374,2.188300371170044,9.621099472045898,-0.12389993667602539
1789729846923288300,17.611288330078125,2.3750481605529785,9.654618263244629,-0.06165069341659546
1789729846933225200,17.62122509765625,2.6144683361053467,9.586981773376465,-0.0065840547904372215
1789729846943162600,17.63116259765625,2.801814556121826,9.586981773376465,-0.076015904545784
1789729846953098200,17.64109814453125,2.849698543548584,9.618705749511719,-0.18614917993545532
1789729846963034600,17.65103466796875,2.741959571838379,9.625887870788574,-0.1909375786781311
1789729846972971300,17.66097119140625,2.5306711196899414,9.697713851928711,-0.09277531504631042
1789729846982909400,17.670909423828125,2.3726539611816406,9.757569313049316,0.01975216343998909
1789729846992846300,17.680846435546876,2.360682964324951,9.750386238098145,0.14664486050605774
1789729847002783700,17.69078369140625,2.3535003662109375,9.65222454071045,0.25438392162323
1789729847012719900,17.700719970703126,2.408566951751709,9.529520988464355,0.28790274262428284
1789729847022656000,17.710656005859374,2.434903144836426,9.383475303649902,0.23762452602386475
1789729847032592400,17.72059228515625,2.3918075561523438,9.292495727539062,0.17298106849193573
1789729847042528800,17.73052880859375,2.248155355453491,9.318831443786621,0.16101007163524628
1789729847052465400,17.74046533203125,1.9177556037902832,9.414599418640137,0.24241292476654053
1789729847062402300,17.75040234375,1.5173252820968628,9.515155792236328,0.37648820877075195
1789729847072339500,17.76033935546875,1.1893197298049927,9.633070945739746,0.5728127360343933
1789729847082276900,17.77027685546875,1.2108675241470337,9.783905029296875,0.6979097723960876
1789729847092214300,17.78021435546875,1.4957774877548218,9.872490882873535,0.7314286231994629
1789729847102151700,17.790151611328124,1.8411411046981812,9.86770248413086,0.7362170219421387
1789729847112089000,17.800089111328123,2.164358377456665,9.836577415466309,0.707486629486084
1789729847122026000,17.81002587890625,2.4229321479797363,9.798270225524902,0.6643909811973572
1789729847131963000,17.819962890625,2.5953147411346436,9.77672290802002,0.6835445761680603
1789729847141899800,17.829899658203125,2.6144683361053467,9.738415718078613,0.6715735793113708
1789729847151836400,17.83983642578125,2.5091233253479004,9.817423820495605,0.606930136680603
1789729847161773300,17.849773193359376,2.477998733520508,9.75517463684082,0.5871779918670654
1789729847171710200,17.859710205078127,2.607285737991333,9.68813705444336,0.606930136680603
1789729847181647000,17.869647216796874,2.844910144805908,9.77672290802002,0.6332663297653198
1789729847191584000,17.879583984375,3.024475336074829,9.86770248413086,0.6596025824546814
1789729847201521000,17.88952099609375,3.024475336074829,9.896432876586914,0.7194576263427734
1789729847211457800,17.899457763671876,2.868852138519287,9.87967300415039,0.8080430626869202
1789729847221394700,17.909394775390624,2.6144683361053467,9.865307807922363,0.8271966576576233
1789729847231331600,17.91933154296875,2.365471363067627,9.781511306762695,0.7026981711387634
1789729847241268500,17.9292685546875,2.140416383743286,9.563039779663086,0.4818331003189087
1789729847251205400,17.939205322265625,1.9704279899597168,9.30925464630127,0.22086510062217712
1789729847261142300,17.949142333984376,1.802833914756775,9.187150001525879,0.005386953707784414
1789729847271079000,17.959078857421876,1.6831238269805908,9.120112419128418,-0.15981295704841614
1789729847281016000,17.96901611328125,1.6496049165725708,9.048286437988281,-0.22206220030784607
1789729847290953000,17.978952880859374,1.6184803247451782,8.940547943115234,-0.25079262256622314
1789729847300889900,17.988889892578126,1.580173134803772,8.866327285766602,-0.2890998423099518
1789729847310826800,17.99882666015625,1.5514427423477173,8.82323169708252,-0.38486793637275696
1789729847320763600,18.008763671875,1.4646528959274292,8.859145164489746,-0.4734533727169037
1789729847330699800,18.01869970703125,1.301847219467163,8.952518463134766,-0.4710591733455658
1789729847340636000,18.028635986328126,1.12467622756958,9.081805229187012,-0.4040215313434601
1789729847350572500,18.038572509765626,1.0121487379074097,9.230246543884277,-0.29867666959762573
1789729847360509000,18.048509033203125,0.9594763517379761,9.37389850616455,-0.2124854028224945
1789729847370445800,18.05844580078125,0.9594763517379761,9.462483406066895,-0.11432313174009323
1789729847380383000,18.068383056640624,1.0648212432861328,9.512762069702148,-0.011372458189725876
1789729847390320000,18.078320068359375,1.2755109071731567,9.529520988464355,0.041299980133771896
1789729847400257500,18.088257568359374,1.558625340461731,9.515155792236328,0.07960720360279083
1789729847410195000,18.09819482421875,1.8339585065841675,9.474454879760742,0.07960720360279083
1789729847420132400,18.10813232421875,2.049436569213867,9.476848602294922,0.041299980133771896
1789729847430069500,18.118069580078124,2.140416383743286,9.512762069702148,-0.05446808785200119
1789729847440006400,18.12800634765625,2.1763293743133545,9.567828178405762,-0.1646013706922531
1789729847449943300,18.137943359375,2.188300371170044,9.738415718078613,-0.2388216257095337
1789729847459880200,18.147880126953126,2.1978771686553955,9.917980194091797,-0.27234044671058655
1789729847469816800,18.15781689453125,2.2146365642547607,10.073603630065918,-0.34416648745536804
1789729847479754000,18.16775390625,2.229001760482788,10.17176628112793,-0.45190557837486267
1789729847489690000,18.177690185546876,2.2673089504241943,10.26274585723877,-0.5722141861915588
1789729847499626200,18.187626220703127,2.31758713722229,10.344148635864258,-0.6320692300796509
1789729847509562600,18.197562744140626,2.365471363067627,10.35372543334961,-0.6560112833976746
1789729847519499300,18.207499267578125,2.406172752380371,10.336965560913086,-0.6153098344802856
1789729847529436200,18.217436279296876,2.4851813316345215,10.317811965942383,-0.5410895943641663
1789729847539373000,18.227373046875,2.6024973392486572,10.351330757141113,-0.5021837949752808
1789729847549310500,18.237310546875,2.5665841102600098,10.382455825805664,-0.45669397711753845
1789729847559248000,18.247247802734375,2.4157495498657227,10.2962646484375,-0.3728969097137451
1789729847569185300,18.257185302734374,2.255337953567505,10.131064414978027,-0.3250128924846649
1789729847579123000,18.267123046875,2.1978771686553955,9.939528465270996,-0.31543606519699097
1789729847589059800,18.277059814453125,2.123656988143921,9.783905029296875,-0.3298012912273407
1789729847598996700,18.286996826171876,1.889025092124939,9.582193374633789,-0.34177228808403015
1789729847608933600,18.29693359375,1.656787633895874,9.39784049987793,-0.41359832882881165
1789729847618870300,18.306870361328127,1.469441294670105,9.321226119995117,-0.43993455171585083
1789729847628807200,18.31680712890625,1.304241418838501,9.242217063903809,-0.3776853084564209
1789729847638744000,18.326744140625,1.2515689134597778,9.1632080078125,-0.24121582508087158
1789729847648681000,18.336680908203125,1.2324153184890747,9.100958824157715,-0.11192893236875534
1789729847658617900,18.346617919921876,1.1390414237976074,9.1847562789917,0.002992752008140087
1789729847668554800,18.3565546875,0.9187749028205872,9.318831443786621,0.09876082092523575
1789729847678491600,18.36649169921875,0.7416039705276489,9.395445823669434,0.21128830313682556
1789729847688428500,18.376428466796874,0.6602011322975159,9.409811019897461,0.35015198588371277
1789729847698365400,18.386365478515625,0.6625953316688538,9.405022621154785,0.4531026780605316
1789729847708302300,18.39630224609375,0.7032967209815979,9.390657424926758,0.4866214990615845
1789729847718239200,18.4062392578125,0.823006808757782,9.347561836242676,0.46746787428855896
1789729847728176000,18.416176025390627,1.0313023328781128,9.24940013885498,0.42437225580215454
1789729847738112800,18.42611279296875,1.2826935052871704,9.134477615356445,0.3932476341724396
1789729847748049700,18.436049560546873,1.467047095298767,9.065046310424805,0.32381579279899597
1789729847757986600,18.445986572265625,1.6280571222305298,9.03870964050293,0.2256535142660141
1789729847767923500,18.45592333984375,1.6903064250946045,9.050681114196777,0.13706804811954498
1789729847777860400,18.4658603515625,1.6855180263519287,9.108141899108887,0.11312603205442429
1789729847787797200,18.47579736328125,1.647210717201233,9.208698272705078,0.12509703636169434
1789729847797734100,18.485734130859374,1.6352397203445435,9.378686904907227,0.1346738487482071
1789729847807671000,18.495671142578125,1.6184803247451782,9.582193374633789,0.14664486050605774
1789729847817608000,18.50560791015625,1.5969325304031372,9.774328231811523,0.050876785069704056
1789729847827544800,18.515544921875,1.580173134803772,9.949105262756348,-0.07841010391712189
1789729847837481700,18.525481689453127,1.5490485429763794,10.044873237609863,-0.11911153793334961
1789729847847418600,18.535418701171874,1.5921441316604614,10.08318042755127,-0.166995570063591
1789729847857355300,18.545355224609374,1.8052281141281128,10.073603630065918,-0.23163901269435883
1789729847867292200,18.555292236328125,2.1571757793426514,10.018536567687988,-0.32022446393966675
1789729847877229000,18.56522900390625,2.585737943649292,9.963470458984375,-0.38726213574409485
1789729847887166000,18.575166015625,2.940678119659424,9.824606895446777,-0.38965633511543274
1789729847897102800,18.585102783203126,3.115454912185669,9.702502250671387,-0.33698388934135437
1789729847907039700,18.595039794921874,3.0196869373321533,9.642647743225098,-0.29388827085494995
1789729847916976600,18.6049765625,2.7012581825256348,9.680954933166504,-0.262763649225235
1789729847926913500,18.61491357421875,2.3104045391082764,9.71926212310791,-0.24121582508087158
1789729847936850400,18.624850341796876,1.9752163887023926,9.716867446899414,-0.2555810213088989
1789729847946787300,18.634787353515627,1.723825216293335,9.714473724365234,-0.26755204796791077
1789729847956724200,18.64472412109375,1.5490485429763794,9.738415718078613,-0.2555810213088989
1789729847966661000,18.6546611328125,1.445499300956726,9.7791166305542,-0.21966800093650818
1789729847976597800,18.66459765625,1.4335283041000366,9.803058624267578,-0.15023615956306458
1789729847986534700,18.67453466796875,1.4862006902694702,9.805453300476074,-0.05446808785200119
1789729847996471600,18.684471435546875,1.6424223184585571,9.724050521850586,0.07481880486011505
1789729848006408400,18.694408447265626,1.8100165128707886,9.565434455871582,0.1562216579914093
1789729848016345300,18.704345458984374,1.9919757843017578,9.371503829956055,0.19692309200763702
1789729848026282200,18.7142822265625,2.1763293743133545,9.175179481506348,0.16340427100658417
1789729848036219100,18.72421923828125,2.31758713722229,9.067440032958984,0.050876785069704056
1789729848046156000,18.734156005859376,2.27209734916687,9.07222843170166,-0.09038111567497253
1789729848056093200,18.74409326171875,2.0422539710998535,9.153631210327148,-0.15023615956306458
1789729848066030800,18.75403076171875,1.764526605606079,9.294889450073242,-0.1646013706922531
1789729848075968000,18.763968017578126,1.5705963373184204,9.551069259643555,-0.15981295704841614
1789729848085905000,18.77390478515625,1.556231141090393,9.803058624267578,-0.12389993667602539
1789729848095842000,18.783842041015625,1.680729627609253,9.90122127532959,-0.020949264988303185
1789729848105778400,18.7937783203125,1.9129672050476074,9.886856079101562,0.058059390634298325
1789729848115714800,18.80371484375,2.229001760482788,9.850942611694336,0.07003039866685867
1789729848125651500,18.8136513671875,2.5234885215759277,9.824606895446777,0.0005985504249110818
1789729848135588000,18.823588134765625,2.670133352279663,9.807847023010254,-0.0736217051744461
1789729848145524700,18.833524658203125,2.6384103298187256,9.807847023010254,-0.09038111567497253
1789729848155462000,18.8434619140625,2.4660277366638184,9.838972091674805,-0.08559270948171616
1789729848165399000,18.85339892578125,2.2912509441375732,9.865307807922363,-0.11671733111143112
1789729848175336200,18.863336181640626,2.1930887699127197,9.874884605407715,-0.13347674906253815
1789729848185273300,18.8732734375,2.185906171798706,9.819818496704102,-0.15263035893440247
1789729848195210500,18.88321044921875,2.274491548538208,9.798270225524902,-0.16220717132091522
1789729848205148000,18.89314794921875,2.410961151123047,9.726444244384766,-0.12868833541870117
1789729848215085000,18.9030849609375,2.492363929748535,9.635464668273926,-0.09277531504631042
1789729848225021200,18.913021240234375,2.3247697353363037,9.493608474731445,-0.030526071786880493
1789729848234957000,18.92295703125,2.008735179901123,9.275735855102539,0.07242459803819656
1789729848244893200,18.93289306640625,1.766920804977417,8.971672058105469,0.1586158573627472
1789729848254830000,18.942830078125,1.6352397203445435,8.725069999694824,0.14185644686222076
1789729848264767200,18.952767333984376,1.558625340461731,8.64127254486084,0.058059390634298325
1789729848274704600,18.96270458984375,1.4718354940414429,8.684368133544922,0.03172317147254944
1789729848284642300,18.972642333984375,1.3784615993499756,8.753800392150879,0.1346738487482071
1789729848294579700,18.982579833984374,1.304241418838501,8.895057678222656,0.21128830313682556
1789729848304516900,18.992516845703125,1.2946646213531494,9.06983470916748,0.25677812099456787
1789729848314453800,19.002453857421877,1.390432596206665,9.247005462646484,0.21128830313682556
1789729848324390700,19.012390625,1.601720929145813,9.395445823669434,0.1801636815071106
1789729848334327600,19.02232763671875,1.8842366933822632,9.55825138092041,0.1562216579914093
1789729848344264400,19.032264404296875,2.1787235736846924,9.714473724365234,0.16579847037792206
1789729848354201300,19.042201416015626,2.470816135406494,9.764751434326172,0.2663549482822418
1789729848364138200,19.05213818359375,2.672527551651001,9.815030097961426,0.30945056676864624
1789729848374075100,19.0620751953125,2.962226152420044,9.86770248413086,0.2687491476535797
1789729848384011800,19.07201171875,3.1729156970977783,9.872490882873535,0.2519897222518921
1789729848393948700,19.08194873046875,3.2854433059692383,9.817423820495605,0.32381579279899597
1789729848403885600,19.091885498046874,3.3189620971679688,9.771934509277344,0.38127660751342773
1789729848413822500,19.101822509765626,3.3476924896240234,9.795876502990723,0.44352585077285767
1789729848423759400,19.11175927734375,3.2615013122558594,9.831789016723633,0.5536591410636902
1789729848433696300,19.1216962890625,3.048417329788208,9.891644477844238,0.6859387755393982
1789729848443633200,19.131633056640624,2.830544948577881,9.99459457397461,0.7793126702308655
1789729848453570000,19.141570068359375,2.6844985485076904,10.073603630065918,0.8176198601722717
1789729848463507000,19.1515068359375,2.6144683361053467,10.052056312561035,0.829590916633606
1789729848473443800,19.16144384765625,2.6144683361053467,9.913191795349121,0.8415619134902954
1789729848483380700,19.171380615234376,2.741959571838379,9.704896926879883,0.7721300721168518
1789729848493317600,19.181317626953124,2.8640637397766113,9.510367393493652,0.6524199843406677
1789729848503254300,19.191254150390623,2.959831953048706,9.337985038757324,0.5440823435783386
1789729848513191200,19.201191162109374,2.962226152420044,9.24940013885498,0.4794389009475708
1789729848523128000,19.211128173828126,2.7730841636657715,9.235034942626953,0.4842272996902466
1789729848533065000,19.22106494140625,2.580949544906616,9.247005462646484,0.5512649416923523
1789729848543001900,19.231001953125,2.499546527862549,9.156025886535645,0.6476315855979919
1789729848552938800,19.240938720703124,2.513911724090576,9.00279712677002,0.7098808288574219
1789729848562875600,19.250875732421875,2.670133352279663,8.782530784606934,0.7697358727455139
1789729848572812500,19.2608125,2.938283920288086,8.545504570007324,0.8056488633155823
1789729848582749400,19.27074951171875,3.225588321685791,8.343792915344238,0.829590916633606
1789729848592686300,19.280686279296877,3.3883938789367676,8.233659744262695,0.8391677141189575
1789729848602623200,19.290623291015624,3.287837505340576,8.214506149291992,0.8367735147476196
1789729848612560100,19.30056005859375,2.8856115341186523,8.348581314086914,0.872686505317688
1789729848622497000,19.3104970703125,2.3080103397369385,8.672396659851074,0.8631097078323364
1789729848632434000,19.320433837890626,1.8171991109848022,9.09377670288086,0.8248024582862854
1789729848642370800,19.330370849609373,1.368884801864624,9.49121379852295,0.7146692276000977
1789729848652308000,19.340307861328125,1.0863690376281738,9.874884605407715,0.5847837924957275
1789729848662244900,19.350244873046876,1.0432734489440918,9.989806175231934,0.6404489278793335
1789729848672181800,19.360181640625,1.2348095178604126,9.917980194091797,0.6332663297653198
1789729848682119000,19.370118896484374,1.5705963373184204,9.977835655212402,0.4315548539161682
1789729848692055800,19.380055908203126,1.845929503440857,9.999382972717285,0.21847090125083923
1789729848701992700,19.38999267578125,1.9488801956176758,9.951498985290527,0.08918401598930359
1789729848711929900,19.399929931640624,1.766920804977417,9.819818496704102,-0.10474632680416107
1789729848721866800,19.40986669921875,1.5634137392044067,9.7791166305542,-0.2795230448246002
1789729848731803600,19.4198037109375,1.53707754611969,9.740809440612793,-0.3585317134857178
1789729848741740800,19.42974072265625,1.5610195398330688,9.678560256958008,-0.3250128924846649
1789729848751677700,19.439677734375,1.5053542852401733,9.68574333190918,-0.3776853084564209
1789729848761614600,19.449614501953125,1.4383167028427124,9.84376049041748,-0.4159925580024719
1789729848771551700,19.4595517578125,1.488594889640808,9.982624053955078,-0.3034650683403015
1789729848781488600,19.469488525390624,1.5682021379470825,10.02811336517334,-0.1933317929506302
1789729848791425500,19.479425537109375,1.5945383310317993,10.037690162658691,-0.11192893236875534
1789729848801362700,19.48936279296875,1.6879122257232666,9.93474006652832,-0.08798690885305405
1789729848811299600,19.499299560546874,1.8171991109848022,9.77672290802002,-0.04728548228740692
1789729848821236500,19.509236572265625,1.8962076902389526,9.625887870788574,-0.04967968538403511
1789729848831173600,19.519173583984376,1.98958158493042,9.57979965209961,-0.09516951441764832
1789729848841110500,19.529110595703123,2.1068975925445557,9.611522674560547,-0.076015904545784
1789729848851047000,19.539046875,2.1499931812286377,9.697713851928711,-0.020949264988303185
1789729848860983300,19.5489833984375,2.209848165512085,9.800664901733398,0.11552023142576218
1789729848870920000,19.558919921875,2.3750481605529785,9.774328231811523,0.20889410376548767
1789729848880856600,19.568856689453124,2.564189910888672,9.714473724365234,0.24480712413787842
1789729848890793500,19.57879345703125,2.7778725624084473,9.609128952026367,0.22086510062217712
1789729848900730600,19.588730712890627,3.0867245197296143,9.469666481018066,0.2256535142660141
1789729848910667800,19.598667724609374,3.3955764770507812,9.268553733825684,0.23762452602386475
1789729848920605000,19.60860498046875,3.6302082538604736,9.12968921661377,0.23044191300868988
1789729848930542000,19.6185419921875,3.6996402740478516,9.07222843170166,0.2256535142660141
1789729848940479500,19.6284794921875,3.4961330890655518,9.077016830444336,0.14903905987739563
1789729848950416600,19.638416748046875,3.1944637298583984,9.235034942626953,0.06524199992418289
1789729848960353500,19.648353515625,2.8161797523498535,9.426570892333984,0.07721300423145294
1789729848970290400,19.65829052734375,2.425326347351074,9.560646057128906,0.12509703636169434
1789729848980227300,19.668227294921873,2.1092917919158936,9.712079048156738,0.12030863761901855
1789729848990164200,19.678164306640625,1.9297266006469727,9.807847023010254,0.11312603205442429
1789729849000101400,19.688101318359376,1.8938134908676147,9.786299705505371,0.14425064623355865
1789729849010038300,19.698038330078123,1.9967641830444336,9.657012939453125,0.1346738487482071
1789729849019975200,19.70797509765625,2.2361843585968018,9.493608474731445,0.09636662155389786
1789729849029912000,19.717912109375,2.3487119674682617,9.304466247558594,0.03411737456917763
1789729849039849000,19.727848876953125,2.2816741466522217,9.227851867675781,-0.04249707981944084
1789729849049785900,19.737785888671876,2.0254945755004883,9.25179386138916,-0.10474632680416107
1789729849059722800,19.74772265625,1.6352397203445435,9.328408241271973,-0.17896658182144165
1789729849069659000,19.757658935546875,1.349731206893921,9.534309387207031,-0.26994624733924866
1789729849079595300,19.76759521484375,1.2587515115737915,9.712079048156738,-0.26755204796791077
1789729849089531600,19.77753173828125,1.2563573122024536,9.786299705505371,-0.1646013706922531
1789729849099468300,19.78746826171875,1.3305776119232178,9.736021041870117,-0.08559270948171616
1789729849109405000,19.797405029296876,1.4622586965560913,9.63067626953125,-0.11432313174009323
1789729849119342000,19.807342041015627,1.7046716213226318,9.519944190979004,-0.1885433793067932
1789729849129279200,19.817279296875,1.8387469053268433,9.476848602294922,-0.24600422382354736
1789729849139216600,19.827216552734374,1.7477672100067139,9.548674583435059,-0.25318682193756104
1789729849149154300,19.837154296875,1.577778935432434,9.743204116821289,-0.24600422382354736
1789729849159091700,19.847091796875,1.4167689085006714,9.908403396606445,-0.1430535465478897
1789729849169029000,19.857029052734376,1.1941081285476685,10.008959770202637,-0.05925649031996727
1789729849178966000,19.866966064453123,1.0360907316207886,10.11430549621582,-0.004189853090792894
1789729849188903000,19.87690283203125,1.1103110313415527,10.143035888671875,0.053270988166332245
1789729849198839800,19.88683984375,1.3569138050079346,10.047266960144043,0.2017114907503128
1789729849208776700,19.896776611328125,1.5275006294250488,9.939528465270996,0.3693056106567383
1789729849218713300,19.90671337890625,1.4383167028427124,9.932345390319824,0.4076128304004669
1789729849228650200,19.916650146484375,1.1941081285476685,9.965864181518555,0.37648820877075195
1789729849238587100,19.926587158203127,0.8684966564178467,9.963470458984375,0.3381809890270233
1789729849248524000,19.93652392578125,0.4950011968612671,10.035296440124512,0.3429693877696991
1789729849258461000,19.9464609375,0.22864626348018646,10.085575103759766,0.3357867896556854
1789729849268397800,19.956397705078125,0.23822307586669922,10.042478561401367,0.30945056676864624
1789729849278334700,19.966334716796876,0.32441434264183044,9.956287384033203,0.2759317457675934
1789729849288271600,19.976271728515623,0.4183867573738098,9.886856079101562,0.26156654953956604
1789729849298208500,19.98620849609375,0.5093663930892944,9.767146110534668,0.2663549482822418
1789729849308145400,19.9961455078125,0.7200561761856079,9.565434455871582,0.2711433470249176
1789729849318082300,20.006082275390625,1.062427043914795,9.402628898620605,0.28311434388160706
1789729849328019200,20.016019287109376,1.3449428081512451,9.187150001525879,0.25677812099456787
1789729849337955800,20.025955810546876,1.4287399053573608,9.03870964050293,0.2256535142660141
1789729849347892700,20.035892822265627,1.3377602100372314,8.957306861877441,0.2041056901216507
1789729849357829600,20.04582958984375,1.1701661348342896,8.926182746887207,0.1825578808784485
1789729849367766500,20.0557666015625,0.9810241460800171,8.952518463134766,0.10833762586116791
1789729849377703400,20.065703369140625,0.7487865686416626,9.055469512939453,0.0293289702385664
1789729849387640300,20.075640380859376,0.5045779943466187,9.201516151428223,0.041299980133771896
1789729849397577200,20.0855771484375,0.36750996112823486,9.361927032470703,-0.004189853090792894
1789729849407514400,20.095514404296875,0.333991140127182,9.474454879760742,-0.10714052617549896
1789729849417451300,20.105451171875,0.39624038338661194,9.527127265930176,-0.15741875767707825
1789729849427388200,20.11538818359375,0.5237316489219666,9.567828178405762,-0.16220717132091522
1789729849437325300,20.1253251953125,0.7344213724136353,9.563039779663086,-0.166995570063591
1789729849447262200,20.13526220703125,0.9044097065925598,9.510367393493652,-0.15981295704841614
1789729849457199000,20.14519921875,0.9163807034492493,9.498396873474121,-0.17417816817760468
1789729849467136300,20.15513623046875,0.8469488620758057,9.476848602294922,-0.15263035893440247
1789729849477073200,20.1650732421875,0.7104793787002563,9.457695007324219,-0.16220717132091522
1789729849487010000,20.175010009765625,0.5069721937179565,9.584588050842285,-0.20530278980731964
1789729849496947200,20.184947265625,0.27892449498176575,9.783905029296875,-0.23403321206569672
1789729849506884000,20.194884033203124,0.0347159244120121,10.013748168945312,-0.18136078119277954
1789729849516821000,20.204821044921875,-0.1280897855758667,10.231620788574219,-0.06404489278793335
1789729849526758100,20.214758056640626,-0.03232172131538391,10.310629844665527,0.03651157766580582
1789729849536695000,20.224695068359374,0.4207809567451477,10.272322654724121,0.06524199992418289
1789729849546632000,20.2346318359375,1.0169371366500854,10.092757225036621,0.03411737456917763
1789729849556569000,20.244569091796876,1.4718354940414429,9.850942611694336,-0.030526071786880493
1789729849566506000,20.254506103515624,1.7070658206939697,9.645041465759277,-0.12629413604736328
1789729849576443000,20.26444287109375,1.7812861204147339,9.52473258972168,-0.17417816817760468
1789729849586380000,20.274380126953126,1.766920804977417,9.498396873474121,-0.11671733111143112
1789729849596317000,20.28431689453125,1.6711528301239014,9.62828254699707,0.07003039866685867
1789729849606253800,20.29425390625,1.4862006902694702,9.850942611694336,0.2950853705406189
1789729849616191000,20.30419091796875,1.2946646213531494,10.068815231323242,0.4985924959182739
1789729849626128100,20.314128173828124,1.127070426940918,10.178948402404785,0.6356605291366577
1789729849636065000,20.32406494140625,0.9882067441940308,10.231620788574219,0.7026981711387634
1789729849646002000,20.334001953125,0.8421604633331299,10.202890396118164,0.7386112213134766
1789729849655939000,20.34393896484375,0.7200561761856079,10.064026832580566,0.7553706169128418
1789729849665876000,20.3538759765625,0.6625953316688538,9.855731010437012,0.7769184708595276
1789729849675813400,20.3638134765625,0.7056909799575806,9.621099472045898,0.7314286231994629
1789729849685749200,20.373749267578123,0.8086416125297546,9.337985038757324,0.6835445761680603
1789729849695685600,20.383685546875,0.9546879529953003,9.112930297851562,0.6165069341659546
1789729849705622300,20.393622314453125,1.0456676483154297,8.918999671936035,0.5728127360343933
1789729849715559000,20.403558837890625,1.0648212432861328,8.772953987121582,0.5560533404350281
1789729849725496000,20.41349609375,1.0552444458007812,8.746617317199707,0.579995334148407
1789729849735433700,20.423433837890624,0.9882067441940308,8.816049575805664,0.5704185366630554
1789729849745371400,20.433371337890627,0.8708908557891846,8.983643531799316,0.5536591410636902
1789729849755308300,20.443308349609374,0.7918822169303894,9.27334213256836,0.5752069354057312
1789729849765245200,20.4532451171875,0.6961141228675842,9.510367393493652,0.6212953329086304
1789729849775182600,20.4631826171875,0.6434416770935059,9.635464668273926,0.6572083830833435
1789729849785118700,20.47311865234375,0.6625953316688538,9.690531730651855,0.6596025824546814
1789729849795054800,20.483054931640623,0.6889315247535706,9.6618013381958,0.596754789352417
1789729849804991200,20.4929912109375,0.7823054194450378,9.584588050842285,0.4578910768032074
1789729849814928000,20.502927978515626,0.9283517003059387,9.46487808227539,0.3214215636253357
1789729849824865500,20.512865478515625,1.083974838256836,9.354744911193848,0.2256535142660141
1789729849834803000,20.522802978515625,1.1558008193969727,9.326014518737793,0.16819266974925995
1789729849844740400,20.532740234375,1.0576386451721191,9.416994094848633,0.1586158573627472
1789729849854677800,20.542677734375,0.7463923692703247,9.606734275817871,0.2017114907503128
1789729849864614700,20.55261474609375,0.35075053572654724,9.908403396606445,0.2998737692832947
1789729849874551600,20.562551513671874,0.03232172131538391,10.245985984802246,0.3860650360584259
1789729849884488400,20.572488525390625,-0.12090718746185303,10.585963249206543,0.46746787428855896
1789729849894425300,20.58242529296875,-0.10893617570400238,10.861894607543945,0.5225345492362976
1789729849904362200,20.5923623046875,0.08738835901021957,10.955268859863281,0.5249287486076355
1789729849914299100,20.602299072265627,0.4686649739742279,10.938508987426758,0.4124012291431427
1789729849924236000,20.612236083984374,0.9091981053352356,10.785280227661133,0.3214215636253357
1789729849934172700,20.622172607421874,1.4335283041000366,10.578780174255371,0.18495208024978638
1789729849944109600,20.632109619140625,1.8315643072128296,10.394426345825195,0.06524199992418289
1789729849954046500,20.64204638671875,2.0877439975738525,10.234015464782715,0.046088382601737976
1789729849963983400,20.6519833984375,2.1739351749420166,10.061633110046387,0.08439560979604721
1789729849973920300,20.661920166015626,2.293645143508911,9.882067680358887,0.18495208024978638
1789729849983857200,20.671857177734374,2.4013843536376953,9.702502250671387,0.2232593148946762
1789729849993794000,20.6817939453125,2.5067291259765625,9.611522674560547,0.21607670187950134
1789729850003731000,20.69173095703125,2.389413356781006,9.618705749511719,0.16340427100658417
1789729850013667800,20.701667724609376,1.8770540952682495,9.66419506072998,0.14664486050605774
1789729850023604700,20.711604736328123,1.1941081285476685,9.716867446899414,0.17058686912059784
1789729850033541600,20.721541748046874,0.7224503755569458,9.75517463684082,0.20889410376548767
1789729850043478500,20.731478515625,0.5069721937179565,9.786299705505371,0.21128830313682556
1789729850053415400,20.74141552734375,0.4686649739742279,9.793481826782227,0.2232593148946762
1789729850063352600,20.7513525390625,0.5740098357200623,9.700108528137207,0.30226796865463257
1789729850073289500,20.76128955078125,0.8086416125297546,9.563039779663086,0.345363587141037
1789729850083226400,20.771226318359375,1.0743980407714844,9.460089683532715,0.24241292476654053
1789729850093163500,20.78116357421875,1.1749545335769653,9.37389850616455,0.1346738487482071
1789729850103100400,20.791100341796874,1.1366472244262695,9.354744911193848,0.002992752008140087
1789729850113037300,20.801037353515625,1.004966139793396,9.426570892333984,-0.04010287672281265
1789729850122974500,20.810974365234376,0.8301894664764404,9.486425399780273,-0.023343466222286224
1789729850132911400,20.820911376953124,0.7679402232170105,9.565434455871582,0.012569558806717396
1789729850142848300,20.83084814453125,0.899621307849884,9.567828178405762,0.02454056777060032
1789729850152785400,20.840785400390626,1.1558008193969727,9.5223388671875,0.005386953707784414
1789729850162722300,20.850722412109373,1.3784615993499756,9.476848602294922,-0.0017956512747332454
1789729850172659200,20.8606591796875,1.4526818990707397,9.450512886047363,0.07481880486011505
1789729850182596000,20.87059619140625,1.4957774877548218,9.426570892333984,0.13706804811954498
1789729850192533200,20.880533203125,1.5658079385757446,9.402628898620605,0.14664486050605774
1789729850202470100,20.89047021484375,1.5873557329177856,9.352350234985352,0.12749123573303223
1789729850212407000,20.900406982421874,1.5053542852401733,9.292495727539062,0.09636662155389786
1789729850222344200,20.91034423828125,1.3784615993499756,9.239823341369629,0.07242459803819656
1789729850232281000,20.920281005859376,1.3305776119232178,9.208698272705078,0.01975216343998909
1789729850242218000,20.930218017578124,1.390432596206665,9.282918930053711,-0.016160860657691956
1789729850252155100,20.940155029296875,1.5442601442337036,9.395445823669434,0.012569558806717396
1789729850262092000,20.950092041015626,1.8100165128707886,9.46487808227539,0.09876082092523575
1789729850272029000,20.96002880859375,2.097320795059204,9.412205696105957,0.1825578808784485
1789729850281966000,20.969966064453125,2.3798365592956543,9.299677848815918,0.2256535142660141
1789729850291903000,20.979903076171876,2.691681146621704,9.151237487792969,0.23523031175136566
1789729850301840000,20.98983984375,2.873640537261963,9.045892715454102,0.22086510062217712
1789729850311777000,20.999777099609375,2.8592753410339355,9.00279712677002,0.23283611238002777
1789729850321714000,21.0097138671875,2.722805976867676,9.077016830444336,0.2783259451389313
1789729850331650800,21.01965087890625,2.557007312774658,9.182361602783203,0.3405751883983612
1789729850341588000,21.029587890625,2.3295583724975586,9.359533309936523,0.40282443165779114
1789729850351524900,21.03952490234375,2.0853497982025146,9.582193374633789,0.40043023228645325
1789729850361461800,21.049461669921875,1.8842366933822632,9.767146110534668,0.32620999217033386
1789729850371399000,21.05939892578125,1.802833914756775,9.877279281616211,0.23523031175136566
1789729850381336000,21.069336181640626,1.8363527059555054,9.886856079101562,0.16819266974925995
1789729850391272700,21.079272705078125,2.0470423698425293,9.862914085388184,0.16340427100658417
1789729850401209900,21.0892099609375,2.427720546722412,9.77672290802002,0.19213469326496124
1789729850411147000,21.09914697265625,2.919130325317383,9.690531730651855,0.19931729137897491
1789729850421084000,21.109083984375,3.352480888366699,9.642647743225098,0.21847090125083923
1789729850431020800,21.119020751953126,3.5655648708343506,9.609128952026367,0.3357867896556854
1789729850440958000,21.1289580078125,3.6828808784484863,9.553462982177734,0.49619829654693604
1789729850450893800,21.138893798828125,3.7259764671325684,9.436147689819336,0.5752069354057312
1789729850460830000,21.148829833984376,3.6733038425445557,9.371503829956055,0.5943605899810791
1789729850470766600,21.1587666015625,3.582324266433716,9.390657424926758,0.5632359385490417
1789729850480703200,21.168703125,3.41951847076416,9.460089683532715,0.46746787428855896
1789729850490640400,21.178640380859374,3.1944637298583984,9.563039779663086,0.4100070297718048
1789729850500577500,21.18857763671875,2.959831953048706,9.709685325622559,0.42437225580215454
1789729850510515000,21.198514892578125,2.76350736618042,9.831789016723633,0.5009866952896118
1789729850520452600,21.20845263671875,2.7323827743530273,9.891644477844238,0.5321113467216492
1789729850530390000,21.21839013671875,2.7970261573791504,9.850942611694336,0.5297171473503113
1789729850540327400,21.228327392578127,2.9478609561920166,9.75517463684082,0.5536591410636902
1789729850550264300,21.238264404296874,3.311779499053955,9.517550468444824,0.5416881442070007
1789729850560201200,21.248201171875,3.5871126651763916,9.302072525024414,0.517746090888977
1789729850570137600,21.2581376953125,3.6565444469451904,9.182361602783203,0.436343252658844
1789729850580073700,21.26807373046875,3.5464112758636475,9.153631210327148,0.35733461380004883
1789729850590010400,21.27801025390625,3.3213562965393066,9.187150001525879,0.33099839091300964
1789729850599947300,21.287947265625,3.0795419216156006,9.302072525024414,0.30466216802597046
1789729850609884700,21.297884765625,2.715623378753662,9.416994094848633,0.32620999217033386
1789729850619823000,21.307822998046873,2.367865562438965,9.48882007598877,0.38127660751342773
1789729850629760000,21.317760009765625,2.1978771686553955,9.519944190979004,0.3932476341724396
1789729850639697000,21.32769677734375,2.1811177730560303,9.531915664672852,0.345363587141037
1789729850649633800,21.3376337890625,2.2194249629974365,9.496002197265625,0.314238965511322
1789729850659570700,21.34757080078125,2.231395959854126,9.457695007324219,0.3477577865123749
1789729850669507600,21.357507568359374,2.2194249629974365,9.469666481018066,0.3357867896556854
1789729850679444500,21.367444580078125,2.2146365642547607,9.486425399780273,0.2998737692832947
1789729850689381400,21.37738134765625,2.1954829692840576,9.55585765838623,0.2783259451389313
1789729850699318300,21.387318359375,2.070984363555908,9.676166534423828,0.3166331648826599
1789729850709255200,21.397255126953127,1.86508309841156,9.817423820495605,0.40521863102912903
1789729850719192000,21.407192138671874,1.644816517829895,9.90361499786377,0.4602852761745453
1789729850729128700,21.417128662109373,1.4287399053573608,9.90361499786377,0.5632359385490417
1789729850739065600,21.427065673828125,1.3377602100372314,9.762357711791992,0.5823895931243896
1789729850749002500,21.43700244140625,1.445499300956726,9.59476375579834,0.558447539806366
1789729850758939400,21.446939453125,1.556231141090393,9.412205696105957,0.5321113467216492
1789729850768876300,21.456876220703126,1.5729905366897583,9.280524253845215,0.5704185366630554
1789729850778813200,21.466813232421874,1.5490485429763794,9.211092948913574,0.558447539806366
1789729850788750000,21.47675,1.4862006902694702,9.203909873962402,0.5608417391777039
1789729850798687000,21.48668701171875,1.301847219467163,9.211092948913574,0.5871779918670654
1789729850808624000,21.4966240234375,1.1653777360916138,9.333196640014648,0.5943605899810791
1789729850818561000,21.50656103515625,1.146224021911621,9.457695007324219,0.5608417391777039
1789729850828498000,21.516497802734374,1.081580638885498,9.529520988464355,0.5536591410636902
1789729850838435000,21.52643505859375,0.9810241460800171,9.586981773376465,0.5105634927749634
1789729850848372000,21.5363720703125,0.9235633015632629,9.570222854614258,0.4315548539161682
1789729850858308900,21.546308837890624,0.9810241460800171,9.560646057128906,0.3381809890270233
1789729850868246000,21.55624609375,1.1174936294555664,9.57979965209961,0.3381809890270233
1789729850878183000,21.566182861328127,1.371279001235962,9.57979965209961,0.3645172119140625
1789729850888119800,21.576119873046874,1.656787633895874,9.534309387207031,0.37409400939941406
1789729850898057000,21.586056884765625,1.8387469053268433,9.52473258972168,0.35254621505737305
1789729850907993900,21.595993896484377,1.9488801956176758,9.606734275817871,0.37409400939941406
1789729850917930800,21.6059306640625,2.011129379272461,9.633070945739746,0.35254621505737305
1789729850927868000,21.615867919921875,2.0374655723571777,9.577404975891113,0.3190273642539978
1789729850937804800,21.6258046875,2.1284453868865967,9.493608474731445,0.26396074891090393
1789729850947741700,21.63574169921875,2.315192937850952,9.378686904907227,0.23523031175136566
1789729850957678800,21.645678955078125,2.4875755310058594,9.314043045043945,0.23523031175136566
1789729850967615700,21.65561572265625,2.6240451335906982,9.27334213256836,0.30226796865463257
1789729850977552600,21.665552734375,2.7730841636657715,9.254188537597656,0.3908534348011017
1789729850987489800,21.67548974609375,2.8329391479492188,9.247005462646484,0.4602852761745453
1789729850997426700,21.6854267578125,2.9047651290893555,9.292495727539062,0.4602852761745453
1789729851007363600,21.695363525390626,2.9502551555633545,9.314043045043945,0.4387374520301819
1789729851017300700,21.70530078125,2.9287071228027344,9.330802917480469,0.39803603291511536
1789729851027237600,21.715237548828124,2.804208755493164,9.443329811096191,0.3190273642539978
1789729851037174500,21.725174560546876,2.5713725090026855,9.616311073303223,0.25917232036590576
1789729851047111700,21.735111572265627,2.274491548538208,9.781511306762695,0.2232593148946762
1789729851057048600,21.745048583984374,1.9823989868164062,9.800664901733398,0.28311434388160706
1789729851066985700,21.75498583984375,1.9560627937316895,9.649829864501953,0.314238965511322
1789729851076923000,21.7649228515625,2.1332337856292725,9.357138633728027,0.28790274262428284
1789729851086860300,21.7748603515625,2.2170307636260986,9.021950721740723,0.15143325924873352
1789729851096797200,21.784797119140624,2.1763293743133545,8.895057678222656,-0.030526071786880493
1789729851106734300,21.794734375,1.9752163887023926,8.868721961975098,-0.15741875767707825
1789729851116671200,21.804671142578126,1.6184803247451782,8.85435676574707,-0.15263035893440247
1789729851126608100,21.814608154296874,1.2611457109451294,8.962095260620117,-0.11911153793334961
1789729851136545000,21.824544921875,0.9235633015632629,9.09377670288086,-0.11671733111143112
1789729851146482000,21.83448193359375,0.7200561761856079,9.263765335083008,-0.19812019169330597
1789729851156419000,21.844419189453124,0.5692214369773865,9.416994094848633,-0.25079262256622314
1789729851166356000,21.85435595703125,0.535702645778656,9.551069259643555,-0.24361002445220947
1789729851176292900,21.86429296875,0.578798234462738,9.680954933166504,-0.2364274114370346
1789729851186229800,21.874229736328125,0.7248445749282837,9.78869342803955,-0.2364274114370346
1789729851196167000,21.8841669921875,0.861314058303833,9.853337287902832,-0.18614917993545532
1789729851206103800,21.894103759765624,0.945111095905304,9.836577415466309,-0.13108254969120026
1789729851216041000,21.904041015625,1.0360907316207886,9.78869342803955,-0.15502455830574036
1789729851225977900,21.913977783203126,1.184531331062317,9.774328231811523,-0.18375498056411743
1789729851235914800,21.923914794921874,1.2587515115737915,9.84376049041748,-0.1693897694349289
1789729851245851600,21.9338515625,1.0672154426574707,9.980229377746582,-0.0975637212395668
1789729851255788800,21.943788818359376,0.7439981698989868,10.166977882385254,-0.10474632680416107
1789729851265725400,21.953725341796876,0.43993455171585083,10.399214744567871,-0.11432313174009323
1789729851275662000,21.963662109375,0.13287819921970367,10.730213165283203,-0.07841010391712189
1789729851285598700,21.9735986328125,-0.1759738177061081,11.043853759765625,-0.0017956512747332454
1789729851295535400,21.983535400390625,-0.4082113802433014,11.278485298156738,0.1322796493768692
1789729851305472300,21.99347216796875,-0.456095427274704,11.405378341674805,0.23283611238002777
1789729851315409700,22.00340966796875,-0.27892449498176575,11.46762752532959,0.24241292476654053
1789729851325347000,22.01334716796875,0.010773907415568829,11.43171501159668,0.2663549482822418
1789729851335284500,22.023284423828127,0.24779987335205078,11.292850494384766,0.32381579279899597
1789729851345221600,22.0332216796875,0.5117605924606323,11.065402030944824,0.3429693877696991
1789729851355158500,22.043158447265625,0.8732850551605225,10.845134735107422,0.3357867896556854
1789729851365095000,22.053094970703125,1.20368492603302,10.63624095916748,0.32381579279899597
1789729851375031600,22.063031494140624,1.3521254062652588,10.447098731994629,0.44592007994651794
1789729851384968200,22.07296826171875,1.4335283041000366,10.2747163772583,0.6039373874664307
1789729851394904800,22.08290478515625,1.5418659448623657,10.164583206176758,0.7003039717674255
1789729851404841700,22.092841796875,1.6065093278884888,10.128670692443848,0.7601590156555176
1789729851414779000,22.10277880859375,1.5173252820968628,10.121487617492676,0.9085995554924011
1789729851424716300,22.11271630859375,1.3425486087799072,10.056844711303711,1.0666168928146362
1789729851434653400,22.1226533203125,1.1749545335769653,9.925163269042969,1.1528080701828003
1789729851444590800,22.1325908203125,1.004966139793396,9.771934509277344,1.1959037780761719
1789729851454528000,22.142528076171875,0.8373720645904541,9.62828254699707,1.1982979774475098
1789729851464465200,22.152465087890626,0.8421604633331299,9.515155792236328,1.2198457717895508
1789729851474402000,22.162402099609373,0.8948329091072083,9.383475303649902,1.2413935661315918
1789729851484339200,22.172339111328125,0.801459014415741,9.287707328796387,1.2222399711608887
1789729851494276000,22.182276123046876,0.7128735780715942,9.227851867675781,1.1743559837341309
1789729851504213000,22.192212890625,0.7320271730422974,9.136872291564941,1.171961784362793
1789729851514150100,22.202150146484374,0.9259575009346008,9.057863235473633,1.1504138708114624
1789729851524087000,22.212087158203126,1.148618221282959,8.976460456848145,1.1528080701828003
1789729851534024000,22.22202392578125,1.2515689134597778,8.842385292053223,1.1623848676681519
1789729851543960800,22.2319609375,1.3186066150665283,8.751405715942383,1.095347285270691
1789729851553897700,22.241897705078124,1.3329718112945557,8.67479133605957,0.9995791912078857
1789729851563834600,22.251834716796875,1.3066356182098389,8.646060943603516,0.9062053561210632
1789729851573771300,22.261771240234374,1.3617022037506104,8.581417083740234,0.8678981065750122
1789729851583708200,22.271708251953125,1.4957774877548218,8.535927772521973,0.8080430626869202
1789729851593645000,22.28164501953125,1.6759412288665771,8.593388557434082,0.6931213736534119
1789729851603582000,22.29158203125,1.8291701078414917,8.713098526000977,0.579995334148407
1789729851613518800,22.301518798828123,1.8531121015548706,8.899846076965332,0.5153518915176392
1789729851623455700,22.311455810546875,1.7573440074920654,9.12729549407959,0.4770447015762329
1789729851633392600,22.321392578125,1.6400281190872192,9.349956512451172,0.4339490532875061
1789729851643329500,22.33132958984375,1.5658079385757446,9.529520988464355,0.3932476341724396
1789729851653266400,22.341266357421876,1.4838064908981323,9.62828254699707,0.35254621505737305
1789729851663203600,22.35120361328125,1.5298948287963867,9.692925453186035,0.30945056676864624
1789729851673140500,22.361140380859375,1.745373010635376,9.709685325622559,0.30705636739730835
1789729851683077400,22.371077392578126,2.0039467811584473,9.71926212310791,0.32860419154167175
1789729851693014300,22.38101416015625,2.229001760482788,9.743204116821289,0.3357867896556854
1789729851702951400,22.390951416015625,2.3918075561523438,9.764751434326172,0.3645172119140625
1789729851712888300,22.400888427734376,2.494758129119873,9.786299705505371,0.3597288131713867
1789729851722825200,22.4108251953125,2.513911724090576,9.84615421295166,0.32860419154167175
1789729851732762400,22.420762451171875,2.434903144836426,9.889249801635742,0.2663549482822418
1789729851742699300,22.43069921875,2.3965959548950195,9.925163269042969,0.23762452602386475
1789729851752636200,22.44063623046875,2.4899697303771973,9.917980194091797,0.20889410376548767
1789729851762573300,22.4505732421875,2.6629507541656494,9.834183692932129,0.17058686912059784
1789729851772510200,22.46051025390625,2.7898435592651367,9.736021041870117,0.12749123573303223
1789729851782447000,22.470447021484375,2.806602954864502,9.668983459472656,0.055665191262960434
1789729851792384300,22.48038427734375,2.6653449535369873,9.695320129394531,0.01975216343998909
1789729851802321200,22.490321044921874,2.3367409706115723,9.858125686645508,0.053270988166332245
1789729851812258600,22.500258544921873,2.0231003761291504,10.14782428741455,0.12988543510437012
1789729851822196200,22.5101962890625,1.8770540952682495,10.360907554626465,0.25677812099456787
1789729851832133400,22.52013330078125,1.9345149993896484,10.509347915649414,0.3884592354297638
1789729851842070300,22.5300703125,2.10210919380188,10.588356971740723,0.4842272996902466
1789729851852007200,22.540007080078126,2.2673089504241943,10.51174259185791,0.5392939448356628
1789729851861944300,22.5499443359375,2.3127987384796143,10.33217716217041,0.5464765429496765
1789729851871881200,22.559881103515625,2.2625205516815186,10.087968826293945,0.5129576921463013
1789729851881817300,22.5698173828125,2.2409727573394775,9.858125686645508,0.4507084786891937
1789729851891754000,22.57975390625,2.1930887699127197,9.616311073303223,0.42437225580215454
1789729851901691100,22.589691162109375,2.0829553604125977,9.455301284790039,0.4315548539161682
1789729851911628500,22.599628662109374,1.9177556037902832,9.388263702392578,0.49619829654693604
1789729851921565700,22.609565673828126,1.6855180263519287,9.34037971496582,0.5895721912384033
1789729851931503000,22.619503173828125,1.5514427423477173,9.323619842529297,0.6236895322799683
1789729851941440000,22.62943994140625,1.5173252820968628,9.381080627441406,0.6380547285079956
1789729851951377200,22.639377197265624,1.4119805097579956,9.472060203552246,0.669179379940033
1789729851961313800,22.649313720703127,1.304241418838501,9.534309387207031,0.7170634269714355
1789729851971250700,22.659250732421874,1.24917471408844,9.469666481018066,0.7769184708595276
1789729851981187800,22.669187744140626,1.2395979166030884,9.302072525024414,0.8152256608009338
1789729851991124700,22.679124755859377,1.349731206893921,9.100958824157715,0.7338228225708008
1789729852001061600,22.6890615234375,1.5682021379470825,8.966883659362793,0.628477931022644
1789729852010999000,22.6989990234375,1.678335428237915,8.849568367004395,0.5297171473503113
1789729852020936000,22.70893603515625,1.6543933153152466,8.782530784606934,0.42437225580215454
1789729852030872800,22.718872802734374,1.5418659448623657,8.76577091217041,0.32620999217033386
1789729852040809200,22.728809326171874,1.2826935052871704,8.873510360717773,0.2687491476535797
1789729852050746400,22.738746337890625,0.9475052952766418,9.108141899108887,0.292691171169281
1789729852060683800,22.748683837890624,0.6099228858947754,9.388263702392578,0.3693056106567383
1789729852070621000,22.758620849609375,0.39384618401527405,9.623494148254395,0.4578910768032074
1789729852080557600,22.7685576171875,0.3387795388698578,9.853337287902832,0.5129576921463013
1789729852090494000,22.778493896484374,0.41359832882881165,10.004171371459961,0.5919663906097412
1789729852100430600,22.7884306640625,0.5524620413780212,10.042478561401367,0.6787561774253845
1789729852110367700,22.79836767578125,0.7056909799575806,9.980229377746582,0.7026981711387634
1789729852120305400,22.808305419921876,0.945111095905304,9.874884605407715,0.6739677786827087
1789729852130242800,22.818242919921875,1.1749545335769653,9.712079048156738,0.6524199843406677
1789729852140179700,22.8281796875,1.2994530200958252,9.575011253356934,0.7122750282287598
1789729852150117000,22.8381171875,1.4622586965560913,9.419387817382812,0.7553706169128418
1789729852160053200,22.84805322265625,1.6831238269805908,9.275735855102539,0.7529764175415039
1789729852169989400,22.8579892578125,1.8387469053268433,9.199121475219727,0.7697358727455139
1789729852179926000,22.867926025390624,1.8339585065841675,9.268553733825684,0.7553706169128418
1789729852189862400,22.8778623046875,1.4766238927841187,9.553462982177734,0.8032546639442444
1789729852199799300,22.88779931640625,0.9020155072212219,9.927556991577148,0.8463503122329712
1789729852209736400,22.897736328125,0.4710591733455658,10.224438667297363,0.9421183466911316
1789729852219673600,22.907673583984376,0.37229835987091064,10.372879028320312,1.0307037830352783
1789729852229611300,22.917611328125,0.6386532783508301,10.399214744567871,1.1001356840133667
1789729852239549200,22.927549072265624,1.12467622756958,10.214861869812012,1.2054805755615234
1789729852249486600,22.937486572265627,1.6376339197158813,9.865307807922363,1.2461819648742676
1789729852259422700,22.947422607421874,2.0446481704711914,9.534309387207031,1.212663173675537
1789729852269359000,22.957359130859373,2.252943754196167,9.318831443786621,1.114500880241394
1789729852279296000,22.9672958984375,2.205059766769409,9.287707328796387,1.0043675899505615
1789729852289233200,22.977233154296876,1.8411411046981812,9.354744911193848,0.9469067454338074
1789729852299171000,22.987171142578124,1.323395013809204,9.553462982177734,0.9229647517204285
1789729852309108500,22.9971083984375,0.921169102191925,9.771934509277344,0.9564836025238037
1789729852319045600,23.007045654296874,0.6841431260108948,9.929951667785645,0.9684545993804932
1789729852328982500,23.016982421875,0.6171054840087891,9.90122127532959,0.9277531504631042
1789729852338919400,23.02691943359375,0.7248445749282837,9.676166534423828,0.8224082589149475
1789729852348856600,23.036856689453124,1.060032844543457,9.27334213256836,0.645237386226654
1789729852358794000,23.0467939453125,1.3976151943206787,8.907029151916504,0.5129576921463013
1789729852368730000,23.056730224609375,1.678335428237915,8.629301071166992,0.4578910768032074
1789729852378666800,23.066666748046874,1.9823989868164062,8.432378768920898,0.5057750940322876
1789729852388603100,23.07660302734375,2.248155355453491,8.362946510314941,0.5680243372917175
1789729852398540000,23.0865400390625,2.341529369354248,8.391676902770996,0.5656301379203796
1789729852408477000,23.096476806640624,2.346317768096924,8.61972427368164,0.5057750940322876
1789729852418414000,23.1064140625,2.169146776199341,8.930971145629883,0.4507084786891937
1789729852428351200,23.116351318359374,1.7980455160140991,9.201516151428223,0.414795458316803
1789729852438288600,23.12628857421875,1.525106430053711,9.503185272216797,0.2950853705406189
1789729852448225800,23.136225830078125,1.3856441974639893,9.771934509277344,0.2998737692832947
1789729852458163200,23.1461630859375,1.392826795578003,10.011354446411133,0.2256535142660141
1789729852468100400,23.156100341796876,1.5490485429763794,10.178948402404785,0.1538274586200714
1789729852478037200,23.166037353515627,1.9393033981323242,10.272322654724121,0.13946224749088287
1789729852487974700,23.175974609375,2.4875755310058594,10.356119155883789,0.11312603205442429
1789729852497911000,23.1859111328125,2.981379747390747,10.435128211975098,0.16579847037792206
1789729852507847400,23.195847412109377,3.072359323501587,10.535684585571289,0.2041056901216507
1789729852517783800,23.20578369140625,2.9909565448760986,10.614693641662598,0.2256535142660141
1789729852527720700,23.215720703125,2.8185739517211914,10.629058837890625,0.2495955228805542
1789729852537657600,23.22565771484375,2.7563247680664062,10.638635635375977,0.2783259451389313
1789729852547594800,23.2355947265625,2.785055160522461,10.576386451721191,0.35733461380004883
1789729852557532200,23.2455322265625,2.895188331604004,10.463858604431152,0.4794389009475708
1789729852567470000,23.255469970703125,2.9765913486480713,10.413579940795898,0.6165069341659546
1789729852577407200,23.2654072265625,2.93349552154541,10.348937034606934,0.7146692276000977
1789729852587344600,23.2753447265625,2.849698543548584,10.32978343963623,0.7769184708595276
1789729852597280800,23.28528076171875,2.7778725624084473,10.260351181030273,0.8607155084609985
1789729852607217400,23.295217529296874,2.713229179382324,10.111910820007324,0.8942343592643738
1789729852617154600,23.305154541015625,2.6216509342193604,9.872490882873535,0.889445960521698
1789729852627091500,23.315091552734376,2.5498247146606445,9.565434455871582,0.8248024582862854
1789729852637029000,23.325029052734376,2.5091233253479004,9.227851867675781,0.788889467716217
1789729852646966300,23.33496630859375,2.473210334777832,8.993220329284668,0.7433996200561523
1789729852656903200,23.344903076171875,2.4444799423217773,8.844779968261719,0.7003039717674255
1789729852666840000,23.354840087890626,2.4013843536376953,8.813654899597168,0.7026981711387634
1789729852676777200,23.364777099609373,2.1978771686553955,8.839991569519043,0.7003039717674255
1789729852686713600,23.374713623046876,1.9632453918457031,8.921394348144531,0.6883329749107361
1789729852696650500,23.384650390625,1.8052281141281128,9.03870964050293,0.6979097723960876
1789729852706588000,23.394587890625,1.7381904125213623,9.115324020385742,0.6787561774253845
1789729852716525000,23.404525146484374,1.7980455160140991,9.170391082763672,0.6476315855979919
1789729852726461400,23.41446142578125,1.9393033981323242,9.141660690307617,0.6308721303939819
1789729852736397600,23.4243974609375,2.097320795059204,9.084199905395508,0.6117185354232788
1789729852746334200,23.434334228515624,2.161964178085327,8.995614051818848,0.5440823435783386
1789729852756270800,23.444270751953123,2.1930887699127197,8.91181755065918,0.5009866952896118
1789729852766207700,23.454207763671874,2.274491548538208,8.837596893310547,0.46746787428855896
1789729852776145000,23.464144775390626,2.3056161403656006,8.775347709655762,0.4315548539161682
1789729852786082300,23.474082275390625,2.341529369354248,8.794501304626465,0.3645172119140625
1789729852796020000,23.48402001953125,2.387019157409668,8.849568367004395,0.292691171169281
1789729852805958000,23.4939580078125,2.3582887649536133,8.950124740600586,0.23283611238002777
1789729852815895300,23.503895263671875,2.274491548538208,9.088988304138184,0.1777694821357727
1789729852825832200,23.513832275390627,2.2433669567108154,9.19433307647705,0.1538274586200714
1789729852835769600,23.52376953125,2.3558945655822754,9.268553733825684,0.10833762586116791
1789729852845705700,23.533705810546873,2.4803929328918457,9.321226119995117,0.08200141042470932
1789729852855641900,23.543641845703124,2.497152328491211,9.412205696105957,0.0293289702385664
1789729852865578800,23.553578857421876,2.4636335372924805,9.507973670959473,0.005386953707784414
1789729852875516200,23.56351611328125,2.3558945655822754,9.637859344482422,0.02454056777060032
1789729852885453300,23.573453369140626,2.209848165512085,9.791088104248047,0.041299980133771896
1789729852895391500,23.5833916015625,2.0877439975738525,9.93474006652832,0.08200141042470932
1789729852905327900,23.593327880859373,2.075772762298584,10.020931243896484,0.11312603205442429
1789729852915264300,23.60326416015625,2.1571757793426514,10.107122421264648,0.12270283699035645
1789729852925200600,23.61320068359375,2.3032219409942627,10.140641212463379,0.1586158573627472
1789729852935137300,23.62313720703125,2.470816135406494,10.121487617492676,0.17298106849193573
1789729852945074000,23.633073974609374,2.646191358566284,10.030508041381836,0.1562216579914093
1789729852955011300,23.64301123046875,2.7970261573791504,9.917980194091797,0.14903905987739563
1789729852964949200,23.65294921875,3.0125043392181396,9.81024169921875,0.19692309200763702
1789729852974887200,23.66288720703125,3.199252128601074,9.740809440612793,0.28072014451026917
1789729852984824000,23.672823974609376,3.2830491065979004,9.647436141967773,0.39803603291511536
1789729852994761000,23.682760986328127,3.2399535179138184,9.55585765838623,0.5225345492362976
1789729853004698000,23.692697998046874,3.0388405323028564,9.546280860900879,0.6260837316513062
1789729853014634500,23.702634521484374,2.7467479705810547,9.63067626953125,0.6763619780540466
1789729853024571100,23.712571044921877,2.3750481605529785,9.764751434326172,0.7194576263427734
1789729853034508300,23.72250830078125,2.0446481704711914,9.90122127532959,0.7218518257141113
1789729853044445700,23.73244580078125,1.8363527059555054,10.030508041381836,0.6739677786827087
1789729853054382800,23.7423828125,1.8171991109848022,10.052056312561035,0.6500257849693298
1789729853064320800,23.75232080078125,2.054224967956543,9.99459457397461,0.6039373874664307
1789729853074256600,23.762256591796874,2.3511061668395996,9.894038200378418,0.5608417391777039
1789729853084192500,23.772192626953125,2.561795711517334,9.764751434326172,0.4866214990615845
1789729853094128600,23.782128662109375,2.713229179382324,9.6618013381958,0.40282443165779114
1789729853104065000,23.79206494140625,2.871246337890625,9.541492462158203,0.4124012291431427
1789729853114002200,23.802002197265626,2.9670145511627197,9.479243278503418,0.5057750940322876
1789729853123940000,23.811940185546874,2.9454667568206787,9.493608474731445,0.6859387755393982
1789729853133878500,23.82187841796875,2.7970261573791504,9.582193374633789,0.8678981065750122
1789729853143816200,23.831816162109376,2.47560453414917,9.680954933166504,1.037886381149292
1789729853153753000,23.841753173828124,2.03507137298584,9.855731010437012,1.1408370733261108
1789729853163690500,23.8516904296875,1.6112977266311646,9.963470458984375,1.2006921768188477
1789729853173626600,23.861626708984375,1.3545196056365967,10.035296440124512,1.2270283699035645
1789729853183562800,23.871562744140626,1.2611457109451294,10.032901763916016,1.294066071510315
1789729853193499100,23.8814990234375,1.3353660106658936,9.906009674072266,1.3419500589370728
1789729853203435500,23.891435546875,1.6304513216018677,9.657012939453125,1.382651448249817
1789729853213372700,23.90137255859375,1.9991583824157715,9.304466247558594,1.4065934419631958
1789729853223310000,23.91131005859375,2.2888567447662354,8.993220329284668,1.3299790620803833
1789729853233248300,23.921248291015626,2.473210334777832,8.806472778320312,1.1791443824768066
1789729853243186200,23.931186279296874,2.3367409706115723,8.720281600952148,1.1216834783554077
1789729853253123000,23.941123046875,1.941697597503662,8.753800392150879,1.0785878896713257
1789729853263060200,23.951060302734376,1.5442601442337036,8.830414772033691,1.114500880241394
1789729853272996900,23.960996826171876,1.4742296934127808,8.966883659362793,1.157596468925476
1789729853282933500,23.97093359375,1.7190368175506592,9.112930297851562,1.2078747749328613
1789729853292870100,23.9808701171875,1.9249382019042969,9.206304550170898,1.1743559837341309
1789729853302808000,23.99080810546875,1.9608511924743652,9.247005462646484,1.1001356840133667
1789729853312745200,24.0007451171875,1.9249382019042969,9.268553733825684,1.0211269855499268
1789729853322682000,24.01068212890625,1.9177556037902832,9.292495727539062,0.9205705523490906
1789729853332619000,24.020618896484375,1.941697597503662,9.369110107421875,0.8463503122329712
1789729853342556200,24.03055615234375,1.8291701078414917,9.486425399780273,0.8104372620582581
1789729853352493000,24.0404931640625,1.6519991159439087,9.616311073303223,0.7745242714881897
1789729853362430000,24.050429931640625,1.5101426839828491,9.68574333190918,0.7194576263427734
1789729853372367000,24.0603671875,1.4431051015853882,9.645041465759277,0.7050924301147461
1789729853382304000,24.070303955078124,1.445499300956726,9.563039779663086,0.707486629486084
1789729853392241000,24.080240966796875,1.5394717454910278,9.541492462158203,0.6955155730247498
1789729853402178000,24.090177978515626,1.577778935432434,9.49121379852295,0.6931213736534119
1789729853412115000,24.100114990234374,1.580173134803772,9.438541412353516,0.6859387755393982
1789729853422051800,24.1100517578125,1.4981716871261597,9.510367393493652,0.6572083830833435
1789729853431989000,24.119989013671876,1.182137131690979,9.613917350769043,0.6332663297653198
1789729853441926000,24.12992578125,0.801459014415741,9.77672290802002,0.6308721303939819
1789729853451862800,24.13986279296875,0.6290764808654785,10.032901763916016,0.7050924301147461
1789729853461800000,24.149800048828126,0.6147112846374512,10.272322654724121,0.8152256608009338
1789729853471736800,24.15973681640625,0.5261258482933044,10.432733535766602,0.8583213090896606
1789729853481673700,24.169673828125,0.497395396232605,10.550049781799316,0.9133879542350769
1789729853491611000,24.17961083984375,0.6075286865234375,10.581174850463867,0.9900023937225342
1789729853501547800,24.1895478515625,0.7751228213310242,10.621875762939453,1.0833762884140015
1789729853511484700,24.199484619140627,0.9762357473373413,10.51174259185791,1.0905588865280151
1789729853521421800,24.209421875,1.0648212432861328,10.303446769714355,1.0761936902999878
1789729853531358700,24.219358642578126,1.2731167078018188,10.11430549621582,0.9780313968658447
1789729853541295600,24.229295654296877,1.6424223184585571,9.906009674072266,0.93254154920578
1789729853551232800,24.239232666015624,1.867477297782898,9.659406661987305,0.9277531504631042
1789729853561169700,24.249169677734375,1.9105730056762695,9.476848602294922,0.8487445116043091
1789729853571106600,24.2591064453125,1.944091796875,9.321226119995117,0.7529764175415039
1789729853581043700,24.269043701171874,1.9105730056762695,9.189544677734375,0.6667851805686951
1789729853590980600,24.278980712890625,1.7357962131500244,9.146449089050293,0.536899745464325
1789729853600917500,24.28891748046875,1.3952209949493408,9.247005462646484,0.48901569843292236
1789729853610854700,24.298854736328124,0.899621307849884,9.316437721252441,0.4985924959182739
1789729853620791600,24.30879150390625,0.34356793761253357,9.27334213256836,0.32381579279899597
1789729853630728400,24.318728515625,-0.02753331884741783,9.390657424926758,0.09876082092523575
1789729853640665600,24.32866552734375,-0.11372458189725876,9.450512886047363,0.050876785069704056
1789729853650603300,24.338603271484374,-0.02753331884741783,9.407417297363281,0.03651157766580582
1789729853660540400,24.34854052734375,0.4231751561164856,9.409811019897461,0.060453593730926514
1789729853670477300,24.358477294921876,1.1150994300842285,9.445724487304688,0.2064998894929886
1789729853680414500,24.36841455078125,1.4766238927841187,9.366715431213379,0.5752069354057312
1789729853690351400,24.378351318359375,1.5538369417190552,9.440936088562012,0.6931213736534119
1789729853700288300,24.388288330078126,1.6879122257232666,9.642647743225098,0.596754789352417
1789729853710225400,24.398225341796874,1.5705963373184204,9.534309387207031,0.7098808288574219
1789729853720162300,24.408162353515625,1.3521254062652588,9.584588050842285,0.767341673374176
1789729853730099200,24.41809912109375,1.2779051065444946,9.829395294189453,0.9038111567497253
1789729853740036000,24.4280361328125,1.301847219467163,10.054450035095215,0.8990227580070496
1789729853749973200,24.43797314453125,1.5029600858688354,10.301053047180176,0.9349357485771179
1789729853759910100,24.44791015625,1.599326729774475,10.461463928222656,0.9469067454338074
1789729853769847000,24.457846923828125,1.7549498081207275,10.468647003173828,0.9445125460624695
1789729853779784200,24.4677841796875,2.0183119773864746,10.351330757141113,1.013944387435913
1789729853789721000,24.47772119140625,2.276885747909546,10.135852813720703,1.0857704877853394
1789729853799658000,24.487657958984375,2.425326347351074,9.973047256469727,1.1264718770980835
1789729853809595100,24.49759521484375,2.609679937362671,9.759963035583496,0.99479079246521
1789729853819532000,24.507531982421874,2.8640637397766113,9.531915664672852,0.6859387755393982
1789729853829469000,24.517468994140625,3.0148985385894775,9.321226119995117,0.4411316514015198
1789729853839406000,24.527406005859376,2.8832173347473145,9.081805229187012,0.23044191300868988
1789729853849343000,24.537343017578124,2.3535003662109375,9.120112419128418,0.06763619929552078
1789729853859280000,24.54727978515625,1.6735470294952393,9.347561836242676,-0.0065840547904372215
1789729853869217000,24.557217041015626,0.9977835416793823,9.736021041870117,0.1322796493768692
1789729853879154000,24.56715380859375,0.32202014327049255,10.133459091186523,0.3405751883983612
1789729853889090800,24.5770908203125,-0.48482584953308105,10.394426345825195,0.49140989780426025
1789729853899028000,24.587028076171876,-0.5207388401031494,10.705673217773438,0.3214215636253357
1789729853908964900,24.59696484375,-0.12090718746185303,10.667366027832031,0.5560533404350281
1789729853918901800,24.60690185546875,0.6625953316688538,10.521319389343262,0.8319851160049438
1789729853928839000,24.6168388671875,1.7070658206939697,10.229227066040039,1.0115501880645752
1789729853938775800,24.62677587890625,2.628833532333374,9.865307807922363,1.1001356840133667
1789729853948713700,24.636713623046877,3.20404052734375,9.531915664672852,1.1480196714401245
1789729853958650600,24.646650634765624,3.4075474739074707,9.294889450073242,1.0857704877853394
1789729853968587800,24.656587890625,3.3692402839660645,9.148842811584473,1.0235211849212646
1789729853978524700,24.666524658203127,3.24953031539917,9.19433307647705,0.9804255962371826
1789729853988461600,24.676461669921874,3.002927541732788,9.3643217086792,0.9038111567497253
1789729853998398700,24.686398681640625,2.6216509342193604,9.640253067016602,0.93254154920578
1789729854008335600,24.696335693359377,2.212242364883423,9.9586820602417,1.0402805805206299
1789729854018272500,24.7062724609375,1.9800047874450684,10.2747163772583,1.114500880241394
1789729854028209700,24.716209716796875,1.8818424940109253,10.571598052978516,1.0977414846420288
1789729854038146600,24.726146484375,1.8387469053268433,10.713454246520996,1.035492181777954
1789729854048083500,24.73608349609375,1.965639591217041,10.681731224060059,0.9780313968658447
1789729854058020600,24.7460205078125,2.3127987384796143,10.530896186828613,0.9133879542350769
1789729854067957500,24.75595751953125,2.718017578125,10.279504776000977,0.8702923059463501
1789729854077894400,24.765894287109376,3.117849111557007,9.949105262756348,0.8798691034317017
1789729854087831600,24.77583154296875,3.5679590702056885,9.647436141967773,0.8918401598930359
1789729854097768400,24.7857685546875,3.951629877090454,9.330802917480469,0.9277531504631042
1789729854107705300,24.795705322265626,4.10246467590332,9.148842811584473,0.973242998123169
1789729854117642200,24.805642333984373,3.954024076461792,9.12968921661377,0.9923965930938721
1789729854127579400,24.815579345703124,3.7451300621032715,9.165602684020996,0.9636662006378174
1789729854137516300,24.825516357421876,3.4578258991241455,9.213486671447754,0.9349357485771179
1789729854147453200,24.835453125,3.1226375102996826,9.244611740112305,0.9133879542350769
1789729854157390300,24.845390380859374,2.7898435592651367,9.261370658874512,0.8559271097183228
1789729854167327500,24.855327392578126,2.492363929748535,9.268553733825684,0.7625532150268555
1789729854177265000,24.865264892578125,2.3582887649536133,9.369110107421875,0.6763619780540466
1789729854187202000,24.8752021484375,2.43011474609375,9.457695007324219,0.6404489278793335
1789729854197140200,24.88514013671875,2.648585557937622,9.474454879760742,0.6356605291366577
1789729854207075000,24.895074951171875,2.8640637397766113,9.381080627441406,0.6189011335372925
1789729854217010000,24.905010009765626,3.177704095840454,9.223063468933105,0.5392939448356628
1789729854226945500,24.914945556640625,3.443460702896118,9.053074836730957,0.47465047240257263
1789729854236882000,24.9248818359375,3.5176808834075928,8.871115684509277,0.46746787428855896
1789729854246819000,24.934819091796875,3.4147300720214844,8.784924507141113,0.517746090888977
1789729854256757000,24.944757080078126,3.1010897159576416,8.782530784606934,0.6141127347946167
1789729854266695200,24.954695068359374,2.6360161304473877,8.998008728027344,0.5680243372917175
1789729854276633900,24.9646337890625,2.1380221843719482,9.191938400268555,0.5680243372917175
1789729854286572300,24.974572265625,1.800439715385437,9.321226119995117,0.6308721303939819
1789729854296509200,24.98450927734375,1.5077484846115112,9.515155792236328,0.6189011335372925
1789729854306446600,24.994446533203124,1.2874820232391357,9.712079048156738,0.579995334148407
1789729854316383000,25.004383056640624,1.227626919746399,9.759963035583496,0.6332663297653198
1789729854326319400,25.0143193359375,1.390432596206665,9.75278091430664,0.7122750282287598
1789729854336256000,25.024256103515626,1.680729627609253,9.68813705444336,0.7912836670875549
1789729854346192600,25.034192626953125,1.9560627937316895,9.55825138092041,0.8535329103469849
1789729854356129500,25.044129638671876,2.252943754196167,9.448118209838867,0.8990227580070496
1789729854366067200,25.054067138671876,2.5929205417633057,9.366715431213379,0.9301473498344421
1789729854376004900,25.0640048828125,2.8616695404052734,9.326014518737793,0.9038111567497253
1789729854385942500,25.073942626953126,2.9909565448760986,9.333196640014648,0.8583213090896606
1789729854395879400,25.08387939453125,3.158550500869751,9.402628898620605,0.8678981065750122
1789729854405815300,25.093815185546877,3.376422882080078,9.460089683532715,0.910993754863739
1789729854415751400,25.10375146484375,3.642179250717163,9.59476375579834,0.8535329103469849
1789729854425687800,25.113687744140623,3.891774892807007,9.781511306762695,0.7721300721168518
1789729854435624700,25.123624755859375,4.135983467102051,9.87967300415039,0.707486629486084
1789729854445561900,25.133561767578126,4.461595058441162,9.93474006652832,0.5943605899810791
1789729854455499300,25.143499267578125,4.875791549682617,9.944316864013672,0.5776011347770691
1789729854465437200,25.153437255859377,5.154117584228516,9.889249801635742,0.5752069354057312
1789729854475374800,25.163374755859376,5.22833776473999,9.906009674072266,0.5871779918670654
1789729854485312500,25.1733125,5.211578369140625,9.949105262756348,0.6356605291366577
1789729854495249700,25.183249755859375,5.075109004974365,10.011354446411133,0.767341673374176
1789729854505186600,25.1931865234375,4.808753967285156,10.166977882385254,0.9469067454338074
1789729854515123200,25.203123291015626,4.387374401092529,10.29865837097168,1.116895079612732
1789729854525059800,25.213059814453125,4.013879299163818,10.33217716217041,1.1863269805908203
1789729854534996500,25.22299658203125,3.908534288406372,10.257957458496094,1.215057373046875
1789729854544933600,25.23293359375,3.848679304122925,10.044873237609863,1.212663173675537
1789729854554871000,25.24287109375,3.9875428676605225,9.795876502990723,1.1240776777267456
1789729854564810000,25.25281005859375,4.303577423095703,9.40023422241211,1.1528080701828003
1789729854574744600,25.26274462890625,4.545392036437988,9.00279712677002,1.114500880241394
1789729854584679400,25.272679443359376,4.598064422607422,8.883087158203125,0.9828197956085205
1789729854594615000,25.282614990234375,4.341884613037109,8.873510360717773,0.9301473498344421
1789729854604551400,25.292551513671874,3.913322687149048,8.923788070678711,0.9564836025238037
1789729854614488800,25.30248876953125,3.4530375003814697,9.019556045532227,0.9373299479484558
1789729854624426800,25.3124267578125,3.005321741104126,9.134477615356445,0.910993754863739
1789729854634365200,25.322365234375,2.5306711196899414,9.206304550170898,0.8487445116043091
1789729854644304000,25.332303955078125,2.1595699787139893,9.266159057617188,0.7793126702308655
1789729854654242000,25.342241943359376,1.7621324062347412,9.275735855102539,0.7338228225708008
1789729854664179000,25.352178955078124,1.3425486087799072,9.247005462646484,0.6356605291366577
1789729854674115800,25.36211572265625,0.9331400990486145,9.294889450073242,0.579995334148407
1789729854684053000,25.372052978515626,0.7320271730422974,9.302072525024414,0.6667851805686951
1789729854693990100,25.381990234375,0.7799112200737,9.27334213256836,0.8391677141189575
1789729854703926300,25.39192626953125,1.0360907316207886,9.182361602783203,1.016338586807251
1789729854713862400,25.4018623046875,1.4287399053573608,9.07222843170166,1.0690110921859741
1789729854723799000,25.411799072265627,1.7549498081207275,9.043498039245605,1.049857497215271
1789729854733735700,25.421735595703126,1.86508309841156,9.144054412841797,0.9876081943511963
1789729854743672600,25.431672607421874,1.680729627609253,9.302072525024414,0.9373299479484558
1789729854753609700,25.441609619140625,1.3880383968353271,9.476848602294922,0.9397241473197937
1789729854763547100,25.451547119140624,1.2180501222610474,9.59476375579834,0.9516952037811279
1789729854773485600,25.461485595703124,1.3880383968353271,9.548674583435059,0.9157821536064148
1789729854783423200,25.47142333984375,1.7693150043487549,9.337985038757324,0.8176198601722717
1789729854793360400,25.4813603515625,2.1284453868865967,9.110535621643066,0.628477931022644
1789729854803296300,25.491296142578125,2.296039342880249,8.923788070678711,0.4076128304004669
1789729854813232400,25.501232421875,2.341529369354248,8.780136108398438,0.28072014451026917
1789729854823168800,25.511168701171876,2.319981336593628,8.701127052307129,0.2974795699119568
1789729854833105400,25.52110546875,2.315192937850952,8.703521728515625,0.3190273642539978
1789729854843042800,25.531042724609375,2.142810583114624,8.777742385864258,0.3477577865123749
1789729854852981000,25.54098095703125,1.7980455160140991,8.950124740600586,0.26156654953956604
1789729854862919400,25.55091943359375,1.301847219467163,9.237428665161133,0.14664486050605774
1789729854872856600,25.560856689453125,0.619499683380127,9.48882007598877,0.048482585698366165
1789729854882793500,25.57079345703125,0.02274491637945175,9.75517463684082,-0.10235211998224258
1789729854892730400,25.58073046875,-0.3387795388698578,9.862914085388184,-0.14784196019172668
1789729854902667500,25.59066748046875,-0.4345476031303406,9.7791166305542,-0.11911153793334961
1789729854912604400,25.6006044921875,-0.44173020124435425,9.728838920593262,-0.14065934717655182
1789729854922541300,25.610541259765625,-0.48482584953308105,9.642647743225098,-0.31783026456832886
1789729854932478500,25.620478515625,-0.5829881429672241,9.505578994750977,-0.5021837949752808
1789729854942415600,25.63041552734375,-0.7146692276000977,9.507973670959473,-0.6584054827690125
1789729854952352800,25.640352783203124,-0.669179379940033,9.793481826782227,-0.5961562395095825
1789729854962289700,25.65028955078125,0.06584054976701736,10.119093894958496,-0.2555810213088989
1789729854972226600,25.6602265625,1.1198878288269043,10.291476249694824,0.39564183354377747
1789729854982163700,25.670163818359374,1.9488801956176758,10.370484352111816,0.7457938194274902
1789729854992100600,25.6801005859375,2.4827871322631836,10.54526138305664,0.7697358727455139
1789729855002037500,25.69003759765625,2.47560453414917,10.418368339538574,0.7266402244567871
1789729855011974700,25.699974609375,2.183511972427368,10.267534255981445,0.7386112213134766
1789729855021911600,25.70991162109375,1.8195933103561401,10.23880386352539,0.7457938194274902
1789729855031849000,25.719848876953126,1.2922704219818115,10.281899452209473,0.7242460250854492
1789729855041785900,25.729785888671874,0.5716156363487244,10.509347915649414,0.7553706169128418
1789729855051723000,25.739722900390625,-0.02992752194404602,10.849923133850098,0.829590916633606
1789729855061660000,25.749659912109376,-0.4465186297893524,11.101314544677734,0.889445960521698
1789729855071596800,25.7595966796875,-0.6548141837120056,11.31918716430664,0.8750807046890259
1789729855081535000,25.769534912109375,-0.606930136680603,11.391013145446777,0.9253589510917664
1789729855091470300,25.77947021484375,-0.3387795388698578,11.125256538391113,0.9564836025238037
1789729855101405700,25.78940576171875,0.14006079733371735,10.590751647949219,0.8559271097183228
1789729855111342600,25.799342529296876,0.5237316489219666,9.999382972717285,0.6643909811973572
1789729855121279700,25.80927978515625,0.641047477722168,9.43135929107666,0.46507367491722107
1789729855131217400,25.819217529296875,0.6530185341835022,9.043498039245605,0.2735375463962555
1789729855141155600,25.829155517578126,0.6769605278968811,8.839991569519043,0.23283611238002777
1789729855151094000,25.839093994140626,0.48063600063323975,8.744223594665527,0.314238965511322
1789729855161029600,25.849029541015625,0.15442600846290588,8.772953987121582,0.3669114112854004
1789729855170966000,25.858966064453124,-0.2214636504650116,8.907029151916504,0.42437225580215454
1789729855180903000,25.86890283203125,-0.5997475385665894,9.167996406555176,0.4578910768032074
1789729855190839800,25.87883984375,-0.7942764163017273,9.52473258972168,0.4602852761745453
1789729855200777000,25.88877685546875,-0.8134300112724304,9.884461402893066,0.5464765429496765
1789729855210714000,25.898714111328125,-0.7122750282287598,10.052056312561035,0.6955155730247498
1789729855220651500,25.908651611328125,-0.42018240690231323,10.068815231323242,0.7553706169128418
1789729855230588700,25.918588623046876,0.02753331884741783,9.999382972717285,0.7410054206848145
1789729855240526000,25.928526123046876,0.43993455171585083,9.865307807922363,0.7697358727455139
1789729855250463200,25.938463134765627,0.6865373253822327,9.676166534423828,0.7817068696022034
1789729855260400600,25.948400634765626,0.7942764163017273,9.55585765838623,0.7793126702308655
1789729855270337500,25.958337646484374,0.6913257241249084,9.584588050842285,0.872686505317688
1789729855280274700,25.968274658203125,0.49978959560394287,9.704896926879883,0.973242998123169
1789729855290211300,25.97821142578125,0.39384618401527405,9.865307807922363,1.0905588865280151
1789729855300148200,25.988148193359375,0.25498247146606445,10.023324966430664,1.2270283699035645
1789729855310085000,25.998085205078127,0.08499415963888168,10.087968826293945,1.3419500589370728
1789729855320022500,26.0080224609375,0.17836803197860718,10.08318042755127,1.502361536026001
1789729855329960000,26.0179599609375,0.7104793787002563,9.941922187805176,1.5622166395187378
1789729855339896800,26.027896728515625,1.4024035930633545,9.683348655700684,1.6268600225448608
1789729855349833700,26.037833740234376,1.9752163887023926,9.333196640014648,1.6723499298095703
1789729855359770600,26.0477705078125,2.298433542251587,8.971672058105469,1.6891093254089355
1789729855369707800,26.057707763671875,2.4205379486083984,8.758588790893555,1.646013617515564
1789729855379644700,26.067644775390626,2.3989901542663574,8.634089469909668,1.5837644338607788
1789729855389581600,26.07758154296875,2.387019157409668,8.684368133544922,1.5502456426620483
1789729855399519700,26.087519775390625,2.4636335372924805,8.851962089538574,1.4472949504852295
1789729855409455000,26.097455078125,2.3918075561523438,9.024344444274902,1.3563152551651
1789729855419390700,26.107390625,2.2026655673980713,9.196727752685547,1.2629413604736328
1789729855429326600,26.11732666015625,2.126051187515259,9.369110107421875,1.1839327812194824
1789729855439263000,26.127262939453125,2.0685901641845703,9.448118209838867,1.1408370733261108
1789729855449199900,26.137199951171876,2.0805611610412598,9.405022621154785,1.0833762884140015
1789729855459137500,26.147137451171876,2.3104045391082764,9.287707328796387,1.0283095836639404
1789729855469075500,26.157075439453124,2.758718967437744,9.067440032958984,1.0187327861785889
1789729855479014000,26.167013916015627,3.201646327972412,8.804078102111816,1.016338586807251
1789729855488952000,26.1769521484375,3.493738889694214,8.567051887512207,0.9876081943511963
1789729855498890000,26.186889892578126,3.4769794940948486,8.439560890197754,0.9277531504631042
1789729855508825900,26.196825927734373,3.20404052734375,8.488043785095215,0.8846575021743774
1789729855518761700,26.20676171875,2.765901565551758,8.67718505859375,0.8774749040603638
1789729855528697900,26.21669775390625,2.387019157409668,8.928576469421387,0.8200140595436096
1789729855538634500,26.226634521484375,2.1092917919158936,9.139266014099121,0.7122750282287598
1789729855548571600,26.236571533203126,1.821987509727478,9.3427734375,0.645237386226654
1789729855558509600,26.246509521484374,1.6735470294952393,9.448118209838867,0.6165069341659546
1789729855568447700,26.25644775390625,1.8555063009262085,9.357138633728027,0.5321113467216492
1789729855578385700,26.2663857421875,2.2912509441375732,9.201516151428223,0.5512649416923523
1789729855588322600,26.276322509765624,2.741959571838379,9.01476764678955,0.536899745464325
1789729855598259700,26.286259765625,3.0986955165863037,8.883087158203125,0.41958385705947876
1789729855608196600,26.296196533203126,3.2184057235717773,8.875904083251953,0.2783259451389313
1789729855618133500,26.306133544921874,3.0555999279022217,8.964489936828613,0.2041056901216507
1789729855628070700,26.316070556640625,2.7682957649230957,9.141660690307617,0.16819266974925995
1789729855638007600,26.326007568359376,2.499546527862549,9.385869026184082,0.1777694821357727
1789729855647944400,26.3359443359375,2.33913516998291,9.66419506072998,0.2256535142660141
1789729855657881600,26.345881591796875,2.2888567447662354,9.944316864013672,0.30226796865463257
1789729855667818500,26.355818603515626,2.346317768096924,10.188525199890137,0.33099839091300964
1789729855677755400,26.36575537109375,2.449268341064453,10.339360237121582,0.35015198588371277
1789729855687692300,26.3756923828125,2.65097975730896,10.406397819519043,0.40521863102912903
1789729855697629400,26.38562939453125,2.9239187240600586,10.42076301574707,0.4507084786891937
1789729855707566300,26.39556640625,3.1848866939544678,10.413579940795898,0.5105634927749634
1789729855717503200,26.405503173828127,3.354875087738037,10.408791542053223,0.606930136680603
1789729855727440400,26.4154404296875,3.4530375003814697,10.437521934509277,0.7266402244567871
1789729855737377300,26.425377197265625,3.4171242713928223,10.48061752319336,0.872686505317688
1789729855747314200,26.435314208984376,3.09151291847229,10.530896186828613,0.9684545993804932
1789729855757251300,26.445251220703124,2.689286947250366,10.590751647949219,1.0019733905792236
1789729855767188200,26.455188232421875,2.4588451385498047,10.629058837890625,1.0402805805206299
1789729855777125000,26.465125,2.4157495498657227,10.60032844543457,1.1480196714401245
1789729855787062300,26.475062255859374,2.583343744277954,10.425551414489746,1.1887211799621582
1789729855796999200,26.484999267578125,2.943072557449341,10.095151901245117,1.193509578704834
1789729855806936300,26.494936279296876,3.2615013122558594,9.673771858215332,1.1671733856201172
1789729855816873200,26.504873291015624,3.4626142978668213,9.359533309936523,1.0402805805206299
1789729855826810400,26.514810302734375,3.5416228771209717,9.136872291564941,0.9062053561210632
1789729855836747500,26.52474755859375,3.3955764770507812,8.966883659362793,0.8248024582862854
1789729855846684700,26.5346845703125,3.005321741104126,8.87829875946045,0.7553706169128418
1789729855856621600,26.54462158203125,2.561795711517334,8.868721961975098,0.7122750282287598
1789729855866558700,26.554558837890625,2.190694570541382,8.85675048828125,0.7457938194274902
1789729855876496000,26.564495849609376,2.006340980529785,8.76337718963623,0.7625532150268555
1789729855886432800,26.574432861328123,1.946485996246338,8.638877868652344,0.7026981711387634
1789729855896370000,26.584369873046874,1.8722656965255737,8.538321495056152,0.6619967818260193
1789729855906307000,26.59430712890625,1.7477672100067139,8.545504570007324,0.5847837924957275
1789729855916244200,26.604244140625,1.5514427423477173,8.634089469909668,0.558447539806366
1789729855926181000,26.61418115234375,1.3736732006072998,8.775347709655762,0.5871779918670654
1789729855936118300,26.6241181640625,1.392826795578003,8.923788070678711,0.6404489278793335
1789729855946055400,26.634055419921875,1.5418659448623657,9.041104316711426,0.6667851805686951
1789729855955992600,26.64399267578125,1.699883222579956,9.115324020385742,0.6015431880950928
1789729855965929500,26.653929443359374,1.7405846118927002,9.227851867675781,0.5153518915176392
1789729855975866600,26.66386669921875,1.6927006244659424,9.30925464630127,0.4602852761745453
1789729855985803800,26.6738037109375,1.6280571222305298,9.469666481018066,0.414795458316803
1789729855995741000,26.683740966796876,1.5658079385757446,9.690531730651855,0.41958385705947876
1789729856005677800,26.693677734375,1.6687586307525635,10.018536567687988,0.3860650360584259
1789729856015615000,26.703614990234374,1.867477297782898,10.36569595336914,0.3932476341724396
1789729856025552100,26.71355224609375,2.049436569213867,10.643424034118652,0.44592007994651794
1789729856035489000,26.723489013671873,2.1356279850006104,10.809222221374512,0.5608417391777039
1789729856045426200,26.73342626953125,2.2002713680267334,10.89301872253418,0.8966285586357117
1789729856055363300,26.74336328125,2.22660756111145,10.842741012573242,1.2844891548156738
1789729856065300500,26.753300537109375,2.1978771686553955,10.669759750366211,1.6651673316955566
1789729856075237400,26.7632373046875,2.1954829692840576,10.413579940795898,1.9410990476608276
1789729856085174500,26.773174560546874,2.188300371170044,10.193313598632812,2.0679917335510254
1789729856095111700,26.783111572265625,2.032677173614502,9.989806175231934,2.1326351165771484
1789729856105048800,26.793048828125,1.7166426181793213,9.736021041870117,2.161365509033203
1789729856114985700,26.80298583984375,1.3090298175811768,9.512762069702148,2.0632033348083496
1789729856124922600,26.812922607421875,0.8206126093864441,9.378686904907227,1.8860323429107666
1789729856134859800,26.82285986328125,0.32680854201316833,9.366715431213379,1.703474521636963
1789729856144796700,26.832796630859374,-0.06584054976701736,9.388263702392578,1.5047557353973389
1789729856154733600,26.842733642578125,-0.32441434264183044,9.484031677246094,1.2437877655029297
1789729856164670700,26.852670654296876,-0.3124433159828186,9.570222854614258,1.013944387435913
1789729856174607600,26.862607666015624,-0.09935937076807022,9.586981773376465,0.9445125460624695
1789729856184544500,26.87254443359375,0.3315969407558441,9.507973670959473,0.9133879542350769
1789729856194481400,26.8824814453125,0.899621307849884,9.337985038757324,0.8415619134902954
1789729856204418600,26.89241845703125,1.4335283041000366,9.153631210327148,0.7864952683448792
1789729856214355500,26.90235546875,1.802833914756775,8.98124885559082,0.7769184708595276
1789729856224292400,26.912292236328124,2.013523578643799,8.883087158203125,0.9038111567497253
1789729856234229500,26.9222294921875,2.0470423698425293,8.861538887023926,1.0594342947006226
1789729856244166400,26.93216650390625,1.8962076902389526,8.962095260620117,1.1743559837341309
1789729856254103300,26.942103271484374,1.5418659448623657,9.122507095336914,1.258152961730957
1789729856264041200,26.952041259765625,1.2084733247756958,9.302072525024414,1.2629413604736328
1789729856273978400,26.961978271484377,1.0073603391647339,9.409811019897461,1.1863269805908203
1789729856283915500,26.97191552734375,0.7631517648696899,9.48882007598877,1.0881646871566772
1789729856293852400,26.981852294921875,0.5452794432640076,9.531915664672852,0.8990227580070496
1789729856303789300,26.991789306640626,0.5093663930892944,9.462483406066895,0.6572083830833435
1789729856313726500,27.0017265625,0.7751228213310242,9.316437721252441,0.4531026780605316
1789729856323663600,27.01166357421875,1.148618221282959,9.139266014099121,0.2783259451389313
1789729856333600500,27.0216005859375,1.5298948287963867,8.962095260620117,0.07481880486011505
1789729856343538000,27.031537841796876,1.7956513166427612,8.839991569519043,-0.08798690885305405
1789729856353474800,27.041474853515624,1.8267759084701538,8.804078102111816,-0.17896658182144165
1789729856363411700,27.05141162109375,1.7070658206939697,8.880692481994629,-0.17896658182144165
1789729856373348900,27.061348876953126,1.5298948287963867,9.10574722290039,-0.07122749835252762
1789729856383285800,27.07128564453125,1.3880383968353271,9.440936088562012,0.12988543510437012
1789729856393222700,27.08122265625,1.3808557987213135,9.716867446899414,0.38127660751342773
1789729856403159800,27.091159912109376,1.6065093278884888,9.858125686645508,0.536899745464325
1789729856413096700,27.1010966796875,2.0015525817871094,9.838972091674805,0.579995334148407
1789729856423034000,27.1110341796875,2.3702597618103027,9.709685325622559,0.5416881442070007
1789729856432971300,27.12097119140625,2.7252001762390137,9.577404975891113,0.39803603291511536
1789729856442908400,27.130908447265625,2.935889720916748,9.445724487304688,0.2495955228805542
1789729856452845300,27.14084521484375,2.9287071228027344,9.407417297363281,0.12509703636169434
1789729856462782200,27.1507822265625,2.844910144805908,9.507973670959473,0.07481880486011505
1789729856472719400,27.16071923828125,2.7970261573791504,9.671378135681152,0.08439560979604721
1789729856482656500,27.170656494140626,2.7012581825256348,9.781511306762695,0.09397241473197937
1789729856492593400,27.180593505859374,2.5450363159179688,9.838972091674805,0.0628477931022644
1789729856502530600,27.190530517578125,2.3798365592956543,9.81024169921875,-0.020949264988303185
1789729856512467500,27.200467529296876,2.2361843585968018,9.75517463684082,-0.13826514780521393
1789729856522404600,27.210404541015624,2.0805611610412598,9.68574333190918,-0.27234044671058655
1789729856532341500,27.220341552734375,1.920149803161621,9.65222454071045,-0.4207809567451477
1789729856542278100,27.230278076171874,1.7525556087493896,9.637859344482422,-0.5291185975074768
1789729856552215000,27.240215087890626,1.5897499322891235,9.678560256958008,-0.5817909836769104
1789729856562153000,27.250153076171873,1.5005658864974976,9.786299705505371,-0.5985504388809204
1789729856572089900,27.26008984375,1.5753847360610962,9.836577415466309,-0.569819986820221
1789729856582027000,27.270027099609376,1.7357962131500244,9.973047256469727,-0.38965633511543274
1789729856591964000,27.2799638671875,1.9393033981323242,10.133459091186523,-0.14784196019172668
1789729856601900800,27.28990087890625,2.1787235736846924,10.099940299987793,-0.0736217051744461
1789729856611838000,27.299837890625,2.3989901542663574,9.886856079101562,-0.13826514780521393
1789729856621774800,27.30977490234375,2.6144683361053467,9.647436141967773,-0.24121582508087158
1789729856631711700,27.319711669921876,2.871246337890625,9.37389850616455,-0.3058592677116394
1789729856641649000,27.32964892578125,3.029263734817505,9.225458145141602,-0.3010708689689636
1789729856651585800,27.339585693359375,3.139396905899048,9.235034942626953,-0.24121582508087158
1789729856661522700,27.349522705078126,3.268683910369873,9.390657424926758,-0.08559270948171616
1789729856671459600,27.35945947265625,3.316567897796631,9.637859344482422,0.10833762586116791
1789729856681396700,27.369396728515625,3.247136116027832,9.913191795349121,0.345363587141037
1789729856691333600,27.379333740234376,2.978985548019409,10.030508041381836,0.32860419154167175
1789729856701270500,27.3892705078125,2.6437971591949463,10.064026832580566,0.2759317457675934
1789729856711207700,27.399207763671875,2.4420857429504395,10.001777648925781,0.2950853705406189
1789729856721144600,27.40914453125,2.3295583724975586,9.86770248413086,0.4100070297718048
1789729856731081500,27.41908154296875,2.3535003662109375,9.712079048156738,0.5536591410636902
1789729856741018600,27.4290185546875,2.456450939178467,9.565434455871582,0.7912836670875549
1789729856750955800,27.438955810546876,2.5282769203186035,9.462483406066895,1.0977414846420288
1789729856760893000,27.448892822265623,2.6001031398773193,9.3643217086792,1.3419500589370728
1789729856770829800,27.458829833984375,2.65097975730896,9.27334213256836,1.521515130996704
1789729856780767000,27.46876708984375,2.6629507541656494,9.151237487792969,1.6148890256881714
1789729856790704000,27.4787041015625,2.604891538619995,9.07222843170166,1.6412252187728882
1789729856800641300,27.488641357421876,2.5115175247192383,9.062651634216309,1.5861586332321167
1789729856810578200,27.498578125,2.360682964324951,9.100958824157715,1.502361536026001
1789729856820515300,27.508515380859375,2.2457611560821533,9.187150001525879,1.3898340463638306
1789729856830452500,27.518452392578126,2.164358377456665,9.297284126281738,1.2533645629882812
1789729856840389400,27.528389404296874,2.0685901641845703,9.414599418640137,1.136048674583435
1789729856850326500,27.538326416015625,1.8962076902389526,9.519944190979004,1.0857704877853394
1789729856860263700,27.548263671875,1.845929503440857,9.567828178405762,0.9828197956085205
1789729856870200800,27.558200927734376,2.1068975925445557,9.479243278503418,0.9469067454338074
1789729856880137700,27.5681376953125,2.5498247146606445,9.321226119995117,0.9493009448051453
1789729856890075000,27.578074951171875,3.0196869373321533,9.1847562789917,0.9349357485771179
1789729856900012000,27.588011962890626,3.362057685852051,9.021950721740723,0.9277531504631042
1789729856909949200,27.59794921875,3.5919010639190674,8.863933563232422,0.889445960521698
1789729856919886000,27.607885986328125,3.7235822677612305,8.760982513427734,0.8535329103469849
1789729856929823200,27.6178232421875,3.6373908519744873,8.79928970336914,0.8966285586357117
1789729856939760400,27.627760498046875,3.2423477172851562,8.935759544372559,0.9493009448051453
1789729856949697500,27.637697509765626,2.6773159503936768,9.146449089050293,0.9397241473197937
1789729856959634400,27.647634521484374,2.0853497982025146,9.426570892333984,0.8942343592643738
1789729856969571600,27.657571533203125,1.5538369417190552,9.709685325622559,0.8559271097183228
1789729856979508700,27.6675087890625,1.103128433227539,9.963470458984375,0.7984662652015686
1789729856989445600,27.677445556640624,0.8445546627044678,10.159794807434082,0.7793126702308655
1789729856999382800,27.6873828125,0.8158242106437683,10.279504776000977,0.7553706169128418
1789729857009320000,27.69731982421875,0.9786299467086792,10.315418243408203,0.7170634269714355
1789729857019257000,27.707257080078126,1.2755109071731567,10.190919876098633,0.6476315855979919
1789729857029194000,27.717194091796873,1.5849615335464478,10.02811336517334,0.5704185366630554
1789729857039131100,27.727131103515624,1.8914192914962769,9.86770248413086,0.5081692934036255
1789729857049068300,27.737068359375,2.2026655673980713,9.771934509277344,0.46986207365989685
1789729857059006000,27.747005859375,2.367865562438965,9.728838920593262,0.4842272996902466
1789729857068942800,27.75694287109375,2.319981336593628,9.616311073303223,0.5536591410636902
1789729857078879500,27.76687939453125,2.3127987384796143,9.531915664672852,0.6404489278793335
1789729857088816400,27.77681640625,2.4013843536376953,9.445724487304688,0.7912836670875549
1789729857098753300,27.786753173828124,2.5067291259765625,9.421782493591309,0.9157821536064148
1789729857108690400,27.7966904296875,2.499546527862549,9.512762069702148,1.0307037830352783
1789729857118627300,27.80662744140625,2.209848165512085,9.62828254699707,1.092953085899353
1789729857128564200,27.816564208984374,1.7549498081207275,9.800664901733398,1.095347285270691
1789729857138501400,27.82650146484375,1.3640964031219482,10.032901763916016,1.0330979824066162
1789729857148438300,27.836438232421877,1.0743980407714844,10.322600364685059,0.9756371974945068
1789729857158375200,27.846375244140624,0.882861852645874,10.629058837890625,0.9445125460624695
1789729857168312300,27.856312255859375,0.7846996188163757,10.83555793762207,0.9516952037811279
1789729857178249200,27.866249267578127,0.9475052952766418,10.902595520019531,1.0043675899505615
1789729857188186400,27.876186279296874,1.3952209949493408,10.727819442749023,1.0283095836639404
1789729857198123500,27.88612353515625,1.9105730056762695,10.425551414489746,0.9804255962371826
1789729857208060400,27.896060302734377,2.126051187515259,10.02811336517334,0.812831461429596
1789729857217997800,27.905997802734376,2.013523578643799,9.68813705444336,0.6739677786827087
1789729857227935500,27.915935546875,1.7142484188079834,9.440936088562012,0.5943605899810791
1789729857237873000,27.925872802734375,1.4024035930633545,9.333196640014648,0.6643909811973572
1789729857247809800,27.935809814453126,1.0193313360214233,9.393052101135254,0.8319851160049438
1789729857257747000,27.945746826171874,0.5596446394920349,9.5223388671875,1.0211269855499268
1789729857267683800,27.955683837890625,0.17836803197860718,9.635464668273926,1.1959037780761719
1789729857277621200,27.965621337890624,-0.07302315533161163,9.68574333190918,1.2868833541870117
1789729857287558000,27.975557861328124,-0.19273324310779572,9.75517463684082,1.2533645629882812
1789729857297494500,27.98549462890625,-0.18555063009262085,9.889249801635742,1.2533645629882812
1789729857307431200,27.99543115234375,-0.09935937076807022,9.961075782775879,1.3467384576797485
1789729857317367800,28.005367919921873,0.05626374110579491,9.965864181518555,1.4089876413345337
1789729857327304700,28.0153046875,0.2669534981250763,9.96825885772705,1.3898340463638306
1789729857337242000,28.0252421875,0.4279635548591614,9.982624053955078,1.3922282457351685
1789729857347180000,28.035179931640624,0.5165489912033081,9.961075782775879,1.382651448249817
1789729857357117700,28.04511767578125,0.5692214369773865,9.870096206665039,1.3634978532791138
1789729857367054800,28.055054931640626,0.6338648796081543,9.786299705505371,1.3036428689956665
1789729857376991700,28.06499169921875,0.7200561761856079,9.764751434326172,1.217451572418213
1789729857386928600,28.0749287109375,0.7727286219596863,9.728838920593262,1.1791443824768066
1789729857396865800,28.08486572265625,0.7679402232170105,9.635464668273926,1.169567584991455
1789729857406802700,28.094802734375,0.7894880175590515,9.543886184692383,1.169567584991455
1789729857416739600,28.104739501953127,0.8924387097358704,9.460089683532715,1.1743559837341309
1789729857426676700,28.1146767578125,0.9882067441940308,9.37629222869873,1.1982979774475098
1789729857436613600,28.124613525390625,1.026513934135437,9.314043045043945,1.2270283699035645
1789729857446550500,28.134550537109376,1.0217255353927612,9.294889450073242,1.215057373046875
1789729857456487700,28.14448779296875,0.9977835416793823,9.314043045043945,1.191115379333496
1789729857466424600,28.154424560546875,0.9570821523666382,9.419387817382812,1.2198457717895508
1789729857476361500,28.164361572265626,0.9187749028205872,9.553462982177734,1.2198457717895508
1789729857486298600,28.174298583984374,0.8780734539031982,9.673771858215332,1.1863269805908203
1789729857496235500,28.184235595703125,0.8421604633331299,9.78869342803955,1.0666168928146362
1789729857506172400,28.19417236328125,0.8086416125297546,9.860519409179688,0.9493009448051453
1789729857516109600,28.204109619140624,0.7775170207023621,9.824606895446777,0.8583213090896606
1789729857526046500,28.21404638671875,0.7942764163017273,9.767146110534668,0.7338228225708008
1789729857535983600,28.223983642578126,0.8684966564178467,9.740809440612793,0.6093243360519409
1789729857545920800,28.233920654296874,0.9403226971626282,9.774328231811523,0.5488707423210144
1789729857555858000,28.24385791015625,0.9235633015632629,9.891644477844238,0.5512649416923523
1789729857565794800,28.253794921875,0.7966706156730652,10.02811336517334,0.6093243360519409
1789729857575732000,28.26373193359375,0.7200561761856079,10.109517097473145,0.6763619780540466
1789729857585669000,28.273669189453123,0.7104793787002563,10.111910820007324,0.7122750282287598
1789729857595606300,28.283606201171875,0.7631517648696899,10.042478561401367,0.7984662652015686
1789729857605543200,28.293543212890626,0.8972271084785461,9.927556991577148,0.8583213090896606
1789729857615480300,28.303480224609373,1.1222820281982422,9.798270225524902,0.9253589510917664
1789729857625417500,28.31341748046875,1.1893197298049927,9.738415718078613,0.9564836025238037
1789729857635354600,28.323354736328124,1.1510124206542969,9.793481826782227,0.9493009448051453
1789729857645291500,28.33329150390625,0.899621307849884,9.841365814208984,0.9636662006378174
1789729857655228700,28.343228759765626,0.7032967209815979,9.90361499786377,0.9181763529777527
1789729857665165800,28.353165771484374,0.6434416770935059,9.987412452697754,0.8367735147476196
1789729857675102700,28.363102783203125,0.657806932926178,10.068815231323242,0.7625532150268555
1789729857685039900,28.373039794921876,0.6242880821228027,10.135852813720703,0.7194576263427734
1789729857694977000,28.38297705078125,0.578798234462738,10.193313598632812,0.669179379940033
1789729857704914200,28.3929140625,0.5620388388633728,10.202890396118164,0.5704185366630554
1789729857714851000,28.40285107421875,0.5620388388633728,10.131064414978027,0.5033808946609497
1789729857724788200,28.412788330078126,0.6266822814941406,9.963470458984375,0.41718965768814087
1789729857734725400,28.422725341796873,0.7727286219596863,9.783905029296875,0.28790274262428284
1789729857744662500,28.43266259765625,0.8804676532745361,9.65222454071045,0.14425064623355865
1789729857754599400,28.442599365234376,0.7679402232170105,9.625887870788574,0.046088382601737976
1789729857764536600,28.45253662109375,0.4926069974899292,9.683348655700684,0.03651157766580582
1789729857774473700,28.4624736328125,0.23582886159420013,9.805453300476074,0.09157821536064148
1789729857784410600,28.47241064453125,0.03711012750864029,9.965864181518555,0.1346738487482071
1789729857794347800,28.48234765625,-0.1256955862045288,10.068815231323242,0.1538274586200714
1789729857804285000,28.492284912109376,-0.18315643072128296,10.090363502502441,0.20889410376548767
1789729857814222000,28.50222216796875,-0.04668693244457245,10.049661636352539,0.2232593148946762
1789729857824159000,28.512158935546875,0.13527239859104156,9.956287384033203,0.18495208024978638
1789729857834096000,28.52209619140625,0.23104046285152435,9.915586471557617,0.19692309200763702
1789729857844033800,28.53203369140625,0.18794482946395874,9.906009674072266,0.19692309200763702
1789729857853971200,28.54197119140625,0.12090718746185303,9.913191795349121,0.16101007163524628
1789729857863908400,28.551908447265625,0.04429273307323456,9.946710586547852,0.16101007163524628
1789729857873845200,28.56184521484375,0.04908113554120064,10.037690162658691,0.1346738487482071
1789729857883782400,28.571782470703123,0.16400282084941864,10.14782428741455,0.11312603205442429
1789729857893719600,28.581719482421875,0.1975216418504715,10.229227066040039,0.12270283699035645
1789729857903656400,28.591656494140626,0.152031809091568,10.308235168457031,0.21128830313682556
1789729857913593600,28.601593505859373,0.1472434103488922,10.368090629577637,0.35733461380004883
1789729857923530800,28.61153076171875,0.3387795388698578,10.418368339538574,0.4770447015762329
1789729857933467600,28.621467529296876,0.5979518890380859,10.466252326965332,0.6015431880950928
1789729857943404500,28.631404541015623,0.8445546627044678,10.380061149597168,0.7960720658302307
1789729857953341400,28.641341552734374,1.0456676483154297,10.181343078613281,1.0283095836639404
1789729857963278000,28.651278076171874,1.246780514717102,9.910798072814941,1.236605167388916
1789729857973215000,28.661215087890625,1.4359225034713745,9.668983459472656,1.437718152999878
1789729857983151900,28.67115185546875,1.5705963373184204,9.440936088562012,1.6077064275741577
1789729857993089000,28.681089111328124,1.6615760326385498,9.201516151428223,1.732803463935852
1789729858003027200,28.691027099609375,1.6376339197158813,9.019556045532227,1.787870168685913
1789729858012964400,28.70096435546875,1.426345705986023,9.000402450561523,1.7639280557632446
1789729858022901500,28.710901611328126,1.0911574363708496,9.06983470916748,1.7154455184936523
1789729858032838700,28.720838623046873,0.71766197681427,9.153631210327148,1.646013617515564
1789729858042775600,28.730775634765624,0.3627215623855591,9.206304550170898,1.5191209316253662
1789729858052712700,28.740712646484376,0.1735796183347702,9.261370658874512,1.3204022645950317
1789729858062649900,28.75064990234375,0.13527239859104156,9.294889450073242,1.0666168928146362
1789729858072586500,28.76058642578125,0.09696517139673233,9.254188537597656,0.8152256608009338
1789729858082523100,28.770523193359374,0.152031809091568,9.239823341369629,0.5608417391777039
1789729858092459800,28.780459716796877,0.25258827209472656,9.28531265258789,0.3190273642539978
1789729858102397200,28.790397216796876,0.2454056739807129,9.330802917480469,0.21607670187950134
1789729858112334800,28.8003349609375,0.20470423996448517,9.321226119995117,0.21368250250816345
1789729858122272300,28.810272216796875,0.25498247146606445,9.359533309936523,0.14664486050605774
1789729858132209400,28.82020947265625,0.4231751561164856,9.21588134765625,0.2017114907503128
1789729858142146300,28.830146240234374,0.5859808921813965,9.122507095336914,0.24001872539520264
1789729858152082200,28.840082275390625,0.9570821523666382,8.916605949401855,0.345363587141037
1789729858162018300,28.850018310546876,1.0576386451721191,8.749011993408203,0.42676645517349243
1789729858171954700,28.85995458984375,0.739209771156311,8.885480880737305,0.4507084786891937
1789729858181891300,28.869891357421874,0.16400282084941864,9.177573204040527,0.6428431272506714
1789729858191828500,28.879828369140625,-0.424970805644989,9.498396873474121,0.8870517015457153
1789729858201766100,28.88976611328125,-0.9594763517379761,9.841365814208984,1.0283095836639404
1789729858211704000,28.8997041015625,-1.3521254062652588,10.190919876098633,1.1049240827560425
1789729858221642000,28.90964208984375,-1.4024035930633545,10.427945137023926,1.1288660764694214
1789729858231580200,28.919580078125,-1.0313023328781128,10.60032844543457,1.1647791862487793
1789729858241517300,28.929517333984375,-0.5063736438751221,10.612298965454102,1.236605167388916
1789729858251454200,28.9394541015625,0.35075053572654724,10.583568572998047,1.3084312677383423
1789729858261391400,28.949391357421874,1.53707754611969,10.47822380065918,1.380257248878479
1789729858271328500,28.95932861328125,2.470816135406494,10.140641212463379,1.3299790620803833
1789729858281265400,28.969265380859376,2.986168146133423,9.853337287902832,1.215057373046875
1789729858291202300,28.979202392578124,3.1848866939544678,9.678560256958008,1.0426748991012573
1789729858301139500,28.989139404296875,3.330933094024658,9.584588050842285,1.0690110921859741
1789729858311076400,28.999076416015626,3.3955764770507812,9.700108528137207,1.2773065567016602
1789729858321013200,29.00901318359375,3.314173698425293,9.996989250183105,1.4736311435699463
1789729858330950400,29.018950439453125,3.1968579292297363,10.229227066040039,1.535880446434021
1789729858340887300,29.02888720703125,3.1058781147003174,10.32978343963623,1.3922282457351685
1789729858350824200,29.03882421875,3.1513679027557373,10.363302230834961,1.1408370733261108
1789729858360761300,29.04876123046875,3.0819361209869385,10.430339813232422,0.8774749040603638
1789729858370698200,29.0586982421875,2.866457939147949,10.425551414489746,0.7338228225708008
1789729858380635100,29.06863525390625,2.564189910888672,10.461463928222656,0.6039373874664307
1789729858390572000,29.078572021484376,2.3247697353363037,10.32978343963623,0.5512649416923523
1789729858400509200,29.08850927734375,2.274491548538208,10.267534255981445,0.5895721912384033
1789729858410446300,29.0984462890625,2.389413356781006,10.109517097473145,0.6572083830833435
1789729858420383500,29.108383544921875,2.3942017555236816,9.927556991577148,0.6859387755393982
1789729858430320400,29.1183203125,2.343923568725586,9.786299705505371,0.6619967818260193
1789729858440257500,29.128257568359373,2.274491548538208,9.52473258972168,0.6524199843406677
1789729858450194700,29.138194580078125,2.0159177780151367,9.328408241271973,0.5704185366630554
1789729858460131800,29.1481318359375,1.7405846118927002,9.232640266418457,0.5081692934036255
1789729858470068700,29.15806884765625,1.6280571222305298,9.136872291564941,0.49380409717559814
1789729858480006000,29.168005859375,1.678335428237915,9.055469512939453,0.5656301379203796
1789729858489943000,29.177943115234374,1.8483237028121948,8.995614051818848,0.6236895322799683
1789729858499880200,29.187880126953125,2.078166961669922,8.950124740600586,0.7146692276000977
1789729858509817000,29.197817138671876,2.164358377456665,8.938153266906738,0.7649474143981934
1789729858519754200,29.207754150390624,2.011129379272461,8.950124740600586,0.8271966576576233
1789729858529691400,29.21769140625,1.7381904125213623,8.952518463134766,0.8559271097183228
1789729858539628300,29.227628173828126,1.469441294670105,8.933364868164062,0.8822633028030396
1789729858549565400,29.2375654296875,1.325789213180542,8.87829875946045,0.9229647517204285
1789729858559503600,29.247503662109374,1.3353660106658936,8.806472778320312,0.9062053561210632
1789729858569441000,29.25744091796875,1.2994530200958252,8.749011993408203,0.8870517015457153
1789729858579378000,29.2673779296875,1.1534066200256348,8.851962089538574,0.8678981065750122
1789729858589315000,29.277315185546875,0.9498994946479797,9.074623107910156,0.7433996200561523
1789729858599252200,29.287252197265627,0.7152677774429321,9.326014518737793,0.628477931022644
1789729858609189000,29.297189208984374,0.5309142470359802,9.65222454071045,0.5704185366630554
1789729858619126300,29.307126220703125,0.47824180126190186,9.980229377746582,0.558447539806366
1789729858629063000,29.31706298828125,0.5811924338340759,10.224438667297363,0.5752069354057312
1789729858638999600,29.32699951171875,0.8493430614471436,10.38963794708252,0.645237386226654
1789729858648936400,29.3369365234375,1.304241418838501,10.439916610717773,0.7362170219421387
1789729858658873000,29.346873046875,1.7932571172714233,10.351330757141113,0.8080430626869202
1789729858668810200,29.356810302734374,2.185906171798706,10.181343078613281,0.7577648162841797
1789729858678747400,29.366747314453125,2.454056739807129,10.030508041381836,0.6500257849693298
1789729858688684800,29.376684814453125,2.5091233253479004,9.941922187805176,0.5752069354057312
1789729858698622200,29.386622314453124,2.473210334777832,9.90122127532959,0.5033808946609497
1789729858708559600,29.3965595703125,2.5043349266052246,9.874884605407715,0.4124012291431427
1789729858718497000,29.4064970703125,2.5522189140319824,9.894038200378418,0.3621230125427246
1789729858728434200,29.41643408203125,2.6192567348480225,9.9371337890625,0.35494041442871094
1789729858738371300,29.426371337890625,2.5737667083740234,9.9586820602417,0.40521863102912903
1789729858748308500,29.43630859375,2.4468741416931152,10.08318042755127,0.5057750940322876
1789729858758245600,29.44624560546875,2.3511061668395996,10.159794807434082,0.6141127347946167
1789729858768182500,29.4561826171875,2.408566951751709,10.202890396118164,0.7146692276000977
1789729858778119700,29.46611962890625,2.4803929328918457,10.236409187316895,0.8535329103469849
1789729858788056800,29.476056884765626,2.406172752380371,10.277111053466797,1.0091559886932373
1789729858797994000,29.485993896484374,2.2673089504241943,10.348937034606934,1.2006921768188477
1789729858807931000,29.495930908203125,2.2433669567108154,10.396821022033691,1.3491326570510864
1789729858817868000,29.505867919921876,2.3726539611816406,10.344148635864258,1.43532395362854
1789729858827805200,29.51580517578125,2.5234885215759277,10.245985984802246,1.4856021404266357
1789729858837742000,29.5257421875,2.646191358566284,10.078392028808594,1.4832079410552979
1789729858847679200,29.53567919921875,2.7323827743530273,9.84376049041748,1.4257471561431885
1789729858857616400,29.545616455078125,2.713229179382324,9.599552154541016,1.3299790620803833
1789729858867553500,29.555553466796876,2.6168625354766846,9.378686904907227,1.2318167686462402
1789729858877490400,29.565490478515624,2.5282769203186035,9.199121475219727,1.1504138708114624
1789729858887427600,29.575427490234375,2.410961151123047,9.053074836730957,1.0618284940719604
1789729858897364700,29.58536474609375,2.250549554824829,8.940547943115234,1.0067617893218994
1789729858907302000,29.595302001953126,2.0422539710998535,8.851962089538574,0.970848798751831
1789729858917238800,29.60523876953125,1.7860745191574097,8.804078102111816,0.9181763529777527
1789729858927176000,29.615176025390625,1.5658079385757446,8.816049575805664,0.8152256608009338
1789729858937113000,29.625113037109376,1.3281834125518799,8.875904083251953,0.7481880187988281
1789729858947050200,29.63505029296875,1.1965023279190063,8.868721961975098,0.7338228225708008
1789729858956987100,29.644987060546875,1.3976151943206787,8.842385292053223,0.690727174282074
1789729858966924300,29.65492431640625,1.7860745191574097,8.849568367004395,0.6165069341659546
1789729858976861400,29.664861328125,2.0590133666992188,8.899846076965332,0.4985924959182739
1789729858986798600,29.674798583984376,2.0829553604125977,8.959701538085938,0.3908534348011017
1789729858996735500,29.684735595703124,2.0183119773864746,9.029132843017578,0.24241292476654053
1789729859006672400,29.69467236328125,1.9129672050476074,9.158419609069824,0.1322796493768692
1789729859016609300,29.704609375,1.7764976024627686,9.426570892333984,0.06524199992418289
1789729859026546200,29.714546142578126,1.644816517829895,9.697713851928711,0.01975216343998909
1789729859036483000,29.724483154296873,1.5610195398330688,9.929951667785645,-0.04728548228740692
1789729859046420000,29.734419921875,1.4598644971847534,10.090363502502441,-0.11911153793334961
1789729859056356900,29.74435693359375,1.3617022037506104,10.159794807434082,-0.1215057373046875
1789729859066294000,29.7542939453125,1.3545196056365967,10.131064414978027,-0.10953472554683685
1789729859076231400,29.7642314453125,1.3449428081512451,10.064026832580566,-0.06165069341659546
1789729859086168600,29.77416845703125,1.3090298175811768,9.980229377746582,-0.030526071786880493
1789729859096105700,29.784105712890625,1.20368492603302,9.93474006652832,0.03890577703714371
1789729859106043000,29.79404296875,0.9690531492233276,9.922768592834473,0.16340427100658417
1789729859115980000,29.80397998046875,0.6362590789794922,9.927556991577148,0.24241292476654053
1789729859125917200,29.813917236328123,0.4183867573738098,10.085575103759766,0.314238965511322
1789729859135854300,29.823854248046874,0.18315643072128296,10.202890396118164,0.3884592354297638
1789729859145791700,29.833791748046874,-0.03950432687997818,10.363302230834961,0.4602852761745453
1789729859155729000,29.84372900390625,-0.16160862147808075,10.47822380065918,0.46507367491722107
1789729859165666000,29.853666015625,-0.09457096457481384,10.51413631439209,0.4531026780605316
1789729859175603200,29.863603271484376,0.07302315533161163,10.483012199401855,0.39564183354377747
1789729859185540400,29.873540283203123,0.2861070930957794,10.358513832092285,0.30705636739730835
1789729859195477500,29.8834775390625,0.5883750915527344,10.162189483642578,0.24480712413787842
1789729859205414000,29.893413818359374,0.9187749028205872,9.922768592834473,0.17298106849193573
1789729859215350000,29.90335009765625,1.2348095178604126,9.762357711791992,0.15143325924873352
1789729859225286700,29.91328662109375,1.469441294670105,9.606734275817871,0.2064998894929886
1789729859235223300,29.923223388671875,1.721431016921997,9.539097785949707,0.28790274262428284
1789729859245160400,29.933160400390626,1.8842366933822632,9.498396873474121,0.37169981002807617
1789729859255097900,29.943097900390626,1.9393033981323242,9.472060203552246,0.4507084786891937
1789729859265035300,29.95303515625,1.9608511924743652,9.48882007598877,0.49619829654693604
1789729859274973200,29.96297314453125,1.946485996246338,9.517550468444824,0.5105634927749634
1789729859284910800,29.972910888671876,1.8291701078414917,9.589975357055664,0.4554968774318695
1789729859294848500,29.9828486328125,1.625662922859192,9.668983459472656,0.3693056106567383
1789729859304785700,29.99278564453125,1.4311341047286987,9.764751434326172,0.31184476613998413
1789729859314722600,30.00272265625,1.246780514717102,9.865307807922363,0.2663549482822418
1789729859324659500,30.012659423828126,1.1390414237976074,9.946710586547852,0.228047713637352
1789729859334596000,30.02259619140625,1.1629834175109863,10.008959770202637,0.22086510062217712
1789729859344533200,30.032533203125,1.2659341096878052,9.99220085144043,0.23762452602386475
1789729859354470400,30.042470458984376,1.3329718112945557,9.908403396606445,0.25677812099456787
1789729859364407600,30.052407470703123,1.3521254062652588,9.831789016723633,0.2759317457675934
1789729859374344700,30.0623447265625,1.3521254062652588,9.707290649414062,0.3214215636253357
1789729859384281900,30.07228173828125,1.270722508430481,9.52473258972168,0.39564183354377747
1789729859394219000,30.082218994140625,1.2204443216323853,9.405022621154785,0.4866214990615845
1789729859404156200,30.09215625,1.1965023279190063,9.275735855102539,0.6548141837120056
1789729859414093600,30.102093505859376,1.301847219467163,9.098565101623535,0.851138710975647
1789729859424030500,30.112030517578123,1.6089035272598267,8.866327285766602,1.0330979824066162
1789729859433967400,30.12196728515625,2.027888774871826,8.631695747375488,1.1959037780761719
1789729859443904300,30.131904296875,2.3247697353363037,8.446743965148926,1.2557587623596191
1789729859453841400,30.14184130859375,2.4588451385498047,8.288725852966309,1.171961784362793
1789729859463778800,30.15177880859375,2.410961151123047,8.200140953063965,1.1192892789840698
1789729859473716200,30.16171630859375,2.2146365642547607,8.259995460510254,1.0761936902999878
1789729859483653400,30.1716533203125,2.0159177780151367,8.427590370178223,1.0019733905792236
1789729859493590300,30.18159033203125,1.9728221893310547,8.624512672424316,0.9181763529777527
1789729859503527400,30.19152734375,2.051830768585205,8.82323169708252,0.788889467716217
1789729859513465300,30.20146533203125,2.1164743900299072,9.00279712677002,0.6093243360519409
1789729859523401000,30.21140087890625,2.0853497982025146,9.146449089050293,0.41958385705947876
1789729859533336800,30.2213369140625,2.0614075660705566,9.227851867675781,0.30226796865463257
1789729859543273000,30.23127294921875,2.0901381969451904,9.263765335083008,0.2663549482822418
1789729859553209600,30.241209716796874,2.293645143508911,9.385869026184082,0.1777694821357727
1789729859563147000,30.25114697265625,2.52109432220459,9.6618013381958,0.01496376097202301
1789729859573084700,30.261084716796876,2.470816135406494,9.827000617980957,0.01496376097202301
1789729859583022600,30.271022705078124,2.070984363555908,9.906009674072266,0.053270988166332245
1789729859592960800,30.280960693359376,1.577778935432434,9.920374870300293,0.050876785069704056
1789729859602899000,30.29089892578125,1.246780514717102,10.111910820007324,0.2041056901216507
1789729859612835000,30.3008349609375,0.9283517003059387,10.336965560913086,0.46507367491722107
1789729859622771200,30.310771240234374,0.5117605924606323,10.588356971740723,0.6548141837120056
1789729859632707300,30.320707275390625,0.061052143573760986,10.790068626403809,0.7649474143981934
1789729859642644000,30.33064404296875,-0.2621650993824005,10.866683006286621,0.7769184708595276
1789729859652581000,30.3405810546875,-0.3794809579849243,10.804433822631836,0.7864952683448792
1789729859662518500,30.3505185546875,-0.1759738177061081,10.664971351623535,0.8200140595436096
1789729859672456200,30.360456298828126,0.5500678420066833,10.662577629089355,1.013944387435913
1789729859682395000,30.370394775390626,1.2539631128311157,10.492588996887207,1.095347285270691
1789729859692332300,30.380332275390625,1.525106430053711,10.310629844665527,0.9493009448051453
1789729859702269400,30.39026953125,1.7525556087493896,10.178948402404785,0.8056488633155823
1789729859712206600,30.40020654296875,1.745373010635376,9.750386238098145,0.5728127360343933
1789729859722143500,30.4101435546875,1.5610195398330688,9.395445823669434,0.2232593148946762
1789729859732080600,30.42008056640625,1.3569138050079346,9.167996406555176,-0.030526071786880493
1789729859742017800,30.430017822265626,1.0097545385360718,9.120112419128418,-0.06643909960985184
1789729859751954700,30.43995458984375,0.5883750915527344,9.261370658874512,0.0628477931022644
1789729859761892000,30.44989208984375,0.2406172752380371,9.43135929107666,0.345363587141037
1789729859771829200,30.459829345703124,-0.03711012750864029,9.572616577148438,0.7577648162841797
1789729859781766100,30.46976611328125,-0.07541735470294952,9.84615421295166,0.9876081943511963
1789729859791703300,30.479703369140626,0.08738835901021957,9.96825885772705,1.236605167388916
1789729859801640400,30.489640380859374,0.20709845423698425,10.030508041381836,1.3994108438491821
1789729859811577300,30.499577392578125,0.25258827209472656,10.128670692443848,1.437718152999878
1789729859821514500,30.509514404296876,0.20231004059314728,10.198101997375488,1.456871747970581
1789729859831451600,30.51945166015625,0.08738835901021957,10.217255592346191,1.4640543460845947
1789729859841388800,30.529388916015623,0.061052143573760986,10.257957458496094,1.3946224451065063
1789729859851325700,30.53932568359375,0.10654197633266449,10.281899452209473,1.2773065567016602
1789729859861262800,30.549262939453126,0.1999158412218094,10.315418243408203,1.1456254720687866
1789729859871200000,30.559199951171873,0.3100491166114807,10.324995040893555,1.0259153842926025
1789729859881137200,30.56913720703125,0.41359832882881165,10.26513957977295,0.889445960521698
1789729859891074000,30.579073974609376,0.49978959560394287,10.145429611206055,0.6667851805686951
1789729859901011500,30.589011474609375,0.5452794432640076,10.071209907531738,0.3932476341724396
1789729859910948600,30.598948486328126,0.5692214369773865,10.011354446411133,0.22086510062217712
1789729859920885500,30.608885498046874,0.5835866928100586,9.949105262756348,0.09157821536064148
1789729859930822700,30.61882275390625,0.6123170852661133,9.862914085388184,-0.004189853090792894
1789729859940759800,30.628759765625,0.5931634902954102,9.774328231811523,-0.06404489278793335
1789729859950696700,30.63869677734375,0.5716156363487244,9.68574333190918,-0.028131870552897453
1789729859960634400,30.64863427734375,0.5764040350914001,9.546280860900879,0.07960720360279083
1789729859970570800,30.65857080078125,0.6027402877807617,9.419387817382812,0.1322796493768692
1789729859980507100,30.668507080078125,0.6458359360694885,9.366715431213379,0.1777694821357727
1789729859990443800,30.67844384765625,0.5907692909240723,9.3427734375,0.23523031175136566
1789729860000380400,30.68838037109375,0.48063600063323975,9.3643217086792,0.24480712413787842
1789729860010317300,30.6983173828125,0.3148375153541565,9.402628898620605,0.23283611238002777
1789729860020254700,30.708254638671875,0.14006079733371735,9.43375301361084,0.228047713637352
1789729860030192400,30.7181923828125,-0.04429273307323456,9.493608474731445,0.21128830313682556
1789729860040130300,30.72813037109375,-0.23104046285152435,9.551069259643555,0.19692309200763702
1789729860050068000,30.73806787109375,-0.39384618401527405,9.541492462158203,0.12509703636169434
1789729860060005000,30.748005126953124,-0.45848962664604187,9.541492462158203,0.08200141042470932
1789729860069942300,30.7579423828125,-0.3842693865299225,9.52473258972168,0.07721300423145294
1789729860079879200,30.767879150390623,-0.2406172752380371,9.455301284790039,0.12988543510437012
1789729860089816300,30.77781640625,-0.09457096457481384,9.40023422241211,0.12749123573303223
1789729860099753500,30.78775341796875,-0.04908113554120064,9.421782493591309,0.14185644686222076
1789729860109690400,30.7976904296875,-0.05147533491253853,9.486425399780273,0.25677812099456787
1789729860119627800,30.807627685546876,0.008379706181585789,9.57979965209961,0.39803603291511536
1789729860129565000,30.81756494140625,0.07781155407428741,9.601945877075195,0.5392939448356628
1789729860139501800,30.827501708984375,0.15442600846290588,9.611522674560547,0.6093243360519409
1789729860149438500,30.8374384765625,0.27653029561042786,9.592369079589844,0.6667851805686951
1789729860159375400,30.847375244140625,0.5117605924606323,9.548674583435059,0.6883329749107361
1789729860169312000,30.85731201171875,0.8206126093864441,9.52473258972168,0.6093243360519409
1789729860179249000,30.867248779296876,1.0121487379074097,9.536704063415527,0.4818331003189087
1789729860189186000,30.87718603515625,1.081580638885498,9.548674583435059,0.414795458316803
1789729860199123500,30.88712353515625,1.1174936294555664,9.623494148254395,0.42197805643081665
1789729860209060600,30.897060546875,1.1318588256835938,9.68574333190918,0.35733461380004883
1789729860218998000,30.906998046875,1.1222820281982422,9.716867446899414,0.24001872539520264
1789729860228935200,30.91693505859375,1.0360907316207886,9.745597839355469,0.2017114907503128
1789729860238873000,30.926873046875,0.9139865040779114,9.769539833068848,0.2495955228805542
1789729860248810000,30.93681005859375,0.8876502513885498,9.759963035583496,0.30226796865463257
1789729860258747100,30.9467470703125,1.0767922401428223,9.740809440612793,0.3597288131713867
1789729860268684300,30.956684326171874,1.3210008144378662,9.697713851928711,0.49140989780426025
1789729860278621200,30.96662109375,1.5053542852401733,9.71926212310791,0.6356605291366577
1789729860288558000,30.97655810546875,1.6089035272598267,9.767146110534668,0.8271966576576233
1789729860298495700,30.986495849609376,1.5514427423477173,9.774328231811523,1.0833762884140015
1789729860308432600,30.9964326171875,1.5322890281677246,9.807847023010254,1.279700756072998
1789729860318369800,31.006369873046875,1.5394717454910278,9.815030097961426,1.4305355548858643
1789729860328306400,31.016306396484374,1.5101426839828491,9.819818496704102,1.5646108388900757
1789729860338243000,31.0262431640625,1.4191631078720093,9.824606895446777,1.6388310194015503
1789729860348180000,31.036179931640625,1.3090298175811768,9.738415718078613,1.6627731323242188
1789729860358116900,31.046116943359376,1.304241418838501,9.640253067016602,1.6747441291809082
1789729860368054000,31.056053955078124,1.4167689085006714,9.582193374633789,1.6268600225448608
1789729860377991200,31.0659912109375,1.5298948287963867,9.512762069702148,1.5646108388900757
1789729860387928600,31.075928466796874,1.6328455209732056,9.426570892333984,1.5167267322540283
1789729860397865700,31.08586572265625,1.7501614093780518,9.335591316223145,1.4329297542572021
1789729860407803100,31.09580322265625,1.8124107122421265,9.299677848815918,1.282094955444336
1789729860417740300,31.105740234375,1.7310078144073486,9.371503829956055,1.0642226934432983
1789729860427677700,31.115677734375,1.522712230682373,9.469666481018066,0.8080430626869202
1789729860437614800,31.12561474609375,1.3162124156951904,9.55825138092041,0.5632359385490417
1789729860447552300,31.13555224609375,1.0959458351135254,9.599552154541016,0.3645172119140625
1789729860457489400,31.145489501953126,1.1534066200256348,9.625887870788574,0.25917232036590576
1789729860467426300,31.15542626953125,1.2300211191177368,9.757569313049316,0.1538274586200714
1789729860477363500,31.165363525390624,1.4407109022140503,9.747992515563965,0.058059390634298325
1789729860487300600,31.175300537109376,1.558625340461731,9.68574333190918,0.09636662155389786
1789729860497237500,31.185237548828123,1.103128433227539,9.604340553283691,0.314238965511322
1789729860507174700,31.195174560546874,1.0193313360214233,9.55585765838623,0.21847090125083923
1789729860517111800,31.20511181640625,1.3593080043792725,9.815030097961426,0.13706804811954498
1789729860527049000,31.215049072265625,1.7046716213226318,9.800664901733398,0.42197805643081665
1789729860536985900,31.22498583984375,2.011129379272461,9.728838920593262,0.7457938194274902
1789729860546923000,31.234923095703124,2.0901381969451904,9.855731010437012,0.9660604000091553
1789729860556860200,31.244860107421875,2.0231003761291504,10.047266960144043,1.0522516965866089
1789729860566797300,31.25479736328125,1.968033790588379,10.111910820007324,1.0690110921859741
1789729860576734200,31.264734130859374,2.161964178085327,9.956287384033203,1.1121066808700562
1789729860586671400,31.27467138671875,2.564189910888672,9.745597839355469,1.1767501831054688
1789729860596608500,31.2846083984375,3.0436289310455322,9.527127265930176,1.1839327812194824
1789729860606545700,31.294545654296876,3.3740286827087402,9.445724487304688,1.0833762884140015
1789729860616482600,31.304482666015623,3.469796895980835,9.294889450073242,0.9469067454338074
1789729860626419700,31.314419677734374,3.443460702896118,9.256582260131836,0.7577648162841797
1789729860636356900,31.32435693359375,3.405153274536133,9.108141899108887,0.5680243372917175
1789729860646293800,31.334293701171877,3.3045969009399414,9.065046310424805,0.49140989780426025
1789729860656231000,31.34423095703125,3.2998085021972656,8.954913139343262,0.536899745464325
1789729860666168000,31.35416796875,3.1274259090423584,8.995614051818848,0.6236895322799683
1789729860676105200,31.364105224609375,2.9454667568206787,9.146449089050293,0.558447539806366
1789729860686042000,31.3740419921875,2.8401217460632324,9.232640266418457,0.5608417391777039
1789729860695979300,31.383979248046874,2.6144683361053467,9.244611740112305,0.5680243372917175
1789729860705917000,31.3939169921875,2.604891538619995,9.505578994750977,0.4818331003189087
1789729860715854000,31.40385400390625,2.940678119659424,9.604340553283691,0.5680243372917175
1789729860725791200,31.413791259765624,3.0843303203582764,9.43375301361084,0.8271966576576233
1789729860735728400,31.423728271484375,3.0843303203582764,9.359533309936523,0.8056488633155823
1789729860745665500,31.43366552734375,2.7994203567504883,9.445724487304688,0.6380547285079956
1789729860755602400,31.4436025390625,2.451662540435791,9.436147689819336,0.5440823435783386
1789729860765539600,31.45353955078125,2.1068975925445557,9.354744911193848,0.5680243372917175
1789729860775476700,31.463476806640625,1.9369091987609863,9.299677848815918,0.5847837924957275
1789729860785414000,31.473413818359376,1.9273324012756348,9.239823341369629,0.6667851805686951
1789729860795351300,31.483351318359375,1.9991583824157715,9.206304550170898,0.8152256608009338
1789729860805288000,31.493287841796874,2.126051187515259,9.227851867675781,1.0091559886932373
1789729860815224800,31.503224853515626,2.166752576828003,9.326014518737793,1.1432312726974487
1789729860825161500,31.513161376953125,2.140416383743286,9.457695007324219,1.1647791862487793
1789729860835098400,31.523098388671876,2.1140801906585693,9.55585765838623,1.1815385818481445
1789729860845035300,31.53303515625,2.166752576828003,9.57979965209961,1.1959037780761719
1789729860854972400,31.542972412109375,2.276885747909546,9.548674583435059,1.2078747749328613
1789729860864909600,31.55290966796875,2.3942017555236816,9.519944190979004,1.169567584991455
1789729860874847000,31.562846923828126,2.47560453414917,9.503185272216797,1.1408370733261108
1789729860884784000,31.5727841796875,2.4660277366638184,9.493608474731445,1.1001356840133667
1789729860894721500,31.582721435546876,2.4468741416931152,9.460089683532715,1.016338586807251
1789729860904659000,31.592658935546876,2.3295583724975586,9.388263702392578,0.9373299479484558
1789729860914596400,31.602596435546875,2.231395959854126,9.25179386138916,0.8487445116043091
1789729860924533200,31.612533203125,2.1499931812286377,9.09377670288086,0.7410054206848145
1789729860934470100,31.62247021484375,2.118868589401245,8.986037254333496,0.5895721912384033
1789729860944407000,31.632406982421877,2.0446481704711914,8.986037254333496,0.4507084786891937
1789729860954344000,31.642343994140624,2.0039467811584473,9.100958824157715,0.345363587141037
1789729860964280800,31.65228076171875,2.0207061767578125,9.323619842529297,0.2902969419956207
1789729860974217700,31.6622177734375,2.0207061767578125,9.5223388671875,0.2974795699119568
1789729860984155000,31.67215478515625,2.0183119773864746,9.613917350769043,0.2759317457675934
1789729860994092000,31.682092041015625,2.1595699787139893,9.59715747833252,0.23762452602386475
1789729861004029200,31.692029296875,2.47560453414917,9.486425399780273,0.21128830313682556
1789729861013966600,31.701966552734376,2.8856115341186523,9.366715431213379,0.18734627962112427
1789729861023903700,31.71190380859375,3.175309896469116,9.247005462646484,0.21368250250816345
1789729861033841700,31.721841552734375,3.508104085922241,9.1632080078125,0.16340427100658417
1789729861043778800,31.73177880859375,3.733159065246582,9.098565101623535,0.1562216579914093
1789729861053716000,31.741716064453126,3.81994891166687,8.952518463134766,0.19931729137897491
1789729861063653000,31.751653076171873,3.913322687149048,8.993220329284668,0.2759317457675934
1789729861073590300,31.76159033203125,4.049792289733887,9.057863235473633,0.3621230125427246
1789729861083527200,31.771527099609376,4.126406669616699,9.067440032958984,0.4339490532875061
1789729861093464800,31.78146484375,4.126406669616699,9.098565101623535,0.42437225580215454
1789729861103401200,31.791401123046874,3.9612066745758057,9.141660690307617,0.37648820877075195
1789729861113337900,31.801337890625,3.7068228721618652,9.170391082763672,0.3357867896556854
1789729861123274500,31.8112744140625,3.4961330890655518,9.196727752685547,0.3429693877696991
1789729861133212000,31.8212119140625,3.268683910369873,9.177573204040527,0.40282443165779114
1789729861143149600,31.831149658203124,3.093907117843628,9.153631210327148,0.414795458316803
1789729861153087000,31.8410869140625,2.9071593284606934,9.16081428527832,0.4554968774318695
1789729861163024100,31.851024169921875,2.758718967437744,9.321226119995117,0.44592007994651794
1789729861172961300,31.860961181640626,2.694075345993042,9.48882007598877,0.436343252658844
1789729861182898400,31.8708984375,2.626439332962036,9.560646057128906,0.4291606545448303
1789729861192835600,31.880835693359376,2.5761611461639404,9.637859344482422,0.25677812099456787
1789729861202772500,31.8907724609375,2.6629507541656494,9.72165584564209,0.1586158573627472
1789729861212709600,31.900709716796875,2.7946319580078125,9.645041465759277,0.1801636815071106
1789729861222646800,31.910646728515626,2.983773946762085,9.460089683532715,0.11791443079710007
1789729861232584000,31.920583984375,3.2375593185424805,9.294889450073242,-0.016160860657691956
1789729861242520800,31.930520751953125,3.515286684036255,9.132083892822266,-0.08559270948171616
1789729861252458000,31.9404580078125,3.8151605129241943,8.902240753173828,-0.05686229094862938
1789729861262395100,31.95039501953125,3.930082082748413,8.875904083251953,0.03651157766580582
1789729861272332000,31.96033203125,3.863044500350952,8.950124740600586,0.11552023142576218
1789729861282269200,31.970269287109375,3.620631456375122,9.096170425415039,0.21847090125083923
1789729861292206300,31.980206298828126,3.2327709197998047,9.280524253845215,0.3214215636253357
1789729861302143500,31.9901435546875,2.9454667568206787,9.409811019897461,0.44831427931785583
1789729861312080400,32.000080322265624,2.852092742919922,9.440936088562012,0.5321113467216492
1789729861322017500,32.010017578125,2.9023709297180176,9.407417297363281,0.5919663906097412
1789729861331955200,32.019955078125,2.9694087505340576,9.366715431213379,0.6093243360519409
1789729861341892400,32.02989233398438,2.978985548019409,9.3427734375,0.606930136680603
1789729861351829500,32.03982958984375,2.938283920288086,9.357138633728027,0.6117185354232788
1789729861361766400,32.04976635742187,2.895188331604004,9.390657424926758,0.5991489887237549
1789729861371703600,32.05970361328125,2.8856115341186523,9.486425399780273,0.5680243372917175
1789729861381640700,32.069640625,2.935889720916748,9.565434455871582,0.5488707423210144
1789729861391577600,32.07957763671875,3.067570924758911,9.592369079589844,0.5392939448356628
1789729861401514800,32.0895146484375,3.20404052734375,9.59715747833252,0.5249287486076355
1789729861411452000,32.09945190429688,3.330933094024658,9.572616577148438,0.5225345492362976
1789729861421389300,32.10938940429688,3.491344690322876,9.505578994750977,0.5297171473503113
1789729861431326200,32.119326171875,3.6589386463165283,9.416994094848633,0.5201402902603149
1789729861441263600,32.129263671875,3.730764865875244,9.366715431213379,0.536899745464325
1789729861451200500,32.13920043945313,3.7451300621032715,9.349956512451172,0.6236895322799683
1789729861461136100,32.14913623046875,3.733159065246582,9.304466247558594,0.7314286231994629
1789729861471072000,32.15907202148438,3.6780924797058105,9.345168113708496,0.8439561128616333
1789729861481008000,32.16900805664063,3.582324266433716,9.534309387207031,0.9469067454338074
1789729861490945000,32.178945068359376,3.4362781047821045,9.714473724365234,1.0570400953292847
1789729861500882400,32.18888232421875,3.333327293395996,9.81263542175293,1.1097124814987183
1789729861510820600,32.19882055664063,3.2375593185424805,9.838972091674805,1.1528080701828003
1789729861520759300,32.20875927734375,3.1058781147003174,9.747992515563965,1.1743559837341309
1789729861530697500,32.218697509765626,3.0843303203582764,9.709685325622559,1.0977414846420288
1789729861540634600,32.22863452148437,3.053205728530884,9.577404975891113,1.0905588865280151
1789729861550571800,32.23857177734375,3.096301317214966,9.438541412353516,1.0857704877853394
1789729861560509000,32.24850903320313,3.2399535179138184,9.263765335083008,1.1025298833847046
1789729861570446300,32.2584462890625,3.3883938789367676,9.079411506652832,1.07379949092865
1789729861580383000,32.26838305664062,3.443460702896118,9.0051908493042,0.9612720012664795
1789729861590320400,32.2783203125,3.292625904083252,9.108141899108887,0.7481880187988281
1789729861600257300,32.28825732421875,2.9550435543060303,9.27334213256836,0.5488707423210144
1789729861610194400,32.2981943359375,2.5785553455352783,9.455301284790039,0.46507367491722107
1789729861620131600,32.30813159179687,2.300827741622925,9.567828178405762,0.4626794755458832
1789729861630069000,32.31806909179687,2.279279947280884,9.642647743225098,0.4315548539161682
1789729861640005600,32.328005615234375,2.4612393379211426,9.697713851928711,0.3429693877696991
1789729861649942500,32.33794262695312,2.787449359893799,9.683348655700684,0.28550854325294495
1789729861659879200,32.347879150390625,3.1274259090423584,9.642647743225098,0.2687491476535797
1789729861669816000,32.35781616210937,3.314173698425293,9.606734275817871,0.24001872539520264
1789729861679753000,32.3677529296875,3.3644518852233887,9.606734275817871,0.21128830313682556
1789729861689690600,32.37769067382813,3.3931822776794434,9.618705749511719,0.20889410376548767
1789729861699628500,32.38762866210938,3.5416228771209717,9.536704063415527,0.23283611238002777
1789729861709565700,32.397565673828126,3.796006679534912,9.472060203552246,0.2232593148946762
1789729861719502800,32.4075029296875,3.9636008739471436,9.498396873474121,0.2232593148946762
1789729861729439700,32.41743969726563,3.980360269546509,9.560646057128906,0.23762452602386475
1789729861739377000,32.427376953125,3.8510735034942627,9.59715747833252,0.26396074891090393
1789729861749314000,32.43731396484375,3.625419855117798,9.599552154541016,0.24241292476654053
1789729861759251200,32.44725122070312,3.335721492767334,9.633070945739746,0.15143325924873352
1789729861769188000,32.45718798828125,2.978985548019409,9.736021041870117,0.10115502029657364
1789729861779125200,32.467125244140625,2.6024973392486572,9.841365814208984,0.16101007163524628
1789729861789062700,32.477062744140625,2.27209734916687,9.882067680358887,0.24480712413787842
1789729861799000000,32.487,2.0159177780151367,9.874884605407715,0.28550854325294495
1789729861808936400,32.4969365234375,1.8818424940109253,9.891644477844238,0.2472013235092163
1789729861818872800,32.50687280273438,1.680729627609253,9.831789016723633,0.28550854325294495
1789729861828809500,32.5168095703125,1.522712230682373,9.68813705444336,0.37169981002807617
1789729861838746000,32.52674609375,1.5634137392044067,9.548674583435059,0.5752069354057312
1789729861848683000,32.53668310546875,1.7884687185287476,9.385869026184082,0.7529764175415039
1789729861858621000,32.546620849609376,1.9823989868164062,9.328408241271973,0.8559271097183228
1789729861868559000,32.55655908203125,1.9393033981323242,9.330802917480469,0.9756371974945068
1789729861878496800,32.56649682617188,1.7717092037200928,9.366715431213379,1.071405291557312
1789729861888434200,32.57643408203125,1.5969325304031372,9.424176216125488,1.092953085899353
1789729861898370800,32.586370849609374,1.4526818990707397,9.510367393493652,1.0115501880645752
1789729861908307700,32.5963076171875,1.268328309059143,9.666589736938477,0.9014169573783875
1789729861918245400,32.60624536132813,1.1079168319702148,9.743204116821289,0.8678981065750122
1789729861928182300,32.616182373046875,1.0887632369995117,9.774328231811523,0.7817068696022034
1789729861938119400,32.62611938476562,1.2419921159744263,9.62828254699707,0.7697358727455139
1789729861948055600,32.6360556640625,1.6184803247451782,9.505578994750977,0.7098808288574219
1789729861957991400,32.645991455078125,1.9728221893310547,9.49121379852295,0.7314286231994629
1789729861967928000,32.65592797851563,2.1284453868865967,9.493608474731445,0.8224082589149475
1789729861977865000,32.665864990234375,2.2577321529388428,9.438541412353516,0.9660604000091553
1789729861987802400,32.67580224609375,2.454056739807129,9.426570892333984,0.9876081943511963
1789729861997740300,32.685740234375,2.4612393379211426,9.543886184692383,0.910993754863739
1789729862007678200,32.69567822265625,2.212242364883423,9.743204116821289,0.8463503122329712
1789729862017616600,32.70561669921875,1.86508309841156,9.865307807922363,0.851138710975647
1789729862027553500,32.71555346679688,1.7142484188079834,9.853337287902832,0.889445960521698
1789729862037490400,32.725490478515624,1.802833914756775,9.858125686645508,0.8990227580070496
1789729862047427600,32.73542749023437,1.8842366933822632,9.963470458984375,0.8702923059463501
1789729862057364500,32.74536450195313,1.8339585065841675,10.042478561401367,0.9014169573783875
1789729862067301400,32.75530126953125,1.7525556087493896,9.999382972717285,0.970848798751831
1789729862077238500,32.76523852539062,1.7932571172714233,9.877279281616211,0.9971849918365479
1789729862087176200,32.77517626953125,1.9512743949890137,9.747992515563965,0.9780313968658447
1789729862097113600,32.78511352539063,2.0374655723571777,9.625887870788574,0.9373299479484558
1789729862107051000,32.79505102539063,1.8770540952682495,9.46727180480957,0.8798691034317017
1789729862116987400,32.8049873046875,1.6424223184585571,9.299677848815918,0.788889467716217
1789729862126923800,32.814923828125,1.525106430053711,9.146449089050293,0.7098808288574219
1789729862136860200,32.82486010742188,1.4622586965560913,9.031527519226074,0.5847837924957275
1789729862146797600,32.834797607421876,1.390432596206665,8.94773006439209,0.4866214990615845
1789729862156735500,32.84473559570313,1.323395013809204,8.907029151916504,0.40043023228645325
1789729862166673700,32.85467358398437,1.2228385210037231,8.957306861877441,0.26396074891090393
1789729862176610000,32.864610107421875,1.3066356182098389,9.091382026672363,0.16579847037792206
1789729862186546400,32.87454638671875,1.599326729774475,9.297284126281738,0.06763619929552078
1789729862196483300,32.8844833984375,2.1284453868865967,9.536704063415527,-0.023343466222286224
1789729862206420700,32.89442065429687,2.7060465812683105,9.676166534423828,-0.023343466222286224
1789729862216358700,32.904358642578124,3.20404052734375,9.834183692932129,-0.05925649031996727
1789729862226296000,32.914296142578124,3.4985272884368896,9.975440979003906,-0.15502455830574036
1789729862236233200,32.92423315429688,3.694851875305176,10.14782428741455,-0.19572599232196808
1789729862246170400,32.93417041015625,3.81994891166687,10.32978343963623,-0.22685061395168304
1789729862256107300,32.944107177734374,3.8151605129241943,10.375272750854492,-0.15502455830574036
1789729862266044400,32.95404443359375,3.81994891166687,10.339360237121582,-0.08798690885305405
1789729862275981600,32.96398168945313,3.7259764671325684,10.243592262268066,-0.030526071786880493
1789729862285919000,32.9739189453125,3.5416228771209717,10.195708274841309,0.10115502029657364
1789729862295855900,32.98385595703125,3.2974143028259277,10.20767879486084,0.28790274262428284
1789729862305793500,32.99379345703125,2.938283920288086,10.176554679870605,0.4794389009475708
1789729862315730000,33.00372998046875,2.5234885215759277,10.212467193603516,0.6236895322799683
1789729862325666300,33.01366625976563,1.968033790588379,10.2747163772583,0.6739677786827087
1789729862335602700,33.023602783203124,1.3952209949493408,10.226832389831543,0.6524199843406677
1789729862345539300,33.03353930664063,0.8804676532745361,10.17416000366211,0.5249287486076355
1789729862355476500,33.0434765625,0.45429977774620056,10.054450035095215,0.3860650360584259
1789729862365413600,33.05341357421875,0.1496376097202301,9.922768592834473,0.292691171169281
1789729862375350800,33.06335083007812,0.07302315533161163,9.75517463684082,0.30705636739730835
1789729862385288400,33.07328833007813,0.1472434103488922,9.599552154541016,0.3860650360584259
1789729862395226000,33.08322607421875,0.3292027413845062,9.440936088562012,0.37648820877075195
1789729862405163800,33.09316381835937,0.5285200476646423,9.292495727539062,0.383670836687088
1789729862415101400,33.10310131835938,0.6386532783508301,9.110535621643066,0.40043023228645325
1789729862425038600,33.11303857421875,0.6697779297828674,8.957306861877441,0.42197805643081665
1789729862434975700,33.122975830078126,0.6290764808654785,8.883087158203125,0.41718965768814087
1789729862444913000,33.13291284179687,0.5668272376060486,8.844779968261719,0.37169981002807617
1789729862454849800,33.14284985351563,0.46627077460289,8.78731918334961,0.40282443165779114
1789729862464787000,33.152786865234376,0.3627215623855591,8.713098526000977,0.46507367491722107
1789729862474724000,33.16272412109375,0.23343466222286224,8.727463722229004,0.5871779918670654
1789729862484661000,33.17266088867188,0.16879121959209442,8.772953987121582,0.7386112213134766
1789729862494598100,33.18259814453125,0.2717418968677521,8.832808494567871,0.9038111567497253
1789729862504535300,33.192535400390625,0.4016273319721222,8.895057678222656,1.0043675899505615
1789729862514472400,33.20247241210937,0.619499683380127,8.988431930541992,1.0211269855499268
1789729862524409300,33.21240942382813,0.801459014415741,9.055469512939453,0.8008604645729065
1789729862534346500,33.222346435546875,0.8661024570465088,9.096170425415039,0.7410054206848145
1789729862544283600,33.23228369140625,0.8684966564178467,8.998008728027344,0.8080430626869202
1789729862554220800,33.242220703125,1.0097545385360718,8.986037254333496,0.8056488633155823
1789729862564157700,33.25215771484375,1.2611457109451294,9.033921241760254,0.7003039717674255
1789729862574094800,33.2620947265625,1.5705963373184204,8.952518463134766,0.6380547285079956
1789729862584032000,33.27203198242187,1.8938134908676147,8.863933563232422,0.5823895931243896
1789729862593969200,33.28196923828125,2.161964178085327,8.91421127319336,0.5057750940322876
1789729862603906000,33.291906005859374,2.2912509441375732,9.03870964050293,0.4626794755458832
1789729862613843200,33.30184326171875,2.209848165512085,9.21588134765625,0.46507367491722107
1789729862623780400,33.3117802734375,2.011129379272461,9.531915664672852,0.4794389009475708
1789729862633717200,33.32171728515625,1.7836803197860718,9.860519409179688,0.5225345492362976
1789729862643654400,33.331654296875,1.5610195398330688,10.145429611206055,0.606930136680603
1789729862653591600,33.34159155273438,1.3880383968353271,10.370484352111816,0.6572083830833435
1789729862663528700,33.35152880859375,1.5394717454910278,10.530896186828613,0.7003039717674255
1789729862673465600,33.361465576171874,1.9177556037902832,10.526107788085938,0.8535329103469849
1789729862683402800,33.37140283203125,2.2864625453948975,10.430339813232422,0.9804255962371826
1789729862693340000,33.38133984375,2.6192567348480225,10.320206642150879,1.1528080701828003
1789729862703277000,33.391277099609376,2.76350736618042,10.272322654724121,1.2222399711608887
1789729862713214200,33.40121411132812,2.8784289360046387,10.17416000366211,1.382651448249817
1789729862723151400,33.4111513671875,3.029263734817505,9.9371337890625,1.5430630445480347
1789729862733088500,33.42108862304688,3.1729156970977783,9.738415718078613,1.6891093254089355
1789729862743025700,33.431025634765625,3.201646327972412,9.601945877075195,1.7202339172363281
1789729862752962800,33.440962890625,3.1920695304870605,9.534309387207031,1.6699557304382324
1789729862762900200,33.45090014648437,3.0986955165863037,9.452906608581543,1.5957354307174683
1789729862772837400,33.46083740234375,2.8640637397766113,9.326014518737793,1.437718152999878
1789729862782774500,33.4707744140625,2.7970261573791504,9.328408241271973,1.294066071510315
1789729862792711700,33.480711669921874,2.830544948577881,9.254188537597656,1.157596468925476
1789729862802648800,33.49064892578125,2.9095535278320312,9.156025886535645,1.0642226934432983
1789729862812586000,33.5005859375,2.957437753677368,9.108141899108887,0.9349357485771179
1789729862822523100,33.510523193359376,2.9454667568206787,9.019556045532227,0.8080430626869202
1789729862832460500,33.52046044921875,2.828150749206543,8.935759544372559,0.7481880187988281
1789729862842397700,33.53039770507812,2.741959571838379,8.986037254333496,0.7864952683448792
1789729862852334800,33.5403349609375,2.5785553455352783,9.048286437988281,0.8152256608009338
1789729862862272000,33.55027197265625,2.5713725090026855,9.117718696594238,0.889445960521698
1789729862872209400,33.56020947265625,2.580949544906616,9.017162322998047,1.0570400953292847
1789729862882146300,33.57014624023437,2.5905263423919678,8.904634475708008,1.1456254720687866
1789729862892083700,33.58008374023437,2.648585557937622,8.722675323486328,1.159990668296814
1789729862902020900,33.590020751953126,2.7084407806396484,8.574234962463379,1.1408370733261108
1789729862911958000,33.5999580078125,2.737171173095703,8.5287446975708,1.0402805805206299
1789729862921895000,33.60989501953125,2.612074136734009,8.480860710144043,0.9301473498344421
1789729862931832000,33.61983203125,2.1523873805999756,8.538321495056152,0.7625532150268555
1789729862941769200,33.629769287109376,1.6615760326385498,8.782530784606934,0.5991489887237549
1789729862951706400,33.63970629882812,1.4000093936920166,9.029132843017578,0.5440823435783386
1789729862961643300,33.64964331054688,1.4622586965560913,9.247005462646484,0.6117185354232788
1789729862971580400,33.659580322265626,1.8602946996688843,9.414599418640137,0.6811503767967224
1789729862981517600,33.669517578125,2.2409727573394775,9.424176216125488,0.6811503767967224
1789729862991454700,33.67945483398437,2.427720546722412,9.440936088562012,0.5560533404350281
1789729863001391600,33.6893916015625,2.3965959548950195,9.515155792236328,0.40043023228645325
1789729863011328800,33.699328857421875,2.2864625453948975,9.616311073303223,0.2519897222518921
1789729863021266000,33.70926586914062,2.1356279850006104,9.654618263244629,0.16819266974925995
1789729863031203600,33.71920361328125,2.1164743900299072,9.6618013381958,0.11791443079710007
1789729863041140700,33.729140625,2.2649147510528564,9.731232643127441,0.14185644686222076
1789729863051078000,33.73907788085938,2.33913516998291,9.783905029296875,0.2232593148946762
1789729863061014800,33.749014892578124,2.31758713722229,9.877279281616211,0.28790274262428284
1789729863070952200,33.7589521484375,2.2912509441375732,10.090363502502441,0.28072014451026917
1789729863080888800,33.76888891601563,2.1715409755706787,10.36569595336914,0.26396074891090393
1789729863090825500,33.77882543945312,2.0638017654418945,10.69370174407959,0.3669114112854004
1789729863100762000,33.78876220703125,1.9105730056762695,10.842741012573242,0.5919663906097412
1789729863110699000,33.79869897460937,1.7166426181793213,10.866683006286621,0.7625532150268555
1789729863120636200,33.80863623046875,1.6376339197158813,10.943297386169434,0.8631097078323364
1789729863130573600,33.81857348632813,1.556231141090393,10.926538467407227,0.8942343592643738
1789729863140511000,33.828510986328126,1.2755109071731567,10.79964542388916,0.8439561128616333
1789729863150448400,33.838448486328126,0.921169102191925,10.871471405029297,0.8583213090896606
1789729863160385800,33.8483857421875,0.7655459642410278,10.878653526306152,1.0211269855499268
1789729863170323200,33.8583232421875,0.8182184100151062,10.897807121276855,1.3299790620803833
1789729863180260600,33.86826049804687,0.861314058303833,10.895413398742676,1.6843209266662598
1789729863190197800,33.87819775390625,0.8373720645904541,10.816404342651367,1.9626468420028687
1789729863200135000,33.88813500976563,0.961870551109314,10.56680965423584,2.077568531036377
1789729863210071800,33.89807177734375,1.2395979166030884,10.17176628112793,2.0632033348083496
1789729863220009000,33.90800903320312,1.556231141090393,9.771934509277344,1.9818004369735718
1789729863229946000,33.91794604492188,1.7573440074920654,9.438541412353516,1.9387048482894897
1789729863239883300,33.92788330078125,1.802833914756775,9.153631210327148,1.8932149410247803
1789729863249820200,33.93782006835937,1.7334020137786865,8.954913139343262,1.7950527667999268
1789729863259757300,33.94775732421875,1.5514427423477173,8.902240753173828,1.677138328552246
1789729863269694500,33.957694580078126,1.301847219467163,8.976460456848145,1.6077064275741577
1789729863279631400,33.96763134765625,1.0528502464294434,9.048286437988281,1.533486247062683
1789729863289568500,33.97756860351563,0.9187749028205872,9.122507095336914,1.48081374168396
1789729863299505700,33.987505615234376,0.8852560520172119,9.21588134765625,1.404199242591858
1789729863309442800,33.99744287109375,0.9068039059638977,9.25179386138916,1.3706804513931274
1789729863319379700,34.00737963867188,0.983418345451355,9.282918930053711,1.3323732614517212
1789729863329316900,34.01731689453125,1.0384849309921265,9.302072525024414,1.2557587623596191
1789729863339254000,34.02725390625,1.1222820281982422,9.349956512451172,1.1240776777267456
1789729863349191200,34.03719116210937,1.206079125404358,9.443329811096191,1.0091559886932373
1789729863359128000,34.04712817382813,1.2324153184890747,9.486425399780273,0.9445125460624695
1789729863369065200,34.057065185546875,1.2635399103164673,9.474454879760742,0.8678981065750122
1789729863379002400,34.06700244140625,1.2994530200958252,9.5007905960083,0.7625532150268555
1789729863388939500,34.076939453125,1.3162124156951904,9.606734275817871,0.6787561774253845
1789729863398876400,34.08687646484375,1.2970588207244873,9.714473724365234,0.6308721303939819
1789729863408813600,34.0968134765625,1.3664906024932861,9.786299705505371,0.6212953329086304
1789729863418750700,34.10675073242187,1.4071919918060303,9.834183692932129,0.6596025824546814
1789729863428687600,34.1166875,1.3736732006072998,9.922768592834473,0.7122750282287598
1789729863438625000,34.126625,1.3401544094085693,10.064026832580566,0.7817068696022034
1789729863448562200,34.136562255859374,1.3186066150665283,10.157401084899902,0.9038111567497253
1789729863458499300,34.14649926757812,1.2419921159744263,10.308235168457031,1.0235211849212646
1789729863468436500,34.1564365234375,1.20368492603302,10.504559516906738,1.159990668296814
1789729863478373600,34.16637353515625,1.3401544094085693,10.593145370483398,1.2677297592163086
1789729863488310800,34.176310791015624,1.5658079385757446,10.585963249206543,1.3778630495071411
1789729863498248000,34.186248046875,1.7956513166427612,10.506954193115234,1.4760253429412842
1789729863508185300,34.19618530273438,2.027888774871826,10.348937034606934,1.5191209316253662
1789729863518122500,34.20612255859375,2.3127987384796143,10.121487617492676,1.5693992376327515
1789729863528059600,34.2160595703125,2.6144683361053467,9.870096206665039,1.5837644338607788
1789729863537996800,34.22599682617187,2.892794132232666,9.702502250671387,1.5741876363754272
1789729863547934000,34.23593383789063,3.0651767253875732,9.6618013381958,1.6124948263168335
1789729863557871000,34.24587109375,3.002927541732788,9.668983459472656,1.6196774244308472
1789729863567808300,34.255808349609374,2.761113166809082,9.728838920593262,1.535880446434021
1789729863577745700,34.26574560546875,2.3798365592956543,9.855731010437012,1.3730746507644653
1789729863587682800,34.27568286132812,1.9919757843017578,9.951498985290527,1.258152961730957
1789729863597620000,34.285619873046876,1.7525556087493896,9.989806175231934,1.2533645629882812
1789729863607557000,34.29555712890625,1.680729627609253,9.956287384033203,1.258152961730957
1789729863617494300,34.30549438476562,1.6759412288665771,9.90361499786377,1.2437877655029297
1789729863627431400,34.31543139648438,1.7190368175506592,9.819818496704102,1.2198457717895508
1789729863637368600,34.32536865234375,1.7477672100067139,9.695320129394531,1.1240776777267456
1789729863647305700,34.3353056640625,1.7693150043487549,9.609128952026367,1.0283095836639404
1789729863657243100,34.3452431640625,1.9273324012756348,9.529520988464355,0.9876081943511963
1789729863667180300,34.35518017578125,2.0901381969451904,9.457695007324219,0.9876081943511963
1789729863677117400,34.36511743164063,2.0039467811584473,9.48882007598877,0.812831461429596
1789729863687055000,34.37505517578125,1.623268723487854,9.582193374633789,0.5201402902603149
1789729863696991200,34.3849912109375,1.1581950187683105,9.678560256958008,0.2759317457675934
1789729863706927400,34.39492724609375,0.6673837304115295,9.815030097961426,0.08200141042470932
1789729863716863700,34.40486376953125,0.39624038338661194,9.858125686645508,0.048482585698366165
1789729863726800400,34.41480029296875,0.36990416049957275,9.874884605407715,0.07481880486011505
1789729863736737500,34.424737548828126,0.39384618401527405,9.896432876586914,0.12749123573303223
1789729863746675000,34.434675048828126,0.5500678420066833,9.920374870300293,0.13706804811954498
1789729863756612600,34.444612548828125,0.8684966564178467,9.824606895446777,0.24480712413787842
1789729863766550500,34.45455053710938,1.2395979166030884,9.726444244384766,0.39564183354377747
1789729863776488200,34.46448828125,1.5705963373184204,9.724050521850586,0.5129576921463013
1789729863786425900,34.47442578125,1.8914192914962769,9.716867446899414,0.5608417391777039
1789729863796363000,34.484363037109375,2.164358377456665,9.6618013381958,0.5704185366630554
1789729863806300400,34.494300537109375,2.2601263523101807,9.75278091430664,0.6260837316513062
1789729863816237300,34.5042373046875,2.161964178085327,9.827000617980957,0.6619967818260193
1789729863826174000,34.514174072265625,2.0638017654418945,9.915586471557617,0.6572083830833435
1789729863836110800,34.52411083984375,1.9105730056762695,9.973047256469727,0.7003039717674255
1789729863846047700,34.5340478515625,1.680729627609253,10.061633110046387,0.7194576263427734
1789729863855985200,34.543985107421875,1.4215573072433472,10.08078670501709,0.729034423828125
1789729863865922300,34.55392236328125,1.1869255304336548,10.068815231323242,0.729034423828125
1789729863875859700,34.56385961914062,1.1198878288269043,10.008959770202637,0.7721300721168518
1789729863885796900,34.573796875,1.2132617235183716,9.9371337890625,0.8271966576576233
1789729863895734300,34.583734375,1.2563573122024536,9.803058624267578,0.8583213090896606
1789729863905671400,34.59367138671875,1.2084733247756958,9.75278091430664,0.8080430626869202
1789729863915608800,34.60360888671875,1.1653777360916138,9.84615421295166,0.6787561774253845
1789729863925546000,34.6135458984375,0.9307458996772766,9.865307807922363,0.6739677786827087
1789729863935483000,34.62348291015625,0.6865373253822327,9.97065258026123,0.6548141837120056
1789729863945420000,34.633419921875,0.5907692909240723,10.018536567687988,0.558447539806366
1789729863955357200,34.64335717773437,0.5309142470359802,9.961075782775879,0.5009866952896118
1789729863965294300,34.65329443359375,0.5811924338340759,9.77672290802002,0.4411316514015198
1789729863975231200,34.663231201171875,0.6458359360694885,9.560646057128906,0.37648820877075195
1789729863985168400,34.67316845703125,0.7535749673843384,9.366715431213379,0.35015198588371277
1789729863995105500,34.68310546875,1.0121487379074097,9.10574722290039,0.4339490532875061
1789729864005042700,34.69304272460938,1.1581950187683105,8.861538887023926,0.5656301379203796
1789729864014979600,34.7029794921875,1.1438298225402832,8.873510360717773,0.6476315855979919
1789729864024916700,34.71291674804687,0.9906009435653687,9.081805229187012,0.49140989780426025
1789729864034854000,34.72285400390625,0.7703344225883484,9.225458145141602,0.4339490532875061
1789729864044790800,34.732790771484375,0.5021837949752808,9.304466247558594,0.48901569843292236
1789729864054728000,34.74272802734375,0.23104046285152435,9.46487808227539,0.28790274262428284
1789729864064665000,34.7526650390625,-0.3124433159828186,9.40023422241211,0.046088382601737976
1789729864074602200,34.76260229492188,-0.6141127347946167,9.611522674560547,-0.3130418658256531
1789729864084539100,34.7725390625,-0.6619967818260193,9.716867446899414,-0.5506663918495178
1789729864094476300,34.78247631835937,-0.6500257849693298,9.697713851928711,-0.45669397711753845
1789729864104413400,34.792413330078126,-0.3818751573562622,9.917980194091797,-0.4016273319721222
1789729864114350600,34.8023505859375,0.1041477769613266,10.169371604919434,-0.3489548861980438
1789729864124287500,34.81228759765625,0.45429977774620056,10.372879028320312,-0.18136078119277954
1789729864134224600,34.822224609375,0.5764040350914001,10.521319389343262,-0.04728548228740692
1789729864144161800,34.832161865234376,0.6075286865234375,10.619482040405273,0.03411737456917763
1789729864154099200,34.84209912109375,0.6602011322975159,10.614693641662598,0.012569558806717396
1789729864164036400,34.85203637695312,0.7846996188163757,10.54526138305664,0.04369417950510979
1789729864173973500,34.86197338867188,0.8062474131584167,10.427945137023926,0.03411737456917763
1789729864183910700,34.87191064453125,0.8182184100151062,10.284293174743652,0.04369417950510979
1789729864193847800,34.881847900390625,0.8876502513885498,10.095151901245117,0.10354922711849213
1789729864203785000,34.89178491210937,0.9570821523666382,9.949105262756348,0.2472013235092163
1789729864213722000,34.90172216796875,0.9020155072212219,9.93474006652832,0.44831427931785583
1789729864223659500,34.91165942382813,0.7894880175590515,9.963470458984375,0.5608417391777039
1789729864233596700,34.9215966796875,0.7679402232170105,9.999382972717285,0.6212953329086304
1789729864243533800,34.931533935546874,0.9091981053352356,10.032901763916016,0.6189011335372925
1789729864253471000,34.94147094726563,1.0121487379074097,10.001777648925781,0.5895721912384033
1789729864263408000,34.951408203125,1.0935516357421875,9.894038200378418,0.5632359385490417
1789729864273345300,34.96134521484375,1.1725603342056274,9.762357711791992,0.5464765429496765
1789729864283282400,34.97128247070312,1.1534066200256348,9.63067626953125,0.579995334148407
1789729864293219600,34.98121948242188,1.081580638885498,9.606734275817871,0.606930136680603
1789729864303157000,34.99115698242188,0.983418345451355,9.563039779663086,0.5895721912384033
1789729864313094100,35.00109423828125,0.9091981053352356,9.457695007324219,0.5704185366630554
1789729864323031300,35.01103125,0.8732850551605225,9.349956512451172,0.5560533404350281
1789729864332968400,35.02096850585937,0.8301894664764404,9.316437721252441,0.5871779918670654
1789729864342905600,35.03090551757813,0.739209771156311,9.393052101135254,0.6476315855979919
1789729864352842800,35.0408427734375,0.5979518890380859,9.455301284790039,0.6572083830833435
1789729864362780000,35.05077978515625,0.4854243993759155,9.46487808227539,0.6039373874664307
1789729864372717300,35.06071728515625,0.47584760189056396,9.409811019897461,0.5560533404350281
1789729864382654500,35.07065454101563,0.6242880821228027,9.349956512451172,0.5512649416923523
1789729864392591600,35.080591552734376,0.8110358119010925,9.208698272705078,0.5704185366630554
1789729864402528800,35.09052880859375,0.9427168965339661,9.062651634216309,0.5656301379203796
1789729864412466000,35.1004658203125,1.0073603391647339,8.938153266906738,0.5512649416923523
1789729864422403000,35.11040307617188,1.004966139793396,8.8878755569458,0.5656301379203796
1789729864432340200,35.12034033203125,0.9786299467086792,8.873510360717773,0.5560533404350281
1789729864442277000,35.13027709960937,0.9738415479660034,8.871115684509277,0.5201402902603149
1789729864452213800,35.1402138671875,0.9475052952766418,8.921394348144531,0.4842272996902466
1789729864462150700,35.15015063476562,0.961870551109314,8.964489936828613,0.4315548539161682
1789729864472087600,35.16008764648438,1.0336965322494507,8.983643531799316,0.3621230125427246
1789729864482024700,35.170024658203126,1.146224021911621,9.0051908493042,0.2902969419956207
1789729864491962000,35.179962158203125,1.3521254062652588,9.000402450561523,0.2041056901216507
1789729864501899300,35.18989916992187,1.558625340461731,8.97885513305664,0.09876082092523575
1789729864511836700,35.19983666992187,1.7717092037200928,8.998008728027344,0.02214636653661728
1789729864521773800,35.20977392578125,1.944091796875,9.057863235473633,-0.08798690885305405
1789729864531711700,35.21971166992188,2.0614075660705566,9.10574722290039,-0.22685061395168304
1789729864541649000,35.22964892578125,2.1739351749420166,9.182361602783203,-0.33698388934135437
1789729864551586000,35.2395859375,2.252943754196167,9.28531265258789,-0.43275195360183716
1789729864561523200,35.24952319335937,2.2577321529388428,9.476848602294922,-0.48303020000457764
1789729864571460400,35.25946044921875,2.2361843585968018,9.71926212310791,-0.5506663918495178
1789729864581397200,35.269397216796875,2.2361843585968018,9.961075782775879,-0.6224924325942993
1789729864591334400,35.27933447265625,2.212242364883423,10.123882293701172,-0.6655880808830261
1789729864601271600,35.289271484375,2.2601263523101807,10.222043991088867,-0.6919242739677429
1789729864611208400,35.29920849609375,2.4875755310058594,10.198101997375488,-0.7326257228851318
1789729864621145600,35.3091455078125,2.782660961151123,10.061633110046387,-0.6655880808830261
1789729864631082800,35.31908276367187,3.0125043392181396,9.865307807922363,-0.5141547918319702
1789729864641020000,35.32902001953125,3.1633388996124268,9.692925453186035,-0.3800795078277588
1789729864650956800,35.338956787109375,3.2423477172851562,9.563039779663086,-0.29867666959762573
1789729864660894000,35.34889404296875,3.208828926086426,9.531915664672852,-0.23403321206569672
1789729864670831000,35.3588310546875,3.053205728530884,9.572616577148438,-0.20290859043598175
1789729864680768300,35.368768310546876,2.7682957649230957,9.724050521850586,-0.18375498056411743
1789729864690705200,35.378705078125,2.3989901542663574,9.915586471557617,-0.262763649225235
1789729864700642300,35.38864233398437,2.2409727573394775,10.004171371459961,-0.36332011222839355
1789729864710579500,35.398579345703126,2.2625205516815186,9.987412452697754,-0.444722980260849
1789729864720516400,35.408516357421874,2.492363929748535,9.865307807922363,-0.5093663930892944
1789729864730453500,35.41845361328125,2.782660961151123,9.635464668273926,-0.5069721937179565
1789729864740390700,35.428390625,2.9957449436187744,9.381080627441406,-0.48063600063323975
1789729864750327800,35.438327880859376,3.072359323501587,9.136872291564941,-0.4183867573738098
1789729864760265000,35.44826489257812,2.938283920288086,9.019556045532227,-0.31783026456832886
1789729864770202400,35.45820239257812,2.63362193107605,9.024344444274902,-0.22685061395168304
1789729864780139500,35.46813940429688,2.3056161403656006,9.144054412841797,-0.15741875767707825
1789729864790076700,35.47807666015625,2.1092917919158936,9.223063468933105,-0.0999579206109047
1789729864800013800,35.488013916015625,2.123656988143921,9.247005462646484,-0.04489128291606903
1789729864809951000,35.49795092773437,2.229001760482788,9.230246543884277,-0.04249707981944084
1789729864819888000,35.50788818359375,2.3702597618103027,9.117718696594238,-0.0520738884806633
1789729864829825300,35.5178251953125,2.537853717803955,8.990825653076172,-0.07122749835252762
1789729864839762700,35.5277626953125,2.722805976867676,8.885480880737305,-0.04249707981944084
1789729864849699800,35.537699951171874,2.8425159454345703,8.873510360717773,0.048482585698366165
1789729864859637000,35.54763696289063,2.7275943756103516,8.940547943115234,0.19452889263629913
1789729864869574100,35.55757421875,2.473210334777832,9.060257911682129,0.2759317457675934
1789729864879511300,35.56751123046875,2.1739351749420166,9.1632080078125,0.345363587141037
1789729864889448400,35.57744848632812,1.8770540952682495,9.280524253845215,0.4770447015762329
1789729864899385600,35.58738549804688,1.6136919260025024,9.426570892333984,0.5704185366630554
1789729864909323000,35.59732299804688,1.4143747091293335,9.548674583435059,0.6476315855979919
1789729864919260200,35.60726025390625,1.304241418838501,9.695320129394531,0.7098808288574219
1789729864929197300,35.617197265625,1.2084733247756958,9.889249801635742,0.7433996200561523
1789729864939134500,35.62713452148437,1.105522632598877,10.181343078613281,0.6931213736534119
1789729864949071600,35.63707153320313,1.083974838256836,10.471040725708008,0.7146692276000977
1789729864959008800,35.6470087890625,1.2635399103164673,10.607510566711426,0.7769184708595276
1789729864968946000,35.65694580078125,1.6376339197158813,10.573991775512695,0.729034423828125
1789729864978883000,35.66688305664063,2.1284453868865967,10.382455825805664,0.6643909811973572
1789729864988820500,35.67682055664063,2.713229179382324,10.102334022521973,0.645237386226654
1789729864998757600,35.686757568359376,3.333327293395996,9.81024169921875,0.6715735793113708
1789729865008694800,35.69669482421875,3.8151605129241943,9.572616577148438,0.8056488633155823
1789729865018632000,35.7066318359375,3.9037458896636963,9.436147689819336,0.9564836025238037
1789729865028569000,35.71656909179688,3.618237257003784,9.551069259643555,1.1001356840133667
1789729865038506200,35.72650634765625,3.069965124130249,9.84376049041748,1.2198457717895508
1789729865048443400,35.736443359375,2.365471363067627,10.200496673583984,1.2988544702529907
1789729865058380800,35.746380859375,1.8076223134994507,10.521319389343262,1.3467384576797485
1789729865068318000,35.75631787109375,1.6136919260025024,10.696096420288086,1.2653355598449707
1789729865078255000,35.766255126953126,1.7980455160140991,10.718242645263672,1.1982979774475098
1789729865088192300,35.776192138671874,2.1380221843719482,10.62427043914795,1.1432312726974487
1789729865098129400,35.78612939453125,2.4684219360351562,10.60032844543457,1.0618284940719604
1789729865108066600,35.79606665039063,2.631227731704712,10.540472984313965,0.8391677141189575
1789729865118003700,35.806003662109376,2.741959571838379,10.437521934509277,0.5991489887237549
1789729865127940900,35.81594091796875,2.938283920288086,10.315418243408203,0.38127660751342773
1789729865137877800,35.82587768554688,3.134608507156372,10.119093894958496,0.24241292476654053
1789729865147815000,35.83581494140625,3.230376720428467,10.006566047668457,0.18734627962112427
1789729865157752000,35.845751953125,3.0986955165863037,9.898826599121094,0.21607670187950134
1789729865167689000,35.85568896484375,2.6408045291900635,9.90361499786377,0.20889410376548767
1789729865177626000,35.86562622070313,2.1763293743133545,9.807847023010254,0.11312603205442429
1789729865187563300,35.875563232421875,1.8770540952682495,9.747992515563965,-0.028131870552897453
1789729865197500400,35.88550048828125,1.522712230682373,9.68574333190918,-0.12868833541870117
1789729865207437300,35.89543725585938,1.1342530250549316,9.57979965209961,-0.3274070918560028
1789729865217374500,35.90537451171875,0.8277952671051025,9.30686092376709,-0.5069721937179565
1789729865227311600,35.9153115234375,0.5261258482933044,9.07222843170166,-0.6727706789970398
1789729865237248800,35.92524877929687,0.2214636504650116,8.969278335571289,-0.8403648138046265
1789729865247186200,35.93518627929687,0.04429273307323456,8.957306861877441,-0.8403648138046265
1789729865257123800,35.94512377929688,0.0035913025494664907,9.057863235473633,-0.6512228846549988
1789729865267061200,35.95506127929688,0.02992752194404602,9.153631210327148,-0.3585317134857178
1789729865276998100,35.964998046875,0.6554127335548401,9.189544677734375,0.06763619929552078
1789729865286934800,35.97493481445313,1.6400281190872192,9.132083892822266,0.3597288131713867
1789729865296871700,35.98487158203125,2.3056161403656006,8.85435676574707,0.4507084786891937
1789729865306808300,35.99480834960937,2.43011474609375,8.559869766235352,0.3908534348011017
1789729865316745500,36.004745361328126,2.070984363555908,8.33182144165039,0.11312603205442429
1789729865326683100,36.01468310546875,1.4143747091293335,8.2312650680542,-0.1885433793067932
1789729865336621000,36.02462109375,0.4423287510871887,8.336610794067383,-0.3561375141143799
1789729865346558500,36.03455834960938,-0.43694180250167847,8.631695747375488,-0.40880993008613586
1789729865356495400,36.044495361328124,-0.9546879529953003,8.976460456848145,-0.4040215313434601
1789729865366432500,36.0544326171875,-1.24917471408844,9.369110107421875,-0.375291109085083
1789729865376369700,36.06436962890625,-1.2946646213531494,9.81263542175293,-0.25079262256622314
1789729865386306800,36.074306884765626,-1.0696096420288086,10.11669921875,-0.05925649031996727
1789729865396244200,36.084244140625,-0.7170634269714355,10.245985984802246,0.07481880486011505
1789729865406181400,36.09418139648437,-0.21428105235099792,10.186131477355957,0.02693476900458336
1789729865416118300,36.1041181640625,0.30047231912612915,10.013748168945312,-0.11911153793334961
1789729865426055700,36.1140556640625,0.6961141228675842,9.819818496704102,-0.25079262256622314
1789729865435992600,36.12399267578125,0.8972271084785461,9.707290649414062,-0.3705027103424072
1789729865445930000,36.13392993164062,0.9331400990486145,9.740809440612793,-0.43275195360183716
1789729865455867000,36.14386694335938,0.8158242106437683,9.963470458984375,-0.3298012912273407
1789729865465803800,36.1538037109375,0.5524620413780212,10.303446769714355,-0.15981295704841614
1789729865475740700,36.16374072265625,0.1759738177061081,10.573991775512695,-0.018555063754320145
1789729865485677600,36.173677490234375,-0.0035913025494664907,10.780491828918457,0.03411737456917763
1789729865495614500,36.18361450195312,0.02753331884741783,10.825981140136719,0.11791443079710007
1789729865505551400,36.19355126953125,0.0802057534456253,10.638635635375977,0.16579847037792206
1789729865515488800,36.20348876953125,0.21667525172233582,10.363302230834961,0.1586158573627472
1789729865525426000,36.213426025390625,0.4638765752315521,10.001777648925781,0.11552023142576218
1789729865535363300,36.22336328125,0.6841431260108948,9.673771858215332,0.07003039866685867
1789729865545300500,36.23330053710937,0.760757565498352,9.493608474731445,0.0077811554074287415
1789729865555238000,36.24323779296875,0.6937199234962463,9.493608474731445,-0.020949264988303185
1789729865565175300,36.25317529296875,0.5716156363487244,9.616311073303223,0.01975216343998909
1789729865575112400,36.263112548828126,0.4950011968612671,9.841365814208984,0.0867898091673851
1789729865585049900,36.2730498046875,0.5117605924606323,10.099940299987793,0.08918401598930359
1789729865594987000,36.28298706054687,0.6602011322975159,10.166977882385254,0.041299980133771896
1789729865604924400,36.29292431640625,0.9475052952766418,10.135852813720703,0.0005985504249110818
1789729865614861600,36.30286157226563,1.2539631128311157,9.989806175231934,0.01975216343998909
1789729865624798700,36.312798828125,1.426345705986023,9.829395294189453,0.04369417950510979
1789729865634735900,36.32273583984375,1.4574702978134155,9.659406661987305,0.048482585698366165
1789729865644672800,36.3326728515625,1.4335283041000366,9.493608474731445,0.11552023142576218
1789729865654610000,36.34260986328125,1.4359225034713745,9.318831443786621,0.28072014451026917
1789729865664547000,36.352547119140624,1.558625340461731,9.165602684020996,0.46986207365989685
1789729865674484200,36.36248413085937,1.7381904125213623,8.988431930541992,0.5632359385490417
1789729865684421000,36.372421142578126,1.8124107122421265,8.789712905883789,0.6093243360519409
1789729865694358300,36.382358154296874,1.764526605606079,8.681973457336426,0.5416881442070007
1789729865704295400,36.39229541015625,1.659181833267212,8.749011993408203,0.4531026780605316
1789729865714232600,36.40223266601563,1.4646528959274292,8.918999671936035,0.3693056106567383
1789729865724169500,36.41216943359375,1.2755109071731567,9.177573204040527,0.2759317457675934
1789729865734106600,36.42210668945312,1.2659341096878052,9.476848602294922,0.2472013235092163
1789729865744043800,36.43204370117188,1.4550760984420776,9.745597839355469,0.1825578808784485
1789729865753981000,36.44198095703125,1.6879122257232666,9.7791166305542,0.048482585698366165
1789729865763917800,36.45191772460937,1.7717092037200928,9.738415718078613,-0.1215057373046875
1789729865773855000,36.46185498046875,1.9536685943603516,9.621099472045898,-0.24121582508087158
1789729865783792000,36.47179223632813,2.140416383743286,9.450512886047363,-0.2819172441959381
1789729865793729300,36.481729248046875,2.5067291259765625,9.369110107421875,-0.23163901269435883
1789729865803666400,36.49166650390625,2.919130325317383,9.302072525024414,-0.12868833541870117
1789729865813603600,36.501603515625,3.18249249458313,9.268553733825684,0.010175357572734356
1789729865823540700,36.51154077148438,3.247136116027832,9.328408241271973,0.17537526786327362
1789729865833478100,36.52147802734375,3.2184057235717773,9.443329811096191,0.30945056676864624
1789729865843415300,36.531415283203124,3.208828926086426,9.55585765838623,0.47225627303123474
1789729865853353500,36.541353515625,3.24953031539917,9.68574333190918,0.6428431272506714
1789729865863290400,36.55129028320312,3.333327293395996,9.75278091430664,0.7050924301147461
1789729865873227500,36.5612275390625,3.424306869506836,9.678560256958008,0.7577648162841797
1789729865883164400,36.571164306640625,3.508104085922241,9.512762069702148,0.7841010689735413
1789729865893101600,36.5811015625,3.515286684036255,9.381080627441406,0.7625532150268555
1789729865903039200,36.591039306640624,3.421912670135498,9.318831443786621,0.7433996200561523
1789729865912977000,36.600976806640624,3.208828926086426,9.345168113708496,0.8224082589149475
1789729865922913000,36.6109130859375,2.9718029499053955,9.412205696105957,0.8846575021743774
1789729865932849400,36.62084936523438,2.694075345993042,9.440936088562012,0.9133879542350769
1789729865942786000,36.6307861328125,2.470816135406494,9.474454879760742,0.9493009448051453
1789729865952722700,36.64072265625,2.296039342880249,9.426570892333984,0.8990227580070496
1789729865962659800,36.650659912109376,2.126051187515259,9.345168113708496,0.8870517015457153
1789729865972597000,36.66059692382812,2.0159177780151367,9.244611740112305,0.829590916633606
1789729865982534700,36.67053466796875,2.006340980529785,9.172784805297852,0.7601590156555176
1789729865992472300,36.680472412109374,2.0638017654418945,9.100958824157715,0.750582218170166
1789729866002410200,36.69041015625,2.161964178085327,9.084199905395508,0.7433996200561523
1789729866012348200,36.70034814453125,2.2146365642547607,9.100958824157715,0.7338228225708008
1789729866022285300,36.710285400390624,2.145204782485962,9.21827507019043,0.6548141837120056
1789729866032222500,36.72022241210937,1.9752163887023926,9.323619842529297,0.5560533404350281
1789729866042159600,36.73015966796875,1.8291701078414917,9.426570892333984,0.41718965768814087
1789729866052095500,36.74009545898438,1.7166426181793213,9.505578994750977,0.2998737692832947
1789729866062031400,36.75003125,1.5466543436050415,9.613917350769043,0.1562216579914093
1789729866071968000,36.759968017578124,1.3569138050079346,9.6618013381958,-0.004189853090792894
1789729866081904600,36.76990454101563,1.2731167078018188,9.659406661987305,-0.13587094843387604
1789729866091842000,36.77984204101563,1.2635399103164673,9.714473724365234,-0.20290859043598175
1789729866101780000,36.78978002929688,1.1079168319702148,9.764751434326172,-0.2388216257095337
1789729866111718100,36.79971826171875,1.0241197347640991,9.783905029296875,-0.3489548861980438
1789729866121656300,36.80965625,1.1150994300842285,9.7791166305542,-0.43754035234451294
1789729866131594000,36.819593994140625,1.1773487329483032,9.75517463684082,-0.5141547918319702
1789729866141531600,36.82953173828125,1.2012907266616821,9.807847023010254,-0.5817909836769104
1789729866151468000,36.83946801757813,1.227626919746399,9.882067680358887,-0.5674257874488831
1789729866161404200,36.84940405273438,1.3401544094085693,9.996989250183105,-0.5554547905921936
1789729866171340800,36.8593408203125,1.4000093936920166,10.178948402404785,-0.4686649739742279
1789729866181277400,36.86927734375,1.2563573122024536,10.42076301574707,-0.3489548861980438
1789729866191214600,36.87921459960938,1.0959458351135254,10.645817756652832,-0.27473464608192444
1789729866201152000,36.889152099609376,1.0887632369995117,10.778097152709961,-0.20051439106464386
1789729866211089400,36.89908935546875,1.2300211191177368,10.842741012573242,-0.09038111567497253
1789729866221027300,36.90902734375,1.4119805097579956,10.852317810058594,0.07481880486011505
1789729866230965000,36.918965087890626,1.5729905366897583,10.790068626403809,0.23283611238002777
1789729866240903000,36.92890283203125,1.6519991159439087,10.650606155395508,0.3381809890270233
1789729866250840000,36.938840087890625,1.6615760326385498,10.468647003173828,0.414795458316803
1789729866260777200,36.94877709960937,1.656787633895874,10.305841445922852,0.47225627303123474
1789729866270714400,36.95871435546875,1.6663644313812256,10.11669921875,0.5656301379203796
1789729866280651500,36.96865161132813,1.699883222579956,9.884461402893066,0.6356605291366577
1789729866290588400,36.97858837890625,1.845929503440857,9.623494148254395,0.5847837924957275
1789729866300525300,36.988525390625,2.0039467811584473,9.37389850616455,0.4578910768032074
1789729866310462500,36.99846240234375,2.0853497982025146,9.211092948913574,0.2974795699119568
1789729866320400000,37.00839990234375,1.9704279899597168,9.103353500366211,0.12988543510437012
1789729866330337300,37.018337158203124,1.8483237028121948,9.0051908493042,-0.05446808785200119
1789729866340274400,37.0282744140625,1.7621324062347412,8.895057678222656,-0.15023615956306458
1789729866350211800,37.0382119140625,1.6519991159439087,8.861538887023926,-0.17896658182144165
1789729866360148700,37.048148681640626,1.5945383310317993,8.926182746887207,-0.22924481332302094
1789729866370086000,37.0580859375,1.6112977266311646,9.041104316711426,-0.3250128924846649
1789729866380023000,37.06802294921875,1.5825673341751099,9.201516151428223,-0.3705027103424072
1789729866389960200,37.07796020507813,1.4215573072433472,9.460089683532715,-0.40880993008613586
1789729866399897000,37.08789697265625,1.2611457109451294,9.695320129394531,-0.497395396232605
1789729866409834200,37.09783422851562,1.2659341096878052,9.762357711791992,-0.5937620401382446
1789729866419772000,37.10777197265625,1.5029600858688354,9.697713851928711,-0.6512228846549988
1789729866429709000,37.117708984375,1.886630892753601,9.539097785949707,-0.6703764796257019
1789729866439646200,37.12764624023438,2.2433669567108154,9.393052101135254,-0.6248866319656372
1789729866449582600,37.13758251953125,2.427720546722412,9.326014518737793,-0.5386953949928284
1789729866459519200,37.147519287109375,2.3702597618103027,9.369110107421875,-0.45908817648887634
1789729866469456100,37.1574560546875,2.1811177730560303,9.416994094848633,-0.3824737071990967
1789729866479393300,37.16739331054688,1.8794482946395874,9.498396873474121,-0.322618693113327
1789729866489330400,37.177330322265625,1.4119805097579956,9.625887870788574,-0.34656068682670593
1789729866499268000,37.18726806640625,0.9020155072212219,9.807847023010254,-0.4183867573738098
1789729866509205500,37.19720556640625,0.5548562407493591,9.894038200378418,-0.5021837949752808
1789729866519143200,37.20714306640625,0.45429977774620056,9.874884605407715,-0.5530605912208557
1789729866529080600,37.21708056640625,0.5165489912033081,9.84615421295166,-0.5339069962501526
1789729866539018000,37.22701806640625,0.7416039705276489,9.71926212310791,-0.608127236366272
1789729866548955100,37.236955078125,0.8972271084785461,9.563039779663086,-0.6775590777397156
1789729866558892000,37.24689208984375,1.0097545385360718,9.472060203552246,-0.7350199222564697
1789729866568829200,37.2568291015625,1.0313023328781128,9.37629222869873,-0.7110779285430908
1789729866578768000,37.26676782226563,0.9522937536239624,9.388263702392578,-0.7254431247711182
1789729866588702500,37.27670239257812,0.8134300112724304,9.462483406066895,-0.7613561153411865
1789729866598637300,37.28663720703125,0.5883750915527344,9.577404975891113,-0.7469909191131592
1789729866608573000,37.29657299804688,0.28371289372444153,9.771934509277344,-0.6799532771110535
1789729866618509300,37.30650927734375,0.008379706181585789,10.030508041381836,-0.6368576288223267
1789729866628446500,37.31644653320313,-0.14245499670505524,10.24119758605957,-0.6129156351089478
1789729866638384400,37.32638427734375,-0.1496376097202301,10.396821022033691,-0.586579442024231
1789729866648323000,37.336322998046874,0.04189852997660637,10.468647003173828,-0.6200982332229614
1789729866658262300,37.34626220703125,0.4183867573738098,10.437521934509277,-0.6416460275650024
1789729866668201200,37.356201171875,0.7870938181877136,10.360907554626465,-0.6584054827690125
1789729866678138600,37.366138671875,1.0791864395141602,10.303446769714355,-0.7158663272857666
1789729866688075000,37.37607495117187,1.2563573122024536,10.24119758605957,-0.7206547260284424
1789729866698012200,37.38601220703125,1.3856441974639893,10.257957458496094,-0.7422025203704834
1789729866707949600,37.39594946289063,1.4790180921554565,10.32978343963623,-0.7350199222564697
1789729866717887000,37.40588696289063,1.5682021379470825,10.370484352111816,-0.7709329724311829
1789729866727824100,37.41582421875,1.6424223184585571,10.358513832092285,-0.7972691655158997
1789729866737761300,37.42576123046875,1.7334020137786865,10.346542358398438,-0.8475474119186401
1789729866747698400,37.43569848632813,1.8698714971542358,10.281899452209473,-0.8906430602073669
1789729866757635600,37.445635498046876,1.8962076902389526,10.008959770202637,-0.8786720037460327
1789729866767572500,37.455572509765624,1.8626888990402222,9.690531730651855,-0.8379706144332886
1789729866777509600,37.46550952148438,1.8579005002975464,9.457695007324219,-0.6823474764823914
1789729866787446800,37.47544677734375,1.8052281141281128,9.247005462646484,-0.5674257874488831
1789729866797384000,37.485384033203125,1.5610195398330688,9.07222843170166,-0.5045779943466187
1789729866807320800,37.49532080078125,1.1510124206542969,9.019556045532227,-0.46627077460289
1789729866817258000,37.50525805664063,0.71766197681427,9.026739120483398,-0.43035775423049927
1789729866827195100,37.515195068359375,0.3818751573562622,9.060257911682129,-0.4255693554878235
1789729866837132500,37.525132568359375,0.23582886159420013,9.09377670288086,-0.45908817648887634
1789729866847071000,37.53507104492188,0.23104046285152435,9.100958824157715,-0.5506663918495178
1789729866857006600,37.54500659179688,0.3148375153541565,9.067440032958984,-0.6536170840263367
1789729866866942000,37.55494189453125,0.48303020000457764,9.100958824157715,-0.7086837291717529
1789729866876878000,37.56487817382813,0.6937199234962463,9.237428665161133,-0.6703764796257019
1789729866886815000,37.57481494140625,0.8972271084785461,9.366715431213379,-0.5650315880775452
1789729866896752400,37.58475244140625,1.0552444458007812,9.46487808227539,-0.47584760189056396
1789729866906690800,37.59469091796875,1.1534066200256348,9.503185272216797,-0.4279635548591614
1789729866916629200,37.60462915039062,1.1965023279190063,9.49121379852295,-0.36571431159973145
1789729866926567700,37.614567626953125,1.2132617235183716,9.46727180480957,-0.29388827085494995
1789729866936504800,37.6245048828125,1.1294646263122559,9.474454879760742,-0.2388216257095337
1789729866946442000,37.63444189453125,1.0576386451721191,9.503185272216797,-0.20769700407981873
1789729866956379000,37.64437890625,0.9810241460800171,9.553462982177734,-0.22924481332302094
1789729866966316000,37.65431591796875,1.0576386451721191,9.570222854614258,-0.27712884545326233
1789729866976253200,37.66425317382812,1.2826935052871704,9.507973670959473,-0.31783026456832886
1789729866986190300,37.6741904296875,1.5394717454910278,9.424176216125488,-0.41359832882881165
1789729866996127200,37.684127197265624,1.7477672100067139,9.405022621154785,-0.5434837937355042
1789729867006065000,37.69406494140625,1.845929503440857,9.390657424926758,-0.6416460275650024
1789729867016002000,37.704001953125,1.8363527059555054,9.445724487304688,-0.706289529800415
1789729867025939200,37.71393920898438,1.7525556087493896,9.572616577148438,-0.7398083209991455
1789729867035876400,37.72387646484375,1.644816517829895,9.678560256958008,-0.6991068720817566
1789729867045813200,37.73381323242187,1.5945383310317993,9.731232643127441,-0.6751648783683777
1789729867055750400,37.74375048828125,1.5897499322891235,9.757569313049316,-0.6224924325942993
1789729867065687600,37.7536875,1.534683346748352,9.757569313049316,-0.5770025849342346
1789729867075624700,37.763624755859375,1.4407109022140503,9.805453300476074,-0.6200982332229614
1789729867085561600,37.7735615234375,1.349731206893921,9.90122127532959,-0.5841852426528931
1789729867095499000,37.7834990234375,1.20368492603302,10.030508041381836,-0.524330198764801
1789729867105437400,37.7934375,1.0504560470581055,10.162189483642578,-0.524330198764801
1789729867115373300,37.803373291015625,0.9570821523666382,10.250774383544922,-0.5554547905921936
1789729867125309200,37.81330908203125,1.0336965322494507,10.336965560913086,-0.5219359993934631
1789729867135245300,37.82324536132813,1.1534066200256348,10.45667552947998,-0.3992331326007843
1789729867145182200,37.83318212890625,1.20368492603302,10.63624095916748,-0.262763649225235
1789729867155119000,37.843119140625,1.3329718112945557,10.847529411315918,-0.07841010391712189
1789729867165056800,37.85305688476563,1.3832499980926514,11.010334968566895,-0.04489128291606903
1789729867174994400,37.86299438476563,1.349731206893921,11.192294120788574,-0.04249707981944084
1789729867184932600,37.8729326171875,1.3617022037506104,11.300033569335938,-0.13826514780521393
1789729867194870800,37.882870849609375,1.3329718112945557,11.16356372833252,-0.20769700407981873
1789729867204808400,37.892808349609375,1.4095861911773682,10.969634056091309,-0.3489548861980438
1789729867214745600,37.90274560546875,1.0528502464294434,10.902595520019531,-0.4016273319721222
1789729867224682800,37.91268286132812,0.9115923047065735,10.188525199890137,-0.1646013706922531
1789729867234620000,37.92261987304688,1.3856441974639893,9.87967300415039,-0.06883329898118973
1789729867244557000,37.93255712890625,1.9321208000183105,9.409811019897461,0.002992752008140087
1789729867254494200,37.942494140625,2.7036523818969727,8.976460456848145,0.2041056901216507
1789729867264431000,37.95243115234375,3.376422882080078,8.777742385864258,0.26396074891090393
1789729867274368300,37.9623681640625,3.6517560482025146,8.514379501342773,0.37648820877075195
1789729867284305400,37.972305419921874,3.6062662601470947,8.507197380065918,0.28550854325294495
1789729867294242300,37.9822421875,2.9550435543060303,8.636484146118164,0.16101007163524628
1789729867304179500,37.992179443359376,2.142810583114624,8.816049575805664,-0.013766659423708916
1789729867314116600,38.00211669921875,1.3856441974639893,8.983643531799316,-0.17417816817760468
1789729867324053800,38.0120537109375,0.7823054194450378,9.182361602783203,-0.45669397711753845
1789729867333990700,38.02199072265625,0.5093663930892944,9.40023422241211,-0.7613561153411865
1789729867343927800,38.031927734375,0.497395396232605,9.546280860900879,-0.8619126081466675
1789729867353865000,38.04186499023437,0.6937199234962463,9.625887870788574,-0.7374141216278076
1789729867363802000,38.05180200195313,0.9714473485946655,9.676166534423828,-0.5069721937179565
1789729867373739300,38.0617392578125,1.2372037172317505,9.724050521850586,-0.2651578485965729
1789729867383676400,38.071676513671875,1.4933832883834839,9.68813705444336,-0.08798690885305405
1789729867393613600,38.08161352539062,1.3305776119232178,9.575011253356934,-0.17896658182144165
1789729867403550700,38.09155078125,1.6208745241165161,9.6618013381958,-0.3728969097137451
1789729867413487900,38.10148779296875,1.9129672050476074,9.40023422241211,-0.2890998423099518
1789729867423425300,38.11142529296875,2.0877439975738525,9.19433307647705,-0.18375498056411743
1789729867433363000,38.121363037109376,2.1380221843719482,9.144054412841797,-0.17657238245010376
1789729867443300900,38.13130078125,2.032677173614502,9.16081428527832,-0.25079262256622314
1789729867453238800,38.14123876953125,1.723825216293335,9.294889450073242,-0.3968389332294464
1789729867463174100,38.151174072265626,1.3617022037506104,9.517550468444824,-0.569819986820221
1789729867473110300,38.1611103515625,1.146224021911621,9.726444244384766,-0.6392518281936646
1789729867483047000,38.171046875,1.0528502464294434,9.874884605407715,-0.6272808313369751
1789729867492983600,38.18098364257813,1.0720038414001465,10.042478561401367,-0.6224924325942993
1789729867502921200,38.19092114257813,1.2180501222610474,10.099940299987793,-0.5530605912208557
1789729867512859100,38.20085913085938,1.490989089012146,10.155006408691406,-0.4016273319721222
1789729867522797300,38.21079736328125,1.7501614093780518,10.29865837097168,-0.20290859043598175
1789729867532735200,38.2207353515625,1.8052281141281128,10.504559516906738,0.0005985504249110818
1789729867542672600,38.23067260742187,1.8555063009262085,10.645817756652832,0.14664486050605774
1789729867552609800,38.24060986328125,1.9033904075622559,10.76612663269043,0.26156654953956604
1789729867562547000,38.250546875,1.9057846069335938,10.85949993133545,0.33099839091300964
1789729867572484000,38.260484130859375,2.0422539710998535,10.823587417602539,0.42437225580215454
1789729867582421200,38.27042114257812,2.276885747909546,10.676942825317383,0.5273229479789734
1789729867592358400,38.2803583984375,2.4803929328918457,10.437521934509277,0.6141127347946167
1789729867602295600,38.29029565429688,2.604891538619995,10.11669921875,0.7146692276000977
1789729867612232700,38.300232666015624,2.7491421699523926,9.764751434326172,0.7410054206848145
1789729867622170400,38.31017041015625,2.8999767303466797,9.510367393493652,0.6572083830833435
1789729867632106800,38.32010668945313,2.844910144805908,9.390657424926758,0.4770447015762329
1789729867642043600,38.330043701171874,2.6192567348480225,9.30925464630127,0.2974795699119568
1789729867651981600,38.339981689453126,2.4444799423217773,9.148842811584473,0.18734627962112427
1789729867661919200,38.349919189453125,2.3343467712402344,8.959701538085938,0.17058686912059784
1789729867671855400,38.35985546875,2.3127987384796143,8.76337718963623,0.17298106849193573
1789729867681791700,38.36979174804687,2.33913516998291,8.514379501342773,0.16819266974925995
1789729867691728100,38.37972802734375,2.343923568725586,8.35097599029541,0.11312603205442429
1789729867701665300,38.38966528320312,2.2912509441375732,8.339004516601562,0.03411737456917763
1789729867711603000,38.39960302734375,2.008735179901123,8.422801971435547,-0.028131870552897453
1789729867721540600,38.40954052734375,1.6519991159439087,8.64127254486084,-0.030526071786880493
1789729867731478500,38.419478515625,1.4143747091293335,8.801684379577637,0.012569558806717396
1789729867741416200,38.429416259765624,1.3114240169525146,8.94533634185791,0.048482585698366165
1789729867751353300,38.43935327148437,1.347337007522583,9.141660690307617,0.07003039866685867
1789729867761289700,38.449289794921874,1.5634137392044067,9.28531265258789,0.03172317147254944
1789729867771226600,38.4592265625,1.7812861204147339,9.37629222869873,-0.0065840547904372215
1789729867781163500,38.46916357421875,1.8076223134994507,9.5007905960083,-0.08559270948171616
1789729867791101000,38.479100830078124,1.7046716213226318,9.599552154541016,-0.16220717132091522
1789729867801038000,38.4890380859375,1.53707754611969,9.582193374633789,-0.2364274114370346
1789729867810975500,38.4989755859375,1.371279001235962,9.55585765838623,-0.3010708689689636
1789729867820912600,38.50891259765625,1.3736732006072998,9.553462982177734,-0.4183867573738098
1789729867830850000,38.51885009765625,1.577778935432434,9.48882007598877,-0.4950011968612671
1789729867840787200,38.528787109375,2.0231003761291504,9.366715431213379,-0.497395396232605
1789729867850724600,38.538724609375,2.3774423599243164,9.266159057617188,-0.4686649739742279
1789729867860661800,38.54866186523437,2.585737943649292,9.287707328796387,-0.4638765752315521
1789729867870599200,38.55859912109375,2.604891538619995,9.299677848815918,-0.47584760189056396
1789729867880536300,38.568536376953126,2.4013843536376953,9.40023422241211,-0.5171475410461426
1789729867890473700,38.5784736328125,2.185906171798706,9.609128952026367,-0.6488286852836609
1789729867900411100,38.5884111328125,1.9704279899597168,9.78869342803955,-0.7876923680305481
1789729867910348300,38.59834838867187,1.7764976024627686,10.049661636352539,-0.8355764150619507
1789729867920285400,38.60828540039063,1.680729627609253,10.348937034606934,-0.8092401623725891
1789729867930222800,38.61822290039063,1.7549498081207275,10.487800598144531,-0.7086837291717529
1789729867940160000,38.628159912109375,1.9632453918457031,10.427945137023926,-0.5889736413955688
1789729867950097200,38.63809716796875,2.2864625453948975,10.334571838378906,-0.5315127968788147
1789729867960034600,38.64803466796875,2.6605565547943115,10.26513957977295,-0.47584760189056396
1789729867969971200,38.65797119140625,2.981379747390747,10.210073471069336,-0.41120412945747375
1789729867979908600,38.66790869140625,3.1250317096710205,10.143035888671875,-0.3130418658256531
1789729867989845800,38.677845703125,3.050811529159546,10.260351181030273,-0.2651578485965729
1789729867999783200,38.687783203125,2.8377275466918945,10.322600364685059,-0.20290859043598175
1789729868009720000,38.697719970703126,2.494758129119873,10.370484352111816,-0.2603694200515747
1789729868019657000,38.707656982421874,2.1715409755706787,10.358513832092285,-0.38965633511543274
1789729868029593900,38.71759375,1.9033904075622559,10.310629844665527,-0.5482721924781799
1789729868039530800,38.72753076171875,1.7573440074920654,10.159794807434082,-0.6631938815116882
1789729868049467600,38.73746752929687,1.8698714971542358,9.965864181518555,-0.7230489253997803
1789729868059405300,38.7474052734375,2.1045033931732178,9.750386238098145,-0.8044517636299133
1789729868069343200,38.75734326171875,2.2912509441375732,9.548674583435059,-0.8451532125473022
1789729868079280600,38.76728076171875,2.5330653190612793,9.393052101135254,-0.8451532125473022
1789729868089217800,38.7772177734375,2.718017578125,9.242217063903809,-0.7924807667732239
1789729868099155000,38.787155029296876,2.7467479705810547,9.206304550170898,-0.7661445140838623
1789729868109092000,38.797092041015624,2.542642116546631,9.294889450073242,-0.6943184733390808
1789729868119029800,38.80702978515625,2.410961151123047,9.472060203552246,-0.5434837937355042
1789729868128966000,38.8169658203125,2.3726539611816406,9.66419506072998,-0.3776853084564209
1789729868138902300,38.82690234375,2.073378562927246,9.807847023010254,-0.3489548861980438
1789729868148839000,38.8368388671875,1.6496049165725708,9.771934509277344,-0.5045779943466187
1789729868158775800,38.84677587890625,1.2419921159744263,9.505578994750977,-0.6991068720817566
1789729868168713500,38.85671337890625,0.9115923047065735,9.37629222869873,-0.9457096457481384
1789729868178651100,38.86665112304688,0.8445546627044678,9.347561836242676,-1.094150185585022
1789729868188589000,38.87658911132812,0.760757565498352,9.337985038757324,-1.1683704853057861
1789729868198526700,38.88652661132812,0.801459014415741,9.496002197265625,-0.9433154463768005
1789729868208464100,38.89646411132812,1.0720038414001465,9.759963035583496,-0.8690952062606812
1789729868218401300,38.9064013671875,1.2587515115737915,9.886856079101562,-0.6775590777397156
1789729868228338400,38.91633837890625,1.3856441974639893,9.925163269042969,-0.586579442024231
1789729868238275600,38.926275634765624,1.5658079385757446,9.841365814208984,-0.41359832882881165
1789729868248212700,38.93621264648438,1.8555063009262085,9.716867446899414,-0.1885433793067932
1789729868258150000,38.94614990234375,2.1356279850006104,9.469666481018066,-0.013766659423708916
1789729868268087000,38.956087158203125,2.3965959548950195,9.220669746398926,0.09636662155389786
1789729868278024400,38.9660244140625,2.382230758666992,9.012373924255371,0.0005985504249110818
1789729868287961600,38.97596166992187,2.408566951751709,8.976460456848145,-0.08319851011037827
1789729868297898800,38.98589868164063,2.4205379486083984,8.974066734313965,0.14425064623355865
1789729868307836000,38.9958359375,2.126051187515259,9.00279712677002,0.292691171169281
1789729868317773000,39.00577294921875,1.7741034030914307,9.282918930053711,0.26156654953956604
1789729868327710200,39.01571020507812,1.699883222579956,9.55825138092041,0.16819266974925995
1789729868337647400,39.0256474609375,1.6304513216018677,9.640253067016602,0.07003039866685867
1789729868347584800,39.035584716796876,1.4646528959274292,9.700108528137207,-0.0065840547904372215
1789729868357522000,39.04552197265625,1.3760673999786377,9.805453300476074,-0.06165069341659546
1789729868367459000,39.055458984375,1.4718354940414429,9.750386238098145,-0.07122749835252762
1789729868377396200,39.06539624023438,1.6927006244659424,9.640253067016602,-0.018555063754320145
1789729868387333400,39.07533349609375,1.8842366933822632,9.505578994750977,0.08200141042470932
1789729868397270500,39.0852705078125,2.0422539710998535,9.282918930053711,0.2232593148946762
1789729868407207700,39.09520776367187,2.2864625453948975,9.041104316711426,0.30945056676864624
1789729868417145000,39.10514501953125,2.8329391479492188,8.825626373291016,0.40521863102912903
1789729868427082200,39.11508227539063,3.3859996795654297,8.624512672424316,0.46986207365989685
1789729868437019400,39.125019287109374,3.6804866790771484,8.543109893798828,0.46746787428855896
1789729868446956500,39.13495654296875,3.553593873977661,8.600570678710938,0.414795458316803
1789729868456893700,39.14489379882812,3.096301317214966,8.811261177062988,0.3190273642539978
1789729868466830800,39.154830810546876,2.58813214302063,9.045892715454102,0.23523031175136566
1789729868476768000,39.16476806640625,2.3104045391082764,9.182361602783203,0.1586158573627472
1789729868486705200,39.174705078125,2.2385785579681396,9.16081428527832,0.10594342648983002
1789729868496642600,39.184642578125,2.341529369354248,9.067440032958984,0.041299980133771896
1789729868506579700,39.19457983398438,2.4588451385498047,8.933364868164062,-0.05925649031996727
1789729868516516900,39.204516845703125,2.516305923461914,8.832808494567871,-0.09038111567497253
1789729868526454000,39.2144541015625,2.4396915435791016,8.808866500854492,-0.15981295704841614
1789729868536391200,39.22439111328125,2.2218191623687744,8.832808494567871,-0.2124854028224945
1789729868546328300,39.23432836914063,1.9608511924743652,9.009979248046875,-0.17657238245010376
1789729868556265500,39.244265380859375,1.6208745241165161,9.208698272705078,-0.1430535465478897
1789729868566203000,39.254202880859374,1.347337007522583,9.378686904907227,-0.166995570063591
1789729868576140000,39.26414013671875,1.2611457109451294,9.565434455871582,-0.32022446393966675
1789729868586077200,39.2740771484375,1.2515689134597778,9.611522674560547,-0.5363011956214905
1789729868596014300,39.284014404296876,1.3449428081512451,9.618705749511719,-0.6703764796257019
1789729868605951500,39.293951416015624,1.6903064250946045,9.625887870788574,-0.7661445140838623
1789729868615888600,39.303888671875,2.1140801906585693,9.560646057128906,-0.8259995579719543
1789729868625825800,39.31382568359375,2.4372973442077637,9.534309387207031,-0.8738836050033569
1789729868635763200,39.32376318359375,2.6653449535369873,9.577404975891113,-0.8523358106613159
1789729868645700400,39.333700439453125,2.830544948577881,9.683348655700684,-0.7948749661445618
1789729868655637500,39.34363745117187,2.873640537261963,9.793481826782227,-0.7924807667732239
1789729868665574700,39.35357470703125,2.76350736618042,9.946710586547852,-0.8068459630012512
1789729868675511800,39.36351171875,2.667739152908325,10.121487617492676,-0.7876923680305481
1789729868685449000,39.373448974609374,2.5546131134033203,10.250774383544922,-0.7589619159698486
1789729868695386000,39.38338623046875,2.5234885215759277,10.26513957977295,-0.6536170840263367
1789729868705323500,39.39332348632813,2.7060465812683105,10.250774383544922,-0.5530605912208557
1789729868715260700,39.4032607421875,2.9502551555633545,10.17176628112793,-0.45908817648887634
1789729868725197800,39.41319775390625,3.0579941272735596,10.11430549621582,-0.33937808871269226
1789729868735135000,39.42313500976562,3.029263734817505,10.181343078613281,-0.24839842319488525
1789729868745072000,39.43307202148438,2.801814556121826,10.305841445922852,-0.2364274114370346
1789729868755009300,39.44300927734375,2.477998733520508,10.351330757141113,-0.2579752206802368
1789729868764947000,39.45294702148438,2.1954829692840576,10.377667427062988,-0.29628247022628784
1789729868774884000,39.462884033203125,2.0470423698425293,10.291476249694824,-0.353743314743042
1789729868784821200,39.4728212890625,2.0254945755004883,10.044873237609863,-0.3585317134857178
1789729868794758400,39.48275830078125,2.161964178085327,9.68813705444336,-0.38726213574409485
1789729868804695800,39.49269580078125,2.4636335372924805,9.225458145141602,-0.39205053448677063
1789729868814632200,39.50263208007812,2.876034736633301,8.839991569519043,-0.41359832882881165
1789729868824568800,39.51256884765625,3.0867245197296143,8.662819862365723,-0.48303020000457764
1789729868834505500,39.52250537109375,2.9526493549346924,8.713098526000977,-0.5045779943466187
1789729868844442600,39.53244262695313,2.52109432220459,8.959701538085938,-0.47584760189056396
1789729868854379800,39.5423798828125,2.0901381969451904,9.263765335083008,-0.46627077460289
1789729868864317000,39.55231689453125,1.920149803161621,9.426570892333984,-0.4255693554878235
1789729868874254600,39.562254638671874,1.900996208190918,9.503185272216797,-0.3489548861980438
1789729868884192300,39.57219213867187,2.0231003761291504,9.541492462158203,-0.29149407148361206
1789729868894130000,39.5821298828125,2.1930887699127197,9.536704063415527,-0.2124854028224945
1789729868904067800,39.59206787109375,2.250549554824829,9.486425399780273,-0.18375498056411743
1789729868914005000,39.6020048828125,2.207453966140747,9.46727180480957,-0.22924481332302094
1789729868923942100,39.61194213867188,2.2840683460235596,9.412205696105957,-0.26755204796791077
1789729868933879300,39.62187939453125,2.5498247146606445,9.347561836242676,-0.26994624733924866
1789729868943816400,39.63181640625,2.8161797523498535,9.349956512451172,-0.21009120345115662
1789729868953753600,39.64175366210937,3.048417329788208,9.366715431213379,-0.08798690885305405
1789729868963691000,39.65169091796875,3.1633388996124268,9.3427734375,-0.04728548228740692
1789729868973627100,39.661627197265624,3.1226375102996826,9.378686904907227,-0.06643909960985184
1789729868983563500,39.6715634765625,2.895188331604004,9.551069259643555,-0.0975637212395668
1789729868993500000,39.6815,2.580949544906616,9.81024169921875,-0.15023615956306458
1789729869003437000,39.69143701171875,2.22660756111145,10.035296440124512,-0.19572599232196808
1789729869013374500,39.70137451171875,2.0853497982025146,10.109517097473145,-0.2364274114370346
1789729869023312000,39.711311767578124,2.2002713680267334,10.011354446411133,-0.2555810213088989
1789729869033249800,39.721249755859375,2.425326347351074,9.786299705505371,-0.27712884545326233
1789729869043187700,39.73118774414063,2.648585557937622,9.534309387207031,-0.27712884545326233
1789729869053125600,39.74112573242188,2.8568811416625977,9.349956512451172,-0.262763649225235
1789729869063063000,39.75106298828125,2.919130325317383,9.290101051330566,-0.25318682193756104
1789729869073000200,39.761000244140625,2.844910144805908,9.371503829956055,-0.22445641458034515
1789729869082937300,39.77093725585937,2.537853717803955,9.507973670959473,-0.24839842319488525
1789729869092874500,39.78087451171875,2.229001760482788,9.616311073303223,-0.34416648745536804
1789729869102811600,39.79081176757813,1.9632453918457031,9.671378135681152,-0.4950011968612671
1789729869112748800,39.800748779296875,1.7334020137786865,9.697713851928711,-0.6416460275650024
1789729869122686000,39.81068603515625,1.5514427423477173,9.743204116821289,-0.8092401623725891
1789729869132623400,39.82062329101562,1.3210008144378662,9.81263542175293,-0.9528923034667969
1789729869142560500,39.830560546875,1.0121487379074097,9.862914085388184,-1.1013327836990356
1789729869152497700,39.84049755859375,0.8182184100151062,9.963470458984375,-1.1994950771331787
1789729869162434800,39.85043481445312,0.7439981698989868,10.013748168945312,-1.2114660739898682
1789729869172372000,39.8603720703125,0.7104793787002563,10.023324966430664,-1.137245774269104
1789729869182309000,39.87030908203125,0.8541314601898193,10.006566047668457,-1.0247182846069336
1789729869192246300,39.880246337890625,1.2970588207244873,9.96825885772705,-0.849941611289978
1789729869202183700,39.89018359375,1.702277421951294,9.853337287902832,-0.646434485912323
1789729869212120800,39.90012084960937,1.8339585065841675,9.819818496704102,-0.5021837949752808
1789729869222058000,39.91005810546875,1.845929503440857,9.841365814208984,-0.3776853084564209
1789729869231995100,39.9199951171875,1.723825216293335,9.862914085388184,-0.23403321206569672
1789729869241932300,39.929932373046874,1.512536883354187,10.004171371459961,-0.10953472554683685
1789729869251869400,39.93986938476562,1.2970588207244873,10.210073471069336,0.0293289702385664
1789729869261806600,39.949806640625,1.0767922401428223,10.404003143310547,0.18734627962112427
1789729869271744000,39.959743896484376,0.9379284977912903,10.612298965454102,0.345363587141037
1789729869281681200,39.96968115234375,0.8038532137870789,10.662577629089355,0.4554968774318695
1789729869291618300,39.97961840820312,0.8876502513885498,10.631452560424805,0.6141127347946167
1789729869301555500,39.98955541992188,1.2348095178604126,10.471040725708008,0.6787561774253845
1789729869311492600,39.99949267578125,1.7573440074920654,10.133459091186523,0.6763619780540466
1789729869321429800,40.0094296875,2.0638017654418945,9.673771858215332,0.47225627303123474
1789729869331367000,40.01936694335937,2.099714994430542,9.278130531311035,0.28311434388160706
1789729869341304000,40.02930395507813,1.886630892753601,8.98124885559082,0.1777694821357727
1789729869351241500,40.03924145507813,1.525106430053711,8.885480880737305,0.2041056901216507
1789729869361178600,40.0491787109375,1.0767922401428223,8.897452354431152,0.25438392162323
1789729869371115800,40.05911572265625,0.6218938827514648,8.940547943115234,0.30945056676864624
1789729869381053000,40.06905297851562,0.28371289372444153,8.962095260620117,0.25677812099456787
1789729869390990000,40.078989990234376,0.02513911761343479,8.957306861877441,0.18974047899246216
1789729869400927200,40.08892724609375,-0.0035913025494664907,9.017162322998047,-0.008978256024420261
1789729869410864400,40.09886450195312,0.13287819921970367,9.120112419128418,-0.09516951441764832
1789729869420801800,40.1088017578125,0.43275195360183716,9.263765335083008,-0.011372458189725876
1789729869430739000,40.11873901367188,0.8134300112724304,9.457695007324219,0.13946224749088287
1789729869440676000,40.128676025390625,1.2515689134597778,9.642647743225098,0.25917232036590576
1789729869450613200,40.13861328125,1.6927006244659424,9.858125686645508,0.30705636739730835
1789729869460550400,40.14855029296875,1.944091796875,9.980229377746582,0.3860650360584259
1789729869470487600,40.15848754882813,1.9536685943603516,10.11430549621582,0.4315548539161682
1789729869480424700,40.1684248046875,1.702277421951294,10.229227066040039,0.49380409717559814
1789729869490362000,40.178362060546874,1.522712230682373,10.334571838378906,0.5249287486076355
1789729869500299300,40.18829931640625,1.5466543436050415,10.36569595336914,0.5895721912384033
1789729869510236400,40.198236328125,1.6759412288665771,10.315418243408203,0.6619967818260193
1789729869520173800,40.208173828125,1.764526605606079,10.255562782287598,0.7026981711387634
1789729869530111500,40.21811157226563,1.800439715385437,10.20767879486084,0.7146692276000977
1789729869540049000,40.228048828125,1.6927006244659424,10.217255592346191,0.6883329749107361
1789729869549985800,40.23798583984375,1.4191631078720093,10.250774383544922,0.5752069354057312
1789729869559923000,40.2479228515625,1.2156559228897095,10.260351181030273,0.42676645517349243
1789729869569859800,40.25785986328125,1.2395979166030884,10.157401084899902,0.33099839091300964
1789729869579796700,40.26779663085937,1.4167689085006714,9.896432876586914,0.31184476613998413
1789729869589734000,40.27773388671875,1.6663644313812256,9.519944190979004,0.2735375463962555
1789729869599670800,40.2876708984375,1.9776105880737305,9.067440032958984,0.2064998894929886
1789729869609608000,40.29760791015625,2.205059766769409,8.717886924743652,0.10833762586116791
1789729869619545600,40.307545654296874,2.212242364883423,8.531139373779297,0.08200141042470932
1789729869629483500,40.3174833984375,2.1284453868865967,8.49283218383789,0.02454056777060032
1789729869639421000,40.3274208984375,1.9991583824157715,8.538321495056152,-0.011372458189725876
1789729869649358000,40.33735815429687,1.867477297782898,8.710704803466797,0.01735796220600605
1789729869659295200,40.34729516601563,1.800439715385437,8.835203170776367,-0.05686229094862938
1789729869669232400,40.357232421875,1.8483237028121948,8.861538887023926,-0.11192893236875534
1789729869679170000,40.367170166015626,1.9752163887023926,8.844779968261719,-0.0999579206109047
1789729869689106400,40.3771064453125,2.1787235736846924,8.811261177062988,-0.08798690885305405
1789729869699042800,40.38704272460937,2.4468741416931152,8.751405715942383,-0.07122749835252762
1789729869708979200,40.396979248046875,2.7299885749816895,8.655637741088867,-0.08080431073904037
1789729869718916400,40.40691625976562,2.890399932861328,8.569446563720703,-0.11192893236875534
1789729869728853800,40.41685375976562,2.9071593284606934,8.58620548248291,-0.0999579206109047
1789729869738791700,40.426791748046874,2.780266761779785,8.691550254821777,-0.023343466222286224
1789729869748729300,40.43672924804687,2.5043349266052246,8.907029151916504,0.10833762586116791
1789729869758667300,40.446667236328125,2.169146776199341,9.211092948913574,0.28550854325294495
1789729869768604400,40.4566044921875,1.941697597503662,9.536704063415527,0.44592007994651794
1789729869778541600,40.46654150390625,1.8579005002975464,9.731232643127441,0.5632359385490417
1789729869788479000,40.47647900390625,1.9081788063049316,9.764751434326172,0.6404489278793335
1789729869798416100,40.486416015625,2.008735179901123,9.714473724365234,0.6476315855979919
1789729869808353300,40.496353271484374,2.097320795059204,9.563039779663086,0.6015431880950928
1789729869818290400,40.50629052734375,2.2002713680267334,9.474454879760742,0.5632359385490417
1789729869828227600,40.5162275390625,2.2218191623687744,9.43375301361084,0.5752069354057312
1789729869838164700,40.526164794921876,2.1523873805999756,9.476848602294922,0.606930136680603
1789729869848102000,40.53610180664062,2.0853497982025146,9.640253067016602,0.5823895931243896
1789729869858039300,40.54603930664062,1.9297266006469727,9.807847023010254,0.5033808946609497
1789729869867976400,40.5559765625,1.7597382068634033,9.9586820602417,0.3477577865123749
1789729869877913600,40.56591357421875,1.5897499322891235,10.166977882385254,0.17537526786327362
1789729869887850800,40.575850830078124,1.3640964031219482,10.415974617004395,0.10594342648983002
1789729869897788000,40.58578784179687,1.2108675241470337,10.578780174255371,0.01496376097202301
1789729869907725000,40.59572509765625,1.2850877046585083,10.617087364196777,-0.10235211998224258
1789729869917662200,40.605662109375,1.6687586307525635,10.547656059265137,-0.19572599232196808
1789729869927599600,40.615599609375,2.2673089504241943,10.449493408203125,-0.17896658182144165
1789729869937536800,40.62553686523437,2.828150749206543,10.286687850952148,-0.10235211998224258
1789729869947474000,40.63547387695313,3.20404052734375,10.155006408691406,0.041299980133771896
1789729869957411000,40.6454111328125,3.206434726715088,10.131064414978027,0.24241292476654053
1789729869967348200,40.65534814453125,2.830544948577881,10.322600364685059,0.42676645517349243
1789729869977285400,40.66528540039062,2.229001760482788,10.669759750366211,0.5680243372917175
1789729869987222500,40.67522241210938,1.6136919260025024,10.967239379882812,0.767341673374176
1789729869997160000,40.68515991210938,1.3162124156951904,11.235389709472656,0.93254154920578
1789729870007097000,40.69509716796875,1.3880383968353271,11.374253273010254,1.1312602758407593
1789729870017034200,40.7050341796875,1.7357962131500244,11.261726379394531,1.358709454536438
1789729870026971400,40.71497143554687,2.164358377456665,10.79964542388916,1.521515130996704
1789729870036908500,40.724908447265626,2.612074136734009,10.123882293701172,1.5502456426620483
1789729870046845700,40.734845703125,2.9239187240600586,9.469666481018066,1.5263035297393799
1789729870056782800,40.74478295898437,2.943072557449341,8.825626373291016,1.533486247062683
1789729870066720000,40.75471997070313,2.6868927478790283,8.370129585266113,1.6124948263168335
1789729870076657400,40.76465747070313,2.3056161403656006,8.099584579467773,1.703474521636963
1789729870086594600,40.774594482421875,1.9273324012756348,7.862558364868164,1.7304092645645142
1789729870096531700,40.78453173828125,1.7405846118927002,7.7763671875,1.732803463935852
1789729870106468900,40.79446875,1.9273324012756348,7.90086555480957,1.4640543460845947
1789729870116406000,40.80440600585938,2.5258827209472656,8.334216117858887,1.0690110921859741
1789729870126343200,40.81434326171875,2.8592753410339355,9.01476764678955,0.4866214990615845
1789729870136280300,40.8242802734375,2.346317768096924,9.68813705444336,-0.11671733111143112
1789729870146217700,40.8342177734375,1.5825673341751099,10.528501510620117,-0.9097966551780701
1789729870156155000,40.84415478515625,1.2324153184890747,11.666346549987793,-1.6789339780807495
1789729870166092000,40.854092041015626,1.304241418838501,12.540828704833984,-2.404376983642578
1789729870176029200,40.864029296875,2.006340980529785,13.01547908782959,-2.7036523818969727
1789729870185966300,40.87396630859375,3.1226375102996826,12.777854919433594,-1.932719349861145
1789729870195903500,40.88390356445313,4.145560264587402,12.052411079406738,-0.6584054827690125
1789729870205840600,40.893840576171876,5.1134161949157715,11.024700164794922,0.39803603291511536
1789729870215778000,40.903778076171875,5.422268390655518,9.855731010437012,0.910993754863739
1789729870225715200,40.91371508789062,3.793612480163574,9.440936088562012,0.9540894031524658
1789729870235652400,40.92365234375,0.5524620413780212,9.531915664672852,0.5847837924957275
1789729870245589500,40.93358959960938,-2.212242364883423,9.831789016723633,0.3621230125427246
1789729870255526700,40.943526611328124,-3.9007530212402344,9.68574333190918,0.6955155730247498
1789729870265463800,40.9534638671875,-3.886387825012207,9.187150001525879,1.4927847385406494
1789729870275401000,40.96340087890625,-2.3343467712402344,8.741828918457031,2.297835111618042
1789729870285338400,40.97333837890625,-0.6189011335372925,8.255207061767578,2.233191728591919
1789729870295275500,40.983275634765626,0.7894880175590515,7.857769966125488,1.5957354307174683
1789729870305212700,40.99321264648437,1.742978811264038,7.65186882019043,0.5560533404350281
1789729870315150000,41.00315014648437,1.6328455209732056,7.021595001220703,-0.29628247022628784
1789729870325088300,41.013088134765624,1.1510124206542969,7.177217960357666,-1.3024457693099976
1789729870335025700,41.023025634765624,0.8948329091072083,7.51779317855835,-1.9853917360305786
1789729870344962800,41.032962890625,0.8565256595611572,7.819462776184082,-2.2487540245056152
1789729870354900000,41.04289990234375,0.6458359360694885,8.20732307434082,-2.275090217590332
1789729870364837000,41.052837158203126,0.15442600846290588,8.772953987121582,-2.251148223876953
1789729870374774300,41.06277416992187,0.23343466222286224,9.412205696105957,-2.097919225692749
1789729870384711400,41.07271142578125,0.3818751573562622,9.827000617980957,-1.9375077486038208
1789729870394648600,41.08264868164063,0.28371289372444153,10.15021800994873,-1.9446903467178345
1789729870404585700,41.092585693359375,0.43993455171585083,10.612298965454102,-1.9255367517471313
1789729870414523100,41.102523193359374,0.8254010081291199,11.225812911987305,-1.8680758476257324
1789729870424460300,41.11246020507812,0.8589198589324951,12.368446350097656,-2.23199462890625
1789729870434397400,41.1223974609375,0.07781155407428741,14.004283905029297,-2.454655408859253
1789729870444334600,41.13233447265625,-1.5340847969055176,15.635932922363281,-1.9853917360305786
1789729870454271700,41.142271728515624,-3.3045969009399414,17.420211791992188,-0.8858546018600464
1789729870464209400,41.15220947265625,-4.020462989807129,19.494787216186523,-0.38965633511543274
1789729870474146600,41.162146484375,-2.9233202934265137,19.379865646362305,0.30466216802597046
1789729870484083700,41.17208374023438,0.9929951429367065,16.5247802734375,1.2461819648742676
1789729870494020900,41.182020751953125,5.972934722900391,12.967595100402832,2.015319347381592
1789729870503958300,41.191958251953125,10.49558162689209,9.369110107421875,2.2164323329925537
1789729870513895400,41.2018955078125,13.312958717346191,5.991489887237549,1.9410990476608276
1789729870523832600,41.21183251953125,13.679271697998047,3.404554843902588,1.334767460823059
1789729870533769000,41.22176904296875,11.734580993652344,1.9626468420028687,0.5512649416923523
1789729870543705600,41.23170556640625,8.450334548950195,1.7926585674285889,-0.3776853084564209
1789729870553642200,41.24164233398437,4.449624061584473,2.6210522651672363,-0.8236053586006165
1789729870563579100,41.2515791015625,0.9331400990486145,3.8977603912353516,-0.608127236366272
1789729870573516300,41.261516357421876,-1.225232720375061,4.712387561798096,-0.03292027488350868
1789729870583453700,41.27145361328125,-2.0925323963165283,4.918288707733154,0.24001872539520264
1789729870593391000,41.28139111328125,-2.123656988143921,4.815338134765625,0.0293289702385664
1789729870603329000,41.2913291015625,-1.1127052307128906,4.693233966827393,0.050876785069704056
1789729870613266700,41.3012666015625,0.4471171796321869,4.480149745941162,0.19213469326496124
1789729870623204600,41.31120458984375,1.778891921043396,4.324526786804199,-0.14065934717655182
1789729870633142000,41.32114208984375,2.073378562927246,4.353257179260254,-0.7733271718025208
1789729870643079200,41.3310791015625,1.3377602100372314,4.666897773742676,-1.3910311460494995
1789729870653016300,41.34101635742188,-0.06344634294509888,5.639542102813721,-0.9409212470054626
1789729870662953700,41.35095361328125,-1.7782933712005615,7.134122371673584,0.050876785069704056
1789729870672891000,41.360890869140626,-3.096301317214966,8.449137687683105,0.7194576263427734
1789729870682828000,41.370828125,-3.5655648708343506,9.409811019897461,0.9469067454338074
1789729870692765200,41.38076513671875,-3.402759075164795,9.913191795349121,0.7841010689735413
1789729870702702300,41.39070239257813,-3.1298201084136963,9.9586820602417,0.5704185366630554
1789729870712639500,41.400639404296875,-2.734178304672241,10.181343078613281,0.46986207365989685
1789729870722576600,41.41057666015625,-2.1763293743133545,10.540472984313965,0.28072014451026917
1789729870732514000,41.42051416015625,-1.9536685943603516,10.931326866149902,0.23762452602386475
1789729870742451200,41.430451171875,-1.4981716871261597,11.659163475036621,0.46746787428855896
1789729870752388400,41.440388427734376,-0.7966706156730652,12.339715957641602,0.536899745464325
1789729870762325500,41.450325439453124,-0.46567222476005554,12.887988090515137,0.23523031175136566
1789729870772262700,41.4602626953125,-0.3363853394985199,13.386580467224121,-0.46627077460289
1789729870782199800,41.47019970703125,-0.2214636504650116,13.769652366638184,-1.0462661981582642
1789729870792137000,41.480136962890626,-0.06823474913835526,13.997101783752441,-1.1827356815338135
1789729870802074000,41.49007421875,-0.15682020783424377,14.030620574951172,-0.8954314589500427
1789729870812011500,41.50001147460937,-0.6979097723960876,13.96597671508789,-0.3561375141143799
1789729870821948700,41.50994873046875,-1.2755109071731567,13.77444076538086,0.2711433470249176
1789729870831885800,41.5198857421875,-1.3138182163238525,13.75049877166748,0.5919663906097412
1789729870841823000,41.529822998046875,-1.1677719354629517,13.71458625793457,0.5488707423210144
1789729870851760000,41.53976000976562,-0.9403226971626282,13.393762588500977,0.7218518257141113
1789729870861697300,41.549697265625,-0.3770867586135864,13.144765853881836,1.0905588865280151
1789729870871634400,41.55963452148438,0.20949265360832214,13.336301803588867,1.557428240776062
1789729870881571800,41.56957177734375,0.9020155072212219,13.384185791015625,1.9075802564620972
1789729870891509000,41.579509033203124,1.5634137392044067,13.099275588989258,2.1254525184631348
1789729870901446100,41.58944604492188,2.006340980529785,12.42111873626709,2.036867141723633
1789729870911383300,41.59938330078125,2.31758713722229,11.630433082580566,1.6531962156295776
1789729870921320400,41.609320556640625,2.408566951751709,11.000758171081543,1.193509578704834
1789729870931257600,41.61925756835937,1.8818424940109253,10.621875762939453,0.606930136680603
1789729870941194800,41.62919482421875,0.9642647504806519,10.406397819519043,0.050876785069704056
1789729870951132200,41.63913208007813,0.32680854201316833,10.415974617004395,-0.2651578485965729
1789729870961069300,41.6490693359375,-0.04189852997660637,10.562021255493164,-0.26994624733924866
1789729870971006500,41.65900634765625,-0.38905778527259827,10.595540046691895,-0.15981295704841614
1789729870980943600,41.66894360351562,-0.6787561774253845,10.427945137023926,0.03411737456917763
1789729870990880800,41.678880859375,-0.7368155717849731,10.004171371459961,0.12509703636169434
1789729871000818000,41.68881787109375,-0.5207388401031494,9.407417297363281,0.10354922711849213
1789729871010755000,41.698755126953124,-0.4010287821292877,9.017162322998047,0.01735796220600605
1789729871020692500,41.7086923828125,-0.7655459642410278,8.909422874450684,-0.020949264988303185
1789729871030629600,41.71862963867188,-1.347337007522583,8.87829875946045,0.18495208024978638
1789729871040566800,41.72856689453125,-1.692102074623108,8.713098526000977,0.5297171473503113
1789729871050504200,41.738504150390625,-1.7160440683364868,8.343792915344238,0.9612720012664795
1789729871060441300,41.74844140625,-1.1366472244262695,7.989450931549072,1.2677297592163086
1789729871070378800,41.75837866210937,-0.05386953800916672,7.644686222076416,1.2246341705322266
1789729871080316000,41.76831591796875,0.9331400990486145,7.3669586181640625,1.0402805805206299
1789729871090253300,41.77825341796875,1.3401544094085693,7.393294811248779,0.6811503767967224
1789729871100191000,41.78819091796875,1.0336965322494507,7.632715225219727,0.2998737692832947
1789729871110128600,41.79812866210938,0.38905778527259827,7.994239330291748,0.03172317147254944
1789729871120065800,41.808065673828125,-0.16879121959209442,8.439560890197754,-0.03292027488350868
1789729871130003000,41.8180029296875,-0.2190694510936737,8.950124740600586,0.07242459803819656
1789729871139940600,41.827940673828124,0.36990416049957275,9.37629222869873,0.0867898091673851
1789729871149877200,41.83787719726563,1.4215573072433472,9.512762069702148,0.053270988166332245
1789729871159814100,41.847814208984374,2.499546527862549,9.577404975891113,-0.008978256024420261
1789729871169750800,41.85775073242188,3.330933094024658,9.623494148254395,-0.1885433793067932
1789729871179687700,41.867687744140625,3.5416228771209717,9.731232643127441,-0.4854243993759155
1789729871189624800,41.87762475585937,3.0340521335601807,9.99459457397461,-0.6991068720817566
1789729871199562800,41.887562744140624,2.252943754196167,10.468647003173828,-0.727837324142456
1789729871209501000,41.8975009765625,1.764526605606079,10.969634056091309,-0.5889736413955688
1789729871219438000,41.90743798828125,1.7956513166427612,11.419743537902832,-0.4016273319721222
1789729871229375200,41.91737524414062,2.0254945755004883,11.74056625366211,-0.17417816817760468
1789729871239312400,41.9273125,2.276885747909546,11.985373497009277,0.041299980133771896
1789729871249249500,41.93724951171875,2.3965959548950195,12.203246116638184,0.14425064623355865
1789729871259187200,41.947187255859376,2.367865562438965,12.368446350097656,0.15143325924873352
1789729871269123800,41.95712377929687,2.3558945655822754,12.411541938781738,0.18495208024978638
1789729871279060700,41.967060791015626,2.346317768096924,12.339715957641602,0.24241292476654053
1789729871288997400,41.97699731445312,2.3702597618103027,12.227188110351562,0.2472013235092163
1789729871298934500,41.9869345703125,2.454056739807129,12.006921768188477,0.17298106849193573
1789729871308872000,41.996871826171876,2.427720546722412,11.671134948730469,0.10354922711849213
1789729871318809300,42.006809326171876,2.3295583724975586,11.314398765563965,-0.013766659423708916
1789729871328746800,42.016746826171875,2.2601263523101807,10.904990196228027,-0.17657238245010376
1789729871338684200,42.02668408203125,2.049436569213867,10.607510566711426,-0.13826514780521393
1789729871348621600,42.03662158203125,1.824381709098816,10.528501510620117,-0.0520738884806633
1789729871358559000,42.04655908203125,1.8483237028121948,10.499771118164062,-0.05686229094862938
1789729871368496400,42.05649633789063,1.9488801956176758,10.42076301574707,-0.05446808785200119
1789729871378433500,42.06643359375,1.9560627937316895,10.32978343963623,-0.18614917993545532
1789729871388370700,42.07637060546875,1.7621324062347412,10.32978343963623,-0.2819172441959381
1789729871398307800,42.08630786132812,1.5005658864974976,10.413579940795898,-0.262763649225235
1789729871408245200,42.09624536132812,1.6041151285171509,10.399214744567871,-0.10235211998224258
1789729871418182400,42.10618237304688,2.0853497982025146,10.140641212463379,0.19692309200763702
1789729871428119600,42.11611962890625,2.63362193107605,9.75517463684082,0.40282443165779114
1789729871438056700,42.126056640625,3.2207999229431152,9.330802917480469,0.4794389009475708
1789729871447993900,42.13599389648437,3.642179250717163,8.909422874450684,0.42197805643081665
1789729871457931000,42.14593090820313,3.558382272720337,8.593388557434082,0.3166331648826599
1789729871467868200,42.1558681640625,2.9957449436187744,8.540716171264648,0.19452889263629913
1789729871477805300,42.165805419921874,2.1595699787139893,8.653243064880371,0.11791443079710007
1789729871487742700,42.17574267578125,1.390432596206665,8.847173690795898,0.21368250250816345
1789729871497680000,42.18567993164063,1.0169371366500854,9.000402450561523,0.3693056106567383
1789729871507617000,42.195616943359376,1.0241197347640991,9.103353500366211,0.33339259028434753
1789729871517554200,42.20555419921875,1.2132617235183716,9.110535621643066,0.228047713637352
1789729871527491300,42.2154912109375,1.4359225034713745,9.019556045532227,0.1801636815071106
1789729871537428500,42.22542846679688,1.7118542194366455,8.89026927947998,0.1346738487482071
1789729871547365600,42.23536572265625,1.900996208190918,8.691550254821777,0.041299980133771896
1789729871557303000,42.245302978515625,2.1045033931732178,8.497620582580566,-0.0017956512747332454
1789729871567240200,42.255240234375,2.2194249629974365,8.317456245422363,0.060453593730926514
1789729871577177300,42.26517724609375,2.0254945755004883,8.214506149291992,0.1801636815071106
1789729871587114500,42.27511450195313,1.6615760326385498,8.26239013671875,0.3357867896556854
1789729871597051600,42.2850517578125,1.3186066150665283,8.425195693969727,0.4794389009475708
1789729871606988800,42.29498876953125,1.2994530200958252,8.629301071166992,0.7122750282287598
1789729871616926000,42.30492602539063,1.2587515115737915,8.741828918457031,0.889445960521698
1789729871626863400,42.31486328125,0.9427168965339661,8.794501304626465,0.8918401598930359
1789729871636800500,42.324800537109375,0.5452794432640076,8.844779968261719,0.889445960521698
1789729871646737700,42.33473754882812,0.25737667083740234,8.85435676574707,0.8319851160049438
1789729871656674800,42.3446748046875,0.11133038252592087,8.818443298339844,0.7745242714881897
1789729871666612000,42.35461206054688,0.09935937076807022,8.756194114685059,0.7338228225708008
1789729871676549000,42.364549072265625,0.09696517139673233,8.672396659851074,0.7218518257141113
1789729871686486300,42.374486328125,0.010773907415568829,8.696338653564453,0.6883329749107361
1789729871696423700,42.38442358398437,-0.152031809091568,8.806472778320312,0.707486629486084
1789729871706360800,42.39436083984375,-0.333991140127182,8.966883659362793,0.7218518257141113
1789729871716298200,42.40429833984375,-0.39863458275794983,9.187150001525879,0.7649474143981934
1789729871726235400,42.4142353515625,-0.34596213698387146,9.419387817382812,0.8152256608009338
1789729871736172800,42.4241728515625,-0.5111620426177979,9.599552154541016,0.7960720658302307
1789729871746110000,42.43410986328125,-0.7655459642410278,9.858125686645508,0.6811503767967224
1789729871756047400,42.44404736328125,-0.9929951429367065,10.107122421264648,0.5680243372917175
1789729871765984500,42.45398461914063,-1.2946646213531494,10.26513957977295,0.41718965768814087
1789729871775922000,42.463921875,-1.6298527717590332,10.368090629577637,0.1825578808784485
1789729871785859000,42.473859130859374,-1.5771803855895996,10.521319389343262,0.0005985504249110818
1789729871795796500,42.48379638671875,-1.2898762226104736,10.650606155395508,-0.04249707981944084
1789729871805734400,42.493734375,-0.9906009435653687,10.837952613830566,0.10833762586116791
1789729871815671600,42.50367163085937,-0.7218518257141113,11.074978828430176,0.31184476613998413
1789729871825608700,42.51360864257813,-0.4513070285320282,11.278485298156738,0.5105634927749634
1789729871835545900,42.5235458984375,-0.02753331884741783,11.388618469238281,0.6979097723960876
1789729871845483000,42.53348291015625,0.43514615297317505,11.364676475524902,0.8655039072036743
1789729871855420200,42.54342016601562,0.899621307849884,11.182717323303223,1.0402805805206299
1789729871865357600,42.55335766601563,1.3449428081512451,10.960057258605957,1.3204022645950317
1789729871875294700,42.563294677734376,1.6639702320098877,10.619482040405273,1.4832079410552979
1789729871885231900,42.57323193359375,1.8555063009262085,10.17416000366211,1.5741876363754272
1789729871895169000,42.5831689453125,1.9297266006469727,9.702502250671387,1.4065934419631958
1789729871905106200,42.59310620117188,1.9105730056762695,9.254188537597656,1.1959037780761719
1789729871915043300,42.603043212890626,1.7956513166427612,8.871115684509277,0.970848798751831
1789729871924980500,42.61298046875,1.5298948287963867,8.705916404724121,0.7912836670875549
1789729871934918000,42.62291796875,0.882861852645874,8.851962089538574,0.5632359385490417
1789729871944855000,42.63285498046875,-0.02992752194404602,9.16081428527832,0.37888240814208984
1789729871954792200,42.64279223632813,-0.7942764163017273,9.452906608581543,0.30226796865463257
1789729871964729300,42.652729248046874,-1.0767922401428223,9.592369079589844,0.2759317457675934
1789729871974666500,42.66266650390625,-0.8038532137870789,9.781511306762695,0.2256535142660141
1789729871984603600,42.67260375976562,-0.16639702022075653,9.726444244384766,0.19931729137897491
1789729871994540800,42.682540771484376,0.6721721291542053,9.476848602294922,0.10115502029657364
1789729872004478200,42.692478271484376,1.3976151943206787,9.134477615356445,0.02693476900458336
1789729872014415400,42.70241528320312,1.8722656965255737,8.873510360717773,-0.07122749835252762
1789729872024352500,42.7123525390625,2.0661959648132324,8.636484146118164,-0.11911153793334961
1789729872034289700,42.72228955078125,1.922544002532959,8.521562576293945,-0.15502455830574036
1789729872044226800,42.732226806640625,1.644816517829895,8.581417083740234,-0.22445641458034515
1789729872054164000,42.7421640625,1.2755109071731567,8.686761856079102,-0.3010708689689636
1789729872064101000,42.75210107421875,0.8493430614471436,8.741828918457031,-0.375291109085083
1789729872074038500,42.76203857421875,0.43754035234451294,8.816049575805664,-0.4710591733455658
1789729872083975700,42.7719755859375,0.0347159244120121,8.998008728027344,-0.5985504388809204
1789729872093912800,42.781912841796874,-0.3387795388698578,9.270947456359863,-0.6631938815116882
1789729872103850000,42.79185009765625,-0.5781996846199036,9.668983459472656,-0.6488286852836609
1789729872113787400,42.80178735351563,-0.6476315855979919,10.064026832580566,-0.5386953949928284
1789729872123724500,42.811724609375,-0.48482584953308105,10.348937034606934,-0.3800795078277588
1789729872133662000,42.821661865234375,0.008379706181585789,10.406397819519043,-0.2603694200515747
1789729872143599600,42.831599609375,0.6697779297828674,10.14782428741455,-0.26994624733924866
1789729872153537300,42.841537353515626,1.2108675241470337,9.647436141967773,-0.36332011222839355
1789729872163474700,42.851474609375,1.522712230682373,9.270947456359863,-0.5195417404174805
1789729872173411800,42.86141186523437,1.5634137392044067,9.096170425415039,-0.5913678407669067
1789729872183349000,42.87134887695313,1.467047095298767,9.031527519226074,-0.5602431893348694
1789729872193286000,42.881285888671876,1.3521254062652588,9.170391082763672,-0.5315127968788147
1789729872203222500,42.89122241210937,1.1534066200256348,9.440936088562012,-0.4950011968612671
1789729872213159400,42.901159423828126,0.7559691667556763,9.882067680358887,-0.5219359993934631
1789729872223097000,42.91109716796875,0.152031809091568,10.485405921936035,-0.5219359993934631
1789729872233034800,42.92103466796875,-0.5183446407318115,11.065402030944824,-0.38726213574409485
1789729872242972200,42.93097216796875,-0.8254010081291199,11.549030303955078,-0.2651578485965729
1789729872252909800,42.940909912109376,-0.4058171808719635,11.809998512268066,-0.2579752206802368
1789729872262847000,42.950846923828124,0.5716156363487244,11.709442138671875,-0.3034650683403015
1789729872272784100,42.9607841796875,1.4024035930633545,11.302427291870117,-0.3010708689689636
1789729872282721300,42.97072119140625,1.8842366933822632,10.83555793762207,-0.23403321206569672
1789729872292658400,42.980658447265625,2.2864625453948975,10.327388763427734,-0.15502455830574036
1789729872302595800,42.990595947265625,2.69646954536438,9.762357711791992,0.012569558806717396
1789729872312532700,43.00053271484375,2.943072557449341,9.352350234985352,0.20889410376548767
1789729872322469600,43.0104697265625,2.8137855529785156,9.24940013885498,0.3429693877696991
1789729872332406500,43.02040649414062,2.233790159225464,9.409811019897461,0.4411316514015198
1789729872342344000,43.03034399414062,1.4742296934127808,9.738415718078613,0.4578910768032074
1789729872352281300,43.04028125,0.8421604633331299,10.054450035095215,0.3908534348011017
1789729872362218800,43.05021875,0.4016273319721222,10.2962646484375,0.3214215636253357
1789729872372156200,43.06015625,0.06823474913835526,10.427945137023926,0.2687491476535797
1789729872382093600,43.070093505859376,-0.09935937076807022,10.466252326965332,0.25438392162323
1789729872392031000,43.080031005859375,0.013168109580874443,10.459070205688477,0.20889410376548767
1789729872401968000,43.08996801757812,0.18794482946395874,10.382455825805664,0.0867898091673851
1789729872411905500,43.09990551757812,0.38905778527259827,10.279504776000977,-0.011372458189725876
1789729872421842700,43.1098427734375,0.6003460884094238,10.183736801147461,-0.04010287672281265
1789729872431779800,43.11977978515625,0.6434416770935059,10.181343078613281,-0.08319851011037827
1789729872441717000,43.129717041015624,0.5620388388633728,10.344148635864258,-0.08798690885305405
1789729872451654100,43.13965405273437,0.4686649739742279,10.506954193115234,0.04369417950510979
1789729872461591600,43.14959155273438,0.578798234462738,10.62427043914795,0.23523031175136566
1789729872471528700,43.15952880859375,0.8062474131584167,10.607510566711426,0.3597288131713867
1789729872481465900,43.1694658203125,1.103128433227539,10.430339813232422,0.47225627303123474
1789729872491403000,43.17940307617187,1.347337007522583,10.047266960144043,0.5632359385490417
1789729872501340200,43.18934008789063,1.5969325304031372,9.728838920593262,0.6236895322799683
1789729872511277300,43.19927734375,1.8794482946395874,9.486425399780273,0.6931213736534119
1789729872521214500,43.20921435546875,2.03507137298584,9.30925464630127,0.7793126702308655
1789729872531151600,43.21915161132812,1.9967641830444336,9.081805229187012,0.8942343592643738
1789729872541089000,43.22908911132812,1.845929503440857,8.78731918334961,0.8678981065750122
1789729872551026700,43.23902661132813,1.656787633895874,8.598176956176758,0.8248024582862854
1789729872560964000,43.24896411132813,1.347337007522583,8.523956298828125,0.7817068696022034
1789729872570901200,43.2589013671875,0.9858125448226929,8.55029296875,0.8224082589149475
1789729872580837600,43.26883764648438,0.6673837304115295,8.535927772521973,0.7984662652015686
1789729872590774000,43.27877392578125,0.40880993008613586,8.303091049194336,0.7242460250854492
1789729872600711000,43.2887109375,0.444722980260849,8.243236541748047,0.5512649416923523
1789729872610647800,43.298647705078125,0.801459014415741,8.427590370178223,0.39564183354377747
1789729872620585000,43.3085849609375,1.0384849309921265,8.531139373779297,0.4124012291431427
1789729872630522400,43.3185224609375,0.9858125448226929,8.749011993408203,0.3381809890270233
1789729872640460000,43.3284599609375,0.6865373253822327,9.153631210327148,0.1586158573627472
1789729872650398500,43.3383984375,0.535702645778656,9.565434455871582,0.050876785069704056
1789729872660336400,43.34833642578125,0.5380968451499939,9.707290649414062,0.07481880486011505
1789729872670273500,43.3582734375,0.839766263961792,9.68574333190918,0.13946224749088287
1789729872680211000,43.3682109375,1.3329718112945557,9.647436141967773,0.07721300423145294
1789729872690148000,43.37814819335937,1.6903064250946045,9.543886184692383,-0.06404489278793335
1789729872700085200,43.38808520507813,1.8602946996688843,9.52473258972168,-0.09277531504631042
1789729872710022100,43.398022216796875,1.9153614044189453,9.678560256958008,-0.05446808785200119
1789729872719959300,43.40795922851562,1.5322890281677246,9.922768592834473,0.012569558806717396
1789729872729896400,43.417896484375,0.9283517003059387,10.166977882385254,0.053270988166332245
1789729872739833300,43.427833251953125,0.5644330382347107,10.38724422454834,0.21607670187950134
1789729872749771300,43.437771240234376,0.6314706802368164,10.245985984802246,0.41718965768814087
1789729872759708700,43.447708740234376,1.0097545385360718,9.774328231811523,0.5776011347770691
1789729872769646300,43.457646240234375,1.4957774877548218,9.357138633728027,0.579995334148407
1789729872779583000,43.4675830078125,1.886630892753601,9.223063468933105,0.5752069354057312
1789729872789520100,43.47752001953125,2.0015525817871094,9.21827507019043,0.4339490532875061
1789729872799457800,43.48745776367188,1.6352397203445435,9.541492462158203,0.20889410376548767
1789729872809395500,43.4973955078125,0.9355342984199524,10.035296440124512,0.11312603205442429
1789729872819331600,43.50733154296875,0.39624038338661194,10.518924713134766,0.04369417950510979
1789729872829268000,43.51726806640625,0.3794809579849243,10.626664161682129,0.06763619929552078
1789729872839204600,43.52720458984375,0.8732850551605225,10.36569595336914,0.09876082092523575
1789729872849141200,43.53714135742187,1.625662922859192,9.9586820602417,0.09876082092523575
1789729872859078400,43.54707836914063,2.58813214302063,9.567828178405762,0.228047713637352
1789729872869016300,43.55701635742187,3.383605480194092,9.311649322509766,0.5225345492362976
1789729872878954500,43.56695458984375,3.6493618488311768,9.1632080078125,0.767341673374176
1789729872888892700,43.576892578125,3.3692402839660645,9.196727752685547,0.8750807046890259
1789729872898830800,43.58683081054688,2.7275943756103516,9.507973670959473,0.8032546639442444
1789729872908766700,43.5967666015625,1.8962076902389526,9.649829864501953,0.7793126702308655
1789729872918702800,43.60670288085937,1.4167689085006714,9.43135929107666,0.7050924301147461
1789729872928639200,43.61663916015625,1.514931082725525,9.067440032958984,0.6811503767967224
1789729872938576600,43.62657666015625,1.7573440074920654,8.679579734802246,0.5153518915176392
1789729872948514300,43.636514404296875,1.7621324062347412,8.521562576293945,0.3597288131713867
1789729872958452200,43.6464521484375,1.5466543436050415,8.533533096313477,0.28790274262428284
1789729872968390700,43.656390625,1.2300211191177368,8.538321495056152,0.228047713637352
1789729872978328600,43.66632861328125,0.9307458996772766,8.612542152404785,0.10833762586116791
1789729872988264700,43.6762646484375,0.7751228213310242,8.758588790893555,-0.0520738884806633
1789729872998202600,43.68620263671875,0.6434416770935059,8.871115684509277,-0.29149407148361206
1789729873008139800,43.696139892578124,0.6290764808654785,9.033921241760254,-0.6224924325942993
1789729873018077000,43.70607690429687,0.7344213724136353,9.239823341369629,-0.9026140570640564
1789729873028014000,43.71601416015625,0.8062474131584167,9.553462982177734,-1.0845733880996704
1789729873037951500,43.725951416015626,0.7751228213310242,9.929951667785645,-1.237802267074585
1789729873047888000,43.73588793945312,0.7751228213310242,10.272322654724121,-1.2545616626739502
1789729873057824300,43.74582421875,0.8708908557891846,10.564414978027344,-1.192312479019165
1789729873067761200,43.75576123046875,1.1965023279190063,10.821192741394043,-1.1468225717544556
1789729873077698000,43.765697998046875,1.9129672050476074,10.928932189941406,-1.0247182846069336
1789729873087635200,43.77563525390625,2.739565372467041,10.739789962768555,-0.6943184733390808
1789729873097572900,43.78557275390625,3.3500866889953613,10.449493408203125,-0.27712884545326233
1789729873107510800,43.7955107421875,3.757101058959961,10.222043991088867,0.11791443079710007
1789729873117449000,43.80544897460938,3.91092848777771,10.1382474899292,0.4076128304004669
1789729873127386600,43.81538671875,3.8558619022369385,10.126276016235352,0.5297171473503113
1789729873137323800,43.82532373046875,3.714005470275879,10.042478561401367,0.5033808946609497
1789729873147260200,43.83526025390625,3.5703532695770264,9.949105262756348,0.39803603291511536
1789729873157196500,43.84519653320312,3.426701068878174,9.939528465270996,0.26396074891090393
1789729873167133200,43.85513330078125,3.2160115242004395,9.99459457397461,0.23044191300868988
1789729873177070300,43.8650703125,2.9263129234313965,10.044873237609863,0.30945056676864624
1789729873187008300,43.87500830078125,2.8856115341186523,10.085575103759766,0.4100070297718048
1789729873196946400,43.88494653320313,3.0388405323028564,9.929951667785645,0.4315548539161682
1789729873206884400,43.89488427734375,3.0388405323028564,9.72165584564209,0.3190273642539978
1789729873216821800,43.90482177734375,2.895188331604004,9.575011253356934,0.18495208024978638
1789729873226759000,43.914759033203126,2.47560453414917,9.510367393493652,0.12270283699035645
1789729873236696300,43.9246962890625,1.9608511924743652,9.640253067016602,-0.008978256024420261
1789729873246633500,43.93463354492187,1.6543933153152466,9.877279281616211,-0.06165069341659546
1789729873256570600,43.94457055664063,1.2970588207244873,10.064026832580566,-0.04967968538403511
1789729873266507800,43.9545078125,0.8086416125297546,10.327388763427734,-0.1215057373046875
1789729873276445000,43.96444482421875,0.406415730714798,10.60272216796875,-0.20051439106464386
1789729873286382000,43.97438208007812,0.08259996026754379,10.9121732711792,-0.31783026456832886
1789729873296319700,43.98431982421875,-0.13287819921970367,11.225812911987305,-0.24361002445220947
1789729873306257000,43.9942568359375,0.152031809091568,11.21863079071045,-0.008978256024420261
1789729873316194600,44.00419458007813,0.6985083222389221,10.842741012573242,0.18734627962112427
1789729873326131200,44.01413110351562,1.5275006294250488,10.382455825805664,0.0005985504249110818
1789729873336068000,44.02406811523438,2.27209734916687,9.733627319335938,-0.04489128291606903
1789729873346005200,44.034005126953126,2.741959571838379,9.175179481506348,-0.025737667456269264
1789729873355942700,44.043942626953125,2.6821043491363525,9.000402450561523,-0.11911153793334961
1789729873365880300,44.05388037109375,2.030282974243164,9.290101051330566,0.002992752008140087
1789729873375817700,44.063817626953124,1.1007342338562012,9.889249801635742,0.10594342648983002
1789729873385755000,44.0737548828125,0.5213374495506287,10.23880386352539,0.1777694821357727
1789729873395692300,44.0836923828125,0.39145198464393616,10.442310333251953,0.32381579279899597
1789729873405628700,44.093628662109374,0.7823054194450378,10.792462348937988,0.12270283699035645
1789729873415565000,44.10356494140625,1.268328309059143,10.811615943908691,-0.3058592677116394
1789729873425502000,44.113501953125,1.7334020137786865,10.384849548339844,-0.3728969097137451
1789729873435438800,44.12343896484375,2.1739351749420166,9.850942611694336,-0.19572599232196808
1789729873445376000,44.1333759765625,2.5737667083740234,9.472060203552246,0.1562216579914093
1789729873455313400,44.1433134765625,2.8856115341186523,8.923788070678711,0.6524199843406677
1789729873465250800,44.153250732421874,2.940678119659424,8.329427719116211,1.013944387435913
1789729873475189000,44.16318896484375,2.5665841102600098,8.054094314575195,1.037886381149292
1789729873485127200,44.17312719726562,1.8411411046981812,7.869740962982178,0.7769184708595276
1789729873495064600,44.18306469726563,1.0121487379074097,7.881711959838867,0.4339490532875061
1789729873505001700,44.193001708984376,-0.02274491637945175,8.26239013671875,0.12988543510437012
1789729873514939100,44.202939208984375,-1.1941081285476685,8.782530784606934,-0.03531447425484657
1789729873524876000,44.2128759765625,-1.8166005611419678,9.242217063903809,0.23283611238002777
1789729873534813700,44.22281372070312,-1.8142063617706299,9.714473724365234,0.517746090888977
1789729873544750800,44.23275073242188,-1.5197194814682007,10.341753959655762,0.6093243360519409
1789729873554688000,44.24268798828125,-1.3162124156951904,10.533289909362793,0.3693056106567383
1789729873564625400,44.25262548828125,-0.7966706156730652,10.023324966430664,-0.076015904545784
1789729873574562600,44.2625625,-0.15921440720558167,9.419387817382812,-0.2890998423099518
1789729873584499700,44.27249975585938,0.06584054976701736,8.749011993408203,-0.38965633511543274
1789729873594436900,44.282436767578126,-0.15442600846290588,8.324639320373535,-0.4423287510871887
1789729873604374000,44.2923740234375,-0.44173020124435425,8.626907348632812,-0.6057330369949341
1789729873614311200,44.30231127929687,-1.0169371366500854,9.278130531311035,-0.5291185975074768
1789729873624248300,44.31224829101563,-1.5771803855895996,9.874884605407715,-0.5069721937179565
1789729873634186000,44.32218603515625,-1.9105730056762695,10.372879028320312,-0.45669397711753845
1789729873644123400,44.33212329101563,-1.8453309535980225,10.54526138305664,-0.3968389332294464
1789729873654060500,44.342060546875,-1.349731206893921,10.415974617004395,-0.3824737071990967
1789729873663997700,44.351997802734374,-0.6859387755393982,10.226832389831543,-0.36332011222839355
1789729873673934800,44.36193481445312,-0.152031809091568,9.99459457397461,-0.22445641458034515
1789729873683872300,44.37187231445313,0.46627077460289,9.75517463684082,0.055665191262960434
1789729873693809400,44.381809326171876,0.8972271084785461,9.536704063415527,0.314238965511322
1789729873703746600,44.39174658203125,1.002571940422058,9.412205696105957,0.3860650360584259
1789729873713683700,44.40168359375,0.8900445103645325,9.462483406066895,0.23044191300868988
1789729873723620900,44.41162084960938,0.4471171796321869,9.671378135681152,0.012569558806717396
1789729873733558000,44.42155810546875,-0.15921440720558167,10.071209907531738,-0.2364274114370346
1789729873743495200,44.4314951171875,-0.6021417379379272,10.54526138305664,-0.4423287510871887
1789729873753433000,44.44143310546875,-0.8804676532745361,10.936115264892578,-0.5267243981361389
1789729873763370000,44.45136987304687,-0.861314058303833,11.242572784423828,-0.47824180126190186
1789729873773307000,44.46130688476563,-0.4321534037590027,11.35509967803955,-0.3274070918560028
1789729873783243800,44.471243896484374,0.3992331326007843,11.134833335876465,-0.22206220030784607
1789729873793180700,44.4811806640625,1.2850877046585083,10.708066940307617,-0.05686229094862938
1789729873803118000,44.4911181640625,1.7980455160140991,10.11669921875,0.2902969419956207
1789729873813055500,44.501055419921876,1.9704279899597168,9.618705749511719,0.5464765429496765
1789729873822993000,44.510992919921875,2.054224967956543,9.266159057617188,0.6039373874664307
1789729873832930300,44.520930419921875,1.889025092124939,8.94773006439209,0.4076128304004669
1789729873842867500,44.53086743164062,1.4287399053573608,8.813654899597168,0.06763619929552078
1789729873852805600,44.5408056640625,0.8206126093864441,8.8878755569458,-0.17657238245010376
1789729873862742800,44.55074267578125,-0.03950432687997818,9.134477615356445,-0.45669397711753845
1789729873872680000,44.56067993164063,-0.7751228213310242,9.515155792236328,-0.667982280254364
1789729873882617000,44.5706171875,-1.1653777360916138,9.824606895446777,-0.8403648138046265
1789729873892554200,44.58055419921875,-1.148618221282959,9.84376049041748,-0.9768342971801758
1789729873902491600,44.59049169921875,-0.568622887134552,9.531915664672852,-1.0773907899856567
1789729873912428800,44.6004287109375,0.3770867586135864,9.12968921661377,-1.1180921792984009
1789729873922366000,44.61036596679688,1.0648212432861328,8.78731918334961,-1.091755986213684
1789729873932303000,44.62030322265625,1.4143747091293335,8.579023361206055,-0.9864110946655273
1789729873942240300,44.630240234375,1.5173252820968628,8.58381175994873,-0.9193734526634216
1789729873952177400,44.64017749023437,1.2970588207244873,8.691550254821777,-0.9241618514060974
1789729873962114600,44.65011450195313,0.9594763517379761,8.859145164489746,-1.0319008827209473
1789729873972052000,44.660052001953126,0.739209771156311,9.057863235473633,-1.1492167711257935
1789729873981989000,44.669989013671874,0.5596446394920349,9.299677848815918,-1.1492167711257935
1789729873991926300,44.67992626953125,0.38905778527259827,9.548674583435059,-1.0199298858642578
1789729874001863400,44.68986352539063,0.47584760189056396,9.795876502990723,-0.7948749661445618
1789729874011800600,44.699800537109375,0.5237316489219666,10.001777648925781,-0.5674257874488831
1789729874021737700,44.70973779296875,0.5500678420066833,10.166977882385254,-0.3298012912273407
1789729874031675000,44.7196748046875,0.7416039705276489,10.143035888671875,-0.12389993667602539
1789729874041612000,44.72961206054688,1.0696096420288086,9.961075782775879,0.02214636653661728
1789729874051549400,44.73954956054688,1.4526818990707397,9.633070945739746,0.2232593148946762
1789729874061486600,44.749486572265624,1.5490485429763794,9.177573204040527,0.436343252658844
1789729874071423700,44.759423828125,1.4526818990707397,8.775347709655762,0.5225345492362976
1789729874081361200,44.76936108398438,1.1007342338562012,8.562263488769531,0.4842272996902466
1789729874091298300,44.77929833984375,0.4950011968612671,8.605359077453613,0.3908534348011017
1789729874101235700,44.789235595703126,-0.1041477769613266,8.837596893310547,0.314238965511322
1789729874111172900,44.7991728515625,-0.7559691667556763,9.208698272705078,0.25917232036590576
1789729874121110300,44.8091103515625,-1.4071919918060303,9.649829864501953,0.23523031175136566
1789729874131047700,44.81904760742187,-1.787870168685913,10.11669921875,0.5057750940322876
1789729874140984800,44.82898486328125,-1.7016788721084595,10.585963249206543,0.9229647517204285
1789729874150922200,44.838922119140626,-1.1677719354629517,10.66018295288086,1.1839327812194824
1789729874160859400,44.848859375,-0.5183446407318115,10.521319389343262,1.0761936902999878
1789729874170796800,44.858796875,0.04908113554120064,10.339360237121582,0.7122750282287598
1789729874180734000,44.86873388671875,0.49978959560394287,10.183736801147461,0.3405751883983612
1789729874190671400,44.87867138671875,0.8469488620758057,9.982624053955078,0.14664486050605774
1789729874200608500,44.8886083984375,0.983418345451355,9.949105262756348,0.07960720360279083
1789729874210546000,44.8985458984375,0.8708908557891846,10.188525199890137,0.1586158573627472
1789729874220483000,44.908483154296874,0.4207809567451477,10.468647003173828,0.31184476613998413
1789729874230420500,44.91842041015625,0.14245499670505524,10.811615943908691,0.39564183354377747
1789729874240358000,44.92835791015625,0.23343466222286224,11.082160949707031,0.6404489278793335
1789729874250295000,44.938294921875,0.7200561761856079,11.352705955505371,0.973242998123169
1789729874260232400,44.948232421875,1.2611457109451294,11.486781120300293,1.4616601467132568
1789729874270169600,44.958169677734375,1.556231141090393,11.503540992736816,1.8381483554840088
1789729874280107000,44.96810693359375,1.6974890232086182,11.273696899414062,1.9841946363449097
1789729874290044200,44.97804418945312,2.006340980529785,10.676942825317383,2.0847511291503906
1789729874299981600,44.98798168945312,2.365471363067627,9.877279281616211,2.161365509033203
1789729874309918700,44.997918701171876,2.5115175247192383,9.201516151428223,2.1733365058898926
1789729874319856400,45.0078564453125,2.343923568725586,8.7298583984375,2.0201077461242676
1789729874329793500,45.01779345703125,1.8818424940109253,8.555081367492676,1.7711106538772583
1789729874339730700,45.02773071289062,1.3401544094085693,8.60775375366211,1.5286977291107178
1789729874349667800,45.03766772460938,0.7511807680130005,8.784924507141113,1.291671872138977
1789729874359605200,45.04760522460938,0.15442600846290588,9.1847562789917,1.0307037830352783
1789729874369542400,45.05754248046875,-0.4345476031303406,9.680954933166504,0.8032546639442444
1789729874379479600,45.0674794921875,-0.823006808757782,9.939528465270996,0.6979097723960876
1789729874389416700,45.07741674804687,-0.7098808288574219,9.850942611694336,0.6117185354232788
1789729874399353900,45.08735375976563,0.0011971008498221636,9.519944190979004,0.6763619780540466
1789729874409291000,45.097291015625,0.8254010081291199,9.009979248046875,0.9133879542350769
1789729874419228200,45.107228271484374,1.3952209949493408,8.538321495056152,1.2437877655029297
1789729874429165300,45.11716528320313,1.7884687185287476,8.33182144165039,1.4927847385406494
1789729874439102700,45.12710278320313,1.8555063009262085,8.315062522888184,1.557428240776062
1789729874449040000,45.137039794921876,1.5705963373184204,8.545504570007324,1.478419542312622
1789729874458977300,45.146977294921875,1.1007342338562012,8.974066734313965,1.315613865852356
1789729874468915200,45.156915283203126,0.6027402877807617,9.512762069702148,1.1336544752120972
1789729874478852400,45.166852294921874,0.2861070930957794,9.913191795349121,1.0833762884140015
1789729874488789500,45.17678955078125,0.34356793761253357,10.054450035095215,1.1432312726974487
1789729874498727000,45.18672680664063,0.8876502513885498,9.973047256469727,1.193509578704834
1789729874508663800,45.196663818359376,1.4862006902694702,9.690531730651855,1.3443442583084106
1789729874518600700,45.2066005859375,1.965639591217041,9.462483406066895,1.2892776727676392
1789729874528537600,45.21653759765625,2.1140801906585693,9.393052101135254,1.1025298833847046
1789729874538474500,45.226474609375,1.8914192914962769,9.39784049987793,0.8846575021743774
1789729874548412000,45.23641186523437,1.512536883354187,9.416994094848633,0.5704185366630554
1789729874558349300,45.24634936523437,1.2443863153457642,9.326014518737793,0.3429693877696991
1789729874568286500,45.25628637695313,1.2563573122024536,9.112930297851562,0.2998737692832947
1789729874578223900,45.26622387695313,1.3114240169525146,8.97885513305664,0.33099839091300964
1789729874588161300,45.27616137695313,1.0863690376281738,9.041104316711426,0.2663549482822418
1789729874598098700,45.2860986328125,0.6745663285255432,9.196727752685547,0.005386953707784414
1789729874608036000,45.2960361328125,0.3627215623855591,9.48882007598877,-0.4255693554878235
1789729874617973500,45.30597338867187,0.020350715145468712,9.800664901733398,-0.6775590777397156
1789729874627911400,45.315911376953125,0.03950432687997818,10.131064414978027,-0.7182605266571045
1789729874637848300,45.32584838867187,0.4950011968612671,10.360907554626465,-0.5722141861915588
1789729874647785000,45.335784912109375,1.2515689134597778,10.451887130737305,-0.33698388934135437
1789729874657721900,45.34572192382812,2.0231003761291504,10.38963794708252,-0.3274070918560028
1789729874667658800,45.35565869140625,2.494758129119873,10.102334022521973,-0.45669397711753845
1789729874677596000,45.365595947265625,2.648585557937622,9.774328231811523,-0.6129156351089478
1789729874687533000,45.37553295898437,2.5330653190612793,9.505578994750977,-0.7182605266571045
1789729874697470700,45.385470703125,2.248155355453491,9.498396873474121,-0.7374141216278076
1789729874707408400,45.39540844726562,1.778891921043396,9.803058624267578,-0.8643068075180054
1789729874717345800,45.405345703125,1.1150994300842285,10.217255592346191,-0.9768342971801758
1789729874727284000,45.415283935546874,0.36750996112823486,10.69130802154541,-1.0606313943862915
1789729874737220900,45.42522094726562,-0.0035913025494664907,10.916961669921875,-0.9888052940368652
1789729874747157500,45.435157470703125,0.21188685297966003,10.861894607543945,-0.7350199222564697
1789729874757094400,45.44509448242187,0.7990648150444031,10.571598052978516,-0.46627077460289
1789729874767031300,45.45503125,1.4167689085006714,10.17176628112793,-0.2555810213088989
1789729874776968400,45.464968505859375,1.8626888990402222,9.93474006652832,-0.03292027488350868
1789729874786905600,45.47490551757812,1.9033904075622559,9.889249801635742,0.08200141042470932
1789729874796843300,45.48484326171875,1.3593080043792725,10.004171371459961,0.053270988166332245
1789729874806781000,45.49478100585937,0.7535749673843384,10.200496673583984,-0.06404489278793335
1789729874816718300,45.50471826171875,0.36990416049957275,10.269927978515625,-0.09277531504631042
1789729874826657300,45.5146572265625,0.2669534981250763,10.243592262268066,-0.05446808785200119
1789729874836592600,45.524592529296875,0.22625206410884857,10.231620788574219,0.010175357572734356
1789729874846528000,45.534528076171874,0.1711854189634323,10.236409187316895,0.14185644686222076
1789729874856464100,45.544464111328125,0.28371289372444153,10.289081573486328,0.28311434388160706
1789729874866400800,45.55440087890625,0.45429977774620056,10.169371604919434,0.46746787428855896
1789729874876338000,45.564337890625,0.7655459642410278,10.011354446411133,0.628477931022644
1789729874886275800,45.57427587890625,1.1174936294555664,9.819818496704102,0.788889467716217
1789729874896214000,45.58421411132812,1.3114240169525146,9.567828178405762,0.8870517015457153
1789729874906152700,45.594152587890626,1.512536883354187,9.299677848815918,0.9421183466911316
1789729874916091400,45.60409130859375,1.7190368175506592,9.096170425415039,0.8750807046890259
1789729874926028800,45.61402880859375,1.824381709098816,9.124900817871094,0.6883329749107361
1789729874935966000,45.62396606445313,1.522712230682373,9.369110107421875,0.5009866952896118
1789729874945903400,45.6339033203125,1.1342530250549316,9.951498985290527,0.2902969419956207
1789729874955840300,45.64384033203125,0.6697779297828674,10.473435401916504,0.2711433470249176
1789729874965777200,45.65377709960938,0.4902127981185913,10.700884819030762,0.37169981002807617
1789729874975714300,45.66371435546875,0.6338648796081543,10.609905242919922,0.4315548539161682
1789729874985651700,45.673651611328125,1.2012907266616821,10.099940299987793,0.536899745464325
1789729874995589400,45.68358935546875,1.9776105880737305,9.326014518737793,0.8678981065750122
1789729875005526800,45.69352685546875,2.718017578125,8.595782279968262,1.2677297592163086
1789729875015464400,45.70346435546875,2.940678119659424,7.989450931549072,1.581370234489441
1789729875025401000,45.71340112304687,2.653373956680298,7.69735860824585,1.677138328552246
1789729875035338500,45.72333837890625,1.9129672050476074,7.704541206359863,1.4425065517425537
1789729875045276000,45.73327587890625,0.6314706802368164,7.939172744750977,0.9564836025238037
1789729875055213300,45.74321337890625,-0.8110358119010925,8.293514251708984,0.30226796865463257
1789729875065150500,45.753150390625,-1.9153614044189453,8.634089469909668,-0.22445641458034515
1789729875075087600,45.76308764648437,-2.2912509441375732,8.818443298339844,-0.4710591733455658
1789729875085024300,45.773024169921875,-2.1571757793426514,8.816049575805664,-0.4686649739742279
1789729875094961000,45.7829609375,-1.9560627937316895,8.839991569519043,-0.4255693554878235
1789729875104897800,45.792897705078126,-1.6561890840530396,8.907029151916504,-0.34177228808403015
1789729875114834700,45.80283471679687,-1.2635399103164673,8.930971145629883,-0.166995570063591
1789729875124772000,45.81277221679687,-0.9115923047065735,9.136872291564941,0.005386953707784414
1789729875134709800,45.82270971679687,-0.801459014415741,9.462483406066895,0.07721300423145294
1789729875144648200,45.832648193359375,-0.7026981711387634,9.834183692932129,0.06524199992418289
1789729875154585900,45.8425859375,-0.38905778527259827,10.26513957977295,-0.0975637212395668
1789729875164523300,45.852523193359374,-0.10893617570400238,10.69370174407959,-0.3968389332294464
1789729875174460200,45.86246020507812,0.0586579404771328,11.12765121459961,-0.7374141216278076
1789729875184397000,45.87239697265625,-0.0802057534456253,11.517906188964844,-1.0055646896362305
1789729875194334200,45.882334228515624,-0.13766659796237946,11.778873443603516,-1.0654197931289673
1789729875204271000,45.89227099609375,0.2932897210121155,11.776479721069336,-0.8475474119186401
1789729875214208000,45.9022080078125,0.9522937536239624,11.489175796508789,-0.2819172441959381
1789729875224145200,45.912145263671874,1.6615760326385498,11.096526145935059,0.39564183354377747
1789729875234082600,45.92208251953125,2.540247917175293,10.715847969055176,1.0067617893218994
1789729875244020000,45.93202001953125,3.0125043392181396,10.356119155883789,1.4425065517425537
1789729875253957400,45.94195727539063,3.1226375102996826,10.126276016235352,1.600523829460144
1789729875263894800,45.95189477539063,2.914341926574707,9.860519409179688,1.5478514432907104
1789729875273832200,45.96183227539063,2.4468741416931152,9.645041465759277,1.3084312677383423
1789729875283769600,45.97176953125,1.7980455160140991,9.519944190979004,0.9157821536064148
1789729875293707000,45.98170703125,1.0696096420288086,9.407417297363281,0.5249287486076355
1789729875303644400,45.99164453125,0.4734533727169037,9.323619842529297,0.24001872539520264
1789729875313581800,46.00158178710937,0.2406172752380371,9.235034942626953,0.053270988166332245
1789729875323519200,46.01151928710937,0.4279635548591614,9.062651634216309,-0.011372458189725876
1789729875333456400,46.02145629882813,0.9570821523666382,8.720281600952148,0.012569558806717396
1789729875343393800,46.03139379882813,1.4933832883834839,8.429984092712402,-0.025737667456269264
1789729875353331000,46.0413310546875,1.8555063009262085,8.224082946777344,-0.10953472554683685
1789729875363268000,46.05126806640625,2.207453966140747,8.118738174438477,-0.25318682193756104
1789729875373205200,46.06120532226562,2.27209734916687,8.219294548034668,-0.43754035234451294
1789729875383142400,46.071142333984376,2.161964178085327,8.523956298828125,-0.6416460275650024
1789729875393080300,46.08108032226563,1.7310078144073486,8.986037254333496,-0.8140285611152649
1789729875403017000,46.09101684570312,1.0360907316207886,9.5007905960083,-0.9576807022094727
1789729875412953300,46.100953369140626,0.557250440120697,10.001777648925781,-1.137245774269104
1789729875422890000,46.11088989257812,0.739209771156311,10.286687850952148,-1.094150185585022
1789729875432827000,46.12082690429688,1.2324153184890747,10.198101997375488,-0.9050082564353943
1789729875442763800,46.130763671875,1.900996208190918,9.965864181518555,-0.6607996821403503
1789729875452701200,46.140701171875,2.5737667083740234,9.680954933166504,-0.4183867573738098
1789729875462638600,46.150638671875,3.0101101398468018,9.510367393493652,-0.1933317929506302
1789729875472576500,46.16057641601562,3.3955764770507812,9.443329811096191,-0.025737667456269264
1789729875482514400,46.170514404296874,3.5895068645477295,9.268553733825684,0.050876785069704056
1789729875492452400,46.180452392578125,3.5224692821502686,9.088988304138184,-0.03292027488350868
1789729875502389800,46.1903896484375,3.338115692138672,9.065046310424805,-0.15741875767707825
1789729875512327200,46.2003271484375,3.0316579341888428,9.043498039245605,-0.18136078119277954
1789729875522264300,46.21026440429687,2.609679937362671,9.12729549407959,-0.2819172441959381
1789729875532201500,46.22020141601563,2.365471363067627,9.19433307647705,-0.3992331326007843
1789729875542138600,46.230138671875,2.5019407272338867,9.117718696594238,-0.4279635548591614
1789729875552075800,46.24007568359375,2.5905263423919678,9.048286437988281,-0.4016273319721222
1789729875562013000,46.25001293945313,2.6216509342193604,9.10574722290039,-0.4040215313434601
1789729875571950000,46.2599501953125,2.6581623554229736,9.292495727539062,-0.3944447338581085
1789729875581887500,46.269887451171876,2.5761611461639404,9.462483406066895,-0.43514615297317505
1789729875591824600,46.27982470703125,2.626439332962036,9.599552154541016,-0.4710591733455658
1789729875601761800,46.28976171875,2.9239187240600586,9.678560256958008,-0.4423287510871887
1789729875611699000,46.29969897460938,3.290231704711914,9.676166534423828,-0.2579752206802368
1789729875621636000,46.309635986328125,3.601477861404419,9.668983459472656,-0.15502455830574036
1789729875631573200,46.3195732421875,3.757101058959961,9.695320129394531,-0.17178396880626678
1789729875641510400,46.32951049804687,3.618237257003784,9.889249801635742,-0.284311443567276
1789729875651447600,46.33944750976563,3.1729156970977783,10.26274585723877,-0.497395396232605
1789729875661385000,46.349385009765626,2.63362193107605,10.782885551452637,-0.6153098344802856
1789729875671322000,46.359322021484374,2.2673089504241943,11.216236114501953,-0.6129156351089478
1789729875681259500,46.36925952148437,2.2385785579681396,11.513117790222168,-0.6129156351089478
1789729875691196700,46.37919677734375,2.5067291259765625,11.541848182678223,-0.6129156351089478
1789729875701134000,46.38913403320313,3.1250317096710205,11.13962173461914,-0.5339069962501526
1789729875711071200,46.3990712890625,3.8606503009796143,10.47822380065918,-0.375291109085083
1789729875721008600,46.409008544921875,4.389768600463867,9.757569313049316,-0.09516951441764832
1789729875730945800,46.41894580078125,4.480748653411865,9.134477615356445,0.25917232036590576
1789729875740883200,46.42888330078125,4.301183223724365,8.665214538574219,0.7003039717674255
1789729875750820400,46.4388203125,3.9444472789764404,8.391676902770996,1.138442873954773
1789729875760757800,46.4487578125,3.287837505340576,8.456320762634277,1.404199242591858
1789729875770695000,46.45869482421875,2.279279947280884,8.861538887023926,1.3898340463638306
1789729875780632300,46.46863232421875,1.062427043914795,9.452906608581543,1.1240776777267456
1789729875790569700,46.47856982421875,-0.0347159244120121,10.181343078613281,0.8056488633155823
1789729875800507000,46.4885068359375,-0.8517372608184814,10.849923133850098,0.4531026780605316
1789729875810444300,46.4984443359375,-1.1079168319702148,11.086949348449707,0.2663549482822418
1789729875820381400,46.50838134765625,-0.4225766062736511,10.823587417602539,0.35254621505737305
1789729875830318800,46.51831884765625,0.7463923692703247,10.169371604919434,0.8224082589149475
1789729875840256000,46.52825610351562,1.8052281141281128,9.43135929107666,1.279700756072998
1789729875850193400,46.538193359375,2.6360161304473877,8.859145164489746,1.6292542219161987
1789729875860130600,46.54813061523438,3.089118719100952,8.327033042907715,1.8189947605133057
1789729875870068000,46.55806787109375,3.024475336074829,7.9415669441223145,1.7782933712005615
1789729875880005000,46.568005126953125,2.58813214302063,7.800309181213379,1.5454572439193726
1789729875889942500,46.577942626953124,1.8698714971542358,7.7883381843566895,1.2030863761901855
1789729875899880000,46.5878798828125,1.1127052307128906,7.91283655166626,0.8439561128616333
1789729875909817000,46.59781713867188,0.5404910445213318,8.070854187011719,0.6165069341659546
1789729875919754500,46.60775439453125,0.03950432687997818,8.317456245422363,0.5440823435783386
1789729875929691600,46.617691650390626,-0.46567222476005554,8.614935874938965,0.5057750940322876
1789729875939629000,46.627629150390625,-0.6955155730247498,8.828020095825195,0.49619829654693604
1789729875949566200,46.63756616210937,-0.6643909811973572,8.861538887023926,0.5153518915176392
1789729875959504000,46.64750390625,-0.5135562419891357,8.866327285766602,0.5392939448356628
1789729875969441300,46.65744116210937,-0.37229835987091064,8.918999671936035,0.5201402902603149
1789729875979378400,46.66737841796875,-0.4345476031303406,9.103353500366211,0.4291606545448303
1789729875989314800,46.67731469726562,-0.7703344225883484,9.3643217086792,0.2735375463962555
1789729875999251700,46.68725170898438,-1.0480618476867676,9.604340553283691,0.041299980133771896
1789729876009188900,46.69718896484375,-1.1174936294555664,9.767146110534668,-0.1430535465478897
1789729876019127000,46.707126953125,-1.0767922401428223,9.951498985290527,-0.284311443567276
1789729876029065000,46.71706494140625,-0.9020155072212219,10.092757225036621,-0.444722980260849
1789729876039002000,46.72700219726563,-0.5446808934211731,10.183736801147461,-0.586579442024231
1789729876048939300,46.736939208984374,0.07541735470294952,10.188525199890137,-0.7086837291717529
1789729876058876400,46.74687646484375,0.7344213724136353,10.119093894958496,-0.6440402865409851
1789729876068813600,46.7568134765625,1.2228385210037231,10.090363502502441,-0.4878185987472534
1789729876078750700,46.766750732421876,1.4191631078720093,10.226832389831543,-0.43035775423049927
1789729876088687900,46.77668798828125,1.2874820232391357,10.56680965423584,-0.5069721937179565
1789729876098625300,46.78662524414062,1.0001777410507202,11.098920822143555,-0.5985504388809204
1789729876108562400,46.7965625,0.8756792545318604,11.481992721557617,-0.7350199222564697
1789729876118500400,46.80650024414062,1.2012907266616821,11.49875259399414,-0.7589619159698486
1789729876128437500,46.8164375,1.7764976024627686,11.295245170593262,-0.5937620401382446
1789729876138374700,46.826374755859376,2.252943754196167,11.21863079071045,-0.45908817648887634
1789729876148312000,46.83631201171875,2.492363929748535,11.386224746704102,-0.38965633511543274
1789729876158249200,46.84624926757812,2.6168625354766846,11.553818702697754,-0.29867666959762573
1789729876168186400,46.85618627929688,2.8568811416625977,11.582549095153809,-0.1215057373046875
1789729876178123800,46.86612377929688,3.139396905899048,11.438897132873535,0.07960720360279083
1789729876188061200,46.87606127929688,3.4745852947235107,11.12765121459961,0.32620999217033386
1789729876197998300,46.885998291015625,3.824737310409546,10.737396240234375,0.536899745464325
1789729876207935500,46.895935546875,4.0569748878479,10.305841445922852,0.7410054206848145
1789729876217872600,46.90587255859375,4.169502258300781,9.841365814208984,0.9253589510917664
1789729876227809800,46.91580981445313,4.0545806884765625,9.421782493591309,0.9995791912078857
1789729876237747000,46.925746826171874,3.8319199085235596,9.041104316711426,0.9445125460624695
1789729876247684000,46.93568408203125,3.560776472091675,8.634089469909668,0.8655039072036743
1789729876257621200,46.94562133789063,3.2184057235717773,8.259995460510254,0.7817068696022034
1789729876267558700,46.95555859375,2.782660961151123,8.054094314575195,0.5656301379203796
1789729876277495800,46.965495849609376,2.2409727573394775,7.99184513092041,0.30226796865463257
1789729876287433000,46.97543286132812,1.5825673341751099,8.044517517089844,0.06763619929552078
1789729876297370000,46.9853701171875,1.0097545385360718,8.183381080627441,-0.15023615956306458
1789729876307307300,46.99530737304688,0.6506243348121643,8.339004516601562,-0.262763649225235
1789729876317244400,47.005244384765625,0.5764040350914001,8.379706382751465,-0.284311443567276
1789729876327181600,47.015181640625,0.7344213724136353,8.379706382751465,-0.2388216257095337
1789729876337119000,47.02511889648437,1.083974838256836,8.362946510314941,-0.06165069341659546
1789729876347056000,47.03505615234375,1.53707754611969,8.2312650680542,0.2256535142660141
1789729876356993500,47.04499365234375,2.0254945755004883,8.063671112060547,0.46507367491722107
1789729876366930700,47.0549306640625,2.360682964324951,7.977479934692383,0.579995334148407
1789729876376868000,47.0648681640625,2.604891538619995,7.91283655166626,0.6739677786827087
1789729876386805200,47.07480517578125,2.7754783630371094,7.888894557952881,0.6859387755393982
1789729876396742700,47.08474267578125,2.7060465812683105,7.910442352294922,0.6643909811973572
1789729876406679800,47.0946796875,2.65097975730896,8.01339340209961,0.5273229479789734
1789729876416617200,47.1046171875,2.4588451385498047,8.178592681884766,0.5033808946609497
1789729876426554600,47.1145546875,2.2026655673980713,8.429984092712402,0.4626794755458832
1789729876436491800,47.12449169921875,2.0374655723571777,8.7083101272583,0.4315548539161682
1789729876446429200,47.13442919921875,2.030282974243164,8.930971145629883,0.38127660751342773
1789729876456366300,47.14436645507813,2.049436569213867,9.057863235473633,0.314238965511322
1789729876466303700,47.1543037109375,2.1140801906585693,9.110535621643066,0.24001872539520264
1789729876476241000,47.164240966796875,2.1547815799713135,9.16081428527832,0.14425064623355865
1789729876486178300,47.17417822265625,2.0446481704711914,9.196727752685547,0.11312603205442429
1789729876496115500,47.18411547851562,2.006340980529785,9.280524253845215,0.1346738487482071
1789729876506052900,47.19405297851562,1.9728221893310547,9.381080627441406,0.21847090125083923
1789729876515990000,47.203989990234376,1.8483237028121948,9.472060203552246,0.28790274262428284
1789729876525927400,47.213927490234376,1.6711528301239014,9.649829864501953,0.26156654953956604
1789729876535864800,47.22386474609375,1.4742296934127808,9.87967300415039,0.22086510062217712
1789729876545802000,47.23380200195312,1.490989089012146,10.066421508789062,0.21607670187950134
1789729876555739400,47.24373950195312,1.7908629179000854,10.109517097473145,0.33099839091300964
1789729876565676500,47.25367651367188,2.188300371170044,10.008959770202637,0.4842272996902466
1789729876575614000,47.26361401367188,2.494758129119873,9.855731010437012,0.558447539806366
1789729876585551000,47.273551025390624,2.6844985485076904,9.75517463684082,0.44831427931785583
1789729876595488500,47.283488525390624,2.761113166809082,9.728838920593262,0.19692309200763702
1789729876605425700,47.29342578125,2.646191358566284,9.877279281616211,-0.08080431073904037
1789729876615363000,47.30336303710938,2.2242133617401123,10.257957458496094,-0.3705027103424072
1789729876625300200,47.31330029296875,1.7190368175506592,10.69130802154541,-0.667982280254364
1789729876635237600,47.323237548828125,1.4000093936920166,10.974422454833984,-0.912190854549408
1789729876645175000,47.333175048828124,1.488594889640808,11.170746803283691,-1.1348515748977661
1789729876655112700,47.34311279296875,1.867477297782898,11.065402030944824,-1.0965443849563599
1789729876665050000,47.35305004882812,2.1332337856292725,10.854711532592773,-0.849941611289978
1789729876674987500,47.36298754882812,2.233790159225464,10.547656059265137,-0.4710591733455658
1789729876684924400,47.37292431640625,2.1116859912872314,10.107122421264648,0.04369417950510979
1789729876694861600,47.382861572265625,1.8794482946395874,9.657012939453125,0.44352585077285767
1789729876704798700,47.392798828125,1.6927006244659424,9.337985038757324,0.7481880187988281
1789729876714736000,47.40273608398437,1.4646528959274292,9.136872291564941,0.910993754863739
1789729876724673300,47.41267333984375,0.9163807034492493,9.141660690307617,0.8319851160049438
1789729876734611000,47.42261083984375,0.1496376097202301,9.239823341369629,0.6715735793113708
1789729876744548000,47.432548095703126,-0.6117185354232788,9.287707328796387,0.4770447015762329
1789729876754485200,47.4424853515625,-1.1127052307128906,9.27334213256836,0.2735375463962555
1789729876764422100,47.45242211914063,-1.1773487329483032,9.227851867675781,0.1346738487482071
1789729876774359300,47.462359375,-0.9427168965339661,9.16081428527832,0.06524199992418289
1789729876784296400,47.47229638671875,-0.606930136680603,9.067440032958984,0.01735796220600605
1789729876794233900,47.48223388671875,-0.3148375153541565,9.065046310424805,-0.030526071786880493
1789729876804171800,47.492171875,-0.0802057534456253,9.110535621643066,-0.08319851011037827
1789729876814109200,47.502109130859374,0.10175357013940811,9.225458145141602,-0.10953472554683685
1789729876824046300,47.51204638671875,0.23822307586669922,9.354744911193848,-0.08798690885305405
1789729876833983500,47.5219833984375,0.2454056739807129,9.52473258972168,-0.11192893236875534
1789729876843920600,47.531920654296876,0.21428105235099792,9.767146110534668,-0.17417816817760468
1789729876853858300,47.5418583984375,0.18315643072128296,10.016142845153809,-0.15263035893440247
1789729876863795500,47.55179541015625,0.1711854189634323,10.145429611206055,-0.04728548228740692
1789729876873732600,47.56173266601562,0.24779987335205078,10.17416000366211,0.12988543510437012
1789729876883670000,47.571669921875,0.49978959560394287,10.157401084899902,0.40043023228645325
1789729876893607700,47.58160766601563,0.7846996188163757,10.097545623779297,0.7936778664588928
1789729876903544300,47.59154443359375,0.9929951429367065,10.013748168945312,1.1552022695541382
1789729876913481000,47.60148095703125,1.0504560470581055,10.016142845153809,1.3634978532791138
1789729876923417600,47.61141748046875,0.961870551109314,10.008959770202637,1.337161660194397
1789729876933355000,47.62135498046875,0.8684966564178467,9.774328231811523,1.1959037780761719
1789729876943292700,47.631292724609374,0.7990648150444031,9.287707328796387,0.970848798751831
1789729876953231000,47.64123120117188,0.6817489266395569,8.777742385864258,0.7026981711387634
1789729876963168000,47.65116796875,0.5740098357200623,8.300697326660156,0.517746090888977
1789729876973105000,47.66110498046875,0.48303020000457764,7.90086555480957,0.4339490532875061
1789729876983042000,47.6710419921875,0.3992331326007843,7.704541206359863,0.2998737692832947
1789729876992979000,47.68097900390625,0.29568392038345337,7.723694801330566,0.35015198588371277
1789729877002916000,47.690916015625,0.21188685297966003,7.817068576812744,0.6165069341659546
1789729877012853200,47.70085327148438,0.2190694510936737,8.02536392211914,0.9373299479484558
1789729877022790700,47.710790771484376,0.17836803197860718,8.406042098999023,1.215057373046875
1789729877032728000,47.72072802734375,-0.13287819921970367,8.808866500854492,1.382651448249817
1789729877042665500,47.73066552734375,-0.5566518902778625,9.151237487792969,1.40180504322052
1789729877052603000,47.74060278320312,-0.8086416125297546,9.436147689819336,1.291671872138977
1789729877062540300,47.75054028320312,-0.9858125448226929,9.666589736938477,1.116895079612732
1789729877072477700,47.76047778320312,-0.9331400990486145,9.743204116821289,0.9923965930938721
1789729877082415000,47.7704150390625,-0.6667851805686951,9.745597839355469,0.9062053561210632
1789729877092352500,47.7803525390625,-0.4106055796146393,9.731232643127441,0.8152256608009338
1789729877102290000,47.7902900390625,-0.19273324310779572,9.822212219238281,0.7194576263427734
1789729877112227300,47.800227294921875,0.04908113554120064,9.917980194091797,0.6356605291366577
1789729877122164500,47.81016455078125,0.3292027413845062,9.977835655212402,0.5943605899810791
1789729877132102000,47.82010180664062,0.7296329736709595,9.929951667785645,0.6572083830833435
1789729877142039000,47.8300390625,1.2587515115737915,9.657012939453125,0.8319851160049438
1789729877151976400,47.8399765625,1.8770540952682495,9.158419609069824,1.0570400953292847
1789729877161913600,47.84991357421875,2.367865562438965,8.61972427368164,1.3108254671096802
1789729877171850800,47.85985083007812,2.6192567348480225,8.063671112060547,1.5143325328826904
1789729877181788000,47.86978784179688,2.6168625354766846,7.55131196975708,1.5646108388900757
1789729877191725000,47.87972509765625,2.31758713722229,7.107786178588867,1.382651448249817
1789729877201662200,47.889662109375,1.8986018896102905,6.796540260314941,1.136048674583435
1789729877211599400,47.89959936523437,1.4167689085006714,6.573879241943359,0.93254154920578
1789729877221536500,47.90953662109375,0.8924387097358704,6.540360450744629,0.669179379940033
1789729877231474000,47.91947387695313,0.2908954918384552,6.743867874145508,0.3645172119140625
1789729877241411000,47.9294111328125,-0.1975216418504715,7.023989200592041,0.1538274586200714
1789729877251348200,47.93934814453125,-0.4297592043876648,7.227496147155762,0.0293289702385664
1789729877261285400,47.94928540039062,-0.34835633635520935,7.371747016906738,-0.04249707981944084
1789729877271222500,47.959222412109376,-0.02274491637945175,7.462726593017578,-0.04967968538403511
1789729877281159700,47.96915966796875,0.3196259140968323,7.47230339050293,-0.076015904545784
1789729877291097000,47.97909716796875,0.6338648796081543,7.5417351722717285,-0.20051439106464386
1789729877301034200,47.9890341796875,0.9929951429367065,7.594407558441162,-0.2867056429386139
1789729877310971600,47.9989716796875,1.3425486087799072,7.6566572189331055,-0.3705027103424072
1789729877320908800,48.00890869140625,1.5442601442337036,7.829039573669434,-0.43993455171585083
1789729877330846200,48.01884619140625,1.5077484846115112,8.128314971923828,-0.47824180126190186
1789729877340783600,48.02878369140625,1.3162124156951904,8.49522590637207,-0.5045779943466187
1789729877350720800,48.038720703125,1.1677719354629517,8.89026927947998,-0.4950011968612671
1789729877360658200,48.048658203125,1.1366472244262695,9.270947456359863,-0.444722980260849
1789729877370595300,48.05859521484375,1.1127052307128906,9.66419506072998,-0.3321954905986786
1789729877380532700,48.06853271484375,0.9858125448226929,10.11430549621582,-0.22924481332302094
1789729877390470000,48.078469970703125,0.8373720645904541,10.585963249206543,-0.2555810213088989
1789729877400407300,48.0884072265625,0.7152677774429321,11.051036834716797,-0.2890998423099518
1789729877410344400,48.09834448242187,0.6386532783508301,11.489175796508789,-0.2890998423099518
1789729877420281900,48.10828173828125,0.6769605278968811,11.841721534729004,-0.2819172441959381
1789729877430219000,48.118218994140626,0.8038532137870789,12.057199478149414,-0.3274070918560028
1789729877440156400,48.128156494140626,1.002571940422058,12.124237060546875,-0.3824737071990967
1789729877450093800,48.13809375,1.3593080043792725,12.011710166931152,-0.3489548861980438
1789729877460031200,48.14803125,1.843535304069519,11.68071174621582,-0.15023615956306458
1789729877469969000,48.157968994140624,2.3798365592956543,11.209053993225098,0.19213469326496124
1789729877479906600,48.167906494140624,2.9215245246887207,10.626664161682129,0.6308721303939819
1789729877489844000,48.17784399414062,3.4961330890655518,10.08078670501709,1.092953085899353
1789729877499781000,48.18778100585938,3.973177671432495,9.543886184692383,1.5071499347686768
1789729877509718500,48.19771850585938,4.219780445098877,9.09377670288086,1.7274165153503418
1789729877519655700,48.20765576171875,4.222174644470215,8.76337718963623,1.73519766330719
1789729877529592300,48.21759228515625,3.9420530796051025,8.531139373779297,1.7178397178649902
1789729877539529500,48.22752954101563,3.3285388946533203,8.422801971435547,1.5191209316253662
1789729877549466600,48.237466552734375,2.535459518432617,8.502408981323242,1.1647791862487793
1789729877559403500,48.24740356445312,1.6328455209732056,8.689156532287598,0.8415619134902954
1789729877569341000,48.2573408203125,0.9068039059638977,8.933364868164062,0.6015431880950928
1789729877579278000,48.26727807617188,0.5141547918319702,9.074623107910156,0.4554968774318695
1789729877589215500,48.277215576171876,0.4854243993759155,9.000402450561523,0.436343252658844
1789729877599153700,48.28715356445313,0.7487865686416626,8.792107582092285,0.5249287486076355
1789729877609091300,48.29709130859375,1.1318588256835938,8.521562576293945,0.6308721303939819
1789729877619028500,48.30702856445313,1.3569138050079346,8.274360656738281,0.729034423828125
1789729877628966000,48.3169658203125,1.3640964031219482,8.188169479370117,0.690727174282074
1789729877638903000,48.326903076171874,1.1414356231689453,8.236053466796875,0.5895721912384033
1789729877648840400,48.33684033203125,0.8661024570465088,8.343792915344238,0.5249287486076355
1789729877658777600,48.34677758789063,0.46148237586021423,8.471283912658691,0.5752069354057312
1789729877668714800,48.35671484375,-0.013168109580874443,8.693944931030273,0.5105634927749634
1789729877678652000,48.36665185546875,-0.39624038338661194,8.87829875946045,0.30466216802597046
1789729877688589000,48.37658911132812,-0.5590460896492004,9.017162322998047,0.06524199992418289
1789729877698526200,48.38652612304688,-0.35075053572654724,9.16081428527832,-0.0065840547904372215
1789729877708463400,48.39646337890625,-0.015562310814857483,9.1632080078125,0.18734627962112427
1789729877718400800,48.40640087890625,0.535702645778656,9.337985038757324,0.2783259451389313
1789729877728338000,48.416337890625,1.026513934135437,9.493608474731445,0.5033808946609497
1789729877738275600,48.426275634765624,1.3425486087799072,9.66419506072998,0.7601590156555176
1789729877748213200,48.43621313476562,1.5203180313110352,9.874884605407715,0.851138710975647
1789729877758150400,48.446150390625,1.5538369417190552,10.20528507232666,0.8391677141189575
1789729877768086300,48.45608618164062,1.301847219467163,10.597933769226074,0.812831461429596
1789729877778022100,48.46602221679687,0.8732850551605225,11.144410133361816,0.5488707423210144
1789729877787958800,48.475958740234375,0.3124433159828186,11.735777854919434,0.33339259028434753
1789729877797895700,48.48589575195312,-0.09217676520347595,12.251130104064941,0.1538274586200714
1789729877807833300,48.49583325195312,-0.16400282084941864,12.593501091003418,0.21607670187950134
1789729877817771300,48.505771240234374,-0.008379706181585789,12.6150484085083,0.6189011335372925
1789729877827709700,48.51570971679688,0.34356793761253357,12.495338439941406,1.1504138708114624
1789729877837648000,48.52564794921875,0.7200561761856079,12.289437294006348,1.7130513191223145
